obs_wl_vac(nm),ritz_wl_vac(nm),unc_ritz_wl,intens,Aki(s^-1),Acc,Ei(eV),Ek(eV),conf_i,term_i,J_i,conf_k,term_k,J_k,Type,tp_ref,line_ref,
"=""80.2859""","=""""","=""""","=""20""","=""""",,"=""""","=""""","=""""","=""""","=""""","=""""","=""""","=""""",,"=""""","=""L2131""",
"=""80.6471""","=""""","=""""","=""100""","=""""",,"=""""","=""""","=""""","=""""","=""""","=""""","=""""","=""""",,"=""""","=""L2131""",
"=""80.6869""","=""""","=""""","=""60""","=""""",,"=""""","=""""","=""""","=""""","=""""","=""""","=""""","=""""",,"=""""","=""L2131""",
"=""80.7218""","=""""","=""""","=""30""","=""""",,"=""""","=""""","=""""","=""""","=""""","=""""","=""""","=""""",,"=""""","=""L2131""",
"=""80.7653""","=""""","=""""","=""40""","=""""",,"=""""","=""""","=""""","=""""","=""""","=""""","=""""","=""""",,"=""""","=""L2131""",
"=""80.9927""","=""""","=""""","=""50""","=""""",,"=""""","=""""","=""""","=""""","=""""","=""""","=""""","=""""",,"=""""","=""L2131""",
"=""81.6232""","=""""","=""""","=""120""","=""""",,"=""""","=""""","=""""","=""""","=""""","=""""","=""""","=""""",,"=""""","=""L2131""",
"=""81.6464""","=""""","=""""","=""70""","=""""",,"=""""","=""""","=""""","=""""","=""""","=""""","=""""","=""""",,"=""""","=""L2131""",
"=""82.0124""","=""""","=""""","=""80""","=""""",,"=""""","=""""","=""""","=""""","=""""","=""""","=""""","=""""",,"=""""","=""L2131""",
"=""82.5346""","=""""","=""""","=""120""","=""""",,"=""""","=""""","=""""","=""""","=""""","=""""","=""""","=""""",,"=""""","=""L2131""",
"=""82.6365""","=""""","=""""","=""120""","=""""",,"=""""","=""""","=""""","=""""","=""""","=""""","=""""","=""""",,"=""""","=""L2131""",
"=""83.4392""","=""""","=""""","=""150""","=""""",,"=""""","=""""","=""""","=""""","=""""","=""""","=""""","=""""",,"=""""","=""L2131""",
"=""83.5002""","=""""","=""""","=""100""","=""""",,"=""""","=""""","=""""","=""""","=""""","=""""","=""""","=""""",,"=""""","=""L2131""",
"=""84.2805""","=""""","=""""","=""100""","=""""",,"=""""","=""""","=""""","=""""","=""""","=""""","=""""","=""""",,"=""""","=""L2131""",
"=""86.6800""","=""86.680000""","=""""","=""180""","=""3.13e+08""",C+,"=""0.00000000""","=""14.3036684""","=""3s2.3p6""","=""1S""","=""0""","=""3s2.3p5.(2P*<1/2>).3d""","=""2[3/2]*""","=""1""",,"=""T1355,T1618n""","=""L2131""",
"=""86.9754""","=""86.975415""","=""""","=""150""","=""3.50e+07""",C,"=""0.00000000""","=""14.2550856""","=""3s2.3p6""","=""1S""","=""0""","=""3s2.3p5.(2P*<1/2>).5s""","=""2[1/2]*""","=""1""",,"=""T1355,T1618n,T1372""","=""L2131""",
"=""87.6058""","=""87.605770""","=""""","=""180r""","=""2.70e+08""",C+,"=""0.00000000""","=""14.1525151""","=""3s2.3p6""","=""1S""","=""0""","=""3s2.3p5.(2P*<3/2>).3d""","=""2[3/2]*""","=""1""",,"=""T1355,T1618n""","=""L2131""",
"=""87.9947""","=""87.994660""","=""""","=""180r""","=""7.7e+07""",C,"=""0.00000000""","=""14.0899685""","=""3s2.3p6""","=""1S""","=""0""","=""3s2.3p5.(2P*<3/2>).5s""","=""2[3/2]*""","=""1""",,"=""T1355,T1618n,T1372""","=""L2131""",
"=""89.4310""","=""89.43102""","=""0.00004""","=""150""","=""""",,"=""0.00000000""","=""13.8636686""","=""3s2.3p6""","=""1S""","=""0""","=""3s2.3p5.(2P*<3/2>).3d""","=""2[1/2]*""","=""1""",,"=""""","=""L2131""",
"=""104.8220""","=""104.8219924""","=""""","=""1000r""","=""5.32e+08""",AA,"=""0.00000000""","=""11.82807116""","=""3s2.3p6""","=""1S""","=""0""","=""3s2.3p5.(2P*<1/2>).4s""","=""2[1/2]*""","=""1""",,"=""T7574""","=""L2131""",
"=""106.6660""","=""106.6659865""","=""""","=""500r""","=""1.320e+08""",A+,"=""0.00000000""","=""11.62359272""","=""3s2.3p6""","=""1S""","=""0""","=""3s2.3p5.(2P*<3/2>).4s""","=""2[3/2]*""","=""1""",,"=""T7574""","=""L2131""",
obs_wl_air(nm),ritz_wl_air(nm),unc_ritz_wl,intens,Aki(s^-1),Acc,Ei(eV),Ek(eV),conf_i,term_i,J_i,conf_k,term_k,J_k,Type,tp_ref,line_ref,
"=""320.037""","=""""","=""""","=""8""","=""""",,"=""""","=""""","=""""","=""""","=""""","=""""","=""""","=""""",,"=""""","=""L2131""",
"=""331.934""","=""""","=""""","=""7""","=""""",,"=""""","=""""","=""""","=""""","=""""","=""""","=""""","=""""",,"=""""","=""L3512""",
"=""337.347""","=""""","=""""","=""7""","=""""",,"=""""","=""""","=""""","=""""","=""""","=""""","=""""","=""""",,"=""""","=""L3512""",
"=""339.373""","=""""","=""""","=""7""","=""""",,"=""""","=""""","=""""","=""""","=""""","=""""","=""""","=""""",,"=""""","=""L3512""",
"=""""","=""340.61804""","=""""","=""""","=""3.9e+05""",D,"=""11.82807116""","=""15.4670046""","=""3s2.3p5.(2P*<1/2>).4s""","=""2[1/2]*""","=""1""","=""3s2.3p5.(2P*<1/2>).7p""","=""2[1/2]""","=""0""",,"=""T1086n""","=""""",
"=""346.107""","=""346.10783""","=""""","=""7""","=""6.7e+04""",D,"=""11.62359272""","=""15.2048089""","=""3s2.3p5.(2P*<3/2>).4s""","=""2[3/2]*""","=""1""","=""3s2.3p5.(2P*<1/2>).6p""","=""2[3/2]""","=""2""",,"=""T1086n""","=""L3512""",
"=""355.4306""","=""355.43055""","=""""","=""7""","=""2.7e+05""",D,"=""11.54835442""","=""15.0356402""","=""3s2.3p5.(2P*<3/2>).4s""","=""2[3/2]*""","=""2""","=""3s2.3p5.(2P*<3/2>).6p""","=""2[3/2]""","=""2""",,"=""T1086n""","=""L2634""",
"=""""","=""356.32859""","=""""","=""""","=""1.2e+05""",D,"=""11.72316039""","=""15.2016576""","=""3s2.3p5.(2P*<1/2>).4s""","=""2[1/2]*""","=""0""","=""3s2.3p5.(2P*<1/2>).6p""","=""2[3/2]""","=""1""",,"=""T1086n""","=""""",
"=""""","=""356.76560""","=""""","=""""","=""1.1e+05""",D,"=""11.54835442""","=""15.0225909""","=""3s2.3p5.(2P*<3/2>).4s""","=""2[3/2]*""","=""2""","=""3s2.3p5.(2P*<3/2>).6p""","=""2[5/2]""","=""3""",,"=""T1086n""","=""""",
"=""""","=""357.22953""","=""""","=""""","=""5.1e+05""",D,"=""11.82807116""","=""15.2977958""","=""3s2.3p5.(2P*<1/2>).4s""","=""2[1/2]*""","=""1""","=""3s2.3p5.(2P*<3/2>).7p""","=""2[1/2]""","=""0""",,"=""T1086n""","=""""",
"=""360.6522""","=""360.65217""","=""""","=""7""","=""7.6e+05""",D,"=""11.62359272""","=""15.0603901""","=""3s2.3p5.(2P*<3/2>).4s""","=""2[3/2]*""","=""1""","=""3s2.3p5.(2P*<3/2>).6p""","=""2[1/2]""","=""0""",,"=""T1086n""","=""L2634""",
"=""""","=""363.26829""","=""""","=""""","=""6.6e+04""",D,"=""11.62359272""","=""15.0356402""","=""3s2.3p5.(2P*<3/2>).4s""","=""2[3/2]*""","=""1""","=""3s2.3p5.(2P*<3/2>).6p""","=""2[3/2]""","=""2""",,"=""T1086n""","=""""",
"=""""","=""363.44600""","=""""","=""""","=""1.3e+05""",D,"=""11.62359272""","=""15.0339719""","=""3s2.3p5.(2P*<3/2>).4s""","=""2[3/2]*""","=""1""","=""3s2.3p5.(2P*<3/2>).6p""","=""2[3/2]""","=""1""",,"=""T1086n""","=""""",
"=""""","=""364.31163""","=""""","=""""","=""2.4e+04""",D,"=""11.62359272""","=""15.0258688""","=""3s2.3p5.(2P*<3/2>).4s""","=""2[3/2]*""","=""1""","=""3s2.3p5.(2P*<3/2>).6p""","=""2[5/2]""","=""2""",,"=""T1086n""","=""""",
"=""""","=""364.98317""","=""""","=""""","=""8.0e+05""",D,"=""11.82807116""","=""15.2240875""","=""3s2.3p5.(2P*<1/2>).4s""","=""2[1/2]*""","=""1""","=""3s2.3p5.(2P*<1/2>).6p""","=""2[1/2]""","=""0""",,"=""T1086n""","=""""",
"=""""","=""365.95291""","=""""","=""""","=""4.4e+04""",D,"=""11.62359272""","=""15.0106102""","=""3s2.3p5.(2P*<3/2>).4s""","=""2[3/2]*""","=""1""","=""3s2.3p5.(2P*<3/2>).6p""","=""2[1/2]""","=""1""",,"=""T1086n""","=""""",
"=""""","=""367.06701""","=""""","=""""","=""3.1e+04""",D,"=""11.82807116""","=""15.2048089""","=""3s2.3p5.(2P*<1/2>).4s""","=""2[1/2]*""","=""1""","=""3s2.3p5.(2P*<1/2>).6p""","=""2[3/2]""","=""2""",,"=""T1086n""","=""""",
"=""""","=""367.52352""","=""""","=""""","=""4.9e+04""",D,"=""11.82807116""","=""15.2006146""","=""3s2.3p5.(2P*<1/2>).4s""","=""2[1/2]*""","=""1""","=""3s2.3p5.(2P*<1/2>).6p""","=""2[1/2]""","=""1""",,"=""T1086n""","=""""",
"=""377.0369""","=""377.03689""","=""""","=""20""","=""7.0e+04""",D,"=""11.72316039""","=""15.0106102""","=""3s2.3p5.(2P*<1/2>).4s""","=""2[1/2]*""","=""0""","=""3s2.3p5.(2P*<3/2>).6p""","=""2[1/2]""","=""1""",,"=""T1086n""","=""L2634""",
"=""383.4679""","=""383.46784""","=""""","=""7""","=""7.5e+05""",D,"=""11.82807116""","=""15.0603901""","=""3s2.3p5.(2P*<1/2>).4s""","=""2[1/2]*""","=""1""","=""3s2.3p5.(2P*<3/2>).6p""","=""2[1/2]""","=""0""",,"=""T1086n""","=""L2634""",
"=""""","=""389.46601""","=""""","=""""","=""5.7e+04""",D,"=""11.82807116""","=""15.0106102""","=""3s2.3p5.(2P*<1/2>).4s""","=""2[1/2]*""","=""1""","=""3s2.3p5.(2P*<3/2>).6p""","=""2[1/2]""","=""1""",,"=""T1086n""","=""""",
"=""394.7505""","=""394.750472""","=""""","=""7""","=""5.6e+04""",C+,"=""11.54835442""","=""14.68829030""","=""3s2.3p5.(2P*<3/2>).4s""","=""2[3/2]*""","=""2""","=""3s2.3p5.(2P*<1/2>).5p""","=""2[3/2]""","=""2""",,"=""T5223""","=""L2634""",
"=""394.8979""","=""394.897881""","=""""","=""35""","=""4.6e+05""",B,"=""11.54835442""","=""14.68711824""","=""3s2.3p5.(2P*<3/2>).4s""","=""2[3/2]*""","=""2""","=""3s2.3p5.(2P*<1/2>).5p""","=""2[1/2]""","=""1""",,"=""T5223""","=""L2634""",
"=""404.4418""","=""404.441804""","=""""","=""50""","=""3.3e+05""",B,"=""11.62359272""","=""14.68829030""","=""3s2.3p5.(2P*<3/2>).4s""","=""2[3/2]*""","=""1""","=""3s2.3p5.(2P*<1/2>).5p""","=""2[3/2]""","=""2""",,"=""T5223""","=""L2634""",
"=""""","=""404.596541""","=""""","=""""","=""4.1e+04""",B,"=""11.62359272""","=""14.68711824""","=""3s2.3p5.(2P*<3/2>).4s""","=""2[3/2]*""","=""1""","=""3s2.3p5.(2P*<1/2>).5p""","=""2[1/2]""","=""1""",,"=""T5223""","=""""",
"=""""","=""405.452576""","=""""","=""""","=""2.7e+04""",C+,"=""11.62359272""","=""14.68065033""","=""3s2.3p5.(2P*<3/2>).4s""","=""2[3/2]*""","=""1""","=""3s2.3p5.(2P*<1/2>).5p""","=""2[3/2]""","=""1""",,"=""T5223""","=""""",
"=""415.8590""","=""415.859070""","=""""","=""400""","=""1.40e+06""",B,"=""11.54835442""","=""14.52891349""","=""3s2.3p5.(2P*<3/2>).4s""","=""2[3/2]*""","=""2""","=""3s2.3p5.(2P*<3/2>).5p""","=""2[3/2]""","=""2""",,"=""T5223""","=""L2634""",
"=""416.4180""","=""416.417952""","=""""","=""50""","=""2.9e+05""",B,"=""11.54835442""","=""14.52491330""","=""3s2.3p5.(2P*<3/2>).4s""","=""2[3/2]*""","=""2""","=""3s2.3p5.(2P*<3/2>).5p""","=""2[3/2]""","=""1""",,"=""T5223""","=""L2634""",
"=""418.1884""","=""418.188354""","=""""","=""50""","=""5.6e+05""",B,"=""11.72316039""","=""14.68711824""","=""3s2.3p5.(2P*<1/2>).4s""","=""2[1/2]*""","=""0""","=""3s2.3p5.(2P*<1/2>).5p""","=""2[1/2]""","=""1""",,"=""T5223""","=""L2634""",
"=""419.0713""","=""419.071294""","=""""","=""100""","=""2.80e+05""",B,"=""11.54835442""","=""14.50606764""","=""3s2.3p5.(2P*<3/2>).4s""","=""2[3/2]*""","=""2""","=""3s2.3p5.(2P*<3/2>).5p""","=""2[5/2]""","=""2""",,"=""T5223""","=""L2634""",
"=""419.1029""","=""419.102932""","=""""","=""50""","=""5.4e+05""",C+,"=""11.72316039""","=""14.68065033""","=""3s2.3p5.(2P*<1/2>).4s""","=""2[1/2]*""","=""0""","=""3s2.3p5.(2P*<1/2>).5p""","=""2[3/2]""","=""1""",,"=""T5223""","=""L2634""",
"=""419.8317""","=""419.831729""","=""""","=""200""","=""2.57e+06""",B,"=""11.62359272""","=""14.57594878""","=""3s2.3p5.(2P*<3/2>).4s""","=""2[3/2]*""","=""1""","=""3s2.3p5.(2P*<3/2>).5p""","=""2[1/2]""","=""0""",,"=""T5223""","=""L2634""",
"=""420.0674""","=""420.067472""","=""""","=""400""","=""9.7e+05""",B+,"=""11.54835442""","=""14.49905364""","=""3s2.3p5.(2P*<3/2>).4s""","=""2[3/2]*""","=""2""","=""3s2.3p5.(2P*<3/2>).5p""","=""2[5/2]""","=""3""",,"=""T5223""","=""L2634""",
"=""425.1185""","=""425.11849""","=""""","=""25""","=""1.11e+05""",C+,"=""11.54835442""","=""14.46399577""","=""3s2.3p5.(2P*<3/2>).4s""","=""2[3/2]*""","=""2""","=""3s2.3p5.(2P*<3/2>).5p""","=""2[1/2]""","=""1""",,"=""T5223""","=""L2634""",
"=""425.9362""","=""425.93617""","=""""","=""200""","=""3.98e+06""",B+,"=""11.82807116""","=""14.73811536""","=""3s2.3p5.(2P*<1/2>).4s""","=""2[1/2]*""","=""1""","=""3s2.3p5.(2P*<1/2>).5p""","=""2[1/2]""","=""0""",,"=""T5223""","=""L2634""",
"=""426.6286""","=""426.62867""","=""""","=""100""","=""3.1e+05""",C+,"=""11.62359272""","=""14.52891349""","=""3s2.3p5.(2P*<3/2>).4s""","=""2[3/2]*""","=""1""","=""3s2.3p5.(2P*<3/2>).5p""","=""2[3/2]""","=""2""",,"=""T5223""","=""L2634""",
"=""427.2169""","=""427.21689""","=""""","=""150""","=""8.0e+05""",B,"=""11.62359272""","=""14.52491330""","=""3s2.3p5.(2P*<3/2>).4s""","=""2[3/2]*""","=""1""","=""3s2.3p5.(2P*<3/2>).5p""","=""2[3/2]""","=""1""",,"=""T5223""","=""L2634""",
"=""430.0101""","=""430.01009""","=""""","=""100""","=""3.77e+05""",B+,"=""11.62359272""","=""14.50606764""","=""3s2.3p5.(2P*<3/2>).4s""","=""2[3/2]*""","=""1""","=""3s2.3p5.(2P*<3/2>).5p""","=""2[5/2]""","=""2""",,"=""T5223""","=""L2634""",
"=""433.3561""","=""433.35612""","=""""","=""100""","=""5.7e+05""",B+,"=""11.82807116""","=""14.68829030""","=""3s2.3p5.(2P*<1/2>).4s""","=""2[1/2]*""","=""1""","=""3s2.3p5.(2P*<1/2>).5p""","=""2[3/2]""","=""2""",,"=""T5223""","=""L2634""",
"=""433.5338""","=""433.53378""","=""""","=""50""","=""3.9e+05""",C+,"=""11.82807116""","=""14.68711824""","=""3s2.3p5.(2P*<1/2>).4s""","=""2[1/2]*""","=""1""","=""3s2.3p5.(2P*<1/2>).5p""","=""2[1/2]""","=""1""",,"=""T5223""","=""L2634""",
"=""434.5168""","=""434.51679""","=""""","=""25""","=""3.0e+05""",B,"=""11.82807116""","=""14.68065033""","=""3s2.3p5.(2P*<1/2>).4s""","=""2[1/2]*""","=""1""","=""3s2.3p5.(2P*<1/2>).5p""","=""2[3/2]""","=""1""",,"=""T5223""","=""L2634""",
"=""""","=""436.37949""","=""""","=""""","=""1.20e+04""",B,"=""11.62359272""","=""14.46399577""","=""3s2.3p5.(2P*<3/2>).4s""","=""2[3/2]*""","=""1""","=""3s2.3p5.(2P*<3/2>).5p""","=""2[1/2]""","=""1""",,"=""T5223""","=""""",
"=""""","=""442.39944""","=""""","=""""","=""7.3e+03""",C+,"=""11.72316039""","=""14.52491330""","=""3s2.3p5.(2P*<1/2>).4s""","=""2[1/2]*""","=""0""","=""3s2.3p5.(2P*<3/2>).5p""","=""2[3/2]""","=""1""",,"=""T5223""","=""""",
"=""451.0733""","=""451.07334""","=""""","=""100""","=""1.18e+06""",B+,"=""11.82807116""","=""14.57594878""","=""3s2.3p5.(2P*<1/2>).4s""","=""2[1/2]*""","=""1""","=""3s2.3p5.(2P*<3/2>).5p""","=""2[1/2]""","=""0""",,"=""T5223""","=""L2634""",
"=""452.2323""","=""452.23234""","=""""","=""20""","=""9.0e+04""",B,"=""11.72316039""","=""14.46399577""","=""3s2.3p5.(2P*<1/2>).4s""","=""2[1/2]*""","=""0""","=""3s2.3p5.(2P*<3/2>).5p""","=""2[1/2]""","=""1""",,"=""T5223""","=""L2634""",
"=""""","=""454.4746""","=""""","=""""","=""8.3e+04""",E,"=""12.90701530""","=""15.634328""","=""3s2.3p5.(2P*<3/2>).4p""","=""2[1/2]""","=""1""","=""3s2.3p5.(2P*<3/2>).11d""","=""2[1/2]*""","=""1""",,"=""T1164n""","=""""",
"=""""","=""455.4324""","=""""","=""""","=""3.8e+04""",E,"=""12.90701530""","=""15.628593""","=""3s2.3p5.(2P*<3/2>).4p""","=""2[1/2]""","=""1""","=""3s2.3p5.(2P*<1/2>).7d""","=""2[3/2]*""","=""2""",,"=""T1164n""","=""""",
"=""""","=""458.4956""","=""""","=""""","=""1.6e+05""",E,"=""12.90701530""","=""15.610410""","=""3s2.3p5.(2P*<3/2>).4p""","=""2[1/2]""","=""1""","=""3s2.3p5.(2P*<3/2>).10d""","=""2[3/2]*""","=""2""",,"=""T1164n""","=""""",
"=""""","=""458.6611""","=""""","=""""","=""2.3e+05""",E,"=""12.90701530""","=""15.609435""","=""3s2.3p5.(2P*<3/2>).4p""","=""2[1/2]""","=""1""","=""3s2.3p5.(2P*<3/2>).10d""","=""2[1/2]*""","=""1""",,"=""T1164n""","=""""",
"=""""","=""458.7209""","=""""","=""""","=""4.9e+05""",E,"=""12.90701530""","=""15.609082""","=""3s2.3p5.(2P*<3/2>).4p""","=""2[1/2]""","=""1""","=""3s2.3p5.(2P*<3/2>).10d""","=""2[1/2]*""","=""0""",,"=""T1164n""","=""""",
"=""""","=""458.92893""","=""""","=""""","=""6.2e+03""",C,"=""11.82807116""","=""14.52891349""","=""3s2.3p5.(2P*<1/2>).4s""","=""2[1/2]*""","=""1""","=""3s2.3p5.(2P*<3/2>).5p""","=""2[3/2]""","=""2""",,"=""T5223""","=""""",
"=""459.6097""","=""459.60966""","=""""","=""15""","=""9.5e+04""",B,"=""11.82807116""","=""14.52491330""","=""3s2.3p5.(2P*<1/2>).4s""","=""2[1/2]*""","=""1""","=""3s2.3p5.(2P*<3/2>).5p""","=""2[3/2]""","=""1""",,"=""T5223""","=""L2634""",
"=""462.8441""","=""462.84409""","=""""","=""7""","=""3.83e+04""",B+,"=""11.82807116""","=""14.50606764""","=""3s2.3p5.(2P*<1/2>).4s""","=""2[1/2]*""","=""1""","=""3s2.3p5.(2P*<3/2>).5p""","=""2[5/2]""","=""2""",,"=""T5223""","=""L2634""",
"=""""","=""464.2137""","=""""","=""""","=""9.6e+04""",E,"=""12.90701530""","=""15.577111""","=""3s2.3p5.(2P*<3/2>).4p""","=""2[1/2]""","=""1""","=""3s2.3p5.(2P*<3/2>).9d""","=""2[3/2]*""","=""2""",,"=""T1164n""","=""""",
"=""""","=""464.7489""","=""""","=""""","=""1.2e+05""",E,"=""12.90701530""","=""15.574036""","=""3s2.3p5.(2P*<3/2>).4p""","=""2[1/2]""","=""1""","=""3s2.3p5.(2P*<3/2>).9d""","=""2[1/2]*""","=""1""",,"=""T1164n""","=""""",
"=""470.2316""","=""470.23164""","=""""","=""15""","=""1.09e+05""",B,"=""11.82807116""","=""14.46399577""","=""3s2.3p5.(2P*<1/2>).4s""","=""2[1/2]*""","=""1""","=""3s2.3p5.(2P*<3/2>).5p""","=""2[1/2]""","=""1""",,"=""T5223""","=""L2634""",
"=""""","=""474.6821""","=""""","=""""","=""3.6e+05""",E,"=""12.90701530""","=""15.518227""","=""3s2.3p5.(2P*<3/2>).4p""","=""2[1/2]""","=""1""","=""3s2.3p5.(2P*<3/2>).8d""","=""2[1/2]*""","=""0""",,"=""T1164n""","=""""",
"=""""","=""475.29388""","=""""","=""""","=""4.5e+05""",E,"=""12.90701530""","=""15.5148657""","=""3s2.3p5.(2P*<3/2>).4p""","=""2[1/2]""","=""1""","=""3s2.3p5.(2P*<3/2>).8d""","=""2[1/2]*""","=""1""",,"=""T1164n""","=""""",
"=""""","=""476.86729""","=""""","=""""","=""8.6e+05""",D,"=""12.90701530""","=""15.5062613""","=""3s2.3p5.(2P*<3/2>).4p""","=""2[1/2]""","=""1""","=""3s2.3p5.(2P*<1/2>).6d""","=""2[3/2]*""","=""2""",,"=""T1218n""","=""""",
"=""""","=""479.8742""","=""""","=""""","=""8.8e+04""",E,"=""13.07571571""","=""15.658675""","=""3s2.3p5.(2P*<3/2>).4p""","=""2[5/2]""","=""3""","=""3s2.3p5.(2P*<3/2>).12d""","=""2[7/2]*""","=""4""",,"=""T1164n""","=""""",
"=""""","=""483.5970""","=""""","=""""","=""9.3e+04""",E,"=""13.07571571""","=""15.638792""","=""3s2.3p5.(2P*<3/2>).4p""","=""2[5/2]""","=""3""","=""3s2.3p5.(2P*<3/2>).11d""","=""2[7/2]*""","=""4""",,"=""T1164n""","=""""",
"=""""","=""483.6697""","=""""","=""""","=""1.02e+05""",C,"=""12.90701530""","=""15.469706""","=""3s2.3p5.(2P*<3/2>).4p""","=""2[1/2]""","=""1""","=""3s2.3p5.(2P*<3/2>).9s""","=""2[3/2]*""","=""2""",,"=""T1164n""","=""""",
"=""""","=""487.62607""","=""""","=""""","=""7.8e+05""",D,"=""12.90701530""","=""15.4489134""","=""3s2.3p5.(2P*<3/2>).4p""","=""2[1/2]""","=""1""","=""3s2.3p5.(2P*<3/2>).7d""","=""2[3/2]*""","=""2""",,"=""T1218n""","=""""",
"=""""","=""488.6290""","=""""","=""""","=""1.2e+05""",E,"=""13.07571571""","=""15.612397""","=""3s2.3p5.(2P*<3/2>).4p""","=""2[5/2]""","=""3""","=""3s2.3p5.(2P*<3/2>).10d""","=""2[7/2]*""","=""4""",,"=""T1164n""","=""""",
"=""""","=""488.79471""","=""""","=""""","=""1.3e+06""",D,"=""12.90701530""","=""15.4428362""","=""3s2.3p5.(2P*<3/2>).4p""","=""2[1/2]""","=""1""","=""3s2.3p5.(2P*<3/2>).7d""","=""2[1/2]*""","=""1""",,"=""T1218n""","=""""",
"=""""","=""489.46909""","=""""","=""""","=""1.8e+06""",D,"=""12.90701530""","=""15.4393425""","=""3s2.3p5.(2P*<3/2>).4p""","=""2[1/2]""","=""1""","=""3s2.3p5.(2P*<3/2>).7d""","=""2[1/2]*""","=""0""",,"=""T1218n""","=""""",
"=""""","=""492.1034""","=""""","=""""","=""5.9e+04""",E,"=""13.09487256""","=""15.613644""","=""3s2.3p5.(2P*<3/2>).4p""","=""2[5/2]""","=""2""","=""3s2.3p5.(2P*<3/2>).10d""","=""2[7/2]*""","=""3""",,"=""T1164n""","=""""",
"=""""","=""493.7720""","=""""","=""""","=""3.6e+04""",E,"=""13.07571571""","=""15.585975""","=""3s2.3p5.(2P*<3/2>).4p""","=""2[5/2]""","=""3""","=""3s2.3p5.(2P*<3/2>).11s""","=""2[3/2]*""","=""2""",,"=""T1164n""","=""""",
"=""""","=""495.6750""","=""""","=""""","=""1.8e+05""",E,"=""13.07571571""","=""15.576338""","=""3s2.3p5.(2P*<3/2>).4p""","=""2[5/2]""","=""3""","=""3s2.3p5.(2P*<3/2>).9d""","=""2[7/2]*""","=""4""",,"=""T1164n""","=""""",
"=""""","=""498.9943""","=""""","=""""","=""1.1e+05""",E,"=""13.09487256""","=""15.578861""","=""3s2.3p5.(2P*<3/2>).4p""","=""2[5/2]""","=""2""","=""3s2.3p5.(2P*<3/2>).9d""","=""2[7/2]*""","=""3""",,"=""T1164n""","=""""",
"=""""","=""503.2024""","=""""","=""""","=""8.2e+04""",E,"=""13.07571571""","=""15.538932""","=""3s2.3p5.(2P*<3/2>).4p""","=""2[5/2]""","=""3""","=""3s2.3p5.(2P*<3/2>).10s""","=""2[3/2]*""","=""2""",,"=""T1164n""","=""""",
"=""""","=""504.8811""","=""""","=""""","=""4.6e+05""",D,"=""12.90701530""","=""15.3620414""","=""3s2.3p5.(2P*<3/2>).4p""","=""2[1/2]""","=""1""","=""3s2.3p5.(2P*<3/2>).8s""","=""2[3/2]*""","=""2""",,"=""T1218n""","=""""",
"=""""","=""505.4176""","=""""","=""""","=""4.5e+05""",D,"=""12.90701530""","=""15.3594356""","=""3s2.3p5.(2P*<3/2>).4p""","=""2[1/2]""","=""1""","=""3s2.3p5.(2P*<1/2>).7s""","=""2[1/2]*""","=""1""",,"=""T1218n""","=""""",
"=""""","=""505.6529""","=""""","=""""","=""5.7e+05""",D,"=""12.90701530""","=""15.3582946""","=""3s2.3p5.(2P*<3/2>).4p""","=""2[1/2]""","=""1""","=""3s2.3p5.(2P*<1/2>).7s""","=""2[1/2]*""","=""0""",,"=""T1218n""","=""""",
"=""""","=""506.0079""","=""""","=""""","=""3.7e+05""",E,"=""13.07571571""","=""15.5252750""","=""3s2.3p5.(2P*<3/2>).4p""","=""2[5/2]""","=""3""","=""3s2.3p5.(2P*<3/2>).8d""","=""2[7/2]*""","=""4""",,"=""T1164n""","=""""",
"=""""","=""507.0977""","=""""","=""""","=""2.6e+05""",E,"=""13.09487256""","=""15.539168""","=""3s2.3p5.(2P*<3/2>).4p""","=""2[5/2]""","=""2""","=""3s2.3p5.(2P*<3/2>).10s""","=""2[3/2]*""","=""1""",,"=""T1164n""","=""""",
"=""""","=""507.3076""","=""""","=""""","=""5.9e+04""",D,"=""12.90701530""","=""15.3502992""","=""3s2.3p5.(2P*<3/2>).4p""","=""2[1/2]""","=""1""","=""3s2.3p5.(2P*<3/2>).6d""","=""2[3/2]*""","=""2""",,"=""T1164n""","=""""",
"=""""","=""507.8033""","=""""","=""""","=""4.7e+04""",E,"=""13.07571571""","=""15.5166146""","=""3s2.3p5.(2P*<3/2>).4p""","=""2[5/2]""","=""3""","=""3s2.3p5.(2P*<1/2>).6d""","=""2[5/2]*""","=""3""",,"=""T1164n""","=""""",
"=""""","=""508.7084""","=""""","=""""","=""1.6e+05""",E,"=""13.09487256""","=""15.531429""","=""3s2.3p5.(2P*<3/2>).4p""","=""2[5/2]""","=""2""","=""3s2.3p5.(2P*<3/2>).8d""","=""2[7/2]*""","=""3""",,"=""T1164n""","=""""",
"=""""","=""510.4729""","=""""","=""""","=""8.7e+04""",E,"=""13.15314387""","=""15.581278""","=""3s2.3p5.(2P*<3/2>).4p""","=""2[3/2]""","=""1""","=""3s2.3p5.(2P*<3/2>).9d""","=""2[5/2]*""","=""2""",,"=""T1164n""","=""""",
"=""""","=""511.8202""","=""""","=""""","=""2.7e+05""",D+,"=""13.09487256""","=""15.5166146""","=""3s2.3p5.(2P*<3/2>).4p""","=""2[5/2]""","=""2""","=""3s2.3p5.(2P*<1/2>).6d""","=""2[5/2]*""","=""3""",,"=""T1218n""","=""""",
"=""""","=""512.7801""","=""""","=""""","=""3.3e+04""",D,"=""13.09487256""","=""15.5120816""","=""3s2.3p5.(2P*<3/2>).4p""","=""2[5/2]""","=""2""","=""3s2.3p5.(2P*<1/2>).6d""","=""2[5/2]*""","=""2""",,"=""T1218n""","=""""",
"=""515.1391""","=""515.1391""","=""""","=""5""","=""2.39e+06""",C,"=""12.90701530""","=""15.3131553""","=""3s2.3p5.(2P*<3/2>).4p""","=""2[1/2]""","=""1""","=""3s2.3p5.(2P*<3/2>).6d""","=""2[1/2]*""","=""0""",,"=""T1218n""","=""L2634""",
"=""""","=""515.23031""","=""""","=""""","=""1.1e+05""",D,"=""12.90701530""","=""15.31272913""","=""3s2.3p5.(2P*<3/2>).4p""","=""2[1/2]""","=""1""","=""3s2.3p5.(2P*<1/2>).5d""","=""2[5/2]*""","=""2""",,"=""T1218n""","=""""",
"=""516.2285""","=""516.22845""","=""""","=""15""","=""1.90e+06""",C,"=""12.90701530""","=""15.30807770""","=""3s2.3p5.(2P*<3/2>).4p""","=""2[1/2]""","=""1""","=""3s2.3p5.(2P*<3/2>).6d""","=""2[1/2]*""","=""1""",,"=""T1218n""","=""L2634""",
"=""""","=""517.7536""","=""""","=""""","=""2.4e+05""",D,"=""13.07571571""","=""15.469706""","=""3s2.3p5.(2P*<3/2>).4p""","=""2[5/2]""","=""3""","=""3s2.3p5.(2P*<3/2>).9s""","=""2[3/2]*""","=""2""",,"=""T1218n""","=""""",
"=""518.7746""","=""518.77464""","=""""","=""20""","=""1.38e+06""",C,"=""12.90701530""","=""15.29629325""","=""3s2.3p5.(2P*<3/2>).4p""","=""2[1/2]""","=""1""","=""3s2.3p5.(2P*<1/2>).5d""","=""2[3/2]*""","=""2""",,"=""T1218n,T1164n""","=""L2634""",
"=""""","=""519.2733""","=""""","=""""","=""1.2e+04""",D,"=""13.07571571""","=""15.4626994""","=""3s2.3p5.(2P*<3/2>).4p""","=""2[5/2]""","=""3""","=""3s2.3p5.(2P*<3/2>).7d""","=""2[5/2]*""","=""3""",,"=""T1218n""","=""""",
"=""""","=""519.4052""","=""""","=""""","=""7.8e+05""",D,"=""13.15314387""","=""15.539521""","=""3s2.3p5.(2P*<3/2>).4p""","=""2[3/2]""","=""1""","=""3s2.3p5.(2P*<1/2>).8s""","=""2[1/2]*""","=""0""",,"=""T1218n""","=""""",
"=""""","=""521.0486""","=""""","=""""","=""1.1e+05""",D,"=""13.07571571""","=""15.4545665""","=""3s2.3p5.(2P*<3/2>).4p""","=""2[5/2]""","=""3""","=""3s2.3p5.(2P*<3/2>).7d""","=""2[7/2]*""","=""3""",,"=""T1164n""","=""""",
"=""""","=""521.4774""","=""""","=""""","=""2.1e+05""",D,"=""13.09487256""","=""15.471767""","=""3s2.3p5.(2P*<3/2>).4p""","=""2[5/2]""","=""2""","=""3s2.3p5.(2P*<3/2>).7d""","=""2[3/2]*""","=""1""",,"=""T1164n""","=""""",
"=""""","=""521.6300""","=""""","=""""","=""1.3e+05""",D,"=""13.09487256""","=""15.471072""","=""3s2.3p5.(2P*<3/2>).4p""","=""2[5/2]""","=""2""","=""3s2.3p5.(2P*<3/2>).9s""","=""2[3/2]*""","=""1""",,"=""T1164n""","=""""",
"=""522.1271""","=""522.1270""","=""""","=""7""","=""8.8e+05""",D,"=""13.07571571""","=""15.4496531""","=""3s2.3p5.(2P*<3/2>).4p""","=""2[5/2]""","=""3""","=""3s2.3p5.(2P*<3/2>).7d""","=""2[7/2]*""","=""4""",,"=""T1164n""","=""L2634""",
"=""""","=""524.1093""","=""""","=""""","=""1.3e+05""",D,"=""13.09487256""","=""15.4598316""","=""3s2.3p5.(2P*<3/2>).4p""","=""2[5/2]""","=""2""","=""3s2.3p5.(2P*<3/2>).7d""","=""2[5/2]*""","=""2""",,"=""T1164n""","=""""",
"=""""","=""524.6198""","=""""","=""""","=""1.2e+05""",E,"=""13.17177770""","=""15.534435""","=""3s2.3p5.(2P*<3/2>).4p""","=""2[3/2]""","=""2""","=""3s2.3p5.(2P*<3/2>).8d""","=""2[5/2]*""","=""3""",,"=""T1164n""","=""""",
"=""""","=""524.9165""","=""""","=""""","=""7.9e+04""",E,"=""13.17177770""","=""15.533100""","=""3s2.3p5.(2P*<3/2>).4p""","=""2[3/2]""","=""2""","=""3s2.3p5.(2P*<3/2>).8d""","=""2[3/2]*""","=""2""",,"=""T1164n""","=""""",
"=""""","=""525.2787""","=""""","=""""","=""5.4e+05""",D,"=""13.09487256""","=""15.4545665""","=""3s2.3p5.(2P*<3/2>).4p""","=""2[5/2]""","=""2""","=""3s2.3p5.(2P*<3/2>).7d""","=""2[7/2]*""","=""3""",,"=""T1164n""","=""""",
"=""""","=""525.4471""","=""""","=""""","=""3.6e+05""",E,"=""13.15314387""","=""15.5120816""","=""3s2.3p5.(2P*<3/2>).4p""","=""2[3/2]""","=""1""","=""3s2.3p5.(2P*<1/2>).6d""","=""2[5/2]*""","=""2""",,"=""T1164n""","=""""",
"=""""","=""528.6069""","=""""","=""""","=""9.6e+04""",E,"=""13.17177770""","=""15.5166146""","=""3s2.3p5.(2P*<3/2>).4p""","=""2[3/2]""","=""2""","=""3s2.3p5.(2P*<1/2>).6d""","=""2[5/2]*""","=""3""",,"=""T1164n""","=""""",
"=""""","=""529.0015""","=""""","=""""","=""9.0e+04""",E,"=""13.17177770""","=""15.5148657""","=""3s2.3p5.(2P*<3/2>).4p""","=""2[3/2]""","=""2""","=""3s2.3p5.(2P*<3/2>).8d""","=""2[1/2]*""","=""1""",,"=""T1164n""","=""""",
"=""""","=""530.9513""","=""""","=""""","=""1.2e+05""",E,"=""13.17177770""","=""15.5062613""","=""3s2.3p5.(2P*<3/2>).4p""","=""2[3/2]""","=""2""","=""3s2.3p5.(2P*<1/2>).6d""","=""2[3/2]*""","=""2""",,"=""T1164n""","=""""",
"=""""","=""531.7715""","=""""","=""""","=""2.6e+05""",E,"=""13.30222747""","=""15.633111""","=""3s2.3p5.(2P*<1/2>).4p""","=""2[3/2]""","=""2""","=""3s2.3p5.(2P*<1/2>).7d""","=""2[5/2]*""","=""3""",,"=""T1164n""","=""""",
"=""""","=""537.3494""","=""""","=""""","=""2.7e+05""",D,"=""13.15314387""","=""15.4598316""","=""3s2.3p5.(2P*<3/2>).4p""","=""2[3/2]""","=""1""","=""3s2.3p5.(2P*<3/2>).7d""","=""2[5/2]*""","=""2""",,"=""T1164n""","=""""",
"=""""","=""539.3979""","=""""","=""""","=""9.6e+04""",D,"=""13.17177770""","=""15.469706""","=""3s2.3p5.(2P*<3/2>).4p""","=""2[3/2]""","=""2""","=""3s2.3p5.(2P*<3/2>).9s""","=""2[3/2]*""","=""2""",,"=""T1164n""","=""""",
"=""""","=""541.0475""","=""""","=""""","=""2.0e+05""",D,"=""13.17177770""","=""15.4626994""","=""3s2.3p5.(2P*<3/2>).4p""","=""2[3/2]""","=""2""","=""3s2.3p5.(2P*<3/2>).7d""","=""2[5/2]*""","=""3""",,"=""T1164n""","=""""",
"=""542.1352""","=""542.1351""","=""""","=""5""","=""6.0e+05""",D,"=""13.07571571""","=""15.3620414""","=""3s2.3p5.(2P*<3/2>).4p""","=""2[5/2]""","=""3""","=""3s2.3p5.(2P*<3/2>).8s""","=""2[3/2]*""","=""2""",,"=""T1164n""","=""L2634""",
"=""""","=""543.99888""","=""""","=""""","=""1.9e+05""",D+,"=""12.90701530""","=""15.18550800""","=""3s2.3p5.(2P*<3/2>).4p""","=""2[1/2]""","=""1""","=""3s2.3p5.(2P*<3/2>).7s""","=""2[3/2]*""","=""1""",,"=""T1218n""","=""""",
"=""""","=""544.2246""","=""""","=""""","=""9.3e+04""",D,"=""13.07571571""","=""15.3532632""","=""3s2.3p5.(2P*<3/2>).4p""","=""2[5/2]""","=""3""","=""3s2.3p5.(2P*<3/2>).6d""","=""2[5/2]*""","=""3""",,"=""T1164n""","=""""",
"=""545.1652""","=""545.16517""","=""""","=""10""","=""4.7e+05""",D+,"=""12.90701530""","=""15.18063359""","=""3s2.3p5.(2P*<3/2>).4p""","=""2[1/2]""","=""1""","=""3s2.3p5.(2P*<3/2>).7s""","=""2[3/2]*""","=""2""",,"=""T1218n""","=""L2634""",
"=""""","=""545.7416""","=""""","=""""","=""3.6e+05""",D,"=""13.09487256""","=""15.3660895""","=""3s2.3p5.(2P*<3/2>).4p""","=""2[5/2]""","=""2""","=""3s2.3p5.(2P*<3/2>).8s""","=""2[3/2]*""","=""1""",,"=""T1218n""","=""""",
"=""""","=""545.96506""","=""""","=""""","=""3.8e+04""",D,"=""13.07571571""","=""15.34600299""","=""3s2.3p5.(2P*<3/2>).4p""","=""2[5/2]""","=""3""","=""3s2.3p5.(2P*<3/2>).6d""","=""2[7/2]*""","=""3""",,"=""T1218n""","=""""",
"=""""","=""546.7160""","=""""","=""""","=""7.6e+04""",D,"=""13.09487256""","=""15.3620414""","=""3s2.3p5.(2P*<3/2>).4p""","=""2[5/2]""","=""2""","=""3s2.3p5.(2P*<3/2>).8s""","=""2[3/2]*""","=""2""",,"=""T1218n""","=""""",
"=""""","=""547.3451""","=""""","=""""","=""2.0e+05""",D,"=""13.09487256""","=""15.3594356""","=""3s2.3p5.(2P*<3/2>).4p""","=""2[5/2]""","=""2""","=""3s2.3p5.(2P*<1/2>).7s""","=""2[1/2]*""","=""1""",,"=""T1218n""","=""""",
"=""""","=""549.0120""","=""""","=""""","=""8.5e+04""",D,"=""13.09487256""","=""15.3525603""","=""3s2.3p5.(2P*<3/2>).4p""","=""2[5/2]""","=""2""","=""3s2.3p5.(2P*<3/2>).6d""","=""2[5/2]*""","=""2""",,"=""T1164n""","=""""",
"=""""","=""549.2080""","=""""","=""""","=""5.6e+05""",E,"=""13.28263902""","=""15.539521""","=""3s2.3p5.(2P*<1/2>).4p""","=""2[3/2]""","=""1""","=""3s2.3p5.(2P*<1/2>).8s""","=""2[1/2]*""","=""0""",,"=""T1164n""","=""""",
"=""549.5874""","=""549.5873""","=""""","=""25""","=""1.69e+06""",C,"=""13.07571571""","=""15.3310400""","=""3s2.3p5.(2P*<3/2>).4p""","=""2[5/2]""","=""3""","=""3s2.3p5.(2P*<3/2>).6d""","=""2[7/2]*""","=""4""",,"=""T1218n""","=""L2634""",
"=""550.6113""","=""550.61121""","=""""","=""5""","=""3.6e+05""",D+,"=""13.09487256""","=""15.34600299""","=""3s2.3p5.(2P*<3/2>).4p""","=""2[5/2]""","=""2""","=""3s2.3p5.(2P*<3/2>).6d""","=""2[7/2]*""","=""3""",,"=""T1218n""","=""L2634""",
"=""""","=""552.49567""","=""""","=""""","=""1.7e+05""",D+,"=""13.07571571""","=""15.31916801""","=""3s2.3p5.(2P*<3/2>).4p""","=""2[5/2]""","=""3""","=""3s2.3p5.(2P*<1/2>).5d""","=""2[5/2]*""","=""3""",,"=""T1218n""","=""""",
"=""""","=""552.8961""","=""""","=""""","=""1.2e+05""",E,"=""13.27303810""","=""15.5148657""","=""3s2.3p5.(2P*<3/2>).4p""","=""2[1/2]""","=""0""","=""3s2.3p5.(2P*<3/2>).8d""","=""2[1/2]*""","=""1""",,"=""T1164n""","=""""",
"=""""","=""553.4479""","=""""","=""""","=""2.7e+05""",D+,"=""13.30222747""","=""15.541820""","=""3s2.3p5.(2P*<1/2>).4p""","=""2[3/2]""","=""2""","=""3s2.3p5.(2P*<1/2>).8s""","=""2[1/2]*""","=""1""",,"=""T1218n""","=""""",
"=""""","=""554.08596""","=""""","=""""","=""4.1e+04""",D,"=""13.07571571""","=""15.31272913""","=""3s2.3p5.(2P*<3/2>).4p""","=""2[5/2]""","=""3""","=""3s2.3p5.(2P*<1/2>).5d""","=""2[5/2]*""","=""2""",,"=""T1218n""","=""""",
"=""""","=""555.2741""","=""""","=""""","=""7.9e+04""",E,"=""13.28263902""","=""15.5148657""","=""3s2.3p5.(2P*<1/2>).4p""","=""2[3/2]""","=""1""","=""3s2.3p5.(2P*<3/2>).8d""","=""2[1/2]*""","=""1""",,"=""T1164n""","=""""",
"=""555.8702""","=""555.87018""","=""""","=""25""","=""1.42e+06""",C,"=""12.90701530""","=""15.13684847""","=""3s2.3p5.(2P*<3/2>).4p""","=""2[1/2]""","=""1""","=""3s2.3p5.(2P*<3/2>).5d""","=""2[3/2]*""","=""2""",,"=""T1218n""","=""L2634""",
"=""""","=""555.9676""","=""""","=""""","=""2.2e+05""",D+,"=""13.28263902""","=""15.5120816""","=""3s2.3p5.(2P*<1/2>).4p""","=""2[3/2]""","=""1""","=""3s2.3p5.(2P*<1/2>).6d""","=""2[5/2]*""","=""2""",,"=""T1218n""","=""""",
"=""557.2541""","=""557.25412""","=""""","=""10""","=""6.6e+05""",C,"=""13.09487256""","=""15.31916801""","=""3s2.3p5.(2P*<3/2>).4p""","=""2[5/2]""","=""2""","=""3s2.3p5.(2P*<1/2>).5d""","=""2[5/2]*""","=""3""",,"=""T1218n""","=""L2634""",
"=""""","=""557.4228""","=""""","=""""","=""4.6e+04""",D,"=""13.28263902""","=""15.5062613""","=""3s2.3p5.(2P*<1/2>).4p""","=""2[3/2]""","=""1""","=""3s2.3p5.(2P*<1/2>).6d""","=""2[3/2]*""","=""2""",,"=""T1218n""","=""""",
"=""""","=""558.18714""","=""""","=""""","=""5.6e+04""",D+,"=""13.07571571""","=""15.29629325""","=""3s2.3p5.(2P*<3/2>).4p""","=""2[5/2]""","=""3""","=""3s2.3p5.(2P*<1/2>).5d""","=""2[3/2]*""","=""2""",,"=""T1218n""","=""""",
"=""""","=""558.87196""","=""""","=""""","=""1.5e+05""",D+,"=""13.09487256""","=""15.31272913""","=""3s2.3p5.(2P*<3/2>).4p""","=""2[5/2]""","=""2""","=""3s2.3p5.(2P*<1/2>).5d""","=""2[5/2]*""","=""2""",,"=""T1218n""","=""""",
"=""""","=""559.7476""","=""""","=""""","=""4.2e+05""",E,"=""13.30222747""","=""15.5166146""","=""3s2.3p5.(2P*<1/2>).4p""","=""2[3/2]""","=""2""","=""3s2.3p5.(2P*<1/2>).6d""","=""2[5/2]*""","=""3""",,"=""T1164n""","=""""",
"=""560.6733""","=""560.67329""","=""""","=""35""","=""2.20e+06""",C,"=""12.90701530""","=""15.11774638""","=""3s2.3p5.(2P*<3/2>).4p""","=""2[1/2]""","=""1""","=""3s2.3p5.(2P*<3/2>).5d""","=""2[1/2]*""","=""1""",,"=""T1218n""","=""L2634""",
"=""""","=""561.8014""","=""""","=""""","=""2.1e+05""",D,"=""13.15314387""","=""15.3594356""","=""3s2.3p5.(2P*<3/2>).4p""","=""2[3/2]""","=""1""","=""3s2.3p5.(2P*<1/2>).7s""","=""2[1/2]*""","=""1""",,"=""T1218n""","=""""",
"=""""","=""562.0921""","=""""","=""""","=""3.6e+05""",D,"=""13.15314387""","=""15.3582946""","=""3s2.3p5.(2P*<3/2>).4p""","=""2[3/2]""","=""1""","=""3s2.3p5.(2P*<1/2>).7s""","=""2[1/2]*""","=""0""",,"=""T1218n""","=""""",
"=""""","=""562.3770""","=""""","=""""","=""1.4e+05""",D,"=""13.30222747""","=""15.5062613""","=""3s2.3p5.(2P*<1/2>).4p""","=""2[3/2]""","=""2""","=""3s2.3p5.(2P*<1/2>).6d""","=""2[3/2]*""","=""2""",,"=""T1218n""","=""""",
"=""""","=""563.5576""","=""""","=""""","=""9.6e+04""",D,"=""13.15314387""","=""15.3525603""","=""3s2.3p5.(2P*<3/2>).4p""","=""2[3/2]""","=""1""","=""3s2.3p5.(2P*<3/2>).6d""","=""2[5/2]*""","=""2""",,"=""T1164n""","=""""",
"=""""","=""563.734""","=""""","=""""","=""9.1e+04""",D,"=""13.27303810""","=""15.471767""","=""3s2.3p5.(2P*<3/2>).4p""","=""2[1/2]""","=""0""","=""3s2.3p5.(2P*<3/2>).7d""","=""2[3/2]*""","=""1""",,"=""T1164n""","=""""",
"=""""","=""563.912""","=""""","=""""","=""2.1e+05""",D,"=""13.27303810""","=""15.471072""","=""3s2.3p5.(2P*<3/2>).4p""","=""2[1/2]""","=""0""","=""3s2.3p5.(2P*<3/2>).9s""","=""2[3/2]*""","=""1""",,"=""T1164n""","=""""",
"=""""","=""564.1376""","=""""","=""""","=""8.7e+04""",D,"=""13.15314387""","=""15.3502992""","=""3s2.3p5.(2P*<3/2>).4p""","=""2[3/2]""","=""1""","=""3s2.3p5.(2P*<3/2>).6d""","=""2[3/2]*""","=""2""",,"=""T1164n""","=""""",
"=""""","=""564.8687""","=""""","=""""","=""1.2e+05""",D,"=""13.17177770""","=""15.3660895""","=""3s2.3p5.(2P*<3/2>).4p""","=""2[3/2]""","=""2""","=""3s2.3p5.(2P*<3/2>).8s""","=""2[3/2]*""","=""1""",,"=""T1218n""","=""""",
"=""565.0704""","=""565.07040""","=""""","=""20""","=""3.20e+06""",C,"=""12.90701530""","=""15.10054371""","=""3s2.3p5.(2P*<3/2>).4p""","=""2[1/2]""","=""1""","=""3s2.3p5.(2P*<3/2>).5d""","=""2[1/2]*""","=""0""",,"=""T1218n""","=""L2634""",
"=""""","=""565.9127""","=""""","=""""","=""2.6e+05""",D,"=""13.17177770""","=""15.3620414""","=""3s2.3p5.(2P*<3/2>).4p""","=""2[3/2]""","=""2""","=""3s2.3p5.(2P*<3/2>).8s""","=""2[3/2]*""","=""2""",,"=""T1218n""","=""""",
"=""""","=""568.1899""","=""""","=""""","=""2.0e+05""",D,"=""13.17177770""","=""15.3532632""","=""3s2.3p5.(2P*<3/2>).4p""","=""2[3/2]""","=""2""","=""3s2.3p5.(2P*<3/2>).6d""","=""2[5/2]*""","=""3""",,"=""T1218n""","=""""",
"=""""","=""568.3730""","=""""","=""""","=""2.0e+05""",D,"=""13.17177770""","=""15.3525603""","=""3s2.3p5.(2P*<3/2>).4p""","=""2[3/2]""","=""2""","=""3s2.3p5.(2P*<3/2>).6d""","=""2[5/2]*""","=""2""",,"=""T1218n""","=""""",
"=""""","=""570.08724""","=""""","=""""","=""5.9e+05""",D,"=""13.17177770""","=""15.34600299""","=""3s2.3p5.(2P*<3/2>).4p""","=""2[3/2]""","=""2""","=""3s2.3p5.(2P*<3/2>).6d""","=""2[7/2]*""","=""3""",,"=""T1218n""","=""""",
"=""""","=""571.2504""","=""""","=""""","=""8.7e+04""",D,"=""13.27303810""","=""15.4428362""","=""3s2.3p5.(2P*<3/2>).4p""","=""2[1/2]""","=""0""","=""3s2.3p5.(2P*<3/2>).7d""","=""2[1/2]*""","=""1""",,"=""T1164n""","=""""",
"=""573.9520""","=""573.95195""","=""""","=""10""","=""8.7e+05""",D,"=""13.15314387""","=""15.31272913""","=""3s2.3p5.(2P*<3/2>).4p""","=""2[3/2]""","=""1""","=""3s2.3p5.(2P*<1/2>).5d""","=""2[5/2]*""","=""2""",,"=""T1218n""","=""L2634""",
"=""""","=""577.21143""","=""""","=""""","=""2.0e+05""",D,"=""13.17177770""","=""15.31916801""","=""3s2.3p5.(2P*<3/2>).4p""","=""2[3/2]""","=""2""","=""3s2.3p5.(2P*<1/2>).5d""","=""2[5/2]*""","=""3""",,"=""T1218n""","=""""",
"=""""","=""577.4008""","=""""","=""""","=""1.1e+05""",D,"=""13.30222747""","=""15.4489134""","=""3s2.3p5.(2P*<1/2>).4p""","=""2[3/2]""","=""2""","=""3s2.3p5.(2P*<3/2>).7d""","=""2[3/2]*""","=""2""",,"=""T1218n""","=""""",
"=""""","=""578.35365""","=""""","=""""","=""8.1e+04""",D,"=""13.15314387""","=""15.29629325""","=""3s2.3p5.(2P*<3/2>).4p""","=""2[3/2]""","=""1""","=""3s2.3p5.(2P*<1/2>).5d""","=""2[3/2]*""","=""2""",,"=""T1218n""","=""""",
"=""""","=""578.94741""","=""""","=""""","=""4.6e+04""",D,"=""13.17177770""","=""15.31272913""","=""3s2.3p5.(2P*<3/2>).4p""","=""2[3/2]""","=""2""","=""3s2.3p5.(2P*<1/2>).5d""","=""2[5/2]*""","=""2""",,"=""T1218n""","=""""",
"=""""","=""579.0401""","=""""","=""""","=""3.4e+04""",D,"=""13.30222747""","=""15.4428362""","=""3s2.3p5.(2P*<1/2>).4p""","=""2[3/2]""","=""2""","=""3s2.3p5.(2P*<3/2>).7d""","=""2[1/2]*""","=""1""",,"=""T1218n""","=""""",
"=""""","=""580.20798""","=""""","=""""","=""4.2e+05""",D,"=""13.17177770""","=""15.30807770""","=""3s2.3p5.(2P*<3/2>).4p""","=""2[3/2]""","=""2""","=""3s2.3p5.(2P*<3/2>).6d""","=""2[1/2]*""","=""1""",,"=""T1218n""","=""""",
"=""583.4263""","=""583.42636""","=""""","=""5""","=""5.2e+05""",C,"=""13.17177770""","=""15.29629325""","=""3s2.3p5.(2P*<3/2>).4p""","=""2[3/2]""","=""2""","=""3s2.3p5.(2P*<1/2>).5d""","=""2[3/2]*""","=""2""",,"=""T1218n,T1164n""","=""L2634""",
"=""""","=""584.3779""","=""""","=""""","=""3.3e+04""",D,"=""13.32785705""","=""15.4489134""","=""3s2.3p5.(2P*<1/2>).4p""","=""2[1/2]""","=""1""","=""3s2.3p5.(2P*<3/2>).7d""","=""2[3/2]*""","=""2""",,"=""T1218n""","=""""",
"=""586.0310""","=""586.03102""","=""""","=""10""","=""2.85e+05""",C,"=""12.90701530""","=""15.02208834""","=""3s2.3p5.(2P*<3/2>).4p""","=""2[1/2]""","=""1""","=""3s2.3p5.(2P*<1/2>).6s""","=""2[1/2]*""","=""1""",,"=""T1218n,T1164n""","=""L2634""",
"=""588.2624""","=""588.2624""","=""""","=""15""","=""1.23e+06""",C,"=""12.90701530""","=""15.0140655""","=""3s2.3p5.(2P*<3/2>).4p""","=""2[1/2]""","=""1""","=""3s2.3p5.(2P*<1/2>).6s""","=""2[1/2]*""","=""0""",,"=""T1218n""","=""L2634""",
"=""588.8584""","=""588.85835""","=""""","=""25""","=""1.29e+06""",C,"=""13.07571571""","=""15.18063359""","=""3s2.3p5.(2P*<3/2>).4p""","=""2[5/2]""","=""3""","=""3s2.3p5.(2P*<3/2>).7s""","=""2[3/2]*""","=""2""",,"=""T1218n""","=""L2634""",
"=""591.2085""","=""591.20850""","=""""","=""50""","=""1.05e+06""",C,"=""12.90701530""","=""15.00356588""","=""3s2.3p5.(2P*<3/2>).4p""","=""2[1/2]""","=""1""","=""3s2.3p5.(2P*<1/2>).4d""","=""2[3/2]*""","=""1""",,"=""T1218n,T1164n""","=""L2634""",
"=""""","=""591.6598""","=""""","=""""","=""5.9e+04""",D,"=""13.09487256""","=""15.1898239""","=""3s2.3p5.(2P*<3/2>).4p""","=""2[5/2]""","=""2""","=""3s2.3p5.(2P*<3/2>).5d""","=""2[3/2]*""","=""1""",,"=""T1218n""","=""""",
"=""""","=""592.7125""","=""""","=""""","=""3.7e+04""",D+,"=""13.07571571""","=""15.1669463""","=""3s2.3p5.(2P*<3/2>).4p""","=""2[5/2]""","=""3""","=""3s2.3p5.(2P*<3/2>).5d""","=""2[5/2]*""","=""3""",,"=""T1218n""","=""""",
"=""592.8813""","=""592.88125""","=""""","=""15""","=""1.1e+06""",D+,"=""13.09487256""","=""15.18550800""","=""3s2.3p5.(2P*<3/2>).4p""","=""2[5/2]""","=""2""","=""3s2.3p5.(2P*<3/2>).7s""","=""2[3/2]*""","=""1""",,"=""T1218n""","=""L2634""",
"=""""","=""594.0855""","=""""","=""""","=""1.2e+05""",D,"=""13.27303810""","=""15.3594356""","=""3s2.3p5.(2P*<3/2>).4p""","=""2[1/2]""","=""0""","=""3s2.3p5.(2P*<1/2>).7s""","=""2[1/2]*""","=""1""",,"=""T1218n""","=""""",
"=""594.2669""","=""594.26682""","=""""","=""5""","=""1.8e+05""",D,"=""13.09487256""","=""15.18063359""","=""3s2.3p5.(2P*<3/2>).4p""","=""2[5/2]""","=""2""","=""3s2.3p5.(2P*<3/2>).7s""","=""2[3/2]*""","=""2""",,"=""T1218n""","=""L2634""",
"=""""","=""594.3888""","=""""","=""""","=""3.6e+04""",D,"=""13.07571571""","=""15.1610486""","=""3s2.3p5.(2P*<3/2>).4p""","=""2[5/2]""","=""3""","=""3s2.3p5.(2P*<3/2>).5d""","=""2[5/2]*""","=""2""",,"=""T1218n""","=""""",
"=""""","=""594.9259""","=""""","=""""","=""1.5e+05""",D,"=""13.28263902""","=""15.3660895""","=""3s2.3p5.(2P*<1/2>).4p""","=""2[3/2]""","=""1""","=""3s2.3p5.(2P*<3/2>).8s""","=""2[3/2]*""","=""1""",,"=""T1218n""","=""""",
"=""""","=""596.448""","=""""","=""""","=""7.7e+04""",D,"=""13.27303810""","=""15.351173""","=""3s2.3p5.(2P*<3/2>).4p""","=""2[1/2]""","=""0""","=""3s2.3p5.(2P*<1/2>).5d""","=""2[3/2]*""","=""1""",,"=""T1218n""","=""""",
"=""""","=""596.8320""","=""""","=""""","=""1.8e+05""",D,"=""13.28263902""","=""15.3594356""","=""3s2.3p5.(2P*<1/2>).4p""","=""2[3/2]""","=""1""","=""3s2.3p5.(2P*<1/2>).7s""","=""2[1/2]*""","=""1""",,"=""T1218n""","=""""",
"=""""","=""597.1601""","=""""","=""""","=""1.1e+06""",D+,"=""13.28263902""","=""15.3582946""","=""3s2.3p5.(2P*<1/2>).4p""","=""2[3/2]""","=""1""","=""3s2.3p5.(2P*<1/2>).7s""","=""2[1/2]*""","=""0""",,"=""T1218n""","=""""",
"=""""","=""598.1923""","=""""","=""""","=""1.2e+04""",D,"=""13.09487256""","=""15.1669463""","=""3s2.3p5.(2P*<3/2>).4p""","=""2[5/2]""","=""2""","=""3s2.3p5.(2P*<3/2>).5d""","=""2[5/2]*""","=""3""",,"=""T1218n""","=""""",
"=""598.7302""","=""598.73013""","=""""","=""7""","=""1.2e+05""",D,"=""13.07571571""","=""15.14592830""","=""3s2.3p5.(2P*<3/2>).4p""","=""2[5/2]""","=""3""","=""3s2.3p5.(2P*<3/2>).5d""","=""2[7/2]*""","=""3""",,"=""T1218n""","=""L2634""",
"=""""","=""598.8144""","=""""","=""""","=""6.1e+04""",D,"=""13.28263902""","=""15.3525603""","=""3s2.3p5.(2P*<1/2>).4p""","=""2[3/2]""","=""1""","=""3s2.3p5.(2P*<3/2>).6d""","=""2[5/2]*""","=""2""",,"=""T1218n""","=""""",
"=""""","=""599.4692""","=""""","=""""","=""2.6e+04""",D,"=""13.28263902""","=""15.3502992""","=""3s2.3p5.(2P*<1/2>).4p""","=""2[3/2]""","=""1""","=""3s2.3p5.(2P*<3/2>).6d""","=""2[3/2]*""","=""2""",,"=""T1164n""","=""""",
"=""599.8999""","=""599.8998""","=""""","=""5""","=""1.4e+05""",D,"=""13.09487256""","=""15.1610486""","=""3s2.3p5.(2P*<3/2>).4p""","=""2[5/2]""","=""2""","=""3s2.3p5.(2P*<3/2>).5d""","=""2[5/2]*""","=""2""",,"=""T1218n""","=""L2634""",
"=""""","=""600.5725""","=""""","=""""","=""1.4e+05""",D+,"=""13.30222747""","=""15.3660895""","=""3s2.3p5.(2P*<1/2>).4p""","=""2[3/2]""","=""2""","=""3s2.3p5.(2P*<3/2>).8s""","=""2[3/2]*""","=""1""",,"=""T1218n""","=""""",
"=""""","=""601.36772""","=""""","=""""","=""1.4e+05""",D+,"=""13.07571571""","=""15.13684847""","=""3s2.3p5.(2P*<3/2>).4p""","=""2[5/2]""","=""3""","=""3s2.3p5.(2P*<3/2>).5d""","=""2[3/2]*""","=""2""",,"=""T1218n""","=""""",
"=""602.5150""","=""602.5150""","=""""","=""5""","=""9.0e+05""",D+,"=""13.30222747""","=""15.3594356""","=""3s2.3p5.(2P*<1/2>).4p""","=""2[3/2]""","=""2""","=""3s2.3p5.(2P*<1/2>).7s""","=""2[1/2]*""","=""1""",,"=""T1218n""","=""L2634""",
"=""603.2127""","=""603.21270""","=""""","=""70""","=""2.46e+06""",C,"=""13.07571571""","=""15.13054437""","=""3s2.3p5.(2P*<3/2>).4p""","=""2[5/2]""","=""3""","=""3s2.3p5.(2P*<3/2>).5d""","=""2[7/2]*""","=""4""",,"=""T1218n,T1164n""","=""L2634""",
"=""604.3223""","=""604.32232""","=""""","=""35""","=""1.47e+06""",C,"=""13.09487256""","=""15.14592830""","=""3s2.3p5.(2P*<3/2>).4p""","=""2[5/2]""","=""2""","=""3s2.3p5.(2P*<3/2>).5d""","=""2[7/2]*""","=""3""",,"=""T1218n""","=""L2634""",
"=""605.2723""","=""605.27226""","=""""","=""10""","=""1.9e+05""",D+,"=""12.90701530""","=""14.95485204""","=""3s2.3p5.(2P*<3/2>).4p""","=""2[1/2]""","=""1""","=""3s2.3p5.(2P*<1/2>).4d""","=""2[5/2]*""","=""2""",,"=""T1218n""","=""L2634""",
"=""605.9372""","=""605.93723""","=""""","=""20""","=""4.2e+05""",C,"=""12.90701530""","=""14.95260474""","=""3s2.3p5.(2P*<3/2>).4p""","=""2[1/2]""","=""1""","=""3s2.3p5.(2P*<1/2>).4d""","=""2[3/2]*""","=""2""",,"=""T1218n,T1164n""","=""L2634""",
"=""""","=""606.47502""","=""""","=""""","=""5.8e+04""",D,"=""13.30222747""","=""15.34600299""","=""3s2.3p5.(2P*<1/2>).4p""","=""2[3/2]""","=""2""","=""3s2.3p5.(2P*<3/2>).6d""","=""2[7/2]*""","=""3""",,"=""T1218n""","=""""",
"=""""","=""608.1244""","=""""","=""""","=""7.5e+04""",D,"=""13.32785705""","=""15.3660895""","=""3s2.3p5.(2P*<1/2>).4p""","=""2[1/2]""","=""1""","=""3s2.3p5.(2P*<3/2>).8s""","=""2[3/2]*""","=""1""",,"=""T1218n""","=""""",
"=""""","=""608.5879""","=""""","=""""","=""9.0e+03""",,"=""13.15314387""","=""15.1898239""","=""3s2.3p5.(2P*<3/2>).4p""","=""2[3/2]""","=""1""","=""3s2.3p5.(2P*<3/2>).5d""","=""2[3/2]*""","=""1""",,"=""T1218n""","=""""",
"=""""","=""609.07849""","=""""","=""""","=""3.0e+05""",D,"=""13.27303810""","=""15.30807770""","=""3s2.3p5.(2P*<3/2>).4p""","=""2[1/2]""","=""0""","=""3s2.3p5.(2P*<3/2>).6d""","=""2[1/2]*""","=""1""",,"=""T1218n""","=""""",
"=""609.8803""","=""609.88031""","=""""","=""7""","=""5.2e+05""",D+,"=""13.15314387""","=""15.18550800""","=""3s2.3p5.(2P*<3/2>).4p""","=""2[3/2]""","=""1""","=""3s2.3p5.(2P*<3/2>).7s""","=""2[3/2]*""","=""1""",,"=""T1218n""","=""L2634""",
"=""""","=""610.1161""","=""""","=""""","=""3.3e+05""",D+,"=""13.32785705""","=""15.3594356""","=""3s2.3p5.(2P*<1/2>).4p""","=""2[1/2]""","=""1""","=""3s2.3p5.(2P*<1/2>).7s""","=""2[1/2]*""","=""1""",,"=""T1218n""","=""""",
"=""""","=""610.4590""","=""""","=""""","=""3.4e+05""",D,"=""13.32785705""","=""15.3582946""","=""3s2.3p5.(2P*<1/2>).4p""","=""2[1/2]""","=""1""","=""3s2.3p5.(2P*<1/2>).7s""","=""2[1/2]*""","=""0""",,"=""T1218n""","=""""",
"=""610.5635""","=""610.56348""","=""""","=""10""","=""1.21e+06""",C,"=""13.28263902""","=""15.31272913""","=""3s2.3p5.(2P*<1/2>).4p""","=""2[3/2]""","=""1""","=""3s2.3p5.(2P*<1/2>).5d""","=""2[5/2]*""","=""2""",,"=""T1218n""","=""L2634""",
"=""""","=""611.34657""","=""""","=""""","=""4.7e+04""",D+,"=""13.15314387""","=""15.18063359""","=""3s2.3p5.(2P*<3/2>).4p""","=""2[3/2]""","=""1""","=""3s2.3p5.(2P*<3/2>).7s""","=""2[3/2]*""","=""2""",,"=""T1218n""","=""""",
"=""""","=""611.96565""","=""""","=""""","=""5.1e+04""",D+,"=""13.28263902""","=""15.30807770""","=""3s2.3p5.(2P*<1/2>).4p""","=""2[3/2]""","=""1""","=""3s2.3p5.(2P*<3/2>).6d""","=""2[1/2]*""","=""1""",,"=""T1218n""","=""""",
"=""""","=""612.1879""","=""""","=""""","=""1.3e+04""",D,"=""13.32785705""","=""15.3525603""","=""3s2.3p5.(2P*<1/2>).4p""","=""2[1/2]""","=""1""","=""3s2.3p5.(2P*<3/2>).6d""","=""2[5/2]*""","=""2""",,"=""T1164n""","=""""",
"=""""","=""612.74159""","=""""","=""""","=""1.1e+05""",D+,"=""13.09487256""","=""15.11774638""","=""3s2.3p5.(2P*<3/2>).4p""","=""2[5/2]""","=""2""","=""3s2.3p5.(2P*<3/2>).5d""","=""2[1/2]*""","=""1""",,"=""T1218n""","=""""",
"=""""","=""612.8724""","=""""","=""""","=""8.6e+04""",D,"=""13.32785705""","=""15.3502992""","=""3s2.3p5.(2P*<1/2>).4p""","=""2[1/2]""","=""1""","=""3s2.3p5.(2P*<3/2>).6d""","=""2[3/2]*""","=""2""",,"=""T1164n""","=""""",
"=""614.5441""","=""614.54412""","=""""","=""10""","=""7.6e+05""",C,"=""13.30222747""","=""15.31916801""","=""3s2.3p5.(2P*<1/2>).4p""","=""2[3/2]""","=""2""","=""3s2.3p5.(2P*<1/2>).5d""","=""2[5/2]*""","=""3""",,"=""T1218n""","=""L2634""",
"=""""","=""615.52382""","=""""","=""""","=""5.1e+05""",D,"=""13.17177770""","=""15.18550800""","=""3s2.3p5.(2P*<3/2>).4p""","=""2[3/2]""","=""2""","=""3s2.3p5.(2P*<3/2>).7s""","=""2[3/2]*""","=""1""",,"=""T1218n""","=""""",
"=""""","=""616.51229""","=""""","=""""","=""9.89e+04""",C,"=""13.30222747""","=""15.31272913""","=""3s2.3p5.(2P*<1/2>).4p""","=""2[3/2]""","=""2""","=""3s2.3p5.(2P*<1/2>).5d""","=""2[5/2]*""","=""2""",,"=""T1218n""","=""""",
"=""617.0174""","=""617.01738""","=""""","=""7""","=""5.0e+05""",C,"=""13.17177770""","=""15.18063359""","=""3s2.3p5.(2P*<3/2>).4p""","=""2[3/2]""","=""2""","=""3s2.3p5.(2P*<3/2>).7s""","=""2[3/2]*""","=""2""",,"=""T1218n""","=""L2634""",
"=""617.3096""","=""617.3096""","=""""","=""10""","=""6.7e+05""",C,"=""13.15314387""","=""15.1610486""","=""3s2.3p5.(2P*<3/2>).4p""","=""2[3/2]""","=""1""","=""3s2.3p5.(2P*<3/2>).5d""","=""2[5/2]*""","=""2""",,"=""T1218n""","=""L2634""",
"=""""","=""617.94195""","=""""","=""""","=""6.6e+04""",D,"=""13.30222747""","=""15.30807770""","=""3s2.3p5.(2P*<1/2>).4p""","=""2[3/2]""","=""2""","=""3s2.3p5.(2P*<3/2>).6d""","=""2[1/2]*""","=""1""",,"=""T1218n""","=""""",
"=""621.2503""","=""621.2503""","=""""","=""10""","=""3.9e+05""",D+,"=""13.17177770""","=""15.1669463""","=""3s2.3p5.(2P*<3/2>).4p""","=""2[3/2]""","=""2""","=""3s2.3p5.(2P*<3/2>).5d""","=""2[5/2]*""","=""3""",,"=""T1218n""","=""L2634""",
"=""621.5938""","=""621.59387""","=""""","=""5""","=""5.7e+05""",D+,"=""13.30222747""","=""15.29629325""","=""3s2.3p5.(2P*<1/2>).4p""","=""2[3/2]""","=""2""","=""3s2.3p5.(2P*<1/2>).5d""","=""2[3/2]*""","=""2""",,"=""T1218n""","=""L2634""",
"=""""","=""623.0921""","=""""","=""""","=""1.2e+04""",D,"=""13.17177770""","=""15.1610486""","=""3s2.3p5.(2P*<3/2>).4p""","=""2[3/2]""","=""2""","=""3s2.3p5.(2P*<3/2>).5d""","=""2[5/2]*""","=""2""",,"=""T1164n""","=""""",
"=""""","=""624.3390""","=""""","=""""","=""1.3e+05""",D,"=""13.32785705""","=""15.3131553""","=""3s2.3p5.(2P*<1/2>).4p""","=""2[1/2]""","=""1""","=""3s2.3p5.(2P*<3/2>).6d""","=""2[1/2]*""","=""0""",,"=""T1218n""","=""""",
"=""""","=""624.47304""","=""""","=""""","=""2.0e+04""",D,"=""13.32785705""","=""15.31272913""","=""3s2.3p5.(2P*<1/2>).4p""","=""2[1/2]""","=""1""","=""3s2.3p5.(2P*<1/2>).5d""","=""2[5/2]*""","=""2""",,"=""T1218n""","=""""",
"=""""","=""624.84057""","=""""","=""""","=""6.8e+04""",D,"=""13.15314387""","=""15.13684847""","=""3s2.3p5.(2P*<3/2>).4p""","=""2[3/2]""","=""1""","=""3s2.3p5.(2P*<3/2>).5d""","=""2[3/2]*""","=""2""",,"=""T1218n""","=""""",
"=""""","=""627.86454""","=""""","=""""","=""2.0e+04""",D,"=""13.17177770""","=""15.14592830""","=""3s2.3p5.(2P*<3/2>).4p""","=""2[3/2]""","=""2""","=""3s2.3p5.(2P*<3/2>).5d""","=""2[7/2]*""","=""3""",,"=""T1218n""","=""""",
"=""629.6872""","=""629.68726""","=""""","=""7""","=""9.0e+05""",D+,"=""13.32785705""","=""15.29629325""","=""3s2.3p5.(2P*<1/2>).4p""","=""2[1/2]""","=""1""","=""3s2.3p5.(2P*<1/2>).5d""","=""2[3/2]*""","=""2""",,"=""T1218n""","=""L2634""",
"=""630.7657""","=""630.76569""","=""""","=""15""","=""6.0e+05""",D+,"=""13.17177770""","=""15.13684847""","=""3s2.3p5.(2P*<3/2>).4p""","=""2[3/2]""","=""2""","=""3s2.3p5.(2P*<3/2>).5d""","=""2[3/2]*""","=""2""",,"=""T1218n""","=""L2634""",
"=""""","=""630.91603""","=""""","=""""","=""7.6e+04""",D,"=""13.15314387""","=""15.11774638""","=""3s2.3p5.(2P*<3/2>).4p""","=""2[3/2]""","=""1""","=""3s2.3p5.(2P*<3/2>).5d""","=""2[1/2]*""","=""1""",,"=""T1218n""","=""""",
"=""""","=""636.48937""","=""""","=""""","=""5.6e+05""",D+,"=""13.15314387""","=""15.10054371""","=""3s2.3p5.(2P*<3/2>).4p""","=""2[3/2]""","=""1""","=""3s2.3p5.(2P*<3/2>).5d""","=""2[1/2]*""","=""0""",,"=""T1218n""","=""""",
"=""636.9575""","=""636.95748""","=""""","=""7""","=""4.2e+05""",D+,"=""13.17177770""","=""15.11774638""","=""3s2.3p5.(2P*<3/2>).4p""","=""2[3/2]""","=""2""","=""3s2.3p5.(2P*<3/2>).5d""","=""2[1/2]*""","=""1""",,"=""T1218n""","=""L2634""",
"=""638.4717""","=""638.47167""","=""""","=""20""","=""4.21e+05""",C,"=""12.90701530""","=""14.84836899""","=""3s2.3p5.(2P*<3/2>).4p""","=""2[1/2]""","=""1""","=""3s2.3p5.(2P*<3/2>).6s""","=""2[3/2]*""","=""1""",,"=""T1218n""","=""L2634""",
"=""641.6307""","=""641.63067""","=""""","=""70""","=""1.16e+06""",C,"=""12.90701530""","=""14.83881100""","=""3s2.3p5.(2P*<3/2>).4p""","=""2[1/2]""","=""1""","=""3s2.3p5.(2P*<3/2>).6s""","=""2[3/2]*""","=""2""",,"=""T1218n""","=""L2634""",
"=""""","=""643.15549""","=""""","=""""","=""5.1e+04""",D,"=""13.09487256""","=""15.02208834""","=""3s2.3p5.(2P*<3/2>).4p""","=""2[5/2]""","=""2""","=""3s2.3p5.(2P*<1/2>).6s""","=""2[1/2]*""","=""1""",,"=""T1218n""","=""""",
"=""""","=""646.6552""","=""""","=""""","=""1.5e+05""",D,"=""13.27303810""","=""15.1898239""","=""3s2.3p5.(2P*<3/2>).4p""","=""2[1/2]""","=""0""","=""3s2.3p5.(2P*<3/2>).5d""","=""2[3/2]*""","=""1""",,"=""T1218n""","=""""",
"=""""","=""648.11450""","=""""","=""""","=""9.4e+04""",D,"=""13.27303810""","=""15.18550800""","=""3s2.3p5.(2P*<3/2>).4p""","=""2[1/2]""","=""0""","=""3s2.3p5.(2P*<3/2>).7s""","=""2[3/2]*""","=""1""",,"=""T1218n""","=""""",
"=""""","=""649.39688""","=""""","=""""","=""3.1e+04""",D,"=""13.09487256""","=""15.00356588""","=""3s2.3p5.(2P*<3/2>).4p""","=""2[5/2]""","=""2""","=""3s2.3p5.(2P*<1/2>).4d""","=""2[3/2]*""","=""1""",,"=""T1164n""","=""""",
"=""""","=""651.38458""","=""""","=""""","=""5.4e+04""",D,"=""13.28263902""","=""15.18550800""","=""3s2.3p5.(2P*<1/2>).4p""","=""2[3/2]""","=""1""","=""3s2.3p5.(2P*<3/2>).7s""","=""2[3/2]*""","=""1""",,"=""T1164n""","=""""",
"=""653.8112""","=""653.81117""","=""""","=""15""","=""1.1e+05""",D+,"=""13.07571571""","=""14.97152236""","=""3s2.3p5.(2P*<3/2>).4p""","=""2[5/2]""","=""3""","=""3s2.3p5.(2P*<1/2>).4d""","=""2[5/2]*""","=""3""",,"=""T1218n""","=""L2634""",
"=""""","=""659.61134""","=""""","=""""","=""2.3e+04""",D,"=""13.07571571""","=""14.95485204""","=""3s2.3p5.(2P*<3/2>).4p""","=""2[5/2]""","=""3""","=""3s2.3p5.(2P*<1/2>).4d""","=""2[5/2]*""","=""2""",,"=""T1164n""","=""""",
"=""""","=""659.86776""","=""""","=""""","=""3.6e+04""",D,"=""13.30222747""","=""15.18063359""","=""3s2.3p5.(2P*<1/2>).4p""","=""2[3/2]""","=""2""","=""3s2.3p5.(2P*<3/2>).7s""","=""2[3/2]*""","=""2""",,"=""T1164n""","=""""",
"=""""","=""660.40114""","=""""","=""""","=""2.8e+05""",D+,"=""13.07571571""","=""14.95260474""","=""3s2.3p5.(2P*<3/2>).4p""","=""2[5/2]""","=""3""","=""3s2.3p5.(2P*<1/2>).4d""","=""2[3/2]*""","=""2""",,"=""T1218n""","=""""",
"=""660.4853""","=""660.48532""","=""""","=""15""","=""1.3e+04""",D,"=""13.09487256""","=""14.97152236""","=""3s2.3p5.(2P*<3/2>).4p""","=""2[5/2]""","=""2""","=""3s2.3p5.(2P*<1/2>).4d""","=""2[5/2]*""","=""3""",,"=""T1218n""","=""L2634""",
"=""""","=""663.20841""","=""""","=""""","=""5.3e+04""",D,"=""13.15314387""","=""15.02208834""","=""3s2.3p5.(2P*<3/2>).4p""","=""2[3/2]""","=""1""","=""3s2.3p5.(2P*<1/2>).6s""","=""2[1/2]*""","=""1""",,"=""T1218n""","=""""",
"=""""","=""665.6938""","=""""","=""""","=""3.1e+04""",D,"=""13.32785705""","=""15.1898239""","=""3s2.3p5.(2P*<1/2>).4p""","=""2[1/2]""","=""1""","=""3s2.3p5.(2P*<3/2>).5d""","=""2[3/2]*""","=""1""",,"=""T1164n""","=""""",
"=""666.0676""","=""666.0677""","=""""","=""5""","=""7.8e+05""",D,"=""13.15314387""","=""15.0140655""","=""3s2.3p5.(2P*<3/2>).4p""","=""2[3/2]""","=""1""","=""3s2.3p5.(2P*<1/2>).6s""","=""2[1/2]*""","=""0""",,"=""T1218n""","=""L2634""",
"=""666.4051""","=""666.40506""","=""""","=""5""","=""1.5e+05""",D+,"=""13.09487256""","=""14.95485204""","=""3s2.3p5.(2P*<3/2>).4p""","=""2[5/2]""","=""2""","=""3s2.3p5.(2P*<1/2>).4d""","=""2[5/2]*""","=""2""",,"=""T1218n""","=""L2634""",
"=""667.7282""","=""667.72811""","=""""","=""100""","=""2.36e+05""",B,"=""11.62359272""","=""13.47988682""","=""3s2.3p5.(2P*<3/2>).4s""","=""2[3/2]*""","=""1""","=""3s2.3p5.(2P*<1/2>).4p""","=""2[1/2]""","=""0""",,"=""T5223""","=""L2634""",
"=""""","=""668.47883""","=""""","=""""","=""3.9e+04""",D,"=""13.28263902""","=""15.13684847""","=""3s2.3p5.(2P*<1/2>).4p""","=""2[3/2]""","=""1""","=""3s2.3p5.(2P*<3/2>).5d""","=""2[3/2]*""","=""2""",,"=""T1218n""","=""""",
"=""""","=""669.84708""","=""""","=""""","=""2.5e+04""",D,"=""13.15314387""","=""15.00356588""","=""3s2.3p5.(2P*<3/2>).4p""","=""2[3/2]""","=""1""","=""3s2.3p5.(2P*<1/2>).4d""","=""2[3/2]*""","=""1""",,"=""T1218n""","=""""",
"=""""","=""669.88740""","=""""","=""""","=""1.6e+05""",D+,"=""13.17177770""","=""15.02208834""","=""3s2.3p5.(2P*<3/2>).4p""","=""2[3/2]""","=""2""","=""3s2.3p5.(2P*<1/2>).6s""","=""2[1/2]*""","=""1""",,"=""T1218n""","=""""",
"=""""","=""671.92185""","=""""","=""""","=""2.4e+05""",D,"=""13.27303810""","=""15.11774638""","=""3s2.3p5.(2P*<3/2>).4p""","=""2[1/2]""","=""0""","=""3s2.3p5.(2P*<3/2>).5d""","=""2[1/2]*""","=""1""",,"=""T1218n""","=""""",
"=""""","=""672.28901""","=""""","=""""","=""3.2e+04""",D,"=""13.30222747""","=""15.14592830""","=""3s2.3p5.(2P*<1/2>).4p""","=""2[3/2]""","=""2""","=""3s2.3p5.(2P*<3/2>).5d""","=""2[7/2]*""","=""3""",,"=""T1218n""","=""""",
"=""675.2834""","=""675.28335""","=""""","=""150""","=""1.93e+06""",C,"=""12.90701530""","=""14.74254085""","=""3s2.3p5.(2P*<3/2>).4p""","=""2[1/2]""","=""1""","=""3s2.3p5.(2P*<3/2>).4d""","=""2[3/2]*""","=""2""",,"=""T1218n""","=""L2634""",
"=""""","=""675.43724""","=""""","=""""","=""2.1e+05""",D,"=""13.28263902""","=""15.11774638""","=""3s2.3p5.(2P*<1/2>).4p""","=""2[3/2]""","=""1""","=""3s2.3p5.(2P*<3/2>).5d""","=""2[1/2]*""","=""1""",,"=""T1218n""","=""""",
"=""675.6163""","=""675.61630""","=""""","=""5""","=""3.6e+05""",D+,"=""13.30222747""","=""15.13684847""","=""3s2.3p5.(2P*<1/2>).4p""","=""2[3/2]""","=""2""","=""3s2.3p5.(2P*<3/2>).5d""","=""2[3/2]*""","=""2""",,"=""T1218n""","=""L2634""",
"=""676.6612""","=""676.66113""","=""""","=""15""","=""4.0e+05""",D+,"=""13.17177770""","=""15.00356588""","=""3s2.3p5.(2P*<3/2>).4p""","=""2[3/2]""","=""2""","=""3s2.3p5.(2P*<1/2>).4d""","=""2[3/2]*""","=""1""",,"=""T1218n""","=""L2634""",
"=""""","=""677.99259""","=""""","=""""","=""1.21e+05""",C,"=""13.47988682""","=""15.30807770""","=""3s2.3p5.(2P*<1/2>).4p""","=""2[1/2]""","=""0""","=""3s2.3p5.(2P*<3/2>).6d""","=""2[1/2]*""","=""1""",,"=""T1164n""","=""""",
"=""""","=""681.82888""","=""""","=""""","=""2.0e+05""",D,"=""13.28263902""","=""15.10054371""","=""3s2.3p5.(2P*<1/2>).4p""","=""2[3/2]""","=""1""","=""3s2.3p5.(2P*<3/2>).5d""","=""2[1/2]*""","=""0""",,"=""T1218n""","=""""",
"=""""","=""682.72488""","=""""","=""""","=""2.4e+05""",D,"=""13.30222747""","=""15.11774638""","=""3s2.3p5.(2P*<1/2>).4p""","=""2[3/2]""","=""2""","=""3s2.3p5.(2P*<3/2>).5d""","=""2[1/2]*""","=""1""",,"=""T1218n""","=""""",
"=""""","=""685.18842""","=""""","=""""","=""6.7e+04""",D,"=""13.32785705""","=""15.13684847""","=""3s2.3p5.(2P*<1/2>).4p""","=""2[1/2]""","=""1""","=""3s2.3p5.(2P*<3/2>).5d""","=""2[3/2]*""","=""2""",,"=""T1218n""","=""""",
"=""687.1289""","=""687.12889""","=""""","=""150""","=""2.78e+06""",C,"=""12.90701530""","=""14.71089810""","=""3s2.3p5.(2P*<3/2>).4p""","=""2[1/2]""","=""1""","=""3s2.3p5.(2P*<3/2>).4d""","=""2[1/2]*""","=""1""",,"=""T1218n""","=""L2634""",
"=""687.9582""","=""687.95825""","=""""","=""5""","=""1.8e+05""",D+,"=""13.15314387""","=""14.95485204""","=""3s2.3p5.(2P*<3/2>).4p""","=""2[3/2]""","=""1""","=""3s2.3p5.(2P*<1/2>).4d""","=""2[5/2]*""","=""2""",,"=""T1218n""","=""L2634""",
"=""""","=""688.70882""","=""""","=""""","=""1.3e+05""",D+,"=""13.17177770""","=""14.97152236""","=""3s2.3p5.(2P*<3/2>).4p""","=""2[3/2]""","=""2""","=""3s2.3p5.(2P*<1/2>).4d""","=""2[5/2]*""","=""3""",,"=""T1218n""","=""""",
"=""688.8174""","=""688.81743""","=""""","=""10""","=""2.5e+05""",D+,"=""13.15314387""","=""14.95260474""","=""3s2.3p5.(2P*<3/2>).4p""","=""2[3/2]""","=""1""","=""3s2.3p5.(2P*<1/2>).4d""","=""2[3/2]*""","=""2""",,"=""T1218n""","=""L2634""",
"=""""","=""692.50094""","=""""","=""""","=""1.2e+05""",D+,"=""13.32785705""","=""15.11774638""","=""3s2.3p5.(2P*<1/2>).4p""","=""2[1/2]""","=""1""","=""3s2.3p5.(2P*<3/2>).5d""","=""2[1/2]*""","=""1""",,"=""T1218n""","=""""",
"=""693.7664""","=""693.7664""","=""""","=""50""","=""3.08e+06""",C,"=""12.90701530""","=""14.6936397""","=""3s2.3p5.(2P*<3/2>).4p""","=""2[1/2]""","=""1""","=""3s2.3p5.(2P*<3/2>).4d""","=""2[1/2]*""","=""0""",,"=""T1218n""","=""L2634""",
"=""695.1478""","=""695.14774""","=""""","=""7""","=""2.2e+05""",D,"=""13.17177770""","=""14.95485204""","=""3s2.3p5.(2P*<3/2>).4p""","=""2[3/2]""","=""2""","=""3s2.3p5.(2P*<1/2>).4d""","=""2[5/2]*""","=""2""",,"=""T1218n""","=""L2634""",
"=""696.0250""","=""696.02498""","=""""","=""7""","=""2.4e+05""",D,"=""13.17177770""","=""14.95260474""","=""3s2.3p5.(2P*<3/2>).4p""","=""2[3/2]""","=""2""","=""3s2.3p5.(2P*<1/2>).4d""","=""2[3/2]*""","=""2""",,"=""T1218n""","=""L2634""",
"=""696.5431""","=""696.54300""","=""""","=""10000""","=""6.4e+06""",B+,"=""11.54835442""","=""13.32785705""","=""3s2.3p5.(2P*<3/2>).4s""","=""2[3/2]*""","=""2""","=""3s2.3p5.(2P*<1/2>).4p""","=""2[1/2]""","=""1""",,"=""T5223""","=""L2634""",
"=""""","=""699.22122""","=""""","=""""","=""7.5e+05""",D+,"=""13.32785705""","=""15.10054371""","=""3s2.3p5.(2P*<1/2>).4p""","=""2[1/2]""","=""1""","=""3s2.3p5.(2P*<3/2>).5d""","=""2[1/2]*""","=""0""",,"=""T1218n""","=""""",
"=""703.0251""","=""703.02507""","=""""","=""150""","=""2.67e+06""",C,"=""13.07571571""","=""14.83881100""","=""3s2.3p5.(2P*<3/2>).4p""","=""2[5/2]""","=""3""","=""3s2.3p5.(2P*<3/2>).6s""","=""2[3/2]*""","=""2""",,"=""T1218n""","=""L2634""",
"=""706.7218""","=""706.72175""","=""""","=""10000""","=""3.8e+06""",B,"=""11.54835442""","=""13.30222747""","=""3s2.3p5.(2P*<3/2>).4s""","=""2[3/2]*""","=""2""","=""3s2.3p5.(2P*<1/2>).4p""","=""2[3/2]""","=""2""",,"=""T5223""","=""L2634""",
"=""706.8736""","=""706.87354""","=""""","=""100""","=""2.0e+06""",D+,"=""13.09487256""","=""14.84836899""","=""3s2.3p5.(2P*<3/2>).4p""","=""2[5/2]""","=""2""","=""3s2.3p5.(2P*<3/2>).6s""","=""2[3/2]*""","=""1""",,"=""T1218n""","=""L2634""",
"=""""","=""708.67047""","=""""","=""""","=""1.5e+05""",D+,"=""13.27303810""","=""15.02208834""","=""3s2.3p5.(2P*<3/2>).4p""","=""2[1/2]""","=""0""","=""3s2.3p5.(2P*<1/2>).6s""","=""2[1/2]*""","=""1""",,"=""T1218n""","=""""",
"=""710.7478""","=""710.74772""","=""""","=""25""","=""4.5e+05""",D+,"=""13.09487256""","=""14.83881100""","=""3s2.3p5.(2P*<3/2>).4p""","=""2[5/2]""","=""2""","=""3s2.3p5.(2P*<3/2>).6s""","=""2[3/2]*""","=""2""",,"=""T1218n""","=""L2634""",
"=""712.5820""","=""712.58201""","=""""","=""25""","=""6.0e+05""",D+,"=""13.28263902""","=""15.02208834""","=""3s2.3p5.(2P*<1/2>).4p""","=""2[3/2]""","=""1""","=""3s2.3p5.(2P*<1/2>).6s""","=""2[1/2]*""","=""1""",,"=""T1218n""","=""L2634""",
"=""714.7042""","=""714.70410""","=""""","=""1000""","=""6.3e+05""",B,"=""11.54835442""","=""13.28263902""","=""3s2.3p5.(2P*<3/2>).4s""","=""2[3/2]*""","=""2""","=""3s2.3p5.(2P*<1/2>).4p""","=""2[3/2]""","=""1""",,"=""T5223""","=""L2634""",
"=""715.8839""","=""715.8839""","=""""","=""15""","=""2.1e+06""",D+,"=""13.28263902""","=""15.0140655""","=""3s2.3p5.(2P*<1/2>).4p""","=""2[3/2]""","=""1""","=""3s2.3p5.(2P*<1/2>).6s""","=""2[1/2]*""","=""0""",,"=""T1218n""","=""L2634""",
"=""""","=""716.25567""","=""""","=""""","=""5.8e+04""",D,"=""13.27303810""","=""15.00356588""","=""3s2.3p5.(2P*<3/2>).4p""","=""2[1/2]""","=""0""","=""3s2.3p5.(2P*<1/2>).4d""","=""2[3/2]*""","=""1""",,"=""T1218n""","=""""",
"=""720.6980""","=""720.69805""","=""""","=""70""","=""2.48e+06""",C,"=""13.30222747""","=""15.02208834""","=""3s2.3p5.(2P*<1/2>).4p""","=""2[3/2]""","=""2""","=""3s2.3p5.(2P*<1/2>).6s""","=""2[1/2]*""","=""1""",,"=""T1218n""","=""L2634""",
"=""""","=""722.994""","=""""","=""""","=""6.6e+04""",D,"=""13.09487256""","=""14.809272""","=""3s2.3p5.(2P*<3/2>).4p""","=""2[5/2]""","=""2""","=""3s2.3p5.(2P*<3/2>).4d""","=""2[5/2]*""","=""2""",,"=""T1218n""","=""""",
"=""726.5172""","=""726.517""","=""""","=""15""","=""1.7e+05""",D,"=""13.15314387""","=""14.859230""","=""3s2.3p5.(2P*<3/2>).4p""","=""2[3/2]""","=""1""","=""3s2.3p5.(2P*<3/2>).4d""","=""2[3/2]*""","=""1""",,"=""T1218n""","=""L2634""",
"=""727.0664""","=""727.067""","=""""","=""7""","=""1.1e+05""",D,"=""13.07571571""","=""14.780512""","=""3s2.3p5.(2P*<3/2>).4p""","=""2[5/2]""","=""3""","=""3s2.3p5.(2P*<3/2>).4d""","=""2[7/2]*""","=""3""",,"=""T1218n""","=""L2634""",
"=""727.2936""","=""727.29354""","=""""","=""2000""","=""1.83e+06""",B+,"=""11.62359272""","=""13.32785705""","=""3s2.3p5.(2P*<3/2>).4s""","=""2[3/2]*""","=""1""","=""3s2.3p5.(2P*<1/2>).4p""","=""2[1/2]""","=""1""",,"=""T5223""","=""L2634""",
"=""""","=""728.54433""","=""""","=""""","=""1.2e+05""",D,"=""13.30222747""","=""15.00356588""","=""3s2.3p5.(2P*<1/2>).4p""","=""2[3/2]""","=""2""","=""3s2.3p5.(2P*<1/2>).4d""","=""2[3/2]*""","=""1""",,"=""T1218n""","=""""",
"=""731.1716""","=""731.17161""","=""""","=""35""","=""1.7e+06""",D+,"=""13.15314387""","=""14.84836899""","=""3s2.3p5.(2P*<3/2>).4p""","=""2[3/2]""","=""1""","=""3s2.3p5.(2P*<3/2>).6s""","=""2[3/2]*""","=""1""",,"=""T1218n""","=""L2634""",
"=""731.6005""","=""731.60052""","=""""","=""25""","=""9.6e+05""",D+,"=""13.32785705""","=""15.02208834""","=""3s2.3p5.(2P*<1/2>).4p""","=""2[1/2]""","=""1""","=""3s2.3p5.(2P*<1/2>).6s""","=""2[1/2]*""","=""1""",,"=""T1218n""","=""L2634""",
"=""735.0814""","=""735.0814""","=""""","=""5""","=""1.2e+06""",D+,"=""13.32785705""","=""15.0140655""","=""3s2.3p5.(2P*<1/2>).4p""","=""2[1/2]""","=""1""","=""3s2.3p5.(2P*<1/2>).6s""","=""2[1/2]*""","=""0""",,"=""T1218n""","=""L2634""",
"=""""","=""735.31749""","=""""","=""""","=""2.1e+05""",E,"=""13.15314387""","=""14.83881100""","=""3s2.3p5.(2P*<3/2>).4p""","=""2[3/2]""","=""1""","=""3s2.3p5.(2P*<3/2>).6s""","=""2[3/2]*""","=""2""",,"=""T1203""","=""""",
"=""735.3293""","=""735.330""","=""""","=""70""","=""9.6e+05""",D+,"=""13.09487256""","=""14.780512""","=""3s2.3p5.(2P*<3/2>).4p""","=""2[5/2]""","=""2""","=""3s2.3p5.(2P*<3/2>).4d""","=""2[7/2]*""","=""3""",,"=""T1218n""","=""L2634""",
"=""737.2118""","=""737.2117""","=""""","=""200""","=""1.9e+06""",D+,"=""13.07571571""","=""14.7570516""","=""3s2.3p5.(2P*<3/2>).4p""","=""2[5/2]""","=""3""","=""3s2.3p5.(2P*<3/2>).4d""","=""2[7/2]*""","=""4""",,"=""T1218n""","=""L2634""",
"=""738.3980""","=""738.39801""","=""""","=""10000""","=""8.5e+06""",B,"=""11.62359272""","=""13.30222747""","=""3s2.3p5.(2P*<3/2>).4s""","=""2[3/2]*""","=""1""","=""3s2.3p5.(2P*<1/2>).4p""","=""2[3/2]""","=""2""",,"=""T5223""","=""L2634""",
"=""739.2980""","=""739.29798""","=""""","=""20""","=""7.2e+05""",D+,"=""13.17177770""","=""14.84836899""","=""3s2.3p5.(2P*<3/2>).4p""","=""2[3/2]""","=""2""","=""3s2.3p5.(2P*<3/2>).6s""","=""2[3/2]*""","=""1""",,"=""T1218n""","=""L2634""",
"=""741.2337""","=""741.23366""","=""""","=""15""","=""3.9e+05""",D+,"=""13.28263902""","=""14.95485204""","=""3s2.3p5.(2P*<1/2>).4p""","=""2[3/2]""","=""1""","=""3s2.3p5.(2P*<1/2>).4d""","=""2[5/2]*""","=""2""",,"=""T1218n""","=""L2634""",
"=""""","=""742.23116""","=""""","=""""","=""6.6e+04""",D,"=""13.28263902""","=""14.95260474""","=""3s2.3p5.(2P*<1/2>).4p""","=""2[3/2]""","=""1""","=""3s2.3p5.(2P*<1/2>).4d""","=""2[3/2]*""","=""2""",,"=""T1218n""","=""""",
"=""742.5294""","=""742.52943""","=""""","=""10""","=""3.1e+05""",D,"=""13.30222747""","=""14.97152236""","=""3s2.3p5.(2P*<1/2>).4p""","=""2[3/2]""","=""2""","=""3s2.3p5.(2P*<1/2>).4d""","=""2[5/2]*""","=""3""",,"=""T1218n""","=""L2634""",
"=""743.5368""","=""743.53680""","=""""","=""25""","=""9.0e+05""",D+,"=""13.17177770""","=""14.83881100""","=""3s2.3p5.(2P*<3/2>).4p""","=""2[3/2]""","=""2""","=""3s2.3p5.(2P*<3/2>).6s""","=""2[3/2]*""","=""2""",,"=""T1218n""","=""L2634""",
"=""743.6297""","=""743.62965""","=""""","=""10""","=""2.7e+05""",D,"=""13.07571571""","=""14.74254085""","=""3s2.3p5.(2P*<3/2>).4p""","=""2[5/2]""","=""3""","=""3s2.3p5.(2P*<3/2>).4d""","=""2[3/2]*""","=""2""",,"=""T1218n""","=""L2634""",
"=""""","=""747.11636""","=""""","=""""","=""2.20e+04""",B,"=""11.62359272""","=""13.28263902""","=""3s2.3p5.(2P*<3/2>).4s""","=""2[3/2]*""","=""1""","=""3s2.3p5.(2P*<1/2>).4p""","=""2[3/2]""","=""1""",,"=""T5223""","=""""",
"=""""","=""748.433""","=""""","=""""","=""3.4e+05""",D+,"=""13.15314387""","=""14.809272""","=""3s2.3p5.(2P*<3/2>).4p""","=""2[3/2]""","=""1""","=""3s2.3p5.(2P*<3/2>).4d""","=""2[5/2]*""","=""2""",,"=""T1218n""","=""""",
"=""750.3869""","=""750.38680""","=""""","=""20000""","=""4.5e+07""",B,"=""11.82807116""","=""13.47988682""","=""3s2.3p5.(2P*<1/2>).4s""","=""2[1/2]*""","=""1""","=""3s2.3p5.(2P*<1/2>).4p""","=""2[1/2]""","=""0""",,"=""T5223""","=""L2634""",
"=""""","=""751.04080""","=""""","=""""","=""4.5e+05""",D,"=""13.30222747""","=""14.95260474""","=""3s2.3p5.(2P*<1/2>).4p""","=""2[3/2]""","=""2""","=""3s2.3p5.(2P*<1/2>).4d""","=""2[3/2]*""","=""2""",,"=""T1164n""","=""""",
"=""751.4652""","=""751.46512""","=""""","=""15000""","=""4.0e+07""",B,"=""11.62359272""","=""13.27303810""","=""3s2.3p5.(2P*<3/2>).4s""","=""2[3/2]*""","=""1""","=""3s2.3p5.(2P*<3/2>).4p""","=""2[1/2]""","=""0""",,"=""T5223""","=""L2634""",
"=""""","=""761.83441""","=""""","=""""","=""2.9e+05""",D,"=""13.32785705""","=""14.95485204""","=""3s2.3p5.(2P*<1/2>).4p""","=""2[1/2]""","=""1""","=""3s2.3p5.(2P*<1/2>).4d""","=""2[5/2]*""","=""2""",,"=""T1218n""","=""""",
"=""""","=""762.88816""","=""""","=""""","=""2.9e+05""",D,"=""13.32785705""","=""14.95260474""","=""3s2.3p5.(2P*<1/2>).4p""","=""2[1/2]""","=""1""","=""3s2.3p5.(2P*<1/2>).4d""","=""2[3/2]*""","=""2""",,"=""T1218n""","=""""",
"=""763.5106""","=""763.51054""","=""""","=""25000""","=""2.45e+07""",B,"=""11.54835442""","=""13.17177770""","=""3s2.3p5.(2P*<3/2>).4s""","=""2[3/2]*""","=""2""","=""3s2.3p5.(2P*<3/2>).4p""","=""2[3/2]""","=""2""",,"=""T5223""","=""L2634""",
"=""""","=""767.00571""","=""""","=""""","=""2.8e+05""",D,"=""13.09487256""","=""14.71089810""","=""3s2.3p5.(2P*<3/2>).4p""","=""2[5/2]""","=""2""","=""3s2.3p5.(2P*<3/2>).4d""","=""2[1/2]*""","=""1""",,"=""T1218n""","=""""",
"=""""","=""770.482""","=""""","=""""","=""6.3e+04""",D,"=""13.17177770""","=""14.780512""","=""3s2.3p5.(2P*<3/2>).4p""","=""2[3/2]""","=""2""","=""3s2.3p5.(2P*<3/2>).4d""","=""2[7/2]*""","=""3""",,"=""T1218n""","=""""",
"=""772.3761""","=""772.37600""","=""""","=""15000""","=""5.2e+06""",B+,"=""11.54835442""","=""13.15314387""","=""3s2.3p5.(2P*<3/2>).4s""","=""2[3/2]*""","=""2""","=""3s2.3p5.(2P*<3/2>).4p""","=""2[3/2]""","=""1""",,"=""T5223""","=""L2634""",
"=""772.4207""","=""772.42067""","=""""","=""10000""","=""1.17e+07""",B+,"=""11.72316039""","=""13.32785705""","=""3s2.3p5.(2P*<1/2>).4s""","=""2[1/2]*""","=""0""","=""3s2.3p5.(2P*<1/2>).4p""","=""2[1/2]""","=""1""",,"=""T5223""","=""L2634""",
"=""""","=""779.85609""","=""""","=""""","=""8.7e+04""",D+,"=""13.15314387""","=""14.74254085""","=""3s2.3p5.(2P*<3/2>).4p""","=""2[3/2]""","=""1""","=""3s2.3p5.(2P*<3/2>).4d""","=""2[3/2]*""","=""2""",,"=""T1218n""","=""""",
"=""""","=""786.81945""","=""""","=""""","=""3.50e+05""",C,"=""13.27303810""","=""14.84836899""","=""3s2.3p5.(2P*<3/2>).4p""","=""2[1/2]""","=""0""","=""3s2.3p5.(2P*<3/2>).6s""","=""2[3/2]*""","=""1""",,"=""T1218n""","=""""",
"=""789.1075""","=""789.10751""","=""""","=""10""","=""9.5e+05""",C,"=""13.17177770""","=""14.74254085""","=""3s2.3p5.(2P*<3/2>).4p""","=""2[3/2]""","=""2""","=""3s2.3p5.(2P*<3/2>).4d""","=""2[3/2]*""","=""2""",,"=""T1218n""","=""L2634""",
"=""""","=""791.64418""","=""""","=""""","=""1.2e+05""",D+,"=""13.28263902""","=""14.84836899""","=""3s2.3p5.(2P*<1/2>).4p""","=""2[3/2]""","=""1""","=""3s2.3p5.(2P*<3/2>).6s""","=""2[3/2]*""","=""1""",,"=""T1218n""","=""""",
"=""794.8176""","=""794.81759""","=""""","=""20000""","=""1.86e+07""",B,"=""11.72316039""","=""13.28263902""","=""3s2.3p5.(2P*<1/2>).4s""","=""2[1/2]*""","=""0""","=""3s2.3p5.(2P*<1/2>).4p""","=""2[3/2]""","=""1""",,"=""T5223""","=""L2634""",
"=""""","=""796.50647""","=""""","=""""","=""3.4e+04""",E,"=""13.28263902""","=""14.83881100""","=""3s2.3p5.(2P*<1/2>).4p""","=""2[3/2]""","=""1""","=""3s2.3p5.(2P*<3/2>).6s""","=""2[3/2]*""","=""2""",,"=""T1203""","=""""",
"=""800.6157""","=""800.61562""","=""""","=""20000""","=""4.9e+06""",C+,"=""11.62359272""","=""13.17177770""","=""3s2.3p5.(2P*<3/2>).4s""","=""2[3/2]*""","=""1""","=""3s2.3p5.(2P*<3/2>).4p""","=""2[3/2]""","=""2""",,"=""T5223""","=""L2634""",
"=""801.4786""","=""801.47854""","=""""","=""25000""","=""9.3e+06""",B,"=""11.54835442""","=""13.09487256""","=""3s2.3p5.(2P*<3/2>).4s""","=""2[3/2]*""","=""2""","=""3s2.3p5.(2P*<3/2>).4p""","=""2[5/2]""","=""2""",,"=""T5223""","=""L2634""",
"=""""","=""801.67376""","=""""","=""""","=""4.2e+03""",E,"=""13.30222747""","=""14.84836899""","=""3s2.3p5.(2P*<1/2>).4p""","=""2[3/2]""","=""2""","=""3s2.3p5.(2P*<3/2>).6s""","=""2[3/2]*""","=""1""",,"=""T1203""","=""""",
"=""""","=""803.72188""","=""""","=""""","=""3.59e+05""",C,"=""13.47988682""","=""15.02208834""","=""3s2.3p5.(2P*<1/2>).4p""","=""2[1/2]""","=""0""","=""3s2.3p5.(2P*<1/2>).6s""","=""2[1/2]*""","=""1""",,"=""T1218n""","=""""",
"=""""","=""804.6118""","=""""","=""""","=""1.12e+06""",C,"=""13.15314387""","=""14.6936397""","=""3s2.3p5.(2P*<3/2>).4p""","=""2[3/2]""","=""1""","=""3s2.3p5.(2P*<3/2>).4d""","=""2[1/2]*""","=""0""",,"=""T1218n""","=""""",
"=""805.3308""","=""805.33084""","=""""","=""7""","=""8.6e+05""",C,"=""13.17177770""","=""14.71089810""","=""3s2.3p5.(2P*<3/2>).4p""","=""2[3/2]""","=""2""","=""3s2.3p5.(2P*<3/2>).4d""","=""2[1/2]*""","=""1""",,"=""T1218n""","=""L2634""",
"=""""","=""806.66043""","=""""","=""""","=""1.4e+05""",D+,"=""13.30222747""","=""14.83881100""","=""3s2.3p5.(2P*<1/2>).4p""","=""2[3/2]""","=""2""","=""3s2.3p5.(2P*<3/2>).6s""","=""2[3/2]*""","=""2""",,"=""T1218n""","=""""",
"=""810.3693""","=""810.36921""","=""""","=""20000""","=""2.50e+07""",B+,"=""11.62359272""","=""13.15314387""","=""3s2.3p5.(2P*<3/2>).4s""","=""2[3/2]*""","=""1""","=""3s2.3p5.(2P*<3/2>).4p""","=""2[3/2]""","=""1""",,"=""T5223""","=""L2634""",
"=""811.5311""","=""811.53109""","=""""","=""35000""","=""3.3e+07""",B,"=""11.54835442""","=""13.07571571""","=""3s2.3p5.(2P*<3/2>).4s""","=""2[3/2]*""","=""2""","=""3s2.3p5.(2P*<3/2>).4p""","=""2[5/2]""","=""3""",,"=""T5223""","=""L2634""",
"=""""","=""815.18675""","=""""","=""""","=""3.3e+04""",E,"=""13.32785705""","=""14.84836899""","=""3s2.3p5.(2P*<1/2>).4p""","=""2[1/2]""","=""1""","=""3s2.3p5.(2P*<3/2>).6s""","=""2[3/2]*""","=""1""",,"=""T1203""","=""""",
"=""""","=""820.34348""","=""""","=""""","=""1.6e+05""",E,"=""13.32785705""","=""14.83881100""","=""3s2.3p5.(2P*<1/2>).4p""","=""2[1/2]""","=""1""","=""3s2.3p5.(2P*<3/2>).6s""","=""2[3/2]*""","=""2""",,"=""T1203""","=""""",
"=""826.4522""","=""826.45215""","=""""","=""10000""","=""1.53e+07""",B+,"=""11.82807116""","=""13.32785705""","=""3s2.3p5.(2P*<1/2>).4s""","=""2[1/2]*""","=""1""","=""3s2.3p5.(2P*<1/2>).4p""","=""2[1/2]""","=""1""",,"=""T5223""","=""L2634""",
"=""""","=""838.473""","=""""","=""""","=""2.4e+05""",D,"=""13.30222747""","=""14.780512""","=""3s2.3p5.(2P*<1/2>).4p""","=""2[3/2]""","=""2""","=""3s2.3p5.(2P*<3/2>).4d""","=""2[7/2]*""","=""3""",,"=""T1218n""","=""""",
"=""839.227""","=""""","=""""","=""20""","=""""",,"=""""","=""""","=""""","=""""","=""""","=""""","=""""","=""""",,"=""""","=""L2131""",
"=""840.8210""","=""840.82085""","=""""","=""15000""","=""2.23e+07""",B+,"=""11.82807116""","=""13.30222747""","=""3s2.3p5.(2P*<1/2>).4s""","=""2[1/2]*""","=""1""","=""3s2.3p5.(2P*<1/2>).4p""","=""2[3/2]""","=""2""",,"=""T5223""","=""L2634""",
"=""842.4648""","=""842.46473""","=""""","=""20000""","=""2.15e+07""",B+,"=""11.62359272""","=""13.09487256""","=""3s2.3p5.(2P*<3/2>).4s""","=""2[3/2]*""","=""1""","=""3s2.3p5.(2P*<3/2>).4p""","=""2[5/2]""","=""2""",,"=""T5223""","=""L2634""",
"=""""","=""849.03066""","=""""","=""""","=""9.6e+04""",D,"=""13.28263902""","=""14.74254085""","=""3s2.3p5.(2P*<1/2>).4p""","=""2[3/2]""","=""1""","=""3s2.3p5.(2P*<3/2>).4d""","=""2[3/2]*""","=""2""",,"=""T1218n""","=""""",
"=""852.1442""","=""852.14411""","=""""","=""15000""","=""1.39e+07""",B,"=""11.82807116""","=""13.28263902""","=""3s2.3p5.(2P*<1/2>).4s""","=""2[1/2]*""","=""1""","=""3s2.3p5.(2P*<1/2>).4p""","=""2[3/2]""","=""1""",,"=""T5223""","=""L2634""",
"=""860.5776""","=""860.57764""","=""""","=""7""","=""1.04e+06""",C,"=""13.30222747""","=""14.74254085""","=""3s2.3p5.(2P*<1/2>).4p""","=""2[3/2]""","=""2""","=""3s2.3p5.(2P*<3/2>).4d""","=""2[3/2]*""","=""2""",,"=""T1218n""","=""L2634""",
"=""""","=""862.04603""","=""""","=""""","=""9.2e+05""",C,"=""13.27303810""","=""14.71089810""","=""3s2.3p5.(2P*<3/2>).4p""","=""2[1/2]""","=""0""","=""3s2.3p5.(2P*<3/2>).4d""","=""2[1/2]*""","=""1""",,"=""T1218n""","=""""",
"=""866.7944""","=""866.79430""","=""""","=""4500""","=""2.43e+06""",B,"=""11.72316039""","=""13.15314387""","=""3s2.3p5.(2P*<1/2>).4s""","=""2[1/2]*""","=""0""","=""3s2.3p5.(2P*<3/2>).4p""","=""2[3/2]""","=""1""",,"=""T5223""","=""L2634""",
"=""""","=""876.16864""","=""""","=""""","=""9.5e+05""",D+,"=""13.32785705""","=""14.74254085""","=""3s2.3p5.(2P*<1/2>).4p""","=""2[1/2]""","=""1""","=""3s2.3p5.(2P*<3/2>).4d""","=""2[3/2]*""","=""2""",,"=""T1218n""","=""""",
"=""""","=""878.4557""","=""""","=""""","=""2.4e+05""",D,"=""13.28263902""","=""14.6936397""","=""3s2.3p5.(2P*<1/2>).4p""","=""2[3/2]""","=""1""","=""3s2.3p5.(2P*<3/2>).4d""","=""2[1/2]*""","=""0""",,"=""T1218n""","=""""",
"=""""","=""879.90874""","=""""","=""""","=""4.6e+05""",D+,"=""13.30222747""","=""14.71089810""","=""3s2.3p5.(2P*<1/2>).4p""","=""2[3/2]""","=""2""","=""3s2.3p5.(2P*<3/2>).4d""","=""2[1/2]*""","=""1""",,"=""T1218n""","=""""",
"=""884.991""","=""""","=""""","=""180""","=""""",,"=""""","=""""","=""""","=""""","=""""","=""""","=""""","=""""",,"=""""","=""L2131""",
"=""""","=""896.21468""","=""""","=""""","=""1.6e+05""",D+,"=""13.32785705""","=""14.71089810""","=""3s2.3p5.(2P*<1/2>).4p""","=""2[1/2]""","=""1""","=""3s2.3p5.(2P*<3/2>).4d""","=""2[1/2]*""","=""1""",,"=""T1218n""","=""""",
"=""""","=""905.74928""","=""""","=""""","=""9.7e+04""",E,"=""13.47988682""","=""14.84836899""","=""3s2.3p5.(2P*<1/2>).4p""","=""2[1/2]""","=""0""","=""3s2.3p5.(2P*<3/2>).6s""","=""2[3/2]*""","=""1""",,"=""T1203""","=""""",
"=""907.5394""","=""907.5395""","=""""","=""20""","=""1.2e+06""",D,"=""13.32785705""","=""14.6936397""","=""3s2.3p5.(2P*<1/2>).4p""","=""2[1/2]""","=""1""","=""3s2.3p5.(2P*<3/2>).4d""","=""2[1/2]*""","=""0""",,"=""T1218n""","=""L2634""",
"=""912.2967""","=""912.29666""","=""""","=""35000""","=""1.89e+07""",B,"=""11.54835442""","=""12.90701530""","=""3s2.3p5.(2P*<3/2>).4s""","=""2[3/2]*""","=""2""","=""3s2.3p5.(2P*<3/2>).4p""","=""2[1/2]""","=""1""",,"=""T5223""","=""L2634""",
"=""919.4638""","=""919.4638""","=""""","=""550""","=""1.76e+06""",C,"=""12.90701530""","=""14.2550856""","=""3s2.3p5.(2P*<3/2>).4p""","=""2[1/2]""","=""1""","=""3s2.3p5.(2P*<1/2>).5s""","=""2[1/2]*""","=""1""",,"=""T1618n""","=""L2634""",
"=""922.4499""","=""922.44980""","=""""","=""15000""","=""5.0e+06""",B,"=""11.82807116""","=""13.17177770""","=""3s2.3p5.(2P*<1/2>).4s""","=""2[1/2]*""","=""1""","=""3s2.3p5.(2P*<3/2>).4p""","=""2[3/2]""","=""2""",,"=""T5223""","=""L2634""",
"=""929.1531""","=""929.1532""","=""""","=""400""","=""3.26e+06""",C,"=""12.90701530""","=""14.2410277""","=""3s2.3p5.(2P*<3/2>).4p""","=""2[1/2]""","=""1""","=""3s2.3p5.(2P*<1/2>).5s""","=""2[1/2]*""","=""0""",,"=""T1618n""","=""L2634""",
"=""935.4220""","=""935.42179""","=""""","=""1600""","=""1.06e+06""",B,"=""11.82807116""","=""13.15314387""","=""3s2.3p5.(2P*<1/2>).4s""","=""2[1/2]*""","=""1""","=""3s2.3p5.(2P*<3/2>).4p""","=""2[3/2]""","=""1""",,"=""T5223""","=""L2634""",
"=""965.7786""","=""965.77858""","=""""","=""25000""","=""5.4e+06""",B,"=""11.62359272""","=""12.90701530""","=""3s2.3p5.(2P*<3/2>).4s""","=""2[3/2]*""","=""1""","=""3s2.3p5.(2P*<3/2>).4p""","=""2[1/2]""","=""1""",,"=""T5223""","=""L2634""",
"=""978.4503""","=""978.45020""","=""""","=""4500""","=""1.47e+06""",B,"=""11.82807116""","=""13.09487256""","=""3s2.3p5.(2P*<1/2>).4s""","=""2[1/2]*""","=""1""","=""3s2.3p5.(2P*<3/2>).4p""","=""2[5/2]""","=""2""",,"=""T5223""","=""L2634""",
"=""1005.206""","=""""","=""""","=""180""","=""""",,"=""""","=""""","=""""","=""""","=""""","=""""","=""""","=""""",,"=""""","=""L2131""",
"=""1033.272""","=""""","=""""","=""30""","=""""",,"=""""","=""""","=""""","=""""","=""""","=""""","=""""","=""""",,"=""""","=""L2131""",
"=""1047.0054""","=""1047.00528""","=""""","=""1600""","=""9.8e+05""",C+,"=""11.72316039""","=""12.90701530""","=""3s2.3p5.(2P*<1/2>).4s""","=""2[1/2]*""","=""0""","=""3s2.3p5.(2P*<3/2>).4p""","=""2[1/2]""","=""1""",,"=""T5223""","=""L2634""",
"=""1047.8034""","=""1047.8034""","=""""","=""13""","=""2.44e+06""",C,"=""12.90701530""","=""14.0899685""","=""3s2.3p5.(2P*<3/2>).4p""","=""2[1/2]""","=""1""","=""3s2.3p5.(2P*<3/2>).5s""","=""2[3/2]*""","=""1""",,"=""T1618n""","=""L2634""",
"=""""","=""1050.6118""","=""""","=""""","=""1.58e+06""",C,"=""13.9034546""","=""15.0832456""","=""3s2.3p5.(2P*<3/2>).3d""","=""2[3/2]*""","=""2""","=""3s2.3p5.(2P*<1/2>).4f""","=""2[5/2]""","=""2""",,"=""T1618n""","=""""",
"=""1050.650""","=""1050.6500""","=""""","=""180""","=""1.58e+06""",C,"=""13.9034546""","=""15.0832027""","=""3s2.3p5.(2P*<3/2>).3d""","=""2[3/2]*""","=""2""","=""3s2.3p5.(2P*<1/2>).4f""","=""2[5/2]""","=""3""",,"=""T1618n""","=""L2131""",
"=""1067.3565""","=""1067.3566""","=""""","=""200""","=""4.9e+06""",D,"=""12.90701530""","=""14.0682977""","=""3s2.3p5.(2P*<3/2>).4p""","=""2[1/2]""","=""1""","=""3s2.3p5.(2P*<3/2>).5s""","=""2[3/2]*""","=""2""",,"=""T1372""","=""L2634""",
"=""1068.1773""","=""""","=""""","=""11""","=""""",,"=""""","=""""","=""""","=""""","=""""","=""""","=""""","=""""",,"=""""","=""L2634""",
"=""""","=""1068.3404""","=""""","=""""","=""2.1e+05""",E,"=""13.09487256""","=""14.2550856""","=""3s2.3p5.(2P*<3/2>).4p""","=""2[5/2]""","=""2""","=""3s2.3p5.(2P*<1/2>).5s""","=""2[1/2]*""","=""1""",,"=""T1372""","=""""",
"=""1073.387""","=""""","=""""","=""30""","=""""",,"=""""","=""""","=""""","=""""","=""""","=""""","=""""","=""""",,"=""""","=""L2131""",
"=""1075.916""","=""""","=""""","=""30""","=""""",,"=""""","=""""","=""""","=""""","=""""","=""""","=""""","=""""",,"=""""","=""L2131""",
"=""""","=""1095.0726""","=""""","=""""","=""3.96e+05""",C,"=""13.17177770""","=""14.3036684""","=""3s2.3p5.(2P*<3/2>).4p""","=""2[3/2]""","=""2""","=""3s2.3p5.(2P*<1/2>).3d""","=""2[3/2]*""","=""1""",,"=""T1618n""","=""""",
"=""1107.8869""","=""1107.8868""","=""""","=""11""","=""8.3e+05""",C,"=""13.09487256""","=""14.2136715""","=""3s2.3p5.(2P*<3/2>).4p""","=""2[5/2]""","=""2""","=""3s2.3p5.(2P*<1/2>).3d""","=""2[5/2]*""","=""2""",,"=""T1618n""","=""L2634""",
"=""1110.646""","=""""","=""""","=""30""","=""""",,"=""""","=""""","=""""","=""""","=""""","=""""","=""""","=""""",,"=""""","=""L2131""",
"=""""","=""1124.8350""","=""""","=""""","=""2.8e+05""",E,"=""13.15314387""","=""14.2550856""","=""3s2.3p5.(2P*<3/2>).4p""","=""2[3/2]""","=""1""","=""3s2.3p5.(2P*<1/2>).5s""","=""2[1/2]*""","=""1""",,"=""T1372""","=""""",
"=""""","=""1139.3703""","=""""","=""""","=""2.22e+06""",C,"=""13.15314387""","=""14.2410277""","=""3s2.3p5.(2P*<3/2>).4p""","=""2[3/2]""","=""1""","=""3s2.3p5.(2P*<1/2>).5s""","=""2[1/2]*""","=""0""",,"=""T1618n""","=""""",
"=""1144.1832""","=""1144.1832""","=""""","=""12""","=""1.39e+06""",C,"=""13.17177770""","=""14.2550856""","=""3s2.3p5.(2P*<3/2>).4p""","=""2[3/2]""","=""2""","=""3s2.3p5.(2P*<1/2>).5s""","=""2[1/2]*""","=""1""",,"=""T1618n""","=""L2634""",
"=""""","=""1146.7545""","=""""","=""""","=""3.69e+05""",C,"=""13.15314387""","=""14.2340226""","=""3s2.3p5.(2P*<3/2>).4p""","=""2[3/2]""","=""1""","=""3s2.3p5.(2P*<1/2>).3d""","=""2[3/2]*""","=""2""",,"=""T1618n""","=""""",
"=""1148.8109""","=""1148.81076""","=""""","=""400""","=""1.9e+05""",C,"=""11.82807116""","=""12.90701530""","=""3s2.3p5.(2P*<1/2>).4s""","=""2[1/2]*""","=""1""","=""3s2.3p5.(2P*<3/2>).4p""","=""2[1/2]""","=""1""",,"=""T1242n""","=""L2634""",
"=""""","=""1158.0389""","=""""","=""""","=""3.46e+05""",C,"=""14.0127381""","=""15.0830844""","=""3s2.3p5.(2P*<3/2>).3d""","=""2[7/2]*""","=""3""","=""3s2.3p5.(2P*<1/2>).4f""","=""2[7/2]""","=""4""",,"=""T1618n""","=""""",
"=""""","=""1158.0446""","=""""","=""""","=""3.46e+05""",C,"=""14.0127381""","=""15.0830792""","=""3s2.3p5.(2P*<3/2>).3d""","=""2[7/2]*""","=""3""","=""3s2.3p5.(2P*<1/2>).4f""","=""2[7/2]""","=""3""",,"=""T1618n""","=""""",
"=""1166.8710""","=""1166.8709""","=""""","=""200""","=""3.76e+06""",C,"=""13.17177770""","=""14.2340226""","=""3s2.3p5.(2P*<3/2>).4p""","=""2[3/2]""","=""2""","=""3s2.3p5.(2P*<1/2>).3d""","=""2[3/2]*""","=""2""",,"=""T1618n""","=""L2634""",
"=""1171.9488""","=""1171.9487""","=""""","=""12""","=""9.52e+05""",C,"=""13.09487256""","=""14.1525151""","=""3s2.3p5.(2P*<3/2>).4p""","=""2[5/2]""","=""2""","=""3s2.3p5.(2P*<3/2>).3d""","=""2[3/2]*""","=""1""",,"=""T1618n""","=""L2634""",
"=""""","=""1173.3236""","=""""","=""""","=""6.7e+05""",C,"=""13.8450385""","=""14.9014416""","=""3s2.3p5.(2P*<3/2>).3d""","=""2[1/2]*""","=""0""","=""3s2.3p5.(2P*<3/2>).4f""","=""2[3/2]""","=""1""",,"=""T1618n""","=""""",
"=""""","=""1194.3302""","=""""","=""""","=""4.6e+06""",D+,"=""13.8636686""","=""14.9014911""","=""3s2.3p5.(2P*<3/2>).3d""","=""2[1/2]*""","=""1""","=""3s2.3p5.(2P*<3/2>).4f""","=""2[3/2]""","=""2""",,"=""T1618n""","=""""",
"=""""","=""1194.3871""","=""""","=""""","=""4.6e+06""",D+,"=""13.8636686""","=""14.9014416""","=""3s2.3p5.(2P*<3/2>).3d""","=""2[1/2]*""","=""1""","=""3s2.3p5.(2P*<3/2>).4f""","=""2[3/2]""","=""1""",,"=""T1618n""","=""""",
"=""""","=""1202.6648""","=""""","=""""","=""4.2e+05""",D,"=""13.27303810""","=""14.3036684""","=""3s2.3p5.(2P*<3/2>).4p""","=""2[1/2]""","=""0""","=""3s2.3p5.(2P*<1/2>).3d""","=""2[3/2]*""","=""1""",,"=""T1618n""","=""""",
"=""1211.2326""","=""1211.2324""","=""""","=""200""","=""3.1e+06""",D,"=""13.07571571""","=""14.0990559""","=""3s2.3p5.(2P*<3/2>).4p""","=""2[5/2]""","=""3""","=""3s2.3p5.(2P*<3/2>).3d""","=""2[5/2]*""","=""3""",,"=""T1618n""","=""L2634""",
"=""1213.9738""","=""1213.9737""","=""""","=""50""","=""4.5e+06""",D,"=""13.28263902""","=""14.3036684""","=""3s2.3p5.(2P*<1/2>).4p""","=""2[3/2]""","=""1""","=""3s2.3p5.(2P*<1/2>).3d""","=""2[3/2]*""","=""1""",,"=""T1618n""","=""L2634""",
"=""1234.3393""","=""1234.3392""","=""""","=""50""","=""2.0e+06""",D,"=""13.09487256""","=""14.0990559""","=""3s2.3p5.(2P*<3/2>).4p""","=""2[5/2]""","=""2""","=""3s2.3p5.(2P*<3/2>).3d""","=""2[5/2]*""","=""3""",,"=""T1618n""","=""L2634""",
"=""""","=""1235.5819""","=""""","=""""","=""3.5e+06""",D,"=""13.9034546""","=""14.9066280""","=""3s2.3p5.(2P*<3/2>).3d""","=""2[3/2]*""","=""2""","=""3s2.3p5.(2P*<3/2>).4f""","=""2[5/2]""","=""2""",,"=""T1618n""","=""""",
"=""""","=""1235.6297""","=""""","=""""","=""3.5e+06""",D,"=""13.9034546""","=""14.9065892""","=""3s2.3p5.(2P*<3/2>).3d""","=""2[3/2]*""","=""2""","=""3s2.3p5.(2P*<3/2>).4f""","=""2[5/2]""","=""3""",,"=""T1618n""","=""""",
"=""1240.2827""","=""1240.2828""","=""""","=""200""","=""1.1e+07""",D,"=""13.15314387""","=""14.1525151""","=""3s2.3p5.(2P*<3/2>).4p""","=""2[3/2]""","=""1""","=""3s2.3p5.(2P*<3/2>).3d""","=""2[3/2]*""","=""1""",,"=""T1618n""","=""L2634""",
"=""1243.9321""","=""1243.9321""","=""""","=""200""","=""4.9e+06""",D,"=""12.90701530""","=""13.9034546""","=""3s2.3p5.(2P*<3/2>).4p""","=""2[1/2]""","=""1""","=""3s2.3p5.(2P*<3/2>).3d""","=""2[3/2]*""","=""2""",,"=""T1618n""","=""L2634""",
"=""1245.612""","=""1245.6114""","=""""","=""100""","=""8.9e+06""",D,"=""13.09487256""","=""14.0899685""","=""3s2.3p5.(2P*<3/2>).4p""","=""2[5/2]""","=""2""","=""3s2.3p5.(2P*<3/2>).5s""","=""2[3/2]*""","=""1""",,"=""T1618n""","=""L2634""",
"=""1248.7663""","=""1248.7663""","=""""","=""200""","=""1.1e+07""",D,"=""13.07571571""","=""14.0682977""","=""3s2.3p5.(2P*<3/2>).4p""","=""2[5/2]""","=""3""","=""3s2.3p5.(2P*<3/2>).5s""","=""2[3/2]*""","=""2""",,"=""T1618n""","=""L2634""",
"=""""","=""1255.4324""","=""""","=""""","=""1.2e+05""",D,"=""13.07571571""","=""14.0630272""","=""3s2.3p5.(2P*<3/2>).4p""","=""2[5/2]""","=""3""","=""3s2.3p5.(2P*<3/2>).3d""","=""2[5/2]*""","=""2""",,"=""T1618n""","=""""",
"=""""","=""1262.1619""","=""""","=""""","=""3.8e+05""",E,"=""13.27303810""","=""14.2550856""","=""3s2.3p5.(2P*<3/2>).4p""","=""2[1/2]""","=""0""","=""3s2.3p5.(2P*<1/2>).5s""","=""2[1/2]*""","=""1""",,"=""T1372""","=""""",
"=""1270.2281""","=""1270.2280""","=""""","=""150""","=""7.1e+06""",D,"=""13.32785705""","=""14.3036684""","=""3s2.3p5.(2P*<1/2>).4p""","=""2[1/2]""","=""1""","=""3s2.3p5.(2P*<1/2>).3d""","=""2[3/2]*""","=""1""",,"=""T1618n""","=""L2634""",
"=""1273.3418""","=""1273.3418""","=""""","=""30""","=""1.1e+06""",D,"=""13.09487256""","=""14.0682977""","=""3s2.3p5.(2P*<3/2>).4p""","=""2[5/2]""","=""2""","=""3s2.3p5.(2P*<3/2>).5s""","=""2[3/2]*""","=""2""",,"=""T1618n""","=""L2634""",
"=""1274.6232""","=""1274.6232""","=""""","=""12""","=""2.0e+06""",D,"=""13.28263902""","=""14.2550856""","=""3s2.3p5.(2P*<1/2>).4p""","=""2[3/2]""","=""1""","=""3s2.3p5.(2P*<1/2>).5s""","=""2[1/2]*""","=""1""",,"=""T1618n""","=""L2634""",
"=""1280.2739""","=""1280.2737""","=""""","=""200""","=""5.7e+06""",D,"=""13.09487256""","=""14.0630272""","=""3s2.3p5.(2P*<3/2>).4p""","=""2[5/2]""","=""2""","=""3s2.3p5.(2P*<3/2>).3d""","=""2[5/2]*""","=""2""",,"=""T1618n""","=""L2634""",
"=""1293.3195""","=""1293.3196""","=""""","=""50""","=""1.0e+07""",D,"=""13.28263902""","=""14.2410277""","=""3s2.3p5.(2P*<1/2>).4p""","=""2[3/2]""","=""1""","=""3s2.3p5.(2P*<1/2>).5s""","=""2[1/2]*""","=""0""",,"=""T1618n""","=""L2634""",
"=""1295.6659""","=""1295.6658""","=""""","=""500""","=""7.4e+06""",D,"=""12.90701530""","=""13.8636686""","=""3s2.3p5.(2P*<3/2>).4p""","=""2[1/2]""","=""1""","=""3s2.3p5.(2P*<3/2>).3d""","=""2[1/2]*""","=""1""",,"=""T1618n""","=""L2634""",
"=""1300.8264""","=""1300.8264""","=""""","=""200""","=""8.9e+06""",D,"=""13.30222747""","=""14.2550856""","=""3s2.3p5.(2P*<1/2>).4p""","=""2[3/2]""","=""2""","=""3s2.3p5.(2P*<1/2>).5s""","=""2[1/2]*""","=""1""",,"=""T1618n""","=""L2634""",
"=""1321.399""","=""1321.3991""","=""""","=""200""","=""8.1e+06""",D,"=""12.90701530""","=""13.8450385""","=""3s2.3p5.(2P*<3/2>).4p""","=""2[1/2]""","=""1""","=""3s2.3p5.(2P*<3/2>).3d""","=""2[1/2]*""","=""0""",,"=""T1618n""","=""L2634""",
"=""1322.8107""","=""""","=""""","=""200""","=""""",,"=""""","=""""","=""""","=""""","=""""","=""""","=""""","=""""",,"=""""","=""L2634""",
"=""1323.090""","=""1323.0897""","=""""","=""100""","=""4.6e+06""",D,"=""13.15314387""","=""14.0899685""","=""3s2.3p5.(2P*<3/2>).4p""","=""2[3/2]""","=""1""","=""3s2.3p5.(2P*<3/2>).5s""","=""2[3/2]*""","=""1""",,"=""T1372""","=""L2634""",
"=""1327.264""","=""1327.2635""","=""""","=""500""","=""1.5e+07""",D,"=""13.30222747""","=""14.2361061""","=""3s2.3p5.(2P*<1/2>).4p""","=""2[3/2]""","=""2""","=""3s2.3p5.(2P*<1/2>).3d""","=""2[5/2]*""","=""3""",,"=""T1618n""","=""L2634""",
"=""1331.3210""","=""1331.3209""","=""""","=""1000""","=""1.3e+07""",D,"=""13.28263902""","=""14.2136715""","=""3s2.3p5.(2P*<1/2>).4p""","=""2[3/2]""","=""1""","=""3s2.3p5.(2P*<1/2>).3d""","=""2[5/2]*""","=""2""",,"=""T1618n""","=""L2634""",
"=""1336.7111""","=""""","=""""","=""1000""","=""""",,"=""""","=""""","=""""","=""""","=""""","=""""","=""""","=""""",,"=""""","=""L2634""",
"=""""","=""1336.7827""","=""""","=""""","=""3.4e+06""",D,"=""13.32785705""","=""14.2550856""","=""3s2.3p5.(2P*<1/2>).4p""","=""2[1/2]""","=""1""","=""3s2.3p5.(2P*<1/2>).5s""","=""2[1/2]*""","=""1""",,"=""T1372""","=""""",
"=""""","=""1340.6513""","=""""","=""""","=""6.5e+06""",D,"=""13.9792373""","=""14.9037902""","=""3s2.3p5.(2P*<3/2>).3d""","=""2[7/2]*""","=""4""","=""3s2.3p5.(2P*<3/2>).4f""","=""2[9/2]""","=""4""",,"=""T1618n""","=""""",
"=""""","=""1340.6587""","=""""","=""""","=""6.5e+06""",D,"=""13.9792373""","=""14.9037852""","=""3s2.3p5.(2P*<3/2>).3d""","=""2[7/2]*""","=""4""","=""3s2.3p5.(2P*<3/2>).4f""","=""2[9/2]""","=""5""",,"=""T1618n""","=""""",
"=""1349.941""","=""1349.9406""","=""""","=""30""","=""2.7e+06""",D,"=""13.17177770""","=""14.0899685""","=""3s2.3p5.(2P*<3/2>).4p""","=""2[3/2]""","=""2""","=""3s2.3p5.(2P*<3/2>).5s""","=""2[3/2]*""","=""1""",,"=""T1372""","=""L2634""",
"=""1350.4191""","=""1350.4189""","=""""","=""1000""","=""1.1e+07""",D,"=""13.09487256""","=""14.0127381""","=""3s2.3p5.(2P*<3/2>).4p""","=""2[5/2]""","=""2""","=""3s2.3p5.(2P*<3/2>).3d""","=""2[7/2]*""","=""3""",,"=""T1618n""","=""L2634""",
"=""""","=""1354.4205""","=""""","=""""","=""4.6e+05""",E,"=""13.15314387""","=""14.0682977""","=""3s2.3p5.(2P*<3/2>).4p""","=""2[3/2]""","=""1""","=""3s2.3p5.(2P*<3/2>).5s""","=""2[3/2]*""","=""2""",,"=""T1372""","=""""",
"=""1357.3617""","=""1357.3618""","=""""","=""11""","=""5.1e+06""",D,"=""13.32785705""","=""14.2410277""","=""3s2.3p5.(2P*<1/2>).4p""","=""2[1/2]""","=""1""","=""3s2.3p5.(2P*<1/2>).5s""","=""2[1/2]*""","=""0""",,"=""T1372""","=""L2634""",
"=""1359.9333""","=""1359.9333""","=""""","=""30""","=""2.2e+06""",D,"=""13.30222747""","=""14.2136715""","=""3s2.3p5.(2P*<1/2>).4p""","=""2[3/2]""","=""2""","=""3s2.3p5.(2P*<1/2>).3d""","=""2[5/2]*""","=""2""",,"=""T1618n""","=""L2634""",
"=""1362.2659""","=""1362.2659""","=""""","=""400""","=""7.3e+06""",D,"=""13.15314387""","=""14.0630272""","=""3s2.3p5.(2P*<3/2>).4p""","=""2[3/2]""","=""1""","=""3s2.3p5.(2P*<3/2>).3d""","=""2[5/2]*""","=""2""",,"=""T1618n""","=""L2634""",
"=""1367.8550""","=""1367.8549""","=""""","=""200""","=""6.2e+06""",D,"=""13.32785705""","=""14.2340226""","=""3s2.3p5.(2P*<1/2>).4p""","=""2[1/2]""","=""1""","=""3s2.3p5.(2P*<1/2>).3d""","=""2[3/2]*""","=""2""",,"=""T1618n""","=""L2634""",
"=""1371.8577""","=""""","=""""","=""1000""","=""""",,"=""""","=""""","=""""","=""""","=""""","=""""","=""""","=""""",,"=""""","=""L2634""",
"=""1382.5715""","=""1382.5716""","=""""","=""10""","=""3.3e+06""",D,"=""13.17177770""","=""14.0682977""","=""3s2.3p5.(2P*<3/2>).4p""","=""2[3/2]""","=""2""","=""3s2.3p5.(2P*<3/2>).5s""","=""2[3/2]*""","=""2""",,"=""T1372""","=""L2634""",
"=""1390.7478""","=""""","=""""","=""10""","=""""",,"=""""","=""""","=""""","=""""","=""""","=""""","=""""","=""""",,"=""""","=""L2634""",
"=""1409.3640""","=""1409.3640""","=""""","=""200""","=""4.3e+06""",D,"=""13.27303810""","=""14.1525151""","=""3s2.3p5.(2P*<3/2>).4p""","=""2[1/2]""","=""0""","=""3s2.3p5.(2P*<3/2>).3d""","=""2[3/2]*""","=""1""",,"=""T1618n""","=""L2634""",
"=""""","=""1459.5734""","=""""","=""""","=""5.3e+06""",D,"=""14.2340226""","=""15.0832456""","=""3s2.3p5.(2P*<1/2>).3d""","=""2[3/2]*""","=""2""","=""3s2.3p5.(2P*<1/2>).4f""","=""2[5/2]""","=""2""",,"=""T1618n""","=""""",
"=""""","=""1459.6471""","=""""","=""""","=""5.3e+06""",D,"=""14.2340226""","=""15.0832027""","=""3s2.3p5.(2P*<1/2>).3d""","=""2[3/2]*""","=""2""","=""3s2.3p5.(2P*<1/2>).4f""","=""2[5/2]""","=""3""",,"=""T1618n""","=""""",
"=""""","=""1463.4414""","=""""","=""""","=""9.0e+06""",D,"=""14.2361061""","=""15.0830844""","=""3s2.3p5.(2P*<1/2>).3d""","=""2[5/2]*""","=""3""","=""3s2.3p5.(2P*<1/2>).4f""","=""2[7/2]""","=""4""",,"=""T1618n""","=""""",
"=""""","=""1463.4504""","=""""","=""""","=""9.0e+06""",D,"=""14.2361061""","=""15.0830792""","=""3s2.3p5.(2P*<1/2>).3d""","=""2[5/2]*""","=""3""","=""3s2.3p5.(2P*<1/2>).4f""","=""2[7/2]""","=""3""",,"=""T1618n""","=""""",
"=""""","=""1473.9139""","=""""","=""""","=""8.8e+04""",D,"=""13.17177770""","=""14.0127381""","=""3s2.3p5.(2P*<3/2>).4p""","=""2[3/2]""","=""2""","=""3s2.3p5.(2P*<3/2>).3d""","=""2[7/2]*""","=""3""",,"=""T1618n""","=""""",
"=""""","=""1478.5380""","=""""","=""""","=""2.1e+05""",D,"=""14.0682977""","=""14.9066280""","=""3s2.3p5.(2P*<3/2>).5s""","=""2[3/2]*""","=""2""","=""3s2.3p5.(2P*<3/2>).4f""","=""2[5/2]""","=""2""",,"=""T1618n""","=""""",
"=""""","=""1478.6064""","=""""","=""""","=""2.1e+05""",D,"=""14.0682977""","=""14.9065892""","=""3s2.3p5.(2P*<3/2>).5s""","=""2[3/2]*""","=""2""","=""3s2.3p5.(2P*<3/2>).4f""","=""2[5/2]""","=""3""",,"=""T1618n""","=""""",
"=""""","=""1487.6537""","=""""","=""""","=""6.0e+04""",D,"=""14.0682977""","=""14.9014911""","=""3s2.3p5.(2P*<3/2>).5s""","=""2[3/2]*""","=""2""","=""3s2.3p5.(2P*<3/2>).4f""","=""2[3/2]""","=""2""",,"=""T1618n""","=""""",
"=""""","=""1487.7420""","=""""","=""""","=""6.0e+04""",D,"=""14.0682977""","=""14.9014416""","=""3s2.3p5.(2P*<3/2>).5s""","=""2[3/2]*""","=""2""","=""3s2.3p5.(2P*<3/2>).4f""","=""2[3/2]""","=""1""",,"=""T1618n""","=""""",
"=""1504.650""","=""1504.6503""","=""""","=""100""","=""5.2e+06""",D,"=""13.47988682""","=""14.3036684""","=""3s2.3p5.(2P*<1/2>).4p""","=""2[1/2]""","=""0""","=""3s2.3p5.(2P*<1/2>).3d""","=""2[3/2]*""","=""1""",,"=""T1618n""","=""L2634""",
"=""1517.269""","=""1517.2691""","=""""","=""25""","=""1.3e+06""",D,"=""13.27303810""","=""14.0899685""","=""3s2.3p5.(2P*<3/2>).4p""","=""2[1/2]""","=""0""","=""3s2.3p5.(2P*<3/2>).5s""","=""2[3/2]*""","=""1""",,"=""T1618n""","=""L2634""",
"=""""","=""1530.1881""","=""""","=""""","=""5.4e+06""",D,"=""14.0990559""","=""14.9090892""","=""3s2.3p5.(2P*<3/2>).3d""","=""2[5/2]*""","=""3""","=""3s2.3p5.(2P*<3/2>).4f""","=""2[7/2]""","=""4""",,"=""T1618n""","=""""",
"=""""","=""1530.1970""","=""""","=""""","=""5.4e+06""",D,"=""14.0990559""","=""14.9090845""","=""3s2.3p5.(2P*<3/2>).3d""","=""2[5/2]*""","=""3""","=""3s2.3p5.(2P*<3/2>).4f""","=""2[7/2]""","=""3""",,"=""T1618n""","=""""",
"=""1532.934""","=""1532.9345""","=""""","=""10""","=""1.2e+05""",E,"=""13.09487256""","=""13.9034546""","=""3s2.3p5.(2P*<3/2>).4p""","=""2[5/2]""","=""2""","=""3s2.3p5.(2P*<3/2>).3d""","=""2[3/2]*""","=""2""",,"=""T1618n""","=""L2634""",
"=""""","=""1535.3128""","=""""","=""""","=""4.5e+05""",E,"=""13.28263902""","=""14.0899685""","=""3s2.3p5.(2P*<1/2>).4p""","=""2[3/2]""","=""1""","=""3s2.3p5.(2P*<3/2>).5s""","=""2[3/2]*""","=""1""",,"=""T1372""","=""""",
"=""""","=""1540.2640""","=""""","=""""","=""1.4e+06""",D,"=""14.0990559""","=""14.9037902""","=""3s2.3p5.(2P*<3/2>).3d""","=""2[5/2]*""","=""3""","=""3s2.3p5.(2P*<3/2>).4f""","=""2[9/2]""","=""4""",,"=""T1618n""","=""""",
"=""""","=""1555.5460""","=""""","=""""","=""9.8e+03""",D,"=""13.30222747""","=""14.0990559""","=""3s2.3p5.(2P*<1/2>).4p""","=""2[3/2]""","=""2""","=""3s2.3p5.(2P*<3/2>).3d""","=""2[5/2]*""","=""3""",,"=""T1618n""","=""""",
"=""""","=""1573.4909""","=""""","=""""","=""2.9e+04""",D,"=""13.30222747""","=""14.0899685""","=""3s2.3p5.(2P*<1/2>).4p""","=""2[3/2]""","=""2""","=""3s2.3p5.(2P*<3/2>).5s""","=""2[3/2]*""","=""1""",,"=""T1618n""","=""""",
"=""""","=""1577.6614""","=""""","=""""","=""5.9e+04""",E,"=""13.28263902""","=""14.0682977""","=""3s2.3p5.(2P*<1/2>).4p""","=""2[3/2]""","=""1""","=""3s2.3p5.(2P*<3/2>).5s""","=""2[3/2]*""","=""2""",,"=""T1372""","=""""",
"=""""","=""1581.6777""","=""""","=""""","=""8.7e+04""",E,"=""13.9034546""","=""14.68711824""","=""3s2.3p5.(2P*<3/2>).3d""","=""2[3/2]*""","=""2""","=""3s2.3p5.(2P*<1/2>).5p""","=""2[1/2]""","=""1""",,"=""T1618n""","=""""",
"=""""","=""1589.9687""","=""""","=""""","=""7.7e+06""",D,"=""14.3036684""","=""15.0832456""","=""3s2.3p5.(2P*<1/2>).3d""","=""2[3/2]*""","=""1""","=""3s2.3p5.(2P*<1/2>).4f""","=""2[5/2]""","=""2""",,"=""T1618n""","=""""",
"=""1598.949""","=""1598.9491""","=""""","=""30""","=""1.9e+06""",D,"=""13.47988682""","=""14.2550856""","=""3s2.3p5.(2P*<1/2>).4p""","=""2[1/2]""","=""0""","=""3s2.3p5.(2P*<1/2>).5s""","=""2[1/2]*""","=""1""",,"=""T1618n""","=""L2634""",
"=""""","=""1612.2656""","=""""","=""""","=""3.9e+04""",D,"=""13.09487256""","=""13.8636686""","=""3s2.3p5.(2P*<3/2>).4p""","=""2[5/2]""","=""2""","=""3s2.3p5.(2P*<3/2>).3d""","=""2[1/2]*""","=""1""",,"=""T1618n""","=""""",
"=""""","=""1618.0023""","=""""","=""""","=""1.2e+05""",D,"=""13.30222747""","=""14.0682977""","=""3s2.3p5.(2P*<1/2>).4p""","=""2[3/2]""","=""2""","=""3s2.3p5.(2P*<3/2>).5s""","=""2[3/2]*""","=""2""",,"=""T1618n""","=""""",
"=""""","=""1626.4070""","=""""","=""""","=""3.0e+04""",D,"=""13.32785705""","=""14.0899685""","=""3s2.3p5.(2P*<1/2>).4p""","=""2[1/2]""","=""1""","=""3s2.3p5.(2P*<3/2>).5s""","=""2[3/2]*""","=""1""",,"=""T1618n""","=""""",
"=""""","=""1643.6575""","=""""","=""""","=""5.9e+06""",D,"=""14.1525151""","=""14.9066280""","=""3s2.3p5.(2P*<3/2>).3d""","=""2[3/2]*""","=""1""","=""3s2.3p5.(2P*<3/2>).4f""","=""2[5/2]""","=""2""",,"=""T1618n""","=""""",
"=""1651.986""","=""1651.9867""","=""""","=""30""","=""2.6e+05""",D,"=""13.15314387""","=""13.9034546""","=""3s2.3p5.(2P*<3/2>).4p""","=""2[3/2]""","=""1""","=""3s2.3p5.(2P*<3/2>).3d""","=""2[3/2]*""","=""2""",,"=""T1618n""","=""L2634""",
"=""""","=""1654.9307""","=""""","=""""","=""1.6e+06""",D,"=""14.1525151""","=""14.9014911""","=""3s2.3p5.(2P*<3/2>).3d""","=""2[3/2]*""","=""1""","=""3s2.3p5.(2P*<3/2>).4f""","=""2[3/2]""","=""2""",,"=""T1618n""","=""""",
"=""""","=""1655.0400""","=""""","=""""","=""1.6e+06""",D,"=""14.1525151""","=""14.9014416""","=""3s2.3p5.(2P*<3/2>).3d""","=""2[3/2]*""","=""1""","=""3s2.3p5.(2P*<3/2>).4f""","=""2[3/2]""","=""1""",,"=""T1618n""","=""""",
"=""""","=""1674.0078""","=""""","=""""","=""3.1e+05""",D,"=""13.32785705""","=""14.0682977""","=""3s2.3p5.(2P*<1/2>).4p""","=""2[1/2]""","=""1""","=""3s2.3p5.(2P*<3/2>).5s""","=""2[3/2]*""","=""2""",,"=""T1618n""","=""""",
"=""1694.058""","=""1694.0584""","=""""","=""500""","=""2.5e+06""",D,"=""13.17177770""","=""13.9034546""","=""3s2.3p5.(2P*<3/2>).4p""","=""2[3/2]""","=""2""","=""3s2.3p5.(2P*<3/2>).3d""","=""2[3/2]*""","=""2""",,"=""T1618n""","=""L2634""",
"=""""","=""1782.399""","=""""","=""""","=""8.4e+05""",E,"=""14.2136715""","=""14.9090845""","=""3s2.3p5.(2P*<1/2>).3d""","=""2[5/2]*""","=""2""","=""3s2.3p5.(2P*<3/2>).4f""","=""2[7/2]""","=""3""",,"=""T1618n""","=""""",
"=""1842.776""","=""""","=""""","=""12""","=""""",,"=""""","=""""","=""""","=""""","=""""","=""""","=""""","=""""",,"=""""","=""L2634""",
obs_wl_vac(nm),ritz_wl_vac(nm),unc_ritz_wl,intens,Aki(s^-1),Acc,Ei(eV),Ek(eV),conf_i,term_i,J_i,conf_k,term_k,J_k,Type,tp_ref,line_ref,
"=""""","=""2032.256""","=""""","=""""","=""1.6e+05""",D,"=""13.47988682""","=""14.0899685""","=""3s2.3p5.(2P*<1/2>).4p""","=""2[1/2]""","=""0""","=""3s2.3p5.(2P*<3/2>).5s""","=""2[3/2]*""","=""1""",,"=""T1618n""","=""""",
"=""2062.186""","=""2062.186""","=""""","=""50""","=""3.9e+05""",D,"=""13.30222747""","=""13.9034546""","=""3s2.3p5.(2P*<1/2>).4p""","=""2[3/2]""","=""2""","=""3s2.3p5.(2P*<3/2>).3d""","=""2[3/2]*""","=""2""",,"=""T1618n""","=""L2634""",
"=""""","=""2081.672""","=""""","=""""","=""7.6e+04""",D,"=""13.9034546""","=""14.49905364""","=""3s2.3p5.(2P*<3/2>).3d""","=""2[3/2]*""","=""2""","=""3s2.3p5.(2P*<3/2>).5p""","=""2[5/2]""","=""3""",,"=""T1618n""","=""""",
"=""2099.184""","=""""","=""""","=""30""","=""""",,"=""""","=""""","=""""","=""""","=""""","=""""","=""""","=""""",,"=""""","=""L2634""",
"=""""","=""2133.871""","=""""","=""""","=""3.2e+04""",D,"=""13.28263902""","=""13.8636686""","=""3s2.3p5.(2P*<1/2>).4p""","=""2[3/2]""","=""1""","=""3s2.3p5.(2P*<3/2>).3d""","=""2[1/2]*""","=""1""",,"=""T1618n""","=""""",
"=""""","=""2154.008""","=""""","=""""","=""1.1e+05""",D,"=""13.32785705""","=""13.9034546""","=""3s2.3p5.(2P*<1/2>).4p""","=""2[1/2]""","=""1""","=""3s2.3p5.(2P*<3/2>).3d""","=""2[3/2]*""","=""2""",,"=""T1618n""","=""""",
"=""""","=""2204.558""","=""""","=""""","=""1.2e+05""",D,"=""13.28263902""","=""13.8450385""","=""3s2.3p5.(2P*<1/2>).4p""","=""2[3/2]""","=""1""","=""3s2.3p5.(2P*<3/2>).3d""","=""2[1/2]*""","=""0""",,"=""T1618n""","=""""",
"=""""","=""2208.321""","=""""","=""""","=""1.4e+05""",D,"=""13.30222747""","=""13.8636686""","=""3s2.3p5.(2P*<1/2>).4p""","=""2[3/2]""","=""2""","=""3s2.3p5.(2P*<3/2>).3d""","=""2[1/2]*""","=""1""",,"=""T1618n""","=""""",
"=""2313.951""","=""2313.952""","=""""","=""20""","=""1.7e+05""",D,"=""13.32785705""","=""13.8636686""","=""3s2.3p5.(2P*<1/2>).4p""","=""2[1/2]""","=""1""","=""3s2.3p5.(2P*<3/2>).3d""","=""2[1/2]*""","=""1""",,"=""T1618n""","=""L2634""",
"=""""","=""2385.154""","=""""","=""""","=""1.1e+06""",D,"=""13.9792373""","=""14.49905364""","=""3s2.3p5.(2P*<3/2>).3d""","=""2[7/2]*""","=""4""","=""3s2.3p5.(2P*<3/2>).5p""","=""2[5/2]""","=""3""",,"=""T1618n""","=""""",
"=""2397.306""","=""2397.306""","=""""","=""20""","=""3.6e+05""",D,"=""13.32785705""","=""13.8450385""","=""3s2.3p5.(2P*<1/2>).4p""","=""2[1/2]""","=""1""","=""3s2.3p5.(2P*<3/2>).3d""","=""2[1/2]*""","=""0""",,"=""T1618n""","=""L2634""",