obs_wl_vac(nm),ritz_wl_vac(nm),unc_ritz_wl,intens,Aki(s^-1),Acc,Ei(cm-1),Ek(cm-1),conf_i,term_i,J_i,conf_k,term_k,J_k,Type,tp_ref,line_ref,
"=""80.2859""","=""""","=""""","=""20""","=""""",,"=""""","=""""","=""""","=""""","=""""","=""""","=""""","=""""",,"=""""","=""L2131""",
"=""80.6471""","=""""","=""""","=""100""","=""""",,"=""""","=""""","=""""","=""""","=""""","=""""","=""""","=""""",,"=""""","=""L2131""",
"=""80.6869""","=""""","=""""","=""60""","=""""",,"=""""","=""""","=""""","=""""","=""""","=""""","=""""","=""""",,"=""""","=""L2131""",
"=""80.7218""","=""""","=""""","=""30""","=""""",,"=""""","=""""","=""""","=""""","=""""","=""""","=""""","=""""",,"=""""","=""L2131""",
"=""80.7653""","=""""","=""""","=""40""","=""""",,"=""""","=""""","=""""","=""""","=""""","=""""","=""""","=""""",,"=""""","=""L2131""",
"=""80.9927""","=""""","=""""","=""50""","=""""",,"=""""","=""""","=""""","=""""","=""""","=""""","=""""","=""""",,"=""""","=""L2131""",
"=""81.6232""","=""""","=""""","=""120""","=""""",,"=""""","=""""","=""""","=""""","=""""","=""""","=""""","=""""",,"=""""","=""L2131""",
"=""81.6464""","=""""","=""""","=""70""","=""""",,"=""""","=""""","=""""","=""""","=""""","=""""","=""""","=""""",,"=""""","=""L2131""",
"=""82.0124""","=""""","=""""","=""80""","=""""",,"=""""","=""""","=""""","=""""","=""""","=""""","=""""","=""""",,"=""""","=""L2131""",
"=""82.5346""","=""""","=""""","=""120""","=""""",,"=""""","=""""","=""""","=""""","=""""","=""""","=""""","=""""",,"=""""","=""L2131""",
"=""82.6365""","=""""","=""""","=""120""","=""""",,"=""""","=""""","=""""","=""""","=""""","=""""","=""""","=""""",,"=""""","=""L2131""",
"=""83.4392""","=""""","=""""","=""150""","=""""",,"=""""","=""""","=""""","=""""","=""""","=""""","=""""","=""""",,"=""""","=""L2131""",
"=""83.5002""","=""""","=""""","=""100""","=""""",,"=""""","=""""","=""""","=""""","=""""","=""""","=""""","=""""",,"=""""","=""L2131""",
"=""84.2805""","=""""","=""""","=""100""","=""""",,"=""""","=""""","=""""","=""""","=""""","=""""","=""""","=""""",,"=""""","=""L2131""",
"=""86.6800""","=""86.680000""","=""""","=""180""","=""3.13e+08""",C+,"=""0.0000""","=""115366.866""","=""3s2.3p6""","=""1S""","=""0""","=""3s2.3p5.(2P*<1/2>).3d""","=""2[3/2]*""","=""1""",,"=""T1355,T1618n""","=""L2131""",
"=""86.9754""","=""86.975415""","=""""","=""150""","=""3.50e+07""",C,"=""0.0000""","=""114975.019""","=""3s2.3p6""","=""1S""","=""0""","=""3s2.3p5.(2P*<1/2>).5s""","=""2[1/2]*""","=""1""",,"=""T1355,T1618n,T1372""","=""L2131""",
"=""87.6058""","=""87.605770""","=""""","=""180r""","=""2.70e+08""",C+,"=""0.0000""","=""114147.732""","=""3s2.3p6""","=""1S""","=""0""","=""3s2.3p5.(2P*<3/2>).3d""","=""2[3/2]*""","=""1""",,"=""T1355,T1618n""","=""L2131""",
"=""87.9947""","=""87.994660""","=""""","=""180r""","=""7.7e+07""",C,"=""0.0000""","=""113643.260""","=""3s2.3p6""","=""1S""","=""0""","=""3s2.3p5.(2P*<3/2>).5s""","=""2[3/2]*""","=""1""",,"=""T1355,T1618n,T1372""","=""L2131""",
"=""89.4310""","=""89.43102""","=""0.00004""","=""150""","=""""",,"=""0.0000""","=""111818.028""","=""3s2.3p6""","=""1S""","=""0""","=""3s2.3p5.(2P*<3/2>).3d""","=""2[1/2]*""","=""1""",,"=""""","=""L2131""",
"=""104.8220""","=""104.8219924""","=""""","=""1000r""","=""5.32e+08""",AA,"=""0.0000""","=""95399.8276""","=""3s2.3p6""","=""1S""","=""0""","=""3s2.3p5.(2P*<1/2>).4s""","=""2[1/2]*""","=""1""",,"=""T7574""","=""L2131""",
"=""106.6660""","=""106.6659865""","=""""","=""500r""","=""1.320e+08""",A+,"=""0.0000""","=""93750.5978""","=""3s2.3p6""","=""1S""","=""0""","=""3s2.3p5.(2P*<3/2>).4s""","=""2[3/2]*""","=""1""",,"=""T7574""","=""L2131""",
obs_wl_air(nm),ritz_wl_air(nm),unc_ritz_wl,intens,Aki(s^-1),Acc,Ei(cm-1),Ek(cm-1),conf_i,term_i,J_i,conf_k,term_k,J_k,Type,tp_ref,line_ref,
"=""320.037""","=""""","=""""","=""8""","=""""",,"=""""","=""""","=""""","=""""","=""""","=""""","=""""","=""""",,"=""""","=""L2131""",
"=""331.934""","=""""","=""""","=""7""","=""""",,"=""""","=""""","=""""","=""""","=""""","=""""","=""""","=""""",,"=""""","=""L3512""",
"=""337.347""","=""""","=""""","=""7""","=""""",,"=""""","=""""","=""""","=""""","=""""","=""""","=""""","=""""",,"=""""","=""L3512""",
"=""339.373""","=""""","=""""","=""7""","=""""",,"=""""","=""""","=""""","=""""","=""""","=""""","=""""","=""""",,"=""""","=""L3512""",
"=""""","=""340.61804""","=""""","=""""","=""3.9e+05""",D,"=""95399.8276""","=""124749.805""","=""3s2.3p5.(2P*<1/2>).4s""","=""2[1/2]*""","=""1""","=""3s2.3p5.(2P*<1/2>).7p""","=""2[1/2]""","=""0""",,"=""T1086n""","=""""",
"=""346.107""","=""346.10783""","=""""","=""7""","=""6.7e+04""",D,"=""93750.5978""","=""122635.054""","=""3s2.3p5.(2P*<3/2>).4s""","=""2[3/2]*""","=""1""","=""3s2.3p5.(2P*<1/2>).6p""","=""2[3/2]""","=""2""",,"=""T1086n""","=""L3512""",
"=""355.4306""","=""355.43055""","=""""","=""7""","=""2.7e+05""",D,"=""93143.7600""","=""121270.617""","=""3s2.3p5.(2P*<3/2>).4s""","=""2[3/2]*""","=""2""","=""3s2.3p5.(2P*<3/2>).6p""","=""2[3/2]""","=""2""",,"=""T1086n""","=""L2634""",
"=""""","=""356.32859""","=""""","=""""","=""1.2e+05""",D,"=""94553.6652""","=""122609.637""","=""3s2.3p5.(2P*<1/2>).4s""","=""2[1/2]*""","=""0""","=""3s2.3p5.(2P*<1/2>).6p""","=""2[3/2]""","=""1""",,"=""T1086n""","=""""",
"=""""","=""356.76560""","=""""","=""""","=""1.1e+05""",D,"=""93143.7600""","=""121165.367""","=""3s2.3p5.(2P*<3/2>).4s""","=""2[3/2]*""","=""2""","=""3s2.3p5.(2P*<3/2>).6p""","=""2[5/2]""","=""3""",,"=""T1086n""","=""""",
"=""""","=""357.22953""","=""""","=""""","=""5.1e+05""",D,"=""95399.8276""","=""123385.044""","=""3s2.3p5.(2P*<1/2>).4s""","=""2[1/2]*""","=""1""","=""3s2.3p5.(2P*<3/2>).7p""","=""2[1/2]""","=""0""",,"=""T1086n""","=""""",
"=""360.6522""","=""360.65217""","=""""","=""7""","=""7.6e+05""",D,"=""93750.5978""","=""121470.238""","=""3s2.3p5.(2P*<3/2>).4s""","=""2[3/2]*""","=""1""","=""3s2.3p5.(2P*<3/2>).6p""","=""2[1/2]""","=""0""",,"=""T1086n""","=""L2634""",
"=""""","=""363.26829""","=""""","=""""","=""6.6e+04""",D,"=""93750.5978""","=""121270.617""","=""3s2.3p5.(2P*<3/2>).4s""","=""2[3/2]*""","=""1""","=""3s2.3p5.(2P*<3/2>).6p""","=""2[3/2]""","=""2""",,"=""T1086n""","=""""",
"=""""","=""363.44600""","=""""","=""""","=""1.3e+05""",D,"=""93750.5978""","=""121257.161""","=""3s2.3p5.(2P*<3/2>).4s""","=""2[3/2]*""","=""1""","=""3s2.3p5.(2P*<3/2>).6p""","=""2[3/2]""","=""1""",,"=""T1086n""","=""""",
"=""""","=""364.31163""","=""""","=""""","=""2.4e+04""",D,"=""93750.5978""","=""121191.805""","=""3s2.3p5.(2P*<3/2>).4s""","=""2[3/2]*""","=""1""","=""3s2.3p5.(2P*<3/2>).6p""","=""2[5/2]""","=""2""",,"=""T1086n""","=""""",
"=""""","=""364.98317""","=""""","=""""","=""8.0e+05""",D,"=""95399.8276""","=""122790.547""","=""3s2.3p5.(2P*<1/2>).4s""","=""2[1/2]*""","=""1""","=""3s2.3p5.(2P*<1/2>).6p""","=""2[1/2]""","=""0""",,"=""T1086n""","=""""",
"=""""","=""365.95291""","=""""","=""""","=""4.4e+04""",D,"=""93750.5978""","=""121068.736""","=""3s2.3p5.(2P*<3/2>).4s""","=""2[3/2]*""","=""1""","=""3s2.3p5.(2P*<3/2>).6p""","=""2[1/2]""","=""1""",,"=""T1086n""","=""""",
"=""""","=""367.06701""","=""""","=""""","=""3.1e+04""",D,"=""95399.8276""","=""122635.054""","=""3s2.3p5.(2P*<1/2>).4s""","=""2[1/2]*""","=""1""","=""3s2.3p5.(2P*<1/2>).6p""","=""2[3/2]""","=""2""",,"=""T1086n""","=""""",
"=""""","=""367.52352""","=""""","=""""","=""4.9e+04""",D,"=""95399.8276""","=""122601.225""","=""3s2.3p5.(2P*<1/2>).4s""","=""2[1/2]*""","=""1""","=""3s2.3p5.(2P*<1/2>).6p""","=""2[1/2]""","=""1""",,"=""T1086n""","=""""",
"=""377.0369""","=""377.03689""","=""""","=""20""","=""7.0e+04""",D,"=""94553.6652""","=""121068.736""","=""3s2.3p5.(2P*<1/2>).4s""","=""2[1/2]*""","=""0""","=""3s2.3p5.(2P*<3/2>).6p""","=""2[1/2]""","=""1""",,"=""T1086n""","=""L2634""",
"=""383.4679""","=""383.46784""","=""""","=""7""","=""7.5e+05""",D,"=""95399.8276""","=""121470.238""","=""3s2.3p5.(2P*<1/2>).4s""","=""2[1/2]*""","=""1""","=""3s2.3p5.(2P*<3/2>).6p""","=""2[1/2]""","=""0""",,"=""T1086n""","=""L2634""",
"=""""","=""389.46601""","=""""","=""""","=""5.7e+04""",D,"=""95399.8276""","=""121068.736""","=""3s2.3p5.(2P*<1/2>).4s""","=""2[1/2]*""","=""1""","=""3s2.3p5.(2P*<3/2>).6p""","=""2[1/2]""","=""1""",,"=""T1086n""","=""""",
"=""394.7505""","=""394.750472""","=""""","=""7""","=""5.6e+04""",C+,"=""93143.7600""","=""118469.0508""","=""3s2.3p5.(2P*<3/2>).4s""","=""2[3/2]*""","=""2""","=""3s2.3p5.(2P*<1/2>).5p""","=""2[3/2]""","=""2""",,"=""T5223""","=""L2634""",
"=""394.8979""","=""394.897881""","=""""","=""35""","=""4.6e+05""",B,"=""93143.7600""","=""118459.5975""","=""3s2.3p5.(2P*<3/2>).4s""","=""2[3/2]*""","=""2""","=""3s2.3p5.(2P*<1/2>).5p""","=""2[1/2]""","=""1""",,"=""T5223""","=""L2634""",
"=""404.4418""","=""404.441804""","=""""","=""50""","=""3.3e+05""",B,"=""93750.5978""","=""118469.0508""","=""3s2.3p5.(2P*<3/2>).4s""","=""2[3/2]*""","=""1""","=""3s2.3p5.(2P*<1/2>).5p""","=""2[3/2]""","=""2""",,"=""T5223""","=""L2634""",
"=""""","=""404.596541""","=""""","=""""","=""4.1e+04""",B,"=""93750.5978""","=""118459.5975""","=""3s2.3p5.(2P*<3/2>).4s""","=""2[3/2]*""","=""1""","=""3s2.3p5.(2P*<1/2>).5p""","=""2[1/2]""","=""1""",,"=""T5223""","=""""",
"=""""","=""405.452576""","=""""","=""""","=""2.7e+04""",C+,"=""93750.5978""","=""118407.4303""","=""3s2.3p5.(2P*<3/2>).4s""","=""2[3/2]*""","=""1""","=""3s2.3p5.(2P*<1/2>).5p""","=""2[3/2]""","=""1""",,"=""T5223""","=""""",
"=""415.8590""","=""415.859070""","=""""","=""400""","=""1.40e+06""",B,"=""93143.7600""","=""117183.5901""","=""3s2.3p5.(2P*<3/2>).4s""","=""2[3/2]*""","=""2""","=""3s2.3p5.(2P*<3/2>).5p""","=""2[3/2]""","=""2""",,"=""T5223""","=""L2634""",
"=""416.4180""","=""416.417952""","=""""","=""50""","=""2.9e+05""",B,"=""93143.7600""","=""117151.3264""","=""3s2.3p5.(2P*<3/2>).4s""","=""2[3/2]*""","=""2""","=""3s2.3p5.(2P*<3/2>).5p""","=""2[3/2]""","=""1""",,"=""T5223""","=""L2634""",
"=""418.1884""","=""418.188354""","=""""","=""50""","=""5.6e+05""",B,"=""94553.6652""","=""118459.5975""","=""3s2.3p5.(2P*<1/2>).4s""","=""2[1/2]*""","=""0""","=""3s2.3p5.(2P*<1/2>).5p""","=""2[1/2]""","=""1""",,"=""T5223""","=""L2634""",
"=""419.0713""","=""419.071294""","=""""","=""100""","=""2.80e+05""",B,"=""93143.7600""","=""116999.3259""","=""3s2.3p5.(2P*<3/2>).4s""","=""2[3/2]*""","=""2""","=""3s2.3p5.(2P*<3/2>).5p""","=""2[5/2]""","=""2""",,"=""T5223""","=""L2634""",
"=""419.1029""","=""419.102932""","=""""","=""50""","=""5.4e+05""",C+,"=""94553.6652""","=""118407.4303""","=""3s2.3p5.(2P*<1/2>).4s""","=""2[1/2]*""","=""0""","=""3s2.3p5.(2P*<1/2>).5p""","=""2[3/2]""","=""1""",,"=""T5223""","=""L2634""",
"=""419.8317""","=""419.831729""","=""""","=""200""","=""2.57e+06""",B,"=""93750.5978""","=""117562.9553""","=""3s2.3p5.(2P*<3/2>).4s""","=""2[3/2]*""","=""1""","=""3s2.3p5.(2P*<3/2>).5p""","=""2[1/2]""","=""0""",,"=""T5223""","=""L2634""",
"=""420.0674""","=""420.067472""","=""""","=""400""","=""9.7e+05""",B+,"=""93143.7600""","=""116942.7542""","=""3s2.3p5.(2P*<3/2>).4s""","=""2[3/2]*""","=""2""","=""3s2.3p5.(2P*<3/2>).5p""","=""2[5/2]""","=""3""",,"=""T5223""","=""L2634""",
"=""425.1185""","=""425.11849""","=""""","=""25""","=""1.11e+05""",C+,"=""93143.7600""","=""116659.9934""","=""3s2.3p5.(2P*<3/2>).4s""","=""2[3/2]*""","=""2""","=""3s2.3p5.(2P*<3/2>).5p""","=""2[1/2]""","=""1""",,"=""T5223""","=""L2634""",
"=""425.9362""","=""425.93617""","=""""","=""200""","=""3.98e+06""",B+,"=""95399.8276""","=""118870.9170""","=""3s2.3p5.(2P*<1/2>).4s""","=""2[1/2]*""","=""1""","=""3s2.3p5.(2P*<1/2>).5p""","=""2[1/2]""","=""0""",,"=""T5223""","=""L2634""",
"=""426.6286""","=""426.62867""","=""""","=""100""","=""3.1e+05""",C+,"=""93750.5978""","=""117183.5901""","=""3s2.3p5.(2P*<3/2>).4s""","=""2[3/2]*""","=""1""","=""3s2.3p5.(2P*<3/2>).5p""","=""2[3/2]""","=""2""",,"=""T5223""","=""L2634""",
"=""427.2169""","=""427.21689""","=""""","=""150""","=""8.0e+05""",B,"=""93750.5978""","=""117151.3264""","=""3s2.3p5.(2P*<3/2>).4s""","=""2[3/2]*""","=""1""","=""3s2.3p5.(2P*<3/2>).5p""","=""2[3/2]""","=""1""",,"=""T5223""","=""L2634""",
"=""430.0101""","=""430.01009""","=""""","=""100""","=""3.77e+05""",B+,"=""93750.5978""","=""116999.3259""","=""3s2.3p5.(2P*<3/2>).4s""","=""2[3/2]*""","=""1""","=""3s2.3p5.(2P*<3/2>).5p""","=""2[5/2]""","=""2""",,"=""T5223""","=""L2634""",
"=""433.3561""","=""433.35612""","=""""","=""100""","=""5.7e+05""",B+,"=""95399.8276""","=""118469.0508""","=""3s2.3p5.(2P*<1/2>).4s""","=""2[1/2]*""","=""1""","=""3s2.3p5.(2P*<1/2>).5p""","=""2[3/2]""","=""2""",,"=""T5223""","=""L2634""",
"=""433.5338""","=""433.53378""","=""""","=""50""","=""3.9e+05""",C+,"=""95399.8276""","=""118459.5975""","=""3s2.3p5.(2P*<1/2>).4s""","=""2[1/2]*""","=""1""","=""3s2.3p5.(2P*<1/2>).5p""","=""2[1/2]""","=""1""",,"=""T5223""","=""L2634""",
"=""434.5168""","=""434.51679""","=""""","=""25""","=""3.0e+05""",B,"=""95399.8276""","=""118407.4303""","=""3s2.3p5.(2P*<1/2>).4s""","=""2[1/2]*""","=""1""","=""3s2.3p5.(2P*<1/2>).5p""","=""2[3/2]""","=""1""",,"=""T5223""","=""L2634""",
"=""""","=""436.37949""","=""""","=""""","=""1.20e+04""",B,"=""93750.5978""","=""116659.9934""","=""3s2.3p5.(2P*<3/2>).4s""","=""2[3/2]*""","=""1""","=""3s2.3p5.(2P*<3/2>).5p""","=""2[1/2]""","=""1""",,"=""T5223""","=""""",
"=""""","=""442.39944""","=""""","=""""","=""7.3e+03""",C+,"=""94553.6652""","=""117151.3264""","=""3s2.3p5.(2P*<1/2>).4s""","=""2[1/2]*""","=""0""","=""3s2.3p5.(2P*<3/2>).5p""","=""2[3/2]""","=""1""",,"=""T5223""","=""""",
"=""451.0733""","=""451.07334""","=""""","=""100""","=""1.18e+06""",B+,"=""95399.8276""","=""117562.9553""","=""3s2.3p5.(2P*<1/2>).4s""","=""2[1/2]*""","=""1""","=""3s2.3p5.(2P*<3/2>).5p""","=""2[1/2]""","=""0""",,"=""T5223""","=""L2634""",
"=""452.2323""","=""452.23234""","=""""","=""20""","=""9.0e+04""",B,"=""94553.6652""","=""116659.9934""","=""3s2.3p5.(2P*<1/2>).4s""","=""2[1/2]*""","=""0""","=""3s2.3p5.(2P*<3/2>).5p""","=""2[1/2]""","=""1""",,"=""T5223""","=""L2634""",
"=""""","=""454.4746""","=""""","=""""","=""8.3e+04""",E,"=""104102.0990""","=""126099.36""","=""3s2.3p5.(2P*<3/2>).4p""","=""2[1/2]""","=""1""","=""3s2.3p5.(2P*<3/2>).11d""","=""2[1/2]*""","=""1""",,"=""T1164n""","=""""",
"=""""","=""455.4324""","=""""","=""""","=""3.8e+04""",E,"=""104102.0990""","=""126053.10""","=""3s2.3p5.(2P*<3/2>).4p""","=""2[1/2]""","=""1""","=""3s2.3p5.(2P*<1/2>).7d""","=""2[3/2]*""","=""2""",,"=""T1164n""","=""""",
"=""""","=""458.4956""","=""""","=""""","=""1.6e+05""",E,"=""104102.0990""","=""125906.45""","=""3s2.3p5.(2P*<3/2>).4p""","=""2[1/2]""","=""1""","=""3s2.3p5.(2P*<3/2>).10d""","=""2[3/2]*""","=""2""",,"=""T1164n""","=""""",
"=""""","=""458.6611""","=""""","=""""","=""2.3e+05""",E,"=""104102.0990""","=""125898.58""","=""3s2.3p5.(2P*<3/2>).4p""","=""2[1/2]""","=""1""","=""3s2.3p5.(2P*<3/2>).10d""","=""2[1/2]*""","=""1""",,"=""T1164n""","=""""",
"=""""","=""458.7209""","=""""","=""""","=""4.9e+05""",E,"=""104102.0990""","=""125895.74""","=""3s2.3p5.(2P*<3/2>).4p""","=""2[1/2]""","=""1""","=""3s2.3p5.(2P*<3/2>).10d""","=""2[1/2]*""","=""0""",,"=""T1164n""","=""""",
"=""""","=""458.92893""","=""""","=""""","=""6.2e+03""",C,"=""95399.8276""","=""117183.5901""","=""3s2.3p5.(2P*<1/2>).4s""","=""2[1/2]*""","=""1""","=""3s2.3p5.(2P*<3/2>).5p""","=""2[3/2]""","=""2""",,"=""T5223""","=""""",
"=""459.6097""","=""459.60966""","=""""","=""15""","=""9.5e+04""",B,"=""95399.8276""","=""117151.3264""","=""3s2.3p5.(2P*<1/2>).4s""","=""2[1/2]*""","=""1""","=""3s2.3p5.(2P*<3/2>).5p""","=""2[3/2]""","=""1""",,"=""T5223""","=""L2634""",
"=""462.8441""","=""462.84409""","=""""","=""7""","=""3.83e+04""",B+,"=""95399.8276""","=""116999.3259""","=""3s2.3p5.(2P*<1/2>).4s""","=""2[1/2]*""","=""1""","=""3s2.3p5.(2P*<3/2>).5p""","=""2[5/2]""","=""2""",,"=""T5223""","=""L2634""",
"=""""","=""464.2137""","=""""","=""""","=""9.6e+04""",E,"=""104102.0990""","=""125637.87""","=""3s2.3p5.(2P*<3/2>).4p""","=""2[1/2]""","=""1""","=""3s2.3p5.(2P*<3/2>).9d""","=""2[3/2]*""","=""2""",,"=""T1164n""","=""""",
"=""""","=""464.7489""","=""""","=""""","=""1.2e+05""",E,"=""104102.0990""","=""125613.07""","=""3s2.3p5.(2P*<3/2>).4p""","=""2[1/2]""","=""1""","=""3s2.3p5.(2P*<3/2>).9d""","=""2[1/2]*""","=""1""",,"=""T1164n""","=""""",
"=""470.2316""","=""470.23164""","=""""","=""15""","=""1.09e+05""",B,"=""95399.8276""","=""116659.9934""","=""3s2.3p5.(2P*<1/2>).4s""","=""2[1/2]*""","=""1""","=""3s2.3p5.(2P*<3/2>).5p""","=""2[1/2]""","=""1""",,"=""T5223""","=""L2634""",
"=""""","=""474.6821""","=""""","=""""","=""3.6e+05""",E,"=""104102.0990""","=""125162.94""","=""3s2.3p5.(2P*<3/2>).4p""","=""2[1/2]""","=""1""","=""3s2.3p5.(2P*<3/2>).8d""","=""2[1/2]*""","=""0""",,"=""T1164n""","=""""",
"=""""","=""475.29388""","=""""","=""""","=""4.5e+05""",E,"=""104102.0990""","=""125135.831""","=""3s2.3p5.(2P*<3/2>).4p""","=""2[1/2]""","=""1""","=""3s2.3p5.(2P*<3/2>).8d""","=""2[1/2]*""","=""1""",,"=""T1164n""","=""""",
"=""""","=""476.86729""","=""""","=""""","=""8.6e+05""",D,"=""104102.0990""","=""125066.432""","=""3s2.3p5.(2P*<3/2>).4p""","=""2[1/2]""","=""1""","=""3s2.3p5.(2P*<1/2>).6d""","=""2[3/2]*""","=""2""",,"=""T1218n""","=""""",
"=""""","=""479.8742""","=""""","=""""","=""8.8e+04""",E,"=""105462.7596""","=""126295.73""","=""3s2.3p5.(2P*<3/2>).4p""","=""2[5/2]""","=""3""","=""3s2.3p5.(2P*<3/2>).12d""","=""2[7/2]*""","=""4""",,"=""T1164n""","=""""",
"=""""","=""483.5970""","=""""","=""""","=""9.3e+04""",E,"=""105462.7596""","=""126135.36""","=""3s2.3p5.(2P*<3/2>).4p""","=""2[5/2]""","=""3""","=""3s2.3p5.(2P*<3/2>).11d""","=""2[7/2]*""","=""4""",,"=""T1164n""","=""""",
"=""""","=""483.6697""","=""""","=""""","=""1.02e+05""",C,"=""104102.0990""","=""124771.59""","=""3s2.3p5.(2P*<3/2>).4p""","=""2[1/2]""","=""1""","=""3s2.3p5.(2P*<3/2>).9s""","=""2[3/2]*""","=""2""",,"=""T1164n""","=""""",
"=""""","=""487.62607""","=""""","=""""","=""7.8e+05""",D,"=""104102.0990""","=""124603.890""","=""3s2.3p5.(2P*<3/2>).4p""","=""2[1/2]""","=""1""","=""3s2.3p5.(2P*<3/2>).7d""","=""2[3/2]*""","=""2""",,"=""T1218n""","=""""",
"=""""","=""488.6290""","=""""","=""""","=""1.2e+05""",E,"=""105462.7596""","=""125922.47""","=""3s2.3p5.(2P*<3/2>).4p""","=""2[5/2]""","=""3""","=""3s2.3p5.(2P*<3/2>).10d""","=""2[7/2]*""","=""4""",,"=""T1164n""","=""""",
"=""""","=""488.79471""","=""""","=""""","=""1.3e+06""",D,"=""104102.0990""","=""124554.874""","=""3s2.3p5.(2P*<3/2>).4p""","=""2[1/2]""","=""1""","=""3s2.3p5.(2P*<3/2>).7d""","=""2[1/2]*""","=""1""",,"=""T1218n""","=""""",
"=""""","=""489.46909""","=""""","=""""","=""1.8e+06""",D,"=""104102.0990""","=""124526.695""","=""3s2.3p5.(2P*<3/2>).4p""","=""2[1/2]""","=""1""","=""3s2.3p5.(2P*<3/2>).7d""","=""2[1/2]*""","=""0""",,"=""T1218n""","=""""",
"=""""","=""492.1034""","=""""","=""""","=""5.9e+04""",E,"=""105617.2700""","=""125932.53""","=""3s2.3p5.(2P*<3/2>).4p""","=""2[5/2]""","=""2""","=""3s2.3p5.(2P*<3/2>).10d""","=""2[7/2]*""","=""3""",,"=""T1164n""","=""""",
"=""""","=""493.7720""","=""""","=""""","=""3.6e+04""",E,"=""105462.7596""","=""125709.37""","=""3s2.3p5.(2P*<3/2>).4p""","=""2[5/2]""","=""3""","=""3s2.3p5.(2P*<3/2>).11s""","=""2[3/2]*""","=""2""",,"=""T1164n""","=""""",
"=""""","=""495.6750""","=""""","=""""","=""1.8e+05""",E,"=""105462.7596""","=""125631.64""","=""3s2.3p5.(2P*<3/2>).4p""","=""2[5/2]""","=""3""","=""3s2.3p5.(2P*<3/2>).9d""","=""2[7/2]*""","=""4""",,"=""T1164n""","=""""",
"=""""","=""498.9943""","=""""","=""""","=""1.1e+05""",E,"=""105617.2700""","=""125651.99""","=""3s2.3p5.(2P*<3/2>).4p""","=""2[5/2]""","=""2""","=""3s2.3p5.(2P*<3/2>).9d""","=""2[7/2]*""","=""3""",,"=""T1164n""","=""""",
"=""""","=""503.2024""","=""""","=""""","=""8.2e+04""",E,"=""105462.7596""","=""125329.94""","=""3s2.3p5.(2P*<3/2>).4p""","=""2[5/2]""","=""3""","=""3s2.3p5.(2P*<3/2>).10s""","=""2[3/2]*""","=""2""",,"=""T1164n""","=""""",
"=""""","=""504.8811""","=""""","=""""","=""4.6e+05""",D,"=""104102.0990""","=""123903.220""","=""3s2.3p5.(2P*<3/2>).4p""","=""2[1/2]""","=""1""","=""3s2.3p5.(2P*<3/2>).8s""","=""2[3/2]*""","=""2""",,"=""T1218n""","=""""",
"=""""","=""505.4176""","=""""","=""""","=""4.5e+05""",D,"=""104102.0990""","=""123882.203""","=""3s2.3p5.(2P*<3/2>).4p""","=""2[1/2]""","=""1""","=""3s2.3p5.(2P*<1/2>).7s""","=""2[1/2]*""","=""1""",,"=""T1218n""","=""""",
"=""""","=""505.6529""","=""""","=""""","=""5.7e+05""",D,"=""104102.0990""","=""123873.000""","=""3s2.3p5.(2P*<3/2>).4p""","=""2[1/2]""","=""1""","=""3s2.3p5.(2P*<1/2>).7s""","=""2[1/2]*""","=""0""",,"=""T1218n""","=""""",
"=""""","=""506.0079""","=""""","=""""","=""3.7e+05""",E,"=""105462.7596""","=""125219.788""","=""3s2.3p5.(2P*<3/2>).4p""","=""2[5/2]""","=""3""","=""3s2.3p5.(2P*<3/2>).8d""","=""2[7/2]*""","=""4""",,"=""T1164n""","=""""",
"=""""","=""507.0977""","=""""","=""""","=""2.6e+05""",E,"=""105617.2700""","=""125331.84""","=""3s2.3p5.(2P*<3/2>).4p""","=""2[5/2]""","=""2""","=""3s2.3p5.(2P*<3/2>).10s""","=""2[3/2]*""","=""1""",,"=""T1164n""","=""""",
"=""""","=""507.3076""","=""""","=""""","=""5.9e+04""",D,"=""104102.0990""","=""123808.513""","=""3s2.3p5.(2P*<3/2>).4p""","=""2[1/2]""","=""1""","=""3s2.3p5.(2P*<3/2>).6d""","=""2[3/2]*""","=""2""",,"=""T1164n""","=""""",
"=""""","=""507.8033""","=""""","=""""","=""4.7e+04""",E,"=""105462.7596""","=""125149.937""","=""3s2.3p5.(2P*<3/2>).4p""","=""2[5/2]""","=""3""","=""3s2.3p5.(2P*<1/2>).6d""","=""2[5/2]*""","=""3""",,"=""T1164n""","=""""",
"=""""","=""508.7084""","=""""","=""""","=""1.6e+05""",E,"=""105617.2700""","=""125269.42""","=""3s2.3p5.(2P*<3/2>).4p""","=""2[5/2]""","=""2""","=""3s2.3p5.(2P*<3/2>).8d""","=""2[7/2]*""","=""3""",,"=""T1164n""","=""""",
"=""""","=""510.4729""","=""""","=""""","=""8.7e+04""",E,"=""106087.2598""","=""125671.48""","=""3s2.3p5.(2P*<3/2>).4p""","=""2[3/2]""","=""1""","=""3s2.3p5.(2P*<3/2>).9d""","=""2[5/2]*""","=""2""",,"=""T1164n""","=""""",
"=""""","=""511.8202""","=""""","=""""","=""2.7e+05""",D+,"=""105617.2700""","=""125149.937""","=""3s2.3p5.(2P*<3/2>).4p""","=""2[5/2]""","=""2""","=""3s2.3p5.(2P*<1/2>).6d""","=""2[5/2]*""","=""3""",,"=""T1218n""","=""""",
"=""""","=""512.7801""","=""""","=""""","=""3.3e+04""",D,"=""105617.2700""","=""125113.376""","=""3s2.3p5.(2P*<3/2>).4p""","=""2[5/2]""","=""2""","=""3s2.3p5.(2P*<1/2>).6d""","=""2[5/2]*""","=""2""",,"=""T1218n""","=""""",
"=""515.1391""","=""515.1391""","=""""","=""5""","=""2.39e+06""",C,"=""104102.0990""","=""123508.927""","=""3s2.3p5.(2P*<3/2>).4p""","=""2[1/2]""","=""1""","=""3s2.3p5.(2P*<3/2>).6d""","=""2[1/2]*""","=""0""",,"=""T1218n""","=""L2634""",
"=""""","=""515.23031""","=""""","=""""","=""1.1e+05""",D,"=""104102.0990""","=""123505.4896""","=""3s2.3p5.(2P*<3/2>).4p""","=""2[1/2]""","=""1""","=""3s2.3p5.(2P*<1/2>).5d""","=""2[5/2]*""","=""2""",,"=""T1218n""","=""""",
"=""516.2285""","=""516.22845""","=""""","=""15""","=""1.90e+06""",C,"=""104102.0990""","=""123467.9733""","=""3s2.3p5.(2P*<3/2>).4p""","=""2[1/2]""","=""1""","=""3s2.3p5.(2P*<3/2>).6d""","=""2[1/2]*""","=""1""",,"=""T1218n""","=""L2634""",
"=""""","=""517.7536""","=""""","=""""","=""2.4e+05""",D,"=""105462.7596""","=""124771.59""","=""3s2.3p5.(2P*<3/2>).4p""","=""2[5/2]""","=""3""","=""3s2.3p5.(2P*<3/2>).9s""","=""2[3/2]*""","=""2""",,"=""T1218n""","=""""",
"=""518.7746""","=""518.77464""","=""""","=""20""","=""1.38e+06""",C,"=""104102.0990""","=""123372.9253""","=""3s2.3p5.(2P*<3/2>).4p""","=""2[1/2]""","=""1""","=""3s2.3p5.(2P*<1/2>).5d""","=""2[3/2]*""","=""2""",,"=""T1218n,T1164n""","=""L2634""",
"=""""","=""519.2733""","=""""","=""""","=""1.2e+04""",D,"=""105462.7596""","=""124715.081""","=""3s2.3p5.(2P*<3/2>).4p""","=""2[5/2]""","=""3""","=""3s2.3p5.(2P*<3/2>).7d""","=""2[5/2]*""","=""3""",,"=""T1218n""","=""""",
"=""""","=""519.4052""","=""""","=""""","=""7.8e+05""",D,"=""106087.2598""","=""125334.69""","=""3s2.3p5.(2P*<3/2>).4p""","=""2[3/2]""","=""1""","=""3s2.3p5.(2P*<1/2>).8s""","=""2[1/2]*""","=""0""",,"=""T1218n""","=""""",
"=""""","=""521.0486""","=""""","=""""","=""1.1e+05""",D,"=""105462.7596""","=""124649.485""","=""3s2.3p5.(2P*<3/2>).4p""","=""2[5/2]""","=""3""","=""3s2.3p5.(2P*<3/2>).7d""","=""2[7/2]*""","=""3""",,"=""T1164n""","=""""",
"=""""","=""521.4774""","=""""","=""""","=""2.1e+05""",D,"=""105617.2700""","=""124788.22""","=""3s2.3p5.(2P*<3/2>).4p""","=""2[5/2]""","=""2""","=""3s2.3p5.(2P*<3/2>).7d""","=""2[3/2]*""","=""1""",,"=""T1164n""","=""""",
"=""""","=""521.6300""","=""""","=""""","=""1.3e+05""",D,"=""105617.2700""","=""124782.61""","=""3s2.3p5.(2P*<3/2>).4p""","=""2[5/2]""","=""2""","=""3s2.3p5.(2P*<3/2>).9s""","=""2[3/2]*""","=""1""",,"=""T1164n""","=""""",
"=""522.1271""","=""522.1270""","=""""","=""7""","=""8.8e+05""",D,"=""105462.7596""","=""124609.856""","=""3s2.3p5.(2P*<3/2>).4p""","=""2[5/2]""","=""3""","=""3s2.3p5.(2P*<3/2>).7d""","=""2[7/2]*""","=""4""",,"=""T1164n""","=""L2634""",
"=""""","=""524.1093""","=""""","=""""","=""1.3e+05""",D,"=""105617.2700""","=""124691.951""","=""3s2.3p5.(2P*<3/2>).4p""","=""2[5/2]""","=""2""","=""3s2.3p5.(2P*<3/2>).7d""","=""2[5/2]*""","=""2""",,"=""T1164n""","=""""",
"=""""","=""524.6198""","=""""","=""""","=""1.2e+05""",E,"=""106237.5518""","=""125293.67""","=""3s2.3p5.(2P*<3/2>).4p""","=""2[3/2]""","=""2""","=""3s2.3p5.(2P*<3/2>).8d""","=""2[5/2]*""","=""3""",,"=""T1164n""","=""""",
"=""""","=""524.9165""","=""""","=""""","=""7.9e+04""",E,"=""106237.5518""","=""125282.90""","=""3s2.3p5.(2P*<3/2>).4p""","=""2[3/2]""","=""2""","=""3s2.3p5.(2P*<3/2>).8d""","=""2[3/2]*""","=""2""",,"=""T1164n""","=""""",
"=""""","=""525.2787""","=""""","=""""","=""5.4e+05""",D,"=""105617.2700""","=""124649.485""","=""3s2.3p5.(2P*<3/2>).4p""","=""2[5/2]""","=""2""","=""3s2.3p5.(2P*<3/2>).7d""","=""2[7/2]*""","=""3""",,"=""T1164n""","=""""",
"=""""","=""525.4471""","=""""","=""""","=""3.6e+05""",E,"=""106087.2598""","=""125113.376""","=""3s2.3p5.(2P*<3/2>).4p""","=""2[3/2]""","=""1""","=""3s2.3p5.(2P*<1/2>).6d""","=""2[5/2]*""","=""2""",,"=""T1164n""","=""""",
"=""""","=""528.6069""","=""""","=""""","=""9.6e+04""",E,"=""106237.5518""","=""125149.937""","=""3s2.3p5.(2P*<3/2>).4p""","=""2[3/2]""","=""2""","=""3s2.3p5.(2P*<1/2>).6d""","=""2[5/2]*""","=""3""",,"=""T1164n""","=""""",
"=""""","=""529.0015""","=""""","=""""","=""9.0e+04""",E,"=""106237.5518""","=""125135.831""","=""3s2.3p5.(2P*<3/2>).4p""","=""2[3/2]""","=""2""","=""3s2.3p5.(2P*<3/2>).8d""","=""2[1/2]*""","=""1""",,"=""T1164n""","=""""",
"=""""","=""530.9513""","=""""","=""""","=""1.2e+05""",E,"=""106237.5518""","=""125066.432""","=""3s2.3p5.(2P*<3/2>).4p""","=""2[3/2]""","=""2""","=""3s2.3p5.(2P*<1/2>).6d""","=""2[3/2]*""","=""2""",,"=""T1164n""","=""""",
"=""""","=""531.7715""","=""""","=""""","=""2.6e+05""",E,"=""107289.7001""","=""126089.54""","=""3s2.3p5.(2P*<1/2>).4p""","=""2[3/2]""","=""2""","=""3s2.3p5.(2P*<1/2>).7d""","=""2[5/2]*""","=""3""",,"=""T1164n""","=""""",
"=""""","=""537.3494""","=""""","=""""","=""2.7e+05""",D,"=""106087.2598""","=""124691.951""","=""3s2.3p5.(2P*<3/2>).4p""","=""2[3/2]""","=""1""","=""3s2.3p5.(2P*<3/2>).7d""","=""2[5/2]*""","=""2""",,"=""T1164n""","=""""",
"=""""","=""539.3979""","=""""","=""""","=""9.6e+04""",D,"=""106237.5518""","=""124771.59""","=""3s2.3p5.(2P*<3/2>).4p""","=""2[3/2]""","=""2""","=""3s2.3p5.(2P*<3/2>).9s""","=""2[3/2]*""","=""2""",,"=""T1164n""","=""""",
"=""""","=""541.0475""","=""""","=""""","=""2.0e+05""",D,"=""106237.5518""","=""124715.081""","=""3s2.3p5.(2P*<3/2>).4p""","=""2[3/2]""","=""2""","=""3s2.3p5.(2P*<3/2>).7d""","=""2[5/2]*""","=""3""",,"=""T1164n""","=""""",
"=""542.1352""","=""542.1351""","=""""","=""5""","=""6.0e+05""",D,"=""105462.7596""","=""123903.220""","=""3s2.3p5.(2P*<3/2>).4p""","=""2[5/2]""","=""3""","=""3s2.3p5.(2P*<3/2>).8s""","=""2[3/2]*""","=""2""",,"=""T1164n""","=""L2634""",
"=""""","=""543.99888""","=""""","=""""","=""1.9e+05""",D+,"=""104102.0990""","=""122479.3820""","=""3s2.3p5.(2P*<3/2>).4p""","=""2[1/2]""","=""1""","=""3s2.3p5.(2P*<3/2>).7s""","=""2[3/2]*""","=""1""",,"=""T1218n""","=""""",
"=""""","=""544.2246""","=""""","=""""","=""9.3e+04""",D,"=""105462.7596""","=""123832.419""","=""3s2.3p5.(2P*<3/2>).4p""","=""2[5/2]""","=""3""","=""3s2.3p5.(2P*<3/2>).6d""","=""2[5/2]*""","=""3""",,"=""T1164n""","=""""",
"=""545.1652""","=""545.16517""","=""""","=""10""","=""4.7e+05""",D+,"=""104102.0990""","=""122440.0672""","=""3s2.3p5.(2P*<3/2>).4p""","=""2[1/2]""","=""1""","=""3s2.3p5.(2P*<3/2>).7s""","=""2[3/2]*""","=""2""",,"=""T1218n""","=""L2634""",
"=""""","=""545.7416""","=""""","=""""","=""3.6e+05""",D,"=""105617.2700""","=""123935.870""","=""3s2.3p5.(2P*<3/2>).4p""","=""2[5/2]""","=""2""","=""3s2.3p5.(2P*<3/2>).8s""","=""2[3/2]*""","=""1""",,"=""T1218n""","=""""",
"=""""","=""545.96506""","=""""","=""""","=""3.8e+04""",D,"=""105462.7596""","=""123773.8614""","=""3s2.3p5.(2P*<3/2>).4p""","=""2[5/2]""","=""3""","=""3s2.3p5.(2P*<3/2>).6d""","=""2[7/2]*""","=""3""",,"=""T1218n""","=""""",
"=""""","=""546.7160""","=""""","=""""","=""7.6e+04""",D,"=""105617.2700""","=""123903.220""","=""3s2.3p5.(2P*<3/2>).4p""","=""2[5/2]""","=""2""","=""3s2.3p5.(2P*<3/2>).8s""","=""2[3/2]*""","=""2""",,"=""T1218n""","=""""",
"=""""","=""547.3451""","=""""","=""""","=""2.0e+05""",D,"=""105617.2700""","=""123882.203""","=""3s2.3p5.(2P*<3/2>).4p""","=""2[5/2]""","=""2""","=""3s2.3p5.(2P*<1/2>).7s""","=""2[1/2]*""","=""1""",,"=""T1218n""","=""""",
"=""""","=""549.0120""","=""""","=""""","=""8.5e+04""",D,"=""105617.2700""","=""123826.750""","=""3s2.3p5.(2P*<3/2>).4p""","=""2[5/2]""","=""2""","=""3s2.3p5.(2P*<3/2>).6d""","=""2[5/2]*""","=""2""",,"=""T1164n""","=""""",
"=""""","=""549.2080""","=""""","=""""","=""5.6e+05""",E,"=""107131.7086""","=""125334.69""","=""3s2.3p5.(2P*<1/2>).4p""","=""2[3/2]""","=""1""","=""3s2.3p5.(2P*<1/2>).8s""","=""2[1/2]*""","=""0""",,"=""T1164n""","=""""",
"=""549.5874""","=""549.5873""","=""""","=""25""","=""1.69e+06""",C,"=""105462.7596""","=""123653.177""","=""3s2.3p5.(2P*<3/2>).4p""","=""2[5/2]""","=""3""","=""3s2.3p5.(2P*<3/2>).6d""","=""2[7/2]*""","=""4""",,"=""T1218n""","=""L2634""",
"=""550.6113""","=""550.61121""","=""""","=""5""","=""3.6e+05""",D+,"=""105617.2700""","=""123773.8614""","=""3s2.3p5.(2P*<3/2>).4p""","=""2[5/2]""","=""2""","=""3s2.3p5.(2P*<3/2>).6d""","=""2[7/2]*""","=""3""",,"=""T1218n""","=""L2634""",
"=""""","=""552.49567""","=""""","=""""","=""1.7e+05""",D+,"=""105462.7596""","=""123557.4227""","=""3s2.3p5.(2P*<3/2>).4p""","=""2[5/2]""","=""3""","=""3s2.3p5.(2P*<1/2>).5d""","=""2[5/2]*""","=""3""",,"=""T1218n""","=""""",
"=""""","=""552.8961""","=""""","=""""","=""1.2e+05""",E,"=""107054.2720""","=""125135.831""","=""3s2.3p5.(2P*<3/2>).4p""","=""2[1/2]""","=""0""","=""3s2.3p5.(2P*<3/2>).8d""","=""2[1/2]*""","=""1""",,"=""T1164n""","=""""",
"=""""","=""553.4479""","=""""","=""""","=""2.7e+05""",D+,"=""107289.7001""","=""125353.23""","=""3s2.3p5.(2P*<1/2>).4p""","=""2[3/2]""","=""2""","=""3s2.3p5.(2P*<1/2>).8s""","=""2[1/2]*""","=""1""",,"=""T1218n""","=""""",
"=""""","=""554.08596""","=""""","=""""","=""4.1e+04""",D,"=""105462.7596""","=""123505.4896""","=""3s2.3p5.(2P*<3/2>).4p""","=""2[5/2]""","=""3""","=""3s2.3p5.(2P*<1/2>).5d""","=""2[5/2]*""","=""2""",,"=""T1218n""","=""""",
"=""""","=""555.2741""","=""""","=""""","=""7.9e+04""",E,"=""107131.7086""","=""125135.831""","=""3s2.3p5.(2P*<1/2>).4p""","=""2[3/2]""","=""1""","=""3s2.3p5.(2P*<3/2>).8d""","=""2[1/2]*""","=""1""",,"=""T1164n""","=""""",
"=""555.8702""","=""555.87018""","=""""","=""25""","=""1.42e+06""",C,"=""104102.0990""","=""122086.9164""","=""3s2.3p5.(2P*<3/2>).4p""","=""2[1/2]""","=""1""","=""3s2.3p5.(2P*<3/2>).5d""","=""2[3/2]*""","=""2""",,"=""T1218n""","=""L2634""",
"=""""","=""555.9676""","=""""","=""""","=""2.2e+05""",D+,"=""107131.7086""","=""125113.376""","=""3s2.3p5.(2P*<1/2>).4p""","=""2[3/2]""","=""1""","=""3s2.3p5.(2P*<1/2>).6d""","=""2[5/2]*""","=""2""",,"=""T1218n""","=""""",
"=""557.2541""","=""557.25412""","=""""","=""10""","=""6.6e+05""",C,"=""105617.2700""","=""123557.4227""","=""3s2.3p5.(2P*<3/2>).4p""","=""2[5/2]""","=""2""","=""3s2.3p5.(2P*<1/2>).5d""","=""2[5/2]*""","=""3""",,"=""T1218n""","=""L2634""",
"=""""","=""557.4228""","=""""","=""""","=""4.6e+04""",D,"=""107131.7086""","=""125066.432""","=""3s2.3p5.(2P*<1/2>).4p""","=""2[3/2]""","=""1""","=""3s2.3p5.(2P*<1/2>).6d""","=""2[3/2]*""","=""2""",,"=""T1218n""","=""""",
"=""""","=""558.18714""","=""""","=""""","=""5.6e+04""",D+,"=""105462.7596""","=""123372.9253""","=""3s2.3p5.(2P*<3/2>).4p""","=""2[5/2]""","=""3""","=""3s2.3p5.(2P*<1/2>).5d""","=""2[3/2]*""","=""2""",,"=""T1218n""","=""""",
"=""""","=""558.87196""","=""""","=""""","=""1.5e+05""",D+,"=""105617.2700""","=""123505.4896""","=""3s2.3p5.(2P*<3/2>).4p""","=""2[5/2]""","=""2""","=""3s2.3p5.(2P*<1/2>).5d""","=""2[5/2]*""","=""2""",,"=""T1218n""","=""""",
"=""""","=""559.7476""","=""""","=""""","=""4.2e+05""",E,"=""107289.7001""","=""125149.937""","=""3s2.3p5.(2P*<1/2>).4p""","=""2[3/2]""","=""2""","=""3s2.3p5.(2P*<1/2>).6d""","=""2[5/2]*""","=""3""",,"=""T1164n""","=""""",
"=""560.6733""","=""560.67329""","=""""","=""35""","=""2.20e+06""",C,"=""104102.0990""","=""121932.8477""","=""3s2.3p5.(2P*<3/2>).4p""","=""2[1/2]""","=""1""","=""3s2.3p5.(2P*<3/2>).5d""","=""2[1/2]*""","=""1""",,"=""T1218n""","=""L2634""",
"=""""","=""561.8014""","=""""","=""""","=""2.1e+05""",D,"=""106087.2598""","=""123882.203""","=""3s2.3p5.(2P*<3/2>).4p""","=""2[3/2]""","=""1""","=""3s2.3p5.(2P*<1/2>).7s""","=""2[1/2]*""","=""1""",,"=""T1218n""","=""""",
"=""""","=""562.0921""","=""""","=""""","=""3.6e+05""",D,"=""106087.2598""","=""123873.000""","=""3s2.3p5.(2P*<3/2>).4p""","=""2[3/2]""","=""1""","=""3s2.3p5.(2P*<1/2>).7s""","=""2[1/2]*""","=""0""",,"=""T1218n""","=""""",
"=""""","=""562.3770""","=""""","=""""","=""1.4e+05""",D,"=""107289.7001""","=""125066.432""","=""3s2.3p5.(2P*<1/2>).4p""","=""2[3/2]""","=""2""","=""3s2.3p5.(2P*<1/2>).6d""","=""2[3/2]*""","=""2""",,"=""T1218n""","=""""",
"=""""","=""563.5576""","=""""","=""""","=""9.6e+04""",D,"=""106087.2598""","=""123826.750""","=""3s2.3p5.(2P*<3/2>).4p""","=""2[3/2]""","=""1""","=""3s2.3p5.(2P*<3/2>).6d""","=""2[5/2]*""","=""2""",,"=""T1164n""","=""""",
"=""""","=""563.734""","=""""","=""""","=""9.1e+04""",D,"=""107054.2720""","=""124788.22""","=""3s2.3p5.(2P*<3/2>).4p""","=""2[1/2]""","=""0""","=""3s2.3p5.(2P*<3/2>).7d""","=""2[3/2]*""","=""1""",,"=""T1164n""","=""""",
"=""""","=""563.912""","=""""","=""""","=""2.1e+05""",D,"=""107054.2720""","=""124782.61""","=""3s2.3p5.(2P*<3/2>).4p""","=""2[1/2]""","=""0""","=""3s2.3p5.(2P*<3/2>).9s""","=""2[3/2]*""","=""1""",,"=""T1164n""","=""""",
"=""""","=""564.1376""","=""""","=""""","=""8.7e+04""",D,"=""106087.2598""","=""123808.513""","=""3s2.3p5.(2P*<3/2>).4p""","=""2[3/2]""","=""1""","=""3s2.3p5.(2P*<3/2>).6d""","=""2[3/2]*""","=""2""",,"=""T1164n""","=""""",
"=""""","=""564.8687""","=""""","=""""","=""1.2e+05""",D,"=""106237.5518""","=""123935.870""","=""3s2.3p5.(2P*<3/2>).4p""","=""2[3/2]""","=""2""","=""3s2.3p5.(2P*<3/2>).8s""","=""2[3/2]*""","=""1""",,"=""T1218n""","=""""",
"=""565.0704""","=""565.07040""","=""""","=""20""","=""3.20e+06""",C,"=""104102.0990""","=""121794.0988""","=""3s2.3p5.(2P*<3/2>).4p""","=""2[1/2]""","=""1""","=""3s2.3p5.(2P*<3/2>).5d""","=""2[1/2]*""","=""0""",,"=""T1218n""","=""L2634""",
"=""""","=""565.9127""","=""""","=""""","=""2.6e+05""",D,"=""106237.5518""","=""123903.220""","=""3s2.3p5.(2P*<3/2>).4p""","=""2[3/2]""","=""2""","=""3s2.3p5.(2P*<3/2>).8s""","=""2[3/2]*""","=""2""",,"=""T1218n""","=""""",
"=""""","=""568.1899""","=""""","=""""","=""2.0e+05""",D,"=""106237.5518""","=""123832.419""","=""3s2.3p5.(2P*<3/2>).4p""","=""2[3/2]""","=""2""","=""3s2.3p5.(2P*<3/2>).6d""","=""2[5/2]*""","=""3""",,"=""T1218n""","=""""",
"=""""","=""568.3730""","=""""","=""""","=""2.0e+05""",D,"=""106237.5518""","=""123826.750""","=""3s2.3p5.(2P*<3/2>).4p""","=""2[3/2]""","=""2""","=""3s2.3p5.(2P*<3/2>).6d""","=""2[5/2]*""","=""2""",,"=""T1218n""","=""""",
"=""""","=""570.08724""","=""""","=""""","=""5.9e+05""",D,"=""106237.5518""","=""123773.8614""","=""3s2.3p5.(2P*<3/2>).4p""","=""2[3/2]""","=""2""","=""3s2.3p5.(2P*<3/2>).6d""","=""2[7/2]*""","=""3""",,"=""T1218n""","=""""",
"=""""","=""571.2504""","=""""","=""""","=""8.7e+04""",D,"=""107054.2720""","=""124554.874""","=""3s2.3p5.(2P*<3/2>).4p""","=""2[1/2]""","=""0""","=""3s2.3p5.(2P*<3/2>).7d""","=""2[1/2]*""","=""1""",,"=""T1164n""","=""""",
"=""573.9520""","=""573.95195""","=""""","=""10""","=""8.7e+05""",D,"=""106087.2598""","=""123505.4896""","=""3s2.3p5.(2P*<3/2>).4p""","=""2[3/2]""","=""1""","=""3s2.3p5.(2P*<1/2>).5d""","=""2[5/2]*""","=""2""",,"=""T1218n""","=""L2634""",
"=""""","=""577.21143""","=""""","=""""","=""2.0e+05""",D,"=""106237.5518""","=""123557.4227""","=""3s2.3p5.(2P*<3/2>).4p""","=""2[3/2]""","=""2""","=""3s2.3p5.(2P*<1/2>).5d""","=""2[5/2]*""","=""3""",,"=""T1218n""","=""""",
"=""""","=""577.4008""","=""""","=""""","=""1.1e+05""",D,"=""107289.7001""","=""124603.890""","=""3s2.3p5.(2P*<1/2>).4p""","=""2[3/2]""","=""2""","=""3s2.3p5.(2P*<3/2>).7d""","=""2[3/2]*""","=""2""",,"=""T1218n""","=""""",
"=""""","=""578.35365""","=""""","=""""","=""8.1e+04""",D,"=""106087.2598""","=""123372.9253""","=""3s2.3p5.(2P*<3/2>).4p""","=""2[3/2]""","=""1""","=""3s2.3p5.(2P*<1/2>).5d""","=""2[3/2]*""","=""2""",,"=""T1218n""","=""""",
"=""""","=""578.94741""","=""""","=""""","=""4.6e+04""",D,"=""106237.5518""","=""123505.4896""","=""3s2.3p5.(2P*<3/2>).4p""","=""2[3/2]""","=""2""","=""3s2.3p5.(2P*<1/2>).5d""","=""2[5/2]*""","=""2""",,"=""T1218n""","=""""",
"=""""","=""579.0401""","=""""","=""""","=""3.4e+04""",D,"=""107289.7001""","=""124554.874""","=""3s2.3p5.(2P*<1/2>).4p""","=""2[3/2]""","=""2""","=""3s2.3p5.(2P*<3/2>).7d""","=""2[1/2]*""","=""1""",,"=""T1218n""","=""""",
"=""""","=""580.20798""","=""""","=""""","=""4.2e+05""",D,"=""106237.5518""","=""123467.9733""","=""3s2.3p5.(2P*<3/2>).4p""","=""2[3/2]""","=""2""","=""3s2.3p5.(2P*<3/2>).6d""","=""2[1/2]*""","=""1""",,"=""T1218n""","=""""",
"=""583.4263""","=""583.42636""","=""""","=""5""","=""5.2e+05""",C,"=""106237.5518""","=""123372.9253""","=""3s2.3p5.(2P*<3/2>).4p""","=""2[3/2]""","=""2""","=""3s2.3p5.(2P*<1/2>).5d""","=""2[3/2]*""","=""2""",,"=""T1218n,T1164n""","=""L2634""",
"=""""","=""584.3779""","=""""","=""""","=""3.3e+04""",D,"=""107496.4166""","=""124603.890""","=""3s2.3p5.(2P*<1/2>).4p""","=""2[1/2]""","=""1""","=""3s2.3p5.(2P*<3/2>).7d""","=""2[3/2]*""","=""2""",,"=""T1218n""","=""""",
"=""586.0310""","=""586.03102""","=""""","=""10""","=""2.85e+05""",C,"=""104102.0990""","=""121161.3135""","=""3s2.3p5.(2P*<3/2>).4p""","=""2[1/2]""","=""1""","=""3s2.3p5.(2P*<1/2>).6s""","=""2[1/2]*""","=""1""",,"=""T1218n,T1164n""","=""L2634""",
"=""588.2624""","=""588.2624""","=""""","=""15""","=""1.23e+06""",C,"=""104102.0990""","=""121096.605""","=""3s2.3p5.(2P*<3/2>).4p""","=""2[1/2]""","=""1""","=""3s2.3p5.(2P*<1/2>).6s""","=""2[1/2]*""","=""0""",,"=""T1218n""","=""L2634""",
"=""588.8584""","=""588.85835""","=""""","=""25""","=""1.29e+06""",C,"=""105462.7596""","=""122440.0672""","=""3s2.3p5.(2P*<3/2>).4p""","=""2[5/2]""","=""3""","=""3s2.3p5.(2P*<3/2>).7s""","=""2[3/2]*""","=""2""",,"=""T1218n""","=""L2634""",
"=""591.2085""","=""591.20850""","=""""","=""50""","=""1.05e+06""",C,"=""104102.0990""","=""121011.9198""","=""3s2.3p5.(2P*<3/2>).4p""","=""2[1/2]""","=""1""","=""3s2.3p5.(2P*<1/2>).4d""","=""2[3/2]*""","=""1""",,"=""T1218n,T1164n""","=""L2634""",
"=""""","=""591.6598""","=""""","=""""","=""5.9e+04""",D,"=""105617.2700""","=""122514.192""","=""3s2.3p5.(2P*<3/2>).4p""","=""2[5/2]""","=""2""","=""3s2.3p5.(2P*<3/2>).5d""","=""2[3/2]*""","=""1""",,"=""T1218n""","=""""",
"=""""","=""592.7125""","=""""","=""""","=""3.7e+04""",D+,"=""105462.7596""","=""122329.672""","=""3s2.3p5.(2P*<3/2>).4p""","=""2[5/2]""","=""3""","=""3s2.3p5.(2P*<3/2>).5d""","=""2[5/2]*""","=""3""",,"=""T1218n""","=""""",
"=""592.8813""","=""592.88125""","=""""","=""15""","=""1.1e+06""",D+,"=""105617.2700""","=""122479.3820""","=""3s2.3p5.(2P*<3/2>).4p""","=""2[5/2]""","=""2""","=""3s2.3p5.(2P*<3/2>).7s""","=""2[3/2]*""","=""1""",,"=""T1218n""","=""L2634""",
"=""""","=""594.0855""","=""""","=""""","=""1.2e+05""",D,"=""107054.2720""","=""123882.203""","=""3s2.3p5.(2P*<3/2>).4p""","=""2[1/2]""","=""0""","=""3s2.3p5.(2P*<1/2>).7s""","=""2[1/2]*""","=""1""",,"=""T1218n""","=""""",
"=""594.2669""","=""594.26682""","=""""","=""5""","=""1.8e+05""",D,"=""105617.2700""","=""122440.0672""","=""3s2.3p5.(2P*<3/2>).4p""","=""2[5/2]""","=""2""","=""3s2.3p5.(2P*<3/2>).7s""","=""2[3/2]*""","=""2""",,"=""T1218n""","=""L2634""",
"=""""","=""594.3888""","=""""","=""""","=""3.6e+04""",D,"=""105462.7596""","=""122282.104""","=""3s2.3p5.(2P*<3/2>).4p""","=""2[5/2]""","=""3""","=""3s2.3p5.(2P*<3/2>).5d""","=""2[5/2]*""","=""2""",,"=""T1218n""","=""""",
"=""""","=""594.9259""","=""""","=""""","=""1.5e+05""",D,"=""107131.7086""","=""123935.870""","=""3s2.3p5.(2P*<1/2>).4p""","=""2[3/2]""","=""1""","=""3s2.3p5.(2P*<3/2>).8s""","=""2[3/2]*""","=""1""",,"=""T1218n""","=""""",
"=""""","=""596.448""","=""""","=""""","=""7.7e+04""",D,"=""107054.2720""","=""123815.56""","=""3s2.3p5.(2P*<3/2>).4p""","=""2[1/2]""","=""0""","=""3s2.3p5.(2P*<1/2>).5d""","=""2[3/2]*""","=""1""",,"=""T1218n""","=""""",
"=""""","=""596.8320""","=""""","=""""","=""1.8e+05""",D,"=""107131.7086""","=""123882.203""","=""3s2.3p5.(2P*<1/2>).4p""","=""2[3/2]""","=""1""","=""3s2.3p5.(2P*<1/2>).7s""","=""2[1/2]*""","=""1""",,"=""T1218n""","=""""",
"=""""","=""597.1601""","=""""","=""""","=""1.1e+06""",D+,"=""107131.7086""","=""123873.000""","=""3s2.3p5.(2P*<1/2>).4p""","=""2[3/2]""","=""1""","=""3s2.3p5.(2P*<1/2>).7s""","=""2[1/2]*""","=""0""",,"=""T1218n""","=""""",
"=""""","=""598.1923""","=""""","=""""","=""1.2e+04""",D,"=""105617.2700""","=""122329.672""","=""3s2.3p5.(2P*<3/2>).4p""","=""2[5/2]""","=""2""","=""3s2.3p5.(2P*<3/2>).5d""","=""2[5/2]*""","=""3""",,"=""T1218n""","=""""",
"=""598.7302""","=""598.73013""","=""""","=""7""","=""1.2e+05""",D,"=""105462.7596""","=""122160.1502""","=""3s2.3p5.(2P*<3/2>).4p""","=""2[5/2]""","=""3""","=""3s2.3p5.(2P*<3/2>).5d""","=""2[7/2]*""","=""3""",,"=""T1218n""","=""L2634""",
"=""""","=""598.8144""","=""""","=""""","=""6.1e+04""",D,"=""107131.7086""","=""123826.750""","=""3s2.3p5.(2P*<1/2>).4p""","=""2[3/2]""","=""1""","=""3s2.3p5.(2P*<3/2>).6d""","=""2[5/2]*""","=""2""",,"=""T1218n""","=""""",
"=""""","=""599.4692""","=""""","=""""","=""2.6e+04""",D,"=""107131.7086""","=""123808.513""","=""3s2.3p5.(2P*<1/2>).4p""","=""2[3/2]""","=""1""","=""3s2.3p5.(2P*<3/2>).6d""","=""2[3/2]*""","=""2""",,"=""T1164n""","=""""",
"=""599.8999""","=""599.8998""","=""""","=""5""","=""1.4e+05""",D,"=""105617.2700""","=""122282.104""","=""3s2.3p5.(2P*<3/2>).4p""","=""2[5/2]""","=""2""","=""3s2.3p5.(2P*<3/2>).5d""","=""2[5/2]*""","=""2""",,"=""T1218n""","=""L2634""",
"=""""","=""600.5725""","=""""","=""""","=""1.4e+05""",D+,"=""107289.7001""","=""123935.870""","=""3s2.3p5.(2P*<1/2>).4p""","=""2[3/2]""","=""2""","=""3s2.3p5.(2P*<3/2>).8s""","=""2[3/2]*""","=""1""",,"=""T1218n""","=""""",
"=""""","=""601.36772""","=""""","=""""","=""1.4e+05""",D+,"=""105462.7596""","=""122086.9164""","=""3s2.3p5.(2P*<3/2>).4p""","=""2[5/2]""","=""3""","=""3s2.3p5.(2P*<3/2>).5d""","=""2[3/2]*""","=""2""",,"=""T1218n""","=""""",
"=""602.5150""","=""602.5150""","=""""","=""5""","=""9.0e+05""",D+,"=""107289.7001""","=""123882.203""","=""3s2.3p5.(2P*<1/2>).4p""","=""2[3/2]""","=""2""","=""3s2.3p5.(2P*<1/2>).7s""","=""2[1/2]*""","=""1""",,"=""T1218n""","=""L2634""",
"=""603.2127""","=""603.21270""","=""""","=""70""","=""2.46e+06""",C,"=""105462.7596""","=""122036.0704""","=""3s2.3p5.(2P*<3/2>).4p""","=""2[5/2]""","=""3""","=""3s2.3p5.(2P*<3/2>).5d""","=""2[7/2]*""","=""4""",,"=""T1218n,T1164n""","=""L2634""",
"=""604.3223""","=""604.32232""","=""""","=""35""","=""1.47e+06""",C,"=""105617.2700""","=""122160.1502""","=""3s2.3p5.(2P*<3/2>).4p""","=""2[5/2]""","=""2""","=""3s2.3p5.(2P*<3/2>).5d""","=""2[7/2]*""","=""3""",,"=""T1218n""","=""L2634""",
"=""605.2723""","=""605.27226""","=""""","=""10""","=""1.9e+05""",D+,"=""104102.0990""","=""120619.0162""","=""3s2.3p5.(2P*<3/2>).4p""","=""2[1/2]""","=""1""","=""3s2.3p5.(2P*<1/2>).4d""","=""2[5/2]*""","=""2""",,"=""T1218n""","=""L2634""",
"=""605.9372""","=""605.93723""","=""""","=""20""","=""4.2e+05""",C,"=""104102.0990""","=""120600.8905""","=""3s2.3p5.(2P*<3/2>).4p""","=""2[1/2]""","=""1""","=""3s2.3p5.(2P*<1/2>).4d""","=""2[3/2]*""","=""2""",,"=""T1218n,T1164n""","=""L2634""",
"=""""","=""606.47502""","=""""","=""""","=""5.8e+04""",D,"=""107289.7001""","=""123773.8614""","=""3s2.3p5.(2P*<1/2>).4p""","=""2[3/2]""","=""2""","=""3s2.3p5.(2P*<3/2>).6d""","=""2[7/2]*""","=""3""",,"=""T1218n""","=""""",
"=""""","=""608.1244""","=""""","=""""","=""7.5e+04""",D,"=""107496.4166""","=""123935.870""","=""3s2.3p5.(2P*<1/2>).4p""","=""2[1/2]""","=""1""","=""3s2.3p5.(2P*<3/2>).8s""","=""2[3/2]*""","=""1""",,"=""T1218n""","=""""",
"=""""","=""608.5879""","=""""","=""""","=""9.0e+03""",,"=""106087.2598""","=""122514.192""","=""3s2.3p5.(2P*<3/2>).4p""","=""2[3/2]""","=""1""","=""3s2.3p5.(2P*<3/2>).5d""","=""2[3/2]*""","=""1""",,"=""T1218n""","=""""",
"=""""","=""609.07849""","=""""","=""""","=""3.0e+05""",D,"=""107054.2720""","=""123467.9733""","=""3s2.3p5.(2P*<3/2>).4p""","=""2[1/2]""","=""0""","=""3s2.3p5.(2P*<3/2>).6d""","=""2[1/2]*""","=""1""",,"=""T1218n""","=""""",
"=""609.8803""","=""609.88031""","=""""","=""7""","=""5.2e+05""",D+,"=""106087.2598""","=""122479.3820""","=""3s2.3p5.(2P*<3/2>).4p""","=""2[3/2]""","=""1""","=""3s2.3p5.(2P*<3/2>).7s""","=""2[3/2]*""","=""1""",,"=""T1218n""","=""L2634""",
"=""""","=""610.1161""","=""""","=""""","=""3.3e+05""",D+,"=""107496.4166""","=""123882.203""","=""3s2.3p5.(2P*<1/2>).4p""","=""2[1/2]""","=""1""","=""3s2.3p5.(2P*<1/2>).7s""","=""2[1/2]*""","=""1""",,"=""T1218n""","=""""",
"=""""","=""610.4590""","=""""","=""""","=""3.4e+05""",D,"=""107496.4166""","=""123873.000""","=""3s2.3p5.(2P*<1/2>).4p""","=""2[1/2]""","=""1""","=""3s2.3p5.(2P*<1/2>).7s""","=""2[1/2]*""","=""0""",,"=""T1218n""","=""""",
"=""610.5635""","=""610.56348""","=""""","=""10""","=""1.21e+06""",C,"=""107131.7086""","=""123505.4896""","=""3s2.3p5.(2P*<1/2>).4p""","=""2[3/2]""","=""1""","=""3s2.3p5.(2P*<1/2>).5d""","=""2[5/2]*""","=""2""",,"=""T1218n""","=""L2634""",
"=""""","=""611.34657""","=""""","=""""","=""4.7e+04""",D+,"=""106087.2598""","=""122440.0672""","=""3s2.3p5.(2P*<3/2>).4p""","=""2[3/2]""","=""1""","=""3s2.3p5.(2P*<3/2>).7s""","=""2[3/2]*""","=""2""",,"=""T1218n""","=""""",
"=""""","=""611.96565""","=""""","=""""","=""5.1e+04""",D+,"=""107131.7086""","=""123467.9733""","=""3s2.3p5.(2P*<1/2>).4p""","=""2[3/2]""","=""1""","=""3s2.3p5.(2P*<3/2>).6d""","=""2[1/2]*""","=""1""",,"=""T1218n""","=""""",
"=""""","=""612.1879""","=""""","=""""","=""1.3e+04""",D,"=""107496.4166""","=""123826.750""","=""3s2.3p5.(2P*<1/2>).4p""","=""2[1/2]""","=""1""","=""3s2.3p5.(2P*<3/2>).6d""","=""2[5/2]*""","=""2""",,"=""T1164n""","=""""",
"=""""","=""612.74159""","=""""","=""""","=""1.1e+05""",D+,"=""105617.2700""","=""121932.8477""","=""3s2.3p5.(2P*<3/2>).4p""","=""2[5/2]""","=""2""","=""3s2.3p5.(2P*<3/2>).5d""","=""2[1/2]*""","=""1""",,"=""T1218n""","=""""",
"=""""","=""612.8724""","=""""","=""""","=""8.6e+04""",D,"=""107496.4166""","=""123808.513""","=""3s2.3p5.(2P*<1/2>).4p""","=""2[1/2]""","=""1""","=""3s2.3p5.(2P*<3/2>).6d""","=""2[3/2]*""","=""2""",,"=""T1164n""","=""""",
"=""614.5441""","=""614.54412""","=""""","=""10""","=""7.6e+05""",C,"=""107289.7001""","=""123557.4227""","=""3s2.3p5.(2P*<1/2>).4p""","=""2[3/2]""","=""2""","=""3s2.3p5.(2P*<1/2>).5d""","=""2[5/2]*""","=""3""",,"=""T1218n""","=""L2634""",
"=""""","=""615.52382""","=""""","=""""","=""5.1e+05""",D,"=""106237.5518""","=""122479.3820""","=""3s2.3p5.(2P*<3/2>).4p""","=""2[3/2]""","=""2""","=""3s2.3p5.(2P*<3/2>).7s""","=""2[3/2]*""","=""1""",,"=""T1218n""","=""""",
"=""""","=""616.51229""","=""""","=""""","=""9.89e+04""",C,"=""107289.7001""","=""123505.4896""","=""3s2.3p5.(2P*<1/2>).4p""","=""2[3/2]""","=""2""","=""3s2.3p5.(2P*<1/2>).5d""","=""2[5/2]*""","=""2""",,"=""T1218n""","=""""",
"=""617.0174""","=""617.01738""","=""""","=""7""","=""5.0e+05""",C,"=""106237.5518""","=""122440.0672""","=""3s2.3p5.(2P*<3/2>).4p""","=""2[3/2]""","=""2""","=""3s2.3p5.(2P*<3/2>).7s""","=""2[3/2]*""","=""2""",,"=""T1218n""","=""L2634""",
"=""617.3096""","=""617.3096""","=""""","=""10""","=""6.7e+05""",C,"=""106087.2598""","=""122282.104""","=""3s2.3p5.(2P*<3/2>).4p""","=""2[3/2]""","=""1""","=""3s2.3p5.(2P*<3/2>).5d""","=""2[5/2]*""","=""2""",,"=""T1218n""","=""L2634""",
"=""""","=""617.94195""","=""""","=""""","=""6.6e+04""",D,"=""107289.7001""","=""123467.9733""","=""3s2.3p5.(2P*<1/2>).4p""","=""2[3/2]""","=""2""","=""3s2.3p5.(2P*<3/2>).6d""","=""2[1/2]*""","=""1""",,"=""T1218n""","=""""",
"=""621.2503""","=""621.2503""","=""""","=""10""","=""3.9e+05""",D+,"=""106237.5518""","=""122329.672""","=""3s2.3p5.(2P*<3/2>).4p""","=""2[3/2]""","=""2""","=""3s2.3p5.(2P*<3/2>).5d""","=""2[5/2]*""","=""3""",,"=""T1218n""","=""L2634""",
"=""621.5938""","=""621.59387""","=""""","=""5""","=""5.7e+05""",D+,"=""107289.7001""","=""123372.9253""","=""3s2.3p5.(2P*<1/2>).4p""","=""2[3/2]""","=""2""","=""3s2.3p5.(2P*<1/2>).5d""","=""2[3/2]*""","=""2""",,"=""T1218n""","=""L2634""",
"=""""","=""623.0921""","=""""","=""""","=""1.2e+04""",D,"=""106237.5518""","=""122282.104""","=""3s2.3p5.(2P*<3/2>).4p""","=""2[3/2]""","=""2""","=""3s2.3p5.(2P*<3/2>).5d""","=""2[5/2]*""","=""2""",,"=""T1164n""","=""""",
"=""""","=""624.3390""","=""""","=""""","=""1.3e+05""",D,"=""107496.4166""","=""123508.927""","=""3s2.3p5.(2P*<1/2>).4p""","=""2[1/2]""","=""1""","=""3s2.3p5.(2P*<3/2>).6d""","=""2[1/2]*""","=""0""",,"=""T1218n""","=""""",
"=""""","=""624.47304""","=""""","=""""","=""2.0e+04""",D,"=""107496.4166""","=""123505.4896""","=""3s2.3p5.(2P*<1/2>).4p""","=""2[1/2]""","=""1""","=""3s2.3p5.(2P*<1/2>).5d""","=""2[5/2]*""","=""2""",,"=""T1218n""","=""""",
"=""""","=""624.84057""","=""""","=""""","=""6.8e+04""",D,"=""106087.2598""","=""122086.9164""","=""3s2.3p5.(2P*<3/2>).4p""","=""2[3/2]""","=""1""","=""3s2.3p5.(2P*<3/2>).5d""","=""2[3/2]*""","=""2""",,"=""T1218n""","=""""",
"=""""","=""627.86454""","=""""","=""""","=""2.0e+04""",D,"=""106237.5518""","=""122160.1502""","=""3s2.3p5.(2P*<3/2>).4p""","=""2[3/2]""","=""2""","=""3s2.3p5.(2P*<3/2>).5d""","=""2[7/2]*""","=""3""",,"=""T1218n""","=""""",
"=""629.6872""","=""629.68726""","=""""","=""7""","=""9.0e+05""",D+,"=""107496.4166""","=""123372.9253""","=""3s2.3p5.(2P*<1/2>).4p""","=""2[1/2]""","=""1""","=""3s2.3p5.(2P*<1/2>).5d""","=""2[3/2]*""","=""2""",,"=""T1218n""","=""L2634""",
"=""630.7657""","=""630.76569""","=""""","=""15""","=""6.0e+05""",D+,"=""106237.5518""","=""122086.9164""","=""3s2.3p5.(2P*<3/2>).4p""","=""2[3/2]""","=""2""","=""3s2.3p5.(2P*<3/2>).5d""","=""2[3/2]*""","=""2""",,"=""T1218n""","=""L2634""",
"=""""","=""630.91603""","=""""","=""""","=""7.6e+04""",D,"=""106087.2598""","=""121932.8477""","=""3s2.3p5.(2P*<3/2>).4p""","=""2[3/2]""","=""1""","=""3s2.3p5.(2P*<3/2>).5d""","=""2[1/2]*""","=""1""",,"=""T1218n""","=""""",
"=""""","=""636.48937""","=""""","=""""","=""5.6e+05""",D+,"=""106087.2598""","=""121794.0988""","=""3s2.3p5.(2P*<3/2>).4p""","=""2[3/2]""","=""1""","=""3s2.3p5.(2P*<3/2>).5d""","=""2[1/2]*""","=""0""",,"=""T1218n""","=""""",
"=""636.9575""","=""636.95748""","=""""","=""7""","=""4.2e+05""",D+,"=""106237.5518""","=""121932.8477""","=""3s2.3p5.(2P*<3/2>).4p""","=""2[3/2]""","=""2""","=""3s2.3p5.(2P*<3/2>).5d""","=""2[1/2]*""","=""1""",,"=""T1218n""","=""L2634""",
"=""638.4717""","=""638.47167""","=""""","=""20""","=""4.21e+05""",C,"=""104102.0990""","=""119760.1725""","=""3s2.3p5.(2P*<3/2>).4p""","=""2[1/2]""","=""1""","=""3s2.3p5.(2P*<3/2>).6s""","=""2[3/2]*""","=""1""",,"=""T1218n""","=""L2634""",
"=""641.6307""","=""641.63067""","=""""","=""70""","=""1.16e+06""",C,"=""104102.0990""","=""119683.0821""","=""3s2.3p5.(2P*<3/2>).4p""","=""2[1/2]""","=""1""","=""3s2.3p5.(2P*<3/2>).6s""","=""2[3/2]*""","=""2""",,"=""T1218n""","=""L2634""",
"=""""","=""643.15549""","=""""","=""""","=""5.1e+04""",D,"=""105617.2700""","=""121161.3135""","=""3s2.3p5.(2P*<3/2>).4p""","=""2[5/2]""","=""2""","=""3s2.3p5.(2P*<1/2>).6s""","=""2[1/2]*""","=""1""",,"=""T1218n""","=""""",
"=""""","=""646.6552""","=""""","=""""","=""1.5e+05""",D,"=""107054.2720""","=""122514.192""","=""3s2.3p5.(2P*<3/2>).4p""","=""2[1/2]""","=""0""","=""3s2.3p5.(2P*<3/2>).5d""","=""2[3/2]*""","=""1""",,"=""T1218n""","=""""",
"=""""","=""648.11450""","=""""","=""""","=""9.4e+04""",D,"=""107054.2720""","=""122479.3820""","=""3s2.3p5.(2P*<3/2>).4p""","=""2[1/2]""","=""0""","=""3s2.3p5.(2P*<3/2>).7s""","=""2[3/2]*""","=""1""",,"=""T1218n""","=""""",
"=""""","=""649.39688""","=""""","=""""","=""3.1e+04""",D,"=""105617.2700""","=""121011.9198""","=""3s2.3p5.(2P*<3/2>).4p""","=""2[5/2]""","=""2""","=""3s2.3p5.(2P*<1/2>).4d""","=""2[3/2]*""","=""1""",,"=""T1164n""","=""""",
"=""""","=""651.38458""","=""""","=""""","=""5.4e+04""",D,"=""107131.7086""","=""122479.3820""","=""3s2.3p5.(2P*<1/2>).4p""","=""2[3/2]""","=""1""","=""3s2.3p5.(2P*<3/2>).7s""","=""2[3/2]*""","=""1""",,"=""T1164n""","=""""",
"=""653.8112""","=""653.81117""","=""""","=""15""","=""1.1e+05""",D+,"=""105462.7596""","=""120753.4714""","=""3s2.3p5.(2P*<3/2>).4p""","=""2[5/2]""","=""3""","=""3s2.3p5.(2P*<1/2>).4d""","=""2[5/2]*""","=""3""",,"=""T1218n""","=""L2634""",
"=""""","=""659.61134""","=""""","=""""","=""2.3e+04""",D,"=""105462.7596""","=""120619.0162""","=""3s2.3p5.(2P*<3/2>).4p""","=""2[5/2]""","=""3""","=""3s2.3p5.(2P*<1/2>).4d""","=""2[5/2]*""","=""2""",,"=""T1164n""","=""""",
"=""""","=""659.86776""","=""""","=""""","=""3.6e+04""",D,"=""107289.7001""","=""122440.0672""","=""3s2.3p5.(2P*<1/2>).4p""","=""2[3/2]""","=""2""","=""3s2.3p5.(2P*<3/2>).7s""","=""2[3/2]*""","=""2""",,"=""T1164n""","=""""",
"=""""","=""660.40114""","=""""","=""""","=""2.8e+05""",D+,"=""105462.7596""","=""120600.8905""","=""3s2.3p5.(2P*<3/2>).4p""","=""2[5/2]""","=""3""","=""3s2.3p5.(2P*<1/2>).4d""","=""2[3/2]*""","=""2""",,"=""T1218n""","=""""",
"=""660.4853""","=""660.48532""","=""""","=""15""","=""1.3e+04""",D,"=""105617.2700""","=""120753.4714""","=""3s2.3p5.(2P*<3/2>).4p""","=""2[5/2]""","=""2""","=""3s2.3p5.(2P*<1/2>).4d""","=""2[5/2]*""","=""3""",,"=""T1218n""","=""L2634""",
"=""""","=""663.20841""","=""""","=""""","=""5.3e+04""",D,"=""106087.2598""","=""121161.3135""","=""3s2.3p5.(2P*<3/2>).4p""","=""2[3/2]""","=""1""","=""3s2.3p5.(2P*<1/2>).6s""","=""2[1/2]*""","=""1""",,"=""T1218n""","=""""",
"=""""","=""665.6938""","=""""","=""""","=""3.1e+04""",D,"=""107496.4166""","=""122514.192""","=""3s2.3p5.(2P*<1/2>).4p""","=""2[1/2]""","=""1""","=""3s2.3p5.(2P*<3/2>).5d""","=""2[3/2]*""","=""1""",,"=""T1164n""","=""""",
"=""666.0676""","=""666.0677""","=""""","=""5""","=""7.8e+05""",D,"=""106087.2598""","=""121096.605""","=""3s2.3p5.(2P*<3/2>).4p""","=""2[3/2]""","=""1""","=""3s2.3p5.(2P*<1/2>).6s""","=""2[1/2]*""","=""0""",,"=""T1218n""","=""L2634""",
"=""666.4051""","=""666.40506""","=""""","=""5""","=""1.5e+05""",D+,"=""105617.2700""","=""120619.0162""","=""3s2.3p5.(2P*<3/2>).4p""","=""2[5/2]""","=""2""","=""3s2.3p5.(2P*<1/2>).4d""","=""2[5/2]*""","=""2""",,"=""T1218n""","=""L2634""",
"=""667.7282""","=""667.72811""","=""""","=""100""","=""2.36e+05""",B,"=""93750.5978""","=""108722.6194""","=""3s2.3p5.(2P*<3/2>).4s""","=""2[3/2]*""","=""1""","=""3s2.3p5.(2P*<1/2>).4p""","=""2[1/2]""","=""0""",,"=""T5223""","=""L2634""",
"=""""","=""668.47883""","=""""","=""""","=""3.9e+04""",D,"=""107131.7086""","=""122086.9164""","=""3s2.3p5.(2P*<1/2>).4p""","=""2[3/2]""","=""1""","=""3s2.3p5.(2P*<3/2>).5d""","=""2[3/2]*""","=""2""",,"=""T1218n""","=""""",
"=""""","=""669.84708""","=""""","=""""","=""2.5e+04""",D,"=""106087.2598""","=""121011.9198""","=""3s2.3p5.(2P*<3/2>).4p""","=""2[3/2]""","=""1""","=""3s2.3p5.(2P*<1/2>).4d""","=""2[3/2]*""","=""1""",,"=""T1218n""","=""""",
"=""""","=""669.88740""","=""""","=""""","=""1.6e+05""",D+,"=""106237.5518""","=""121161.3135""","=""3s2.3p5.(2P*<3/2>).4p""","=""2[3/2]""","=""2""","=""3s2.3p5.(2P*<1/2>).6s""","=""2[1/2]*""","=""1""",,"=""T1218n""","=""""",
"=""""","=""671.92185""","=""""","=""""","=""2.4e+05""",D,"=""107054.2720""","=""121932.8477""","=""3s2.3p5.(2P*<3/2>).4p""","=""2[1/2]""","=""0""","=""3s2.3p5.(2P*<3/2>).5d""","=""2[1/2]*""","=""1""",,"=""T1218n""","=""""",
"=""""","=""672.28901""","=""""","=""""","=""3.2e+04""",D,"=""107289.7001""","=""122160.1502""","=""3s2.3p5.(2P*<1/2>).4p""","=""2[3/2]""","=""2""","=""3s2.3p5.(2P*<3/2>).5d""","=""2[7/2]*""","=""3""",,"=""T1218n""","=""""",
"=""675.2834""","=""675.28335""","=""""","=""150""","=""1.93e+06""",C,"=""104102.0990""","=""118906.6110""","=""3s2.3p5.(2P*<3/2>).4p""","=""2[1/2]""","=""1""","=""3s2.3p5.(2P*<3/2>).4d""","=""2[3/2]*""","=""2""",,"=""T1218n""","=""L2634""",
"=""""","=""675.43724""","=""""","=""""","=""2.1e+05""",D,"=""107131.7086""","=""121932.8477""","=""3s2.3p5.(2P*<1/2>).4p""","=""2[3/2]""","=""1""","=""3s2.3p5.(2P*<3/2>).5d""","=""2[1/2]*""","=""1""",,"=""T1218n""","=""""",
"=""675.6163""","=""675.61630""","=""""","=""5""","=""3.6e+05""",D+,"=""107289.7001""","=""122086.9164""","=""3s2.3p5.(2P*<1/2>).4p""","=""2[3/2]""","=""2""","=""3s2.3p5.(2P*<3/2>).5d""","=""2[3/2]*""","=""2""",,"=""T1218n""","=""L2634""",
"=""676.6612""","=""676.66113""","=""""","=""15""","=""4.0e+05""",D+,"=""106237.5518""","=""121011.9198""","=""3s2.3p5.(2P*<3/2>).4p""","=""2[3/2]""","=""2""","=""3s2.3p5.(2P*<1/2>).4d""","=""2[3/2]*""","=""1""",,"=""T1218n""","=""L2634""",
"=""""","=""677.99259""","=""""","=""""","=""1.21e+05""",C,"=""108722.6194""","=""123467.9733""","=""3s2.3p5.(2P*<1/2>).4p""","=""2[1/2]""","=""0""","=""3s2.3p5.(2P*<3/2>).6d""","=""2[1/2]*""","=""1""",,"=""T1164n""","=""""",
"=""""","=""681.82888""","=""""","=""""","=""2.0e+05""",D,"=""107131.7086""","=""121794.0988""","=""3s2.3p5.(2P*<1/2>).4p""","=""2[3/2]""","=""1""","=""3s2.3p5.(2P*<3/2>).5d""","=""2[1/2]*""","=""0""",,"=""T1218n""","=""""",
"=""""","=""682.72488""","=""""","=""""","=""2.4e+05""",D,"=""107289.7001""","=""121932.8477""","=""3s2.3p5.(2P*<1/2>).4p""","=""2[3/2]""","=""2""","=""3s2.3p5.(2P*<3/2>).5d""","=""2[1/2]*""","=""1""",,"=""T1218n""","=""""",
"=""""","=""685.18842""","=""""","=""""","=""6.7e+04""",D,"=""107496.4166""","=""122086.9164""","=""3s2.3p5.(2P*<1/2>).4p""","=""2[1/2]""","=""1""","=""3s2.3p5.(2P*<3/2>).5d""","=""2[3/2]*""","=""2""",,"=""T1218n""","=""""",
"=""687.1289""","=""687.12889""","=""""","=""150""","=""2.78e+06""",C,"=""104102.0990""","=""118651.3950""","=""3s2.3p5.(2P*<3/2>).4p""","=""2[1/2]""","=""1""","=""3s2.3p5.(2P*<3/2>).4d""","=""2[1/2]*""","=""1""",,"=""T1218n""","=""L2634""",
"=""687.9582""","=""687.95825""","=""""","=""5""","=""1.8e+05""",D+,"=""106087.2598""","=""120619.0162""","=""3s2.3p5.(2P*<3/2>).4p""","=""2[3/2]""","=""1""","=""3s2.3p5.(2P*<1/2>).4d""","=""2[5/2]*""","=""2""",,"=""T1218n""","=""L2634""",
"=""""","=""688.70882""","=""""","=""""","=""1.3e+05""",D+,"=""106237.5518""","=""120753.4714""","=""3s2.3p5.(2P*<3/2>).4p""","=""2[3/2]""","=""2""","=""3s2.3p5.(2P*<1/2>).4d""","=""2[5/2]*""","=""3""",,"=""T1218n""","=""""",
"=""688.8174""","=""688.81743""","=""""","=""10""","=""2.5e+05""",D+,"=""106087.2598""","=""120600.8905""","=""3s2.3p5.(2P*<3/2>).4p""","=""2[3/2]""","=""1""","=""3s2.3p5.(2P*<1/2>).4d""","=""2[3/2]*""","=""2""",,"=""T1218n""","=""L2634""",
"=""""","=""692.50094""","=""""","=""""","=""1.2e+05""",D+,"=""107496.4166""","=""121932.8477""","=""3s2.3p5.(2P*<1/2>).4p""","=""2[1/2]""","=""1""","=""3s2.3p5.(2P*<3/2>).5d""","=""2[1/2]*""","=""1""",,"=""T1218n""","=""""",
"=""693.7664""","=""693.7664""","=""""","=""50""","=""3.08e+06""",C,"=""104102.0990""","=""118512.197""","=""3s2.3p5.(2P*<3/2>).4p""","=""2[1/2]""","=""1""","=""3s2.3p5.(2P*<3/2>).4d""","=""2[1/2]*""","=""0""",,"=""T1218n""","=""L2634""",
"=""695.1478""","=""695.14774""","=""""","=""7""","=""2.2e+05""",D,"=""106237.5518""","=""120619.0162""","=""3s2.3p5.(2P*<3/2>).4p""","=""2[3/2]""","=""2""","=""3s2.3p5.(2P*<1/2>).4d""","=""2[5/2]*""","=""2""",,"=""T1218n""","=""L2634""",
"=""696.0250""","=""696.02498""","=""""","=""7""","=""2.4e+05""",D,"=""106237.5518""","=""120600.8905""","=""3s2.3p5.(2P*<3/2>).4p""","=""2[3/2]""","=""2""","=""3s2.3p5.(2P*<1/2>).4d""","=""2[3/2]*""","=""2""",,"=""T1218n""","=""L2634""",
"=""696.5431""","=""696.54300""","=""""","=""10000""","=""6.4e+06""",B+,"=""93143.7600""","=""107496.4166""","=""3s2.3p5.(2P*<3/2>).4s""","=""2[3/2]*""","=""2""","=""3s2.3p5.(2P*<1/2>).4p""","=""2[1/2]""","=""1""",,"=""T5223""","=""L2634""",
"=""""","=""699.22122""","=""""","=""""","=""7.5e+05""",D+,"=""107496.4166""","=""121794.0988""","=""3s2.3p5.(2P*<1/2>).4p""","=""2[1/2]""","=""1""","=""3s2.3p5.(2P*<3/2>).5d""","=""2[1/2]*""","=""0""",,"=""T1218n""","=""""",
"=""703.0251""","=""703.02507""","=""""","=""150""","=""2.67e+06""",C,"=""105462.7596""","=""119683.0821""","=""3s2.3p5.(2P*<3/2>).4p""","=""2[5/2]""","=""3""","=""3s2.3p5.(2P*<3/2>).6s""","=""2[3/2]*""","=""2""",,"=""T1218n""","=""L2634""",
"=""706.7218""","=""706.72175""","=""""","=""10000""","=""3.8e+06""",B,"=""93143.7600""","=""107289.7001""","=""3s2.3p5.(2P*<3/2>).4s""","=""2[3/2]*""","=""2""","=""3s2.3p5.(2P*<1/2>).4p""","=""2[3/2]""","=""2""",,"=""T5223""","=""L2634""",
"=""706.8736""","=""706.87354""","=""""","=""100""","=""2.0e+06""",D+,"=""105617.2700""","=""119760.1725""","=""3s2.3p5.(2P*<3/2>).4p""","=""2[5/2]""","=""2""","=""3s2.3p5.(2P*<3/2>).6s""","=""2[3/2]*""","=""1""",,"=""T1218n""","=""L2634""",
"=""""","=""708.67047""","=""""","=""""","=""1.5e+05""",D+,"=""107054.2720""","=""121161.3135""","=""3s2.3p5.(2P*<3/2>).4p""","=""2[1/2]""","=""0""","=""3s2.3p5.(2P*<1/2>).6s""","=""2[1/2]*""","=""1""",,"=""T1218n""","=""""",
"=""710.7478""","=""710.74772""","=""""","=""25""","=""4.5e+05""",D+,"=""105617.2700""","=""119683.0821""","=""3s2.3p5.(2P*<3/2>).4p""","=""2[5/2]""","=""2""","=""3s2.3p5.(2P*<3/2>).6s""","=""2[3/2]*""","=""2""",,"=""T1218n""","=""L2634""",
"=""712.5820""","=""712.58201""","=""""","=""25""","=""6.0e+05""",D+,"=""107131.7086""","=""121161.3135""","=""3s2.3p5.(2P*<1/2>).4p""","=""2[3/2]""","=""1""","=""3s2.3p5.(2P*<1/2>).6s""","=""2[1/2]*""","=""1""",,"=""T1218n""","=""L2634""",
"=""714.7042""","=""714.70410""","=""""","=""1000""","=""6.3e+05""",B,"=""93143.7600""","=""107131.7086""","=""3s2.3p5.(2P*<3/2>).4s""","=""2[3/2]*""","=""2""","=""3s2.3p5.(2P*<1/2>).4p""","=""2[3/2]""","=""1""",,"=""T5223""","=""L2634""",
"=""715.8839""","=""715.8839""","=""""","=""15""","=""2.1e+06""",D+,"=""107131.7086""","=""121096.605""","=""3s2.3p5.(2P*<1/2>).4p""","=""2[3/2]""","=""1""","=""3s2.3p5.(2P*<1/2>).6s""","=""2[1/2]*""","=""0""",,"=""T1218n""","=""L2634""",
"=""""","=""716.25567""","=""""","=""""","=""5.8e+04""",D,"=""107054.2720""","=""121011.9198""","=""3s2.3p5.(2P*<3/2>).4p""","=""2[1/2]""","=""0""","=""3s2.3p5.(2P*<1/2>).4d""","=""2[3/2]*""","=""1""",,"=""T1218n""","=""""",
"=""720.6980""","=""720.69805""","=""""","=""70""","=""2.48e+06""",C,"=""107289.7001""","=""121161.3135""","=""3s2.3p5.(2P*<1/2>).4p""","=""2[3/2]""","=""2""","=""3s2.3p5.(2P*<1/2>).6s""","=""2[1/2]*""","=""1""",,"=""T1218n""","=""L2634""",
"=""""","=""722.994""","=""""","=""""","=""6.6e+04""",D,"=""105617.2700""","=""119444.83""","=""3s2.3p5.(2P*<3/2>).4p""","=""2[5/2]""","=""2""","=""3s2.3p5.(2P*<3/2>).4d""","=""2[5/2]*""","=""2""",,"=""T1218n""","=""""",
"=""726.5172""","=""726.517""","=""""","=""15""","=""1.7e+05""",D,"=""106087.2598""","=""119847.77""","=""3s2.3p5.(2P*<3/2>).4p""","=""2[3/2]""","=""1""","=""3s2.3p5.(2P*<3/2>).4d""","=""2[3/2]*""","=""1""",,"=""T1218n""","=""L2634""",
"=""727.0664""","=""727.067""","=""""","=""7""","=""1.1e+05""",D,"=""105462.7596""","=""119212.87""","=""3s2.3p5.(2P*<3/2>).4p""","=""2[5/2]""","=""3""","=""3s2.3p5.(2P*<3/2>).4d""","=""2[7/2]*""","=""3""",,"=""T1218n""","=""L2634""",
"=""727.2936""","=""727.29354""","=""""","=""2000""","=""1.83e+06""",B+,"=""93750.5978""","=""107496.4166""","=""3s2.3p5.(2P*<3/2>).4s""","=""2[3/2]*""","=""1""","=""3s2.3p5.(2P*<1/2>).4p""","=""2[1/2]""","=""1""",,"=""T5223""","=""L2634""",
"=""""","=""728.54433""","=""""","=""""","=""1.2e+05""",D,"=""107289.7001""","=""121011.9198""","=""3s2.3p5.(2P*<1/2>).4p""","=""2[3/2]""","=""2""","=""3s2.3p5.(2P*<1/2>).4d""","=""2[3/2]*""","=""1""",,"=""T1218n""","=""""",
"=""731.1716""","=""731.17161""","=""""","=""35""","=""1.7e+06""",D+,"=""106087.2598""","=""119760.1725""","=""3s2.3p5.(2P*<3/2>).4p""","=""2[3/2]""","=""1""","=""3s2.3p5.(2P*<3/2>).6s""","=""2[3/2]*""","=""1""",,"=""T1218n""","=""L2634""",
"=""731.6005""","=""731.60052""","=""""","=""25""","=""9.6e+05""",D+,"=""107496.4166""","=""121161.3135""","=""3s2.3p5.(2P*<1/2>).4p""","=""2[1/2]""","=""1""","=""3s2.3p5.(2P*<1/2>).6s""","=""2[1/2]*""","=""1""",,"=""T1218n""","=""L2634""",
"=""735.0814""","=""735.0814""","=""""","=""5""","=""1.2e+06""",D+,"=""107496.4166""","=""121096.605""","=""3s2.3p5.(2P*<1/2>).4p""","=""2[1/2]""","=""1""","=""3s2.3p5.(2P*<1/2>).6s""","=""2[1/2]*""","=""0""",,"=""T1218n""","=""L2634""",
"=""""","=""735.31749""","=""""","=""""","=""2.1e+05""",E,"=""106087.2598""","=""119683.0821""","=""3s2.3p5.(2P*<3/2>).4p""","=""2[3/2]""","=""1""","=""3s2.3p5.(2P*<3/2>).6s""","=""2[3/2]*""","=""2""",,"=""T1203""","=""""",
"=""735.3293""","=""735.330""","=""""","=""70""","=""9.6e+05""",D+,"=""105617.2700""","=""119212.87""","=""3s2.3p5.(2P*<3/2>).4p""","=""2[5/2]""","=""2""","=""3s2.3p5.(2P*<3/2>).4d""","=""2[7/2]*""","=""3""",,"=""T1218n""","=""L2634""",
"=""737.2118""","=""737.2117""","=""""","=""200""","=""1.9e+06""",D+,"=""105462.7596""","=""119023.648""","=""3s2.3p5.(2P*<3/2>).4p""","=""2[5/2]""","=""3""","=""3s2.3p5.(2P*<3/2>).4d""","=""2[7/2]*""","=""4""",,"=""T1218n""","=""L2634""",
"=""738.3980""","=""738.39801""","=""""","=""10000""","=""8.5e+06""",B,"=""93750.5978""","=""107289.7001""","=""3s2.3p5.(2P*<3/2>).4s""","=""2[3/2]*""","=""1""","=""3s2.3p5.(2P*<1/2>).4p""","=""2[3/2]""","=""2""",,"=""T5223""","=""L2634""",
"=""739.2980""","=""739.29798""","=""""","=""20""","=""7.2e+05""",D+,"=""106237.5518""","=""119760.1725""","=""3s2.3p5.(2P*<3/2>).4p""","=""2[3/2]""","=""2""","=""3s2.3p5.(2P*<3/2>).6s""","=""2[3/2]*""","=""1""",,"=""T1218n""","=""L2634""",
"=""741.2337""","=""741.23366""","=""""","=""15""","=""3.9e+05""",D+,"=""107131.7086""","=""120619.0162""","=""3s2.3p5.(2P*<1/2>).4p""","=""2[3/2]""","=""1""","=""3s2.3p5.(2P*<1/2>).4d""","=""2[5/2]*""","=""2""",,"=""T1218n""","=""L2634""",
"=""""","=""742.23116""","=""""","=""""","=""6.6e+04""",D,"=""107131.7086""","=""120600.8905""","=""3s2.3p5.(2P*<1/2>).4p""","=""2[3/2]""","=""1""","=""3s2.3p5.(2P*<1/2>).4d""","=""2[3/2]*""","=""2""",,"=""T1218n""","=""""",
"=""742.5294""","=""742.52943""","=""""","=""10""","=""3.1e+05""",D,"=""107289.7001""","=""120753.4714""","=""3s2.3p5.(2P*<1/2>).4p""","=""2[3/2]""","=""2""","=""3s2.3p5.(2P*<1/2>).4d""","=""2[5/2]*""","=""3""",,"=""T1218n""","=""L2634""",
"=""743.5368""","=""743.53680""","=""""","=""25""","=""9.0e+05""",D+,"=""106237.5518""","=""119683.0821""","=""3s2.3p5.(2P*<3/2>).4p""","=""2[3/2]""","=""2""","=""3s2.3p5.(2P*<3/2>).6s""","=""2[3/2]*""","=""2""",,"=""T1218n""","=""L2634""",
"=""743.6297""","=""743.62965""","=""""","=""10""","=""2.7e+05""",D,"=""105462.7596""","=""118906.6110""","=""3s2.3p5.(2P*<3/2>).4p""","=""2[5/2]""","=""3""","=""3s2.3p5.(2P*<3/2>).4d""","=""2[3/2]*""","=""2""",,"=""T1218n""","=""L2634""",
"=""""","=""747.11636""","=""""","=""""","=""2.20e+04""",B,"=""93750.5978""","=""107131.7086""","=""3s2.3p5.(2P*<3/2>).4s""","=""2[3/2]*""","=""1""","=""3s2.3p5.(2P*<1/2>).4p""","=""2[3/2]""","=""1""",,"=""T5223""","=""""",
"=""""","=""748.433""","=""""","=""""","=""3.4e+05""",D+,"=""106087.2598""","=""119444.83""","=""3s2.3p5.(2P*<3/2>).4p""","=""2[3/2]""","=""1""","=""3s2.3p5.(2P*<3/2>).4d""","=""2[5/2]*""","=""2""",,"=""T1218n""","=""""",
"=""750.3869""","=""750.38680""","=""""","=""20000""","=""4.5e+07""",B,"=""95399.8276""","=""108722.6194""","=""3s2.3p5.(2P*<1/2>).4s""","=""2[1/2]*""","=""1""","=""3s2.3p5.(2P*<1/2>).4p""","=""2[1/2]""","=""0""",,"=""T5223""","=""L2634""",
"=""""","=""751.04080""","=""""","=""""","=""4.5e+05""",D,"=""107289.7001""","=""120600.8905""","=""3s2.3p5.(2P*<1/2>).4p""","=""2[3/2]""","=""2""","=""3s2.3p5.(2P*<1/2>).4d""","=""2[3/2]*""","=""2""",,"=""T1164n""","=""""",
"=""751.4652""","=""751.46512""","=""""","=""15000""","=""4.0e+07""",B,"=""93750.5978""","=""107054.2720""","=""3s2.3p5.(2P*<3/2>).4s""","=""2[3/2]*""","=""1""","=""3s2.3p5.(2P*<3/2>).4p""","=""2[1/2]""","=""0""",,"=""T5223""","=""L2634""",
"=""""","=""761.83441""","=""""","=""""","=""2.9e+05""",D,"=""107496.4166""","=""120619.0162""","=""3s2.3p5.(2P*<1/2>).4p""","=""2[1/2]""","=""1""","=""3s2.3p5.(2P*<1/2>).4d""","=""2[5/2]*""","=""2""",,"=""T1218n""","=""""",
"=""""","=""762.88816""","=""""","=""""","=""2.9e+05""",D,"=""107496.4166""","=""120600.8905""","=""3s2.3p5.(2P*<1/2>).4p""","=""2[1/2]""","=""1""","=""3s2.3p5.(2P*<1/2>).4d""","=""2[3/2]*""","=""2""",,"=""T1218n""","=""""",
"=""763.5106""","=""763.51054""","=""""","=""25000""","=""2.45e+07""",B,"=""93143.7600""","=""106237.5518""","=""3s2.3p5.(2P*<3/2>).4s""","=""2[3/2]*""","=""2""","=""3s2.3p5.(2P*<3/2>).4p""","=""2[3/2]""","=""2""",,"=""T5223""","=""L2634""",
"=""""","=""767.00571""","=""""","=""""","=""2.8e+05""",D,"=""105617.2700""","=""118651.3950""","=""3s2.3p5.(2P*<3/2>).4p""","=""2[5/2]""","=""2""","=""3s2.3p5.(2P*<3/2>).4d""","=""2[1/2]*""","=""1""",,"=""T1218n""","=""""",
"=""""","=""770.482""","=""""","=""""","=""6.3e+04""",D,"=""106237.5518""","=""119212.87""","=""3s2.3p5.(2P*<3/2>).4p""","=""2[3/2]""","=""2""","=""3s2.3p5.(2P*<3/2>).4d""","=""2[7/2]*""","=""3""",,"=""T1218n""","=""""",
"=""772.3761""","=""772.37600""","=""""","=""15000""","=""5.2e+06""",B+,"=""93143.7600""","=""106087.2598""","=""3s2.3p5.(2P*<3/2>).4s""","=""2[3/2]*""","=""2""","=""3s2.3p5.(2P*<3/2>).4p""","=""2[3/2]""","=""1""",,"=""T5223""","=""L2634""",
"=""772.4207""","=""772.42067""","=""""","=""10000""","=""1.17e+07""",B+,"=""94553.6652""","=""107496.4166""","=""3s2.3p5.(2P*<1/2>).4s""","=""2[1/2]*""","=""0""","=""3s2.3p5.(2P*<1/2>).4p""","=""2[1/2]""","=""1""",,"=""T5223""","=""L2634""",
"=""""","=""779.85609""","=""""","=""""","=""8.7e+04""",D+,"=""106087.2598""","=""118906.6110""","=""3s2.3p5.(2P*<3/2>).4p""","=""2[3/2]""","=""1""","=""3s2.3p5.(2P*<3/2>).4d""","=""2[3/2]*""","=""2""",,"=""T1218n""","=""""",
"=""""","=""786.81945""","=""""","=""""","=""3.50e+05""",C,"=""107054.2720""","=""119760.1725""","=""3s2.3p5.(2P*<3/2>).4p""","=""2[1/2]""","=""0""","=""3s2.3p5.(2P*<3/2>).6s""","=""2[3/2]*""","=""1""",,"=""T1218n""","=""""",
"=""789.1075""","=""789.10751""","=""""","=""10""","=""9.5e+05""",C,"=""106237.5518""","=""118906.6110""","=""3s2.3p5.(2P*<3/2>).4p""","=""2[3/2]""","=""2""","=""3s2.3p5.(2P*<3/2>).4d""","=""2[3/2]*""","=""2""",,"=""T1218n""","=""L2634""",
"=""""","=""791.64418""","=""""","=""""","=""1.2e+05""",D+,"=""107131.7086""","=""119760.1725""","=""3s2.3p5.(2P*<1/2>).4p""","=""2[3/2]""","=""1""","=""3s2.3p5.(2P*<3/2>).6s""","=""2[3/2]*""","=""1""",,"=""T1218n""","=""""",
"=""794.8176""","=""794.81759""","=""""","=""20000""","=""1.86e+07""",B,"=""94553.6652""","=""107131.7086""","=""3s2.3p5.(2P*<1/2>).4s""","=""2[1/2]*""","=""0""","=""3s2.3p5.(2P*<1/2>).4p""","=""2[3/2]""","=""1""",,"=""T5223""","=""L2634""",
"=""""","=""796.50647""","=""""","=""""","=""3.4e+04""",E,"=""107131.7086""","=""119683.0821""","=""3s2.3p5.(2P*<1/2>).4p""","=""2[3/2]""","=""1""","=""3s2.3p5.(2P*<3/2>).6s""","=""2[3/2]*""","=""2""",,"=""T1203""","=""""",
"=""800.6157""","=""800.61562""","=""""","=""20000""","=""4.9e+06""",C+,"=""93750.5978""","=""106237.5518""","=""3s2.3p5.(2P*<3/2>).4s""","=""2[3/2]*""","=""1""","=""3s2.3p5.(2P*<3/2>).4p""","=""2[3/2]""","=""2""",,"=""T5223""","=""L2634""",
"=""801.4786""","=""801.47854""","=""""","=""25000""","=""9.3e+06""",B,"=""93143.7600""","=""105617.2700""","=""3s2.3p5.(2P*<3/2>).4s""","=""2[3/2]*""","=""2""","=""3s2.3p5.(2P*<3/2>).4p""","=""2[5/2]""","=""2""",,"=""T5223""","=""L2634""",
"=""""","=""801.67376""","=""""","=""""","=""4.2e+03""",E,"=""107289.7001""","=""119760.1725""","=""3s2.3p5.(2P*<1/2>).4p""","=""2[3/2]""","=""2""","=""3s2.3p5.(2P*<3/2>).6s""","=""2[3/2]*""","=""1""",,"=""T1203""","=""""",
"=""""","=""803.72188""","=""""","=""""","=""3.59e+05""",C,"=""108722.6194""","=""121161.3135""","=""3s2.3p5.(2P*<1/2>).4p""","=""2[1/2]""","=""0""","=""3s2.3p5.(2P*<1/2>).6s""","=""2[1/2]*""","=""1""",,"=""T1218n""","=""""",
"=""""","=""804.6118""","=""""","=""""","=""1.12e+06""",C,"=""106087.2598""","=""118512.197""","=""3s2.3p5.(2P*<3/2>).4p""","=""2[3/2]""","=""1""","=""3s2.3p5.(2P*<3/2>).4d""","=""2[1/2]*""","=""0""",,"=""T1218n""","=""""",
"=""805.3308""","=""805.33084""","=""""","=""7""","=""8.6e+05""",C,"=""106237.5518""","=""118651.3950""","=""3s2.3p5.(2P*<3/2>).4p""","=""2[3/2]""","=""2""","=""3s2.3p5.(2P*<3/2>).4d""","=""2[1/2]*""","=""1""",,"=""T1218n""","=""L2634""",
"=""""","=""806.66043""","=""""","=""""","=""1.4e+05""",D+,"=""107289.7001""","=""119683.0821""","=""3s2.3p5.(2P*<1/2>).4p""","=""2[3/2]""","=""2""","=""3s2.3p5.(2P*<3/2>).6s""","=""2[3/2]*""","=""2""",,"=""T1218n""","=""""",
"=""810.3693""","=""810.36921""","=""""","=""20000""","=""2.50e+07""",B+,"=""93750.5978""","=""106087.2598""","=""3s2.3p5.(2P*<3/2>).4s""","=""2[3/2]*""","=""1""","=""3s2.3p5.(2P*<3/2>).4p""","=""2[3/2]""","=""1""",,"=""T5223""","=""L2634""",
"=""811.5311""","=""811.53109""","=""""","=""35000""","=""3.3e+07""",B,"=""93143.7600""","=""105462.7596""","=""3s2.3p5.(2P*<3/2>).4s""","=""2[3/2]*""","=""2""","=""3s2.3p5.(2P*<3/2>).4p""","=""2[5/2]""","=""3""",,"=""T5223""","=""L2634""",
"=""""","=""815.18675""","=""""","=""""","=""3.3e+04""",E,"=""107496.4166""","=""119760.1725""","=""3s2.3p5.(2P*<1/2>).4p""","=""2[1/2]""","=""1""","=""3s2.3p5.(2P*<3/2>).6s""","=""2[3/2]*""","=""1""",,"=""T1203""","=""""",
"=""""","=""820.34348""","=""""","=""""","=""1.6e+05""",E,"=""107496.4166""","=""119683.0821""","=""3s2.3p5.(2P*<1/2>).4p""","=""2[1/2]""","=""1""","=""3s2.3p5.(2P*<3/2>).6s""","=""2[3/2]*""","=""2""",,"=""T1203""","=""""",
"=""826.4522""","=""826.45215""","=""""","=""10000""","=""1.53e+07""",B+,"=""95399.8276""","=""107496.4166""","=""3s2.3p5.(2P*<1/2>).4s""","=""2[1/2]*""","=""1""","=""3s2.3p5.(2P*<1/2>).4p""","=""2[1/2]""","=""1""",,"=""T5223""","=""L2634""",
"=""""","=""838.473""","=""""","=""""","=""2.4e+05""",D,"=""107289.7001""","=""119212.87""","=""3s2.3p5.(2P*<1/2>).4p""","=""2[3/2]""","=""2""","=""3s2.3p5.(2P*<3/2>).4d""","=""2[7/2]*""","=""3""",,"=""T1218n""","=""""",
"=""839.227""","=""""","=""""","=""20""","=""""",,"=""""","=""""","=""""","=""""","=""""","=""""","=""""","=""""",,"=""""","=""L2131""",
"=""840.8210""","=""840.82085""","=""""","=""15000""","=""2.23e+07""",B+,"=""95399.8276""","=""107289.7001""","=""3s2.3p5.(2P*<1/2>).4s""","=""2[1/2]*""","=""1""","=""3s2.3p5.(2P*<1/2>).4p""","=""2[3/2]""","=""2""",,"=""T5223""","=""L2634""",
"=""842.4648""","=""842.46473""","=""""","=""20000""","=""2.15e+07""",B+,"=""93750.5978""","=""105617.2700""","=""3s2.3p5.(2P*<3/2>).4s""","=""2[3/2]*""","=""1""","=""3s2.3p5.(2P*<3/2>).4p""","=""2[5/2]""","=""2""",,"=""T5223""","=""L2634""",
"=""""","=""849.03066""","=""""","=""""","=""9.6e+04""",D,"=""107131.7086""","=""118906.6110""","=""3s2.3p5.(2P*<1/2>).4p""","=""2[3/2]""","=""1""","=""3s2.3p5.(2P*<3/2>).4d""","=""2[3/2]*""","=""2""",,"=""T1218n""","=""""",
"=""852.1442""","=""852.14411""","=""""","=""15000""","=""1.39e+07""",B,"=""95399.8276""","=""107131.7086""","=""3s2.3p5.(2P*<1/2>).4s""","=""2[1/2]*""","=""1""","=""3s2.3p5.(2P*<1/2>).4p""","=""2[3/2]""","=""1""",,"=""T5223""","=""L2634""",
"=""860.5776""","=""860.57764""","=""""","=""7""","=""1.04e+06""",C,"=""107289.7001""","=""118906.6110""","=""3s2.3p5.(2P*<1/2>).4p""","=""2[3/2]""","=""2""","=""3s2.3p5.(2P*<3/2>).4d""","=""2[3/2]*""","=""2""",,"=""T1218n""","=""L2634""",
"=""""","=""862.04603""","=""""","=""""","=""9.2e+05""",C,"=""107054.2720""","=""118651.3950""","=""3s2.3p5.(2P*<3/2>).4p""","=""2[1/2]""","=""0""","=""3s2.3p5.(2P*<3/2>).4d""","=""2[1/2]*""","=""1""",,"=""T1218n""","=""""",
"=""866.7944""","=""866.79430""","=""""","=""4500""","=""2.43e+06""",B,"=""94553.6652""","=""106087.2598""","=""3s2.3p5.(2P*<1/2>).4s""","=""2[1/2]*""","=""0""","=""3s2.3p5.(2P*<3/2>).4p""","=""2[3/2]""","=""1""",,"=""T5223""","=""L2634""",
"=""""","=""876.16864""","=""""","=""""","=""9.5e+05""",D+,"=""107496.4166""","=""118906.6110""","=""3s2.3p5.(2P*<1/2>).4p""","=""2[1/2]""","=""1""","=""3s2.3p5.(2P*<3/2>).4d""","=""2[3/2]*""","=""2""",,"=""T1218n""","=""""",
"=""""","=""878.4557""","=""""","=""""","=""2.4e+05""",D,"=""107131.7086""","=""118512.197""","=""3s2.3p5.(2P*<1/2>).4p""","=""2[3/2]""","=""1""","=""3s2.3p5.(2P*<3/2>).4d""","=""2[1/2]*""","=""0""",,"=""T1218n""","=""""",
"=""""","=""879.90874""","=""""","=""""","=""4.6e+05""",D+,"=""107289.7001""","=""118651.3950""","=""3s2.3p5.(2P*<1/2>).4p""","=""2[3/2]""","=""2""","=""3s2.3p5.(2P*<3/2>).4d""","=""2[1/2]*""","=""1""",,"=""T1218n""","=""""",
"=""884.991""","=""""","=""""","=""180""","=""""",,"=""""","=""""","=""""","=""""","=""""","=""""","=""""","=""""",,"=""""","=""L2131""",
"=""""","=""896.21468""","=""""","=""""","=""1.6e+05""",D+,"=""107496.4166""","=""118651.3950""","=""3s2.3p5.(2P*<1/2>).4p""","=""2[1/2]""","=""1""","=""3s2.3p5.(2P*<3/2>).4d""","=""2[1/2]*""","=""1""",,"=""T1218n""","=""""",
"=""""","=""905.74928""","=""""","=""""","=""9.7e+04""",E,"=""108722.6194""","=""119760.1725""","=""3s2.3p5.(2P*<1/2>).4p""","=""2[1/2]""","=""0""","=""3s2.3p5.(2P*<3/2>).6s""","=""2[3/2]*""","=""1""",,"=""T1203""","=""""",
"=""907.5394""","=""907.5395""","=""""","=""20""","=""1.2e+06""",D,"=""107496.4166""","=""118512.197""","=""3s2.3p5.(2P*<1/2>).4p""","=""2[1/2]""","=""1""","=""3s2.3p5.(2P*<3/2>).4d""","=""2[1/2]*""","=""0""",,"=""T1218n""","=""L2634""",
"=""912.2967""","=""912.29666""","=""""","=""35000""","=""1.89e+07""",B,"=""93143.7600""","=""104102.0990""","=""3s2.3p5.(2P*<3/2>).4s""","=""2[3/2]*""","=""2""","=""3s2.3p5.(2P*<3/2>).4p""","=""2[1/2]""","=""1""",,"=""T5223""","=""L2634""",
"=""919.4638""","=""919.4638""","=""""","=""550""","=""1.76e+06""",C,"=""104102.0990""","=""114975.019""","=""3s2.3p5.(2P*<3/2>).4p""","=""2[1/2]""","=""1""","=""3s2.3p5.(2P*<1/2>).5s""","=""2[1/2]*""","=""1""",,"=""T1618n""","=""L2634""",
"=""922.4499""","=""922.44980""","=""""","=""15000""","=""5.0e+06""",B,"=""95399.8276""","=""106237.5518""","=""3s2.3p5.(2P*<1/2>).4s""","=""2[1/2]*""","=""1""","=""3s2.3p5.(2P*<3/2>).4p""","=""2[3/2]""","=""2""",,"=""T5223""","=""L2634""",
"=""929.1531""","=""929.1532""","=""""","=""400""","=""3.26e+06""",C,"=""104102.0990""","=""114861.635""","=""3s2.3p5.(2P*<3/2>).4p""","=""2[1/2]""","=""1""","=""3s2.3p5.(2P*<1/2>).5s""","=""2[1/2]*""","=""0""",,"=""T1618n""","=""L2634""",
"=""935.4220""","=""935.42179""","=""""","=""1600""","=""1.06e+06""",B,"=""95399.8276""","=""106087.2598""","=""3s2.3p5.(2P*<1/2>).4s""","=""2[1/2]*""","=""1""","=""3s2.3p5.(2P*<3/2>).4p""","=""2[3/2]""","=""1""",,"=""T5223""","=""L2634""",
"=""965.7786""","=""965.77858""","=""""","=""25000""","=""5.4e+06""",B,"=""93750.5978""","=""104102.0990""","=""3s2.3p5.(2P*<3/2>).4s""","=""2[3/2]*""","=""1""","=""3s2.3p5.(2P*<3/2>).4p""","=""2[1/2]""","=""1""",,"=""T5223""","=""L2634""",
"=""978.4503""","=""978.45020""","=""""","=""4500""","=""1.47e+06""",B,"=""95399.8276""","=""105617.2700""","=""3s2.3p5.(2P*<1/2>).4s""","=""2[1/2]*""","=""1""","=""3s2.3p5.(2P*<3/2>).4p""","=""2[5/2]""","=""2""",,"=""T5223""","=""L2634""",
"=""1005.206""","=""""","=""""","=""180""","=""""",,"=""""","=""""","=""""","=""""","=""""","=""""","=""""","=""""",,"=""""","=""L2131""",
"=""1033.272""","=""""","=""""","=""30""","=""""",,"=""""","=""""","=""""","=""""","=""""","=""""","=""""","=""""",,"=""""","=""L2131""",
"=""1047.0054""","=""1047.00528""","=""""","=""1600""","=""9.8e+05""",C+,"=""94553.6652""","=""104102.0990""","=""3s2.3p5.(2P*<1/2>).4s""","=""2[1/2]*""","=""0""","=""3s2.3p5.(2P*<3/2>).4p""","=""2[1/2]""","=""1""",,"=""T5223""","=""L2634""",
"=""1047.8034""","=""1047.8034""","=""""","=""13""","=""2.44e+06""",C,"=""104102.0990""","=""113643.260""","=""3s2.3p5.(2P*<3/2>).4p""","=""2[1/2]""","=""1""","=""3s2.3p5.(2P*<3/2>).5s""","=""2[3/2]*""","=""1""",,"=""T1618n""","=""L2634""",
"=""""","=""1050.6118""","=""""","=""""","=""1.58e+06""",C,"=""112138.924""","=""121654.580""","=""3s2.3p5.(2P*<3/2>).3d""","=""2[3/2]*""","=""2""","=""3s2.3p5.(2P*<1/2>).4f""","=""2[5/2]""","=""2""",,"=""T1618n""","=""""",
"=""1050.650""","=""1050.6500""","=""""","=""180""","=""1.58e+06""",C,"=""112138.924""","=""121654.234""","=""3s2.3p5.(2P*<3/2>).3d""","=""2[3/2]*""","=""2""","=""3s2.3p5.(2P*<1/2>).4f""","=""2[5/2]""","=""3""",,"=""T1618n""","=""L2131""",
"=""1067.3565""","=""1067.3566""","=""""","=""200""","=""4.9e+06""",D,"=""104102.0990""","=""113468.473""","=""3s2.3p5.(2P*<3/2>).4p""","=""2[1/2]""","=""1""","=""3s2.3p5.(2P*<3/2>).5s""","=""2[3/2]*""","=""2""",,"=""T1372""","=""L2634""",
"=""1068.1773""","=""""","=""""","=""11""","=""""",,"=""""","=""""","=""""","=""""","=""""","=""""","=""""","=""""",,"=""""","=""L2634""",
"=""""","=""1068.3404""","=""""","=""""","=""2.1e+05""",E,"=""105617.2700""","=""114975.019""","=""3s2.3p5.(2P*<3/2>).4p""","=""2[5/2]""","=""2""","=""3s2.3p5.(2P*<1/2>).5s""","=""2[1/2]*""","=""1""",,"=""T1372""","=""""",
"=""1073.387""","=""""","=""""","=""30""","=""""",,"=""""","=""""","=""""","=""""","=""""","=""""","=""""","=""""",,"=""""","=""L2131""",
"=""1075.916""","=""""","=""""","=""30""","=""""",,"=""""","=""""","=""""","=""""","=""""","=""""","=""""","=""""",,"=""""","=""L2131""",
"=""""","=""1095.0726""","=""""","=""""","=""3.96e+05""",C,"=""106237.5518""","=""115366.866""","=""3s2.3p5.(2P*<3/2>).4p""","=""2[3/2]""","=""2""","=""3s2.3p5.(2P*<1/2>).3d""","=""2[3/2]*""","=""1""",,"=""T1618n""","=""""",
"=""1107.8869""","=""1107.8868""","=""""","=""11""","=""8.3e+05""",C,"=""105617.2700""","=""114640.992""","=""3s2.3p5.(2P*<3/2>).4p""","=""2[5/2]""","=""2""","=""3s2.3p5.(2P*<1/2>).3d""","=""2[5/2]*""","=""2""",,"=""T1618n""","=""L2634""",
"=""1110.646""","=""""","=""""","=""30""","=""""",,"=""""","=""""","=""""","=""""","=""""","=""""","=""""","=""""",,"=""""","=""L2131""",
"=""""","=""1124.8350""","=""""","=""""","=""2.8e+05""",E,"=""106087.2598""","=""114975.019""","=""3s2.3p5.(2P*<3/2>).4p""","=""2[3/2]""","=""1""","=""3s2.3p5.(2P*<1/2>).5s""","=""2[1/2]*""","=""1""",,"=""T1372""","=""""",
"=""""","=""1139.3703""","=""""","=""""","=""2.22e+06""",C,"=""106087.2598""","=""114861.635""","=""3s2.3p5.(2P*<3/2>).4p""","=""2[3/2]""","=""1""","=""3s2.3p5.(2P*<1/2>).5s""","=""2[1/2]*""","=""0""",,"=""T1618n""","=""""",
"=""1144.1832""","=""1144.1832""","=""""","=""12""","=""1.39e+06""",C,"=""106237.5518""","=""114975.019""","=""3s2.3p5.(2P*<3/2>).4p""","=""2[3/2]""","=""2""","=""3s2.3p5.(2P*<1/2>).5s""","=""2[1/2]*""","=""1""",,"=""T1618n""","=""L2634""",
"=""""","=""1146.7545""","=""""","=""""","=""3.69e+05""",C,"=""106087.2598""","=""114805.135""","=""3s2.3p5.(2P*<3/2>).4p""","=""2[3/2]""","=""1""","=""3s2.3p5.(2P*<1/2>).3d""","=""2[3/2]*""","=""2""",,"=""T1618n""","=""""",
"=""1148.8109""","=""1148.81076""","=""""","=""400""","=""1.9e+05""",C,"=""95399.8276""","=""104102.0990""","=""3s2.3p5.(2P*<1/2>).4s""","=""2[1/2]*""","=""1""","=""3s2.3p5.(2P*<3/2>).4p""","=""2[1/2]""","=""1""",,"=""T1242n""","=""L2634""",
"=""""","=""1158.0389""","=""""","=""""","=""3.46e+05""",C,"=""113020.355""","=""121653.280""","=""3s2.3p5.(2P*<3/2>).3d""","=""2[7/2]*""","=""3""","=""3s2.3p5.(2P*<1/2>).4f""","=""2[7/2]""","=""4""",,"=""T1618n""","=""""",
"=""""","=""1158.0446""","=""""","=""""","=""3.46e+05""",C,"=""113020.355""","=""121653.238""","=""3s2.3p5.(2P*<3/2>).3d""","=""2[7/2]*""","=""3""","=""3s2.3p5.(2P*<1/2>).4f""","=""2[7/2]""","=""3""",,"=""T1618n""","=""""",
"=""1166.8710""","=""1166.8709""","=""""","=""200""","=""3.76e+06""",C,"=""106237.5518""","=""114805.135""","=""3s2.3p5.(2P*<3/2>).4p""","=""2[3/2]""","=""2""","=""3s2.3p5.(2P*<1/2>).3d""","=""2[3/2]*""","=""2""",,"=""T1618n""","=""L2634""",
"=""1171.9488""","=""1171.9487""","=""""","=""12""","=""9.52e+05""",C,"=""105617.2700""","=""114147.732""","=""3s2.3p5.(2P*<3/2>).4p""","=""2[5/2]""","=""2""","=""3s2.3p5.(2P*<3/2>).3d""","=""2[3/2]*""","=""1""",,"=""T1618n""","=""L2634""",
"=""""","=""1173.3236""","=""""","=""""","=""6.7e+05""",C,"=""111667.766""","=""120188.232""","=""3s2.3p5.(2P*<3/2>).3d""","=""2[1/2]*""","=""0""","=""3s2.3p5.(2P*<3/2>).4f""","=""2[3/2]""","=""1""",,"=""T1618n""","=""""",
"=""""","=""1194.3302""","=""""","=""""","=""4.6e+06""",D+,"=""111818.028""","=""120188.631""","=""3s2.3p5.(2P*<3/2>).3d""","=""2[1/2]*""","=""1""","=""3s2.3p5.(2P*<3/2>).4f""","=""2[3/2]""","=""2""",,"=""T1618n""","=""""",
"=""""","=""1194.3871""","=""""","=""""","=""4.6e+06""",D+,"=""111818.028""","=""120188.232""","=""3s2.3p5.(2P*<3/2>).3d""","=""2[1/2]*""","=""1""","=""3s2.3p5.(2P*<3/2>).4f""","=""2[3/2]""","=""1""",,"=""T1618n""","=""""",
"=""""","=""1202.6648""","=""""","=""""","=""4.2e+05""",D,"=""107054.2720""","=""115366.866""","=""3s2.3p5.(2P*<3/2>).4p""","=""2[1/2]""","=""0""","=""3s2.3p5.(2P*<1/2>).3d""","=""2[3/2]*""","=""1""",,"=""T1618n""","=""""",
"=""1211.2326""","=""1211.2324""","=""""","=""200""","=""3.1e+06""",D,"=""105462.7596""","=""113716.555""","=""3s2.3p5.(2P*<3/2>).4p""","=""2[5/2]""","=""3""","=""3s2.3p5.(2P*<3/2>).3d""","=""2[5/2]*""","=""3""",,"=""T1618n""","=""L2634""",
"=""1213.9738""","=""1213.9737""","=""""","=""50""","=""4.5e+06""",D,"=""107131.7086""","=""115366.866""","=""3s2.3p5.(2P*<1/2>).4p""","=""2[3/2]""","=""1""","=""3s2.3p5.(2P*<1/2>).3d""","=""2[3/2]*""","=""1""",,"=""T1618n""","=""L2634""",
"=""1234.3393""","=""1234.3392""","=""""","=""50""","=""2.0e+06""",D,"=""105617.2700""","=""113716.555""","=""3s2.3p5.(2P*<3/2>).4p""","=""2[5/2]""","=""2""","=""3s2.3p5.(2P*<3/2>).3d""","=""2[5/2]*""","=""3""",,"=""T1618n""","=""L2634""",
"=""""","=""1235.5819""","=""""","=""""","=""3.5e+06""",D,"=""112138.924""","=""120230.063""","=""3s2.3p5.(2P*<3/2>).3d""","=""2[3/2]*""","=""2""","=""3s2.3p5.(2P*<3/2>).4f""","=""2[5/2]""","=""2""",,"=""T1618n""","=""""",
"=""""","=""1235.6297""","=""""","=""""","=""3.5e+06""",D,"=""112138.924""","=""120229.750""","=""3s2.3p5.(2P*<3/2>).3d""","=""2[3/2]*""","=""2""","=""3s2.3p5.(2P*<3/2>).4f""","=""2[5/2]""","=""3""",,"=""T1618n""","=""""",
"=""1240.2827""","=""1240.2828""","=""""","=""200""","=""1.1e+07""",D,"=""106087.2598""","=""114147.732""","=""3s2.3p5.(2P*<3/2>).4p""","=""2[3/2]""","=""1""","=""3s2.3p5.(2P*<3/2>).3d""","=""2[3/2]*""","=""1""",,"=""T1618n""","=""L2634""",
"=""1243.9321""","=""1243.9321""","=""""","=""200""","=""4.9e+06""",D,"=""104102.0990""","=""112138.924""","=""3s2.3p5.(2P*<3/2>).4p""","=""2[1/2]""","=""1""","=""3s2.3p5.(2P*<3/2>).3d""","=""2[3/2]*""","=""2""",,"=""T1618n""","=""L2634""",
"=""1245.612""","=""1245.6114""","=""""","=""100""","=""8.9e+06""",D,"=""105617.2700""","=""113643.260""","=""3s2.3p5.(2P*<3/2>).4p""","=""2[5/2]""","=""2""","=""3s2.3p5.(2P*<3/2>).5s""","=""2[3/2]*""","=""1""",,"=""T1618n""","=""L2634""",
"=""1248.7663""","=""1248.7663""","=""""","=""200""","=""1.1e+07""",D,"=""105462.7596""","=""113468.473""","=""3s2.3p5.(2P*<3/2>).4p""","=""2[5/2]""","=""3""","=""3s2.3p5.(2P*<3/2>).5s""","=""2[3/2]*""","=""2""",,"=""T1618n""","=""L2634""",
"=""""","=""1255.4324""","=""""","=""""","=""1.2e+05""",D,"=""105462.7596""","=""113425.964""","=""3s2.3p5.(2P*<3/2>).4p""","=""2[5/2]""","=""3""","=""3s2.3p5.(2P*<3/2>).3d""","=""2[5/2]*""","=""2""",,"=""T1618n""","=""""",
"=""""","=""1262.1619""","=""""","=""""","=""3.8e+05""",E,"=""107054.2720""","=""114975.019""","=""3s2.3p5.(2P*<3/2>).4p""","=""2[1/2]""","=""0""","=""3s2.3p5.(2P*<1/2>).5s""","=""2[1/2]*""","=""1""",,"=""T1372""","=""""",
"=""1270.2281""","=""1270.2280""","=""""","=""150""","=""7.1e+06""",D,"=""107496.4166""","=""115366.866""","=""3s2.3p5.(2P*<1/2>).4p""","=""2[1/2]""","=""1""","=""3s2.3p5.(2P*<1/2>).3d""","=""2[3/2]*""","=""1""",,"=""T1618n""","=""L2634""",
"=""1273.3418""","=""1273.3418""","=""""","=""30""","=""1.1e+06""",D,"=""105617.2700""","=""113468.473""","=""3s2.3p5.(2P*<3/2>).4p""","=""2[5/2]""","=""2""","=""3s2.3p5.(2P*<3/2>).5s""","=""2[3/2]*""","=""2""",,"=""T1618n""","=""L2634""",
"=""1274.6232""","=""1274.6232""","=""""","=""12""","=""2.0e+06""",D,"=""107131.7086""","=""114975.019""","=""3s2.3p5.(2P*<1/2>).4p""","=""2[3/2]""","=""1""","=""3s2.3p5.(2P*<1/2>).5s""","=""2[1/2]*""","=""1""",,"=""T1618n""","=""L2634""",
"=""1280.2739""","=""1280.2737""","=""""","=""200""","=""5.7e+06""",D,"=""105617.2700""","=""113425.964""","=""3s2.3p5.(2P*<3/2>).4p""","=""2[5/2]""","=""2""","=""3s2.3p5.(2P*<3/2>).3d""","=""2[5/2]*""","=""2""",,"=""T1618n""","=""L2634""",
"=""1293.3195""","=""1293.3196""","=""""","=""50""","=""1.0e+07""",D,"=""107131.7086""","=""114861.635""","=""3s2.3p5.(2P*<1/2>).4p""","=""2[3/2]""","=""1""","=""3s2.3p5.(2P*<1/2>).5s""","=""2[1/2]*""","=""0""",,"=""T1618n""","=""L2634""",
"=""1295.6659""","=""1295.6658""","=""""","=""500""","=""7.4e+06""",D,"=""104102.0990""","=""111818.028""","=""3s2.3p5.(2P*<3/2>).4p""","=""2[1/2]""","=""1""","=""3s2.3p5.(2P*<3/2>).3d""","=""2[1/2]*""","=""1""",,"=""T1618n""","=""L2634""",
"=""1300.8264""","=""1300.8264""","=""""","=""200""","=""8.9e+06""",D,"=""107289.7001""","=""114975.019""","=""3s2.3p5.(2P*<1/2>).4p""","=""2[3/2]""","=""2""","=""3s2.3p5.(2P*<1/2>).5s""","=""2[1/2]*""","=""1""",,"=""T1618n""","=""L2634""",
"=""1321.399""","=""1321.3991""","=""""","=""200""","=""8.1e+06""",D,"=""104102.0990""","=""111667.766""","=""3s2.3p5.(2P*<3/2>).4p""","=""2[1/2]""","=""1""","=""3s2.3p5.(2P*<3/2>).3d""","=""2[1/2]*""","=""0""",,"=""T1618n""","=""L2634""",
"=""1322.8107""","=""""","=""""","=""200""","=""""",,"=""""","=""""","=""""","=""""","=""""","=""""","=""""","=""""",,"=""""","=""L2634""",
"=""1323.090""","=""1323.0897""","=""""","=""100""","=""4.6e+06""",D,"=""106087.2598""","=""113643.260""","=""3s2.3p5.(2P*<3/2>).4p""","=""2[3/2]""","=""1""","=""3s2.3p5.(2P*<3/2>).5s""","=""2[3/2]*""","=""1""",,"=""T1372""","=""L2634""",
"=""1327.264""","=""1327.2635""","=""""","=""500""","=""1.5e+07""",D,"=""107289.7001""","=""114821.939""","=""3s2.3p5.(2P*<1/2>).4p""","=""2[3/2]""","=""2""","=""3s2.3p5.(2P*<1/2>).3d""","=""2[5/2]*""","=""3""",,"=""T1618n""","=""L2634""",
"=""1331.3210""","=""1331.3209""","=""""","=""1000""","=""1.3e+07""",D,"=""107131.7086""","=""114640.992""","=""3s2.3p5.(2P*<1/2>).4p""","=""2[3/2]""","=""1""","=""3s2.3p5.(2P*<1/2>).3d""","=""2[5/2]*""","=""2""",,"=""T1618n""","=""L2634""",
"=""1336.7111""","=""""","=""""","=""1000""","=""""",,"=""""","=""""","=""""","=""""","=""""","=""""","=""""","=""""",,"=""""","=""L2634""",
"=""""","=""1336.7827""","=""""","=""""","=""3.4e+06""",D,"=""107496.4166""","=""114975.019""","=""3s2.3p5.(2P*<1/2>).4p""","=""2[1/2]""","=""1""","=""3s2.3p5.(2P*<1/2>).5s""","=""2[1/2]*""","=""1""",,"=""T1372""","=""""",
"=""""","=""1340.6513""","=""""","=""""","=""6.5e+06""",D,"=""112750.153""","=""120207.175""","=""3s2.3p5.(2P*<3/2>).3d""","=""2[7/2]*""","=""4""","=""3s2.3p5.(2P*<3/2>).4f""","=""2[9/2]""","=""4""",,"=""T1618n""","=""""",
"=""""","=""1340.6587""","=""""","=""""","=""6.5e+06""",D,"=""112750.153""","=""120207.134""","=""3s2.3p5.(2P*<3/2>).3d""","=""2[7/2]*""","=""4""","=""3s2.3p5.(2P*<3/2>).4f""","=""2[9/2]""","=""5""",,"=""T1618n""","=""""",
"=""1349.941""","=""1349.9406""","=""""","=""30""","=""2.7e+06""",D,"=""106237.5518""","=""113643.260""","=""3s2.3p5.(2P*<3/2>).4p""","=""2[3/2]""","=""2""","=""3s2.3p5.(2P*<3/2>).5s""","=""2[3/2]*""","=""1""",,"=""T1372""","=""L2634""",
"=""1350.4191""","=""1350.4189""","=""""","=""1000""","=""1.1e+07""",D,"=""105617.2700""","=""113020.355""","=""3s2.3p5.(2P*<3/2>).4p""","=""2[5/2]""","=""2""","=""3s2.3p5.(2P*<3/2>).3d""","=""2[7/2]*""","=""3""",,"=""T1618n""","=""L2634""",
"=""""","=""1354.4205""","=""""","=""""","=""4.6e+05""",E,"=""106087.2598""","=""113468.473""","=""3s2.3p5.(2P*<3/2>).4p""","=""2[3/2]""","=""1""","=""3s2.3p5.(2P*<3/2>).5s""","=""2[3/2]*""","=""2""",,"=""T1372""","=""""",
"=""1357.3617""","=""1357.3618""","=""""","=""11""","=""5.1e+06""",D,"=""107496.4166""","=""114861.635""","=""3s2.3p5.(2P*<1/2>).4p""","=""2[1/2]""","=""1""","=""3s2.3p5.(2P*<1/2>).5s""","=""2[1/2]*""","=""0""",,"=""T1372""","=""L2634""",
"=""1359.9333""","=""1359.9333""","=""""","=""30""","=""2.2e+06""",D,"=""107289.7001""","=""114640.992""","=""3s2.3p5.(2P*<1/2>).4p""","=""2[3/2]""","=""2""","=""3s2.3p5.(2P*<1/2>).3d""","=""2[5/2]*""","=""2""",,"=""T1618n""","=""L2634""",
"=""1362.2659""","=""1362.2659""","=""""","=""400""","=""7.3e+06""",D,"=""106087.2598""","=""113425.964""","=""3s2.3p5.(2P*<3/2>).4p""","=""2[3/2]""","=""1""","=""3s2.3p5.(2P*<3/2>).3d""","=""2[5/2]*""","=""2""",,"=""T1618n""","=""L2634""",
"=""1367.8550""","=""1367.8549""","=""""","=""200""","=""6.2e+06""",D,"=""107496.4166""","=""114805.135""","=""3s2.3p5.(2P*<1/2>).4p""","=""2[1/2]""","=""1""","=""3s2.3p5.(2P*<1/2>).3d""","=""2[3/2]*""","=""2""",,"=""T1618n""","=""L2634""",
"=""1371.8577""","=""""","=""""","=""1000""","=""""",,"=""""","=""""","=""""","=""""","=""""","=""""","=""""","=""""",,"=""""","=""L2634""",
"=""1382.5715""","=""1382.5716""","=""""","=""10""","=""3.3e+06""",D,"=""106237.5518""","=""113468.473""","=""3s2.3p5.(2P*<3/2>).4p""","=""2[3/2]""","=""2""","=""3s2.3p5.(2P*<3/2>).5s""","=""2[3/2]*""","=""2""",,"=""T1372""","=""L2634""",
"=""1390.7478""","=""""","=""""","=""10""","=""""",,"=""""","=""""","=""""","=""""","=""""","=""""","=""""","=""""",,"=""""","=""L2634""",
"=""1409.3640""","=""1409.3640""","=""""","=""200""","=""4.3e+06""",D,"=""107054.2720""","=""114147.732""","=""3s2.3p5.(2P*<3/2>).4p""","=""2[1/2]""","=""0""","=""3s2.3p5.(2P*<3/2>).3d""","=""2[3/2]*""","=""1""",,"=""T1618n""","=""L2634""",
"=""""","=""1459.5734""","=""""","=""""","=""5.3e+06""",D,"=""114805.135""","=""121654.580""","=""3s2.3p5.(2P*<1/2>).3d""","=""2[3/2]*""","=""2""","=""3s2.3p5.(2P*<1/2>).4f""","=""2[5/2]""","=""2""",,"=""T1618n""","=""""",
"=""""","=""1459.6471""","=""""","=""""","=""5.3e+06""",D,"=""114805.135""","=""121654.234""","=""3s2.3p5.(2P*<1/2>).3d""","=""2[3/2]*""","=""2""","=""3s2.3p5.(2P*<1/2>).4f""","=""2[5/2]""","=""3""",,"=""T1618n""","=""""",
"=""""","=""1463.4414""","=""""","=""""","=""9.0e+06""",D,"=""114821.939""","=""121653.280""","=""3s2.3p5.(2P*<1/2>).3d""","=""2[5/2]*""","=""3""","=""3s2.3p5.(2P*<1/2>).4f""","=""2[7/2]""","=""4""",,"=""T1618n""","=""""",
"=""""","=""1463.4504""","=""""","=""""","=""9.0e+06""",D,"=""114821.939""","=""121653.238""","=""3s2.3p5.(2P*<1/2>).3d""","=""2[5/2]*""","=""3""","=""3s2.3p5.(2P*<1/2>).4f""","=""2[7/2]""","=""3""",,"=""T1618n""","=""""",
"=""""","=""1473.9139""","=""""","=""""","=""8.8e+04""",D,"=""106237.5518""","=""113020.355""","=""3s2.3p5.(2P*<3/2>).4p""","=""2[3/2]""","=""2""","=""3s2.3p5.(2P*<3/2>).3d""","=""2[7/2]*""","=""3""",,"=""T1618n""","=""""",
"=""""","=""1478.5380""","=""""","=""""","=""2.1e+05""",D,"=""113468.473""","=""120230.063""","=""3s2.3p5.(2P*<3/2>).5s""","=""2[3/2]*""","=""2""","=""3s2.3p5.(2P*<3/2>).4f""","=""2[5/2]""","=""2""",,"=""T1618n""","=""""",
"=""""","=""1478.6064""","=""""","=""""","=""2.1e+05""",D,"=""113468.473""","=""120229.750""","=""3s2.3p5.(2P*<3/2>).5s""","=""2[3/2]*""","=""2""","=""3s2.3p5.(2P*<3/2>).4f""","=""2[5/2]""","=""3""",,"=""T1618n""","=""""",
"=""""","=""1487.6537""","=""""","=""""","=""6.0e+04""",D,"=""113468.473""","=""120188.631""","=""3s2.3p5.(2P*<3/2>).5s""","=""2[3/2]*""","=""2""","=""3s2.3p5.(2P*<3/2>).4f""","=""2[3/2]""","=""2""",,"=""T1618n""","=""""",
"=""""","=""1487.7420""","=""""","=""""","=""6.0e+04""",D,"=""113468.473""","=""120188.232""","=""3s2.3p5.(2P*<3/2>).5s""","=""2[3/2]*""","=""2""","=""3s2.3p5.(2P*<3/2>).4f""","=""2[3/2]""","=""1""",,"=""T1618n""","=""""",
"=""1504.650""","=""1504.6503""","=""""","=""100""","=""5.2e+06""",D,"=""108722.6194""","=""115366.866""","=""3s2.3p5.(2P*<1/2>).4p""","=""2[1/2]""","=""0""","=""3s2.3p5.(2P*<1/2>).3d""","=""2[3/2]*""","=""1""",,"=""T1618n""","=""L2634""",
"=""1517.269""","=""1517.2691""","=""""","=""25""","=""1.3e+06""",D,"=""107054.2720""","=""113643.260""","=""3s2.3p5.(2P*<3/2>).4p""","=""2[1/2]""","=""0""","=""3s2.3p5.(2P*<3/2>).5s""","=""2[3/2]*""","=""1""",,"=""T1618n""","=""L2634""",
"=""""","=""1530.1881""","=""""","=""""","=""5.4e+06""",D,"=""113716.555""","=""120249.914""","=""3s2.3p5.(2P*<3/2>).3d""","=""2[5/2]*""","=""3""","=""3s2.3p5.(2P*<3/2>).4f""","=""2[7/2]""","=""4""",,"=""T1618n""","=""""",
"=""""","=""1530.1970""","=""""","=""""","=""5.4e+06""",D,"=""113716.555""","=""120249.876""","=""3s2.3p5.(2P*<3/2>).3d""","=""2[5/2]*""","=""3""","=""3s2.3p5.(2P*<3/2>).4f""","=""2[7/2]""","=""3""",,"=""T1618n""","=""""",
"=""1532.934""","=""1532.9345""","=""""","=""10""","=""1.2e+05""",E,"=""105617.2700""","=""112138.924""","=""3s2.3p5.(2P*<3/2>).4p""","=""2[5/2]""","=""2""","=""3s2.3p5.(2P*<3/2>).3d""","=""2[3/2]*""","=""2""",,"=""T1618n""","=""L2634""",
"=""""","=""1535.3128""","=""""","=""""","=""4.5e+05""",E,"=""107131.7086""","=""113643.260""","=""3s2.3p5.(2P*<1/2>).4p""","=""2[3/2]""","=""1""","=""3s2.3p5.(2P*<3/2>).5s""","=""2[3/2]*""","=""1""",,"=""T1372""","=""""",
"=""""","=""1540.2640""","=""""","=""""","=""1.4e+06""",D,"=""113716.555""","=""120207.175""","=""3s2.3p5.(2P*<3/2>).3d""","=""2[5/2]*""","=""3""","=""3s2.3p5.(2P*<3/2>).4f""","=""2[9/2]""","=""4""",,"=""T1618n""","=""""",
"=""""","=""1555.5460""","=""""","=""""","=""9.8e+03""",D,"=""107289.7001""","=""113716.555""","=""3s2.3p5.(2P*<1/2>).4p""","=""2[3/2]""","=""2""","=""3s2.3p5.(2P*<3/2>).3d""","=""2[5/2]*""","=""3""",,"=""T1618n""","=""""",
"=""""","=""1573.4909""","=""""","=""""","=""2.9e+04""",D,"=""107289.7001""","=""113643.260""","=""3s2.3p5.(2P*<1/2>).4p""","=""2[3/2]""","=""2""","=""3s2.3p5.(2P*<3/2>).5s""","=""2[3/2]*""","=""1""",,"=""T1618n""","=""""",
"=""""","=""1577.6614""","=""""","=""""","=""5.9e+04""",E,"=""107131.7086""","=""113468.473""","=""3s2.3p5.(2P*<1/2>).4p""","=""2[3/2]""","=""1""","=""3s2.3p5.(2P*<3/2>).5s""","=""2[3/2]*""","=""2""",,"=""T1372""","=""""",
"=""""","=""1581.6777""","=""""","=""""","=""8.7e+04""",E,"=""112138.924""","=""118459.5975""","=""3s2.3p5.(2P*<3/2>).3d""","=""2[3/2]*""","=""2""","=""3s2.3p5.(2P*<1/2>).5p""","=""2[1/2]""","=""1""",,"=""T1618n""","=""""",
"=""""","=""1589.9687""","=""""","=""""","=""7.7e+06""",D,"=""115366.866""","=""121654.580""","=""3s2.3p5.(2P*<1/2>).3d""","=""2[3/2]*""","=""1""","=""3s2.3p5.(2P*<1/2>).4f""","=""2[5/2]""","=""2""",,"=""T1618n""","=""""",
"=""1598.949""","=""1598.9491""","=""""","=""30""","=""1.9e+06""",D,"=""108722.6194""","=""114975.019""","=""3s2.3p5.(2P*<1/2>).4p""","=""2[1/2]""","=""0""","=""3s2.3p5.(2P*<1/2>).5s""","=""2[1/2]*""","=""1""",,"=""T1618n""","=""L2634""",
"=""""","=""1612.2656""","=""""","=""""","=""3.9e+04""",D,"=""105617.2700""","=""111818.028""","=""3s2.3p5.(2P*<3/2>).4p""","=""2[5/2]""","=""2""","=""3s2.3p5.(2P*<3/2>).3d""","=""2[1/2]*""","=""1""",,"=""T1618n""","=""""",
"=""""","=""1618.0023""","=""""","=""""","=""1.2e+05""",D,"=""107289.7001""","=""113468.473""","=""3s2.3p5.(2P*<1/2>).4p""","=""2[3/2]""","=""2""","=""3s2.3p5.(2P*<3/2>).5s""","=""2[3/2]*""","=""2""",,"=""T1618n""","=""""",
"=""""","=""1626.4070""","=""""","=""""","=""3.0e+04""",D,"=""107496.4166""","=""113643.260""","=""3s2.3p5.(2P*<1/2>).4p""","=""2[1/2]""","=""1""","=""3s2.3p5.(2P*<3/2>).5s""","=""2[3/2]*""","=""1""",,"=""T1618n""","=""""",
"=""""","=""1643.6575""","=""""","=""""","=""5.9e+06""",D,"=""114147.732""","=""120230.063""","=""3s2.3p5.(2P*<3/2>).3d""","=""2[3/2]*""","=""1""","=""3s2.3p5.(2P*<3/2>).4f""","=""2[5/2]""","=""2""",,"=""T1618n""","=""""",
"=""1651.986""","=""1651.9867""","=""""","=""30""","=""2.6e+05""",D,"=""106087.2598""","=""112138.924""","=""3s2.3p5.(2P*<3/2>).4p""","=""2[3/2]""","=""1""","=""3s2.3p5.(2P*<3/2>).3d""","=""2[3/2]*""","=""2""",,"=""T1618n""","=""L2634""",
"=""""","=""1654.9307""","=""""","=""""","=""1.6e+06""",D,"=""114147.732""","=""120188.631""","=""3s2.3p5.(2P*<3/2>).3d""","=""2[3/2]*""","=""1""","=""3s2.3p5.(2P*<3/2>).4f""","=""2[3/2]""","=""2""",,"=""T1618n""","=""""",
"=""""","=""1655.0400""","=""""","=""""","=""1.6e+06""",D,"=""114147.732""","=""120188.232""","=""3s2.3p5.(2P*<3/2>).3d""","=""2[3/2]*""","=""1""","=""3s2.3p5.(2P*<3/2>).4f""","=""2[3/2]""","=""1""",,"=""T1618n""","=""""",
"=""""","=""1674.0078""","=""""","=""""","=""3.1e+05""",D,"=""107496.4166""","=""113468.473""","=""3s2.3p5.(2P*<1/2>).4p""","=""2[1/2]""","=""1""","=""3s2.3p5.(2P*<3/2>).5s""","=""2[3/2]*""","=""2""",,"=""T1618n""","=""""",
"=""1694.058""","=""1694.0584""","=""""","=""500""","=""2.5e+06""",D,"=""106237.5518""","=""112138.924""","=""3s2.3p5.(2P*<3/2>).4p""","=""2[3/2]""","=""2""","=""3s2.3p5.(2P*<3/2>).3d""","=""2[3/2]*""","=""2""",,"=""T1618n""","=""L2634""",
"=""""","=""1782.399""","=""""","=""""","=""8.4e+05""",E,"=""114640.992""","=""120249.876""","=""3s2.3p5.(2P*<1/2>).3d""","=""2[5/2]*""","=""2""","=""3s2.3p5.(2P*<3/2>).4f""","=""2[7/2]""","=""3""",,"=""T1618n""","=""""",
"=""1842.776""","=""""","=""""","=""12""","=""""",,"=""""","=""""","=""""","=""""","=""""","=""""","=""""","=""""",,"=""""","=""L2634""",
obs_wl_vac(nm),ritz_wl_vac(nm),unc_ritz_wl,intens,Aki(s^-1),Acc,Ei(cm-1),Ek(cm-1),conf_i,term_i,J_i,conf_k,term_k,J_k,Type,tp_ref,line_ref,
"=""""","=""2032.256""","=""""","=""""","=""1.6e+05""",D,"=""108722.6194""","=""113643.260""","=""3s2.3p5.(2P*<1/2>).4p""","=""2[1/2]""","=""0""","=""3s2.3p5.(2P*<3/2>).5s""","=""2[3/2]*""","=""1""",,"=""T1618n""","=""""",
"=""2062.186""","=""2062.186""","=""""","=""50""","=""3.9e+05""",D,"=""107289.7001""","=""112138.924""","=""3s2.3p5.(2P*<1/2>).4p""","=""2[3/2]""","=""2""","=""3s2.3p5.(2P*<3/2>).3d""","=""2[3/2]*""","=""2""",,"=""T1618n""","=""L2634""",
"=""""","=""2081.672""","=""""","=""""","=""7.6e+04""",D,"=""112138.924""","=""116942.7542""","=""3s2.3p5.(2P*<3/2>).3d""","=""2[3/2]*""","=""2""","=""3s2.3p5.(2P*<3/2>).5p""","=""2[5/2]""","=""3""",,"=""T1618n""","=""""",
"=""2099.184""","=""""","=""""","=""30""","=""""",,"=""""","=""""","=""""","=""""","=""""","=""""","=""""","=""""",,"=""""","=""L2634""",
"=""""","=""2133.871""","=""""","=""""","=""3.2e+04""",D,"=""107131.7086""","=""111818.028""","=""3s2.3p5.(2P*<1/2>).4p""","=""2[3/2]""","=""1""","=""3s2.3p5.(2P*<3/2>).3d""","=""2[1/2]*""","=""1""",,"=""T1618n""","=""""",
"=""""","=""2154.008""","=""""","=""""","=""1.1e+05""",D,"=""107496.4166""","=""112138.924""","=""3s2.3p5.(2P*<1/2>).4p""","=""2[1/2]""","=""1""","=""3s2.3p5.(2P*<3/2>).3d""","=""2[3/2]*""","=""2""",,"=""T1618n""","=""""",
"=""""","=""2204.558""","=""""","=""""","=""1.2e+05""",D,"=""107131.7086""","=""111667.766""","=""3s2.3p5.(2P*<1/2>).4p""","=""2[3/2]""","=""1""","=""3s2.3p5.(2P*<3/2>).3d""","=""2[1/2]*""","=""0""",,"=""T1618n""","=""""",
"=""""","=""2208.321""","=""""","=""""","=""1.4e+05""",D,"=""107289.7001""","=""111818.028""","=""3s2.3p5.(2P*<1/2>).4p""","=""2[3/2]""","=""2""","=""3s2.3p5.(2P*<3/2>).3d""","=""2[1/2]*""","=""1""",,"=""T1618n""","=""""",
"=""2313.951""","=""2313.952""","=""""","=""20""","=""1.7e+05""",D,"=""107496.4166""","=""111818.028""","=""3s2.3p5.(2P*<1/2>).4p""","=""2[1/2]""","=""1""","=""3s2.3p5.(2P*<3/2>).3d""","=""2[1/2]*""","=""1""",,"=""T1618n""","=""L2634""",
"=""""","=""2385.154""","=""""","=""""","=""1.1e+06""",D,"=""112750.153""","=""116942.7542""","=""3s2.3p5.(2P*<3/2>).3d""","=""2[7/2]*""","=""4""","=""3s2.3p5.(2P*<3/2>).5p""","=""2[5/2]""","=""3""",,"=""T1618n""","=""""",
"=""2397.306""","=""2397.306""","=""""","=""20""","=""3.6e+05""",D,"=""107496.4166""","=""111667.766""","=""3s2.3p5.(2P*<1/2>).4p""","=""2[1/2]""","=""1""","=""3s2.3p5.(2P*<3/2>).3d""","=""2[1/2]*""","=""0""",,"=""T1618n""","=""L2634""",