BOLSIG+ version: 11/2019
Collision input data:
--------------------------------------------------
Ar                                                              
Biagi_Ar.txt
 
 
 
C1 Input cross section
ELASTIC
Ar                                                              
  0.1360E-04
--------------------------------
0.000	0.6298E-19
0.1000E-02	0.6298E-19
0.2000E-02	0.5835E-19
0.5000E-02	0.4977E-19
0.1000E-01	0.4113E-19
0.1742E-01	0.3291E-19
0.3514E-01	0.2145E-19
0.5317E-01	0.1474E-19
0.7152E-01	0.1033E-19
0.9018E-01	0.7273E-20
0.1092	0.5117E-20
0.1285	0.3589E-20
0.1482	0.2519E-20
0.1681	0.1793E-20
0.1885	0.1331E-20
0.2092	0.1073E-20
0.2303	0.9763E-21
0.2517	0.1007E-20
0.2735	0.1139E-20
0.2957	0.1352E-20
0.3183	0.1629E-20
0.3412	0.1957E-20
0.3646	0.2327E-20
0.3883	0.2728E-20
0.4125	0.3155E-20
0.4371	0.3602E-20
0.4622	0.4065E-20
0.4876	0.4539E-20
0.5136	0.5023E-20
0.5399	0.5515E-20
0.5667	0.6012E-20
0.5940	0.6515E-20
0.6218	0.7023E-20
0.6501	0.7536E-20
0.6788	0.8055E-20
0.7080	0.8579E-20
0.7378	0.9110E-20
0.7681	0.9650E-20
0.7989	0.1020E-19
0.8302	0.1076E-19
0.8621	0.1134E-19
0.8945	0.1193E-19
0.9275	0.1254E-19
0.9611	0.1317E-19
0.9953	0.1382E-19
1.030	0.1432E-19
1.065	0.1479E-19
1.101	0.1527E-19
1.138	0.1577E-19
1.175	0.1627E-19
1.213	0.1677E-19
1.252	0.1727E-19
1.291	0.1778E-19
1.331	0.1830E-19
1.371	0.1883E-19
1.413	0.1937E-19
1.455	0.1991E-19
1.498	0.2047E-19
1.541	0.2107E-19
1.585	0.2169E-19
1.630	0.2232E-19
1.676	0.2296E-19
1.723	0.2358E-19
1.770	0.2416E-19
1.818	0.2476E-19
1.867	0.2537E-19
1.917	0.2598E-19
1.968	0.2661E-19
2.020	0.2729E-19
2.073	0.2806E-19
2.126	0.2884E-19
2.180	0.2964E-19
2.236	0.3044E-19
2.292	0.3127E-19
2.350	0.3211E-19
2.408	0.3296E-19
2.467	0.3382E-19
2.528	0.3473E-19
2.589	0.3567E-19
2.652	0.3664E-19
2.715	0.3762E-19
2.780	0.3861E-19
2.846	0.3963E-19
2.913	0.4066E-19
2.981	0.4171E-19
3.050	0.4276E-19
3.121	0.4381E-19
3.193	0.4489E-19
3.266	0.4599E-19
3.340	0.4710E-19
3.416	0.4824E-19
3.493	0.4939E-19
3.571	0.5056E-19
3.651	0.5176E-19
3.732	0.5297E-19
3.814	0.5421E-19
3.898	0.5547E-19
3.983	0.5675E-19
4.070	0.5833E-19
4.158	0.6001E-19
4.248	0.6171E-19
4.340	0.6345E-19
4.433	0.6522E-19
4.527	0.6702E-19
4.623	0.6884E-19
4.721	0.7071E-19
4.821	0.7260E-19
4.922	0.7453E-19
5.026	0.7651E-19
5.131	0.7861E-19
5.237	0.8075E-19
5.346	0.8292E-19
5.457	0.8513E-19
5.569	0.8738E-19
5.683	0.8967E-19
5.800	0.9200E-19
5.918	0.9437E-19
6.039	0.9674E-19
6.161	0.9907E-19
6.286	0.1014E-18
6.413	0.1039E-18
6.542	0.1063E-18
6.674	0.1088E-18
6.807	0.1113E-18
6.943	0.1139E-18
7.082	0.1163E-18
7.366	0.1208E-18
7.660	0.1256E-18
7.964	0.1304E-18
8.279	0.1355E-18
8.605	0.1407E-18
8.943	0.1461E-18
9.292	0.1514E-18
9.654	0.1568E-18
10.03	0.1622E-18
10.61	0.1657E-18
12.57	0.1620E-18
13.04	0.1586E-18
13.54	0.1547E-18
14.05	0.1506E-18
14.58	0.1458E-18
15.12	0.1409E-18
15.69	0.1358E-18
16.28	0.1305E-18
16.58	0.1278E-18
16.89	0.1250E-18
17.20	0.1222E-18
17.51	0.1194E-18
17.84	0.1165E-18
18.16	0.1138E-18
18.50	0.1113E-18
18.84	0.1087E-18
19.18	0.1061E-18
19.54	0.1035E-18
19.89	0.1008E-18
20.63	0.9718E-19
21.39	0.9376E-19
22.17	0.9022E-19
22.58	0.8840E-19
22.99	0.8655E-19
23.41	0.8467E-19
23.83	0.8276E-19
24.26	0.8081E-19
24.70	0.7883E-19
25.15	0.7705E-19
26.07	0.7429E-19
27.02	0.7143E-19
27.51	0.6997E-19
28.01	0.6848E-19
28.51	0.6696E-19
29.03	0.6542E-19
29.55	0.6385E-19
30.08	0.6235E-19
31.17	0.6039E-19
32.30	0.5835E-19
33.48	0.5625E-19
34.69	0.5407E-19
35.31	0.5295E-19
35.94	0.5181E-19
36.58	0.5065E-19
37.24	0.4947E-19
37.91	0.4827E-19
38.58	0.4705E-19
39.27	0.4581E-19
39.97	0.4455E-19
41.41	0.4316E-19
42.90	0.4174E-19
44.45	0.4028E-19
46.04	0.3876E-19
46.86	0.3798E-19
47.70	0.3719E-19
48.55	0.3638E-19
49.41	0.3556E-19
50.29	0.3480E-19
52.09	0.3354E-19
53.95	0.3223E-19
54.91	0.3156E-19
55.88	0.3088E-19
56.88	0.3019E-19
57.88	0.2948E-19
58.91	0.2876E-19
59.95	0.2803E-19
61.02	0.2744E-19
62.10	0.2685E-19
63.20	0.2624E-19
64.31	0.2563E-19
65.45	0.2500E-19
66.61	0.2437E-19
67.79	0.2372E-19
68.98	0.2306E-19
70.20	0.2245E-19
72.71	0.2182E-19
75.30	0.2118E-19
77.98	0.2051E-19
80.75	0.1977E-19
82.18	0.1935E-19
83.62	0.1891E-19
85.10	0.1847E-19
86.60	0.1802E-19
88.12	0.1756E-19
89.68	0.1710E-19
91.26	0.1675E-19
94.50	0.1610E-19
96.16	0.1577E-19
97.86	0.1543E-19
99.58	0.1509E-19
103.1	0.1465E-19
106.8	0.1424E-19
110.6	0.1382E-19
114.5	0.1338E-19
118.5	0.1292E-19
122.7	0.1245E-19
127.1	0.1202E-19
131.6	0.1162E-19
136.2	0.1121E-19
141.1	0.1079E-19
143.5	0.1057E-19
146.1	0.1035E-19
148.6	0.1012E-19
153.9	0.9829E-20
159.3	0.9590E-20
165.0	0.9342E-20
170.8	0.9085E-20
176.8	0.8820E-20
183.1	0.8545E-20
189.6	0.8260E-20
196.2	0.7965E-20
203.2	0.7711E-20
210.3	0.7510E-20
217.8	0.7302E-20
225.5	0.7087E-20
233.4	0.6864E-20
241.7	0.6633E-20
254.6	0.6318E-20
268.1	0.6073E-20
282.5	0.5816E-20
297.5	0.5544E-20
313.4	0.5312E-20
330.1	0.5078E-20
347.7	0.4832E-20
366.3	0.4637E-20
385.8	0.4442E-20
406.4	0.4252E-20
435.5	0.4034E-20
458.7	0.3860E-20
483.2	0.3676E-20
508.9	0.3501E-20
536.0	0.3352E-20
564.6	0.3195E-20
594.7	0.3029E-20
626.3	0.2895E-20
659.7	0.2761E-20
694.8	0.2621E-20
731.8	0.2473E-20
757.6	0.2370E-20
784.2	0.2263E-20
811.8	0.2165E-20
840.4	0.2079E-20
870.0	0.1990E-20
900.6	0.1898E-20
932.2	0.1803E-20
965.0	0.1705E-20
--------------------------------
Extra points added by BOLSIG+:
1255.	0.1361E-20
1631.	0.1086E-20
2120.	0.8648E-21
2756.	0.6881E-21
3583.	0.5468E-21
4658.	0.4341E-21
6056.	0.3443E-21
7872.	0.2728E-21
0.1023E+05	0.2160E-21
 
 
C2 Input cross section
EXCITATION
Ar                                                              
   11.55       1.000    
--------------------------------
11.55	0.000
11.55	0.1346E-23
11.56	0.2345E-22
11.58	0.4731E-22
11.60	0.7203E-22
11.62	0.1038E-21
11.64	0.1220E-21
11.66	0.1040E-21
11.68	0.9564E-22
11.70	0.8925E-22
11.72	0.8638E-22
11.74	0.8435E-22
11.76	0.8401E-22
11.78	0.8696E-22
11.80	0.8996E-22
11.82	0.1214E-21
11.84	0.2154E-21
11.87	0.1480E-21
11.89	0.1089E-21
11.91	0.1019E-21
11.94	0.1000E-21
11.96	0.1038E-21
11.98	0.1077E-21
12.01	0.1121E-21
12.04	0.1175E-21
12.06	0.1229E-21
12.09	0.1285E-21
12.12	0.1359E-21
12.14	0.1449E-21
12.17	0.1540E-21
12.20	0.1634E-21
12.23	0.1750E-21
12.26	0.1870E-21
12.29	0.1992E-21
12.32	0.2118E-21
12.35	0.2247E-21
12.38	0.2379E-21
12.41	0.2509E-21
12.44	0.2636E-21
12.48	0.2765E-21
12.51	0.2891E-21
12.54	0.3007E-21
12.58	0.3125E-21
12.61	0.3227E-21
12.65	0.3299E-21
12.69	0.3372E-21
12.72	0.3400E-21
12.76	0.3400E-21
12.80	0.3400E-21
12.84	0.3289E-21
12.88	0.2993E-21
12.92	0.2943E-21
12.96	0.2270E-21
13.00	0.2416E-21
13.04	0.4903E-21
13.09	0.3365E-21
13.13	0.1968E-21
13.18	0.1948E-21
13.22	0.1626E-21
13.27	0.1797E-21
13.32	0.1844E-21
13.37	0.1989E-21
13.41	0.2118E-21
13.46	0.2442E-21
13.52	0.2393E-21
13.57	0.2496E-21
13.62	0.2609E-21
13.67	0.2738E-21
13.73	0.2886E-21
13.78	0.3052E-21
13.84	0.3251E-21
13.90	0.3466E-21
13.96	0.3685E-21
14.02	0.3867E-21
14.08	0.3933E-21
14.14	0.4001E-21
14.20	0.4070E-21
14.26	0.4140E-21
14.33	0.4211E-21
14.39	0.4283E-21
14.46	0.4357E-21
14.53	0.4431E-21
14.60	0.4506E-21
14.67	0.4583E-21
14.74	0.4660E-21
14.81	0.4739E-21
14.89	0.4819E-21
14.96	0.4901E-21
15.04	0.4966E-21
15.12	0.5016E-21
15.20	0.5067E-21
15.28	0.5119E-21
15.36	0.5172E-21
15.45	0.5225E-21
15.53	0.5280E-21
15.62	0.5336E-21
15.71	0.5392E-21
15.80	0.5449E-21
15.89	0.5508E-21
15.98	0.5567E-21
16.07	0.5624E-21
16.17	0.5679E-21
16.27	0.5736E-21
16.37	0.5794E-21
16.47	0.5853E-21
16.57	0.5913E-21
16.68	0.5974E-21
16.79	0.6036E-21
16.89	0.6099E-21
17.00	0.6161E-21
17.12	0.6193E-21
17.23	0.6225E-21
17.35	0.6257E-21
17.47	0.6291E-21
17.59	0.6324E-21
17.71	0.6359E-21
17.83	0.6394E-21
17.96	0.6429E-21
18.09	0.6429E-21
18.22	0.6413E-21
18.36	0.6397E-21
18.49	0.6381E-21
18.63	0.6364E-21
18.77	0.6348E-21
18.91	0.6330E-21
19.06	0.6313E-21
19.21	0.6295E-21
19.36	0.6277E-21
19.51	0.6259E-21
19.67	0.6240E-21
19.83	0.6221E-21
19.99	0.6201E-21
20.15	0.6100E-21
20.32	0.5992E-21
20.49	0.5881E-21
20.66	0.5769E-21
20.84	0.5654E-21
21.02	0.5537E-21
21.20	0.5419E-21
21.39	0.5298E-21
21.58	0.5176E-21
21.77	0.5051E-21
21.96	0.4924E-21
22.16	0.4811E-21
22.36	0.4699E-21
22.57	0.4586E-21
22.78	0.4471E-21
22.99	0.4354E-21
23.21	0.4234E-21
23.43	0.4113E-21
23.66	0.3990E-21
23.88	0.3864E-21
24.12	0.3765E-21
24.59	0.3622E-21
24.84	0.3549E-21
25.09	0.3474E-21
25.34	0.3398E-21
25.60	0.3321E-21
25.86	0.3242E-21
26.13	0.3156E-21
26.40	0.3061E-21
26.67	0.2964E-21
26.95	0.2866E-21
27.24	0.2766E-21
27.53	0.2664E-21
27.83	0.2561E-21
28.13	0.2468E-21
28.43	0.2392E-21
28.75	0.2314E-21
29.06	0.2234E-21
29.38	0.2154E-21
29.71	0.2072E-21
30.05	0.1992E-21
30.39	0.1934E-21
30.73	0.1876E-21
31.08	0.1816E-21
31.44	0.1755E-21
31.80	0.1693E-21
32.17	0.1630E-21
32.55	0.1566E-21
32.94	0.1501E-21
33.33	0.1435E-21
33.72	0.1367E-21
34.13	0.1299E-21
34.54	0.1229E-21
34.95	0.1158E-21
35.38	0.1123E-21
35.81	0.1093E-21
36.25	0.1062E-21
36.70	0.1031E-21
37.16	0.9991E-22
37.62	0.9667E-22
38.09	0.9337E-22
38.57	0.9001E-22
39.06	0.8659E-22
39.55	0.8312E-22
40.06	0.7966E-22
40.57	0.7679E-22
41.10	0.7386E-22
41.63	0.7088E-22
42.17	0.6784E-22
42.72	0.6476E-22
43.28	0.6162E-22
43.85	0.5843E-22
44.43	0.5518E-22
45.02	0.5193E-22
45.62	0.5013E-22
46.23	0.4830E-22
46.86	0.4643E-22
47.49	0.4453E-22
48.13	0.4261E-22
48.79	0.4064E-22
49.45	0.3864E-22
50.13	0.3683E-22
50.82	0.3593E-22
51.52	0.3502E-22
52.23	0.3409E-22
52.96	0.3315E-22
53.70	0.3219E-22
54.45	0.3121E-22
55.22	0.3022E-22
55.99	0.2921E-22
56.79	0.2818E-22
57.59	0.2713E-22
58.41	0.2607E-22
59.24	0.2498E-22
60.09	0.2390E-22
60.96	0.2300E-22
61.83	0.2207E-22
62.73	0.2114E-22
63.64	0.2018E-22
64.56	0.1921E-22
65.50	0.1822E-22
66.46	0.1722E-22
67.43	0.1619E-22
68.42	0.1515E-22
69.43	0.1410E-22
70.46	0.1328E-22
71.50	0.1279E-22
72.56	0.1230E-22
73.64	0.1179E-22
74.74	0.1127E-22
75.86	0.1075E-22
77.00	0.1021E-22
78.16	0.9666E-23
79.33	0.9113E-23
80.53	0.8651E-23
81.75	0.8310E-23
82.99	0.7962E-23
84.25	0.7609E-23
85.54	0.7250E-23
86.84	0.6884E-23
88.17	0.6512E-23
89.53	0.6133E-23
90.90	0.5838E-23
92.30	0.5586E-23
93.72	0.5330E-23
95.17	0.5069E-23
96.65	0.4804E-23
98.15	0.4533E-23
99.67	0.4259E-23
101.2	0.4049E-23
102.8	0.3866E-23
104.4	0.3690E-23
106.0	0.3522E-23
107.7	0.3361E-23
109.4	0.3207E-23
111.1	0.3061E-23
112.9	0.2920E-23
114.7	0.2786E-23
116.5	0.2658E-23
118.3	0.2536E-23
120.2	0.2419E-23
122.1	0.2307E-23
124.0	0.2200E-23
126.0	0.2098E-23
128.0	0.2001E-23
130.1	0.1908E-23
132.2	0.1819E-23
134.3	0.1734E-23
136.4	0.1654E-23
138.6	0.1576E-23
140.9	0.1503E-23
143.1	0.1432E-23
145.4	0.1365E-23
147.8	0.1301E-23
150.2	0.1240E-23
152.6	0.1182E-23
155.1	0.1126E-23
157.6	0.1073E-23
160.2	0.1022E-23
162.8	0.9738E-24
165.4	0.9277E-24
168.1	0.8838E-24
170.9	0.8419E-24
173.7	0.8019E-24
176.5	0.7638E-24
179.4	0.7274E-24
182.3	0.6928E-24
185.3	0.6598E-24
188.4	0.6283E-24
191.5	0.5983E-24
194.6	0.5697E-24
197.8	0.5424E-24
201.1	0.5165E-24
204.4	0.4917E-24
207.8	0.4681E-24
211.2	0.4457E-24
214.7	0.4243E-24
218.3	0.4039E-24
221.9	0.3844E-24
225.6	0.3659E-24
229.3	0.3483E-24
233.1	0.3315E-24
237.0	0.3154E-24
241.0	0.3002E-24
245.0	0.2857E-24
249.1	0.2719E-24
253.2	0.2587E-24
257.4	0.2462E-24
261.7	0.2342E-24
266.1	0.2229E-24
270.6	0.2120E-24
275.1	0.2018E-24
279.7	0.1919E-24
284.4	0.1826E-24
289.2	0.1737E-24
294.0	0.1652E-24
298.9	0.1572E-24
304.0	0.1495E-24
309.1	0.1422E-24
314.3	0.1353E-24
319.6	0.1287E-24
325.0	0.1224E-24
330.4	0.1164E-24
336.0	0.1107E-24
341.7	0.1053E-24
347.4	0.1001E-24
353.3	0.9523E-25
359.3	0.9056E-25
365.4	0.8612E-25
371.5	0.8189E-25
377.8	0.7787E-25
384.2	0.7404E-25
390.7	0.7040E-25
397.4	0.6694E-25
404.1	0.6365E-25
410.9	0.6052E-25
417.9	0.5754E-25
425.0	0.5470E-25
432.2	0.5201E-25
439.6	0.4944E-25
447.1	0.4701E-25
454.7	0.4469E-25
462.4	0.4248E-25
470.3	0.4038E-25
478.3	0.3839E-25
486.4	0.3649E-25
494.7	0.3469E-25
503.1	0.3297E-25
511.7	0.3134E-25
520.5	0.2979E-25
529.4	0.2832E-25
538.4	0.2691E-25
547.6	0.2558E-25
556.9	0.2431E-25
566.5	0.2311E-25
576.1	0.2196E-25
586.0	0.2087E-25
596.0	0.1984E-25
606.2	0.1885E-25
616.6	0.1792E-25
627.1	0.1703E-25
637.9	0.1618E-25
648.8	0.1538E-25
659.9	0.1461E-25
671.2	0.1389E-25
682.8	0.1320E-25
694.5	0.1254E-25
706.4	0.1192E-25
718.5	0.1132E-25
730.8	0.1076E-25
743.4	0.1022E-25
756.1	0.9715E-26
769.1	0.9231E-26
782.3	0.8771E-26
795.8	0.8334E-26
809.5	0.7919E-26
823.4	0.7524E-26
837.5	0.7149E-26
851.9	0.6792E-26
866.6	0.6453E-26
881.5	0.6131E-26
896.7	0.5825E-26
912.1	0.5535E-26
927.8	0.5258E-26
943.8	0.4996E-26
960.1	0.4746E-26
976.6	0.4509E-26
993.4	0.4284E-26
--------------------------------
Extra points added by BOLSIG+:
1291.	0.3443E-26
1679.	0.2763E-26
2183.	0.2213E-26
2837.	0.1769E-26
3689.	0.1413E-26
4795.	0.1127E-26
6234.	0.8974E-27
8104.	0.7139E-27
0.1053E+05	0.5673E-27
 
 
C3 Input cross section
EXCITATION
Ar                                                              
   11.62       1.000    
--------------------------------
11.62	0.000
11.62	0.3462E-23
11.64	0.6030E-22
11.66	0.1430E-21
11.68	0.1570E-21
11.70	0.1511E-21
11.71	0.1345E-21
11.73	0.1165E-21
11.75	0.1061E-21
11.77	0.1149E-21
11.79	0.1226E-21
11.81	0.1280E-21
11.83	0.1379E-21
11.85	0.1173E-21
11.88	0.8487E-22
11.90	0.7505E-22
11.92	0.7495E-22
11.94	0.7581E-22
11.96	0.7692E-22
11.99	0.7818E-22
12.01	0.8058E-22
12.04	0.8406E-22
12.06	0.8734E-22
12.09	0.9034E-22
12.11	0.9433E-22
12.14	0.9951E-22
12.16	0.1048E-21
12.19	0.1101E-21
12.22	0.1198E-21
12.25	0.1317E-21
12.27	0.1439E-21
12.30	0.1552E-21
12.33	0.1579E-21
12.36	0.1606E-21
12.39	0.1633E-21
12.42	0.1702E-21
12.45	0.1786E-21
12.49	0.1872E-21
12.52	0.1956E-21
12.55	0.2039E-21
12.59	0.2123E-21
12.62	0.2191E-21
12.65	0.2246E-21
12.69	0.2303E-21
12.72	0.2335E-21
12.76	0.2357E-21
12.80	0.2380E-21
12.84	0.2350E-21
12.88	0.2227E-21
12.91	0.2219E-21
12.96	0.1919E-21
12.99	0.1921E-21
13.04	0.2681E-21
13.08	0.2769E-21
13.12	0.1926E-21
13.16	0.2015E-21
13.21	0.2341E-21
13.25	0.2005E-21
13.30	0.1890E-21
13.35	0.1825E-21
13.39	0.1864E-21
13.44	0.1929E-21
13.49	0.2072E-21
13.54	0.2145E-21
13.59	0.2219E-21
13.64	0.2305E-21
13.70	0.2394E-21
13.75	0.2475E-21
13.80	0.2558E-21
13.86	0.2655E-21
13.92	0.2753E-21
13.97	0.2854E-21
14.03	0.2968E-21
14.09	0.3094E-21
14.15	0.3222E-21
14.21	0.3352E-21
14.28	0.3485E-21
14.34	0.3619E-21
14.40	0.3757E-21
14.47	0.3896E-21
14.54	0.4038E-21
14.61	0.4183E-21
14.67	0.4330E-21
14.74	0.4479E-21
14.82	0.4631E-21
14.89	0.4786E-21
14.96	0.4944E-21
15.04	0.5068E-21
15.12	0.5161E-21
15.20	0.5256E-21
15.28	0.5352E-21
15.36	0.5450E-21
15.44	0.5550E-21
15.52	0.5651E-21
15.61	0.5755E-21
15.69	0.5860E-21
15.78	0.5966E-21
15.87	0.6075E-21
15.96	0.6186E-21
16.06	0.6266E-21
16.15	0.6325E-21
16.25	0.6386E-21
16.34	0.6448E-21
16.45	0.6510E-21
16.55	0.6574E-21
16.65	0.6639E-21
16.75	0.6705E-21
16.86	0.6773E-21
16.97	0.6841E-21
17.08	0.6906E-21
17.19	0.6970E-21
17.31	0.7035E-21
17.42	0.7102E-21
17.54	0.7169E-21
17.66	0.7238E-21
17.79	0.7308E-21
17.91	0.7379E-21
18.04	0.7451E-21
18.17	0.7525E-21
18.30	0.7600E-21
18.43	0.7676E-21
18.57	0.7753E-21
18.71	0.7832E-21
18.85	0.7912E-21
18.99	0.7994E-21
19.14	0.8007E-21
19.28	0.8014E-21
19.43	0.8022E-21
19.59	0.8029E-21
19.74	0.8037E-21
19.90	0.8045E-21
20.07	0.8050E-21
20.23	0.8050E-21
20.40	0.8050E-21
20.57	0.8050E-21
20.74	0.8050E-21
20.92	0.8050E-21
21.09	0.8050E-21
21.28	0.8050E-21
21.46	0.8050E-21
21.65	0.8050E-21
21.84	0.8050E-21
22.04	0.8050E-21
22.24	0.8050E-21
22.44	0.8050E-21
22.65	0.8050E-21
22.86	0.8050E-21
23.07	0.8050E-21
28.82	0.7879E-21
31.88	0.7706E-21
35.03	0.7549E-21
38.17	0.7392E-21
41.17	0.7241E-21
44.51	0.7075E-21
47.56	0.6922E-21
50.90	0.6755E-21
53.78	0.6611E-21
56.86	0.6457E-21
60.17	0.6294E-21
63.71	0.6170E-21
67.51	0.6037E-21
71.58	0.5895E-21
75.94	0.5742E-21
79.41	0.5621E-21
83.07	0.5508E-21
86.92	0.5392E-21
90.98	0.5271E-21
95.25	0.5143E-21
99.75	0.5008E-21
106.1	0.4893E-21
113.0	0.4773E-21
118.4	0.4678E-21
124.1	0.4578E-21
130.2	0.4472E-21
136.5	0.4361E-21
143.2	0.4262E-21
152.7	0.4152E-21
160.2	0.4064E-21
168.2	0.3971E-21
176.6	0.3873E-21
185.4	0.3770E-21
194.7	0.3662E-21
204.5	0.3573E-21
218.3	0.3490E-21
233.2	0.3401E-21
245.1	0.3330E-21
257.5	0.3255E-21
270.6	0.3176E-21
284.5	0.3093E-21
299.0	0.3006E-21
314.4	0.2928E-21
330.5	0.2847E-21
341.8	0.2791E-21
353.4	0.2733E-21
365.4	0.2673E-21
377.9	0.2611E-21
390.8	0.2546E-21
404.2	0.2485E-21
425.1	0.2412E-21
439.7	0.2361E-21
454.7	0.2308E-21
470.4	0.2254E-21
486.5	0.2197E-21
520.5	0.2099E-21
557.0	0.2008E-21
596.1	0.1910E-21
638.0	0.1834E-21
682.8	0.1755E-21
730.9	0.1671E-21
769.2	0.1604E-21
809.5	0.1539E-21
866.7	0.1473E-21
927.9	0.1403E-21
976.7	0.1347E-21
--------------------------------
Extra points added by BOLSIG+:
1270.	0.1083E-21
1651.	0.8688E-22
2146.	0.6960E-22
2789.	0.5566E-22
3626.	0.4445E-22
4714.	0.3545E-22
6128.	0.2824E-22
7967.	0.2247E-22
0.1036E+05	0.1786E-22
 
 
C4 Input cross section
EXCITATION
Ar                                                              
   11.72       1.000    
--------------------------------
11.72	0.000
11.72	0.6518E-24
11.74	0.1136E-22
11.76	0.3421E-22
11.78	0.4366E-22
11.79	0.4410E-22
11.81	0.3641E-22
11.83	0.2691E-22
11.85	0.2300E-22
11.87	0.2149E-22
11.89	0.1879E-22
11.91	0.1712E-22
11.93	0.1625E-22
11.95	0.1550E-22
11.97	0.1550E-22
12.00	0.1550E-22
12.02	0.1580E-22
12.04	0.1616E-22
12.06	0.1653E-22
12.09	0.1690E-22
12.11	0.1755E-22
12.14	0.1852E-22
12.16	0.1951E-22
12.19	0.2051E-22
12.21	0.2161E-22
12.24	0.2286E-22
12.26	0.2412E-22
12.29	0.2541E-22
12.32	0.2689E-22
12.35	0.2850E-22
12.37	0.3014E-22
12.40	0.3183E-22
12.43	0.3393E-22
12.46	0.3608E-22
12.49	0.3826E-22
12.52	0.4032E-22
12.55	0.4236E-22
12.59	0.4443E-22
12.62	0.4636E-22
12.65	0.4818E-22
12.68	0.5003E-22
12.72	0.5150E-22
12.75	0.5265E-22
12.79	0.5382E-22
12.82	0.5386E-22
12.86	0.5227E-22
12.90	0.4810E-22
12.94	0.5018E-22
12.97	0.4436E-22
13.01	0.4683E-22
13.05	0.8376E-22
13.09	0.7530E-22
13.14	0.5840E-22
13.18	0.5350E-22
13.22	0.1000E-21
13.26	0.6474E-22
13.31	0.4239E-22
13.35	0.2365E-22
13.40	0.2429E-22
13.45	0.2512E-22
13.49	0.3574E-22
13.54	0.3789E-22
13.59	0.4008E-22
13.64	0.4248E-22
13.69	0.4497E-22
13.74	0.4677E-22
13.80	0.4846E-22
13.85	0.5042E-22
13.90	0.5243E-22
13.96	0.5448E-22
14.02	0.5674E-22
14.07	0.5949E-22
14.13	0.6229E-22
14.19	0.6514E-22
14.25	0.6804E-22
14.31	0.7099E-22
14.38	0.7399E-22
14.44	0.7704E-22
14.50	0.8012E-22
14.57	0.8262E-22
14.64	0.8516E-22
14.70	0.8776E-22
14.77	0.9039E-22
14.84	0.9307E-22
14.92	0.9580E-22
14.99	0.9857E-22
15.06	0.9982E-22
15.14	0.1008E-21
15.22	0.1018E-21
15.29	0.1028E-21
15.37	0.1039E-21
15.46	0.1049E-21
15.54	0.1060E-21
15.62	0.1071E-21
15.71	0.1082E-21
15.79	0.1093E-21
15.88	0.1105E-21
15.97	0.1116E-21
16.06	0.1127E-21
16.16	0.1137E-21
16.25	0.1147E-21
16.35	0.1158E-21
16.44	0.1169E-21
16.54	0.1180E-21
16.64	0.1191E-21
16.75	0.1202E-21
16.85	0.1214E-21
16.96	0.1226E-21
17.07	0.1234E-21
17.18	0.1241E-21
17.29	0.1247E-21
17.41	0.1254E-21
17.52	0.1261E-21
17.64	0.1269E-21
17.76	0.1276E-21
17.88	0.1283E-21
18.01	0.1290E-21
18.14	0.1287E-21
18.27	0.1283E-21
18.40	0.1280E-21
18.53	0.1277E-21
18.67	0.1273E-21
18.80	0.1270E-21
18.95	0.1266E-21
19.09	0.1263E-21
19.23	0.1259E-21
19.38	0.1255E-21
19.53	0.1252E-21
19.69	0.1248E-21
19.84	0.1244E-21
20.00	0.1240E-21
20.16	0.1219E-21
20.33	0.1197E-21
20.50	0.1176E-21
20.67	0.1153E-21
20.84	0.1131E-21
21.02	0.1108E-21
21.19	0.1085E-21
21.38	0.1061E-21
21.56	0.1037E-21
21.75	0.1012E-21
21.94	0.9874E-22
22.14	0.9648E-22
22.34	0.9429E-22
22.54	0.9206E-22
22.75	0.8980E-22
22.95	0.8749E-22
23.17	0.8515E-22
23.39	0.8277E-22
23.61	0.8034E-22
23.83	0.7787E-22
24.06	0.7565E-22
24.53	0.7284E-22
24.77	0.7140E-22
25.01	0.6993E-22
25.26	0.6844E-22
25.51	0.6691E-22
25.77	0.6537E-22
26.03	0.6376E-22
26.30	0.6190E-22
26.57	0.6000E-22
26.85	0.5806E-22
27.13	0.5610E-22
27.41	0.5410E-22
27.70	0.5206E-22
28.00	0.4999E-22
28.30	0.4849E-22
28.61	0.4696E-22
28.92	0.4540E-22
29.24	0.4381E-22
29.56	0.4220E-22
29.89	0.4056E-22
30.22	0.3925E-22
30.56	0.3809E-22
30.91	0.3692E-22
31.26	0.3572E-22
31.62	0.3451E-22
31.98	0.3327E-22
32.35	0.3201E-22
32.73	0.3073E-22
33.11	0.2942E-22
33.50	0.2810E-22
33.90	0.2675E-22
34.30	0.2538E-22
34.71	0.2398E-22
35.13	0.2282E-22
35.55	0.2222E-22
35.99	0.2162E-22
36.43	0.2100E-22
36.88	0.2037E-22
37.33	0.1974E-22
37.79	0.1909E-22
38.27	0.1843E-22
38.74	0.1776E-22
39.23	0.1707E-22
39.73	0.1638E-22
40.23	0.1574E-22
40.75	0.1516E-22
41.27	0.1457E-22
41.80	0.1398E-22
42.35	0.1337E-22
42.90	0.1276E-22
43.46	0.1213E-22
44.03	0.1149E-22
44.61	0.1084E-22
45.20	0.1028E-22
45.80	0.9921E-23
46.41	0.9554E-23
47.03	0.9181E-23
47.66	0.8802E-23
48.31	0.8416E-23
48.96	0.8023E-23
49.63	0.7624E-23
50.30	0.7321E-23
50.99	0.7141E-23
51.70	0.6959E-23
52.41	0.6773E-23
53.14	0.6585E-23
53.88	0.6393E-23
54.63	0.6197E-23
55.39	0.5998E-23
56.17	0.5796E-23
56.96	0.5590E-23
57.77	0.5381E-23
58.59	0.5168E-23
59.42	0.4951E-23
60.27	0.4744E-23
61.13	0.4563E-23
62.01	0.4378E-23
62.90	0.4191E-23
63.81	0.4000E-23
64.74	0.3805E-23
65.68	0.3608E-23
66.63	0.3407E-23
67.61	0.3202E-23
68.60	0.2994E-23
69.61	0.2782E-23
70.63	0.2640E-23
71.68	0.2542E-23
72.74	0.2443E-23
73.82	0.2341E-23
74.92	0.2238E-23
76.04	0.2133E-23
77.17	0.2026E-23
78.33	0.1917E-23
79.51	0.1806E-23
80.71	0.1720E-23
81.93	0.1652E-23
83.17	0.1583E-23
84.43	0.1512E-23
85.71	0.1440E-23
87.02	0.1367E-23
88.35	0.1292E-23
89.70	0.1217E-23
91.08	0.1161E-23
92.47	0.1111E-23
93.90	0.1060E-23
95.35	0.1007E-23
96.82	0.9544E-24
98.32	0.9004E-24
99.85	0.8455E-24
101.4	0.8057E-24
103.0	0.7692E-24
104.6	0.7342E-24
106.2	0.7009E-24
107.9	0.6689E-24
109.6	0.6384E-24
111.3	0.6092E-24
113.0	0.5813E-24
114.8	0.5547E-24
116.7	0.5292E-24
118.5	0.5049E-24
120.4	0.4816E-24
122.3	0.4594E-24
124.2	0.4382E-24
126.2	0.4179E-24
128.2	0.3986E-24
130.3	0.3801E-24
132.3	0.3624E-24
134.5	0.3455E-24
136.6	0.3294E-24
138.8	0.3141E-24
141.0	0.2994E-24
143.3	0.2854E-24
145.6	0.2720E-24
148.0	0.2593E-24
150.4	0.2471E-24
152.8	0.2355E-24
155.3	0.2244E-24
157.8	0.2138E-24
160.3	0.2037E-24
162.9	0.1941E-24
165.6	0.1850E-24
168.3	0.1762E-24
171.1	0.1679E-24
173.8	0.1599E-24
176.7	0.1523E-24
179.6	0.1451E-24
182.5	0.1382E-24
185.5	0.1316E-24
188.6	0.1253E-24
191.7	0.1193E-24
194.8	0.1136E-24
198.0	0.1082E-24
201.3	0.1030E-24
204.6	0.9809E-25
208.0	0.9339E-25
211.4	0.8891E-25
214.9	0.8464E-25
218.4	0.8058E-25
222.1	0.7670E-25
225.8	0.7301E-25
229.5	0.6949E-25
233.3	0.6614E-25
237.2	0.6295E-25
241.1	0.5991E-25
245.2	0.5702E-25
249.2	0.5426E-25
253.4	0.5164E-25
257.6	0.4913E-25
261.9	0.4675E-25
266.3	0.4449E-25
270.7	0.4233E-25
275.3	0.4027E-25
279.9	0.3832E-25
284.6	0.3645E-25
289.3	0.3468E-25
294.2	0.3299E-25
299.1	0.3139E-25
304.1	0.2985E-25
309.3	0.2840E-25
314.5	0.2701E-25
319.8	0.2569E-25
325.1	0.2444E-25
330.6	0.2325E-25
336.2	0.2211E-25
341.9	0.2103E-25
347.6	0.2000E-25
353.5	0.1902E-25
359.5	0.1808E-25
365.5	0.1720E-25
371.7	0.1635E-25
378.0	0.1555E-25
384.4	0.1479E-25
390.9	0.1406E-25
397.5	0.1337E-25
404.3	0.1271E-25
411.1	0.1209E-25
418.1	0.1149E-25
425.2	0.1093E-25
432.4	0.1039E-25
439.8	0.9877E-26
447.2	0.9390E-26
454.8	0.8927E-26
462.6	0.8486E-26
470.4	0.8067E-26
478.5	0.7669E-26
486.6	0.7290E-26
494.9	0.6930E-26
503.3	0.6588E-26
511.9	0.6262E-26
520.6	0.5952E-26
529.5	0.5658E-26
538.6	0.5378E-26
547.8	0.5111E-26
557.1	0.4858E-26
566.6	0.4617E-26
576.3	0.4388E-26
586.2	0.4171E-26
596.2	0.3964E-26
606.4	0.3767E-26
616.8	0.3580E-26
627.3	0.3403E-26
638.1	0.3234E-26
649.0	0.3073E-26
660.1	0.2920E-26
671.4	0.2775E-26
682.9	0.2637E-26
694.6	0.2506E-26
706.5	0.2382E-26
718.7	0.2263E-26
731.0	0.2150E-26
743.5	0.2043E-26
756.3	0.1942E-26
769.3	0.1845E-26
782.5	0.1753E-26
796.0	0.1666E-26
809.6	0.1583E-26
823.5	0.1504E-26
837.7	0.1429E-26
852.1	0.1358E-26
866.8	0.1290E-26
881.7	0.1226E-26
896.9	0.1164E-26
912.3	0.1106E-26
928.0	0.1051E-26
944.0	0.9986E-27
960.2	0.9487E-27
976.8	0.9014E-27
993.6	0.8563E-27
--------------------------------
Extra points added by BOLSIG+:
1292.	0.6884E-27
1679.	0.5523E-27
2183.	0.4424E-27
2838.	0.3538E-27
3689.	0.2826E-27
4796.	0.2253E-27
6235.	0.1795E-27
8105.	0.1428E-27
0.1054E+05	0.1135E-27
 
 
C5 Input cross section
EXCITATION
Ar                                                              
   11.83       1.000    
--------------------------------
11.83	0.000
11.83	0.7045E-23
11.85	0.1227E-21
11.86	0.1912E-21
11.88	0.1749E-21
11.90	0.1584E-21
11.92	0.1453E-21
11.94	0.1339E-21
11.96	0.1255E-21
11.98	0.1220E-21
12.00	0.1195E-21
12.02	0.1190E-21
12.04	0.1190E-21
12.06	0.1193E-21
12.08	0.1202E-21
12.10	0.1211E-21
12.12	0.1231E-21
12.15	0.1252E-21
12.17	0.1272E-21
12.19	0.1293E-21
12.22	0.1323E-21
12.24	0.1357E-21
12.27	0.1391E-21
12.29	0.1426E-21
12.32	0.1471E-21
12.34	0.1523E-21
12.37	0.1576E-21
12.39	0.1629E-21
12.42	0.1699E-21
12.45	0.1774E-21
12.48	0.1851E-21
12.51	0.1933E-21
12.54	0.2033E-21
12.57	0.2134E-21
12.60	0.2237E-21
12.63	0.2323E-21
12.66	0.2407E-21
12.69	0.2493E-21
12.72	0.2572E-21
12.76	0.2648E-21
12.79	0.2725E-21
12.82	0.2787E-21
12.86	0.2835E-21
12.89	0.2856E-21
12.93	0.3054E-21
12.97	0.2944E-21
13.00	0.2954E-21
13.04	0.3660E-21
13.08	0.3743E-21
13.12	0.3214E-21
13.16	0.3007E-21
13.20	0.3587E-21
13.24	0.3646E-21
13.28	0.3107E-21
13.32	0.2877E-21
13.37	0.2808E-21
13.41	0.3018E-21
13.46	0.3381E-21
13.50	0.3346E-21
13.55	0.3523E-21
13.60	0.3703E-21
13.65	0.3817E-21
13.70	0.3930E-21
13.74	0.4058E-21
13.80	0.4190E-21
13.85	0.4344E-21
13.90	0.4502E-21
13.95	0.4662E-21
14.01	0.4821E-21
14.06	0.4953E-21
14.12	0.5089E-21
14.18	0.5226E-21
14.24	0.5366E-21
14.29	0.5509E-21
14.36	0.5654E-21
14.42	0.5801E-21
14.48	0.5951E-21
14.54	0.6104E-21
14.61	0.6259E-21
14.67	0.6417E-21
14.74	0.6578E-21
14.81	0.6742E-21
14.88	0.6908E-21
14.95	0.7078E-21
15.02	0.7246E-21
15.09	0.7409E-21
15.17	0.7575E-21
15.24	0.7744E-21
15.32	0.7915E-21
15.40	0.8090E-21
15.48	0.8267E-21
15.56	0.8448E-21
15.64	0.8632E-21
15.73	0.8818E-21
15.81	0.9009E-21
15.90	0.9202E-21
15.99	0.9399E-21
16.08	0.9603E-21
16.17	0.9810E-21
16.26	0.1002E-20
16.36	0.1024E-20
16.45	0.1045E-20
16.55	0.1068E-20
16.65	0.1090E-20
16.75	0.1113E-20
16.85	0.1137E-20
16.96	0.1161E-20
17.07	0.1185E-20
17.17	0.1210E-20
17.29	0.1235E-20
17.40	0.1261E-20
17.51	0.1288E-20
17.63	0.1314E-20
17.75	0.1342E-20
17.87	0.1369E-20
17.99	0.1398E-20
18.11	0.1423E-20
18.24	0.1448E-20
18.37	0.1474E-20
18.50	0.1500E-20
18.64	0.1527E-20
18.77	0.1554E-20
18.91	0.1582E-20
19.05	0.1606E-20
19.19	0.1623E-20
19.34	0.1641E-20
19.49	0.1659E-20
19.64	0.1677E-20
19.79	0.1695E-20
19.95	0.1714E-20
20.11	0.1729E-20
20.27	0.1742E-20
20.43	0.1755E-20
20.60	0.1768E-20
20.77	0.1782E-20
20.94	0.1796E-20
21.12	0.1810E-20
21.30	0.1824E-20
21.48	0.1839E-20
21.67	0.1853E-20
21.86	0.1869E-20
22.05	0.1882E-20
22.24	0.1892E-20
22.44	0.1902E-20
22.64	0.1912E-20
22.85	0.1923E-20
23.06	0.1933E-20
23.27	0.1944E-20
23.49	0.1954E-20
24.40	0.1996E-20
25.62	0.2045E-20
26.95	0.2093E-20
28.41	0.2144E-20
29.66	0.2188E-20
31.36	0.2244E-20
32.83	0.2291E-20
34.41	0.2341E-20
36.53	0.2394E-20
38.85	0.2445E-20
43.56	0.2499E-20
72.84	0.2446E-20
80.81	0.2393E-20
87.12	0.2339E-20
92.58	0.2293E-20
98.43	0.2243E-20
104.7	0.2192E-20
111.4	0.2139E-20
116.8	0.2096E-20
122.4	0.2053E-20
128.3	0.2012E-20
134.6	0.1968E-20
141.1	0.1923E-20
148.1	0.1882E-20
155.4	0.1838E-20
163.1	0.1792E-20
171.2	0.1744E-20
179.7	0.1702E-20
188.7	0.1657E-20
198.1	0.1609E-20
208.1	0.1568E-20
218.6	0.1526E-20
229.6	0.1482E-20
237.3	0.1451E-20
245.2	0.1419E-20
253.5	0.1389E-20
266.4	0.1351E-20
275.4	0.1324E-20
284.7	0.1296E-20
294.3	0.1267E-20
304.2	0.1240E-20
314.6	0.1215E-20
325.2	0.1189E-20
336.3	0.1163E-20
347.7	0.1136E-20
359.6	0.1111E-20
371.8	0.1086E-20
384.5	0.1061E-20
397.6	0.1035E-20
411.2	0.1013E-20
425.3	0.9915E-21
439.9	0.9694E-21
454.9	0.9474E-21
470.6	0.9265E-21
486.7	0.9048E-21
520.8	0.8646E-21
557.2	0.8252E-21
596.3	0.7830E-21
638.2	0.7508E-21
683.0	0.7176E-21
731.1	0.6820E-21
769.4	0.6536E-21
809.7	0.6263E-21
866.9	0.5986E-21
928.1	0.5689E-21
976.9	0.5452E-21
--------------------------------
Extra points added by BOLSIG+:
1270.	0.4384E-21
1651.	0.3518E-21
2146.	0.2818E-21
2790.	0.2254E-21
3627.	0.1801E-21
4715.	0.1436E-21
6130.	0.1144E-21
7969.	0.9102E-22
0.1036E+05	0.7234E-22
 
 
C6 Input cross section
EXCITATION
Ar                                                              
   12.91       1.000    
--------------------------------
12.91	0.000
12.91	0.1520E-22
12.92	0.4343E-22
12.94	0.5483E-22
12.96	0.5826E-22
12.98	0.7352E-22
13.00	0.9218E-22
13.02	0.1469E-21
13.04	0.1787E-21
13.05	0.1630E-21
13.07	0.3377E-22
13.10	0.1589E-22
13.12	0.2587E-22
13.14	0.3702E-22
13.16	0.8821E-22
13.18	0.1322E-21
13.20	0.1388E-21
13.22	0.2774E-22
13.25	0.1100E-22
13.27	0.2418E-22
13.29	0.1881E-22
13.32	0.1939E-22
13.34	0.1988E-22
13.37	0.2038E-22
13.39	0.2089E-22
13.42	0.2146E-22
13.45	0.2378E-22
13.47	0.4217E-22
13.50	0.3199E-22
13.53	0.3171E-22
13.56	0.3143E-22
13.59	0.3114E-22
13.62	0.3130E-22
13.64	0.3190E-22
13.68	0.3250E-22
13.71	0.3312E-22
13.74	0.3374E-22
13.77	0.3438E-22
13.80	0.3503E-22
13.84	0.3569E-22
13.87	0.3636E-22
13.90	0.3705E-22
13.94	0.3774E-22
13.97	0.3845E-22
14.01	0.3932E-22
14.04	0.4071E-22
14.08	0.4212E-22
14.12	0.4356E-22
14.16	0.4503E-22
14.20	0.4652E-22
14.24	0.4804E-22
14.28	0.4958E-22
14.32	0.5115E-22
14.36	0.5275E-22
14.40	0.5437E-22
14.45	0.5602E-22
14.49	0.5771E-22
14.54	0.5942E-22
14.58	0.6116E-22
14.63	0.6293E-22
14.68	0.6473E-22
14.72	0.6656E-22
14.77	0.6843E-22
14.82	0.7033E-22
14.88	0.7226E-22
14.93	0.7422E-22
14.98	0.7622E-22
15.03	0.7819E-22
15.09	0.8015E-22
15.14	0.8215E-22
15.20	0.8418E-22
15.26	0.8624E-22
15.31	0.8834E-22
15.37	0.9048E-22
15.44	0.9265E-22
15.50	0.9486E-22
15.56	0.9712E-22
15.62	0.9941E-22
15.69	0.1017E-21
15.75	0.1041E-21
15.82	0.1065E-21
15.89	0.1090E-21
15.96	0.1115E-21
16.03	0.1140E-21
16.10	0.1164E-21
16.17	0.1190E-21
16.25	0.1215E-21
16.32	0.1241E-21
16.40	0.1268E-21
16.48	0.1295E-21
16.56	0.1322E-21
16.64	0.1350E-21
16.72	0.1379E-21
16.80	0.1408E-21
16.89	0.1437E-21
16.98	0.1467E-21
17.07	0.1498E-21
17.16	0.1529E-21
17.25	0.1560E-21
17.34	0.1592E-21
17.43	0.1625E-21
17.53	0.1658E-21
17.63	0.1692E-21
17.73	0.1726E-21
17.83	0.1761E-21
17.93	0.1797E-21
18.04	0.1828E-21
18.14	0.1850E-21
18.25	0.1873E-21
18.36	0.1896E-21
18.48	0.1920E-21
18.59	0.1944E-21
18.71	0.1968E-21
18.82	0.1993E-21
18.95	0.2019E-21
19.07	0.2039E-21
19.19	0.2055E-21
19.32	0.2072E-21
19.45	0.2088E-21
19.58	0.2105E-21
19.71	0.2123E-21
19.85	0.2141E-21
19.99	0.2158E-21
20.13	0.2165E-21
20.27	0.2171E-21
20.42	0.2177E-21
20.57	0.2183E-21
20.72	0.2189E-21
20.87	0.2195E-21
21.03	0.2199E-21
21.19	0.2194E-21
21.35	0.2190E-21
21.51	0.2185E-21
21.68	0.2180E-21
21.85	0.2174E-21
22.02	0.2168E-21
22.20	0.2151E-21
22.38	0.2135E-21
22.56	0.2118E-21
22.75	0.2100E-21
22.93	0.2083E-21
23.13	0.2065E-21
23.32	0.2047E-21
23.52	0.2028E-21
23.72	0.2009E-21
23.93	0.1990E-21
24.14	0.1970E-21
24.35	0.1951E-21
24.57	0.1930E-21
24.79	0.1910E-21
25.01	0.1888E-21
25.24	0.1857E-21
25.48	0.1825E-21
25.71	0.1792E-21
26.20	0.1725E-21
26.45	0.1691E-21
26.70	0.1656E-21
26.96	0.1620E-21
27.22	0.1584E-21
27.48	0.1547E-21
27.76	0.1510E-21
28.03	0.1472E-21
28.31	0.1433E-21
28.60	0.1393E-21
28.89	0.1353E-21
29.18	0.1312E-21
29.49	0.1271E-21
29.79	0.1229E-21
30.10	0.1192E-21
30.42	0.1167E-21
30.74	0.1142E-21
31.07	0.1116E-21
31.41	0.1090E-21
31.75	0.1064E-21
32.09	0.1037E-21
32.44	0.1009E-21
32.80	0.9816E-22
33.16	0.9532E-22
33.53	0.9243E-22
33.91	0.8950E-22
34.29	0.8650E-22
34.68	0.8346E-22
35.08	0.8063E-22
35.48	0.7877E-22
35.90	0.7688E-22
36.31	0.7496E-22
36.74	0.7300E-22
37.17	0.7101E-22
37.61	0.6899E-22
38.06	0.6693E-22
38.51	0.6483E-22
38.98	0.6270E-22
39.45	0.6053E-22
39.93	0.5833E-22
40.42	0.5696E-22
40.91	0.5572E-22
41.42	0.5445E-22
41.93	0.5317E-22
42.46	0.5186E-22
42.99	0.5053E-22
43.53	0.4918E-22
44.08	0.4780E-22
44.64	0.4640E-22
45.21	0.4497E-22
45.79	0.4352E-22
46.38	0.4205E-22
46.98	0.4054E-22
47.59	0.3902E-22
48.22	0.3746E-22
48.85	0.3588E-22
49.49	0.3427E-22
50.15	0.3283E-22
50.81	0.3203E-22
51.49	0.3121E-22
52.18	0.3039E-22
52.88	0.2954E-22
53.59	0.2869E-22
54.32	0.2782E-22
55.06	0.2693E-22
55.81	0.2603E-22
56.58	0.2511E-22
57.35	0.2418E-22
58.15	0.2323E-22
58.95	0.2226E-22
59.77	0.2128E-22
60.60	0.2070E-22
61.45	0.2027E-22
62.31	0.1984E-22
63.19	0.1940E-22
64.09	0.1896E-22
65.00	0.1850E-22
65.92	0.1804E-22
66.86	0.1757E-22
67.82	0.1709E-22
68.79	0.1660E-22
69.78	0.1611E-22
70.79	0.1560E-22
71.82	0.1509E-22
72.86	0.1457E-22
73.92	0.1404E-22
75.00	0.1350E-22
76.10	0.1295E-22
77.22	0.1239E-22
78.36	0.1182E-22
79.52	0.1124E-22
80.69	0.1084E-22
81.89	0.1057E-22
83.11	0.1030E-22
84.35	0.1002E-22
85.61	0.9737E-23
86.90	0.9448E-23
88.20	0.9154E-23
89.53	0.8855E-23
90.88	0.8551E-23
92.26	0.8242E-23
93.66	0.7927E-23
95.08	0.7606E-23
96.53	0.7280E-23
98.01	0.6949E-23
99.51	0.6611E-23
101.0	0.6368E-23
102.6	0.6177E-23
104.2	0.5991E-23
105.8	0.5810E-23
107.4	0.5634E-23
109.1	0.5464E-23
110.8	0.5298E-23
112.5	0.5137E-23
114.2	0.4981E-23
116.0	0.4829E-23
117.8	0.4682E-23
119.7	0.4538E-23
121.5	0.4399E-23
123.5	0.4264E-23
125.4	0.4133E-23
127.4	0.4006E-23
129.4	0.3882E-23
131.4	0.3762E-23
133.5	0.3646E-23
135.6	0.3533E-23
137.8	0.3423E-23
140.0	0.3317E-23
142.2	0.3213E-23
144.5	0.3113E-23
146.8	0.3016E-23
149.2	0.2922E-23
151.5	0.2830E-23
154.0	0.2742E-23
156.4	0.2656E-23
159.0	0.2572E-23
161.5	0.2491E-23
164.1	0.2413E-23
166.8	0.2337E-23
169.5	0.2263E-23
172.2	0.2191E-23
175.0	0.2122E-23
177.9	0.2055E-23
180.8	0.1989E-23
183.7	0.1926E-23
186.7	0.1865E-23
189.7	0.1806E-23
192.8	0.1748E-23
196.0	0.1692E-23
199.2	0.1638E-23
202.4	0.1586E-23
205.8	0.1535E-23
209.2	0.1486E-23
212.6	0.1438E-23
216.1	0.1392E-23
219.6	0.1347E-23
223.3	0.1304E-23
226.9	0.1262E-23
230.7	0.1221E-23
234.5	0.1182E-23
238.4	0.1144E-23
242.3	0.1107E-23
246.3	0.1071E-23
250.4	0.1037E-23
254.6	0.1003E-23
258.8	0.9705E-24
263.1	0.9390E-24
267.5	0.9086E-24
271.9	0.8791E-24
276.4	0.8505E-24
281.1	0.8228E-24
285.8	0.7961E-24
290.5	0.7701E-24
295.4	0.7450E-24
300.3	0.7207E-24
305.3	0.6972E-24
310.4	0.6744E-24
315.6	0.6524E-24
320.9	0.6311E-24
326.3	0.6104E-24
331.8	0.5904E-24
337.4	0.5711E-24
343.0	0.5524E-24
348.8	0.5343E-24
354.7	0.5167E-24
360.6	0.4998E-24
366.7	0.4833E-24
372.9	0.4674E-24
379.2	0.4521E-24
385.6	0.4372E-24
392.1	0.4228E-24
398.7	0.4089E-24
405.5	0.3954E-24
412.3	0.3824E-24
419.3	0.3697E-24
426.4	0.3575E-24
433.6	0.3457E-24
440.9	0.3343E-24
448.4	0.3233E-24
456.0	0.3126E-24
463.8	0.3022E-24
471.6	0.2922E-24
479.6	0.2825E-24
487.8	0.2732E-24
496.1	0.2641E-24
513.1	0.2469E-24
530.7	0.2308E-24
548.9	0.2157E-24
567.8	0.2016E-24
587.4	0.1884E-24
607.6	0.1761E-24
628.5	0.1645E-24
650.2	0.1538E-24
672.6	0.1437E-24
695.8	0.1343E-24
719.9	0.1254E-24
744.7	0.1172E-24
770.5	0.1095E-24
797.1	0.1023E-24
824.7	0.9556E-25
853.3	0.8927E-25
882.9	0.8339E-25
913.5	0.7790E-25
945.2	0.7276E-25
978.0	0.6796E-25
--------------------------------
Extra points added by BOLSIG+:
1271.	0.5468E-25
1653.	0.4391E-25
2149.	0.3520E-25
2793.	0.2817E-25
3631.	0.2251E-25
4720.	0.1796E-25
6137.	0.1431E-25
7978.	0.1139E-25
0.1037E+05	0.9057E-26
 
 
C7 Input cross section
EXCITATION
Ar                                                              
   13.08       1.000    
--------------------------------
13.08	0.000
13.08	0.5952E-25
13.09	0.1037E-23
13.11	0.2092E-23
13.13	0.3165E-23
13.15	0.4257E-23
13.17	0.5368E-23
13.19	0.6498E-23
13.20	0.7649E-23
13.22	0.8819E-23
13.24	0.1001E-22
13.27	0.1122E-22
13.29	0.1245E-22
13.31	0.1371E-22
13.33	0.1498E-22
13.35	0.1628E-22
13.37	0.1760E-22
13.39	0.1894E-22
13.42	0.2031E-22
13.44	0.2170E-22
13.46	0.2312E-22
13.49	0.2456E-22
13.51	0.2602E-22
13.54	0.2751E-22
13.56	0.2903E-22
13.59	0.3057E-22
13.62	0.3214E-22
13.64	0.3374E-22
13.67	0.3536E-22
13.70	0.3701E-22
13.73	0.3869E-22
13.76	0.4040E-22
13.78	0.4215E-22
13.81	0.4392E-22
13.84	0.4572E-22
13.88	0.4755E-22
13.91	0.4942E-22
13.94	0.5132E-22
13.97	0.5324E-22
14.00	0.5524E-22
14.04	0.5752E-22
14.07	0.5985E-22
14.11	0.6221E-22
14.14	0.6461E-22
14.18	0.6706E-22
14.21	0.6955E-22
14.25	0.7208E-22
14.29	0.7466E-22
14.33	0.7728E-22
14.37	0.7995E-22
14.41	0.8266E-22
14.45	0.8542E-22
14.49	0.8823E-22
14.53	0.9109E-22
14.57	0.9400E-22
14.62	0.9695E-22
14.66	0.9996E-22
14.71	0.1030E-21
14.75	0.1061E-21
14.80	0.1093E-21
14.85	0.1125E-21
14.89	0.1158E-21
14.94	0.1192E-21
14.99	0.1225E-21
15.04	0.1260E-21
15.10	0.1294E-21
15.15	0.1329E-21
15.20	0.1365E-21
15.26	0.1402E-21
15.31	0.1439E-21
15.37	0.1477E-21
15.43	0.1515E-21
15.48	0.1554E-21
15.54	0.1594E-21
15.60	0.1635E-21
15.66	0.1676E-21
15.73	0.1718E-21
15.79	0.1760E-21
15.86	0.1804E-21
15.92	0.1848E-21
15.99	0.1893E-21
16.06	0.1924E-21
16.13	0.1954E-21
16.20	0.1984E-21
16.27	0.2014E-21
16.34	0.2045E-21
16.42	0.2077E-21
16.49	0.2109E-21
16.57	0.2142E-21
16.65	0.2175E-21
16.73	0.2209E-21
16.81	0.2243E-21
16.89	0.2278E-21
16.97	0.2314E-21
17.06	0.2350E-21
17.15	0.2387E-21
17.23	0.2425E-21
17.32	0.2463E-21
17.41	0.2502E-21
17.51	0.2541E-21
17.60	0.2581E-21
17.70	0.2622E-21
17.80	0.2664E-21
17.90	0.2706E-21
18.00	0.2749E-21
18.10	0.2769E-21
18.21	0.2789E-21
18.31	0.2810E-21
18.42	0.2830E-21
18.53	0.2851E-21
18.64	0.2873E-21
18.76	0.2894E-21
18.88	0.2916E-21
18.99	0.2939E-21
19.11	0.2947E-21
19.24	0.2954E-21
19.36	0.2962E-21
19.49	0.2969E-21
19.62	0.2977E-21
19.75	0.2985E-21
19.88	0.2993E-21
20.02	0.3000E-21
20.16	0.2997E-21
20.30	0.2994E-21
20.44	0.2991E-21
20.59	0.2988E-21
20.74	0.2985E-21
20.89	0.2982E-21
21.04	0.2978E-21
21.20	0.2968E-21
21.36	0.2959E-21
21.52	0.2949E-21
21.68	0.2939E-21
21.85	0.2929E-21
22.02	0.2918E-21
22.19	0.2896E-21
22.37	0.2875E-21
22.55	0.2852E-21
22.73	0.2830E-21
22.91	0.2807E-21
23.10	0.2784E-21
23.30	0.2760E-21
23.49	0.2736E-21
23.69	0.2711E-21
23.89	0.2687E-21
24.10	0.2661E-21
24.31	0.2635E-21
24.52	0.2609E-21
24.74	0.2582E-21
24.96	0.2555E-21
25.18	0.2520E-21
25.41	0.2483E-21
25.64	0.2445E-21
25.88	0.2406E-21
26.12	0.2366E-21
26.61	0.2285E-21
27.12	0.2202E-21
27.65	0.2115E-21
27.93	0.2070E-21
28.20	0.2025E-21
28.48	0.1979E-21
28.77	0.1932E-21
29.06	0.1884E-21
29.35	0.1836E-21
29.66	0.1786E-21
29.96	0.1736E-21
30.27	0.1700E-21
30.59	0.1666E-21
30.91	0.1632E-21
31.24	0.1596E-21
31.57	0.1560E-21
31.91	0.1523E-21
32.26	0.1486E-21
32.61	0.1448E-21
32.97	0.1409E-21
33.33	0.1370E-21
33.70	0.1330E-21
34.08	0.1289E-21
34.46	0.1248E-21
34.85	0.1206E-21
35.25	0.1173E-21
35.65	0.1146E-21
36.06	0.1118E-21
36.48	0.1089E-21
36.91	0.1060E-21
37.34	0.1031E-21
37.78	0.1001E-21
38.23	0.9705E-22
38.68	0.9395E-22
39.15	0.9080E-22
39.62	0.8760E-22
40.10	0.8466E-22
40.59	0.8295E-22
41.08	0.8121E-22
41.59	0.7944E-22
42.10	0.7764E-22
42.62	0.7581E-22
43.16	0.7395E-22
43.70	0.7205E-22
44.25	0.7013E-22
44.81	0.6817E-22
45.38	0.6617E-22
45.96	0.6414E-22
46.55	0.6207E-22
47.15	0.5997E-22
47.76	0.5783E-22
48.38	0.5566E-22
49.02	0.5344E-22
49.66	0.5119E-22
50.31	0.4943E-22
50.98	0.4823E-22
51.66	0.4702E-22
52.35	0.4577E-22
53.05	0.4451E-22
53.76	0.4323E-22
54.49	0.4192E-22
55.23	0.4059E-22
55.98	0.3924E-22
56.74	0.3786E-22
57.52	0.3646E-22
58.31	0.3504E-22
59.12	0.3358E-22
59.94	0.3211E-22
60.77	0.3142E-22
61.62	0.3078E-22
62.48	0.3014E-22
63.36	0.2948E-22
64.26	0.2881E-22
65.16	0.2813E-22
66.09	0.2743E-22
67.03	0.2673E-22
67.99	0.2601E-22
68.96	0.2528E-22
69.95	0.2454E-22
70.96	0.2378E-22
71.99	0.2301E-22
73.03	0.2223E-22
74.09	0.2143E-22
75.17	0.2062E-22
76.27	0.1980E-22
77.39	0.1896E-22
78.53	0.1811E-22
79.68	0.1724E-22
80.86	0.1674E-22
82.06	0.1638E-22
83.28	0.1602E-22
84.52	0.1564E-22
85.78	0.1527E-22
87.06	0.1488E-22
88.37	0.1449E-22
89.70	0.1409E-22
91.05	0.1368E-22
92.43	0.1327E-22
93.83	0.1285E-22
95.25	0.1242E-22
96.70	0.1199E-22
98.17	0.1155E-22
99.67	0.1110E-22
101.2	0.1074E-22
102.8	0.1042E-22
104.3	0.1010E-22
105.9	0.9801E-23
107.6	0.9505E-23
109.2	0.9218E-23
110.9	0.8939E-23
112.7	0.8668E-23
114.4	0.8404E-23
116.2	0.8148E-23
118.0	0.7900E-23
119.8	0.7658E-23
121.7	0.7424E-23
123.6	0.7196E-23
125.6	0.6975E-23
127.5	0.6761E-23
129.6	0.6553E-23
131.6	0.6350E-23
133.7	0.6154E-23
135.8	0.5964E-23
138.0	0.5779E-23
140.2	0.5599E-23
142.4	0.5425E-23
144.7	0.5256E-23
147.0	0.5092E-23
149.3	0.4933E-23
151.7	0.4779E-23
154.2	0.4629E-23
156.6	0.4484E-23
159.1	0.4344E-23
161.7	0.4207E-23
164.3	0.4075E-23
167.0	0.3946E-23
169.7	0.3822E-23
172.4	0.3701E-23
175.2	0.3584E-23
178.0	0.3470E-23
180.9	0.3360E-23
183.9	0.3254E-23
186.9	0.3150E-23
189.9	0.3050E-23
193.0	0.2953E-23
196.2	0.2859E-23
199.4	0.2768E-23
202.6	0.2679E-23
205.9	0.2594E-23
209.3	0.2511E-23
212.8	0.2430E-23
216.2	0.2352E-23
219.8	0.2277E-23
223.4	0.2204E-23
227.1	0.2133E-23
230.8	0.2064E-23
234.7	0.1998E-23
238.5	0.1933E-23
242.5	0.1871E-23
246.5	0.1810E-23
250.6	0.1752E-23
254.7	0.1695E-23
259.0	0.1640E-23
263.3	0.1587E-23
267.6	0.1536E-23
272.1	0.1486E-23
276.6	0.1438E-23
281.2	0.1391E-23
285.9	0.1346E-23
290.7	0.1302E-23
295.5	0.1259E-23
300.5	0.1218E-23
305.5	0.1179E-23
310.6	0.1140E-23
315.8	0.1103E-23
321.1	0.1067E-23
326.5	0.1032E-23
332.0	0.9982E-24
337.5	0.9655E-24
343.2	0.9339E-24
349.0	0.9032E-24
354.8	0.8736E-24
360.8	0.8449E-24
366.9	0.8172E-24
373.1	0.7903E-24
379.4	0.7643E-24
385.8	0.7392E-24
392.3	0.7149E-24
398.9	0.6913E-24
405.6	0.6686E-24
412.5	0.6465E-24
419.5	0.6252E-24
426.6	0.6046E-24
433.8	0.5846E-24
441.1	0.5653E-24
448.6	0.5466E-24
456.2	0.5286E-24
463.9	0.5111E-24
471.8	0.4942E-24
479.8	0.4778E-24
488.0	0.4620E-24
496.2	0.4467E-24
513.3	0.4175E-24
530.9	0.3903E-24
549.1	0.3648E-24
568.0	0.3410E-24
587.5	0.3187E-24
607.7	0.2978E-24
628.7	0.2783E-24
650.3	0.2601E-24
672.8	0.2430E-24
696.0	0.2271E-24
720.0	0.2122E-24
744.9	0.1982E-24
770.6	0.1852E-24
797.3	0.1730E-24
824.9	0.1617E-24
853.5	0.1510E-24
883.0	0.1411E-24
913.6	0.1318E-24
945.3	0.1231E-24
978.1	0.1150E-24
--------------------------------
Extra points added by BOLSIG+:
1272.	0.9251E-25
1653.	0.7429E-25
2149.	0.5956E-25
2794.	0.4766E-25
3632.	0.3809E-25
4721.	0.3040E-25
6138.	0.2422E-25
7979.	0.1928E-25
0.1037E+05	0.1533E-25
 
 
C8 Input cross section
EXCITATION
Ar                                                              
   13.10       1.000    
--------------------------------
13.10	0.000
13.10	0.4199E-25
13.11	0.7314E-24
13.13	0.1476E-23
13.15	0.2233E-23
13.17	0.3003E-23
13.19	0.3787E-23
13.20	0.4584E-23
13.22	0.5395E-23
13.24	0.6221E-23
13.26	0.7061E-23
13.28	0.7915E-23
13.30	0.8784E-23
13.32	0.9669E-23
13.35	0.1057E-22
13.37	0.1148E-22
13.39	0.1242E-22
13.41	0.1336E-22
13.44	0.1433E-22
13.46	0.1531E-22
13.48	0.1631E-22
13.51	0.1732E-22
13.53	0.1835E-22
13.56	0.1941E-22
13.58	0.2048E-22
13.61	0.2156E-22
13.63	0.2267E-22
13.66	0.2380E-22
13.69	0.2494E-22
13.72	0.2611E-22
13.74	0.2730E-22
13.77	0.2850E-22
13.80	0.2973E-22
13.83	0.3098E-22
13.86	0.3225E-22
13.89	0.3354E-22
13.93	0.3486E-22
13.96	0.3620E-22
13.99	0.3756E-22
14.02	0.3906E-22
14.06	0.4064E-22
14.09	0.4224E-22
14.12	0.4388E-22
14.16	0.4554E-22
14.20	0.4723E-22
14.23	0.4895E-22
14.27	0.5070E-22
14.31	0.5248E-22
14.35	0.5429E-22
14.39	0.5614E-22
14.43	0.5801E-22
14.47	0.5992E-22
14.51	0.6186E-22
14.55	0.6384E-22
14.59	0.6585E-22
14.64	0.6789E-22
14.68	0.6997E-22
14.72	0.7209E-22
14.77	0.7424E-22
14.82	0.7643E-22
14.87	0.7866E-22
14.91	0.8093E-22
14.96	0.8324E-22
15.01	0.8550E-22
15.06	0.8753E-22
15.12	0.8960E-22
15.17	0.9170E-22
15.22	0.9384E-22
15.28	0.9602E-22
15.33	0.9824E-22
15.39	0.1005E-21
15.45	0.1028E-21
15.50	0.1051E-21
15.56	0.1075E-21
15.62	0.1099E-21
15.68	0.1124E-21
15.75	0.1149E-21
15.81	0.1174E-21
15.88	0.1200E-21
15.94	0.1226E-21
16.01	0.1252E-21
16.08	0.1273E-21
16.14	0.1294E-21
16.22	0.1315E-21
16.29	0.1336E-21
16.36	0.1358E-21
16.43	0.1380E-21
16.51	0.1403E-21
16.59	0.1426E-21
16.67	0.1450E-21
16.75	0.1474E-21
16.83	0.1498E-21
16.91	0.1523E-21
16.99	0.1548E-21
17.08	0.1573E-21
17.16	0.1599E-21
17.25	0.1626E-21
17.34	0.1653E-21
17.43	0.1680E-21
17.53	0.1708E-21
17.62	0.1737E-21
17.72	0.1766E-21
17.82	0.1795E-21
17.92	0.1825E-21
18.02	0.1852E-21
18.12	0.1865E-21
18.23	0.1878E-21
18.33	0.1892E-21
18.44	0.1905E-21
18.55	0.1919E-21
18.66	0.1933E-21
18.78	0.1947E-21
18.89	0.1962E-21
19.01	0.1977E-21
19.13	0.1992E-21
19.26	0.2007E-21
19.38	0.2023E-21
19.51	0.2038E-21
19.64	0.2055E-21
19.77	0.2071E-21
19.90	0.2088E-21
20.04	0.2104E-21
20.18	0.2118E-21
20.32	0.2132E-21
20.46	0.2146E-21
20.61	0.2161E-21
20.75	0.2175E-21
20.91	0.2190E-21
21.06	0.2206E-21
21.21	0.2222E-21
21.37	0.2237E-21
21.54	0.2254E-21
21.70	0.2270E-21
21.87	0.2287E-21
22.04	0.2301E-21
22.21	0.2304E-21
22.39	0.2306E-21
22.57	0.2309E-21
22.75	0.2313E-21
22.93	0.2316E-21
23.12	0.2319E-21
23.32	0.2322E-21
23.51	0.2325E-21
23.71	0.2329E-21
23.91	0.2332E-21
24.12	0.2335E-21
24.33	0.2339E-21
24.54	0.2342E-21
24.76	0.2346E-21
24.98	0.2350E-21
25.20	0.2352E-21
25.43	0.2354E-21
25.66	0.2357E-21
25.90	0.2359E-21
26.14	0.2361E-21
36.50	0.2312E-21
38.25	0.2256E-21
39.64	0.2212E-21
41.10	0.2156E-21
42.64	0.2094E-21
43.72	0.2051E-21
44.83	0.2007E-21
45.98	0.1961E-21
47.17	0.1913E-21
48.40	0.1864E-21
49.68	0.1813E-21
51.00	0.1770E-21
52.37	0.1729E-21
53.78	0.1687E-21
55.25	0.1643E-21
56.76	0.1597E-21
58.33	0.1550E-21
59.96	0.1501E-21
61.64	0.1470E-21
63.38	0.1437E-21
65.18	0.1404E-21
67.05	0.1370E-21
68.98	0.1334E-21
70.98	0.1297E-21
73.05	0.1259E-21
75.19	0.1219E-21
77.41	0.1178E-21
79.70	0.1135E-21
82.08	0.1106E-21
84.54	0.1078E-21
87.08	0.1048E-21
89.72	0.1018E-21
92.45	0.9868E-22
95.27	0.9544E-22
98.19	0.9208E-22
101.2	0.8892E-22
104.3	0.8625E-22
107.6	0.8365E-22
111.0	0.8112E-22
114.4	0.7866E-22
118.0	0.7626E-22
121.7	0.7393E-22
125.6	0.7166E-22
129.6	0.6945E-22
133.7	0.6731E-22
138.0	0.6522E-22
142.4	0.6320E-22
147.0	0.6123E-22
151.7	0.5931E-22
156.6	0.5746E-22
161.7	0.5565E-22
167.0	0.5390E-22
172.4	0.5220E-22
178.1	0.5055E-22
183.9	0.4894E-22
189.9	0.4739E-22
196.2	0.4588E-22
202.6	0.4441E-22
209.3	0.4299E-22
216.3	0.4161E-22
223.4	0.4028E-22
230.9	0.3898E-22
238.6	0.3773E-22
246.5	0.3651E-22
254.8	0.3533E-22
263.3	0.3418E-22
272.1	0.3308E-22
281.2	0.3200E-22
290.7	0.3096E-22
300.5	0.2995E-22
310.6	0.2897E-22
321.1	0.2803E-22
332.0	0.2711E-22
343.2	0.2622E-22
354.9	0.2536E-22
366.9	0.2453E-22
379.4	0.2372E-22
392.3	0.2294E-22
405.6	0.2219E-22
419.5	0.2146E-22
433.8	0.2075E-22
448.6	0.2006E-22
463.9	0.1940E-22
479.8	0.1876E-22
496.3	0.1813E-22
522.0	0.1724E-22
549.1	0.1639E-22
577.7	0.1558E-22
607.8	0.1481E-22
639.4	0.1408E-22
672.8	0.1338E-22
707.9	0.1271E-22
744.9	0.1208E-22
783.9	0.1148E-22
824.9	0.1091E-22
868.1	0.1037E-22
913.7	0.9850E-23
961.6	0.9359E-23
--------------------------------
Extra points added by BOLSIG+:
1250.	0.7532E-23
1625.	0.6049E-23
2113.	0.4850E-23
2746.	0.3882E-23
3570.	0.3103E-23
4642.	0.2476E-23
6034.	0.1974E-23
7844.	0.1571E-23
0.1020E+05	0.1249E-23
 
 
C9 Input cross section
EXCITATION
Ar                                                              
   13.15       1.000    
--------------------------------
13.15	0.000
13.15	0.2361E-25
13.17	0.4113E-24
13.19	0.8298E-24
13.21	0.1256E-23
13.22	0.1689E-23
13.24	0.2130E-23
13.26	0.2578E-23
13.28	0.3034E-23
13.30	0.3498E-23
13.32	0.3971E-23
13.34	0.4451E-23
13.36	0.4940E-23
13.38	0.5437E-23
13.40	0.5943E-23
13.43	0.6458E-23
13.45	0.6982E-23
13.47	0.7515E-23
13.49	0.8057E-23
13.52	0.8609E-23
13.54	0.9170E-23
13.57	0.9741E-23
13.59	0.1032E-22
13.62	0.1091E-22
13.64	0.1152E-22
13.67	0.1213E-22
13.69	0.1275E-22
13.72	0.1338E-22
13.75	0.1403E-22
13.78	0.1468E-22
13.80	0.1535E-22
13.83	0.1603E-22
13.86	0.1672E-22
13.89	0.1742E-22
13.92	0.1814E-22
13.95	0.1886E-22
13.98	0.1960E-22
14.02	0.2054E-22
14.05	0.2171E-22
14.08	0.2290E-22
14.11	0.2411E-22
14.15	0.2534E-22
14.18	0.2659E-22
14.22	0.2786E-22
14.25	0.2916E-22
14.29	0.3048E-22
14.33	0.3182E-22
14.37	0.3318E-22
14.40	0.3457E-22
14.44	0.3598E-22
14.48	0.3742E-22
14.52	0.3888E-22
14.57	0.4037E-22
14.61	0.4188E-22
14.65	0.4342E-22
14.69	0.4498E-22
14.74	0.4658E-22
14.78	0.4820E-22
14.83	0.4985E-22
14.88	0.5152E-22
14.92	0.5323E-22
14.97	0.5497E-22
15.02	0.5674E-22
15.07	0.5853E-22
15.12	0.6037E-22
15.17	0.6223E-22
15.23	0.6412E-22
15.28	0.6605E-22
15.33	0.6801E-22
15.39	0.7000E-22
15.45	0.7203E-22
15.50	0.7410E-22
15.56	0.7620E-22
15.62	0.7833E-22
15.68	0.8051E-22
15.74	0.8272E-22
15.80	0.8497E-22
15.87	0.8726E-22
15.93	0.8959E-22
16.00	0.9196E-22
16.07	0.9411E-22
16.13	0.9629E-22
16.20	0.9851E-22
16.27	0.1008E-21
16.35	0.1031E-21
16.42	0.1054E-21
16.49	0.1078E-21
16.57	0.1102E-21
16.65	0.1127E-21
16.72	0.1152E-21
16.80	0.1177E-21
16.89	0.1203E-21
16.97	0.1229E-21
17.05	0.1256E-21
17.14	0.1284E-21
17.22	0.1311E-21
17.31	0.1340E-21
17.40	0.1368E-21
17.49	0.1398E-21
17.59	0.1427E-21
17.68	0.1458E-21
17.78	0.1488E-21
17.87	0.1520E-21
17.97	0.1552E-21
18.07	0.1574E-21
18.18	0.1592E-21
18.28	0.1611E-21
18.39	0.1630E-21
18.50	0.1650E-21
18.61	0.1670E-21
18.72	0.1690E-21
18.84	0.1711E-21
18.95	0.1732E-21
19.07	0.1745E-21
19.19	0.1753E-21
19.31	0.1762E-21
19.44	0.1771E-21
19.57	0.1780E-21
19.70	0.1789E-21
19.83	0.1798E-21
19.96	0.1807E-21
20.10	0.1810E-21
20.23	0.1810E-21
20.38	0.1810E-21
20.52	0.1810E-21
20.66	0.1810E-21
20.81	0.1810E-21
20.96	0.1810E-21
21.12	0.1804E-21
21.27	0.1796E-21
21.43	0.1788E-21
21.59	0.1780E-21
21.76	0.1772E-21
21.93	0.1764E-21
22.10	0.1755E-21
22.27	0.1746E-21
22.45	0.1736E-21
22.62	0.1727E-21
22.81	0.1717E-21
22.99	0.1707E-21
23.18	0.1697E-21
23.37	0.1687E-21
23.57	0.1676E-21
23.77	0.1666E-21
23.97	0.1655E-21
24.18	0.1644E-21
24.39	0.1633E-21
24.60	0.1621E-21
24.82	0.1610E-21
25.04	0.1598E-21
25.26	0.1582E-21
25.49	0.1566E-21
25.72	0.1550E-21
25.96	0.1533E-21
26.20	0.1516E-21
26.69	0.1482E-21
27.20	0.1446E-21
27.73	0.1409E-21
28.28	0.1370E-21
28.84	0.1331E-21
29.43	0.1290E-21
30.04	0.1248E-21
30.67	0.1217E-21
31.32	0.1184E-21
31.99	0.1150E-21
32.69	0.1116E-21
33.41	0.1079E-21
34.16	0.1042E-21
34.93	0.1004E-21
35.73	0.9766E-22
36.56	0.9501E-22
37.42	0.9227E-22
38.30	0.8943E-22
39.22	0.8648E-22
40.17	0.8360E-22
41.16	0.8133E-22
42.18	0.7899E-22
43.23	0.7656E-22
44.33	0.7405E-22
45.46	0.7145E-22
46.63	0.6876E-22
47.23	0.6737E-22
47.84	0.6597E-22
48.46	0.6454E-22
49.09	0.6309E-22
49.74	0.6161E-22
50.39	0.6034E-22
51.73	0.5805E-22
52.42	0.5688E-22
53.13	0.5569E-22
53.84	0.5447E-22
54.57	0.5324E-22
55.30	0.5198E-22
56.06	0.5070E-22
56.82	0.4940E-22
57.60	0.4808E-22
58.39	0.4674E-22
59.20	0.4537E-22
60.02	0.4399E-22
61.70	0.4256E-22
63.44	0.4108E-22
65.24	0.3955E-22
66.17	0.3876E-22
67.11	0.3796E-22
68.06	0.3715E-22
69.04	0.3632E-22
70.03	0.3548E-22
71.04	0.3462E-22
72.06	0.3375E-22
73.11	0.3286E-22
74.17	0.3196E-22
75.25	0.3104E-22
76.35	0.3010E-22
77.47	0.2915E-22
78.60	0.2819E-22
79.76	0.2720E-22
80.94	0.2662E-22
83.36	0.2566E-22
85.86	0.2466E-22
87.14	0.2414E-22
88.45	0.2362E-22
89.78	0.2309E-22
91.13	0.2255E-22
92.51	0.2200E-22
93.91	0.2144E-22
95.33	0.2087E-22
96.78	0.2029E-22
98.25	0.1970E-22
99.75	0.1910E-22
101.3	0.1852E-22
102.8	0.1797E-22
104.4	0.1743E-22
106.0	0.1690E-22
107.7	0.1639E-22
109.3	0.1590E-22
111.0	0.1542E-22
112.7	0.1495E-22
114.5	0.1450E-22
116.3	0.1406E-22
118.1	0.1363E-22
119.9	0.1321E-22
121.8	0.1281E-22
123.7	0.1241E-22
125.7	0.1203E-22
127.6	0.1166E-22
129.6	0.1131E-22
131.7	0.1096E-22
133.8	0.1062E-22
135.9	0.1029E-22
138.1	0.9970E-23
140.2	0.9661E-23
142.5	0.9361E-23
144.7	0.9069E-23
147.1	0.8787E-23
149.4	0.8512E-23
151.8	0.8246E-23
154.2	0.7988E-23
156.7	0.7738E-23
159.2	0.7495E-23
161.8	0.7260E-23
164.4	0.7031E-23
167.0	0.6810E-23
169.7	0.6595E-23
172.5	0.6387E-23
175.3	0.6185E-23
178.1	0.5989E-23
181.0	0.5799E-23
183.9	0.5615E-23
186.9	0.5437E-23
190.0	0.5264E-23
193.1	0.5097E-23
196.2	0.4934E-23
199.4	0.4777E-23
202.7	0.4624E-23
206.0	0.4476E-23
209.4	0.4333E-23
212.8	0.4195E-23
216.3	0.4060E-23
219.9	0.3930E-23
223.5	0.3804E-23
227.2	0.3681E-23
230.9	0.3563E-23
234.7	0.3448E-23
238.6	0.3337E-23
242.6	0.3229E-23
246.6	0.3125E-23
250.7	0.3024E-23
254.8	0.2926E-23
259.0	0.2831E-23
263.3	0.2740E-23
267.7	0.2651E-23
272.2	0.2565E-23
276.7	0.2482E-23
281.3	0.2401E-23
286.0	0.2323E-23
290.8	0.2247E-23
295.6	0.2174E-23
300.6	0.2103E-23
305.6	0.2035E-23
310.7	0.1968E-23
315.9	0.1904E-23
321.2	0.1842E-23
326.6	0.1782E-23
332.0	0.1723E-23
337.6	0.1667E-23
343.3	0.1612E-23
349.1	0.1560E-23
354.9	0.1508E-23
360.9	0.1459E-23
367.0	0.1411E-23
373.1	0.1365E-23
379.4	0.1320E-23
385.8	0.1276E-23
392.3	0.1234E-23
399.0	0.1194E-23
405.7	0.1154E-23
412.6	0.1116E-23
419.5	0.1079E-23
426.6	0.1044E-23
433.9	0.1009E-23
441.2	0.9761E-24
448.7	0.9438E-24
456.3	0.9127E-24
464.0	0.8825E-24
471.9	0.8533E-24
479.9	0.8250E-24
488.0	0.7977E-24
496.3	0.7713E-24
513.3	0.7210E-24
531.0	0.6740E-24
549.2	0.6300E-24
568.1	0.5888E-24
587.6	0.5503E-24
607.8	0.5143E-24
628.8	0.4806E-24
650.4	0.4491E-24
672.9	0.4197E-24
696.1	0.3921E-24
720.1	0.3664E-24
745.0	0.3423E-24
770.7	0.3199E-24
797.4	0.2988E-24
825.0	0.2792E-24
853.5	0.2608E-24
883.1	0.2436E-24
913.7	0.2276E-24
945.4	0.2126E-24
978.2	0.1986E-24
--------------------------------
Extra points added by BOLSIG+:
1272.	0.1598E-24
1653.	0.1283E-24
2149.	0.1029E-24
2794.	0.8233E-25
3632.	0.6580E-25
4722.	0.5251E-25
6138.	0.4185E-25
7979.	0.3331E-25
0.1037E+05	0.2649E-25
 
 
C10 Input cross section
EXCITATION
Ar                                                              
   13.17       1.000    
--------------------------------
13.17	0.000
13.17	0.4348E-25
13.19	0.7574E-24
13.21	0.1528E-23
13.22	0.2312E-23
13.24	0.3109E-23
13.26	0.3921E-23
13.28	0.4747E-23
13.30	0.5587E-23
13.32	0.6441E-23
13.34	0.7311E-23
13.36	0.8196E-23
13.38	0.9096E-23
13.40	0.1001E-22
13.42	0.1094E-22
13.45	0.1189E-22
13.47	0.1286E-22
13.49	0.1384E-22
13.51	0.1484E-22
13.54	0.1585E-22
13.56	0.1689E-22
13.59	0.1794E-22
13.61	0.1901E-22
13.63	0.2009E-22
13.66	0.2120E-22
13.69	0.2233E-22
13.71	0.2347E-22
13.74	0.2464E-22
13.77	0.2583E-22
13.79	0.2704E-22
13.82	0.2826E-22
13.85	0.2951E-22
13.88	0.3078E-22
13.91	0.3208E-22
13.94	0.3339E-22
13.97	0.3473E-22
14.00	0.3610E-22
14.03	0.3753E-22
14.07	0.3899E-22
14.10	0.4048E-22
14.13	0.4199E-22
14.17	0.4353E-22
14.20	0.4509E-22
14.24	0.4668E-22
14.27	0.4830E-22
14.31	0.4995E-22
14.35	0.5162E-22
14.38	0.5333E-22
14.42	0.5506E-22
14.46	0.5683E-22
14.50	0.5862E-22
14.54	0.6045E-22
14.59	0.6231E-22
14.63	0.6420E-22
14.67	0.6613E-22
14.71	0.6808E-22
14.76	0.7008E-22
14.80	0.7210E-22
14.85	0.7416E-22
14.89	0.7626E-22
14.94	0.7840E-22
14.99	0.8057E-22
15.04	0.8270E-22
15.09	0.8485E-22
15.14	0.8703E-22
15.19	0.8925E-22
15.24	0.9152E-22
15.30	0.9382E-22
15.35	0.9616E-22
15.41	0.9854E-22
15.46	0.1010E-21
15.52	0.1034E-21
15.58	0.1059E-21
15.64	0.1085E-21
15.70	0.1111E-21
15.76	0.1137E-21
15.82	0.1164E-21
15.89	0.1192E-21
15.95	0.1219E-21
16.02	0.1245E-21
16.09	0.1265E-21
16.15	0.1286E-21
16.22	0.1307E-21
16.29	0.1328E-21
16.36	0.1349E-21
16.44	0.1371E-21
16.51	0.1394E-21
16.59	0.1416E-21
16.66	0.1439E-21
16.74	0.1463E-21
16.82	0.1487E-21
16.90	0.1511E-21
16.99	0.1536E-21
17.07	0.1561E-21
17.16	0.1587E-21
17.24	0.1613E-21
17.33	0.1639E-21
17.42	0.1666E-21
17.51	0.1693E-21
17.61	0.1721E-21
17.70	0.1750E-21
17.80	0.1779E-21
17.89	0.1808E-21
17.99	0.1838E-21
18.09	0.1859E-21
18.20	0.1879E-21
18.30	0.1900E-21
18.41	0.1922E-21
18.52	0.1944E-21
18.63	0.1966E-21
18.74	0.1988E-21
18.86	0.2011E-21
18.97	0.2034E-21
19.09	0.2045E-21
19.21	0.2053E-21
19.33	0.2060E-21
19.46	0.2067E-21
19.59	0.2075E-21
19.71	0.2083E-21
19.85	0.2091E-21
19.98	0.2099E-21
20.11	0.2106E-21
20.25	0.2113E-21
20.39	0.2120E-21
20.54	0.2127E-21
20.68	0.2134E-21
20.83	0.2142E-21
20.98	0.2149E-21
21.14	0.2157E-21
21.29	0.2165E-21
21.45	0.2173E-21
21.61	0.2181E-21
21.78	0.2189E-21
21.94	0.2197E-21
22.11	0.2199E-21
22.29	0.2198E-21
22.46	0.2197E-21
22.64	0.2196E-21
22.83	0.2195E-21
23.01	0.2193E-21
23.20	0.2192E-21
23.39	0.2191E-21
23.59	0.2189E-21
23.79	0.2188E-21
23.99	0.2187E-21
24.20	0.2185E-21
24.40	0.2184E-21
24.62	0.2183E-21
24.83	0.2181E-21
25.05	0.2178E-21
25.28	0.2167E-21
25.51	0.2157E-21
25.74	0.2146E-21
25.98	0.2135E-21
26.22	0.2124E-21
27.22	0.2078E-21
28.30	0.2028E-21
29.45	0.1975E-21
30.69	0.1929E-21
32.01	0.1890E-21
33.43	0.1847E-21
34.95	0.1801E-21
36.16	0.1765E-21
37.44	0.1727E-21
38.78	0.1687E-21
40.19	0.1645E-21
41.68	0.1611E-21
43.25	0.1575E-21
44.91	0.1537E-21
46.65	0.1497E-21
48.48	0.1455E-21
49.76	0.1426E-21
51.75	0.1394E-21
53.86	0.1362E-21
56.08	0.1329E-21
58.41	0.1294E-21
60.87	0.1260E-21
63.46	0.1230E-21
66.19	0.1199E-21
69.06	0.1166E-21
71.06	0.1143E-21
73.13	0.1119E-21
75.27	0.1094E-21
77.48	0.1069E-21
79.78	0.1043E-21
82.16	0.1022E-21
84.62	0.1001E-21
87.16	0.9791E-22
89.80	0.9567E-22
92.53	0.9335E-22
95.35	0.9095E-22
98.27	0.8847E-22
101.3	0.8589E-22
104.4	0.8331E-22
107.7	0.8080E-22
111.0	0.7836E-22
114.5	0.7598E-22
118.1	0.7367E-22
121.8	0.7142E-22
125.7	0.6923E-22
129.7	0.6710E-22
133.8	0.6503E-22
138.1	0.6301E-22
142.5	0.6106E-22
147.1	0.5916E-22
151.8	0.5731E-22
156.7	0.5551E-22
161.8	0.5377E-22
167.1	0.5208E-22
172.5	0.5044E-22
178.1	0.4884E-22
184.0	0.4729E-22
190.0	0.4579E-22
196.2	0.4433E-22
202.7	0.4292E-22
209.4	0.4154E-22
216.3	0.4021E-22
223.5	0.3892E-22
230.9	0.3767E-22
238.6	0.3646E-22
246.6	0.3528E-22
254.8	0.3414E-22
263.4	0.3303E-22
272.2	0.3196E-22
281.3	0.3093E-22
290.8	0.2992E-22
300.6	0.2895E-22
310.7	0.2800E-22
321.2	0.2709E-22
332.1	0.2620E-22
343.3	0.2534E-22
354.9	0.2451E-22
367.0	0.2371E-22
379.4	0.2293E-22
392.4	0.2217E-22
405.7	0.2144E-22
419.6	0.2074E-22
433.9	0.2005E-22
448.7	0.1939E-22
464.0	0.1875E-22
479.9	0.1813E-22
496.3	0.1753E-22
522.1	0.1666E-22
549.2	0.1584E-22
577.8	0.1506E-22
607.8	0.1431E-22
639.5	0.1360E-22
672.9	0.1293E-22
708.0	0.1229E-22
745.0	0.1168E-22
784.0	0.1110E-22
825.0	0.1054E-22
868.2	0.1002E-22
913.7	0.9521E-23
961.7	0.9047E-23
--------------------------------
Extra points added by BOLSIG+:
1250.	0.7281E-23
1625.	0.5848E-23
2113.	0.4689E-23
2747.	0.3753E-23
3571.	0.3000E-23
4642.	0.2394E-23
6034.	0.1908E-23
7845.	0.1519E-23
0.1020E+05	0.1208E-23
 
 
C11 Input cross section
EXCITATION
Ar                                                              
   13.27       1.000    
--------------------------------
13.27	0.000
13.27	0.1238E-25
13.29	0.2156E-24
13.31	0.4351E-24
13.33	0.6583E-24
13.35	0.8854E-24
13.36	0.1117E-23
13.38	0.1351E-23
13.40	0.1591E-23
13.42	0.1834E-23
13.44	0.2082E-23
13.46	0.2334E-23
13.48	0.2590E-23
13.50	0.2851E-23
13.53	0.3116E-23
13.55	0.3386E-23
13.57	0.3661E-23
13.59	0.3940E-23
13.61	0.4224E-23
13.64	0.4513E-23
13.66	0.4808E-23
13.69	0.5107E-23
13.71	0.5412E-23
13.73	0.5722E-23
13.76	0.6037E-23
13.79	0.6358E-23
13.81	0.6684E-23
13.84	0.7016E-23
13.87	0.7354E-23
13.89	0.7698E-23
13.92	0.8048E-23
13.95	0.8403E-23
13.98	0.8765E-23
14.01	0.9205E-23
14.04	0.9780E-23
14.07	0.1037E-22
14.10	0.1096E-22
14.13	0.1157E-22
14.17	0.1218E-22
14.20	0.1281E-22
14.23	0.1345E-22
14.27	0.1410E-22
14.30	0.1476E-22
14.34	0.1543E-22
14.37	0.1611E-22
14.41	0.1681E-22
14.45	0.1752E-22
14.49	0.1824E-22
14.53	0.1897E-22
14.56	0.1971E-22
14.60	0.2047E-22
14.64	0.2124E-22
14.69	0.2203E-22
14.73	0.2283E-22
14.77	0.2364E-22
14.81	0.2447E-22
14.86	0.2531E-22
14.90	0.2616E-22
14.95	0.2703E-22
15.00	0.2792E-22
15.04	0.2882E-22
15.09	0.2974E-22
15.14	0.3067E-22
15.19	0.3162E-22
15.24	0.3258E-22
15.29	0.3357E-22
15.35	0.3457E-22
15.40	0.3558E-22
15.45	0.3662E-22
15.51	0.3767E-22
15.56	0.3874E-22
15.62	0.3983E-22
15.68	0.4094E-22
15.74	0.4207E-22
15.80	0.4322E-22
15.86	0.4438E-22
15.93	0.4557E-22
15.99	0.4678E-22
16.05	0.4795E-22
16.12	0.4914E-22
16.19	0.5035E-22
16.25	0.5157E-22
16.32	0.5282E-22
16.39	0.5409E-22
16.47	0.5538E-22
16.54	0.5670E-22
16.61	0.5804E-22
16.69	0.5940E-22
16.77	0.6078E-22
16.84	0.6219E-22
16.92	0.6362E-22
17.00	0.6508E-22
17.09	0.6656E-22
17.17	0.6807E-22
17.26	0.6961E-22
17.34	0.7117E-22
17.43	0.7276E-22
17.52	0.7438E-22
17.61	0.7603E-22
17.71	0.7770E-22
17.80	0.7940E-22
17.90	0.8114E-22
17.99	0.8290E-22
18.09	0.8432E-22
18.20	0.8574E-22
18.30	0.8718E-22
18.40	0.8865E-22
18.51	0.9014E-22
18.62	0.9167E-22
18.73	0.9321E-22
18.84	0.9479E-22
18.96	0.9639E-22
19.07	0.9780E-22
19.19	0.9910E-22
19.31	0.1004E-21
19.43	0.1018E-21
19.56	0.1032E-21
19.69	0.1045E-21
19.82	0.1060E-21
19.95	0.1074E-21
20.08	0.1086E-21
20.22	0.1097E-21
20.36	0.1108E-21
20.50	0.1120E-21
20.64	0.1131E-21
20.78	0.1143E-21
20.93	0.1155E-21
21.08	0.1163E-21
21.24	0.1169E-21
21.39	0.1176E-21
21.55	0.1182E-21
21.71	0.1188E-21
21.88	0.1195E-21
22.05	0.1201E-21
22.22	0.1204E-21
22.39	0.1208E-21
22.57	0.1211E-21
22.74	0.1215E-21
22.93	0.1219E-21
23.11	0.1222E-21
23.30	0.1226E-21
23.49	0.1230E-21
23.69	0.1234E-21
23.89	0.1238E-21
24.09	0.1242E-21
24.30	0.1246E-21
24.50	0.1250E-21
24.72	0.1254E-21
24.93	0.1259E-21
25.16	0.1260E-21
25.38	0.1259E-21
25.61	0.1259E-21
25.84	0.1258E-21
26.08	0.1258E-21
26.32	0.1257E-21
34.66	0.1231E-21
38.88	0.1207E-21
41.78	0.1179E-21
43.90	0.1153E-21
46.16	0.1126E-21
48.58	0.1097E-21
50.51	0.1074E-21
52.55	0.1050E-21
54.69	0.1024E-21
56.94	0.9967E-22
59.32	0.9682E-22
61.82	0.9409E-22
64.45	0.9132E-22
66.29	0.8940E-22
68.18	0.8741E-22
70.15	0.8534E-22
72.18	0.8321E-22
74.29	0.8100E-22
76.47	0.7871E-22
78.72	0.7634E-22
81.06	0.7421E-22
83.48	0.7239E-22
85.98	0.7052E-22
88.57	0.6857E-22
91.25	0.6656E-22
94.03	0.6448E-22
96.90	0.6233E-22
99.87	0.6010E-22
103.0	0.5828E-22
106.1	0.5653E-22
109.4	0.5483E-22
112.8	0.5317E-22
116.4	0.5155E-22
120.0	0.4998E-22
123.8	0.4845E-22
127.8	0.4697E-22
131.8	0.4552E-22
136.0	0.4411E-22
140.4	0.4275E-22
144.9	0.4142E-22
149.5	0.4013E-22
154.3	0.3887E-22
159.3	0.3766E-22
164.5	0.3647E-22
169.8	0.3533E-22
175.4	0.3421E-22
181.1	0.3313E-22
187.1	0.3208E-22
193.2	0.3106E-22
199.6	0.3007E-22
206.1	0.2911E-22
212.9	0.2818E-22
220.0	0.2727E-22
227.3	0.2640E-22
234.9	0.2555E-22
242.7	0.2472E-22
250.8	0.2393E-22
259.2	0.2315E-22
267.8	0.2240E-22
276.8	0.2167E-22
286.1	0.2097E-22
295.7	0.2029E-22
305.7	0.1963E-22
316.0	0.1899E-22
326.7	0.1837E-22
337.7	0.1777E-22
349.2	0.1718E-22
361.0	0.1662E-22
373.3	0.1607E-22
385.9	0.1555E-22
399.1	0.1503E-22
412.7	0.1454E-22
426.8	0.1406E-22
441.3	0.1360E-22
456.4	0.1315E-22
472.0	0.1271E-22
488.2	0.1229E-22
513.5	0.1169E-22
540.1	0.1111E-22
568.2	0.1056E-22
597.7	0.1004E-22
628.9	0.9541E-23
661.6	0.9068E-23
696.2	0.8618E-23
732.5	0.8191E-23
770.9	0.7784E-23
811.2	0.7397E-23
853.7	0.7029E-23
898.4	0.6678E-23
945.5	0.6346E-23
995.1	0.6029E-23
--------------------------------
Extra points added by BOLSIG+:
1294.	0.4851E-23
1682.	0.3896E-23
2186.	0.3123E-23
2842.	0.2499E-23
3695.	0.1997E-23
4803.	0.1594E-23
6244.	0.1270E-23
8118.	0.1011E-23
0.1055E+05	0.8039E-24
 
 
C12 Input cross section
EXCITATION
Ar                                                              
   13.28       1.000    
--------------------------------
13.28	0.000
13.28	0.2511E-25
13.30	0.4373E-24
13.32	0.8822E-24
13.34	0.1335E-23
13.36	0.1795E-23
13.37	0.2264E-23
13.39	0.2741E-23
13.41	0.3226E-23
13.43	0.3719E-23
13.45	0.4221E-23
13.47	0.4732E-23
13.49	0.5252E-23
13.51	0.5781E-23
13.54	0.6319E-23
13.56	0.6866E-23
13.58	0.7423E-23
13.60	0.7990E-23
13.62	0.8566E-23
13.65	0.9153E-23
13.67	0.9749E-23
13.70	0.1036E-22
13.72	0.1097E-22
13.74	0.1160E-22
13.77	0.1224E-22
13.80	0.1289E-22
13.82	0.1356E-22
13.85	0.1423E-22
13.88	0.1491E-22
13.90	0.1561E-22
13.93	0.1632E-22
13.96	0.1704E-22
13.99	0.1777E-22
14.02	0.1877E-22
14.05	0.1989E-22
14.08	0.2103E-22
14.11	0.2219E-22
14.14	0.2337E-22
14.18	0.2457E-22
14.21	0.2579E-22
14.24	0.2703E-22
14.28	0.2830E-22
14.31	0.2958E-22
14.35	0.3089E-22
14.38	0.3222E-22
14.42	0.3358E-22
14.46	0.3495E-22
14.50	0.3636E-22
14.54	0.3778E-22
14.57	0.3923E-22
14.61	0.4071E-22
14.65	0.4221E-22
14.70	0.4374E-22
14.74	0.4530E-22
14.78	0.4688E-22
14.82	0.4849E-22
14.87	0.5012E-22
14.91	0.5179E-22
14.96	0.5349E-22
15.01	0.5520E-22
15.05	0.5686E-22
15.10	0.5855E-22
15.15	0.6027E-22
15.20	0.6202E-22
15.25	0.6379E-22
15.30	0.6560E-22
15.36	0.6745E-22
15.41	0.6932E-22
15.46	0.7122E-22
15.52	0.7316E-22
15.57	0.7514E-22
15.63	0.7714E-22
15.69	0.7918E-22
15.75	0.8126E-22
15.81	0.8338E-22
15.87	0.8553E-22
15.94	0.8772E-22
16.00	0.8994E-22
16.06	0.9199E-22
16.13	0.9406E-22
16.20	0.9617E-22
16.26	0.9832E-22
16.33	0.1005E-21
16.40	0.1027E-21
16.48	0.1050E-21
16.55	0.1073E-21
16.62	0.1096E-21
16.70	0.1120E-21
16.78	0.1144E-21
16.85	0.1169E-21
16.93	0.1194E-21
17.02	0.1220E-21
17.10	0.1246E-21
17.18	0.1272E-21
17.27	0.1299E-21
17.35	0.1326E-21
17.44	0.1354E-21
17.53	0.1382E-21
17.62	0.1411E-21
17.72	0.1440E-21
17.81	0.1470E-21
17.91	0.1500E-21
18.00	0.1531E-21
18.10	0.1549E-21
18.20	0.1567E-21
18.31	0.1585E-21
18.41	0.1604E-21
18.52	0.1624E-21
18.63	0.1643E-21
18.74	0.1663E-21
18.85	0.1683E-21
18.97	0.1704E-21
19.08	0.1715E-21
19.20	0.1722E-21
19.32	0.1729E-21
19.44	0.1737E-21
19.57	0.1744E-21
19.70	0.1752E-21
19.82	0.1759E-21
19.96	0.1767E-21
20.09	0.1770E-21
20.23	0.1770E-21
20.36	0.1770E-21
20.50	0.1770E-21
20.65	0.1770E-21
20.79	0.1770E-21
20.94	0.1770E-21
21.09	0.1765E-21
21.25	0.1758E-21
21.40	0.1750E-21
21.56	0.1742E-21
21.72	0.1734E-21
21.89	0.1726E-21
22.05	0.1717E-21
22.23	0.1709E-21
22.40	0.1700E-21
22.57	0.1691E-21
22.75	0.1682E-21
22.94	0.1673E-21
23.12	0.1664E-21
23.31	0.1654E-21
23.50	0.1645E-21
23.70	0.1635E-21
23.90	0.1625E-21
24.10	0.1615E-21
24.31	0.1605E-21
24.52	0.1594E-21
24.73	0.1584E-21
24.95	0.1573E-21
25.16	0.1559E-21
25.39	0.1543E-21
25.62	0.1528E-21
25.85	0.1512E-21
26.09	0.1496E-21
26.33	0.1480E-21
26.82	0.1446E-21
27.33	0.1411E-21
27.86	0.1376E-21
28.41	0.1338E-21
28.98	0.1300E-21
29.56	0.1260E-21
30.17	0.1222E-21
30.80	0.1190E-21
31.45	0.1158E-21
32.12	0.1124E-21
32.82	0.1089E-21
33.54	0.1053E-21
34.29	0.1016E-21
35.06	0.9781E-22
35.86	0.9525E-22
36.69	0.9259E-22
37.55	0.8985E-22
38.44	0.8701E-22
39.35	0.8407E-22
40.30	0.8133E-22
41.29	0.7916E-22
42.31	0.7692E-22
43.36	0.7460E-22
44.46	0.7219E-22
45.59	0.6971E-22
46.76	0.6713E-22
47.36	0.6581E-22
47.97	0.6447E-22
48.59	0.6310E-22
49.22	0.6171E-22
49.87	0.6029E-22
51.19	0.5798E-22
51.87	0.5683E-22
52.55	0.5566E-22
53.26	0.5446E-22
53.97	0.5325E-22
54.70	0.5202E-22
55.44	0.5076E-22
56.19	0.4948E-22
56.95	0.4818E-22
57.73	0.4686E-22
58.52	0.4551E-22
59.33	0.4414E-22
60.15	0.4288E-22
61.83	0.4145E-22
63.57	0.3997E-22
65.37	0.3843E-22
66.30	0.3765E-22
67.24	0.3685E-22
68.19	0.3604E-22
69.17	0.3521E-22
70.16	0.3436E-22
71.17	0.3351E-22
72.19	0.3264E-22
73.24	0.3175E-22
74.30	0.3085E-22
75.38	0.2993E-22
76.48	0.2899E-22
77.60	0.2804E-22
78.73	0.2708E-22
79.89	0.2609E-22
81.07	0.2557E-22
83.49	0.2461E-22
84.73	0.2411E-22
85.99	0.2360E-22
87.27	0.2309E-22
88.58	0.2257E-22
89.91	0.2204E-22
91.26	0.2150E-22
92.64	0.2095E-22
94.03	0.2039E-22
95.46	0.1982E-22
96.91	0.1924E-22
98.38	0.1865E-22
99.88	0.1805E-22
101.4	0.1750E-22
103.0	0.1698E-22
104.5	0.1647E-22
106.2	0.1598E-22
107.8	0.1549E-22
109.5	0.1503E-22
111.1	0.1457E-22
112.9	0.1413E-22
114.6	0.1370E-22
116.4	0.1329E-22
118.2	0.1288E-22
120.0	0.1249E-22
121.9	0.1211E-22
123.8	0.1174E-22
125.8	0.1138E-22
127.8	0.1103E-22
129.8	0.1069E-22
131.8	0.1036E-22
133.9	0.1004E-22
136.0	0.9729E-23
138.2	0.9428E-23
140.4	0.9136E-23
142.6	0.8852E-23
144.9	0.8577E-23
147.2	0.8310E-23
149.5	0.8050E-23
151.9	0.7799E-23
154.3	0.7555E-23
156.8	0.7319E-23
159.3	0.7089E-23
161.9	0.6867E-23
164.5	0.6651E-23
167.2	0.6441E-23
169.9	0.6238E-23
172.6	0.6042E-23
175.4	0.5851E-23
178.2	0.5666E-23
181.1	0.5486E-23
184.1	0.5312E-23
187.1	0.5144E-23
190.1	0.4980E-23
193.2	0.4822E-23
196.4	0.4668E-23
199.6	0.4520E-23
202.8	0.4375E-23
206.2	0.4236E-23
209.5	0.4100E-23
213.0	0.3969E-23
216.5	0.3842E-23
220.0	0.3719E-23
223.6	0.3599E-23
227.3	0.3484E-23
231.1	0.3371E-23
234.9	0.3263E-23
238.8	0.3158E-23
242.7	0.3056E-23
246.7	0.2957E-23
250.8	0.2862E-23
254.9	0.2769E-23
259.2	0.2680E-23
263.5	0.2593E-23
267.9	0.2509E-23
272.3	0.2428E-23
276.8	0.2349E-23
281.4	0.2272E-23
286.1	0.2199E-23
290.9	0.2127E-23
295.8	0.2058E-23
300.7	0.1991E-23
305.7	0.1926E-23
310.8	0.1863E-23
316.0	0.1802E-23
321.3	0.1744E-23
326.7	0.1687E-23
332.2	0.1631E-23
337.7	0.1578E-23
343.4	0.1526E-23
349.2	0.1476E-23
355.1	0.1428E-23
361.0	0.1381E-23
367.1	0.1336E-23
373.3	0.1292E-23
379.6	0.1249E-23
386.0	0.1208E-23
392.5	0.1169E-23
399.1	0.1130E-23
405.8	0.1093E-23
412.7	0.1057E-23
419.7	0.1022E-23
426.8	0.9883E-24
434.0	0.9557E-24
441.3	0.9242E-24
448.8	0.8937E-24
456.4	0.8641E-24
464.1	0.8356E-24
472.0	0.8079E-24
480.0	0.7812E-24
488.2	0.7553E-24
496.5	0.7303E-24
513.5	0.6827E-24
531.1	0.6382E-24
549.3	0.5965E-24
568.2	0.5576E-24
587.7	0.5211E-24
608.0	0.4870E-24
628.9	0.4551E-24
650.5	0.4253E-24
673.0	0.3974E-24
696.2	0.3714E-24
720.2	0.3470E-24
745.1	0.3242E-24
770.9	0.3029E-24
797.5	0.2830E-24
825.1	0.2644E-24
853.7	0.2470E-24
883.2	0.2307E-24
913.9	0.2155E-24
945.5	0.2013E-24
978.3	0.1881E-24
--------------------------------
Extra points added by BOLSIG+:
1272.	0.1513E-24
1653.	0.1215E-24
2149.	0.9745E-25
2794.	0.7800E-25
3632.	0.6234E-25
4722.	0.4975E-25
6139.	0.3965E-25
7981.	0.3156E-25
0.1037E+05	0.2510E-25
 
 
C13 Input cross section
EXCITATION
Ar                                                              
   13.30       1.000    
--------------------------------
13.30	0.000
13.30	0.2221E-25
13.32	0.3868E-24
13.34	0.7804E-24
13.36	0.1181E-23
13.37	0.1588E-23
13.39	0.2003E-23
13.41	0.2424E-23
13.43	0.2853E-23
13.45	0.3290E-23
13.47	0.3734E-23
13.49	0.4186E-23
13.51	0.4646E-23
13.53	0.5113E-23
13.55	0.5589E-23
13.58	0.6073E-23
13.60	0.6566E-23
13.62	0.7067E-23
13.64	0.7577E-23
13.67	0.8096E-23
13.69	0.8624E-23
13.71	0.9161E-23
13.74	0.9707E-23
13.76	0.1026E-22
13.79	0.1083E-22
13.82	0.1140E-22
13.84	0.1199E-22
13.87	0.1258E-22
13.90	0.1319E-22
13.92	0.1381E-22
13.95	0.1444E-22
13.98	0.1507E-22
14.01	0.1574E-22
14.04	0.1644E-22
14.07	0.1715E-22
14.10	0.1787E-22
14.13	0.1861E-22
14.16	0.1936E-22
14.20	0.2012E-22
14.23	0.2089E-22
14.26	0.2168E-22
14.30	0.2249E-22
14.33	0.2330E-22
14.37	0.2413E-22
14.40	0.2498E-22
14.44	0.2584E-22
14.48	0.2671E-22
14.52	0.2760E-22
14.55	0.2851E-22
14.59	0.2943E-22
14.63	0.3037E-22
14.67	0.3132E-22
14.71	0.3230E-22
14.76	0.3328E-22
14.80	0.3429E-22
14.84	0.3531E-22
14.89	0.3635E-22
14.93	0.3741E-22
14.98	0.3848E-22
15.03	0.3957E-22
15.07	0.4066E-22
15.12	0.4177E-22
15.17	0.4290E-22
15.22	0.4405E-22
15.27	0.4522E-22
15.32	0.4641E-22
15.38	0.4761E-22
15.43	0.4885E-22
15.48	0.5010E-22
15.54	0.5137E-22
15.59	0.5267E-22
15.65	0.5399E-22
15.71	0.5533E-22
15.77	0.5670E-22
15.83	0.5809E-22
15.89	0.5950E-22
15.95	0.6094E-22
16.02	0.6243E-22
16.08	0.6401E-22
16.15	0.6562E-22
16.21	0.6726E-22
16.28	0.6893E-22
16.35	0.7063E-22
16.42	0.7236E-22
16.50	0.7412E-22
16.57	0.7591E-22
16.64	0.7773E-22
16.72	0.7958E-22
16.80	0.8147E-22
16.87	0.8339E-22
16.95	0.8534E-22
17.03	0.8732E-22
17.12	0.8934E-22
17.20	0.9140E-22
17.29	0.9348E-22
17.37	0.9561E-22
17.46	0.9778E-22
17.55	0.9998E-22
17.64	0.1022E-21
17.73	0.1045E-21
17.83	0.1068E-21
17.93	0.1092E-21
18.02	0.1115E-21
18.12	0.1138E-21
18.22	0.1162E-21
18.33	0.1185E-21
18.43	0.1209E-21
18.54	0.1234E-21
18.65	0.1259E-21
18.76	0.1284E-21
18.87	0.1310E-21
18.98	0.1337E-21
19.10	0.1357E-21
19.22	0.1377E-21
19.34	0.1398E-21
19.46	0.1419E-21
19.59	0.1440E-21
19.71	0.1462E-21
19.84	0.1484E-21
19.98	0.1506E-21
20.11	0.1522E-21
20.25	0.1537E-21
20.38	0.1552E-21
20.52	0.1568E-21
20.67	0.1583E-21
20.81	0.1599E-21
20.96	0.1616E-21
21.11	0.1629E-21
21.27	0.1641E-21
21.42	0.1654E-21
21.58	0.1666E-21
21.74	0.1679E-21
21.91	0.1693E-21
22.07	0.1703E-21
22.25	0.1710E-21
22.42	0.1717E-21
22.59	0.1724E-21
22.77	0.1731E-21
22.96	0.1738E-21
23.14	0.1746E-21
23.33	0.1753E-21
23.52	0.1761E-21
23.72	0.1769E-21
23.92	0.1777E-21
24.12	0.1785E-21
24.32	0.1793E-21
24.53	0.1801E-21
24.75	0.1810E-21
24.96	0.1819E-21
25.18	0.1821E-21
25.41	0.1822E-21
25.64	0.1824E-21
25.87	0.1825E-21
26.11	0.1827E-21
26.35	0.1828E-21
26.59	0.1829E-21
33.20	0.1792E-21
35.48	0.1747E-21
36.71	0.1712E-21
38.01	0.1676E-21
39.37	0.1638E-21
40.81	0.1596E-21
42.33	0.1552E-21
43.38	0.1522E-21
44.48	0.1490E-21
45.61	0.1457E-21
46.78	0.1424E-21
47.99	0.1388E-21
49.24	0.1352E-21
50.54	0.1318E-21
51.88	0.1287E-21
53.27	0.1255E-21
54.72	0.1222E-21
56.21	0.1187E-21
57.75	0.1152E-21
59.35	0.1115E-21
61.00	0.1086E-21
62.71	0.1062E-21
64.48	0.1037E-21
66.31	0.1012E-21
68.21	0.9850E-22
70.18	0.9575E-22
72.21	0.9290E-22
74.32	0.8996E-22
76.50	0.8690E-22
78.75	0.8375E-22
81.09	0.8113E-22
83.50	0.7920E-22
86.01	0.7719E-22
88.60	0.7512E-22
91.28	0.7298E-22
94.05	0.7076E-22
96.93	0.6846E-22
99.90	0.6608E-22
103.0	0.6409E-22
106.2	0.6217E-22
109.5	0.6029E-22
112.9	0.5847E-22
116.4	0.5669E-22
120.1	0.5497E-22
123.9	0.5329E-22
127.8	0.5165E-22
131.8	0.5006E-22
136.0	0.4852E-22
140.4	0.4701E-22
144.9	0.4555E-22
149.6	0.4413E-22
154.4	0.4275E-22
159.4	0.4141E-22
164.5	0.4011E-22
169.9	0.3885E-22
175.4	0.3762E-22
181.2	0.3643E-22
187.1	0.3528E-22
193.2	0.3416E-22
199.6	0.3307E-22
206.2	0.3201E-22
213.0	0.3099E-22
220.0	0.3000E-22
227.3	0.2903E-22
234.9	0.2810E-22
242.7	0.2719E-22
250.8	0.2632E-22
259.2	0.2546E-22
267.9	0.2464E-22
276.9	0.2384E-22
286.1	0.2307E-22
295.8	0.2232E-22
305.7	0.2159E-22
316.0	0.2088E-22
326.7	0.2020E-22
337.8	0.1954E-22
349.2	0.1890E-22
361.0	0.1828E-22
373.3	0.1768E-22
386.0	0.1710E-22
399.1	0.1654E-22
412.7	0.1599E-22
426.8	0.1546E-22
441.3	0.1495E-22
456.4	0.1446E-22
472.0	0.1398E-22
488.2	0.1352E-22
513.5	0.1285E-22
540.1	0.1222E-22
568.2	0.1162E-22
597.8	0.1104E-22
628.9	0.1049E-22
661.7	0.9975E-23
696.2	0.9480E-23
732.6	0.9009E-23
770.9	0.8562E-23
811.2	0.8136E-23
853.7	0.7731E-23
898.4	0.7346E-23
945.6	0.6980E-23
995.2	0.6632E-23
--------------------------------
Extra points added by BOLSIG+:
1294.	0.5336E-23
1682.	0.4285E-23
2186.	0.3435E-23
2842.	0.2749E-23
3695.	0.2197E-23
4804.	0.1753E-23
6245.	0.1397E-23
8118.	0.1112E-23
0.1055E+05	0.8844E-24
 
 
C14 Input cross section
EXCITATION
Ar                                                              
   13.33       1.000    
--------------------------------
13.33	0.000
13.33	0.2976E-25
13.35	0.5184E-24
13.36	0.1046E-23
13.38	0.1583E-23
13.40	0.2129E-23
13.42	0.2684E-23
13.44	0.3249E-23
13.46	0.3824E-23
13.48	0.4409E-23
13.50	0.5005E-23
13.52	0.5610E-23
13.54	0.6226E-23
13.56	0.6853E-23
13.58	0.7491E-23
13.60	0.8140E-23
13.62	0.8800E-23
13.65	0.9472E-23
13.67	0.1015E-22
13.69	0.1085E-22
13.72	0.1156E-22
13.74	0.1228E-22
13.77	0.1301E-22
13.79	0.1376E-22
13.82	0.1451E-22
13.84	0.1528E-22
13.87	0.1607E-22
13.89	0.1687E-22
13.92	0.1768E-22
13.95	0.1851E-22
13.98	0.1935E-22
14.01	0.2018E-22
14.04	0.2094E-22
14.07	0.2171E-22
14.10	0.2250E-22
14.13	0.2330E-22
14.16	0.2411E-22
14.19	0.2494E-22
14.22	0.2579E-22
14.26	0.2664E-22
14.29	0.2752E-22
14.32	0.2841E-22
14.36	0.2931E-22
14.39	0.3023E-22
14.43	0.3116E-22
14.47	0.3211E-22
14.50	0.3308E-22
14.54	0.3407E-22
14.58	0.3507E-22
14.62	0.3609E-22
14.66	0.3713E-22
14.70	0.3818E-22
14.74	0.3926E-22
14.78	0.4035E-22
14.82	0.4146E-22
14.87	0.4259E-22
14.91	0.4374E-22
14.96	0.4492E-22
15.00	0.4606E-22
15.05	0.4671E-22
15.10	0.4737E-22
15.15	0.4805E-22
15.20	0.4874E-22
15.24	0.4944E-22
15.30	0.5015E-22
15.35	0.5087E-22
15.40	0.5161E-22
15.45	0.5236E-22
15.51	0.5312E-22
15.56	0.5390E-22
15.62	0.5468E-22
15.68	0.5549E-22
15.74	0.5630E-22
15.79	0.5714E-22
15.86	0.5798E-22
15.92	0.5884E-22
15.98	0.5972E-22
16.04	0.6030E-22
16.11	0.6076E-22
16.17	0.6122E-22
16.24	0.6169E-22
16.31	0.6216E-22
16.38	0.6265E-22
16.45	0.6314E-22
16.52	0.6364E-22
16.59	0.6416E-22
16.67	0.6468E-22
16.74	0.6521E-22
16.82	0.6574E-22
16.90	0.6629E-22
16.98	0.6685E-22
17.06	0.6742E-22
17.14	0.6799E-22
17.23	0.6858E-22
17.31	0.6918E-22
17.40	0.6979E-22
17.49	0.7040E-22
17.58	0.7103E-22
17.67	0.7167E-22
17.76	0.7232E-22
17.86	0.7299E-22
17.95	0.7366E-22
18.05	0.7415E-22
18.15	0.7445E-22
18.25	0.7475E-22
18.35	0.7506E-22
18.46	0.7538E-22
18.57	0.7570E-22
18.67	0.7602E-22
18.79	0.7635E-22
18.90	0.7669E-22
19.01	0.7702E-22
19.13	0.7719E-22
19.25	0.7737E-22
19.37	0.7755E-22
19.49	0.7773E-22
19.61	0.7792E-22
19.74	0.7811E-22
19.87	0.7831E-22
20.00	0.7850E-22
20.14	0.7847E-22
20.27	0.7843E-22
20.41	0.7840E-22
20.55	0.7836E-22
20.69	0.7833E-22
20.84	0.7829E-22
20.99	0.7825E-22
21.14	0.7821E-22
21.29	0.7818E-22
21.45	0.7814E-22
21.61	0.7810E-22
21.77	0.7806E-22
21.93	0.7802E-22
22.10	0.7783E-22
22.27	0.7755E-22
22.44	0.7726E-22
22.62	0.7697E-22
22.80	0.7667E-22
22.98	0.7636E-22
23.17	0.7606E-22
23.36	0.7574E-22
23.55	0.7542E-22
23.74	0.7509E-22
23.94	0.7476E-22
24.14	0.7442E-22
24.35	0.7408E-22
24.56	0.7373E-22
24.77	0.7338E-22
24.99	0.7302E-22
25.21	0.7254E-22
25.43	0.7204E-22
25.66	0.7154E-22
25.90	0.7103E-22
26.13	0.7051E-22
26.37	0.6998E-22
26.62	0.6944E-22
27.38	0.6777E-22
28.18	0.6601E-22
29.02	0.6416E-22
29.61	0.6287E-22
30.21	0.6162E-22
31.16	0.5990E-22
31.83	0.5871E-22
32.51	0.5748E-22
33.22	0.5620E-22
33.95	0.5488E-22
34.72	0.5351E-22
35.50	0.5210E-22
36.32	0.5063E-22
37.16	0.4911E-22
38.03	0.4754E-22
38.94	0.4592E-22
39.87	0.4423E-22
40.84	0.4308E-22
41.84	0.4198E-22
42.88	0.4083E-22
43.95	0.3965E-22
45.06	0.3843E-22
46.21	0.3717E-22
47.40	0.3586E-22
48.64	0.3450E-22
49.27	0.3380E-22
49.91	0.3310E-22
51.23	0.3201E-22
52.60	0.3092E-22
54.02	0.2979E-22
55.48	0.2862E-22
56.23	0.2802E-22
57.00	0.2740E-22
57.77	0.2678E-22
58.57	0.2615E-22
59.37	0.2550E-22
60.19	0.2490E-22
61.87	0.2406E-22
63.61	0.2319E-22
65.42	0.2229E-22
66.34	0.2183E-22
67.28	0.2136E-22
68.24	0.2088E-22
69.21	0.2039E-22
70.20	0.1990E-22
71.21	0.1939E-22
72.24	0.1888E-22
73.28	0.1836E-22
74.34	0.1783E-22
75.42	0.1729E-22
76.52	0.1674E-22
77.64	0.1618E-22
78.78	0.1561E-22
79.94	0.1503E-22
81.11	0.1472E-22
82.31	0.1442E-22
83.53	0.1412E-22
84.77	0.1381E-22
86.03	0.1349E-22
87.32	0.1317E-22
88.62	0.1284E-22
89.95	0.1251E-22
91.31	0.1217E-22
92.68	0.1183E-22
94.08	0.1148E-22
95.50	0.1112E-22
96.95	0.1076E-22
98.43	0.1039E-22
99.93	0.1002E-22
101.5	0.9716E-23
103.0	0.9425E-23
104.6	0.9142E-23
106.2	0.8868E-23
107.8	0.8601E-23
109.5	0.8341E-23
111.2	0.8089E-23
112.9	0.7845E-23
114.7	0.7607E-23
116.4	0.7376E-23
118.2	0.7151E-23
120.1	0.6933E-23
122.0	0.6721E-23
123.9	0.6516E-23
125.8	0.6316E-23
127.8	0.6122E-23
129.8	0.5934E-23
131.9	0.5751E-23
133.9	0.5574E-23
136.1	0.5401E-23
138.2	0.5234E-23
140.4	0.5072E-23
142.6	0.4915E-23
144.9	0.4762E-23
147.2	0.4614E-23
149.6	0.4470E-23
152.0	0.4330E-23
154.4	0.4195E-23
156.9	0.4064E-23
159.4	0.3936E-23
161.9	0.3813E-23
164.6	0.3693E-23
167.2	0.3577E-23
169.9	0.3464E-23
172.7	0.3355E-23
175.4	0.3249E-23
178.3	0.3146E-23
181.2	0.3046E-23
184.1	0.2950E-23
187.1	0.2856E-23
190.2	0.2766E-23
193.2	0.2678E-23
196.4	0.2592E-23
199.6	0.2510E-23
202.9	0.2430E-23
206.2	0.2352E-23
209.6	0.2277E-23
213.0	0.2204E-23
216.5	0.2133E-23
220.1	0.2065E-23
223.7	0.1999E-23
227.4	0.1935E-23
231.1	0.1872E-23
234.9	0.1812E-23
238.8	0.1754E-23
242.7	0.1697E-23
246.8	0.1642E-23
250.8	0.1589E-23
255.0	0.1538E-23
259.2	0.1488E-23
263.5	0.1440E-23
267.9	0.1393E-23
272.3	0.1348E-23
276.9	0.1305E-23
281.5	0.1262E-23
286.2	0.1221E-23
290.9	0.1181E-23
295.8	0.1143E-23
300.7	0.1106E-23
305.8	0.1070E-23
310.9	0.1035E-23
316.1	0.1001E-23
321.4	0.9683E-24
326.7	0.9367E-24
332.2	0.9061E-24
337.8	0.8764E-24
343.5	0.8477E-24
349.2	0.8199E-24
355.1	0.7931E-24
361.1	0.7670E-24
367.1	0.7419E-24
373.3	0.7175E-24
379.6	0.6939E-24
386.0	0.6711E-24
392.5	0.6491E-24
399.1	0.6277E-24
405.9	0.6070E-24
412.7	0.5870E-24
419.7	0.5677E-24
426.8	0.5490E-24
434.0	0.5309E-24
441.4	0.5133E-24
448.8	0.4964E-24
456.4	0.4800E-24
464.2	0.4641E-24
472.1	0.4488E-24
480.1	0.4339E-24
488.2	0.4195E-24
496.5	0.4057E-24
513.5	0.3792E-24
531.1	0.3545E-24
549.4	0.3313E-24
568.2	0.3097E-24
587.8	0.2895E-24
608.0	0.2705E-24
628.9	0.2528E-24
650.6	0.2363E-24
673.0	0.2208E-24
696.2	0.2063E-24
720.3	0.1928E-24
745.1	0.1801E-24
770.9	0.1683E-24
797.6	0.1572E-24
825.2	0.1469E-24
853.7	0.1372E-24
883.3	0.1282E-24
913.9	0.1197E-24
945.6	0.1118E-24
978.4	0.1045E-24
--------------------------------
Extra points added by BOLSIG+:
1272.	0.8407E-25
1653.	0.6752E-25
2150.	0.5414E-25
2794.	0.4333E-25
3633.	0.3463E-25
4722.	0.2764E-25
6139.	0.2203E-25
7981.	0.1754E-25
0.1038E+05	0.1395E-25
 
 
C15 Input cross section
EXCITATION
Ar                                                              
   13.48       1.000    
--------------------------------
13.48	0.000
13.48	0.5577E-25
13.50	0.9715E-24
13.52	0.1960E-23
13.53	0.2965E-23
13.55	0.3989E-23
13.57	0.5029E-23
13.59	0.6089E-23
13.61	0.7166E-23
13.63	0.8262E-23
13.65	0.9378E-23
13.67	0.1051E-22
13.69	0.1167E-22
13.71	0.1284E-22
13.73	0.1404E-22
13.75	0.1525E-22
13.78	0.1649E-22
13.80	0.1775E-22
13.82	0.1903E-22
13.85	0.2033E-22
13.87	0.2166E-22
13.89	0.2301E-22
13.92	0.2438E-22
13.94	0.2578E-22
13.97	0.2720E-22
13.99	0.2864E-22
14.02	0.3029E-22
14.05	0.3204E-22
14.07	0.3381E-22
14.10	0.3562E-22
14.13	0.3745E-22
14.16	0.3932E-22
14.19	0.4122E-22
14.22	0.4316E-22
14.25	0.4512E-22
14.28	0.4713E-22
14.31	0.4916E-22
14.34	0.5124E-22
14.38	0.5334E-22
14.41	0.5549E-22
14.44	0.5767E-22
14.47	0.5989E-22
14.51	0.6215E-22
14.54	0.6445E-22
14.58	0.6679E-22
14.62	0.6917E-22
14.65	0.7159E-22
14.69	0.7405E-22
14.73	0.7656E-22
14.77	0.7911E-22
14.81	0.8170E-22
14.85	0.8434E-22
14.89	0.8702E-22
14.94	0.8976E-22
14.98	0.9253E-22
15.02	0.9534E-22
15.06	0.9817E-22
15.11	0.1011E-21
15.16	0.1040E-21
15.20	0.1070E-21
15.25	0.1100E-21
15.30	0.1131E-21
15.35	0.1162E-21
15.40	0.1194E-21
15.45	0.1227E-21
15.50	0.1260E-21
15.55	0.1294E-21
15.61	0.1328E-21
15.66	0.1363E-21
15.72	0.1398E-21
15.77	0.1434E-21
15.83	0.1471E-21
15.89	0.1508E-21
15.95	0.1546E-21
16.01	0.1584E-21
16.07	0.1621E-21
16.13	0.1657E-21
16.20	0.1694E-21
16.26	0.1732E-21
16.33	0.1771E-21
16.39	0.1810E-21
16.46	0.1850E-21
16.53	0.1890E-21
16.60	0.1932E-21
16.67	0.1974E-21
16.75	0.2016E-21
16.82	0.2060E-21
16.90	0.2104E-21
16.97	0.2149E-21
17.05	0.2195E-21
17.13	0.2241E-21
17.21	0.2289E-21
17.29	0.2337E-21
17.38	0.2386E-21
17.46	0.2436E-21
17.55	0.2487E-21
17.64	0.2538E-21
17.73	0.2591E-21
17.82	0.2644E-21
17.91	0.2699E-21
18.01	0.2753E-21
18.10	0.2799E-21
18.20	0.2845E-21
18.30	0.2892E-21
18.40	0.2939E-21
18.51	0.2988E-21
18.61	0.3037E-21
18.72	0.3087E-21
18.83	0.3138E-21
18.94	0.3190E-21
19.05	0.3239E-21
19.16	0.3282E-21
19.28	0.3326E-21
19.40	0.3371E-21
19.52	0.3417E-21
19.64	0.3464E-21
19.77	0.3511E-21
19.89	0.3559E-21
20.02	0.3606E-21
20.15	0.3638E-21
20.29	0.3672E-21
20.42	0.3706E-21
20.56	0.3740E-21
20.70	0.3776E-21
20.85	0.3811E-21
20.99	0.3848E-21
21.14	0.3871E-21
21.29	0.3894E-21
21.44	0.3917E-21
21.60	0.3940E-21
21.76	0.3964E-21
21.92	0.3988E-21
22.09	0.4006E-21
22.25	0.4017E-21
22.42	0.4028E-21
22.60	0.4040E-21
22.77	0.4052E-21
22.95	0.4063E-21
23.13	0.4076E-21
23.32	0.4088E-21
23.51	0.4100E-21
23.70	0.4113E-21
23.90	0.4126E-21
24.09	0.4140E-21
24.30	0.4153E-21
24.50	0.4167E-21
24.71	0.4181E-21
24.93	0.4195E-21
25.14	0.4199E-21
25.36	0.4196E-21
25.59	0.4194E-21
25.82	0.4192E-21
26.05	0.4189E-21
26.28	0.4187E-21
26.52	0.4185E-21
26.77	0.4182E-21
35.26	0.4095E-21
39.55	0.4009E-21
41.99	0.3920E-21
44.10	0.3836E-21
46.36	0.3745E-21
48.79	0.3649E-21
50.72	0.3571E-21
52.75	0.3490E-21
54.89	0.3404E-21
57.15	0.3314E-21
59.52	0.3219E-21
62.02	0.3129E-21
64.66	0.3037E-21
66.49	0.2973E-21
68.39	0.2906E-21
70.36	0.2837E-21
72.39	0.2766E-21
74.50	0.2693E-21
76.67	0.2616E-21
78.93	0.2537E-21
81.27	0.2468E-21
83.68	0.2408E-21
86.19	0.2345E-21
88.78	0.2281E-21
91.46	0.2214E-21
94.23	0.2144E-21
97.11	0.2072E-21
100.1	0.1998E-21
103.2	0.1939E-21
106.3	0.1881E-21
109.6	0.1824E-21
113.1	0.1769E-21
116.6	0.1715E-21
120.2	0.1663E-21
124.0	0.1612E-21
128.0	0.1563E-21
132.0	0.1515E-21
136.2	0.1468E-21
140.6	0.1423E-21
145.1	0.1379E-21
149.7	0.1336E-21
154.6	0.1294E-21
159.5	0.1254E-21
164.7	0.1214E-21
170.1	0.1176E-21
175.6	0.1139E-21
181.3	0.1103E-21
187.3	0.1068E-21
193.4	0.1034E-21
199.8	0.1001E-21
206.3	0.9692E-22
213.2	0.9383E-22
220.2	0.9082E-22
227.5	0.8791E-22
235.1	0.8508E-22
242.9	0.8234E-22
251.0	0.7969E-22
259.4	0.7711E-22
268.0	0.7462E-22
277.0	0.7220E-22
286.3	0.6985E-22
295.9	0.6758E-22
305.9	0.6538E-22
316.2	0.6325E-22
326.9	0.6118E-22
337.9	0.5918E-22
349.4	0.5724E-22
361.2	0.5537E-22
373.5	0.5355E-22
386.2	0.5179E-22
399.3	0.5009E-22
412.9	0.4844E-22
427.0	0.4684E-22
441.5	0.4530E-22
456.6	0.4380E-22
472.2	0.4235E-22
488.4	0.4095E-22
513.7	0.3894E-22
540.3	0.3702E-22
568.4	0.3519E-22
597.9	0.3345E-22
629.1	0.3179E-22
661.9	0.3022E-22
696.4	0.2872E-22
732.8	0.2729E-22
771.1	0.2594E-22
811.4	0.2465E-22
853.9	0.2342E-22
898.6	0.2226E-22
945.7	0.2115E-22
995.4	0.2009E-22
--------------------------------
Extra points added by BOLSIG+:
1294.	0.1617E-22
1682.	0.1299E-22
2187.	0.1041E-22
2843.	0.8333E-23
3696.	0.6660E-23
4804.	0.5315E-23
6246.	0.4236E-23
8119.	0.3372E-23
0.1056E+05	0.2681E-23
 
 
C16 Input cross section
EXCITATION
Ar                                                              
   13.85       1.000    
--------------------------------
13.85	0.000
13.85	0.7097E-25
13.86	0.1236E-23
13.88	0.2494E-23
13.90	0.3774E-23
13.92	0.5076E-23
13.94	0.6400E-23
13.95	0.7748E-23
13.97	0.9119E-23
13.99	0.1051E-22
14.01	0.1170E-22
14.03	0.1278E-22
14.05	0.1387E-22
14.07	0.1499E-22
14.10	0.1613E-22
14.12	0.1728E-22
14.14	0.1846E-22
14.16	0.1965E-22
14.19	0.2087E-22
14.21	0.2211E-22
14.23	0.2337E-22
14.26	0.2465E-22
14.28	0.2595E-22
14.31	0.2728E-22
14.33	0.2863E-22
14.36	0.3000E-22
14.38	0.3140E-22
14.41	0.3282E-22
14.44	0.3427E-22
14.47	0.3574E-22
14.49	0.3724E-22
14.52	0.3876E-22
14.55	0.4031E-22
14.58	0.4189E-22
14.61	0.4349E-22
14.64	0.4512E-22
14.68	0.4679E-22
14.71	0.4848E-22
14.74	0.5019E-22
14.77	0.5194E-22
14.81	0.5372E-22
14.84	0.5553E-22
14.88	0.5738E-22
14.91	0.5925E-22
14.95	0.6116E-22
14.98	0.6310E-22
15.02	0.6457E-22
15.06	0.6563E-22
15.10	0.6671E-22
15.14	0.6780E-22
15.18	0.6892E-22
15.22	0.7006E-22
15.26	0.7121E-22
15.30	0.7239E-22
15.34	0.7359E-22
15.39	0.7481E-22
15.43	0.7605E-22
15.47	0.7731E-22
15.52	0.7859E-22
15.57	0.7990E-22
15.62	0.8122E-22
15.66	0.8257E-22
15.71	0.8395E-22
15.76	0.8535E-22
15.81	0.8677E-22
15.87	0.8822E-22
15.92	0.8969E-22
15.97	0.9119E-22
16.03	0.9233E-22
16.08	0.9305E-22
16.14	0.9378E-22
16.20	0.9453E-22
16.25	0.9529E-22
16.31	0.9606E-22
16.37	0.9685E-22
16.43	0.9764E-22
16.50	0.9846E-22
16.56	0.9929E-22
16.62	0.1001E-21
16.69	0.1010E-21
16.76	0.1019E-21
16.83	0.1027E-21
16.89	0.1036E-21
16.97	0.1046E-21
17.04	0.1052E-21
17.11	0.1056E-21
17.18	0.1059E-21
17.26	0.1063E-21
17.34	0.1067E-21
17.42	0.1071E-21
17.50	0.1075E-21
17.58	0.1079E-21
17.66	0.1083E-21
17.74	0.1087E-21
17.83	0.1091E-21
17.91	0.1096E-21
18.00	0.1100E-21
18.09	0.1100E-21
18.18	0.1100E-21
18.28	0.1100E-21
18.37	0.1100E-21
18.47	0.1100E-21
18.57	0.1100E-21
18.67	0.1100E-21
18.77	0.1100E-21
18.87	0.1100E-21
18.98	0.1100E-21
19.08	0.1098E-21
19.19	0.1094E-21
19.30	0.1091E-21
19.41	0.1088E-21
19.53	0.1084E-21
19.64	0.1081E-21
19.76	0.1077E-21
19.88	0.1073E-21
20.01	0.1070E-21
20.13	0.1063E-21
20.26	0.1057E-21
20.39	0.1051E-21
20.52	0.1044E-21
20.65	0.1037E-21
20.79	0.1031E-21
20.93	0.1024E-21
21.07	0.1017E-21
21.21	0.1009E-21
21.36	0.1002E-21
21.50	0.9948E-22
21.66	0.9872E-22
21.81	0.9796E-22
21.96	0.9717E-22
22.12	0.9626E-22
22.29	0.9529E-22
22.45	0.9430E-22
22.62	0.9330E-22
22.79	0.9227E-22
22.96	0.9123E-22
23.14	0.9018E-22
23.32	0.8910E-22
23.50	0.8801E-22
23.68	0.8689E-22
23.87	0.8576E-22
24.07	0.8461E-22
24.26	0.8344E-22
24.46	0.8224E-22
24.66	0.8103E-22
24.87	0.7979E-22
25.08	0.7864E-22
25.29	0.7766E-22
25.51	0.7667E-22
25.73	0.7565E-22
25.95	0.7462E-22
26.18	0.7357E-22
26.41	0.7250E-22
26.65	0.7141E-22
26.89	0.7031E-22
27.13	0.6918E-22
27.38	0.6804E-22
27.64	0.6687E-22
28.16	0.6448E-22
28.69	0.6201E-22
28.97	0.6074E-22
29.25	0.5945E-22
29.54	0.5813E-22
29.83	0.5679E-22
30.12	0.5558E-22
30.73	0.5352E-22
31.04	0.5246E-22
31.36	0.5138E-22
31.68	0.5028E-22
32.01	0.4917E-22
32.34	0.4803E-22
32.68	0.4688E-22
33.03	0.4570E-22
33.38	0.4451E-22
33.74	0.4329E-22
34.10	0.4205E-22
34.47	0.4079E-22
34.85	0.3951E-22
35.23	0.3849E-22
35.62	0.3763E-22
36.02	0.3676E-22
36.42	0.3587E-22
36.83	0.3497E-22
37.25	0.3405E-22
37.68	0.3311E-22
38.11	0.3216E-22
38.55	0.3119E-22
39.00	0.3021E-22
39.45	0.2921E-22
39.92	0.2818E-22
40.39	0.2746E-22
40.87	0.2679E-22
41.35	0.2610E-22
41.85	0.2541E-22
42.36	0.2470E-22
42.87	0.2398E-22
43.39	0.2325E-22
43.93	0.2250E-22
44.47	0.2175E-22
45.02	0.2098E-22
45.58	0.2042E-22
46.15	0.1985E-22
46.73	0.1927E-22
47.32	0.1868E-22
47.92	0.1808E-22
48.53	0.1747E-22
49.15	0.1685E-22
49.78	0.1621E-22
50.43	0.1574E-22
51.08	0.1534E-22
51.75	0.1493E-22
52.43	0.1452E-22
53.12	0.1410E-22
53.82	0.1367E-22
54.53	0.1324E-22
55.26	0.1279E-22
56.00	0.1234E-22
56.75	0.1188E-22
57.51	0.1142E-22
58.29	0.1094E-22
59.08	0.1046E-22
59.89	0.9968E-23
60.71	0.9659E-23
61.54	0.9376E-23
62.39	0.9087E-23
63.25	0.8794E-23
64.13	0.8495E-23
65.03	0.8192E-23
65.93	0.7883E-23
66.86	0.7568E-23
67.80	0.7248E-23
68.76	0.6923E-23
69.73	0.6592E-23
70.72	0.6356E-23
71.73	0.6154E-23
72.75	0.5949E-23
73.80	0.5740E-23
74.86	0.5528E-23
75.94	0.5312E-23
77.04	0.5092E-23
78.16	0.4868E-23
79.30	0.4641E-23
80.45	0.4452E-23
81.63	0.4329E-23
82.83	0.4203E-23
84.05	0.4075E-23
85.29	0.3945E-23
86.55	0.3812E-23
87.83	0.3677E-23
89.14	0.3540E-23
90.47	0.3401E-23
91.82	0.3259E-23
93.20	0.3114E-23
94.60	0.2967E-23
96.02	0.2818E-23
97.47	0.2666E-23
98.94	0.2511E-23
100.4	0.2368E-23
102.0	0.2264E-23
103.5	0.2163E-23
105.1	0.2067E-23
106.7	0.1975E-23
108.3	0.1887E-23
110.0	0.1803E-23
111.7	0.1722E-23
113.4	0.1645E-23
115.2	0.1571E-23
117.0	0.1500E-23
118.8	0.1433E-23
120.6	0.1368E-23
122.5	0.1306E-23
124.4	0.1247E-23
126.3	0.1190E-23
128.3	0.1136E-23
130.3	0.1084E-23
132.4	0.1034E-23
134.5	0.9872E-24
136.6	0.9420E-24
138.7	0.8987E-24
140.9	0.8574E-24
143.2	0.8180E-24
145.4	0.7803E-24
147.7	0.7442E-24
150.1	0.7098E-24
152.5	0.6769E-24
154.9	0.6456E-24
157.4	0.6156E-24
159.9	0.5870E-24
162.5	0.5596E-24
165.1	0.5335E-24
167.7	0.5086E-24
170.4	0.4849E-24
173.2	0.4622E-24
176.0	0.4405E-24
178.8	0.4198E-24
181.7	0.4001E-24
184.6	0.3813E-24
187.6	0.3633E-24
190.7	0.3462E-24
193.8	0.3299E-24
196.9	0.3143E-24
200.1	0.2994E-24
203.4	0.2852E-24
206.7	0.2717E-24
210.1	0.2588E-24
213.5	0.2465E-24
217.0	0.2348E-24
220.6	0.2236E-24
224.2	0.2130E-24
227.9	0.2028E-24
231.6	0.1931E-24
235.4	0.1839E-24
239.3	0.1751E-24
243.2	0.1667E-24
247.3	0.1588E-24
251.3	0.1511E-24
255.5	0.1439E-24
259.7	0.1370E-24
264.0	0.1304E-24
268.4	0.1241E-24
272.9	0.1181E-24
277.4	0.1124E-24
282.0	0.1070E-24
286.7	0.1019E-24
291.5	0.9694E-25
296.3	0.9225E-25
301.2	0.8779E-25
306.3	0.8354E-25
311.4	0.7949E-25
316.6	0.7564E-25
321.9	0.7197E-25
327.3	0.6848E-25
332.7	0.6515E-25
338.3	0.6198E-25
344.0	0.5897E-25
349.7	0.5610E-25
355.6	0.5337E-25
361.6	0.5077E-25
367.7	0.4829E-25
373.8	0.4594E-25
380.1	0.4369E-25
386.5	0.4156E-25
393.0	0.3953E-25
399.7	0.3760E-25
406.4	0.3576E-25
413.2	0.3401E-25
420.2	0.3234E-25
427.3	0.3076E-25
434.5	0.2925E-25
441.9	0.2782E-25
449.4	0.2645E-25
457.0	0.2515E-25
464.7	0.2392E-25
472.6	0.2274E-25
480.6	0.2162E-25
488.7	0.2056E-25
497.0	0.1955E-25
505.4	0.1859E-25
514.0	0.1767E-25
522.8	0.1680E-25
531.6	0.1597E-25
540.7	0.1518E-25
549.9	0.1444E-25
559.2	0.1372E-25
568.8	0.1305E-25
578.4	0.1240E-25
588.3	0.1179E-25
598.3	0.1121E-25
608.5	0.1065E-25
618.9	0.1013E-25
629.4	0.9624E-26
640.2	0.9148E-26
651.1	0.8695E-26
662.2	0.8264E-26
673.5	0.7855E-26
685.0	0.7465E-26
696.8	0.7095E-26
708.7	0.6743E-26
720.8	0.6409E-26
733.1	0.6091E-26
745.7	0.5789E-26
758.4	0.5501E-26
771.4	0.5228E-26
784.6	0.4968E-26
798.1	0.4721E-26
811.8	0.4487E-26
825.7	0.4264E-26
839.8	0.4052E-26
854.2	0.3850E-26
868.9	0.3659E-26
883.8	0.3477E-26
899.0	0.3303E-26
914.4	0.3139E-26
930.1	0.2983E-26
946.1	0.2834E-26
962.4	0.2693E-26
978.9	0.2559E-26
995.7	0.2431E-26
--------------------------------
Extra points added by BOLSIG+:
1294.	0.1957E-26
1683.	0.1572E-26
2188.	0.1260E-26
2844.	0.1009E-26
3697.	0.8065E-27
4806.	0.6437E-27
6248.	0.5131E-27
8122.	0.4085E-27
0.1056E+05	0.3249E-27
 
 
C17 Input cross section
EXCITATION
Ar                                                              
   13.86       1.000    
--------------------------------
13.86	0.000
13.87	0.2941E-24
13.88	0.5123E-23
13.90	0.1034E-22
13.92	0.1564E-22
13.94	0.2104E-22
13.95	0.2652E-22
13.97	0.3211E-22
13.99	0.3779E-22
14.01	0.4316E-22
14.03	0.4836E-22
14.05	0.5365E-22
14.07	0.5903E-22
14.09	0.6451E-22
14.12	0.7008E-22
14.14	0.7575E-22
14.16	0.8152E-22
14.18	0.8739E-22
14.21	0.9336E-22
14.23	0.9943E-22
14.25	0.1056E-21
14.28	0.1119E-21
14.30	0.1183E-21
14.33	0.1248E-21
14.35	0.1314E-21
14.38	0.1382E-21
14.40	0.1450E-21
14.43	0.1520E-21
14.46	0.1591E-21
14.49	0.1663E-21
14.51	0.1737E-21
14.54	0.1811E-21
14.57	0.1887E-21
14.60	0.1965E-21
14.63	0.2043E-21
14.66	0.2123E-21
14.69	0.2205E-21
14.73	0.2288E-21
14.76	0.2372E-21
14.79	0.2458E-21
14.82	0.2545E-21
14.86	0.2634E-21
14.89	0.2724E-21
14.93	0.2816E-21
14.96	0.2910E-21
15.00	0.3003E-21
15.04	0.3059E-21
15.08	0.3116E-21
15.12	0.3174E-21
15.15	0.3232E-21
15.20	0.3292E-21
15.23	0.3353E-21
15.28	0.3415E-21
15.32	0.3478E-21
15.36	0.3542E-21
15.40	0.3607E-21
15.45	0.3674E-21
15.49	0.3741E-21
15.54	0.3810E-21
15.59	0.3880E-21
15.63	0.3951E-21
15.68	0.4024E-21
15.73	0.4097E-21
15.78	0.4172E-21
15.83	0.4248E-21
15.88	0.4326E-21
15.94	0.4405E-21
15.99	0.4485E-21
16.05	0.4533E-21
16.10	0.4575E-21
16.16	0.4617E-21
16.21	0.4660E-21
16.27	0.4704E-21
16.33	0.4748E-21
16.39	0.4794E-21
16.45	0.4840E-21
16.52	0.4887E-21
16.58	0.4935E-21
16.64	0.4983E-21
16.71	0.5032E-21
16.78	0.5083E-21
16.84	0.5134E-21
16.91	0.5186E-21
16.98	0.5239E-21
17.06	0.5264E-21
17.13	0.5282E-21
17.20	0.5301E-21
17.28	0.5320E-21
17.36	0.5339E-21
17.43	0.5359E-21
17.52	0.5379E-21
17.60	0.5399E-21
17.68	0.5419E-21
17.76	0.5440E-21
17.85	0.5462E-21
17.93	0.5484E-21
18.02	0.5500E-21
18.11	0.5500E-21
18.20	0.5500E-21
18.30	0.5500E-21
18.39	0.5500E-21
18.49	0.5500E-21
18.59	0.5500E-21
18.68	0.5500E-21
18.79	0.5500E-21
18.89	0.5500E-21
19.00	0.5500E-21
19.10	0.5485E-21
19.21	0.5469E-21
19.32	0.5452E-21
19.43	0.5435E-21
19.55	0.5418E-21
19.66	0.5400E-21
19.78	0.5383E-21
19.90	0.5365E-21
20.02	0.5344E-21
20.15	0.5316E-21
20.28	0.5288E-21
20.41	0.5259E-21
20.54	0.5229E-21
20.67	0.5199E-21
20.81	0.5168E-21
20.95	0.5137E-21
21.09	0.5106E-21
21.23	0.5073E-21
21.38	0.5041E-21
21.52	0.5007E-21
21.67	0.4973E-21
21.83	0.4939E-21
21.98	0.4904E-21
22.14	0.4857E-21
22.30	0.4809E-21
22.47	0.4759E-21
22.64	0.4709E-21
22.81	0.4658E-21
22.98	0.4606E-21
23.16	0.4553E-21
23.34	0.4499E-21
23.52	0.4445E-21
23.70	0.4389E-21
23.89	0.4332E-21
24.08	0.4275E-21
24.28	0.4216E-21
24.48	0.4157E-21
24.68	0.4096E-21
24.89	0.4034E-21
25.10	0.3977E-21
25.31	0.3926E-21
25.53	0.3874E-21
25.75	0.3821E-21
25.97	0.3767E-21
26.20	0.3712E-21
26.43	0.3656E-21
26.67	0.3600E-21
26.91	0.3542E-21
27.15	0.3483E-21
27.40	0.3424E-21
27.66	0.3363E-21
28.18	0.3238E-21
28.44	0.3174E-21
28.71	0.3109E-21
28.99	0.3043E-21
29.27	0.2975E-21
29.56	0.2907E-21
29.85	0.2837E-21
30.14	0.2779E-21
30.75	0.2688E-21
31.38	0.2593E-21
32.03	0.2496E-21
32.36	0.2446E-21
32.70	0.2395E-21
33.05	0.2343E-21
33.40	0.2290E-21
33.76	0.2237E-21
34.12	0.2182E-21
34.49	0.2126E-21
34.87	0.2070E-21
35.25	0.2022E-21
35.64	0.1979E-21
36.04	0.1936E-21
36.44	0.1891E-21
36.85	0.1846E-21
37.27	0.1800E-21
37.70	0.1754E-21
38.13	0.1706E-21
38.57	0.1658E-21
39.02	0.1608E-21
39.47	0.1558E-21
39.94	0.1507E-21
40.41	0.1472E-21
40.89	0.1438E-21
41.37	0.1404E-21
41.87	0.1369E-21
42.38	0.1334E-21
42.89	0.1298E-21
43.41	0.1261E-21
43.95	0.1224E-21
44.49	0.1186E-21
45.04	0.1149E-21
46.17	0.1110E-21
47.34	0.1071E-21
48.55	0.1029E-21
49.17	0.1008E-21
49.80	0.9866E-22
50.45	0.9652E-22
51.10	0.9436E-22
51.77	0.9216E-22
52.45	0.8993E-22
53.14	0.8765E-22
53.84	0.8534E-22
54.55	0.8298E-22
55.28	0.8059E-22
56.02	0.7815E-22
56.77	0.7567E-22
57.53	0.7314E-22
58.31	0.7057E-22
59.10	0.6796E-22
59.91	0.6531E-22
60.73	0.6362E-22
61.56	0.6203E-22
62.41	0.6042E-22
63.27	0.5878E-22
64.15	0.5711E-22
65.04	0.5542E-22
65.95	0.5369E-22
66.88	0.5193E-22
67.82	0.5015E-22
68.78	0.4833E-22
69.75	0.4648E-22
70.74	0.4519E-22
71.75	0.4408E-22
72.77	0.4295E-22
73.82	0.4180E-22
74.88	0.4063E-22
75.96	0.3944E-22
77.06	0.3823E-22
78.18	0.3701E-22
79.31	0.3575E-22
80.47	0.3462E-22
81.65	0.3368E-22
82.85	0.3272E-22
84.07	0.3175E-22
85.31	0.3075E-22
86.57	0.2974E-22
87.85	0.2872E-22
89.16	0.2767E-22
90.49	0.2661E-22
91.84	0.2553E-22
93.22	0.2443E-22
94.62	0.2331E-22
96.04	0.2217E-22
97.49	0.2101E-22
98.96	0.1983E-22
100.5	0.1888E-22
102.0	0.1850E-22
103.5	0.1811E-22
105.1	0.1772E-22
106.7	0.1732E-22
108.4	0.1691E-22
110.0	0.1649E-22
111.7	0.1607E-22
113.4	0.1564E-22
115.2	0.1520E-22
117.0	0.1476E-22
118.8	0.1430E-22
120.6	0.1392E-22
124.4	0.1345E-22
128.3	0.1296E-22
132.4	0.1245E-22
134.5	0.1219E-22
136.6	0.1192E-22
138.8	0.1166E-22
143.2	0.1129E-22
147.8	0.1098E-22
152.5	0.1067E-22
157.4	0.1034E-22
162.5	0.1000E-22
167.8	0.9650E-23
173.2	0.9309E-23
178.8	0.8971E-23
184.7	0.8621E-23
187.7	0.8441E-23
190.7	0.8259E-23
193.8	0.8073E-23
196.9	0.7884E-23
200.2	0.7697E-23
206.7	0.7538E-23
213.5	0.7375E-23
220.6	0.7206E-23
227.9	0.7031E-23
235.4	0.6849E-23
243.3	0.6661E-23
251.4	0.6473E-23
259.8	0.6305E-23
268.4	0.6131E-23
277.4	0.5952E-23
286.7	0.5766E-23
296.3	0.5573E-23
306.3	0.5425E-23
316.6	0.5301E-23
327.3	0.5173E-23
338.3	0.5040E-23
349.8	0.4903E-23
361.6	0.4761E-23
373.9	0.4614E-23
386.5	0.4462E-23
399.7	0.4304E-23
413.3	0.4207E-23
427.3	0.4109E-23
441.9	0.4007E-23
457.0	0.3901E-23
472.6	0.3792E-23
488.8	0.3679E-23
522.8	0.3509E-23
559.2	0.3363E-23
598.3	0.3207E-23
629.5	0.3082E-23
662.2	0.2951E-23
696.8	0.2813E-23
758.5	0.2683E-23
811.8	0.2576E-23
868.9	0.2462E-23
930.1	0.2340E-23
978.9	0.2242E-23
--------------------------------
Extra points added by BOLSIG+:
1273.	0.1805E-23
1654.	0.1450E-23
2151.	0.1163E-23
2796.	0.9310E-24
3635.	0.7443E-24
4725.	0.5941E-24
6143.	0.4736E-24
7985.	0.3771E-24
0.1038E+05	0.2999E-24
 
 
C18 Input cross section
EXCITATION
Ar                                                              
   13.90       1.000    
--------------------------------
13.90	0.000
13.90	0.1546E-24
13.92	0.2694E-23
13.94	0.5434E-23
13.96	0.8223E-23
13.97	0.1106E-22
13.99	0.1395E-22
14.01	0.1676E-22
14.03	0.1957E-22
14.05	0.2242E-22
14.07	0.2532E-22
14.09	0.2827E-22
14.11	0.3127E-22
14.13	0.3432E-22
14.15	0.3743E-22
14.18	0.4059E-22
14.20	0.4381E-22
14.22	0.4708E-22
14.24	0.5041E-22
14.27	0.5380E-22
14.29	0.5725E-22
14.32	0.6075E-22
14.34	0.6432E-22
14.37	0.6795E-22
14.39	0.7164E-22
14.42	0.7540E-22
14.44	0.7922E-22
14.47	0.8311E-22
14.50	0.8707E-22
14.53	0.9110E-22
14.55	0.9519E-22
14.58	0.9936E-22
14.61	0.1036E-21
14.64	0.1079E-21
14.67	0.1123E-21
14.70	0.1168E-21
14.73	0.1213E-21
14.77	0.1259E-21
14.80	0.1306E-21
14.83	0.1354E-21
14.86	0.1403E-21
14.90	0.1453E-21
14.93	0.1503E-21
14.97	0.1554E-21
15.00	0.1606E-21
15.04	0.1657E-21
15.08	0.1710E-21
15.12	0.1763E-21
15.15	0.1817E-21
15.19	0.1871E-21
15.23	0.1927E-21
15.27	0.1984E-21
15.32	0.2042E-21
15.36	0.2101E-21
15.40	0.2161E-21
15.44	0.2222E-21
15.49	0.2284E-21
15.53	0.2347E-21
15.58	0.2411E-21
15.63	0.2476E-21
15.67	0.2542E-21
15.72	0.2610E-21
15.77	0.2679E-21
15.82	0.2749E-21
15.87	0.2820E-21
15.92	0.2892E-21
15.98	0.2966E-21
16.03	0.3020E-21
16.08	0.3058E-21
16.14	0.3097E-21
16.20	0.3137E-21
16.25	0.3177E-21
16.31	0.3218E-21
16.37	0.3259E-21
16.43	0.3302E-21
16.49	0.3345E-21
16.55	0.3388E-21
16.62	0.3433E-21
16.68	0.3478E-21
16.75	0.3524E-21
16.82	0.3571E-21
16.88	0.3619E-21
16.95	0.3667E-21
17.02	0.3714E-21
17.10	0.3757E-21
17.17	0.3801E-21
17.24	0.3846E-21
17.32	0.3891E-21
17.40	0.3937E-21
17.47	0.3984E-21
17.55	0.4032E-21
17.64	0.4081E-21
17.72	0.4130E-21
17.80	0.4180E-21
17.89	0.4232E-21
17.97	0.4284E-21
18.06	0.4312E-21
18.15	0.4330E-21
18.24	0.4348E-21
18.34	0.4367E-21
18.43	0.4386E-21
18.53	0.4405E-21
18.62	0.4425E-21
18.72	0.4445E-21
18.82	0.4465E-21
18.93	0.4486E-21
19.03	0.4497E-21
19.14	0.4486E-21
19.25	0.4475E-21
19.36	0.4464E-21
19.47	0.4453E-21
19.59	0.4441E-21
19.70	0.4430E-21
19.82	0.4418E-21
19.94	0.4406E-21
20.06	0.4394E-21
20.19	0.4381E-21
20.32	0.4368E-21
20.45	0.4356E-21
20.58	0.4342E-21
20.71	0.4329E-21
20.85	0.4315E-21
20.98	0.4302E-21
21.12	0.4287E-21
21.27	0.4273E-21
21.41	0.4259E-21
21.56	0.4244E-21
21.71	0.4229E-21
21.87	0.4213E-21
22.02	0.4195E-21
22.18	0.4164E-21
22.34	0.4131E-21
22.51	0.4098E-21
22.68	0.4065E-21
22.85	0.4031E-21
23.02	0.3996E-21
23.20	0.3961E-21
23.37	0.3925E-21
23.56	0.3889E-21
23.74	0.3852E-21
23.93	0.3814E-21
24.12	0.3775E-21
24.32	0.3736E-21
24.52	0.3696E-21
24.72	0.3656E-21
24.93	0.3615E-21
25.14	0.3574E-21
25.35	0.3533E-21
25.57	0.3490E-21
25.79	0.3448E-21
26.01	0.3404E-21
26.24	0.3360E-21
26.47	0.3315E-21
26.71	0.3269E-21
26.95	0.3222E-21
27.19	0.3175E-21
27.44	0.3126E-21
27.69	0.3077E-21
28.21	0.2976E-21
28.75	0.2872E-21
29.31	0.2764E-21
29.59	0.2709E-21
29.89	0.2652E-21
30.48	0.2556E-21
31.10	0.2461E-21
31.42	0.2412E-21
31.74	0.2362E-21
32.07	0.2312E-21
32.40	0.2260E-21
32.74	0.2208E-21
33.09	0.2155E-21
33.44	0.2101E-21
33.80	0.2045E-21
34.16	0.1989E-21
34.53	0.1932E-21
34.91	0.1874E-21
35.29	0.1830E-21
35.68	0.1791E-21
36.08	0.1750E-21
36.48	0.1709E-21
36.89	0.1667E-21
37.31	0.1625E-21
37.73	0.1581E-21
38.17	0.1537E-21
38.61	0.1492E-21
39.05	0.1446E-21
39.51	0.1400E-21
39.97	0.1353E-21
40.45	0.1319E-21
40.92	0.1285E-21
41.41	0.1251E-21
41.91	0.1216E-21
42.41	0.1181E-21
42.93	0.1145E-21
43.45	0.1108E-21
43.98	0.1071E-21
44.53	0.1033E-21
45.08	0.9963E-22
45.64	0.9694E-22
46.21	0.9421E-22
46.79	0.9142E-22
47.38	0.8859E-22
47.98	0.8571E-22
48.59	0.8277E-22
49.21	0.7979E-22
49.84	0.7675E-22
50.49	0.7459E-22
51.14	0.7269E-22
51.81	0.7076E-22
52.48	0.6879E-22
53.17	0.6679E-22
53.88	0.6476E-22
54.59	0.6269E-22
55.32	0.6058E-22
56.05	0.5844E-22
56.81	0.5626E-22
57.57	0.5404E-22
58.35	0.5179E-22
59.14	0.4949E-22
59.95	0.4716E-22
60.77	0.4577E-22
61.60	0.4444E-22
62.45	0.4308E-22
63.31	0.4170E-22
64.19	0.4030E-22
65.08	0.3887E-22
65.99	0.3741E-22
66.92	0.3593E-22
67.86	0.3443E-22
68.81	0.3290E-22
69.79	0.3134E-22
70.78	0.3022E-22
71.79	0.2921E-22
72.81	0.2819E-22
73.86	0.2714E-22
74.92	0.2608E-22
76.00	0.2500E-22
77.10	0.2390E-22
78.22	0.2278E-22
79.35	0.2165E-22
80.51	0.2069E-22
81.69	0.1999E-22
82.89	0.1927E-22
84.11	0.1854E-22
85.35	0.1779E-22
86.61	0.1704E-22
87.89	0.1626E-22
89.20	0.1548E-22
90.53	0.1481E-22
91.88	0.1432E-22
93.26	0.1383E-22
94.66	0.1332E-22
96.08	0.1281E-22
97.53	0.1229E-22
99.00	0.1176E-22
100.5	0.1123E-22
102.0	0.1073E-22
103.6	0.1026E-22
105.2	0.9803E-23
106.8	0.9367E-23
108.4	0.8949E-23
110.1	0.8550E-23
111.8	0.8167E-23
113.5	0.7801E-23
115.2	0.7450E-23
117.0	0.7115E-23
118.8	0.6794E-23
120.7	0.6487E-23
122.5	0.6194E-23
124.5	0.5913E-23
126.4	0.5644E-23
128.4	0.5388E-23
130.4	0.5142E-23
132.4	0.4907E-23
134.5	0.4683E-23
136.6	0.4469E-23
138.8	0.4264E-23
141.0	0.4068E-23
143.2	0.3881E-23
145.5	0.3702E-23
147.8	0.3531E-23
150.2	0.3368E-23
152.5	0.3212E-23
155.0	0.3063E-23
157.4	0.2921E-23
160.0	0.2785E-23
162.5	0.2655E-23
165.1	0.2532E-23
167.8	0.2414E-23
170.5	0.2301E-23
173.2	0.2193E-23
176.0	0.2090E-23
178.9	0.1992E-23
181.8	0.1899E-23
184.7	0.1809E-23
187.7	0.1724E-23
190.7	0.1643E-23
193.8	0.1566E-23
197.0	0.1491E-23
200.2	0.1421E-23
203.4	0.1354E-23
206.8	0.1290E-23
210.2	0.1228E-23
213.6	0.1170E-23
217.1	0.1115E-23
220.6	0.1061E-23
224.2	0.1011E-23
227.9	0.9627E-24
231.7	0.9167E-24
235.5	0.8729E-24
239.4	0.8312E-24
243.3	0.7914E-24
247.3	0.7535E-24
251.4	0.7174E-24
255.6	0.6830E-24
259.8	0.6502E-24
264.1	0.6189E-24
268.5	0.5892E-24
272.9	0.5608E-24
277.4	0.5338E-24
282.1	0.5080E-24
286.7	0.4835E-24
291.5	0.4602E-24
296.4	0.4379E-24
301.3	0.4168E-24
306.3	0.3966E-24
311.4	0.3774E-24
316.6	0.3591E-24
321.9	0.3417E-24
327.3	0.3251E-24
332.8	0.3093E-24
338.4	0.2943E-24
344.0	0.2800E-24
349.8	0.2663E-24
355.7	0.2534E-24
361.6	0.2410E-24
367.7	0.2293E-24
373.9	0.2181E-24
380.2	0.2075E-24
386.6	0.1973E-24
393.1	0.1877E-24
399.7	0.1785E-24
406.4	0.1698E-24
413.3	0.1615E-24
420.3	0.1536E-24
427.4	0.1460E-24
434.6	0.1389E-24
441.9	0.1321E-24
449.4	0.1256E-24
457.0	0.1194E-24
464.8	0.1136E-24
472.6	0.1080E-24
480.6	0.1027E-24
488.8	0.9762E-25
497.1	0.9282E-25
505.5	0.8825E-25
514.1	0.8390E-25
522.8	0.7977E-25
531.7	0.7584E-25
540.7	0.7210E-25
549.9	0.6854E-25
559.3	0.6516E-25
568.8	0.6194E-25
578.5	0.5889E-25
588.3	0.5598E-25
598.4	0.5321E-25
608.6	0.5058E-25
618.9	0.4808E-25
629.5	0.4570E-25
640.2	0.4344E-25
651.2	0.4129E-25
662.3	0.3924E-25
673.6	0.3730E-25
685.1	0.3545E-25
696.8	0.3369E-25
708.7	0.3202E-25
720.9	0.3043E-25
733.2	0.2892E-25
745.7	0.2749E-25
758.5	0.2613E-25
771.5	0.2483E-25
784.7	0.2359E-25
798.1	0.2242E-25
811.8	0.2131E-25
825.7	0.2025E-25
839.9	0.1924E-25
854.3	0.1828E-25
869.0	0.1737E-25
883.9	0.1651E-25
899.0	0.1569E-25
914.5	0.1491E-25
930.2	0.1417E-25
946.2	0.1346E-25
962.4	0.1279E-25
979.0	0.1215E-25
995.8	0.1154E-25
--------------------------------
Extra points added by BOLSIG+:
1295.	0.9293E-26
1683.	0.7465E-26
2188.	0.5986E-26
2844.	0.4792E-26
3697.	0.3830E-26
4806.	0.3057E-26
6248.	0.2437E-26
8123.	0.1940E-26
0.1056E+05	0.1543E-26
 
 
C19 Input cross section
EXCITATION
Ar                                                              
   13.98       1.000    
--------------------------------
13.98	0.000
13.98	0.2116E-24
14.00	0.3685E-23
14.01	0.7435E-23
14.03	0.1125E-22
14.05	0.1513E-22
14.07	0.1908E-22
14.09	0.2310E-22
14.11	0.2718E-22
14.13	0.3134E-22
14.15	0.3557E-22
14.17	0.3988E-22
14.19	0.4426E-22
14.21	0.4872E-22
14.23	0.5325E-22
14.25	0.5786E-22
14.28	0.6255E-22
14.30	0.6733E-22
14.32	0.7219E-22
14.34	0.7713E-22
14.37	0.8216E-22
14.39	0.8727E-22
14.42	0.9248E-22
14.44	0.9778E-22
14.47	0.1032E-21
14.49	0.1087E-21
14.52	0.1142E-21
14.55	0.1199E-21
14.57	0.1257E-21
14.60	0.1316E-21
14.63	0.1375E-21
14.66	0.1436E-21
14.69	0.1498E-21
14.72	0.1561E-21
14.75	0.1625E-21
14.78	0.1690E-21
14.81	0.1756E-21
14.84	0.1824E-21
14.87	0.1892E-21
14.91	0.1962E-21
14.94	0.2033E-21
14.97	0.2106E-21
15.01	0.2170E-21
15.04	0.2211E-21
15.08	0.2252E-21
15.12	0.2294E-21
15.15	0.2337E-21
15.19	0.2381E-21
15.23	0.2425E-21
15.27	0.2470E-21
15.31	0.2516E-21
15.35	0.2563E-21
15.39	0.2610E-21
15.43	0.2659E-21
15.48	0.2708E-21
15.52	0.2758E-21
15.56	0.2809E-21
15.61	0.2861E-21
15.65	0.2913E-21
15.70	0.2967E-21
15.75	0.3021E-21
15.80	0.3077E-21
15.85	0.3133E-21
15.90	0.3191E-21
15.95	0.3249E-21
16.00	0.3309E-21
16.05	0.3339E-21
16.11	0.3370E-21
16.16	0.3401E-21
16.21	0.3433E-21
16.27	0.3465E-21
16.33	0.3497E-21
16.39	0.3531E-21
16.45	0.3564E-21
16.51	0.3599E-21
16.57	0.3634E-21
16.63	0.3669E-21
16.69	0.3706E-21
16.76	0.3743E-21
16.82	0.3780E-21
16.89	0.3818E-21
16.96	0.3857E-21
17.03	0.3887E-21
17.10	0.3903E-21
17.17	0.3919E-21
17.25	0.3936E-21
17.32	0.3953E-21
17.39	0.3971E-21
17.47	0.3988E-21
17.55	0.4007E-21
17.63	0.4025E-21
17.71	0.4043E-21
17.79	0.4062E-21
17.88	0.4082E-21
17.96	0.4101E-21
18.05	0.4112E-21
18.14	0.4114E-21
18.23	0.4117E-21
18.32	0.4120E-21
18.41	0.4122E-21
18.51	0.4125E-21
18.60	0.4128E-21
18.70	0.4131E-21
18.80	0.4134E-21
18.90	0.4137E-21
19.00	0.4140E-21
19.11	0.4129E-21
19.22	0.4118E-21
19.32	0.4107E-21
19.44	0.4096E-21
19.55	0.4085E-21
19.66	0.4074E-21
19.78	0.4062E-21
19.90	0.4050E-21
20.02	0.4037E-21
20.14	0.4015E-21
20.27	0.3992E-21
20.39	0.3969E-21
20.52	0.3946E-21
20.65	0.3922E-21
20.79	0.3898E-21
20.92	0.3874E-21
21.06	0.3849E-21
21.20	0.3824E-21
21.34	0.3798E-21
21.49	0.3772E-21
21.64	0.3745E-21
21.79	0.3718E-21
21.94	0.3690E-21
22.10	0.3659E-21
22.26	0.3624E-21
22.42	0.3589E-21
22.58	0.3554E-21
22.75	0.3517E-21
22.92	0.3480E-21
23.09	0.3443E-21
23.27	0.3405E-21
23.45	0.3366E-21
23.63	0.3326E-21
23.82	0.3286E-21
24.01	0.3245E-21
24.20	0.3204E-21
24.39	0.3161E-21
24.59	0.3118E-21
24.80	0.3074E-21
25.00	0.3030E-21
25.21	0.2992E-21
25.42	0.2953E-21
25.64	0.2913E-21
25.86	0.2873E-21
26.09	0.2832E-21
26.31	0.2791E-21
26.55	0.2748E-21
26.78	0.2706E-21
27.02	0.2662E-21
27.27	0.2617E-21
27.52	0.2572E-21
27.77	0.2526E-21
28.29	0.2431E-21
28.56	0.2383E-21
28.83	0.2333E-21
29.10	0.2283E-21
29.39	0.2232E-21
29.67	0.2180E-21
29.96	0.2127E-21
30.56	0.2051E-21
31.18	0.1974E-21
31.49	0.1935E-21
31.82	0.1895E-21
32.14	0.1854E-21
32.48	0.1813E-21
32.82	0.1771E-21
33.16	0.1728E-21
33.51	0.1684E-21
33.87	0.1640E-21
34.24	0.1595E-21
34.61	0.1549E-21
34.98	0.1502E-21
35.37	0.1470E-21
35.76	0.1438E-21
36.15	0.1406E-21
36.56	0.1372E-21
36.97	0.1339E-21
37.38	0.1304E-21
37.81	0.1270E-21
38.24	0.1234E-21
38.68	0.1198E-21
39.13	0.1161E-21
39.59	0.1124E-21
40.05	0.1087E-21
40.52	0.1061E-21
41.00	0.1034E-21
41.49	0.1008E-21
41.99	0.9800E-22
42.49	0.9520E-22
43.01	0.9235E-22
43.53	0.8945E-22
44.06	0.8651E-22
44.60	0.8351E-22
45.15	0.8071E-22
45.71	0.7853E-22
46.28	0.7632E-22
46.86	0.7407E-22
47.45	0.7178E-22
48.05	0.6945E-22
48.66	0.6708E-22
49.29	0.6467E-22
49.92	0.6221E-22
50.56	0.6036E-22
51.22	0.5856E-22
51.88	0.5674E-22
52.56	0.5488E-22
53.25	0.5299E-22
53.95	0.5107E-22
54.67	0.4911E-22
55.39	0.4741E-22
56.13	0.4592E-22
56.88	0.4440E-22
57.65	0.4285E-22
58.42	0.4128E-22
59.22	0.3968E-22
60.02	0.3807E-22
60.84	0.3701E-22
61.68	0.3592E-22
62.52	0.3482E-22
63.39	0.3370E-22
64.27	0.3256E-22
65.16	0.3139E-22
66.07	0.3021E-22
66.99	0.2901E-22
67.93	0.2779E-22
68.89	0.2654E-22
69.86	0.2528E-22
70.86	0.2443E-22
71.86	0.2365E-22
72.89	0.2285E-22
73.93	0.2203E-22
74.99	0.2120E-22
76.08	0.2036E-22
77.17	0.1950E-22
78.29	0.1863E-22
79.43	0.1774E-22
80.59	0.1702E-22
81.77	0.1645E-22
82.96	0.1588E-22
84.18	0.1529E-22
85.42	0.1470E-22
86.69	0.1409E-22
87.97	0.1348E-22
89.28	0.1285E-22
90.60	0.1230E-22
91.96	0.1186E-22
93.33	0.1140E-22
94.73	0.1094E-22
96.16	0.1047E-22
97.60	0.9991E-23
99.08	0.9504E-23
100.6	0.9042E-23
102.1	0.8643E-23
103.7	0.8260E-23
105.2	0.7894E-23
106.8	0.7543E-23
108.5	0.7207E-23
110.1	0.6885E-23
111.8	0.6578E-23
113.6	0.6283E-23
115.3	0.6001E-23
117.1	0.5731E-23
118.9	0.5473E-23
120.8	0.5226E-23
122.6	0.4989E-23
124.5	0.4763E-23
126.5	0.4547E-23
128.5	0.4340E-23
130.5	0.4143E-23
132.5	0.3954E-23
134.6	0.3773E-23
136.7	0.3600E-23
138.9	0.3435E-23
141.1	0.3277E-23
143.3	0.3127E-23
145.6	0.2983E-23
147.9	0.2845E-23
150.2	0.2714E-23
152.6	0.2588E-23
155.1	0.2468E-23
157.5	0.2354E-23
160.0	0.2244E-23
162.6	0.2140E-23
165.2	0.2040E-23
167.9	0.1945E-23
170.6	0.1854E-23
173.3	0.1768E-23
176.1	0.1685E-23
178.9	0.1606E-23
181.8	0.1530E-23
184.8	0.1459E-23
187.8	0.1390E-23
190.8	0.1324E-23
193.9	0.1262E-23
197.1	0.1202E-23
200.3	0.1145E-23
203.5	0.1091E-23
206.8	0.1040E-23
210.2	0.9903E-24
213.7	0.9433E-24
217.2	0.8985E-24
220.7	0.8557E-24
224.3	0.8150E-24
228.0	0.7761E-24
231.8	0.7391E-24
235.6	0.7038E-24
239.4	0.6702E-24
243.4	0.6381E-24
247.4	0.6075E-24
251.5	0.5784E-24
255.6	0.5507E-24
259.9	0.5243E-24
264.2	0.4991E-24
268.5	0.4751E-24
273.0	0.4522E-24
277.5	0.4304E-24
282.1	0.4097E-24
286.8	0.3899E-24
291.6	0.3711E-24
296.4	0.3532E-24
301.4	0.3361E-24
306.4	0.3198E-24
311.5	0.3043E-24
316.7	0.2896E-24
322.0	0.2755E-24
327.4	0.2622E-24
332.9	0.2494E-24
338.4	0.2373E-24
344.1	0.2258E-24
349.9	0.2148E-24
355.8	0.2043E-24
361.7	0.1944E-24
367.8	0.1849E-24
374.0	0.1759E-24
380.3	0.1673E-24
386.7	0.1592E-24
393.2	0.1514E-24
399.8	0.1440E-24
406.5	0.1369E-24
413.4	0.1302E-24
420.4	0.1239E-24
427.5	0.1178E-24
434.7	0.1120E-24
442.0	0.1065E-24
449.5	0.1013E-24
457.1	0.9633E-25
464.8	0.9160E-25
472.7	0.8710E-25
480.7	0.8282E-25
488.9	0.7875E-25
497.1	0.7487E-25
505.6	0.7119E-25
514.2	0.6768E-25
522.9	0.6435E-25
531.8	0.6118E-25
540.8	0.5816E-25
550.0	0.5529E-25
559.4	0.5256E-25
568.9	0.4997E-25
578.6	0.4750E-25
588.4	0.4516E-25
598.4	0.4293E-25
608.6	0.4080E-25
619.0	0.3879E-25
629.6	0.3687E-25
640.3	0.3504E-25
651.2	0.3331E-25
662.4	0.3166E-25
673.7	0.3009E-25
685.2	0.2860E-25
696.9	0.2718E-25
708.8	0.2584E-25
720.9	0.2455E-25
733.3	0.2334E-25
745.8	0.2218E-25
758.6	0.2108E-25
771.6	0.2003E-25
784.8	0.1903E-25
798.2	0.1809E-25
811.9	0.1719E-25
825.8	0.1634E-25
840.0	0.1552E-25
854.4	0.1475E-25
869.0	0.1402E-25
883.9	0.1332E-25
899.1	0.1266E-25
914.5	0.1203E-25
930.2	0.1143E-25
946.2	0.1086E-25
962.5	0.1032E-25
979.0	0.9804E-26
995.9	0.9315E-26
--------------------------------
Extra points added by BOLSIG+:
1295.	0.7498E-26
1683.	0.6024E-26
2188.	0.4830E-26
2844.	0.3867E-26
3698.	0.3091E-26
4807.	0.2467E-26
6249.	0.1967E-26
8124.	0.1566E-26
0.1056E+05	0.1245E-26
 
 
C20 Input cross section
EXCITATION
Ar                                                              
   14.01       1.000    
--------------------------------
14.01	0.000
14.01	0.6383E-25
14.03	0.1112E-23
14.05	0.2243E-23
14.07	0.3394E-23
14.09	0.4565E-23
14.10	0.5756E-23
14.12	0.6969E-23
14.14	0.8202E-23
14.16	0.9457E-23
14.18	0.1073E-22
14.20	0.1203E-22
14.22	0.1335E-22
14.24	0.1470E-22
14.27	0.1607E-22
14.29	0.1746E-22
14.31	0.1887E-22
14.33	0.2031E-22
14.35	0.2178E-22
14.38	0.2327E-22
14.40	0.2479E-22
14.43	0.2633E-22
14.45	0.2790E-22
14.47	0.2950E-22
14.50	0.3113E-22
14.53	0.3278E-22
14.55	0.3446E-22
14.58	0.3618E-22
14.61	0.3792E-22
14.63	0.3969E-22
14.66	0.4149E-22
14.69	0.4333E-22
14.72	0.4520E-22
14.75	0.4709E-22
14.78	0.4903E-22
14.81	0.5099E-22
14.84	0.5299E-22
14.88	0.5503E-22
14.91	0.5710E-22
14.94	0.5920E-22
14.97	0.6135E-22
15.01	0.6335E-22
15.04	0.6481E-22
15.08	0.6629E-22
15.11	0.6780E-22
15.15	0.6934E-22
15.19	0.7090E-22
15.23	0.7250E-22
15.27	0.7412E-22
15.30	0.7576E-22
15.34	0.7744E-22
15.38	0.7914E-22
15.43	0.8088E-22
15.47	0.8264E-22
15.51	0.8444E-22
15.55	0.8627E-22
15.60	0.8813E-22
15.64	0.9002E-22
15.69	0.9194E-22
15.74	0.9390E-22
15.78	0.9589E-22
15.83	0.9792E-22
15.88	0.9998E-22
15.93	0.1021E-21
15.98	0.1042E-21
16.03	0.1059E-21
16.09	0.1072E-21
16.14	0.1086E-21
16.19	0.1100E-21
16.25	0.1115E-21
16.30	0.1129E-21
16.36	0.1144E-21
16.42	0.1160E-21
16.48	0.1175E-21
16.54	0.1191E-21
16.60	0.1207E-21
16.66	0.1223E-21
16.73	0.1239E-21
16.79	0.1256E-21
16.86	0.1273E-21
16.93	0.1291E-21
16.99	0.1309E-21
17.06	0.1321E-21
17.13	0.1333E-21
17.21	0.1345E-21
17.28	0.1357E-21
17.35	0.1370E-21
17.43	0.1383E-21
17.51	0.1396E-21
17.58	0.1409E-21
17.66	0.1423E-21
17.75	0.1437E-21
17.83	0.1451E-21
17.91	0.1465E-21
18.00	0.1479E-21
18.08	0.1488E-21
18.17	0.1495E-21
18.26	0.1503E-21
18.35	0.1512E-21
18.45	0.1520E-21
18.54	0.1529E-21
18.64	0.1537E-21
18.73	0.1546E-21
18.83	0.1555E-21
18.93	0.1564E-21
19.04	0.1572E-21
19.14	0.1577E-21
19.25	0.1583E-21
19.36	0.1588E-21
19.47	0.1593E-21
19.58	0.1599E-21
19.70	0.1605E-21
19.81	0.1611E-21
19.93	0.1617E-21
20.05	0.1621E-21
20.17	0.1622E-21
20.30	0.1623E-21
20.43	0.1624E-21
20.55	0.1626E-21
20.69	0.1627E-21
20.82	0.1628E-21
20.96	0.1630E-21
21.09	0.1629E-21
21.23	0.1628E-21
21.38	0.1626E-21
21.52	0.1625E-21
21.67	0.1623E-21
21.82	0.1622E-21
21.98	0.1620E-21
22.13	0.1616E-21
22.29	0.1610E-21
22.45	0.1605E-21
22.62	0.1599E-21
22.79	0.1594E-21
22.96	0.1588E-21
23.13	0.1582E-21
23.30	0.1577E-21
23.48	0.1570E-21
23.67	0.1564E-21
23.85	0.1558E-21
24.04	0.1552E-21
24.23	0.1546E-21
24.43	0.1539E-21
24.63	0.1532E-21
24.83	0.1526E-21
25.04	0.1518E-21
25.25	0.1508E-21
25.46	0.1498E-21
25.68	0.1488E-21
25.89	0.1477E-21
26.12	0.1466E-21
26.35	0.1455E-21
26.58	0.1444E-21
26.82	0.1433E-21
27.06	0.1421E-21
27.30	0.1410E-21
27.55	0.1398E-21
27.80	0.1385E-21
28.59	0.1348E-21
29.42	0.1308E-21
30.00	0.1280E-21
30.59	0.1254E-21
31.21	0.1227E-21
31.85	0.1199E-21
32.51	0.1169E-21
33.20	0.1139E-21
33.91	0.1108E-21
34.64	0.1076E-21
35.40	0.1046E-21
36.19	0.1017E-21
37.00	0.9880E-22
37.84	0.9576E-22
38.72	0.9262E-22
39.62	0.8937E-22
40.55	0.8633E-22
41.52	0.8343E-22
42.52	0.8043E-22
43.56	0.7731E-22
44.09	0.7572E-22
44.64	0.7409E-22
45.19	0.7259E-22
46.32	0.7010E-22
47.49	0.6753E-22
48.70	0.6486E-22
49.32	0.6349E-22
49.95	0.6210E-22
51.25	0.5975E-22
51.92	0.5855E-22
52.59	0.5733E-22
53.28	0.5609E-22
53.99	0.5483E-22
54.70	0.5354E-22
55.43	0.5240E-22
56.16	0.5137E-22
56.92	0.5032E-22
57.68	0.4925E-22
58.46	0.4816E-22
59.25	0.4705E-22
60.06	0.4593E-22
60.88	0.4495E-22
61.71	0.4395E-22
62.56	0.4293E-22
63.42	0.4189E-22
64.30	0.4084E-22
65.19	0.3981E-22
66.10	0.3890E-22
67.03	0.3797E-22
67.97	0.3703E-22
68.92	0.3608E-22
69.90	0.3510E-22
70.89	0.3429E-22
71.90	0.3348E-22
72.92	0.3266E-22
73.97	0.3183E-22
75.03	0.3098E-22
76.11	0.3033E-22
77.21	0.2967E-22
78.33	0.2900E-22
79.46	0.2832E-22
80.62	0.2766E-22
81.80	0.2701E-22
83.00	0.2635E-22
84.22	0.2568E-22
85.46	0.2500E-22
86.72	0.2430E-22
88.00	0.2360E-22
89.31	0.2288E-22
90.64	0.2225E-22
91.99	0.2172E-22
93.37	0.2119E-22
94.77	0.2064E-22
96.19	0.2009E-22
97.64	0.1952E-22
99.11	0.1895E-22
100.6	0.1837E-22
102.1	0.1783E-22
103.7	0.1730E-22
105.3	0.1678E-22
106.9	0.1628E-22
108.5	0.1580E-22
110.2	0.1532E-22
111.9	0.1486E-22
113.6	0.1442E-22
115.3	0.1398E-22
117.1	0.1356E-22
118.9	0.1315E-22
120.8	0.1275E-22
122.7	0.1236E-22
124.6	0.1199E-22
126.5	0.1162E-22
128.5	0.1127E-22
130.5	0.1092E-22
132.6	0.1059E-22
134.6	0.1026E-22
136.8	0.9946E-23
138.9	0.9640E-23
141.1	0.9343E-23
143.3	0.9054E-23
145.6	0.8774E-23
147.9	0.8502E-23
150.3	0.8238E-23
152.7	0.7982E-23
155.1	0.7734E-23
157.6	0.7493E-23
160.1	0.7259E-23
162.6	0.7032E-23
165.2	0.6812E-23
167.9	0.6598E-23
170.6	0.6391E-23
173.3	0.6190E-23
176.1	0.5996E-23
179.0	0.5807E-23
181.9	0.5624E-23
184.8	0.5446E-23
187.8	0.5274E-23
190.8	0.5107E-23
193.9	0.4945E-23
197.1	0.4788E-23
200.3	0.4636E-23
203.6	0.4489E-23
206.9	0.4346E-23
210.3	0.4207E-23
213.7	0.4073E-23
217.2	0.3943E-23
220.7	0.3817E-23
224.4	0.3695E-23
228.0	0.3577E-23
231.8	0.3462E-23
235.6	0.3351E-23
239.5	0.3243E-23
243.4	0.3139E-23
247.4	0.3038E-23
251.5	0.2940E-23
255.7	0.2845E-23
259.9	0.2754E-23
264.2	0.2665E-23
268.6	0.2579E-23
273.0	0.2495E-23
277.6	0.2414E-23
282.2	0.2336E-23
286.9	0.2260E-23
291.6	0.2187E-23
296.5	0.2116E-23
301.4	0.2047E-23
306.4	0.1981E-23
311.6	0.1916E-23
316.8	0.1854E-23
322.0	0.1793E-23
327.4	0.1735E-23
332.9	0.1678E-23
338.5	0.1624E-23
344.1	0.1571E-23
349.9	0.1519E-23
355.8	0.1469E-23
361.8	0.1421E-23
367.8	0.1375E-23
374.0	0.1330E-23
380.3	0.1286E-23
386.7	0.1244E-23
393.2	0.1203E-23
399.8	0.1163E-23
406.6	0.1125E-23
413.4	0.1088E-23
420.4	0.1052E-23
427.5	0.1018E-23
434.7	0.9843E-24
442.1	0.9518E-24
449.5	0.9204E-24
457.1	0.8901E-24
464.9	0.8607E-24
472.7	0.8323E-24
480.8	0.8048E-24
488.9	0.7782E-24
497.2	0.7525E-24
514.2	0.7035E-24
531.8	0.6577E-24
550.0	0.6148E-24
568.9	0.5747E-24
588.5	0.5371E-24
608.7	0.5020E-24
629.6	0.4692E-24
651.3	0.4385E-24
673.7	0.4098E-24
696.9	0.3830E-24
721.0	0.3578E-24
745.8	0.3344E-24
771.6	0.3124E-24
798.2	0.2919E-24
825.8	0.2727E-24
854.4	0.2548E-24
884.0	0.2380E-24
914.6	0.2224E-24
946.3	0.2077E-24
979.1	0.1940E-24
--------------------------------
Extra points added by BOLSIG+:
1273.	0.1562E-24
1655.	0.1255E-24
2151.	0.1007E-24
2796.	0.8060E-25
3635.	0.6443E-25
4726.	0.5144E-25
6143.	0.4101E-25
7986.	0.3265E-25
0.1038E+05	0.2597E-25
 
 
C21 Input cross section
EXCITATION
Ar                                                              
   14.06       1.000    
--------------------------------
14.06	0.000
14.06	0.6403E-25
14.08	0.1115E-23
14.10	0.2250E-23
14.12	0.3405E-23
14.13	0.4580E-23
14.15	0.5775E-23
14.17	0.6991E-23
14.19	0.8228E-23
14.21	0.9487E-23
14.23	0.1077E-22
14.25	0.1207E-22
14.27	0.1340E-22
14.29	0.1475E-22
14.31	0.1612E-22
14.34	0.1751E-22
14.36	0.1893E-22
14.38	0.2038E-22
14.40	0.2185E-22
14.43	0.2335E-22
14.45	0.2487E-22
14.48	0.2642E-22
14.50	0.2799E-22
14.53	0.2960E-22
14.55	0.3123E-22
14.58	0.3289E-22
14.60	0.3457E-22
14.63	0.3629E-22
14.66	0.3804E-22
14.69	0.3982E-22
14.71	0.4163E-22
14.74	0.4347E-22
14.77	0.4534E-22
14.80	0.4724E-22
14.83	0.4918E-22
14.86	0.5116E-22
14.89	0.5316E-22
14.93	0.5520E-22
14.96	0.5728E-22
14.99	0.5939E-22
15.02	0.6121E-22
15.06	0.6291E-22
15.09	0.6465E-22
15.13	0.6642E-22
15.16	0.6822E-22
15.20	0.7005E-22
15.24	0.7191E-22
15.28	0.7381E-22
15.31	0.7573E-22
15.35	0.7769E-22
15.39	0.7969E-22
15.43	0.8172E-22
15.48	0.8378E-22
15.52	0.8589E-22
15.56	0.8802E-22
15.60	0.9020E-22
15.65	0.9241E-22
15.69	0.9466E-22
15.74	0.9695E-22
15.79	0.9929E-22
15.83	0.1017E-21
15.88	0.1041E-21
15.93	0.1065E-21
15.98	0.1090E-21
16.03	0.1113E-21
16.08	0.1133E-21
16.14	0.1154E-21
16.19	0.1176E-21
16.24	0.1197E-21
16.30	0.1220E-21
16.36	0.1242E-21
16.41	0.1265E-21
16.47	0.1288E-21
16.53	0.1312E-21
16.59	0.1336E-21
16.65	0.1361E-21
16.71	0.1386E-21
16.78	0.1411E-21
16.84	0.1437E-21
16.91	0.1464E-21
16.98	0.1490E-21
17.04	0.1509E-21
17.11	0.1523E-21
17.18	0.1537E-21
17.26	0.1551E-21
17.33	0.1566E-21
17.40	0.1581E-21
17.48	0.1596E-21
17.56	0.1611E-21
17.63	0.1627E-21
17.71	0.1643E-21
17.80	0.1659E-21
17.88	0.1675E-21
17.96	0.1692E-21
18.05	0.1705E-21
18.13	0.1713E-21
18.22	0.1722E-21
18.31	0.1731E-21
18.40	0.1740E-21
18.50	0.1750E-21
18.59	0.1759E-21
18.69	0.1769E-21
18.78	0.1778E-21
18.88	0.1788E-21
18.98	0.1799E-21
19.09	0.1804E-21
19.19	0.1810E-21
19.30	0.1815E-21
19.41	0.1820E-21
19.52	0.1826E-21
19.63	0.1832E-21
19.75	0.1837E-21
19.86	0.1843E-21
19.98	0.1849E-21
20.10	0.1850E-21
20.22	0.1850E-21
20.35	0.1850E-21
20.48	0.1850E-21
20.61	0.1850E-21
20.74	0.1850E-21
20.87	0.1850E-21
21.01	0.1850E-21
21.14	0.1850E-21
21.29	0.1850E-21
21.43	0.1850E-21
21.57	0.1850E-21
21.72	0.1850E-21
21.87	0.1850E-21
22.03	0.1848E-21
22.18	0.1838E-21
22.34	0.1827E-21
22.50	0.1816E-21
22.67	0.1806E-21
22.84	0.1794E-21
23.01	0.1783E-21
23.18	0.1771E-21
23.36	0.1760E-21
23.53	0.1748E-21
23.72	0.1736E-21
23.90	0.1723E-21
24.09	0.1711E-21
24.28	0.1698E-21
24.48	0.1685E-21
24.68	0.1671E-21
24.88	0.1658E-21
25.09	0.1645E-21
25.30	0.1632E-21
25.51	0.1619E-21
25.73	0.1607E-21
25.95	0.1593E-21
26.17	0.1580E-21
26.40	0.1566E-21
26.63	0.1552E-21
26.87	0.1538E-21
27.11	0.1524E-21
27.35	0.1509E-21
27.60	0.1494E-21
27.85	0.1479E-21
28.11	0.1463E-21
28.64	0.1432E-21
29.19	0.1399E-21
29.75	0.1365E-21
30.34	0.1326E-21
30.95	0.1284E-21
31.58	0.1240E-21
32.23	0.1194E-21
32.90	0.1147E-21
33.25	0.1123E-21
33.60	0.1098E-21
33.96	0.1073E-21
34.32	0.1048E-21
34.69	0.1022E-21
35.07	0.9964E-22
35.45	0.9757E-22
35.84	0.9546E-22
36.24	0.9332E-22
36.64	0.9114E-22
37.05	0.8892E-22
37.47	0.8667E-22
37.89	0.8437E-22
38.33	0.8204E-22
38.77	0.7966E-22
39.22	0.7724E-22
39.67	0.7478E-22
40.13	0.7257E-22
40.60	0.7106E-22
41.09	0.6953E-22
41.57	0.6797E-22
42.07	0.6638E-22
42.58	0.6476E-22
43.09	0.6312E-22
43.61	0.6144E-22
44.14	0.5974E-22
44.69	0.5801E-22
45.24	0.5643E-22
45.80	0.5509E-22
46.37	0.5372E-22
46.95	0.5233E-22
47.54	0.5091E-22
48.14	0.4947E-22
48.75	0.4800E-22
49.37	0.4651E-22
50.00	0.4500E-22
51.30	0.4331E-22
51.97	0.4244E-22
52.65	0.4156E-22
53.34	0.4066E-22
54.04	0.3975E-22
54.75	0.3883E-22
55.48	0.3788E-22
56.22	0.3692E-22
56.97	0.3594E-22
57.73	0.3495E-22
58.51	0.3394E-22
59.30	0.3291E-22
60.11	0.3190E-22
60.93	0.3117E-22
61.76	0.3042E-22
62.61	0.2965E-22
63.47	0.2888E-22
64.35	0.2809E-22
65.24	0.2728E-22
66.15	0.2646E-22
67.08	0.2563E-22
68.02	0.2479E-22
68.97	0.2392E-22
69.95	0.2305E-22
70.94	0.2253E-22
71.95	0.2203E-22
72.97	0.2151E-22
74.02	0.2099E-22
75.08	0.2046E-22
76.16	0.1992E-22
77.26	0.1937E-22
78.38	0.1881E-22
79.51	0.1824E-22
80.67	0.1777E-22
81.85	0.1735E-22
83.05	0.1693E-22
84.27	0.1651E-22
85.51	0.1607E-22
86.77	0.1563E-22
88.05	0.1518E-22
89.36	0.1472E-22
90.69	0.1433E-22
92.04	0.1399E-22
93.42	0.1365E-22
94.81	0.1330E-22
96.24	0.1294E-22
97.69	0.1258E-22
99.16	0.1221E-22
100.7	0.1184E-22
102.2	0.1149E-22
103.7	0.1115E-22
105.3	0.1082E-22
106.9	0.1050E-22
108.6	0.1018E-22
110.2	0.9877E-23
111.9	0.9580E-23
113.6	0.9292E-23
115.4	0.9012E-23
117.2	0.8740E-23
119.0	0.8476E-23
120.8	0.8219E-23
122.7	0.7969E-23
124.6	0.7727E-23
126.6	0.7491E-23
128.5	0.7263E-23
130.6	0.7041E-23
132.6	0.6825E-23
134.7	0.6616E-23
136.8	0.6412E-23
139.0	0.6215E-23
141.2	0.6023E-23
143.4	0.5837E-23
145.7	0.5657E-23
148.0	0.5482E-23
150.3	0.5311E-23
152.7	0.5146E-23
155.1	0.4986E-23
157.6	0.4831E-23
160.1	0.4680E-23
162.7	0.4534E-23
165.3	0.4392E-23
167.9	0.4255E-23
170.6	0.4121E-23
173.4	0.3992E-23
176.2	0.3866E-23
179.0	0.3744E-23
181.9	0.3626E-23
184.8	0.3512E-23
187.8	0.3401E-23
190.9	0.3293E-23
194.0	0.3189E-23
197.1	0.3088E-23
200.3	0.2990E-23
203.6	0.2895E-23
206.9	0.2802E-23
210.3	0.2713E-23
213.7	0.2627E-23
217.2	0.2543E-23
220.8	0.2462E-23
224.4	0.2383E-23
228.1	0.2307E-23
231.8	0.2233E-23
235.7	0.2161E-23
239.5	0.2092E-23
243.5	0.2024E-23
247.5	0.1959E-23
251.6	0.1896E-23
255.7	0.1835E-23
259.9	0.1776E-23
264.2	0.1719E-23
268.6	0.1663E-23
273.1	0.1609E-23
277.6	0.1557E-23
282.2	0.1507E-23
286.9	0.1458E-23
291.7	0.1410E-23
296.5	0.1365E-23
301.5	0.1320E-23
306.5	0.1277E-23
311.6	0.1236E-23
316.8	0.1196E-23
322.1	0.1157E-23
327.5	0.1119E-23
332.9	0.1082E-23
338.5	0.1047E-23
344.2	0.1013E-23
350.0	0.9798E-24
355.8	0.9478E-24
361.8	0.9167E-24
367.9	0.8867E-24
374.1	0.8576E-24
380.4	0.8295E-24
386.7	0.8023E-24
393.2	0.7760E-24
399.9	0.7505E-24
406.6	0.7258E-24
413.5	0.7019E-24
420.4	0.6788E-24
427.5	0.6565E-24
434.8	0.6349E-24
442.1	0.6139E-24
449.6	0.5937E-24
457.2	0.5741E-24
464.9	0.5552E-24
472.8	0.5368E-24
480.8	0.5191E-24
488.9	0.5020E-24
497.2	0.4853E-24
514.2	0.4538E-24
531.9	0.4242E-24
550.1	0.3966E-24
569.0	0.3707E-24
588.5	0.3465E-24
608.7	0.3239E-24
629.7	0.3027E-24
651.3	0.2829E-24
673.8	0.2643E-24
697.0	0.2470E-24
721.0	0.2308E-24
745.9	0.2157E-24
771.6	0.2015E-24
798.3	0.1883E-24
825.9	0.1759E-24
854.5	0.1644E-24
884.0	0.1536E-24
914.6	0.1435E-24
946.3	0.1340E-24
979.1	0.1252E-24
--------------------------------
Extra points added by BOLSIG+:
1273.	0.1008E-24
1655.	0.8097E-25
2151.	0.6494E-25
2796.	0.5200E-25
3635.	0.4157E-25
4726.	0.3318E-25
6144.	0.2646E-25
7987.	0.2107E-25
0.1038E+05	0.1675E-25
 
 
C22 Input cross section
EXCITATION
Ar                                                              
   14.07       1.000    
--------------------------------
14.07	0.000
14.07	0.6438E-25
14.09	0.1121E-23
14.10	0.2262E-23
14.12	0.3423E-23
14.14	0.4604E-23
14.16	0.5806E-23
14.18	0.7028E-23
14.20	0.8272E-23
14.22	0.9538E-23
14.24	0.1083E-22
14.26	0.1214E-22
14.28	0.1347E-22
14.30	0.1482E-22
14.32	0.1620E-22
14.34	0.1761E-22
14.36	0.1904E-22
14.39	0.2049E-22
14.41	0.2197E-22
14.43	0.2347E-22
14.46	0.2500E-22
14.48	0.2656E-22
14.51	0.2814E-22
14.53	0.2975E-22
14.56	0.3139E-22
14.58	0.3306E-22
14.61	0.3476E-22
14.63	0.3649E-22
14.66	0.3824E-22
14.69	0.4003E-22
14.72	0.4185E-22
14.75	0.4370E-22
14.78	0.4558E-22
14.81	0.4750E-22
14.84	0.4945E-22
14.87	0.5143E-22
14.90	0.5345E-22
14.93	0.5550E-22
14.96	0.5759E-22
15.00	0.5971E-22
15.03	0.6145E-22
15.06	0.6316E-22
15.10	0.6490E-22
15.13	0.6667E-22
15.17	0.6847E-22
15.21	0.7030E-22
15.24	0.7216E-22
15.28	0.7405E-22
15.32	0.7598E-22
15.36	0.7794E-22
15.40	0.7994E-22
15.44	0.8197E-22
15.48	0.8403E-22
15.52	0.8614E-22
15.56	0.8827E-22
15.61	0.9045E-22
15.65	0.9266E-22
15.70	0.9491E-22
15.74	0.9720E-22
15.79	0.9953E-22
15.84	0.1019E-21
15.89	0.1043E-21
15.94	0.1068E-21
15.98	0.1093E-21
16.04	0.1115E-21
16.09	0.1135E-21
16.14	0.1156E-21
16.19	0.1178E-21
16.25	0.1199E-21
16.30	0.1222E-21
16.36	0.1244E-21
16.42	0.1267E-21
16.48	0.1290E-21
16.54	0.1314E-21
16.60	0.1338E-21
16.66	0.1363E-21
16.72	0.1388E-21
16.78	0.1413E-21
16.85	0.1439E-21
16.91	0.1466E-21
16.98	0.1492E-21
17.05	0.1510E-21
17.12	0.1524E-21
17.19	0.1538E-21
17.26	0.1552E-21
17.33	0.1567E-21
17.41	0.1582E-21
17.48	0.1597E-21
17.56	0.1612E-21
17.64	0.1628E-21
17.72	0.1644E-21
17.80	0.1660E-21
17.88	0.1676E-21
17.97	0.1693E-21
18.05	0.1705E-21
18.14	0.1714E-21
18.23	0.1723E-21
18.32	0.1732E-21
18.41	0.1741E-21
18.50	0.1750E-21
18.59	0.1759E-21
18.69	0.1769E-21
18.79	0.1779E-21
18.89	0.1789E-21
18.99	0.1799E-21
19.09	0.1805E-21
19.20	0.1810E-21
19.30	0.1815E-21
19.41	0.1821E-21
19.52	0.1826E-21
19.64	0.1832E-21
19.75	0.1838E-21
19.87	0.1843E-21
19.99	0.1849E-21
20.11	0.1850E-21
20.23	0.1850E-21
20.35	0.1850E-21
20.48	0.1850E-21
20.61	0.1850E-21
20.74	0.1850E-21
20.88	0.1850E-21
21.01	0.1850E-21
21.15	0.1850E-21
21.29	0.1850E-21
21.43	0.1850E-21
21.58	0.1850E-21
21.73	0.1850E-21
21.88	0.1850E-21
22.03	0.1848E-21
22.19	0.1837E-21
22.35	0.1827E-21
22.51	0.1816E-21
22.67	0.1805E-21
22.84	0.1794E-21
23.01	0.1783E-21
23.18	0.1771E-21
23.36	0.1759E-21
23.54	0.1747E-21
23.72	0.1735E-21
23.91	0.1723E-21
24.10	0.1710E-21
24.29	0.1697E-21
24.48	0.1684E-21
24.68	0.1671E-21
24.89	0.1658E-21
25.09	0.1645E-21
25.30	0.1632E-21
25.51	0.1619E-21
25.73	0.1606E-21
25.95	0.1593E-21
26.18	0.1580E-21
26.40	0.1566E-21
26.64	0.1552E-21
26.87	0.1538E-21
27.11	0.1523E-21
27.36	0.1509E-21
27.61	0.1494E-21
27.86	0.1479E-21
28.12	0.1463E-21
28.65	0.1431E-21
29.19	0.1398E-21
29.76	0.1364E-21
30.35	0.1326E-21
30.95	0.1283E-21
31.58	0.1239E-21
32.23	0.1194E-21
32.91	0.1147E-21
33.25	0.1122E-21
33.60	0.1098E-21
33.96	0.1073E-21
34.33	0.1047E-21
34.70	0.1021E-21
35.07	0.9961E-22
35.45	0.9754E-22
35.84	0.9544E-22
36.24	0.9329E-22
36.65	0.9111E-22
37.06	0.8890E-22
37.47	0.8664E-22
37.90	0.8434E-22
38.33	0.8201E-22
38.77	0.7963E-22
39.22	0.7721E-22
39.67	0.7475E-22
40.14	0.7256E-22
40.61	0.7105E-22
41.09	0.6951E-22
41.58	0.6795E-22
42.08	0.6636E-22
42.58	0.6474E-22
43.09	0.6310E-22
43.62	0.6142E-22
44.15	0.5972E-22
44.69	0.5799E-22
45.24	0.5642E-22
45.80	0.5507E-22
46.37	0.5371E-22
46.95	0.5231E-22
47.54	0.5090E-22
48.14	0.4946E-22
48.75	0.4799E-22
49.38	0.4650E-22
50.01	0.4499E-22
51.31	0.4330E-22
51.97	0.4244E-22
52.65	0.4156E-22
53.34	0.4066E-22
54.04	0.3975E-22
54.76	0.3882E-22
55.48	0.3787E-22
56.22	0.3691E-22
56.97	0.3594E-22
57.74	0.3494E-22
58.51	0.3393E-22
59.31	0.3290E-22
60.11	0.3190E-22
60.93	0.3116E-22
61.77	0.3041E-22
62.61	0.2965E-22
63.48	0.2887E-22
64.35	0.2808E-22
65.25	0.2728E-22
66.16	0.2646E-22
67.08	0.2563E-22
68.02	0.2478E-22
68.98	0.2392E-22
69.95	0.2304E-22
70.94	0.2253E-22
71.95	0.2202E-22
72.98	0.2151E-22
74.02	0.2099E-22
75.08	0.2046E-22
76.16	0.1992E-22
77.26	0.1937E-22
78.38	0.1881E-22
79.52	0.1824E-22
80.68	0.1776E-22
81.85	0.1735E-22
83.05	0.1693E-22
84.27	0.1650E-22
85.51	0.1607E-22
86.77	0.1563E-22
88.06	0.1518E-22
89.36	0.1472E-22
90.69	0.1433E-22
92.05	0.1399E-22
93.42	0.1364E-22
94.82	0.1330E-22
96.24	0.1294E-22
97.69	0.1258E-22
99.17	0.1221E-22
100.7	0.1184E-22
102.2	0.1149E-22
103.8	0.1115E-22
105.3	0.1082E-22
106.9	0.1049E-22
108.6	0.1018E-22
110.2	0.9876E-23
111.9	0.9579E-23
113.7	0.9291E-23
115.4	0.9011E-23
117.2	0.8739E-23
119.0	0.8475E-23
120.8	0.8218E-23
122.7	0.7969E-23
124.6	0.7726E-23
126.6	0.7491E-23
128.6	0.7262E-23
130.6	0.7040E-23
132.6	0.6824E-23
134.7	0.6615E-23
136.8	0.6412E-23
139.0	0.6214E-23
141.2	0.6023E-23
143.4	0.5837E-23
145.7	0.5656E-23
148.0	0.5481E-23
150.3	0.5311E-23
152.7	0.5146E-23
155.1	0.4986E-23
157.6	0.4831E-23
160.1	0.4680E-23
162.7	0.4534E-23
165.3	0.4392E-23
167.9	0.4254E-23
170.7	0.4121E-23
173.4	0.3991E-23
176.2	0.3866E-23
179.0	0.3744E-23
181.9	0.3626E-23
184.9	0.3512E-23
187.8	0.3401E-23
190.9	0.3293E-23
194.0	0.3189E-23
197.2	0.3087E-23
200.3	0.2989E-23
203.6	0.2894E-23
206.9	0.2802E-23
210.3	0.2713E-23
213.8	0.2627E-23
217.2	0.2543E-23
220.8	0.2461E-23
224.4	0.2383E-23
228.1	0.2306E-23
231.8	0.2233E-23
235.7	0.2161E-23
239.5	0.2091E-23
243.5	0.2024E-23
247.5	0.1959E-23
251.6	0.1896E-23
255.7	0.1835E-23
260.0	0.1776E-23
264.3	0.1718E-23
268.6	0.1663E-23
273.1	0.1609E-23
277.6	0.1557E-23
282.2	0.1507E-23
286.9	0.1458E-23
291.7	0.1410E-23
296.5	0.1365E-23
301.5	0.1320E-23
306.5	0.1277E-23
311.6	0.1236E-23
316.8	0.1196E-23
322.1	0.1157E-23
327.5	0.1119E-23
333.0	0.1082E-23
338.5	0.1047E-23
344.2	0.1013E-23
350.0	0.9798E-24
355.8	0.9477E-24
361.8	0.9167E-24
367.9	0.8867E-24
374.1	0.8576E-24
380.4	0.8295E-24
386.8	0.8023E-24
393.3	0.7759E-24
399.9	0.7505E-24
406.6	0.7258E-24
413.5	0.7019E-24
420.4	0.6788E-24
427.5	0.6565E-24
434.8	0.6348E-24
442.1	0.6139E-24
449.6	0.5937E-24
457.2	0.5741E-24
464.9	0.5552E-24
472.8	0.5368E-24
480.8	0.5191E-24
488.9	0.5019E-24
497.2	0.4853E-24
514.3	0.4538E-24
531.9	0.4242E-24
550.1	0.3965E-24
569.0	0.3707E-24
588.5	0.3465E-24
608.7	0.3238E-24
629.7	0.3027E-24
651.3	0.2829E-24
673.8	0.2643E-24
697.0	0.2470E-24
721.0	0.2308E-24
745.9	0.2157E-24
771.6	0.2015E-24
798.3	0.1883E-24
825.9	0.1759E-24
854.5	0.1644E-24
884.0	0.1536E-24
914.6	0.1434E-24
946.3	0.1340E-24
979.1	0.1252E-24
--------------------------------
Extra points added by BOLSIG+:
1273.	0.1008E-24
1655.	0.8097E-25
2151.	0.6494E-25
2796.	0.5200E-25
3635.	0.4157E-25
4726.	0.3318E-25
6144.	0.2646E-25
7987.	0.2107E-25
0.1038E+05	0.1675E-25
 
 
C23 Input cross section
EXCITATION
Ar                                                              
   14.09       1.000    
--------------------------------
14.09	0.000
14.09	0.7392E-30
14.11	0.1200E-26
14.12	0.5041E-26
14.14	0.1164E-25
14.16	0.2110E-25
14.18	0.3356E-25
14.20	0.4913E-25
14.22	0.6793E-25
14.24	0.9011E-25
14.26	0.1158E-24
14.28	0.1451E-24
14.30	0.1782E-24
14.32	0.2152E-24
14.34	0.2562E-24
14.36	0.3015E-24
14.39	0.3512E-24
14.41	0.4053E-24
14.43	0.4642E-24
14.46	0.5279E-24
14.48	0.5967E-24
14.50	0.6706E-24
14.53	0.7499E-24
14.55	0.8348E-24
14.58	0.9254E-24
14.60	0.1022E-23
14.63	0.1125E-23
14.66	0.1234E-23
14.68	0.1349E-23
14.71	0.1471E-23
14.74	0.1600E-23
14.77	0.1737E-23
14.80	0.1880E-23
14.83	0.2032E-23
14.86	0.2191E-23
14.89	0.2358E-23
14.92	0.2533E-23
14.95	0.2717E-23
14.98	0.2910E-23
15.02	0.3111E-23
15.05	0.3322E-23
15.09	0.3542E-23
15.12	0.3772E-23
15.15	0.4012E-23
15.19	0.4263E-23
15.23	0.4524E-23
15.27	0.4795E-23
15.30	0.5078E-23
15.34	0.5372E-23
15.38	0.5678E-23
15.42	0.5995E-23
15.46	0.6325E-23
15.50	0.6667E-23
15.54	0.7022E-23
15.59	0.7390E-23
15.63	0.7771E-23
15.68	0.8166E-23
15.72	0.8575E-23
15.77	0.8998E-23
15.81	0.9436E-23
15.86	0.9888E-23
15.91	0.1036E-22
15.96	0.1084E-22
16.01	0.1134E-22
16.06	0.1185E-22
16.11	0.1238E-22
16.16	0.1293E-22
16.22	0.1349E-22
16.27	0.1407E-22
16.33	0.1467E-22
16.38	0.1529E-22
16.44	0.1592E-22
16.50	0.1658E-22
16.56	0.1725E-22
16.62	0.1794E-22
16.68	0.1865E-22
16.74	0.1937E-22
16.80	0.2012E-22
16.87	0.2089E-22
16.94	0.2168E-22
17.00	0.2249E-22
17.07	0.2332E-22
17.14	0.2417E-22
17.21	0.2504E-22
17.28	0.2593E-22
17.36	0.2684E-22
17.43	0.2778E-22
17.51	0.2873E-22
17.58	0.2971E-22
17.66	0.3071E-22
17.74	0.3174E-22
17.82	0.3279E-22
17.90	0.3385E-22
17.99	0.3494E-22
18.07	0.3606E-22
18.16	0.3720E-22
18.25	0.3836E-22
18.34	0.3954E-22
18.43	0.4075E-22
18.52	0.4197E-22
18.62	0.4323E-22
18.71	0.4450E-22
18.81	0.4580E-22
18.91	0.4712E-22
19.01	0.4847E-22
19.12	0.4983E-22
19.22	0.5122E-22
19.33	0.5264E-22
19.44	0.5407E-22
19.55	0.5553E-22
19.66	0.5701E-22
19.77	0.5851E-22
19.89	0.6004E-22
20.01	0.6158E-22
20.13	0.6315E-22
20.25	0.6474E-22
20.38	0.6635E-22
20.50	0.6798E-22
20.63	0.6963E-22
20.76	0.7130E-22
20.90	0.7299E-22
21.03	0.7469E-22
21.17	0.7642E-22
21.31	0.7817E-22
21.46	0.7993E-22
21.60	0.8171E-22
21.75	0.8351E-22
21.90	0.8532E-22
22.05	0.8715E-22
22.21	0.8899E-22
22.37	0.9085E-22
22.53	0.9272E-22
22.70	0.9461E-22
22.86	0.9650E-22
23.03	0.9841E-22
23.21	0.1003E-21
23.38	0.1023E-21
23.56	0.1042E-21
23.74	0.1062E-21
23.93	0.1081E-21
24.12	0.1101E-21
24.31	0.1120E-21
24.51	0.1140E-21
24.70	0.1160E-21
24.91	0.1180E-21
25.11	0.1200E-21
25.32	0.1220E-21
25.54	0.1240E-21
25.75	0.1260E-21
25.97	0.1280E-21
26.20	0.1300E-21
26.43	0.1320E-21
26.66	0.1340E-21
26.89	0.1359E-21
27.13	0.1379E-21
27.38	0.1399E-21
27.63	0.1419E-21
27.88	0.1438E-21
28.14	0.1458E-21
28.67	0.1497E-21
29.21	0.1535E-21
29.78	0.1573E-21
30.37	0.1610E-21
30.98	0.1647E-21
31.60	0.1683E-21
32.26	0.1718E-21
33.27	0.1769E-21
34.35	0.1818E-21
35.48	0.1864E-21
36.67	0.1908E-21
37.92	0.1949E-21
39.70	0.2000E-21
41.60	0.2045E-21
44.17	0.2093E-21
47.56	0.2139E-21
54.06	0.2185E-21
77.28	0.2140E-21
85.53	0.2093E-21
93.44	0.2043E-21
100.7	0.1996E-21
107.0	0.1955E-21
113.7	0.1912E-21
120.9	0.1867E-21
128.6	0.1820E-21
134.7	0.1783E-21
141.2	0.1746E-21
148.0	0.1709E-21
155.2	0.1671E-21
162.7	0.1632E-21
170.7	0.1593E-21
179.1	0.1555E-21
187.9	0.1516E-21
197.2	0.1477E-21
207.0	0.1438E-21
217.3	0.1399E-21
228.1	0.1361E-21
239.6	0.1323E-21
251.6	0.1286E-21
264.3	0.1248E-21
273.1	0.1224E-21
282.2	0.1199E-21
291.7	0.1175E-21
301.5	0.1151E-21
311.6	0.1128E-21
322.1	0.1105E-21
333.0	0.1081E-21
344.2	0.1059E-21
355.9	0.1036E-21
367.9	0.1014E-21
380.4	0.9921E-22
393.3	0.9705E-22
406.6	0.9492E-22
420.5	0.9282E-22
434.8	0.9076E-22
449.6	0.8872E-22
464.9	0.8672E-22
480.8	0.8476E-22
497.3	0.8282E-22
531.9	0.7905E-22
569.0	0.7540E-22
608.8	0.7189E-22
651.4	0.6851E-22
697.0	0.6526E-22
745.9	0.6213E-22
798.3	0.5913E-22
854.5	0.5624E-22
914.7	0.5348E-22
979.1	0.5083E-22
--------------------------------
Extra points added by BOLSIG+:
1273.	0.4093E-22
1655.	0.3288E-22
2151.	0.2637E-22
2797.	0.2112E-22
3635.	0.1688E-22
4726.	0.1348E-22
6144.	0.1075E-22
7987.	0.8556E-23
0.1038E+05	0.6805E-23
 
 
C24 Input cross section
EXCITATION
Ar                                                              
   14.10       1.000    
--------------------------------
14.10	0.000
14.10	0.8879E-26
14.12	0.1547E-24
14.13	0.3120E-24
14.15	0.4721E-24
14.17	0.6350E-24
14.19	0.8007E-24
14.21	0.9694E-24
14.23	0.1141E-23
14.25	0.1316E-23
14.27	0.1493E-23
14.29	0.1674E-23
14.31	0.1858E-23
14.33	0.2045E-23
14.35	0.2235E-23
14.37	0.2428E-23
14.39	0.2625E-23
14.42	0.2826E-23
14.44	0.3030E-23
14.46	0.3237E-23
14.49	0.3448E-23
14.51	0.3663E-23
14.54	0.3881E-23
14.56	0.4104E-23
14.59	0.4330E-23
14.61	0.4560E-23
14.64	0.4794E-23
14.67	0.5032E-23
14.69	0.5275E-23
14.72	0.5521E-23
14.75	0.5772E-23
14.78	0.6027E-23
14.81	0.6287E-23
14.84	0.6551E-23
14.87	0.6820E-23
14.90	0.7093E-23
14.93	0.7371E-23
14.96	0.7655E-23
14.99	0.7942E-23
15.03	0.8265E-23
15.06	0.8601E-23
15.09	0.8943E-23
15.13	0.9290E-23
15.16	0.9644E-23
15.20	0.1000E-22
15.24	0.1037E-22
15.27	0.1074E-22
15.31	0.1112E-22
15.35	0.1151E-22
15.39	0.1190E-22
15.43	0.1230E-22
15.47	0.1270E-22
15.51	0.1312E-22
15.55	0.1354E-22
15.60	0.1397E-22
15.64	0.1440E-22
15.68	0.1484E-22
15.73	0.1529E-22
15.78	0.1575E-22
15.82	0.1622E-22
15.87	0.1669E-22
15.92	0.1717E-22
15.97	0.1767E-22
16.02	0.1812E-22
16.07	0.1850E-22
16.12	0.1889E-22
16.17	0.1929E-22
16.23	0.1969E-22
16.28	0.2010E-22
16.34	0.2051E-22
16.39	0.2094E-22
16.45	0.2136E-22
16.51	0.2180E-22
16.57	0.2225E-22
16.63	0.2270E-22
16.69	0.2316E-22
16.75	0.2363E-22
16.81	0.2411E-22
16.88	0.2459E-22
16.95	0.2509E-22
17.01	0.2559E-22
17.08	0.2610E-22
17.15	0.2662E-22
17.22	0.2715E-22
17.29	0.2769E-22
17.36	0.2824E-22
17.44	0.2879E-22
17.52	0.2936E-22
17.59	0.2994E-22
17.67	0.3052E-22
17.75	0.3112E-22
17.83	0.3173E-22
17.91	0.3235E-22
18.00	0.3298E-22
18.08	0.3357E-22
18.17	0.3418E-22
18.26	0.3480E-22
18.35	0.3543E-22
18.44	0.3607E-22
18.53	0.3672E-22
18.63	0.3738E-22
18.72	0.3806E-22
18.82	0.3874E-22
18.92	0.3944E-22
19.02	0.4011E-22
19.12	0.4062E-22
19.23	0.4115E-22
19.34	0.4168E-22
19.45	0.4222E-22
19.56	0.4278E-22
19.67	0.4334E-22
19.78	0.4391E-22
19.90	0.4449E-22
20.02	0.4505E-22
20.14	0.4541E-22
20.26	0.4578E-22
20.39	0.4616E-22
20.51	0.4654E-22
20.64	0.4692E-22
20.77	0.4732E-22
20.91	0.4772E-22
21.04	0.4808E-22
21.18	0.4836E-22
21.32	0.4864E-22
21.46	0.4893E-22
21.61	0.4922E-22
21.76	0.4952E-22
21.91	0.4982E-22
22.06	0.5008E-22
22.22	0.5029E-22
22.38	0.5050E-22
22.54	0.5072E-22
22.70	0.5094E-22
22.87	0.5116E-22
23.04	0.5139E-22
23.21	0.5162E-22
23.39	0.5185E-22
23.57	0.5209E-22
23.75	0.5234E-22
23.94	0.5258E-22
24.13	0.5284E-22
24.32	0.5309E-22
24.52	0.5335E-22
24.71	0.5362E-22
24.92	0.5389E-22
25.12	0.5402E-22
25.33	0.5407E-22
25.54	0.5411E-22
25.76	0.5415E-22
25.98	0.5420E-22
26.21	0.5424E-22
26.43	0.5429E-22
26.67	0.5433E-22
26.90	0.5438E-22
27.14	0.5443E-22
27.39	0.5448E-22
27.64	0.5453E-22
27.89	0.5458E-22
28.15	0.5463E-22
32.60	0.5344E-22
34.36	0.5239E-22
35.88	0.5130E-22
37.51	0.5000E-22
38.80	0.4896E-22
40.17	0.4786E-22
41.61	0.4671E-22
43.12	0.4550E-22
44.72	0.4422E-22
45.83	0.4333E-22
46.98	0.4241E-22
48.17	0.4146E-22
49.41	0.4047E-22
50.68	0.3952E-22
52.00	0.3860E-22
53.37	0.3764E-22
54.79	0.3665E-22
56.25	0.3562E-22
57.77	0.3456E-22
59.34	0.3346E-22
60.96	0.3257E-22
62.64	0.3181E-22
64.39	0.3103E-22
66.19	0.3022E-22
68.05	0.2938E-22
69.98	0.2851E-22
71.98	0.2761E-22
74.05	0.2668E-22
76.19	0.2571E-22
78.41	0.2471E-22
79.55	0.2420E-22
81.89	0.2362E-22
84.30	0.2314E-22
86.81	0.2264E-22
89.39	0.2212E-22
92.08	0.2159E-22
94.85	0.2103E-22
97.72	0.2045E-22
100.7	0.1986E-22
103.8	0.1927E-22
107.0	0.1870E-22
110.3	0.1814E-22
113.7	0.1759E-22
117.2	0.1706E-22
120.9	0.1655E-22
124.7	0.1604E-22
128.6	0.1556E-22
132.6	0.1508E-22
136.8	0.1462E-22
141.2	0.1417E-22
145.7	0.1373E-22
150.3	0.1330E-22
155.2	0.1289E-22
160.2	0.1249E-22
165.3	0.1210E-22
170.7	0.1172E-22
176.2	0.1135E-22
181.9	0.1099E-22
187.9	0.1065E-22
194.0	0.1031E-22
200.4	0.9981E-23
207.0	0.9664E-23
213.8	0.9356E-23
220.8	0.9057E-23
228.1	0.8767E-23
235.7	0.8486E-23
243.5	0.8213E-23
251.6	0.7949E-23
260.0	0.7693E-23
268.7	0.7444E-23
277.6	0.7203E-23
286.9	0.6970E-23
296.6	0.6744E-23
306.5	0.6525E-23
316.8	0.6312E-23
327.5	0.6107E-23
338.6	0.5907E-23
350.0	0.5714E-23
361.8	0.5527E-23
374.1	0.5346E-23
386.8	0.5171E-23
399.9	0.5001E-23
413.5	0.4837E-23
427.6	0.4678E-23
442.1	0.4523E-23
457.2	0.4374E-23
472.8	0.4230E-23
489.0	0.4090E-23
514.3	0.3889E-23
540.9	0.3697E-23
569.0	0.3515E-23
598.6	0.3341E-23
629.7	0.3176E-23
662.5	0.3019E-23
697.0	0.2869E-23
733.4	0.2727E-23
771.7	0.2592E-23
812.0	0.2463E-23
854.5	0.2341E-23
899.2	0.2224E-23
946.4	0.2113E-23
996.0	0.2008E-23
--------------------------------
Extra points added by BOLSIG+:
1295.	0.1616E-23
1683.	0.1299E-23
2188.	0.1041E-23
2845.	0.8338E-24
3698.	0.6665E-24
4807.	0.5321E-24
6250.	0.4242E-24
8125.	0.3377E-24
0.1056E+05	0.2686E-24
 
 
C25 Input cross section
EXCITATION
Ar                                                              
   14.15       1.000    
--------------------------------
14.15	0.000
14.15	0.2039E-29
14.17	0.3393E-26
14.19	0.1425E-25
14.21	0.3291E-25
14.22	0.5968E-25
14.24	0.9492E-25
14.26	0.1389E-24
14.28	0.1922E-24
14.30	0.2549E-24
14.32	0.3275E-24
14.34	0.4104E-24
14.36	0.5040E-24
14.38	0.6087E-24
14.40	0.7249E-24
14.43	0.8530E-24
14.45	0.9934E-24
14.47	0.1147E-23
14.49	0.1313E-23
14.52	0.1494E-23
14.54	0.1688E-23
14.57	0.1897E-23
14.59	0.2122E-23
14.62	0.2362E-23
14.64	0.2618E-23
14.67	0.2892E-23
14.69	0.3182E-23
14.72	0.3491E-23
14.75	0.3817E-23
14.78	0.4163E-23
14.80	0.4529E-23
14.83	0.4915E-23
14.86	0.5321E-23
14.89	0.5750E-23
14.92	0.6200E-23
14.95	0.6673E-23
14.98	0.7169E-23
15.02	0.7690E-23
15.05	0.8235E-23
15.08	0.8806E-23
15.11	0.9403E-23
15.15	0.1003E-22
15.18	0.1068E-22
15.22	0.1136E-22
15.25	0.1207E-22
15.29	0.1281E-22
15.33	0.1358E-22
15.37	0.1438E-22
15.40	0.1521E-22
15.44	0.1607E-22
15.48	0.1697E-22
15.52	0.1791E-22
15.57	0.1888E-22
15.61	0.1988E-22
15.65	0.2092E-22
15.69	0.2201E-22
15.74	0.2312E-22
15.78	0.2428E-22
15.83	0.2548E-22
15.88	0.2672E-22
15.92	0.2800E-22
15.97	0.2933E-22
16.02	0.3069E-22
16.07	0.3211E-22
16.12	0.3357E-22
16.17	0.3507E-22
16.23	0.3662E-22
16.28	0.3822E-22
16.33	0.3987E-22
16.39	0.4156E-22
16.45	0.4331E-22
16.50	0.4511E-22
16.56	0.4696E-22
16.62	0.4886E-22
16.68	0.5082E-22
16.74	0.5283E-22
16.80	0.5490E-22
16.87	0.5702E-22
16.93	0.5920E-22
17.00	0.6143E-22
17.07	0.6373E-22
17.13	0.6608E-22
17.20	0.6849E-22
17.27	0.7096E-22
17.35	0.7349E-22
17.42	0.7608E-22
17.49	0.7874E-22
17.57	0.8145E-22
17.65	0.8423E-22
17.72	0.8707E-22
17.80	0.8998E-22
17.89	0.9295E-22
17.97	0.9598E-22
18.05	0.9908E-22
18.14	0.1022E-21
18.22	0.1055E-21
18.31	0.1088E-21
18.40	0.1121E-21
18.49	0.1156E-21
18.59	0.1190E-21
18.68	0.1226E-21
18.78	0.1262E-21
18.87	0.1299E-21
18.97	0.1337E-21
19.07	0.1375E-21
19.18	0.1414E-21
19.28	0.1453E-21
19.39	0.1493E-21
19.50	0.1534E-21
19.61	0.1576E-21
19.72	0.1618E-21
19.84	0.1660E-21
19.95	0.1704E-21
20.07	0.1748E-21
20.19	0.1792E-21
20.31	0.1837E-21
20.44	0.1883E-21
20.57	0.1930E-21
20.70	0.1976E-21
20.83	0.2024E-21
20.96	0.2072E-21
21.10	0.2121E-21
21.23	0.2170E-21
21.38	0.2219E-21
21.52	0.2270E-21
21.66	0.2320E-21
21.81	0.2371E-21
21.96	0.2423E-21
22.12	0.2475E-21
22.27	0.2528E-21
22.43	0.2580E-21
22.59	0.2634E-21
22.76	0.2687E-21
22.93	0.2741E-21
23.10	0.2796E-21
23.27	0.2850E-21
23.45	0.2906E-21
23.62	0.2961E-21
23.81	0.3016E-21
23.99	0.3072E-21
24.18	0.3128E-21
24.37	0.3184E-21
24.57	0.3241E-21
24.77	0.3297E-21
24.97	0.3354E-21
25.18	0.3411E-21
25.39	0.3468E-21
25.60	0.3525E-21
25.82	0.3582E-21
26.04	0.3639E-21
26.26	0.3696E-21
26.49	0.3753E-21
26.72	0.3809E-21
26.96	0.3866E-21
27.20	0.3923E-21
27.44	0.3979E-21
27.69	0.4036E-21
27.94	0.4092E-21
28.20	0.4147E-21
28.73	0.4258E-21
29.28	0.4368E-21
29.84	0.4476E-21
30.43	0.4583E-21
31.04	0.4688E-21
31.67	0.4790E-21
32.32	0.4891E-21
33.34	0.5036E-21
34.41	0.5176E-21
35.54	0.5310E-21
36.73	0.5435E-21
37.98	0.5554E-21
39.76	0.5698E-21
41.66	0.5828E-21
44.23	0.5967E-21
47.63	0.6099E-21
53.42	0.6225E-21
78.47	0.6094E-21
86.86	0.5956E-21
93.51	0.5837E-21
100.8	0.5704E-21
107.0	0.5588E-21
113.7	0.5465E-21
120.9	0.5336E-21
128.6	0.5202E-21
134.8	0.5098E-21
141.2	0.4993E-21
148.1	0.4885E-21
155.2	0.4777E-21
162.8	0.4667E-21
170.7	0.4557E-21
179.1	0.4446E-21
187.9	0.4335E-21
197.2	0.4224E-21
207.0	0.4114E-21
217.3	0.4003E-21
228.2	0.3894E-21
239.6	0.3785E-21
251.7	0.3678E-21
264.3	0.3571E-21
273.2	0.3501E-21
282.3	0.3432E-21
291.8	0.3363E-21
301.6	0.3295E-21
311.7	0.3227E-21
322.2	0.3161E-21
333.0	0.3095E-21
344.3	0.3029E-21
355.9	0.2965E-21
368.0	0.2902E-21
380.4	0.2839E-21
393.3	0.2777E-21
406.7	0.2717E-21
420.5	0.2657E-21
434.9	0.2598E-21
449.7	0.2539E-21
465.0	0.2482E-21
480.9	0.2426E-21
497.3	0.2371E-21
532.0	0.2263E-21
569.1	0.2158E-21
608.8	0.2058E-21
651.4	0.1961E-21
697.1	0.1868E-21
746.0	0.1779E-21
798.4	0.1693E-21
854.5	0.1610E-21
914.7	0.1531E-21
979.2	0.1455E-21
--------------------------------
Extra points added by BOLSIG+:
1273.	0.1172E-21
1655.	0.9416E-22
2151.	0.7552E-22
2797.	0.6047E-22
3636.	0.4835E-22
4726.	0.3860E-22
6144.	0.3077E-22
7988.	0.2450E-22
0.1038E+05	0.1949E-22
 
 
C26 Input cross section
EXCITATION
Ar                                                              
   14.21       1.000    
--------------------------------
14.21	0.000
14.21	0.1018E-24
14.23	0.1773E-23
14.25	0.3577E-23
14.27	0.5412E-23
14.29	0.7279E-23
14.30	0.9179E-23
14.32	0.1111E-22
14.34	0.1308E-22
14.36	0.1508E-22
14.38	0.1712E-22
14.40	0.1919E-22
14.42	0.2129E-22
14.44	0.2344E-22
14.47	0.2562E-22
14.49	0.2784E-22
14.51	0.3010E-22
14.53	0.3239E-22
14.55	0.3473E-22
14.58	0.3711E-22
14.60	0.3953E-22
14.63	0.4199E-22
14.65	0.4449E-22
14.68	0.4704E-22
14.70	0.4963E-22
14.73	0.5227E-22
14.75	0.5495E-22
14.78	0.5769E-22
14.81	0.6046E-22
14.84	0.6329E-22
14.86	0.6616E-22
14.89	0.6909E-22
14.92	0.7207E-22
14.95	0.7509E-22
14.98	0.7817E-22
15.01	0.8109E-22
15.04	0.8376E-22
15.08	0.8647E-22
15.11	0.8922E-22
15.14	0.9203E-22
15.18	0.9488E-22
15.21	0.9779E-22
15.24	0.1007E-21
15.28	0.1037E-21
15.31	0.1068E-21
15.35	0.1099E-21
15.39	0.1131E-21
15.43	0.1163E-21
15.47	0.1196E-21
15.51	0.1229E-21
15.54	0.1263E-21
15.59	0.1298E-21
15.63	0.1333E-21
15.67	0.1368E-21
15.71	0.1405E-21
15.76	0.1442E-21
15.80	0.1479E-21
15.84	0.1518E-21
15.89	0.1557E-21
15.94	0.1596E-21
15.98	0.1636E-21
16.03	0.1665E-21
16.08	0.1687E-21
16.13	0.1709E-21
16.18	0.1732E-21
16.23	0.1755E-21
16.29	0.1779E-21
16.34	0.1803E-21
16.39	0.1827E-21
16.45	0.1852E-21
16.51	0.1878E-21
16.56	0.1904E-21
16.62	0.1930E-21
16.68	0.1957E-21
16.74	0.1984E-21
16.80	0.2011E-21
16.87	0.2040E-21
16.93	0.2068E-21
16.99	0.2097E-21
17.06	0.2112E-21
17.13	0.2125E-21
17.20	0.2139E-21
17.26	0.2153E-21
17.34	0.2167E-21
17.41	0.2181E-21
17.48	0.2196E-21
17.55	0.2211E-21
17.63	0.2226E-21
17.71	0.2241E-21
17.79	0.2257E-21
17.86	0.2273E-21
17.95	0.2289E-21
18.03	0.2301E-21
18.11	0.2306E-21
18.20	0.2310E-21
18.28	0.2314E-21
18.37	0.2319E-21
18.46	0.2323E-21
18.55	0.2328E-21
18.65	0.2332E-21
18.74	0.2337E-21
18.84	0.2342E-21
18.93	0.2347E-21
19.04	0.2349E-21
19.14	0.2346E-21
19.24	0.2343E-21
19.34	0.2340E-21
19.45	0.2336E-21
19.56	0.2333E-21
19.67	0.2330E-21
19.78	0.2327E-21
19.90	0.2323E-21
20.01	0.2319E-21
20.13	0.2309E-21
20.25	0.2299E-21
20.38	0.2288E-21
20.50	0.2277E-21
20.63	0.2267E-21
20.76	0.2256E-21
20.89	0.2245E-21
21.02	0.2233E-21
21.16	0.2222E-21
21.30	0.2210E-21
21.44	0.2198E-21
21.58	0.2186E-21
21.73	0.2173E-21
21.87	0.2161E-21
22.02	0.2147E-21
22.18	0.2127E-21
22.33	0.2107E-21
22.49	0.2086E-21
22.66	0.2065E-21
22.82	0.2044E-21
22.99	0.2022E-21
23.16	0.2000E-21
23.33	0.1977E-21
23.51	0.1954E-21
23.68	0.1931E-21
23.87	0.1907E-21
24.05	0.1884E-21
24.24	0.1862E-21
24.43	0.1839E-21
24.63	0.1817E-21
24.83	0.1793E-21
25.03	0.1770E-21
25.24	0.1746E-21
25.45	0.1721E-21
25.66	0.1696E-21
25.88	0.1671E-21
26.10	0.1645E-21
26.32	0.1619E-21
26.55	0.1593E-21
26.78	0.1566E-21
27.02	0.1538E-21
27.26	0.1515E-21
27.50	0.1491E-21
27.75	0.1467E-21
28.00	0.1443E-21
28.26	0.1418E-21
28.79	0.1367E-21
29.34	0.1314E-21
29.62	0.1287E-21
29.91	0.1259E-21
30.49	0.1215E-21
31.10	0.1171E-21
31.73	0.1126E-21
32.05	0.1102E-21
32.38	0.1079E-21
32.71	0.1055E-21
33.05	0.1030E-21
33.40	0.1005E-21
33.75	0.9801E-22
34.11	0.9543E-22
34.47	0.9281E-22
34.84	0.9014E-22
35.22	0.8795E-22
35.60	0.8611E-22
35.99	0.8424E-22
36.39	0.8234E-22
36.79	0.8040E-22
37.20	0.7843E-22
37.62	0.7642E-22
38.05	0.7438E-22
38.48	0.7231E-22
38.92	0.7019E-22
39.37	0.6804E-22
39.82	0.6586E-22
40.28	0.6403E-22
40.76	0.6243E-22
41.24	0.6080E-22
41.72	0.5914E-22
42.22	0.5745E-22
42.73	0.5573E-22
43.24	0.5398E-22
43.76	0.5220E-22
44.30	0.5040E-22
44.84	0.4856E-22
45.39	0.4715E-22
45.95	0.4591E-22
46.52	0.4466E-22
47.10	0.4338E-22
47.69	0.4209E-22
48.29	0.4076E-22
48.90	0.3942E-22
49.52	0.3805E-22
50.15	0.3675E-22
50.80	0.3572E-22
51.45	0.3468E-22
52.12	0.3361E-22
52.80	0.3253E-22
53.49	0.3142E-22
54.19	0.3030E-22
54.90	0.2916E-22
55.63	0.2825E-22
56.37	0.2736E-22
57.12	0.2646E-22
57.88	0.2554E-22
58.66	0.2461E-22
59.45	0.2366E-22
60.26	0.2279E-22
61.08	0.2214E-22
61.91	0.2147E-22
62.76	0.2079E-22
63.62	0.2010E-22
64.50	0.1940E-22
65.39	0.1868E-22
66.30	0.1796E-22
67.23	0.1722E-22
68.17	0.1647E-22
69.12	0.1570E-22
70.10	0.1495E-22
71.09	0.1449E-22
72.10	0.1401E-22
73.12	0.1353E-22
74.17	0.1304E-22
75.23	0.1254E-22
76.31	0.1203E-22
77.41	0.1152E-22
78.53	0.1099E-22
79.67	0.1046E-22
80.82	0.1006E-22
82.00	0.9720E-23
83.20	0.9372E-23
84.42	0.9019E-23
85.66	0.8659E-23
86.92	0.8293E-23
88.20	0.7921E-23
89.51	0.7542E-23
90.84	0.7241E-23
92.19	0.6984E-23
93.57	0.6722E-23
94.97	0.6456E-23
96.39	0.6186E-23
97.84	0.5910E-23
99.31	0.5630E-23
100.8	0.5368E-23
102.3	0.5131E-23
103.9	0.4905E-23
105.5	0.4688E-23
107.1	0.4480E-23
108.7	0.4281E-23
110.4	0.4090E-23
112.1	0.3907E-23
113.8	0.3733E-23
115.5	0.3566E-23
117.3	0.3406E-23
119.1	0.3252E-23
121.0	0.3106E-23
122.9	0.2966E-23
124.8	0.2831E-23
126.7	0.2703E-23
128.7	0.2581E-23
130.7	0.2463E-23
132.8	0.2351E-23
134.8	0.2244E-23
136.9	0.2141E-23
139.1	0.2043E-23
141.3	0.1950E-23
143.5	0.1860E-23
145.8	0.1774E-23
148.1	0.1693E-23
150.5	0.1615E-23
152.8	0.1540E-23
155.3	0.1469E-23
157.8	0.1401E-23
160.3	0.1336E-23
162.8	0.1274E-23
165.4	0.1214E-23
168.1	0.1158E-23
170.8	0.1104E-23
173.5	0.1052E-23
176.3	0.1003E-23
179.2	0.9562E-24
182.1	0.9114E-24
185.0	0.8686E-24
188.0	0.8278E-24
191.0	0.7888E-24
194.1	0.7517E-24
197.3	0.7162E-24
200.5	0.6824E-24
203.8	0.6501E-24
207.1	0.6194E-24
210.5	0.5900E-24
213.9	0.5621E-24
217.4	0.5354E-24
220.9	0.5099E-24
224.6	0.4857E-24
228.2	0.4626E-24
232.0	0.4405E-24
235.8	0.4195E-24
239.7	0.3995E-24
243.6	0.3804E-24
247.6	0.3622E-24
251.7	0.3448E-24
255.9	0.3283E-24
260.1	0.3126E-24
264.4	0.2975E-24
268.8	0.2833E-24
273.2	0.2696E-24
277.8	0.2567E-24
282.4	0.2443E-24
287.1	0.2325E-24
291.8	0.2213E-24
296.7	0.2106E-24
301.6	0.2004E-24
306.6	0.1908E-24
311.8	0.1815E-24
316.9	0.1727E-24
322.2	0.1644E-24
327.6	0.1564E-24
333.1	0.1488E-24
338.7	0.1416E-24
344.4	0.1347E-24
350.1	0.1282E-24
356.0	0.1219E-24
361.9	0.1160E-24
368.0	0.1103E-24
374.2	0.1050E-24
380.5	0.9984E-25
386.9	0.9497E-25
393.4	0.9033E-25
400.0	0.8592E-25
406.8	0.8172E-25
413.6	0.7772E-25
420.6	0.7392E-25
427.7	0.7030E-25
434.9	0.6686E-25
442.3	0.6358E-25
449.7	0.6046E-25
457.3	0.5750E-25
465.1	0.5468E-25
472.9	0.5199E-25
480.9	0.4944E-25
489.1	0.4701E-25
497.4	0.4470E-25
505.8	0.4250E-25
514.4	0.4041E-25
523.1	0.3842E-25
532.0	0.3652E-25
541.0	0.3472E-25
550.2	0.3301E-25
559.6	0.3139E-25
569.1	0.2984E-25
578.8	0.2836E-25
588.6	0.2696E-25
598.7	0.2563E-25
608.9	0.2437E-25
619.2	0.2316E-25
629.8	0.2202E-25
640.5	0.2093E-25
651.5	0.1989E-25
662.6	0.1891E-25
673.9	0.1797E-25
685.4	0.1708E-25
697.1	0.1623E-25
709.0	0.1543E-25
721.2	0.1466E-25
733.5	0.1394E-25
746.0	0.1325E-25
758.8	0.1259E-25
771.8	0.1196E-25
785.0	0.1137E-25
798.5	0.1081E-25
812.1	0.1027E-25
826.0	0.9758E-26
840.2	0.9273E-26
854.6	0.8812E-26
869.3	0.8373E-26
884.2	0.7957E-26
899.4	0.7561E-26
914.8	0.7185E-26
930.5	0.6827E-26
946.5	0.6487E-26
962.7	0.6164E-26
979.3	0.5857E-26
996.1	0.5565E-26
--------------------------------
Extra points added by BOLSIG+:
1295.	0.4480E-26
1683.	0.3599E-26
2188.	0.2887E-26
2845.	0.2311E-26
3698.	0.1848E-26
4808.	0.1475E-26
6250.	0.1176E-26
8125.	0.9363E-27
0.1056E+05	0.7446E-27
 
 
C27 Input cross section
EXCITATION
Ar                                                              
   14.23       1.000    
--------------------------------
14.23	0.000
14.23	0.7180E-25
14.25	0.1251E-23
14.27	0.2523E-23
14.29	0.3818E-23
14.31	0.5135E-23
14.32	0.6475E-23
14.34	0.7839E-23
14.36	0.9226E-23
14.38	0.1064E-22
14.40	0.1207E-22
14.42	0.1353E-22
14.44	0.1502E-22
14.46	0.1653E-22
14.49	0.1807E-22
14.51	0.1964E-22
14.53	0.2123E-22
14.55	0.2285E-22
14.57	0.2450E-22
14.60	0.2618E-22
14.62	0.2788E-22
14.65	0.2962E-22
14.67	0.3139E-22
14.70	0.3318E-22
14.72	0.3501E-22
14.75	0.3688E-22
14.77	0.3877E-22
14.80	0.4069E-22
14.83	0.4265E-22
14.86	0.4465E-22
14.88	0.4667E-22
14.91	0.4874E-22
14.94	0.5084E-22
14.97	0.5298E-22
15.00	0.5511E-22
15.03	0.5668E-22
15.06	0.5827E-22
15.10	0.5990E-22
15.13	0.6156E-22
15.16	0.6324E-22
15.20	0.6495E-22
15.23	0.6669E-22
15.26	0.6847E-22
15.30	0.7027E-22
15.34	0.7210E-22
15.37	0.7397E-22
15.41	0.7587E-22
15.45	0.7780E-22
15.49	0.7977E-22
15.53	0.8177E-22
15.56	0.8380E-22
15.61	0.8587E-22
15.65	0.8798E-22
15.69	0.9012E-22
15.73	0.9230E-22
15.78	0.9452E-22
15.82	0.9678E-22
15.86	0.9908E-22
15.91	0.1014E-21
15.96	0.1038E-21
16.00	0.1061E-21
16.05	0.1073E-21
16.10	0.1085E-21
16.15	0.1098E-21
16.20	0.1111E-21
16.25	0.1124E-21
16.31	0.1137E-21
16.36	0.1150E-21
16.41	0.1164E-21
16.47	0.1177E-21
16.53	0.1192E-21
16.58	0.1206E-21
16.64	0.1220E-21
16.70	0.1235E-21
16.76	0.1250E-21
16.82	0.1266E-21
16.89	0.1281E-21
16.95	0.1297E-21
17.01	0.1312E-21
17.08	0.1319E-21
17.15	0.1326E-21
17.21	0.1334E-21
17.28	0.1341E-21
17.36	0.1349E-21
17.43	0.1357E-21
17.50	0.1365E-21
17.57	0.1373E-21
17.65	0.1381E-21
17.73	0.1390E-21
17.80	0.1399E-21
17.89	0.1407E-21
17.97	0.1416E-21
18.05	0.1421E-21
18.13	0.1423E-21
18.22	0.1424E-21
18.30	0.1426E-21
18.39	0.1428E-21
18.48	0.1430E-21
18.57	0.1432E-21
18.67	0.1433E-21
18.76	0.1435E-21
18.86	0.1437E-21
18.95	0.1439E-21
19.05	0.1439E-21
19.16	0.1437E-21
19.26	0.1435E-21
19.36	0.1433E-21
19.47	0.1431E-21
19.58	0.1428E-21
19.69	0.1426E-21
19.80	0.1424E-21
19.92	0.1422E-21
20.03	0.1418E-21
20.15	0.1412E-21
20.27	0.1406E-21
20.39	0.1400E-21
20.52	0.1394E-21
20.65	0.1388E-21
20.78	0.1381E-21
20.91	0.1375E-21
21.04	0.1368E-21
21.18	0.1359E-21
21.32	0.1351E-21
21.46	0.1343E-21
21.60	0.1334E-21
21.75	0.1325E-21
21.89	0.1316E-21
22.04	0.1307E-21
22.20	0.1295E-21
22.35	0.1284E-21
22.51	0.1272E-21
22.68	0.1261E-21
22.84	0.1249E-21
23.01	0.1236E-21
23.18	0.1224E-21
23.35	0.1211E-21
23.53	0.1198E-21
23.70	0.1185E-21
23.89	0.1172E-21
24.07	0.1158E-21
24.26	0.1144E-21
24.45	0.1130E-21
24.65	0.1116E-21
24.85	0.1101E-21
25.05	0.1087E-21
25.26	0.1074E-21
25.47	0.1060E-21
25.68	0.1047E-21
25.90	0.1033E-21
26.12	0.1019E-21
26.34	0.1004E-21
26.57	0.9896E-22
26.80	0.9747E-22
27.04	0.9596E-22
27.28	0.9442E-22
27.52	0.9285E-22
27.77	0.9126E-22
28.02	0.8964E-22
28.28	0.8799E-22
28.81	0.8461E-22
29.08	0.8287E-22
29.36	0.8110E-22
29.64	0.7930E-22
29.93	0.7748E-22
30.51	0.7475E-22
31.12	0.7207E-22
31.75	0.6931E-22
32.07	0.6789E-22
32.40	0.6645E-22
32.73	0.6498E-22
33.07	0.6348E-22
33.42	0.6196E-22
33.77	0.6041E-22
34.13	0.5884E-22
34.49	0.5724E-22
34.86	0.5561E-22
35.24	0.5429E-22
35.62	0.5314E-22
36.01	0.5197E-22
36.41	0.5078E-22
36.81	0.4956E-22
37.22	0.4833E-22
37.64	0.4708E-22
38.06	0.4580E-22
38.50	0.4451E-22
38.94	0.4319E-22
39.39	0.4184E-22
39.84	0.4048E-22
40.30	0.3939E-22
40.78	0.3845E-22
41.26	0.3749E-22
41.74	0.3651E-22
42.24	0.3552E-22
42.75	0.3451E-22
43.26	0.3348E-22
43.78	0.3243E-22
44.31	0.3137E-22
44.86	0.3029E-22
45.41	0.2943E-22
45.97	0.2864E-22
46.54	0.2785E-22
47.12	0.2703E-22
47.71	0.2621E-22
48.31	0.2537E-22
48.92	0.2451E-22
49.54	0.2364E-22
50.17	0.2283E-22
50.82	0.2218E-22
51.47	0.2153E-22
52.14	0.2086E-22
52.82	0.2018E-22
53.51	0.1949E-22
54.21	0.1879E-22
54.92	0.1808E-22
55.65	0.1748E-22
56.39	0.1689E-22
57.14	0.1629E-22
57.90	0.1568E-22
58.68	0.1506E-22
59.47	0.1442E-22
60.28	0.1387E-22
61.10	0.1347E-22
61.93	0.1307E-22
62.78	0.1266E-22
63.64	0.1225E-22
64.52	0.1182E-22
65.41	0.1139E-22
66.32	0.1095E-22
67.25	0.1051E-22
68.19	0.1005E-22
69.14	0.9592E-23
70.12	0.9146E-23
71.11	0.8866E-23
72.12	0.8581E-23
73.14	0.8290E-23
74.19	0.7995E-23
75.25	0.7694E-23
76.33	0.7389E-23
77.43	0.7078E-23
78.55	0.6761E-23
79.69	0.6439E-23
80.84	0.6199E-23
82.02	0.5988E-23
83.22	0.5774E-23
84.44	0.5556E-23
85.68	0.5334E-23
86.94	0.5108E-23
88.22	0.4878E-23
89.53	0.4644E-23
90.86	0.4459E-23
92.21	0.4301E-23
93.59	0.4140E-23
94.99	0.3977E-23
96.41	0.3810E-23
97.86	0.3641E-23
99.33	0.3468E-23
100.8	0.3307E-23
102.4	0.3161E-23
103.9	0.3021E-23
105.5	0.2888E-23
107.1	0.2760E-23
108.7	0.2637E-23
110.4	0.2520E-23
112.1	0.2407E-23
113.8	0.2300E-23
115.6	0.2197E-23
117.3	0.2098E-23
119.2	0.2004E-23
121.0	0.1913E-23
122.9	0.1827E-23
124.8	0.1744E-23
126.7	0.1665E-23
128.7	0.1590E-23
130.7	0.1518E-23
132.8	0.1448E-23
134.8	0.1382E-23
137.0	0.1319E-23
139.1	0.1259E-23
141.3	0.1201E-23
143.6	0.1146E-23
145.8	0.1093E-23
148.1	0.1043E-23
150.5	0.9949E-24
152.9	0.9489E-24
155.3	0.9050E-24
157.8	0.8631E-24
160.3	0.8231E-24
162.9	0.7848E-24
165.5	0.7483E-24
168.1	0.7135E-24
170.8	0.6802E-24
173.6	0.6484E-24
176.3	0.6181E-24
179.2	0.5892E-24
182.1	0.5616E-24
185.0	0.5352E-24
188.0	0.5100E-24
191.1	0.4860E-24
194.2	0.4632E-24
197.3	0.4413E-24
200.5	0.4205E-24
203.8	0.4006E-24
207.1	0.3817E-24
210.5	0.3636E-24
213.9	0.3463E-24
217.4	0.3299E-24
221.0	0.3142E-24
224.6	0.2993E-24
228.3	0.2850E-24
232.0	0.2714E-24
235.8	0.2585E-24
239.7	0.2461E-24
243.6	0.2344E-24
247.7	0.2232E-24
251.7	0.2125E-24
255.9	0.2023E-24
260.1	0.1926E-24
264.4	0.1834E-24
268.8	0.1746E-24
273.2	0.1662E-24
277.8	0.1582E-24
282.4	0.1505E-24
287.1	0.1433E-24
291.9	0.1364E-24
296.7	0.1298E-24
301.6	0.1235E-24
306.7	0.1175E-24
311.8	0.1119E-24
317.0	0.1064E-24
322.3	0.1013E-24
327.6	0.9638E-25
333.1	0.9170E-25
338.7	0.8725E-25
344.4	0.8301E-25
350.1	0.7898E-25
356.0	0.7513E-25
362.0	0.7148E-25
368.1	0.6800E-25
374.2	0.6468E-25
380.5	0.6153E-25
386.9	0.5853E-25
393.4	0.5567E-25
400.1	0.5295E-25
406.8	0.5036E-25
413.6	0.4790E-25
420.6	0.4556E-25
427.7	0.4333E-25
434.9	0.4120E-25
442.3	0.3919E-25
449.8	0.3726E-25
457.4	0.3544E-25
465.1	0.3370E-25
473.0	0.3204E-25
481.0	0.3047E-25
489.1	0.2897E-25
497.4	0.2755E-25
505.8	0.2619E-25
514.4	0.2490E-25
523.1	0.2368E-25
532.0	0.2251E-25
541.1	0.2140E-25
550.3	0.2035E-25
559.6	0.1934E-25
569.1	0.1839E-25
578.8	0.1748E-25
588.7	0.1662E-25
598.7	0.1580E-25
608.9	0.1502E-25
619.3	0.1427E-25
629.8	0.1357E-25
640.6	0.1290E-25
651.5	0.1226E-25
662.6	0.1165E-25
673.9	0.1108E-25
685.4	0.1053E-25
697.1	0.1000E-25
709.1	0.9509E-26
721.2	0.9038E-26
733.5	0.8590E-26
746.1	0.8164E-26
758.8	0.7759E-26
771.8	0.7373E-26
785.0	0.7007E-26
798.5	0.6659E-26
812.1	0.6328E-26
826.1	0.6014E-26
840.2	0.5715E-26
854.6	0.5431E-26
869.3	0.5161E-26
884.2	0.4904E-26
899.4	0.4660E-26
914.8	0.4428E-26
930.5	0.4208E-26
946.5	0.3998E-26
962.7	0.3799E-26
979.3	0.3610E-26
996.1	0.3430E-26
--------------------------------
Extra points added by BOLSIG+:
1295.	0.2761E-26
1683.	0.2218E-26
2188.	0.1779E-26
2845.	0.1425E-26
3698.	0.1139E-26
4808.	0.9091E-27
6250.	0.7248E-27
8126.	0.5771E-27
0.1056E+05	0.4590E-27
 
 
C28 Input cross section
EXCITATION
Ar                                                              
   14.24       1.000    
--------------------------------
14.24	0.000
14.24	0.1571E-25
14.25	0.2736E-24
14.27	0.5520E-24
14.29	0.8352E-24
14.31	0.1123E-23
14.33	0.1416E-23
14.35	0.1715E-23
14.36	0.2018E-23
14.38	0.2327E-23
14.40	0.2641E-23
14.43	0.2961E-23
14.45	0.3286E-23
14.47	0.3617E-23
14.49	0.3953E-23
14.51	0.4296E-23
14.53	0.4644E-23
14.55	0.4999E-23
14.58	0.5360E-23
14.60	0.5726E-23
14.62	0.6100E-23
14.65	0.6480E-23
14.67	0.6866E-23
14.70	0.7259E-23
14.72	0.7659E-23
14.75	0.8066E-23
14.78	0.8480E-23
14.80	0.8902E-23
14.83	0.9331E-23
14.86	0.9767E-23
14.89	0.1021E-22
14.91	0.1066E-22
14.94	0.1112E-22
14.97	0.1159E-22
15.00	0.1206E-22
15.04	0.1252E-22
15.07	0.1299E-22
15.10	0.1347E-22
15.13	0.1396E-22
15.16	0.1445E-22
15.20	0.1496E-22
15.23	0.1547E-22
15.27	0.1599E-22
15.30	0.1652E-22
15.34	0.1706E-22
15.37	0.1761E-22
15.41	0.1817E-22
15.45	0.1874E-22
15.49	0.1931E-22
15.53	0.1990E-22
15.57	0.2050E-22
15.61	0.2111E-22
15.65	0.2173E-22
15.69	0.2236E-22
15.73	0.2300E-22
15.78	0.2365E-22
15.82	0.2432E-22
15.87	0.2499E-22
15.91	0.2568E-22
15.96	0.2638E-22
16.01	0.2707E-22
16.05	0.2763E-22
16.10	0.2819E-22
16.15	0.2876E-22
16.20	0.2935E-22
16.26	0.2994E-22
16.31	0.3055E-22
16.36	0.3116E-22
16.42	0.3179E-22
16.47	0.3243E-22
16.53	0.3308E-22
16.59	0.3374E-22
16.64	0.3441E-22
16.70	0.3509E-22
16.76	0.3578E-22
16.82	0.3649E-22
16.89	0.3721E-22
16.95	0.3794E-22
17.02	0.3868E-22
17.08	0.3944E-22
17.15	0.4021E-22
17.22	0.4100E-22
17.29	0.4179E-22
17.36	0.4261E-22
17.43	0.4343E-22
17.50	0.4427E-22
17.58	0.4512E-22
17.65	0.4599E-22
17.73	0.4688E-22
17.81	0.4778E-22
17.89	0.4869E-22
17.97	0.4963E-22
18.05	0.5050E-22
18.13	0.5134E-22
18.22	0.5219E-22
18.31	0.5306E-22
18.39	0.5394E-22
18.48	0.5484E-22
18.57	0.5575E-22
18.67	0.5668E-22
18.76	0.5763E-22
18.86	0.5859E-22
18.96	0.5957E-22
19.06	0.6046E-22
19.16	0.6127E-22
19.26	0.6209E-22
19.37	0.6293E-22
19.47	0.6379E-22
19.58	0.6466E-22
19.69	0.6554E-22
19.80	0.6644E-22
19.92	0.6736E-22
20.04	0.6814E-22
20.15	0.6862E-22
20.27	0.6910E-22
20.40	0.6959E-22
20.52	0.7009E-22
20.65	0.7060E-22
20.78	0.7111E-22
20.91	0.7164E-22
21.04	0.7213E-22
21.18	0.7254E-22
21.32	0.7295E-22
21.46	0.7338E-22
21.60	0.7381E-22
21.75	0.7424E-22
21.90	0.7469E-22
22.05	0.7509E-22
22.20	0.7540E-22
22.36	0.7571E-22
22.52	0.7603E-22
22.68	0.7635E-22
22.84	0.7668E-22
23.01	0.7702E-22
23.18	0.7736E-22
23.35	0.7770E-22
23.53	0.7806E-22
23.71	0.7841E-22
23.89	0.7878E-22
24.07	0.7915E-22
24.26	0.7953E-22
24.46	0.7991E-22
24.65	0.8030E-22
24.85	0.8070E-22
25.05	0.8101E-22
25.26	0.8105E-22
25.47	0.8109E-22
25.68	0.8114E-22
25.90	0.8118E-22
26.12	0.8122E-22
26.34	0.8127E-22
26.57	0.8131E-22
26.80	0.8136E-22
27.04	0.8141E-22
27.28	0.8146E-22
27.52	0.8150E-22
27.77	0.8155E-22
28.03	0.8161E-22
28.29	0.8166E-22
32.73	0.7981E-22
34.86	0.7811E-22
36.41	0.7631E-22
38.07	0.7432E-22
39.39	0.7274E-22
40.78	0.7107E-22
42.24	0.6931E-22
43.78	0.6746E-22
45.41	0.6551E-22
46.54	0.6415E-22
47.71	0.6275E-22
48.92	0.6129E-22
50.18	0.5986E-22
52.14	0.5829E-22
54.21	0.5663E-22
55.65	0.5548E-22
57.14	0.5429E-22
58.68	0.5305E-22
60.28	0.5178E-22
61.93	0.5045E-22
63.64	0.4908E-22
65.42	0.4767E-22
67.25	0.4620E-22
69.15	0.4468E-22
71.11	0.4311E-22
73.15	0.4148E-22
74.19	0.4065E-22
75.25	0.3980E-22
76.33	0.3894E-22
77.43	0.3806E-22
78.55	0.3716E-22
79.69	0.3625E-22
82.02	0.3539E-22
84.44	0.3467E-22
86.94	0.3392E-22
89.53	0.3314E-22
92.21	0.3234E-22
94.99	0.3150E-22
97.86	0.3064E-22
100.8	0.2975E-22
103.9	0.2887E-22
107.1	0.2801E-22
110.4	0.2717E-22
113.8	0.2636E-22
117.3	0.2557E-22
121.0	0.2479E-22
124.8	0.2404E-22
128.7	0.2331E-22
132.8	0.2260E-22
137.0	0.2190E-22
141.3	0.2123E-22
145.8	0.2057E-22
150.5	0.1994E-22
155.3	0.1932E-22
160.3	0.1871E-22
165.5	0.1813E-22
170.8	0.1756E-22
176.3	0.1701E-22
182.1	0.1648E-22
188.0	0.1596E-22
194.2	0.1545E-22
200.5	0.1496E-22
207.1	0.1449E-22
213.9	0.1402E-22
221.0	0.1358E-22
228.3	0.1314E-22
235.8	0.1272E-22
243.7	0.1231E-22
251.7	0.1192E-22
260.1	0.1153E-22
268.8	0.1116E-22
277.8	0.1080E-22
287.1	0.1045E-22
296.7	0.1011E-22
306.7	0.9783E-23
317.0	0.9464E-23
327.6	0.9156E-23
338.7	0.8858E-23
350.1	0.8568E-23
362.0	0.8288E-23
374.2	0.8016E-23
386.9	0.7754E-23
400.1	0.7499E-23
413.6	0.7253E-23
427.7	0.7014E-23
442.3	0.6783E-23
457.4	0.6559E-23
473.0	0.6343E-23
489.1	0.6133E-23
514.4	0.5832E-23
541.1	0.5544E-23
569.1	0.5271E-23
598.7	0.5011E-23
629.8	0.4763E-23
662.6	0.4528E-23
697.1	0.4303E-23
733.5	0.4090E-23
771.8	0.3887E-23
812.1	0.3694E-23
854.6	0.3510E-23
899.4	0.3336E-23
946.5	0.3170E-23
996.1	0.3012E-23
--------------------------------
Extra points added by BOLSIG+:
1295.	0.2425E-23
1683.	0.1948E-23
2188.	0.1562E-23
2845.	0.1251E-23
3698.	0.1000E-23
4808.	0.7983E-24
6250.	0.6364E-24
8126.	0.5067E-24
0.1056E+05	0.4030E-24
 
 
C29 Input cross section
EXCITATION
Ar                                                              
   14.24       1.000    
--------------------------------
14.24	0.000
14.24	0.1581E-25
14.26	0.2754E-24
14.28	0.5556E-24
14.29	0.8407E-24
14.31	0.1131E-23
14.33	0.1426E-23
14.35	0.1726E-23
14.37	0.2032E-23
14.39	0.2342E-23
14.41	0.2659E-23
14.43	0.2980E-23
14.45	0.3308E-23
14.47	0.3641E-23
14.49	0.3979E-23
14.52	0.4324E-23
14.54	0.4675E-23
14.56	0.5032E-23
14.58	0.5395E-23
14.61	0.5764E-23
14.63	0.6140E-23
14.65	0.6522E-23
14.68	0.6911E-23
14.70	0.7307E-23
14.73	0.7710E-23
14.76	0.8120E-23
14.78	0.8536E-23
14.81	0.8960E-23
14.84	0.9392E-23
14.86	0.9831E-23
14.89	0.1028E-22
14.92	0.1073E-22
14.95	0.1119E-22
14.98	0.1166E-22
15.01	0.1209E-22
15.04	0.1240E-22
15.07	0.1271E-22
15.10	0.1303E-22
15.14	0.1335E-22
15.17	0.1369E-22
15.20	0.1402E-22
15.24	0.1436E-22
15.27	0.1471E-22
15.31	0.1506E-22
15.34	0.1542E-22
15.38	0.1579E-22
15.42	0.1616E-22
15.45	0.1654E-22
15.49	0.1693E-22
15.53	0.1732E-22
15.57	0.1772E-22
15.61	0.1812E-22
15.65	0.1854E-22
15.70	0.1896E-22
15.74	0.1938E-22
15.78	0.1982E-22
15.83	0.2026E-22
15.87	0.2071E-22
15.92	0.2117E-22
15.96	0.2164E-22
16.01	0.2209E-22
16.06	0.2248E-22
16.11	0.2287E-22
16.16	0.2327E-22
16.21	0.2367E-22
16.26	0.2409E-22
16.31	0.2451E-22
16.37	0.2494E-22
16.42	0.2537E-22
16.48	0.2581E-22
16.53	0.2627E-22
16.59	0.2672E-22
16.65	0.2719E-22
16.71	0.2767E-22
16.77	0.2815E-22
16.83	0.2864E-22
16.89	0.2914E-22
16.96	0.2965E-22
17.02	0.3008E-22
17.09	0.3035E-22
17.15	0.3062E-22
17.22	0.3089E-22
17.29	0.3117E-22
17.36	0.3145E-22
17.43	0.3173E-22
17.51	0.3203E-22
17.58	0.3232E-22
17.66	0.3263E-22
17.73	0.3293E-22
17.81	0.3325E-22
17.89	0.3357E-22
17.97	0.3389E-22
18.05	0.3411E-22
18.14	0.3428E-22
18.22	0.3445E-22
18.31	0.3462E-22
18.40	0.3480E-22
18.49	0.3498E-22
18.58	0.3516E-22
18.67	0.3535E-22
18.77	0.3554E-22
18.86	0.3573E-22
18.96	0.3592E-22
19.06	0.3606E-22
19.16	0.3616E-22
19.27	0.3627E-22
19.37	0.3637E-22
19.48	0.3648E-22
19.59	0.3659E-22
19.70	0.3670E-22
19.81	0.3681E-22
19.92	0.3692E-22
20.04	0.3700E-22
20.16	0.3700E-22
20.28	0.3700E-22
20.40	0.3700E-22
20.53	0.3700E-22
20.65	0.3700E-22
20.78	0.3700E-22
20.91	0.3700E-22
21.05	0.3700E-22
21.18	0.3700E-22
21.32	0.3700E-22
21.46	0.3700E-22
21.61	0.3700E-22
21.75	0.3700E-22
21.90	0.3700E-22
22.05	0.3693E-22
22.20	0.3673E-22
22.36	0.3652E-22
22.52	0.3631E-22
22.68	0.3609E-22
22.85	0.3587E-22
23.01	0.3565E-22
23.18	0.3542E-22
23.36	0.3519E-22
23.53	0.3496E-22
23.71	0.3472E-22
23.89	0.3447E-22
24.08	0.3423E-22
24.27	0.3397E-22
24.46	0.3372E-22
24.66	0.3346E-22
24.86	0.3319E-22
25.06	0.3293E-22
25.26	0.3268E-22
25.47	0.3243E-22
25.69	0.3218E-22
25.90	0.3192E-22
26.12	0.3165E-22
26.35	0.3138E-22
26.58	0.3111E-22
26.81	0.3083E-22
27.05	0.3055E-22
27.29	0.3026E-22
27.53	0.2996E-22
27.78	0.2967E-22
28.03	0.2936E-22
28.29	0.2905E-22
28.82	0.2842E-22
29.37	0.2776E-22
29.93	0.2708E-22
30.52	0.2627E-22
31.13	0.2542E-22
31.75	0.2454E-22
32.41	0.2363E-22
32.74	0.2317E-22
33.08	0.2269E-22
33.42	0.2221E-22
33.78	0.2171E-22
34.13	0.2121E-22
34.50	0.2070E-22
34.87	0.2019E-22
35.24	0.1974E-22
35.63	0.1932E-22
36.02	0.1890E-22
36.41	0.1847E-22
36.82	0.1804E-22
37.23	0.1759E-22
37.65	0.1714E-22
38.07	0.1668E-22
38.51	0.1621E-22
38.95	0.1574E-22
39.39	0.1526E-22
39.85	0.1476E-22
40.31	0.1440E-22
40.78	0.1410E-22
41.26	0.1379E-22
41.75	0.1348E-22
42.25	0.1316E-22
42.75	0.1284E-22
43.27	0.1251E-22
43.79	0.1217E-22
44.32	0.1183E-22
44.86	0.1149E-22
45.41	0.1120E-22
45.98	0.1093E-22
46.55	0.1066E-22
47.12	0.1038E-22
47.72	0.1010E-22
48.32	0.9808E-23
48.93	0.9515E-23
49.55	0.9217E-23
50.18	0.8953E-23
51.48	0.8615E-23
52.15	0.8442E-23
52.82	0.8266E-23
53.51	0.8087E-23
54.21	0.7904E-23
54.93	0.7719E-23
55.65	0.7530E-23
56.39	0.7338E-23
57.15	0.7142E-23
57.91	0.6944E-23
58.69	0.6741E-23
59.48	0.6535E-23
60.28	0.6349E-23
61.10	0.6201E-23
61.94	0.6051E-23
62.79	0.5898E-23
63.65	0.5743E-23
64.53	0.5585E-23
65.42	0.5424E-23
66.33	0.5261E-23
67.25	0.5094E-23
68.19	0.4925E-23
69.15	0.4753E-23
70.13	0.4587E-23
71.12	0.4488E-23
72.12	0.4387E-23
73.15	0.4285E-23
74.19	0.4181E-23
75.26	0.4074E-23
76.34	0.3966E-23
77.44	0.3856E-23
78.55	0.3745E-23
79.69	0.3631E-23
80.85	0.3541E-23
82.03	0.3458E-23
83.22	0.3374E-23
84.44	0.3289E-23
85.69	0.3202E-23
86.95	0.3114E-23
88.23	0.3024E-23
89.54	0.2932E-23
90.87	0.2857E-23
92.22	0.2789E-23
93.59	0.2720E-23
94.99	0.2650E-23
96.42	0.2579E-23
97.87	0.2507E-23
99.34	0.2433E-23
100.8	0.000
--------------------------------
 
 
C30 Input cross section
EXCITATION
Ar                                                              
   14.26       1.000    
--------------------------------
14.26	0.000
14.26	0.2825E-30
14.27	0.4896E-27
14.29	0.2058E-26
14.31	0.4752E-26
14.33	0.8620E-26
14.35	0.1371E-25
14.36	0.2007E-25
14.38	0.2775E-25
14.40	0.3682E-25
14.42	0.4731E-25
14.44	0.5929E-25
14.46	0.7281E-25
14.48	0.8793E-25
14.51	0.1047E-24
14.53	0.1232E-24
14.55	0.1435E-24
14.57	0.1657E-24
14.60	0.1898E-24
14.62	0.2158E-24
14.64	0.2439E-24
14.67	0.2742E-24
14.69	0.3066E-24
14.72	0.3413E-24
14.74	0.3784E-24
14.77	0.4179E-24
14.79	0.4599E-24
14.82	0.5045E-24
14.85	0.5518E-24
14.88	0.6018E-24
14.90	0.6547E-24
14.93	0.7104E-24
14.96	0.7692E-24
14.99	0.8312E-24
15.02	0.8963E-24
15.05	0.9647E-24
15.09	0.1036E-23
15.12	0.1112E-23
15.15	0.1191E-23
15.18	0.1273E-23
15.22	0.1360E-23
15.25	0.1450E-23
15.29	0.1544E-23
15.32	0.1643E-23
15.36	0.1745E-23
15.39	0.1852E-23
15.43	0.1963E-23
15.47	0.2079E-23
15.51	0.2200E-23
15.55	0.2325E-23
15.59	0.2455E-23
15.63	0.2591E-23
15.67	0.2731E-23
15.71	0.2877E-23
15.75	0.3028E-23
15.80	0.3184E-23
15.84	0.3346E-23
15.88	0.3514E-23
15.93	0.3687E-23
15.98	0.3867E-23
16.02	0.4053E-23
16.07	0.4244E-23
16.12	0.4443E-23
16.17	0.4647E-23
16.22	0.4859E-23
16.27	0.5077E-23
16.33	0.5301E-23
16.38	0.5533E-23
16.44	0.5772E-23
16.49	0.6018E-23
16.55	0.6271E-23
16.61	0.6532E-23
16.66	0.6801E-23
16.72	0.7077E-23
16.78	0.7360E-23
16.84	0.7652E-23
16.91	0.7952E-23
16.97	0.8259E-23
17.04	0.8576E-23
17.10	0.8900E-23
17.17	0.9233E-23
17.24	0.9574E-23
17.30	0.9924E-23
17.38	0.1028E-22
17.45	0.1065E-22
17.52	0.1103E-22
17.59	0.1141E-22
17.67	0.1181E-22
17.75	0.1221E-22
17.83	0.1262E-22
17.91	0.1305E-22
17.99	0.1348E-22
18.07	0.1392E-22
18.15	0.1437E-22
18.24	0.1483E-22
18.32	0.1530E-22
18.41	0.1577E-22
18.50	0.1626E-22
18.59	0.1676E-22
18.69	0.1727E-22
18.78	0.1779E-22
18.88	0.1831E-22
18.98	0.1885E-22
19.08	0.1939E-22
19.18	0.1995E-22
19.28	0.2052E-22
19.39	0.2109E-22
19.49	0.2167E-22
19.60	0.2227E-22
19.71	0.2287E-22
19.82	0.2349E-22
19.94	0.2411E-22
20.05	0.2474E-22
20.17	0.2538E-22
20.29	0.2603E-22
20.42	0.2668E-22
20.54	0.2735E-22
20.67	0.2803E-22
20.80	0.2871E-22
20.93	0.2940E-22
21.06	0.3010E-22
21.20	0.3081E-22
21.34	0.3153E-22
21.48	0.3225E-22
21.62	0.3299E-22
21.77	0.3372E-22
21.91	0.3447E-22
22.07	0.3522E-22
22.22	0.3598E-22
22.38	0.3675E-22
22.53	0.3752E-22
22.70	0.3830E-22
22.86	0.3908E-22
23.03	0.3987E-22
23.20	0.4067E-22
23.37	0.4147E-22
23.55	0.4227E-22
23.73	0.4308E-22
23.91	0.4389E-22
24.09	0.4471E-22
24.28	0.4553E-22
24.48	0.4635E-22
24.67	0.4717E-22
24.87	0.4800E-22
25.07	0.4883E-22
25.28	0.4966E-22
25.49	0.5050E-22
25.70	0.5133E-22
25.92	0.5216E-22
26.14	0.5300E-22
26.36	0.5383E-22
26.59	0.5467E-22
26.82	0.5550E-22
27.06	0.5633E-22
27.30	0.5716E-22
27.54	0.5799E-22
27.79	0.5881E-22
28.05	0.5963E-22
28.30	0.6045E-22
28.83	0.6208E-22
29.38	0.6369E-22
29.95	0.6528E-22
30.53	0.6685E-22
31.14	0.6839E-22
31.77	0.6990E-22
32.42	0.7137E-22
33.44	0.7352E-22
34.51	0.7558E-22
35.64	0.7755E-22
36.83	0.7941E-22
38.09	0.8115E-22
39.86	0.8329E-22
41.77	0.8521E-22
44.34	0.8728E-22
47.73	0.8925E-22
53.53	0.9116E-22
79.71	0.8914E-22
88.24	0.8707E-22
95.01	0.8531E-22
102.4	0.8333E-22
108.8	0.8162E-22
115.6	0.7980E-22
122.9	0.7790E-22
130.7	0.7592E-22
137.0	0.7440E-22
143.6	0.7285E-22
150.5	0.7128E-22
157.8	0.6968E-22
165.5	0.6807E-22
173.6	0.6646E-22
182.1	0.6483E-22
191.1	0.6321E-22
200.5	0.6158E-22
210.5	0.5996E-22
221.0	0.5835E-22
232.0	0.5675E-22
243.7	0.5516E-22
255.9	0.5359E-22
268.8	0.5203E-22
277.8	0.5100E-22
287.1	0.4999E-22
296.7	0.4898E-22
306.7	0.4799E-22
317.0	0.4700E-22
327.7	0.4603E-22
338.7	0.4507E-22
350.1	0.4411E-22
362.0	0.4318E-22
374.2	0.4225E-22
386.9	0.4134E-22
400.1	0.4043E-22
413.7	0.3955E-22
427.7	0.3867E-22
442.3	0.3781E-22
457.4	0.3696E-22
473.0	0.3613E-22
489.1	0.3531E-22
523.2	0.3371E-22
559.6	0.3216E-22
598.7	0.3067E-22
640.6	0.2923E-22
685.5	0.2785E-22
733.5	0.2652E-22
785.0	0.2524E-22
840.2	0.2402E-22
899.4	0.2284E-22
962.8	0.2172E-22
--------------------------------
Extra points added by BOLSIG+:
1252.	0.1749E-22
1627.	0.1405E-22
2115.	0.1127E-22
2750.	0.9028E-23
3575.	0.7219E-23
4647.	0.5764E-23
6041.	0.4596E-23
7854.	0.3660E-23
0.1021E+05	0.2911E-23
 
 
C31 Input cross section
EXCITATION
Ar                                                              
   14.30       1.000    
--------------------------------
14.30	0.000
14.30	0.2283E-29
14.32	0.4037E-26
14.34	0.1698E-25
14.36	0.3920E-25
14.38	0.7110E-25
14.39	0.1131E-24
14.41	0.1656E-24
14.43	0.2290E-24
14.45	0.3037E-24
14.47	0.3903E-24
14.49	0.4891E-24
14.51	0.6007E-24
14.53	0.7255E-24
14.56	0.8640E-24
14.58	0.1017E-23
14.60	0.1184E-23
14.62	0.1367E-23
14.64	0.1566E-23
14.67	0.1781E-23
14.69	0.2013E-23
14.72	0.2262E-23
14.74	0.2530E-23
14.77	0.2817E-23
14.79	0.3123E-23
14.82	0.3448E-23
14.84	0.3795E-23
14.87	0.4163E-23
14.90	0.4553E-23
14.93	0.4966E-23
14.95	0.5403E-23
14.98	0.5863E-23
15.01	0.6348E-23
15.04	0.6860E-23
15.07	0.7397E-23
15.10	0.7962E-23
15.13	0.8555E-23
15.17	0.9177E-23
15.20	0.9828E-23
15.23	0.1051E-22
15.27	0.1122E-22
15.30	0.1197E-22
15.33	0.1275E-22
15.37	0.1356E-22
15.40	0.1441E-22
15.44	0.1529E-22
15.48	0.1621E-22
15.52	0.1717E-22
15.56	0.1816E-22
15.60	0.1920E-22
15.63	0.2027E-22
15.68	0.2139E-22
15.72	0.2255E-22
15.76	0.2375E-22
15.80	0.2500E-22
15.85	0.2629E-22
15.89	0.2763E-22
15.93	0.2901E-22
15.98	0.3045E-22
16.03	0.3193E-22
16.07	0.3346E-22
16.12	0.3505E-22
16.17	0.3669E-22
16.22	0.3838E-22
16.27	0.4012E-22
16.32	0.4193E-22
16.38	0.4378E-22
16.43	0.4570E-22
16.48	0.4767E-22
16.54	0.4970E-22
16.60	0.5180E-22
16.65	0.5395E-22
16.71	0.5617E-22
16.77	0.5845E-22
16.83	0.6080E-22
16.89	0.6321E-22
16.96	0.6569E-22
17.02	0.6823E-22
17.08	0.7084E-22
17.15	0.7353E-22
17.22	0.7628E-22
17.29	0.7910E-22
17.35	0.8199E-22
17.43	0.8496E-22
17.50	0.8800E-22
17.57	0.9111E-22
17.64	0.9430E-22
17.72	0.9756E-22
17.80	0.1009E-21
17.88	0.1043E-21
17.95	0.1078E-21
18.04	0.1114E-21
18.12	0.1150E-21
18.20	0.1187E-21
18.29	0.1225E-21
18.37	0.1264E-21
18.46	0.1304E-21
18.55	0.1344E-21
18.64	0.1385E-21
18.74	0.1428E-21
18.83	0.1470E-21
18.93	0.1514E-21
19.02	0.1558E-21
19.12	0.1603E-21
19.23	0.1650E-21
19.33	0.1696E-21
19.43	0.1744E-21
19.54	0.1792E-21
19.65	0.1841E-21
19.76	0.1891E-21
19.87	0.1942E-21
19.99	0.1994E-21
20.10	0.2046E-21
20.22	0.2099E-21
20.34	0.2153E-21
20.46	0.2207E-21
20.59	0.2262E-21
20.72	0.2318E-21
20.85	0.2375E-21
20.98	0.2432E-21
21.11	0.2491E-21
21.25	0.2549E-21
21.39	0.2609E-21
21.53	0.2669E-21
21.67	0.2729E-21
21.82	0.2790E-21
21.96	0.2852E-21
22.11	0.2915E-21
22.27	0.2978E-21
22.42	0.3041E-21
22.58	0.3105E-21
22.75	0.3170E-21
22.91	0.3235E-21
23.08	0.3300E-21
23.25	0.3366E-21
23.42	0.3433E-21
23.60	0.3499E-21
23.77	0.3566E-21
23.96	0.3634E-21
24.14	0.3701E-21
24.33	0.3769E-21
24.52	0.3838E-21
24.72	0.3906E-21
24.92	0.3975E-21
25.12	0.4044E-21
25.33	0.4113E-21
25.54	0.4182E-21
25.75	0.4251E-21
25.97	0.4320E-21
26.19	0.4390E-21
26.41	0.4459E-21
26.64	0.4528E-21
26.87	0.4597E-21
27.11	0.4666E-21
27.35	0.4735E-21
27.59	0.4804E-21
27.84	0.4873E-21
28.09	0.4941E-21
28.35	0.5009E-21
28.88	0.5144E-21
29.43	0.5278E-21
30.00	0.5410E-21
30.58	0.5540E-21
31.19	0.5669E-21
31.82	0.5794E-21
32.47	0.5917E-21
33.49	0.6096E-21
34.56	0.6268E-21
35.69	0.6431E-21
36.88	0.6586E-21
38.13	0.6732E-21
39.91	0.6911E-21
41.81	0.7071E-21
44.38	0.7244E-21
47.78	0.7409E-21
53.58	0.7570E-21
79.75	0.7409E-21
88.29	0.7238E-21
95.06	0.7092E-21
102.4	0.6929E-21
108.8	0.6787E-21
115.6	0.6636E-21
123.0	0.6479E-21
130.8	0.6315E-21
137.0	0.6189E-21
143.6	0.6060E-21
150.6	0.5929E-21
157.8	0.5797E-21
165.5	0.5663E-21
173.6	0.5529E-21
182.2	0.5394E-21
191.1	0.5259E-21
200.6	0.5124E-21
210.6	0.4989E-21
221.0	0.4855E-21
232.1	0.4722E-21
243.7	0.4590E-21
256.0	0.4460E-21
268.9	0.4330E-21
277.9	0.4245E-21
287.1	0.4161E-21
296.8	0.4077E-21
306.7	0.3994E-21
317.0	0.3912E-21
327.7	0.3831E-21
338.8	0.3751E-21
350.2	0.3672E-21
362.0	0.3594E-21
374.3	0.3517E-21
387.0	0.3441E-21
400.1	0.3366E-21
413.7	0.3292E-21
427.8	0.3220E-21
442.4	0.3148E-21
457.4	0.3077E-21
473.0	0.3008E-21
489.2	0.2940E-21
523.2	0.2806E-21
559.7	0.2678E-21
598.8	0.2554E-21
640.6	0.2434E-21
685.5	0.2319E-21
733.6	0.2208E-21
785.1	0.2102E-21
840.3	0.2000E-21
899.4	0.1902E-21
962.8	0.1808E-21
--------------------------------
Extra points added by BOLSIG+:
1252.	0.1456E-21
1627.	0.1170E-21
2115.	0.9389E-22
2750.	0.7519E-22
3575.	0.6012E-22
4647.	0.4800E-22
6041.	0.3828E-22
7854.	0.3048E-22
0.1021E+05	0.2425E-22
 
 
C32 Input cross section
EXCITATION
Ar                                                              
   14.71       1.000    
--------------------------------
14.71	0.000
14.71	0.3514E-31
14.73	0.7422E-28
14.75	0.3128E-27
14.76	0.7228E-27
14.78	0.1312E-26
14.80	0.2087E-26
14.82	0.3056E-26
14.84	0.4227E-26
14.86	0.5608E-26
14.88	0.7208E-26
14.90	0.9034E-26
14.92	0.1110E-25
14.94	0.1340E-25
14.96	0.1596E-25
14.98	0.1879E-25
15.01	0.2189E-25
15.03	0.2527E-25
15.05	0.2894E-25
15.08	0.3292E-25
15.10	0.3722E-25
15.12	0.4184E-25
15.15	0.4679E-25
15.17	0.5210E-25
15.20	0.5777E-25
15.22	0.6380E-25
15.25	0.7023E-25
15.28	0.7705E-25
15.30	0.8428E-25
15.33	0.9193E-25
15.36	0.1000E-24
15.39	0.1086E-24
15.42	0.1176E-24
15.45	0.1271E-24
15.48	0.1370E-24
15.51	0.1475E-24
15.54	0.1585E-24
15.57	0.1701E-24
15.61	0.1821E-24
15.64	0.1948E-24
15.67	0.2081E-24
15.71	0.2219E-24
15.74	0.2364E-24
15.78	0.2515E-24
15.81	0.2672E-24
15.85	0.2836E-24
15.89	0.3008E-24
15.92	0.3186E-24
15.96	0.3371E-24
16.00	0.3564E-24
16.04	0.3764E-24
16.08	0.3972E-24
16.12	0.4188E-24
16.17	0.4412E-24
16.21	0.4645E-24
16.25	0.4885E-24
16.30	0.5135E-24
16.34	0.5394E-24
16.39	0.5661E-24
16.43	0.5938E-24
16.48	0.6225E-24
16.53	0.6521E-24
16.58	0.6827E-24
16.63	0.7143E-24
16.68	0.7469E-24
16.73	0.7806E-24
16.78	0.8153E-24
16.84	0.8512E-24
16.89	0.8881E-24
16.95	0.9262E-24
17.00	0.9654E-24
17.06	0.1006E-23
17.12	0.1047E-23
17.18	0.1090E-23
17.24	0.1134E-23
17.30	0.1179E-23
17.36	0.1226E-23
17.43	0.1274E-23
17.49	0.1323E-23
17.56	0.1373E-23
17.62	0.1425E-23
17.69	0.1478E-23
17.76	0.1532E-23
17.83	0.1588E-23
17.90	0.1645E-23
17.98	0.1704E-23
18.05	0.1764E-23
18.13	0.1825E-23
18.20	0.1888E-23
18.28	0.1953E-23
18.36	0.2018E-23
18.44	0.2086E-23
18.52	0.2155E-23
18.61	0.2225E-23
18.69	0.2297E-23
18.78	0.2370E-23
18.87	0.2445E-23
18.96	0.2522E-23
19.05	0.2599E-23
19.14	0.2679E-23
19.24	0.2760E-23
19.33	0.2843E-23
19.43	0.2927E-23
19.53	0.3013E-23
19.63	0.3100E-23
19.74	0.3189E-23
19.84	0.3279E-23
19.95	0.3371E-23
20.06	0.3465E-23
20.17	0.3560E-23
20.28	0.3656E-23
20.39	0.3754E-23
20.51	0.3854E-23
20.63	0.3955E-23
20.75	0.4057E-23
20.87	0.4162E-23
21.00	0.4267E-23
21.12	0.4374E-23
21.25	0.4482E-23
21.39	0.4592E-23
21.52	0.4703E-23
21.65	0.4815E-23
21.79	0.4929E-23
21.93	0.5044E-23
22.08	0.5160E-23
22.22	0.5278E-23
22.37	0.5396E-23
22.52	0.5516E-23
22.68	0.5637E-23
22.83	0.5759E-23
22.99	0.5882E-23
23.15	0.6007E-23
23.32	0.6132E-23
23.48	0.6258E-23
23.65	0.6385E-23
23.83	0.6513E-23
24.00	0.6642E-23
24.18	0.6771E-23
24.36	0.6902E-23
24.55	0.7033E-23
24.74	0.7164E-23
24.93	0.7296E-23
25.13	0.7429E-23
25.32	0.7562E-23
25.53	0.7696E-23
25.73	0.7830E-23
25.94	0.7964E-23
26.16	0.8099E-23
26.37	0.8233E-23
26.59	0.8368E-23
26.82	0.8503E-23
27.05	0.8638E-23
27.28	0.8773E-23
27.52	0.8908E-23
27.75	0.9043E-23
28.00	0.9177E-23
28.25	0.9311E-23
28.50	0.9445E-23
28.76	0.9578E-23
29.02	0.9712E-23
29.29	0.9844E-23
29.84	0.1011E-22
30.40	0.1037E-22
30.99	0.1062E-22
31.60	0.1088E-22
32.23	0.1113E-22
32.88	0.1137E-22
33.55	0.1161E-22
34.60	0.1195E-22
35.72	0.1229E-22
36.88	0.1260E-22
38.12	0.1290E-22
39.41	0.1318E-22
41.25	0.1353E-22
43.22	0.1384E-22
45.88	0.1417E-22
49.40	0.1449E-22
55.40	0.1479E-22
81.32	0.1449E-22
90.01	0.1416E-22
96.89	0.1388E-22
104.4	0.1357E-22
110.9	0.1329E-22
117.8	0.1300E-22
125.3	0.1270E-22
133.2	0.1238E-22
139.6	0.1213E-22
146.3	0.1188E-22
153.3	0.1163E-22
160.8	0.1137E-22
168.6	0.1111E-22
176.8	0.1085E-22
185.5	0.1059E-22
194.6	0.1032E-22
204.3	0.1006E-22
214.4	0.9796E-23
225.1	0.9534E-23
236.3	0.9274E-23
248.1	0.9016E-23
260.6	0.8760E-23
273.7	0.8507E-23
282.9	0.8340E-23
292.3	0.8175E-23
302.1	0.8011E-23
312.2	0.7849E-23
322.7	0.7688E-23
333.6	0.7529E-23
344.8	0.7373E-23
356.5	0.7218E-23
368.5	0.7065E-23
381.0	0.6914E-23
393.9	0.6765E-23
407.3	0.6618E-23
421.1	0.6473E-23
435.4	0.6330E-23
450.2	0.6190E-23
465.6	0.6051E-23
481.4	0.5915E-23
497.9	0.5781E-23
532.5	0.5520E-23
569.6	0.5267E-23
609.4	0.5023E-23
652.0	0.4789E-23
697.6	0.4563E-23
746.5	0.4345E-23
799.0	0.4136E-23
855.1	0.3936E-23
915.3	0.3743E-23
979.8	0.3559E-23
--------------------------------
Extra points added by BOLSIG+:
1274.	0.2866E-23
1656.	0.2304E-23
2153.	0.1848E-23
2798.	0.1480E-23
3638.	0.1184E-23
4729.	0.9452E-24
6148.	0.7537E-24
7992.	0.6003E-24
0.1039E+05	0.4775E-24
 
 
C33 Input cross section
EXCITATION
Ar                                                              
   14.85       1.000    
--------------------------------
14.85	0.000
14.85	0.2402E-30
14.87	0.5413E-27
14.88	0.2283E-26
14.90	0.5277E-26
14.92	0.9577E-26
14.94	0.1524E-25
14.96	0.2232E-25
14.98	0.3087E-25
15.00	0.4096E-25
15.02	0.5264E-25
15.04	0.6599E-25
15.06	0.8105E-25
15.08	0.9791E-25
15.10	0.1166E-24
15.12	0.1373E-24
15.14	0.1599E-24
15.17	0.1846E-24
15.19	0.2115E-24
15.21	0.2406E-24
15.24	0.2719E-24
15.26	0.3057E-24
15.29	0.3419E-24
15.31	0.3807E-24
15.34	0.4222E-24
15.36	0.4663E-24
15.39	0.5133E-24
15.41	0.5631E-24
15.44	0.6160E-24
15.47	0.6720E-24
15.50	0.7311E-24
15.53	0.7936E-24
15.56	0.8595E-24
15.59	0.9288E-24
15.62	0.1002E-23
15.65	0.1078E-23
15.68	0.1159E-23
15.71	0.1244E-23
15.74	0.1332E-23
15.78	0.1425E-23
15.81	0.1522E-23
15.84	0.1623E-23
15.88	0.1729E-23
15.91	0.1839E-23
15.95	0.1955E-23
15.99	0.2075E-23
16.02	0.2200E-23
16.06	0.2331E-23
16.10	0.2466E-23
16.14	0.2607E-23
16.18	0.2754E-23
16.22	0.2906E-23
16.26	0.3065E-23
16.30	0.3229E-23
16.34	0.3399E-23
16.39	0.3576E-23
16.43	0.3759E-23
16.48	0.3948E-23
16.52	0.4144E-23
16.57	0.4347E-23
16.62	0.4557E-23
16.67	0.4774E-23
16.71	0.4999E-23
16.77	0.5230E-23
16.82	0.5470E-23
16.87	0.5717E-23
16.92	0.5971E-23
16.97	0.6234E-23
17.03	0.6505E-23
17.08	0.6785E-23
17.14	0.7072E-23
17.20	0.7369E-23
17.26	0.7674E-23
17.32	0.7988E-23
17.38	0.8311E-23
17.44	0.8643E-23
17.50	0.8984E-23
17.56	0.9335E-23
17.63	0.9695E-23
17.69	0.1006E-22
17.76	0.1045E-22
17.83	0.1084E-22
17.90	0.1123E-22
17.97	0.1165E-22
18.04	0.1206E-22
18.11	0.1250E-22
18.19	0.1294E-22
18.26	0.1339E-22
18.34	0.1385E-22
18.42	0.1432E-22
18.50	0.1481E-22
18.58	0.1530E-22
18.66	0.1581E-22
18.75	0.1633E-22
18.83	0.1686E-22
18.92	0.1740E-22
19.01	0.1795E-22
19.10	0.1851E-22
19.19	0.1909E-22
19.28	0.1967E-22
19.38	0.2027E-22
19.47	0.2088E-22
19.57	0.2150E-22
19.67	0.2213E-22
19.77	0.2277E-22
19.87	0.2343E-22
19.98	0.2409E-22
20.09	0.2477E-22
20.19	0.2546E-22
20.30	0.2616E-22
20.42	0.2687E-22
20.53	0.2760E-22
20.65	0.2833E-22
20.77	0.2908E-22
20.89	0.2983E-22
21.01	0.3060E-22
21.13	0.3138E-22
21.26	0.3217E-22
21.39	0.3297E-22
21.52	0.3378E-22
21.66	0.3460E-22
21.79	0.3543E-22
21.93	0.3627E-22
22.07	0.3712E-22
22.21	0.3798E-22
22.36	0.3885E-22
22.51	0.3973E-22
22.66	0.4061E-22
22.81	0.4151E-22
22.97	0.4241E-22
23.13	0.4332E-22
23.29	0.4424E-22
23.45	0.4517E-22
23.62	0.4611E-22
23.79	0.4705E-22
23.96	0.4800E-22
24.14	0.4895E-22
24.32	0.4991E-22
24.50	0.5087E-22
24.69	0.5185E-22
24.88	0.5282E-22
25.07	0.5380E-22
25.26	0.5479E-22
25.46	0.5577E-22
25.66	0.5677E-22
25.87	0.5776E-22
26.08	0.5876E-22
26.29	0.5976E-22
26.51	0.6076E-22
26.73	0.6176E-22
26.95	0.6276E-22
27.18	0.6377E-22
27.42	0.6477E-22
27.65	0.6577E-22
27.89	0.6677E-22
28.14	0.6778E-22
28.39	0.6877E-22
28.64	0.6977E-22
28.90	0.7076E-22
29.16	0.7176E-22
29.43	0.7274E-22
29.97	0.7470E-22
30.54	0.7664E-22
31.13	0.7856E-22
31.73	0.8045E-22
32.36	0.8230E-22
33.01	0.8413E-22
33.69	0.8591E-22
34.74	0.8851E-22
35.85	0.9100E-22
37.02	0.9337E-22
38.25	0.9562E-22
39.55	0.9774E-22
41.39	0.1003E-21
43.36	0.1027E-21
46.02	0.1052E-21
49.53	0.1076E-21
55.53	0.1099E-21
82.63	0.1077E-21
91.47	0.1052E-21
98.47	0.1031E-21
106.1	0.1007E-21
112.7	0.9866E-22
119.8	0.9648E-22
127.3	0.9420E-22
135.5	0.9182E-22
141.9	0.8999E-22
148.7	0.8812E-22
155.9	0.8622E-22
163.5	0.8430E-22
171.4	0.8236E-22
179.8	0.8041E-22
188.6	0.7845E-22
197.9	0.7649E-22
207.7	0.7453E-22
218.0	0.7258E-22
228.9	0.7063E-22
240.3	0.6870E-22
252.3	0.6678E-22
265.0	0.6488E-22
278.4	0.6300E-22
287.7	0.6176E-22
297.3	0.6053E-22
307.3	0.5932E-22
317.6	0.5811E-22
328.3	0.5692E-22
339.3	0.5575E-22
350.8	0.5458E-22
362.6	0.5343E-22
374.8	0.5230E-22
387.5	0.5118E-22
400.7	0.5007E-22
414.2	0.4898E-22
428.3	0.4791E-22
442.9	0.4685E-22
458.0	0.4581E-22
473.6	0.4478E-22
489.7	0.4377E-22
523.8	0.4180E-22
560.2	0.3990E-22
599.3	0.3806E-22
641.2	0.3629E-22
686.0	0.3458E-22
734.1	0.3294E-22
785.6	0.3136E-22
840.8	0.2985E-22
900.0	0.2839E-22
963.4	0.2700E-22
--------------------------------
Extra points added by BOLSIG+:
1252.	0.2175E-22
1628.	0.1748E-22
2117.	0.1403E-22
2751.	0.1124E-22
3577.	0.8987E-23
4650.	0.7177E-23
6045.	0.5724E-23
7858.	0.4559E-23
0.1022E+05	0.3627E-23
 
 
C34 Input cross section
EXCITATION
Ar                                                              
   14.86       1.000    
--------------------------------
14.86	0.000
14.86	0.8006E-30
14.88	0.1814E-26
14.89	0.7649E-26
14.91	0.1768E-25
14.93	0.3209E-25
14.95	0.5107E-25
14.97	0.7479E-25
14.99	0.1035E-24
15.01	0.1373E-24
15.03	0.1764E-24
15.05	0.2211E-24
15.07	0.2716E-24
15.09	0.3281E-24
15.11	0.3908E-24
15.13	0.4600E-24
15.15	0.5359E-24
15.18	0.6187E-24
15.20	0.7087E-24
15.22	0.8062E-24
15.25	0.9114E-24
15.27	0.1024E-23
15.30	0.1146E-23
15.32	0.1276E-23
15.35	0.1415E-23
15.37	0.1563E-23
15.40	0.1720E-23
15.43	0.1887E-23
15.45	0.2065E-23
15.48	0.2252E-23
15.51	0.2450E-23
15.54	0.2660E-23
15.57	0.2881E-23
15.60	0.3113E-23
15.63	0.3358E-23
15.66	0.3614E-23
15.69	0.3884E-23
15.72	0.4167E-23
15.75	0.4464E-23
15.79	0.4775E-23
15.82	0.5100E-23
15.85	0.5439E-23
15.89	0.5794E-23
15.92	0.6165E-23
15.96	0.6551E-23
16.00	0.6954E-23
16.03	0.7374E-23
16.07	0.7811E-23
16.11	0.8266E-23
16.15	0.8739E-23
16.19	0.9231E-23
16.23	0.9741E-23
16.27	0.1027E-22
16.31	0.1082E-22
16.36	0.1139E-22
16.40	0.1199E-22
16.44	0.1260E-22
16.49	0.1323E-22
16.54	0.1389E-22
16.58	0.1457E-22
16.63	0.1527E-22
16.68	0.1600E-22
16.73	0.1676E-22
16.78	0.1753E-22
16.83	0.1833E-22
16.88	0.1916E-22
16.93	0.2002E-22
16.98	0.2090E-22
17.04	0.2181E-22
17.09	0.2274E-22
17.15	0.2371E-22
17.21	0.2470E-22
17.27	0.2572E-22
17.33	0.2678E-22
17.39	0.2786E-22
17.45	0.2897E-22
17.51	0.3012E-22
17.57	0.3129E-22
17.64	0.3250E-22
17.70	0.3374E-22
17.77	0.3501E-22
17.84	0.3632E-22
17.91	0.3766E-22
17.98	0.3903E-22
18.05	0.4044E-22
18.12	0.4189E-22
18.20	0.4337E-22
18.27	0.4488E-22
18.35	0.4643E-22
18.43	0.4802E-22
18.51	0.4965E-22
18.59	0.5131E-22
18.67	0.5300E-22
18.76	0.5474E-22
18.84	0.5651E-22
18.93	0.5832E-22
19.02	0.6017E-22
19.11	0.6206E-22
19.20	0.6399E-22
19.29	0.6595E-22
19.39	0.6795E-22
19.48	0.6999E-22
19.58	0.7207E-22
19.68	0.7419E-22
19.78	0.7635E-22
19.89	0.7855E-22
19.99	0.8078E-22
20.10	0.8305E-22
20.20	0.8537E-22
20.32	0.8772E-22
20.43	0.9010E-22
20.54	0.9253E-22
20.66	0.9499E-22
20.78	0.9750E-22
20.90	0.1000E-21
21.02	0.1026E-21
21.14	0.1052E-21
21.27	0.1079E-21
21.40	0.1105E-21
21.53	0.1133E-21
21.67	0.1160E-21
21.80	0.1188E-21
21.94	0.1216E-21
22.08	0.1245E-21
22.23	0.1274E-21
22.37	0.1303E-21
22.52	0.1332E-21
22.67	0.1362E-21
22.82	0.1392E-21
22.98	0.1422E-21
23.14	0.1453E-21
23.30	0.1484E-21
23.46	0.1515E-21
23.63	0.1546E-21
23.80	0.1578E-21
23.98	0.1610E-21
24.15	0.1641E-21
24.33	0.1674E-21
24.51	0.1706E-21
24.70	0.1739E-21
24.89	0.1771E-21
25.08	0.1804E-21
25.27	0.1837E-21
25.47	0.1871E-21
25.68	0.1904E-21
25.88	0.1937E-21
26.09	0.1971E-21
26.30	0.2004E-21
26.52	0.2038E-21
26.74	0.2071E-21
26.97	0.2105E-21
27.19	0.2139E-21
27.43	0.2172E-21
27.66	0.2206E-21
27.90	0.2240E-21
28.15	0.2273E-21
28.40	0.2307E-21
28.65	0.2340E-21
28.91	0.2374E-21
29.17	0.2407E-21
29.44	0.2440E-21
29.71	0.2473E-21
30.27	0.2538E-21
30.84	0.2603E-21
31.44	0.2667E-21
32.06	0.2730E-21
32.70	0.2792E-21
33.36	0.2852E-21
34.04	0.2911E-21
35.12	0.2998E-21
36.25	0.3080E-21
37.44	0.3158E-21
38.69	0.3232E-21
40.01	0.3302E-21
41.88	0.3387E-21
43.88	0.3463E-21
46.59	0.3545E-21
50.17	0.3622E-21
57.01	0.3700E-21
81.47	0.3624E-21
90.16	0.3544E-21
98.48	0.3460E-21
106.1	0.3381E-21
112.7	0.3312E-21
119.8	0.3239E-21
127.4	0.3162E-21
135.5	0.3082E-21
141.9	0.3021E-21
148.8	0.2958E-21
155.9	0.2895E-21
163.5	0.2830E-21
171.4	0.2765E-21
179.8	0.2700E-21
188.6	0.2634E-21
197.9	0.2568E-21
207.7	0.2502E-21
218.0	0.2437E-21
228.9	0.2371E-21
240.3	0.2306E-21
252.4	0.2242E-21
265.1	0.2178E-21
278.4	0.2115E-21
287.7	0.2074E-21
297.3	0.2032E-21
307.3	0.1992E-21
317.6	0.1951E-21
328.3	0.1911E-21
339.3	0.1872E-21
350.8	0.1833E-21
362.6	0.1794E-21
374.9	0.1756E-21
387.5	0.1718E-21
400.7	0.1681E-21
414.3	0.1645E-21
428.3	0.1609E-21
442.9	0.1573E-21
458.0	0.1538E-21
473.6	0.1504E-21
489.7	0.1470E-21
523.8	0.1404E-21
560.2	0.1340E-21
599.3	0.1278E-21
641.2	0.1219E-21
686.1	0.1161E-21
734.1	0.1106E-21
785.6	0.1053E-21
840.9	0.1002E-21
900.0	0.9534E-22
963.4	0.9066E-22
--------------------------------
Extra points added by BOLSIG+:
1252.	0.7303E-22
1628.	0.5871E-22
2117.	0.4711E-22
2751.	0.3774E-22
3577.	0.3018E-22
4650.	0.2410E-22
6045.	0.1922E-22
7859.	0.1531E-22
0.1022E+05	0.1218E-22
 
 
C35 Input cross section
EXCITATION
Ar                                                              
   15.00       1.000    
--------------------------------
15.00	0.000
15.01	0.3089E-30
15.02	0.7522E-27
15.04	0.3175E-26
15.06	0.7342E-26
15.08	0.1333E-25
15.09	0.2121E-25
15.11	0.3106E-25
15.13	0.4297E-25
15.15	0.5702E-25
15.17	0.7329E-25
15.19	0.9187E-25
15.21	0.1129E-24
15.23	0.1363E-24
15.26	0.1624E-24
15.28	0.1911E-24
15.30	0.2227E-24
15.32	0.2571E-24
15.35	0.2945E-24
15.37	0.3350E-24
15.39	0.3788E-24
15.42	0.4258E-24
15.44	0.4763E-24
15.47	0.5304E-24
15.49	0.5881E-24
15.52	0.6496E-24
15.54	0.7151E-24
15.57	0.7846E-24
15.60	0.8583E-24
15.63	0.9363E-24
15.65	0.1019E-23
15.68	0.1106E-23
15.71	0.1198E-23
15.74	0.1294E-23
15.77	0.1396E-23
15.80	0.1503E-23
15.83	0.1615E-23
15.87	0.1733E-23
15.90	0.1857E-23
15.93	0.1986E-23
15.96	0.2121E-23
16.00	0.2263E-23
16.03	0.2410E-23
16.07	0.2565E-23
16.11	0.2726E-23
16.14	0.2894E-23
16.18	0.3068E-23
16.22	0.3250E-23
16.26	0.3440E-23
16.30	0.3637E-23
16.34	0.3842E-23
16.38	0.4054E-23
16.42	0.4276E-23
16.46	0.4505E-23
16.50	0.4743E-23
16.55	0.4989E-23
16.59	0.5245E-23
16.63	0.5510E-23
16.68	0.5784E-23
16.73	0.6068E-23
16.77	0.6361E-23
16.82	0.6664E-23
16.87	0.6978E-23
16.92	0.7302E-23
16.97	0.7637E-23
17.02	0.7982E-23
17.08	0.8339E-23
17.13	0.8706E-23
17.18	0.9086E-23
17.24	0.9476E-23
17.30	0.9879E-23
17.35	0.1029E-22
17.41	0.1072E-22
17.47	0.1116E-22
17.53	0.1161E-22
17.59	0.1208E-22
17.66	0.1256E-22
17.72	0.1305E-22
17.78	0.1355E-22
17.85	0.1407E-22
17.92	0.1460E-22
17.98	0.1515E-22
18.05	0.1571E-22
18.12	0.1628E-22
18.20	0.1687E-22
18.27	0.1748E-22
18.34	0.1809E-22
18.42	0.1873E-22
18.50	0.1938E-22
18.57	0.2004E-22
18.66	0.2072E-22
18.74	0.2141E-22
18.82	0.2213E-22
18.90	0.2285E-22
18.99	0.2359E-22
19.07	0.2435E-22
19.16	0.2513E-22
19.25	0.2592E-22
19.34	0.2672E-22
19.44	0.2755E-22
19.53	0.2839E-22
19.63	0.2924E-22
19.73	0.3011E-22
19.82	0.3100E-22
19.93	0.3191E-22
20.03	0.3283E-22
20.14	0.3377E-22
20.24	0.3472E-22
20.35	0.3569E-22
20.46	0.3667E-22
20.57	0.3768E-22
20.69	0.3870E-22
20.80	0.3973E-22
20.92	0.4078E-22
21.04	0.4184E-22
21.16	0.4293E-22
21.29	0.4402E-22
21.42	0.4514E-22
21.55	0.4626E-22
21.68	0.4741E-22
21.81	0.4856E-22
21.95	0.4973E-22
22.09	0.5092E-22
22.23	0.5212E-22
22.37	0.5333E-22
22.52	0.5456E-22
22.66	0.5580E-22
22.81	0.5705E-22
22.97	0.5831E-22
23.12	0.5959E-22
23.28	0.6088E-22
23.45	0.6218E-22
23.61	0.6349E-22
23.78	0.6481E-22
23.95	0.6614E-22
24.12	0.6748E-22
24.30	0.6883E-22
24.48	0.7019E-22
24.66	0.7156E-22
24.84	0.7293E-22
25.03	0.7431E-22
25.22	0.7570E-22
25.42	0.7710E-22
25.62	0.7850E-22
25.82	0.7990E-22
26.03	0.8131E-22
26.24	0.8273E-22
26.45	0.8415E-22
26.67	0.8557E-22
26.89	0.8699E-22
27.11	0.8841E-22
27.34	0.8984E-22
27.57	0.9126E-22
27.81	0.9269E-22
28.05	0.9411E-22
28.29	0.9553E-22
28.54	0.9695E-22
28.80	0.9837E-22
29.05	0.9978E-22
29.32	0.1012E-21
29.58	0.1026E-21
29.85	0.1040E-21
30.41	0.1068E-21
30.99	0.1095E-21
31.58	0.1122E-21
32.20	0.1149E-21
32.84	0.1175E-21
33.50	0.1201E-21
34.19	0.1226E-21
35.26	0.1263E-21
36.39	0.1298E-21
37.58	0.1332E-21
38.84	0.1364E-21
40.16	0.1393E-21
42.03	0.1430E-21
44.03	0.1462E-21
46.74	0.1498E-21
50.31	0.1531E-21
56.42	0.1564E-21
82.79	0.1533E-21
91.63	0.1499E-21
98.63	0.1469E-21
106.3	0.1436E-21
112.9	0.1407E-21
119.9	0.1376E-21
127.5	0.1344E-21
135.6	0.1310E-21
142.1	0.1284E-21
148.9	0.1258E-21
156.1	0.1231E-21
163.6	0.1204E-21
171.6	0.1176E-21
180.0	0.1149E-21
188.8	0.1121E-21
198.1	0.1093E-21
207.9	0.1065E-21
218.2	0.1037E-21
229.0	0.1009E-21
240.5	0.9819E-22
252.5	0.9546E-22
265.2	0.9276E-22
278.6	0.9008E-22
292.6	0.8744E-22
302.4	0.8570E-22
312.5	0.8397E-22
323.0	0.8226E-22
333.9	0.8057E-22
345.1	0.7890E-22
356.8	0.7725E-22
368.8	0.7563E-22
381.3	0.7402E-22
394.2	0.7243E-22
407.6	0.7086E-22
421.4	0.6932E-22
435.7	0.6780E-22
450.5	0.6630E-22
465.9	0.6482E-22
481.7	0.6337E-22
498.2	0.6194E-22
532.8	0.5915E-22
569.9	0.5645E-22
609.7	0.5385E-22
652.3	0.5134E-22
697.9	0.4892E-22
746.8	0.4660E-22
799.2	0.4436E-22
855.4	0.4222E-22
915.6	0.4016E-22
980.0	0.3818E-22
--------------------------------
Extra points added by BOLSIG+:
1274.	0.3076E-22
1656.	0.2472E-22
2153.	0.1984E-22
2799.	0.1589E-22
3639.	0.1271E-22
4731.	0.1015E-22
6150.	0.8093E-23
7995.	0.6446E-23
0.1039E+05	0.5128E-23
 
 
C36 Input cross section
EXCITATION
Ar                                                              
   15.02       1.000    
--------------------------------
15.02	0.000
15.02	0.3206E-30
15.04	0.7879E-27
15.06	0.3326E-26
15.07	0.7691E-26
15.09	0.1396E-25
15.11	0.2222E-25
15.13	0.3254E-25
15.15	0.4502E-25
15.17	0.5973E-25
15.19	0.7678E-25
15.21	0.9624E-25
15.23	0.1182E-24
15.25	0.1428E-24
15.27	0.1701E-24
15.30	0.2002E-24
15.32	0.2333E-24
15.34	0.2694E-24
15.36	0.3085E-24
15.39	0.3510E-24
15.41	0.3968E-24
15.44	0.4461E-24
15.46	0.4990E-24
15.48	0.5556E-24
15.51	0.6161E-24
15.54	0.6806E-24
15.56	0.7492E-24
15.59	0.8220E-24
15.62	0.8992E-24
15.64	0.9810E-24
15.67	0.1067E-23
15.70	0.1159E-23
15.73	0.1255E-23
15.76	0.1356E-23
15.79	0.1463E-23
15.82	0.1575E-23
15.85	0.1693E-23
15.88	0.1816E-23
15.92	0.1945E-23
15.95	0.2081E-23
15.98	0.2223E-23
16.02	0.2371E-23
16.05	0.2526E-23
16.09	0.2687E-23
16.12	0.2856E-23
16.16	0.3032E-23
16.20	0.3215E-23
16.23	0.3406E-23
16.27	0.3604E-23
16.31	0.3811E-23
16.35	0.4025E-23
16.39	0.4248E-23
16.43	0.4480E-23
16.48	0.4720E-23
16.52	0.4970E-23
16.56	0.5228E-23
16.61	0.5496E-23
16.65	0.5774E-23
16.70	0.6061E-23
16.75	0.6358E-23
16.79	0.6666E-23
16.84	0.6984E-23
16.89	0.7313E-23
16.94	0.7652E-23
16.99	0.8003E-23
17.04	0.8365E-23
17.09	0.8739E-23
17.15	0.9124E-23
17.20	0.9521E-23
17.26	0.9931E-23
17.31	0.1035E-22
17.37	0.1079E-22
17.43	0.1123E-22
17.49	0.1170E-22
17.55	0.1217E-22
17.61	0.1266E-22
17.67	0.1316E-22
17.74	0.1367E-22
17.80	0.1420E-22
17.87	0.1475E-22
17.93	0.1530E-22
18.00	0.1588E-22
18.07	0.1646E-22
18.14	0.1707E-22
18.21	0.1768E-22
18.29	0.1832E-22
18.36	0.1897E-22
18.44	0.1963E-22
18.52	0.2031E-22
18.59	0.2101E-22
18.67	0.2172E-22
18.75	0.2245E-22
18.84	0.2319E-22
18.92	0.2396E-22
19.00	0.2473E-22
19.09	0.2553E-22
19.18	0.2634E-22
19.27	0.2717E-22
19.36	0.2802E-22
19.45	0.2888E-22
19.55	0.2976E-22
19.64	0.3065E-22
19.74	0.3157E-22
19.84	0.3250E-22
19.94	0.3345E-22
20.05	0.3442E-22
20.15	0.3540E-22
20.26	0.3640E-22
20.37	0.3742E-22
20.48	0.3845E-22
20.59	0.3950E-22
20.70	0.4057E-22
20.82	0.4166E-22
20.94	0.4276E-22
21.06	0.4388E-22
21.18	0.4501E-22
21.31	0.4616E-22
21.43	0.4733E-22
21.56	0.4851E-22
21.70	0.4971E-22
21.83	0.5092E-22
21.96	0.5215E-22
22.10	0.5339E-22
22.24	0.5465E-22
22.39	0.5593E-22
22.53	0.5721E-22
22.68	0.5851E-22
22.83	0.5983E-22
22.99	0.6115E-22
23.14	0.6249E-22
23.30	0.6384E-22
23.46	0.6521E-22
23.63	0.6659E-22
23.79	0.6797E-22
23.96	0.6937E-22
24.14	0.7078E-22
24.31	0.7219E-22
24.49	0.7362E-22
24.68	0.7505E-22
24.86	0.7650E-22
25.05	0.7795E-22
25.24	0.7940E-22
25.44	0.8087E-22
25.64	0.8234E-22
25.84	0.8381E-22
26.05	0.8530E-22
26.25	0.8678E-22
26.47	0.8827E-22
26.68	0.8976E-22
26.90	0.9125E-22
27.13	0.9275E-22
27.36	0.9424E-22
27.59	0.9574E-22
27.83	0.9724E-22
28.07	0.9873E-22
28.31	0.1002E-21
28.56	0.1017E-21
28.81	0.1032E-21
29.07	0.1047E-21
29.33	0.1062E-21
29.60	0.1076E-21
29.87	0.1091E-21
30.43	0.1120E-21
31.00	0.1149E-21
31.60	0.1178E-21
32.22	0.1206E-21
32.86	0.1233E-21
33.52	0.1261E-21
34.21	0.1287E-21
35.28	0.1325E-21
36.41	0.1362E-21
37.60	0.1398E-21
38.85	0.1431E-21
40.17	0.1462E-21
42.04	0.1501E-21
44.05	0.1535E-21
46.76	0.1572E-21
50.33	0.1608E-21
56.44	0.1642E-21
84.01	0.1605E-21
93.00	0.1568E-21
100.1	0.1536E-21
107.9	0.1501E-21
114.6	0.1470E-21
121.8	0.1437E-21
129.5	0.1403E-21
137.8	0.1368E-21
144.3	0.1340E-21
151.3	0.1312E-21
158.6	0.1284E-21
166.2	0.1255E-21
174.3	0.1226E-21
182.9	0.1197E-21
191.8	0.1168E-21
201.3	0.1139E-21
211.3	0.1109E-21
221.8	0.1080E-21
232.8	0.1051E-21
244.4	0.1022E-21
256.7	0.9936E-22
269.6	0.9653E-22
283.2	0.9373E-22
292.6	0.9188E-22
302.4	0.9005E-22
312.6	0.8824E-22
323.1	0.8645E-22
333.9	0.8467E-22
345.1	0.8292E-22
356.8	0.8119E-22
368.8	0.7947E-22
381.3	0.7778E-22
394.2	0.7612E-22
407.6	0.7447E-22
421.4	0.7285E-22
435.7	0.7125E-22
450.5	0.6967E-22
465.9	0.6812E-22
481.8	0.6660E-22
498.2	0.6509E-22
532.8	0.6216E-22
569.9	0.5933E-22
609.7	0.5659E-22
652.3	0.5396E-22
697.9	0.5142E-22
746.9	0.4897E-22
799.3	0.4662E-22
855.4	0.4437E-22
915.6	0.4221E-22
980.1	0.4013E-22
--------------------------------
Extra points added by BOLSIG+:
1274.	0.3233E-22
1656.	0.2599E-22
2153.	0.2085E-22
2799.	0.1670E-22
3639.	0.1336E-22
4731.	0.1067E-22
6150.	0.8507E-23
7995.	0.6776E-23
0.1039E+05	0.5390E-23
 
 
C37 Input cross section
EXCITATION
Ar                                                              
   15.12       1.000    
--------------------------------
15.12	0.000
15.12	0.5535E-31
15.13	0.1430E-27
15.15	0.6040E-27
15.17	0.1397E-26
15.19	0.2536E-26
15.21	0.4036E-26
15.23	0.5912E-26
15.25	0.8178E-26
15.27	0.1085E-25
15.29	0.1395E-25
15.31	0.1749E-25
15.33	0.2148E-25
15.35	0.2595E-25
15.37	0.3091E-25
15.39	0.3639E-25
15.41	0.4239E-25
15.44	0.4895E-25
15.46	0.5607E-25
15.48	0.6379E-25
15.51	0.7212E-25
15.53	0.8108E-25
15.55	0.9069E-25
15.58	0.1010E-24
15.61	0.1120E-24
15.63	0.1237E-24
15.66	0.1362E-24
15.69	0.1494E-24
15.71	0.1635E-24
15.74	0.1783E-24
15.77	0.1940E-24
15.80	0.2106E-24
15.83	0.2281E-24
15.86	0.2466E-24
15.89	0.2660E-24
15.92	0.2864E-24
15.95	0.3078E-24
15.98	0.3302E-24
16.01	0.3537E-24
16.05	0.3784E-24
16.08	0.4042E-24
16.11	0.4312E-24
16.15	0.4593E-24
16.18	0.4887E-24
16.22	0.5194E-24
16.26	0.5514E-24
16.29	0.5848E-24
16.33	0.6195E-24
16.37	0.6556E-24
16.41	0.6932E-24
16.45	0.7323E-24
16.49	0.7729E-24
16.53	0.8150E-24
16.57	0.8588E-24
16.61	0.9042E-24
16.66	0.9512E-24
16.70	0.1000E-23
16.75	0.1051E-23
16.79	0.1103E-23
16.84	0.1157E-23
16.89	0.1213E-23
16.94	0.1271E-23
16.98	0.1331E-23
17.04	0.1393E-23
17.09	0.1457E-23
17.14	0.1523E-23
17.19	0.1591E-23
17.24	0.1661E-23
17.30	0.1733E-23
17.35	0.1808E-23
17.41	0.1885E-23
17.47	0.1964E-23
17.53	0.2046E-23
17.59	0.2130E-23
17.65	0.2216E-23
17.71	0.2305E-23
17.77	0.2396E-23
17.83	0.2490E-23
17.90	0.2587E-23
17.96	0.2686E-23
18.03	0.2788E-23
18.10	0.2892E-23
18.17	0.2999E-23
18.24	0.3109E-23
18.31	0.3222E-23
18.38	0.3337E-23
18.46	0.3456E-23
18.53	0.3577E-23
18.61	0.3701E-23
18.69	0.3828E-23
18.77	0.3958E-23
18.85	0.4091E-23
18.93	0.4227E-23
19.02	0.4366E-23
19.10	0.4508E-23
19.19	0.4654E-23
19.28	0.4802E-23
19.37	0.4953E-23
19.46	0.5108E-23
19.55	0.5266E-23
19.64	0.5426E-23
19.74	0.5590E-23
19.84	0.5757E-23
19.94	0.5928E-23
20.04	0.6101E-23
20.14	0.6278E-23
20.25	0.6457E-23
20.36	0.6640E-23
20.46	0.6826E-23
20.57	0.7016E-23
20.69	0.7208E-23
20.80	0.7403E-23
20.92	0.7602E-23
21.04	0.7803E-23
21.16	0.8008E-23
21.28	0.8215E-23
21.40	0.8426E-23
21.53	0.8640E-23
21.66	0.8856E-23
21.79	0.9075E-23
21.93	0.9298E-23
22.06	0.9523E-23
22.20	0.9751E-23
22.34	0.9981E-23
22.48	0.1021E-22
22.63	0.1045E-22
22.78	0.1069E-22
22.93	0.1093E-22
23.08	0.1117E-22
23.24	0.1142E-22
23.40	0.1167E-22
23.56	0.1192E-22
23.72	0.1217E-22
23.89	0.1242E-22
24.06	0.1268E-22
24.23	0.1294E-22
24.41	0.1320E-22
24.59	0.1346E-22
24.77	0.1372E-22
24.96	0.1399E-22
25.15	0.1425E-22
25.34	0.1452E-22
25.53	0.1479E-22
25.73	0.1506E-22
25.93	0.1533E-22
26.14	0.1560E-22
26.35	0.1587E-22
26.56	0.1615E-22
26.78	0.1642E-22
27.00	0.1670E-22
27.23	0.1697E-22
27.45	0.1725E-22
27.69	0.1752E-22
27.92	0.1780E-22
28.16	0.1807E-22
28.41	0.1835E-22
28.66	0.1862E-22
28.91	0.1890E-22
29.17	0.1917E-22
29.43	0.1944E-22
29.70	0.1971E-22
29.97	0.1998E-22
30.52	0.2052E-22
31.10	0.2105E-22
31.70	0.2158E-22
32.31	0.2210E-22
32.95	0.2261E-22
33.62	0.2311E-22
34.30	0.2360E-22
35.38	0.2431E-22
36.51	0.2499E-22
37.70	0.2564E-22
38.95	0.2626E-22
40.27	0.2684E-22
42.14	0.2756E-22
44.14	0.2820E-22
46.85	0.2889E-22
50.43	0.2955E-22
56.53	0.3019E-22
84.10	0.2957E-22
93.09	0.2889E-22
100.2	0.2831E-22
108.0	0.2766E-22
114.7	0.2710E-22
121.9	0.2650E-22
129.6	0.2588E-22
137.9	0.2522E-22
144.4	0.2472E-22
151.4	0.2421E-22
158.7	0.2369E-22
166.3	0.2316E-22
174.4	0.2263E-22
183.0	0.2209E-22
191.9	0.2155E-22
201.4	0.2102E-22
211.4	0.2048E-22
221.8	0.1994E-22
232.9	0.1941E-22
244.5	0.1887E-22
256.8	0.1835E-22
269.7	0.1782E-22
283.3	0.1731E-22
292.7	0.1697E-22
302.5	0.1663E-22
312.7	0.1630E-22
323.1	0.1597E-22
334.0	0.1564E-22
345.2	0.1532E-22
356.9	0.1500E-22
368.9	0.1468E-22
381.4	0.1437E-22
394.3	0.1406E-22
407.7	0.1376E-22
421.5	0.1346E-22
435.8	0.1316E-22
450.6	0.1287E-22
466.0	0.1259E-22
481.9	0.1231E-22
498.3	0.1203E-22
532.9	0.1149E-22
570.0	0.1096E-22
609.8	0.1046E-22
652.4	0.9972E-23
698.0	0.9503E-23
746.9	0.9052E-23
799.4	0.8618E-23
855.5	0.8202E-23
915.7	0.7802E-23
980.2	0.7419E-23
--------------------------------
Extra points added by BOLSIG+:
1274.	0.5976E-23
1656.	0.4804E-23
2153.	0.3855E-23
2799.	0.3088E-23
3639.	0.2470E-23
4731.	0.1972E-23
6150.	0.1573E-23
7996.	0.1253E-23
0.1039E+05	0.9968E-24
 
 
C38 Input cross section
EXCITATION
Ar                                                              
   15.19       1.000    
--------------------------------
15.19	0.000
15.19	0.5443E-30
15.20	0.1458E-26
15.22	0.6162E-26
15.24	0.1425E-25
15.26	0.2588E-25
15.28	0.4119E-25
15.29	0.6033E-25
15.31	0.8346E-25
15.33	0.1108E-24
15.35	0.1424E-24
15.38	0.1785E-24
15.39	0.2193E-24
15.42	0.2649E-24
15.44	0.3155E-24
15.46	0.3714E-24
15.48	0.4327E-24
15.50	0.4996E-24
15.53	0.5724E-24
15.55	0.6511E-24
15.57	0.7362E-24
15.60	0.8277E-24
15.62	0.9258E-24
15.65	0.1031E-23
15.67	0.1143E-23
15.70	0.1263E-23
15.73	0.1390E-23
15.75	0.1525E-23
15.78	0.1669E-23
15.81	0.1821E-23
15.84	0.1981E-23
15.87	0.2151E-23
15.89	0.2329E-23
15.92	0.2518E-23
15.95	0.2716E-23
15.98	0.2924E-23
16.02	0.3143E-23
16.05	0.3372E-23
16.08	0.3612E-23
16.11	0.3864E-23
16.15	0.4127E-23
16.18	0.4403E-23
16.22	0.4691E-23
16.25	0.4991E-23
16.29	0.5305E-23
16.32	0.5632E-23
16.36	0.5973E-23
16.40	0.6327E-23
16.44	0.6697E-23
16.48	0.7081E-23
16.52	0.7480E-23
16.56	0.7895E-23
16.60	0.8326E-23
16.64	0.8773E-23
16.68	0.9237E-23
16.73	0.9718E-23
16.77	0.1022E-22
16.82	0.1073E-22
16.86	0.1127E-22
16.91	0.1182E-22
16.96	0.1239E-22
17.00	0.1299E-22
17.05	0.1360E-22
17.10	0.1423E-22
17.15	0.1488E-22
17.21	0.1556E-22
17.26	0.1626E-22
17.31	0.1697E-22
17.37	0.1771E-22
17.42	0.1848E-22
17.48	0.1926E-22
17.54	0.2008E-22
17.59	0.2091E-22
17.65	0.2177E-22
17.71	0.2265E-22
17.77	0.2356E-22
17.84	0.2450E-22
17.90	0.2546E-22
17.97	0.2644E-22
18.03	0.2746E-22
18.10	0.2850E-22
18.17	0.2957E-22
18.24	0.3067E-22
18.31	0.3179E-22
18.38	0.3294E-22
18.45	0.3413E-22
18.53	0.3534E-22
18.60	0.3658E-22
18.68	0.3785E-22
18.76	0.3915E-22
18.84	0.4048E-22
18.92	0.4185E-22
19.00	0.4324E-22
19.08	0.4466E-22
19.17	0.4612E-22
19.26	0.4761E-22
19.34	0.4913E-22
19.43	0.5068E-22
19.52	0.5226E-22
19.62	0.5388E-22
19.71	0.5552E-22
19.81	0.5720E-22
19.91	0.5891E-22
20.01	0.6066E-22
20.11	0.6244E-22
20.21	0.6425E-22
20.32	0.6609E-22
20.42	0.6796E-22
20.53	0.6987E-22
20.64	0.7181E-22
20.75	0.7378E-22
20.87	0.7579E-22
20.99	0.7782E-22
21.10	0.7989E-22
21.23	0.8199E-22
21.35	0.8412E-22
21.47	0.8628E-22
21.60	0.8847E-22
21.73	0.9069E-22
21.86	0.9294E-22
21.99	0.9522E-22
22.13	0.9753E-22
22.27	0.9987E-22
22.41	0.1022E-21
22.55	0.1046E-21
22.70	0.1071E-21
22.85	0.1095E-21
23.00	0.1120E-21
23.15	0.1145E-21
23.31	0.1170E-21
23.46	0.1195E-21
23.63	0.1221E-21
23.79	0.1247E-21
23.96	0.1273E-21
24.13	0.1299E-21
24.30	0.1326E-21
24.48	0.1353E-21
24.66	0.1380E-21
24.84	0.1407E-21
25.02	0.1434E-21
25.21	0.1461E-21
25.41	0.1489E-21
25.60	0.1516E-21
25.80	0.1544E-21
26.00	0.1572E-21
26.21	0.1600E-21
26.42	0.1628E-21
26.63	0.1656E-21
26.85	0.1684E-21
27.07	0.1713E-21
27.29	0.1741E-21
27.52	0.1769E-21
27.75	0.1797E-21
27.99	0.1826E-21
28.23	0.1854E-21
28.48	0.1882E-21
28.72	0.1911E-21
28.98	0.1939E-21
29.23	0.1967E-21
29.50	0.1995E-21
29.76	0.2023E-21
30.04	0.2051E-21
30.31	0.2079E-21
30.88	0.2134E-21
31.46	0.2189E-21
32.07	0.2242E-21
32.70	0.2295E-21
33.35	0.2347E-21
34.02	0.2398E-21
34.72	0.2448E-21
35.81	0.2521E-21
36.96	0.2591E-21
38.17	0.2657E-21
39.45	0.2720E-21
40.79	0.2778E-21
42.70	0.2850E-21
44.73	0.2915E-21
47.49	0.2984E-21
51.13	0.3050E-21
57.34	0.3113E-21
84.17	0.3047E-21
93.16	0.2978E-21
100.3	0.2919E-21
108.0	0.2852E-21
114.8	0.2795E-21
122.0	0.2733E-21
129.7	0.2669E-21
137.9	0.2602E-21
144.5	0.2550E-21
151.4	0.2497E-21
158.7	0.2444E-21
166.4	0.2389E-21
174.5	0.2335E-21
183.0	0.2280E-21
192.0	0.2224E-21
201.5	0.2169E-21
211.4	0.2113E-21
221.9	0.2058E-21
233.0	0.2003E-21
244.6	0.1948E-21
256.9	0.1894E-21
269.8	0.1840E-21
283.3	0.1787E-21
292.8	0.1752E-21
302.6	0.1717E-21
312.7	0.1683E-21
323.2	0.1649E-21
334.1	0.1615E-21
345.3	0.1581E-21
356.9	0.1548E-21
369.0	0.1516E-21
381.5	0.1484E-21
394.4	0.1452E-21
407.7	0.1421E-21
421.6	0.1390E-21
435.9	0.1359E-21
450.7	0.1329E-21
466.0	0.1300E-21
481.9	0.1271E-21
498.4	0.1242E-21
533.0	0.1186E-21
570.1	0.1132E-21
609.9	0.1080E-21
652.5	0.1030E-21
698.1	0.9817E-22
747.0	0.9351E-22
799.4	0.8903E-22
855.6	0.8473E-22
915.8	0.8060E-22
980.2	0.7665E-22
--------------------------------
Extra points added by BOLSIG+:
1274.	0.6175E-22
1657.	0.4964E-22
2154.	0.3983E-22
2800.	0.3191E-22
3640.	0.2552E-22
4731.	0.2038E-22
6151.	0.1625E-22
7996.	0.1295E-22
0.1039E+05	0.1030E-22
 
 
C39 Input cross section
EXCITATION
Ar                                                              
   15.19       1.000    
--------------------------------
15.19	0.000
15.19	0.5426E-30
15.21	0.1457E-26
15.22	0.6155E-26
15.24	0.1424E-25
15.26	0.2585E-25
15.28	0.4114E-25
15.30	0.6026E-25
15.32	0.8338E-25
15.34	0.1106E-24
15.36	0.1422E-24
15.38	0.1783E-24
15.40	0.2190E-24
15.42	0.2646E-24
15.44	0.3152E-24
15.46	0.3710E-24
15.49	0.4323E-24
15.51	0.4991E-24
15.53	0.5718E-24
15.55	0.6505E-24
15.58	0.7354E-24
15.60	0.8268E-24
15.63	0.9249E-24
15.65	0.1030E-23
15.68	0.1142E-23
15.70	0.1262E-23
15.73	0.1389E-23
15.76	0.1524E-23
15.78	0.1667E-23
15.81	0.1819E-23
15.84	0.1979E-23
15.87	0.2148E-23
15.90	0.2327E-23
15.93	0.2515E-23
15.96	0.2713E-23
15.99	0.2921E-23
16.02	0.3139E-23
16.05	0.3369E-23
16.09	0.3609E-23
16.12	0.3860E-23
16.15	0.4123E-23
16.18	0.4399E-23
16.22	0.4686E-23
16.25	0.4986E-23
16.29	0.5300E-23
16.33	0.5626E-23
16.36	0.5966E-23
16.40	0.6321E-23
16.44	0.6690E-23
16.48	0.7073E-23
16.52	0.7472E-23
16.56	0.7887E-23
16.60	0.8317E-23
16.64	0.8764E-23
16.69	0.9227E-23
16.73	0.9708E-23
16.77	0.1021E-22
16.82	0.1072E-22
16.87	0.1126E-22
16.91	0.1181E-22
16.96	0.1238E-22
17.01	0.1297E-22
17.06	0.1358E-22
17.11	0.1422E-22
17.16	0.1487E-22
17.21	0.1554E-22
17.26	0.1624E-22
17.32	0.1696E-22
17.37	0.1770E-22
17.43	0.1846E-22
17.48	0.1925E-22
17.54	0.2006E-22
17.60	0.2089E-22
17.66	0.2175E-22
17.72	0.2263E-22
17.78	0.2354E-22
17.84	0.2447E-22
17.91	0.2543E-22
17.97	0.2642E-22
18.04	0.2743E-22
18.10	0.2847E-22
18.17	0.2954E-22
18.24	0.3064E-22
18.31	0.3176E-22
18.38	0.3291E-22
18.46	0.3409E-22
18.53	0.3530E-22
18.61	0.3654E-22
18.68	0.3782E-22
18.76	0.3912E-22
18.84	0.4045E-22
18.92	0.4181E-22
19.00	0.4320E-22
19.09	0.4462E-22
19.17	0.4608E-22
19.26	0.4756E-22
19.35	0.4908E-22
19.44	0.5063E-22
19.53	0.5221E-22
19.62	0.5383E-22
19.72	0.5547E-22
19.81	0.5715E-22
19.91	0.5886E-22
20.01	0.6061E-22
20.11	0.6238E-22
20.22	0.6419E-22
20.32	0.6603E-22
20.43	0.6790E-22
20.54	0.6981E-22
20.65	0.7175E-22
20.76	0.7372E-22
20.87	0.7572E-22
20.99	0.7775E-22
21.11	0.7982E-22
21.23	0.8192E-22
21.35	0.8404E-22
21.48	0.8620E-22
21.60	0.8839E-22
21.73	0.9061E-22
21.86	0.9286E-22
22.00	0.9514E-22
22.13	0.9745E-22
22.27	0.9978E-22
22.41	0.1021E-21
22.56	0.1045E-21
22.70	0.1070E-21
22.85	0.1094E-21
23.00	0.1119E-21
23.15	0.1144E-21
23.31	0.1169E-21
23.47	0.1194E-21
23.63	0.1220E-21
23.80	0.1246E-21
23.96	0.1272E-21
24.13	0.1298E-21
24.31	0.1325E-21
24.48	0.1351E-21
24.66	0.1378E-21
24.84	0.1406E-21
25.03	0.1433E-21
25.22	0.1460E-21
25.41	0.1488E-21
25.61	0.1515E-21
25.80	0.1543E-21
26.01	0.1571E-21
26.21	0.1599E-21
26.42	0.1627E-21
26.64	0.1655E-21
26.85	0.1683E-21
27.07	0.1711E-21
27.30	0.1740E-21
27.52	0.1768E-21
27.76	0.1796E-21
27.99	0.1825E-21
28.23	0.1853E-21
28.48	0.1881E-21
28.73	0.1909E-21
28.98	0.1937E-21
29.24	0.1966E-21
29.50	0.1994E-21
29.77	0.2022E-21
30.04	0.2050E-21
30.32	0.2077E-21
30.88	0.2133E-21
31.47	0.2187E-21
32.08	0.2241E-21
32.70	0.2294E-21
33.35	0.2346E-21
34.03	0.2397E-21
34.73	0.2447E-21
35.82	0.2519E-21
36.97	0.2589E-21
38.18	0.2655E-21
39.45	0.2718E-21
40.80	0.2777E-21
42.70	0.2849E-21
44.74	0.2913E-21
47.49	0.2982E-21
51.13	0.3048E-21
57.34	0.3111E-21
84.17	0.3046E-21
93.17	0.2977E-21
100.3	0.2918E-21
108.0	0.2851E-21
114.8	0.2793E-21
122.0	0.2732E-21
129.7	0.2668E-21
137.9	0.2601E-21
144.5	0.2549E-21
151.4	0.2496E-21
158.7	0.2443E-21
166.4	0.2389E-21
174.5	0.2334E-21
183.0	0.2279E-21
192.0	0.2223E-21
201.5	0.2168E-21
211.4	0.2112E-21
221.9	0.2057E-21
233.0	0.2002E-21
244.6	0.1948E-21
256.9	0.1893E-21
269.8	0.1840E-21
283.3	0.1786E-21
292.8	0.1751E-21
302.6	0.1717E-21
312.7	0.1682E-21
323.2	0.1648E-21
334.1	0.1614E-21
345.3	0.1581E-21
357.0	0.1548E-21
369.0	0.1515E-21
381.5	0.1483E-21
394.4	0.1452E-21
407.7	0.1420E-21
421.6	0.1389E-21
435.9	0.1359E-21
450.7	0.1329E-21
466.1	0.1299E-21
481.9	0.1270E-21
498.4	0.1242E-21
533.0	0.1186E-21
570.1	0.1132E-21
609.9	0.1080E-21
652.5	0.1030E-21
698.1	0.9813E-22
747.0	0.9348E-22
799.4	0.8900E-22
855.6	0.8470E-22
915.8	0.8058E-22
980.2	0.7662E-22
--------------------------------
Extra points added by BOLSIG+:
1274.	0.6173E-22
1657.	0.4962E-22
2154.	0.3982E-22
2800.	0.3190E-22
3640.	0.2551E-22
4731.	0.2037E-22
6151.	0.1625E-22
7996.	0.1294E-22
0.1039E+05	0.1030E-22
 
 
C40 Input cross section
EXCITATION
Ar                                                              
   15.31       1.000    
--------------------------------
15.31	0.000
15.31	0.8665E-32
15.32	0.2483E-28
15.34	0.1050E-27
15.36	0.2430E-27
15.38	0.4412E-27
15.40	0.7022E-27
15.42	0.1029E-26
15.44	0.1423E-26
15.46	0.1889E-26
15.48	0.2428E-26
15.50	0.3044E-26
15.52	0.3739E-26
15.54	0.4517E-26
15.56	0.5381E-26
15.58	0.6335E-26
15.60	0.7380E-26
15.63	0.8522E-26
15.65	0.9763E-26
15.67	0.1111E-25
15.70	0.1256E-25
15.72	0.1412E-25
15.74	0.1579E-25
15.77	0.1759E-25
15.80	0.1950E-25
15.82	0.2155E-25
15.85	0.2372E-25
15.88	0.2603E-25
15.90	0.2848E-25
15.93	0.3107E-25
15.96	0.3381E-25
15.99	0.3670E-25
16.02	0.3975E-25
16.05	0.4297E-25
16.08	0.4635E-25
16.11	0.4990E-25
16.14	0.5364E-25
16.17	0.5756E-25
16.20	0.6166E-25
16.24	0.6596E-25
16.27	0.7046E-25
16.30	0.7517E-25
16.34	0.8008E-25
16.37	0.8522E-25
16.41	0.9057E-25
16.45	0.9616E-25
16.48	0.1020E-24
16.52	0.1080E-24
16.56	0.1143E-24
16.60	0.1209E-24
16.64	0.1277E-24
16.68	0.1348E-24
16.72	0.1422E-24
16.76	0.1498E-24
16.80	0.1578E-24
16.85	0.1660E-24
16.89	0.1745E-24
16.94	0.1834E-24
16.98	0.1925E-24
17.03	0.2020E-24
17.08	0.2118E-24
17.13	0.2219E-24
17.18	0.2324E-24
17.23	0.2432E-24
17.28	0.2544E-24
17.33	0.2659E-24
17.38	0.2778E-24
17.43	0.2901E-24
17.49	0.3028E-24
17.54	0.3159E-24
17.60	0.3293E-24
17.66	0.3432E-24
17.72	0.3575E-24
17.77	0.3722E-24
17.84	0.3873E-24
17.90	0.4029E-24
17.96	0.4189E-24
18.02	0.4354E-24
18.09	0.4523E-24
18.15	0.4697E-24
18.22	0.4875E-24
18.29	0.5058E-24
18.36	0.5246E-24
18.43	0.5439E-24
18.50	0.5637E-24
18.57	0.5840E-24
18.65	0.6047E-24
18.72	0.6260E-24
18.80	0.6478E-24
18.88	0.6701E-24
18.96	0.6930E-24
19.04	0.7163E-24
19.12	0.7402E-24
19.21	0.7647E-24
19.29	0.7897E-24
19.38	0.8152E-24
19.47	0.8413E-24
19.56	0.8679E-24
19.65	0.8951E-24
19.74	0.9228E-24
19.84	0.9511E-24
19.93	0.9799E-24
20.03	0.1009E-23
20.13	0.1039E-23
20.23	0.1070E-23
20.33	0.1101E-23
20.44	0.1133E-23
20.55	0.1165E-23
20.65	0.1198E-23
20.77	0.1231E-23
20.88	0.1265E-23
20.99	0.1299E-23
21.11	0.1334E-23
21.23	0.1370E-23
21.35	0.1406E-23
21.47	0.1443E-23
21.59	0.1480E-23
21.72	0.1518E-23
21.85	0.1556E-23
21.98	0.1594E-23
22.11	0.1634E-23
22.25	0.1674E-23
22.39	0.1714E-23
22.53	0.1755E-23
22.67	0.1796E-23
22.82	0.1837E-23
22.97	0.1880E-23
23.12	0.1922E-23
23.27	0.1965E-23
23.43	0.2009E-23
23.59	0.2053E-23
23.75	0.2097E-23
23.91	0.2142E-23
24.08	0.2187E-23
24.25	0.2232E-23
24.42	0.2278E-23
24.60	0.2324E-23
24.78	0.2371E-23
24.96	0.2417E-23
25.15	0.2464E-23
25.34	0.2512E-23
25.53	0.2559E-23
25.72	0.2607E-23
25.92	0.2655E-23
26.12	0.2703E-23
26.33	0.2751E-23
26.54	0.2800E-23
26.75	0.2849E-23
26.97	0.2898E-23
27.19	0.2946E-23
27.41	0.2995E-23
27.64	0.3044E-23
27.88	0.3093E-23
28.11	0.3142E-23
28.35	0.3192E-23
28.60	0.3241E-23
28.85	0.3290E-23
29.10	0.3338E-23
29.36	0.3387E-23
29.62	0.3436E-23
29.89	0.3484E-23
30.16	0.3533E-23
30.43	0.3581E-23
31.00	0.3677E-23
31.59	0.3771E-23
32.19	0.3865E-23
32.82	0.3957E-23
33.47	0.4048E-23
34.15	0.4136E-23
34.84	0.4223E-23
35.94	0.4350E-23
37.09	0.4471E-23
38.30	0.4587E-23
39.57	0.4696E-23
40.91	0.4799E-23
42.82	0.4925E-23
44.86	0.5039E-23
47.61	0.5160E-23
51.25	0.5277E-23
57.46	0.5389E-23
85.51	0.5271E-23
94.66	0.5150E-23
101.9	0.5045E-23
109.8	0.4929E-23
116.6	0.4828E-23
124.0	0.4721E-23
131.8	0.4609E-23
140.2	0.4492E-23
146.9	0.4402E-23
153.9	0.4310E-23
161.4	0.4217E-23
169.2	0.4123E-23
177.4	0.4028E-23
186.1	0.3932E-23
195.2	0.3837E-23
204.8	0.3740E-23
215.0	0.3644E-23
225.7	0.3549E-23
236.9	0.3453E-23
248.7	0.3359E-23
261.2	0.3265E-23
274.3	0.3172E-23
288.1	0.3080E-23
297.8	0.3019E-23
307.7	0.2959E-23
318.1	0.2900E-23
328.7	0.2841E-23
339.8	0.2782E-23
351.2	0.2725E-23
363.1	0.2668E-23
375.3	0.2612E-23
388.0	0.2556E-23
401.1	0.2501E-23
414.7	0.2447E-23
428.8	0.2394E-23
443.4	0.2341E-23
458.4	0.2290E-23
474.0	0.2239E-23
490.2	0.2189E-23
524.2	0.2091E-23
560.7	0.1996E-23
599.8	0.1904E-23
641.6	0.1816E-23
686.5	0.1731E-23
734.6	0.1649E-23
786.1	0.1571E-23
841.3	0.1495E-23
900.4	0.1422E-23
963.8	0.1353E-23
--------------------------------
Extra points added by BOLSIG+:
1253.	0.1090E-23
1629.	0.8764E-24
2118.	0.7034E-24
2753.	0.5636E-24
3579.	0.4508E-24
4652.	0.3601E-24
6048.	0.2872E-24
7862.	0.2288E-24
0.1022E+05	0.1821E-24
 
 
C41 Input cross section
EXCITATION
Ar                                                              
   15.35       1.000    
--------------------------------
15.35	0.000
15.35	0.5683E-32
15.37	0.1669E-28
15.39	0.7059E-28
15.40	0.1634E-27
15.42	0.2966E-27
15.44	0.4721E-27
15.46	0.6916E-27
15.48	0.9569E-27
15.50	0.1270E-26
15.52	0.1632E-26
15.54	0.2047E-26
15.56	0.2514E-26
15.58	0.3038E-26
15.60	0.3619E-26
15.62	0.4260E-26
15.65	0.4963E-26
15.67	0.5731E-26
15.69	0.6566E-26
15.72	0.7470E-26
15.74	0.8445E-26
15.76	0.9495E-26
15.79	0.1062E-25
15.81	0.1183E-25
15.84	0.1312E-25
15.87	0.1449E-25
15.89	0.1595E-25
15.92	0.1751E-25
15.95	0.1915E-25
15.97	0.2090E-25
16.00	0.2274E-25
16.03	0.2469E-25
16.06	0.2674E-25
16.09	0.2890E-25
16.12	0.3118E-25
16.15	0.3357E-25
16.18	0.3608E-25
16.21	0.3872E-25
16.25	0.4148E-25
16.28	0.4437E-25
16.31	0.4740E-25
16.35	0.5056E-25
16.38	0.5387E-25
16.42	0.5733E-25
16.45	0.6093E-25
16.49	0.6469E-25
16.53	0.6861E-25
16.56	0.7269E-25
16.60	0.7693E-25
16.64	0.8135E-25
16.68	0.8594E-25
16.72	0.9072E-25
16.76	0.9567E-25
16.81	0.1008E-24
16.85	0.1062E-24
16.89	0.1117E-24
16.94	0.1174E-24
16.98	0.1234E-24
17.03	0.1295E-24
17.07	0.1359E-24
17.12	0.1425E-24
17.17	0.1493E-24
17.22	0.1564E-24
17.27	0.1637E-24
17.32	0.1712E-24
17.37	0.1789E-24
17.42	0.1870E-24
17.48	0.1952E-24
17.53	0.2038E-24
17.59	0.2126E-24
17.64	0.2217E-24
17.70	0.2310E-24
17.76	0.2406E-24
17.82	0.2505E-24
17.88	0.2607E-24
17.94	0.2712E-24
18.00	0.2820E-24
18.07	0.2931E-24
18.13	0.3045E-24
18.20	0.3162E-24
18.26	0.3282E-24
18.33	0.3405E-24
18.40	0.3532E-24
18.47	0.3662E-24
18.54	0.3795E-24
18.62	0.3931E-24
18.69	0.4071E-24
18.77	0.4215E-24
18.84	0.4362E-24
18.92	0.4512E-24
19.00	0.4666E-24
19.08	0.4823E-24
19.16	0.4985E-24
19.25	0.5149E-24
19.33	0.5318E-24
19.42	0.5490E-24
19.51	0.5665E-24
19.60	0.5845E-24
19.69	0.6028E-24
19.78	0.6215E-24
19.88	0.6406E-24
19.97	0.6600E-24
20.07	0.6798E-24
20.17	0.7000E-24
20.27	0.7206E-24
20.38	0.7416E-24
20.48	0.7629E-24
20.59	0.7847E-24
20.70	0.8068E-24
20.81	0.8293E-24
20.92	0.8521E-24
21.03	0.8754E-24
21.15	0.8990E-24
21.27	0.9230E-24
21.39	0.9473E-24
21.51	0.9720E-24
21.64	0.9971E-24
21.76	0.1022E-23
21.89	0.1048E-23
22.02	0.1074E-23
22.16	0.1101E-23
22.29	0.1128E-23
22.43	0.1155E-23
22.57	0.1183E-23
22.72	0.1210E-23
22.86	0.1239E-23
23.01	0.1267E-23
23.16	0.1296E-23
23.32	0.1325E-23
23.47	0.1354E-23
23.63	0.1384E-23
23.79	0.1414E-23
23.96	0.1444E-23
24.12	0.1474E-23
24.29	0.1505E-23
24.47	0.1536E-23
24.64	0.1567E-23
24.82	0.1598E-23
25.00	0.1630E-23
25.19	0.1662E-23
25.38	0.1694E-23
25.57	0.1726E-23
25.77	0.1758E-23
25.96	0.1790E-23
26.17	0.1823E-23
26.37	0.1856E-23
26.58	0.1888E-23
26.80	0.1921E-23
27.01	0.1954E-23
27.23	0.1987E-23
27.46	0.2020E-23
27.69	0.2054E-23
27.92	0.2087E-23
28.16	0.2120E-23
28.39	0.2153E-23
28.64	0.2186E-23
28.89	0.2219E-23
29.14	0.2252E-23
29.40	0.2285E-23
29.66	0.2318E-23
29.93	0.2351E-23
30.20	0.2384E-23
30.48	0.2416E-23
31.04	0.2481E-23
31.63	0.2545E-23
32.24	0.2609E-23
32.87	0.2671E-23
33.52	0.2732E-23
34.19	0.2792E-23
34.89	0.2851E-23
35.98	0.2937E-23
37.13	0.3019E-23
38.34	0.3098E-23
39.62	0.3172E-23
40.96	0.3242E-23
42.86	0.3327E-23
44.90	0.3404E-23
47.66	0.3487E-23
51.29	0.3566E-23
57.50	0.3643E-23
85.55	0.3566E-23
94.70	0.3484E-23
102.0	0.3414E-23
109.8	0.3336E-23
116.7	0.3267E-23
124.0	0.3195E-23
131.8	0.3119E-23
140.2	0.3041E-23
146.9	0.2980E-23
154.0	0.2918E-23
161.4	0.2855E-23
169.2	0.2792E-23
177.5	0.2727E-23
186.1	0.2663E-23
195.3	0.2598E-23
204.9	0.2533E-23
215.0	0.2468E-23
225.7	0.2403E-23
236.9	0.2339E-23
248.8	0.2274E-23
261.2	0.2211E-23
274.4	0.2148E-23
288.2	0.2086E-23
297.8	0.2045E-23
307.8	0.2004E-23
318.1	0.1964E-23
328.8	0.1924E-23
339.8	0.1885E-23
351.2	0.1846E-23
363.1	0.1807E-23
375.4	0.1769E-23
388.0	0.1731E-23
401.2	0.1694E-23
414.8	0.1658E-23
428.8	0.1622E-23
443.4	0.1586E-23
458.5	0.1551E-23
474.1	0.1517E-23
490.2	0.1483E-23
524.3	0.1416E-23
560.7	0.1352E-23
599.8	0.1290E-23
641.7	0.1230E-23
686.5	0.1173E-23
734.6	0.1118E-23
786.1	0.1064E-23
841.3	0.1013E-23
900.5	0.9638E-24
963.9	0.9166E-24
--------------------------------
Extra points added by BOLSIG+:
1253.	0.7386E-24
1629.	0.5939E-24
2118.	0.4766E-24
2753.	0.3819E-24
3579.	0.3055E-24
4652.	0.2440E-24
6048.	0.1946E-24
7862.	0.1550E-24
0.1022E+05	0.1234E-24
 
 
C42 Input cross section
EXCITATION
Ar                                                              
   15.36       1.000    
--------------------------------
15.36	0.000
15.36	0.8183E-32
15.38	0.2416E-28
15.39	0.1022E-27
15.41	0.2365E-27
15.43	0.4294E-27
15.45	0.6834E-27
15.47	0.1001E-26
15.49	0.1385E-26
15.51	0.1838E-26
15.53	0.2363E-26
15.55	0.2963E-26
15.57	0.3640E-26
15.59	0.4397E-26
15.61	0.5239E-26
15.63	0.6167E-26
15.66	0.7185E-26
15.68	0.8296E-26
15.70	0.9504E-26
15.72	0.1081E-25
15.75	0.1223E-25
15.77	0.1375E-25
15.80	0.1538E-25
15.82	0.1712E-25
15.85	0.1899E-25
15.87	0.2098E-25
15.90	0.2310E-25
15.93	0.2534E-25
15.95	0.2773E-25
15.98	0.3025E-25
16.01	0.3292E-25
16.04	0.3574E-25
16.07	0.3871E-25
16.10	0.4184E-25
16.13	0.4513E-25
16.16	0.4859E-25
16.19	0.5223E-25
16.22	0.5605E-25
16.25	0.6005E-25
16.29	0.6423E-25
16.32	0.6862E-25
16.36	0.7320E-25
16.39	0.7799E-25
16.43	0.8299E-25
16.46	0.8821E-25
16.50	0.9365E-25
16.54	0.9933E-25
16.57	0.1052E-24
16.61	0.1114E-24
16.65	0.1178E-24
16.69	0.1244E-24
16.73	0.1313E-24
16.77	0.1385E-24
16.82	0.1460E-24
16.86	0.1537E-24
16.90	0.1617E-24
16.95	0.1700E-24
16.99	0.1786E-24
17.04	0.1875E-24
17.08	0.1968E-24
17.13	0.2063E-24
17.18	0.2162E-24
17.23	0.2264E-24
17.28	0.2369E-24
17.33	0.2478E-24
17.38	0.2591E-24
17.43	0.2707E-24
17.49	0.2827E-24
17.54	0.2950E-24
17.60	0.3078E-24
17.65	0.3209E-24
17.71	0.3345E-24
17.77	0.3484E-24
17.83	0.3627E-24
17.89	0.3775E-24
17.95	0.3927E-24
18.01	0.4083E-24
18.07	0.4243E-24
18.14	0.4408E-24
18.21	0.4578E-24
18.27	0.4752E-24
18.34	0.4930E-24
18.41	0.5114E-24
18.48	0.5302E-24
18.55	0.5495E-24
18.63	0.5692E-24
18.70	0.5895E-24
18.78	0.6103E-24
18.85	0.6316E-24
18.93	0.6533E-24
19.01	0.6756E-24
19.09	0.6984E-24
19.17	0.7218E-24
19.26	0.7456E-24
19.34	0.7700E-24
19.43	0.7949E-24
19.52	0.8204E-24
19.61	0.8463E-24
19.70	0.8729E-24
19.79	0.8999E-24
19.89	0.9276E-24
19.98	0.9557E-24
20.08	0.9845E-24
20.18	0.1014E-23
20.28	0.1044E-23
20.39	0.1074E-23
20.49	0.1105E-23
20.60	0.1136E-23
20.71	0.1168E-23
20.82	0.1201E-23
20.93	0.1234E-23
21.04	0.1268E-23
21.16	0.1302E-23
21.28	0.1337E-23
21.40	0.1372E-23
21.52	0.1408E-23
21.65	0.1444E-23
21.77	0.1481E-23
21.90	0.1518E-23
22.03	0.1556E-23
22.17	0.1594E-23
22.30	0.1633E-23
22.44	0.1673E-23
22.58	0.1713E-23
22.73	0.1753E-23
22.87	0.1794E-23
23.02	0.1835E-23
23.17	0.1877E-23
23.32	0.1919E-23
23.48	0.1961E-23
23.64	0.2004E-23
23.80	0.2047E-23
23.96	0.2091E-23
24.13	0.2135E-23
24.30	0.2180E-23
24.48	0.2225E-23
24.65	0.2270E-23
24.83	0.2315E-23
25.01	0.2361E-23
25.20	0.2407E-23
25.39	0.2453E-23
25.58	0.2500E-23
25.78	0.2546E-23
25.97	0.2593E-23
26.18	0.2641E-23
26.38	0.2688E-23
26.59	0.2735E-23
26.80	0.2783E-23
27.02	0.2831E-23
27.24	0.2879E-23
27.47	0.2927E-23
27.70	0.2975E-23
27.93	0.3023E-23
28.16	0.3071E-23
28.40	0.3119E-23
28.65	0.3167E-23
28.90	0.3215E-23
29.15	0.3263E-23
29.41	0.3311E-23
29.67	0.3358E-23
29.94	0.3406E-23
30.21	0.3453E-23
30.48	0.3501E-23
31.05	0.3594E-23
31.64	0.3687E-23
32.24	0.3779E-23
32.87	0.3870E-23
33.52	0.3958E-23
34.20	0.4046E-23
34.90	0.4131E-23
35.99	0.4255E-23
37.14	0.4374E-23
38.35	0.4488E-23
39.62	0.4596E-23
40.97	0.4697E-23
42.87	0.4821E-23
44.91	0.4933E-23
47.66	0.5053E-23
51.30	0.5168E-23
57.51	0.5280E-23
85.56	0.5169E-23
94.71	0.5050E-23
102.0	0.4949E-23
109.9	0.4835E-23
116.7	0.4736E-23
124.0	0.4632E-23
131.8	0.4522E-23
140.2	0.4408E-23
146.9	0.4320E-23
154.0	0.4230E-23
161.4	0.4139E-23
169.2	0.4047E-23
177.5	0.3954E-23
186.2	0.3860E-23
195.3	0.3766E-23
204.9	0.3672E-23
215.0	0.3578E-23
225.7	0.3484E-23
236.9	0.3390E-23
248.8	0.3297E-23
261.2	0.3205E-23
274.4	0.3114E-23
288.2	0.3024E-23
297.8	0.2965E-23
307.8	0.2906E-23
318.1	0.2847E-23
328.8	0.2789E-23
339.8	0.2732E-23
351.3	0.2676E-23
363.1	0.2620E-23
375.4	0.2565E-23
388.0	0.2510E-23
401.2	0.2457E-23
414.8	0.2403E-23
428.8	0.2351E-23
443.4	0.2300E-23
458.5	0.2249E-23
474.1	0.2199E-23
490.2	0.2150E-23
524.3	0.2053E-23
560.8	0.1961E-23
599.8	0.1871E-23
641.7	0.1784E-23
686.6	0.1701E-23
734.6	0.1620E-23
786.1	0.1543E-23
841.4	0.1469E-23
900.5	0.1397E-23
963.9	0.1329E-23
--------------------------------
Extra points added by BOLSIG+:
1253.	0.1071E-23
1629.	0.8611E-24
2118.	0.6911E-24
2753.	0.5537E-24
3579.	0.4429E-24
4652.	0.3538E-24
6048.	0.2822E-24
7863.	0.2248E-24
0.1022E+05	0.1789E-24
 
 
C43 Input cross section
EXCITATION
Ar                                                              
   15.37       1.000    
--------------------------------
15.37	0.000
15.37	0.1430E-30
15.38	0.4237E-27
15.40	0.1792E-26
15.42	0.4147E-26
15.44	0.7531E-26
15.46	0.1199E-25
15.47	0.1756E-25
15.49	0.2430E-25
15.51	0.3224E-25
15.53	0.4145E-25
15.55	0.5197E-25
15.57	0.6384E-25
15.60	0.7713E-25
15.62	0.9189E-25
15.64	0.1082E-24
15.66	0.1260E-24
15.68	0.1455E-24
15.71	0.1667E-24
15.73	0.1897E-24
15.75	0.2144E-24
15.78	0.2411E-24
15.80	0.2697E-24
15.83	0.3004E-24
15.85	0.3331E-24
15.88	0.3680E-24
15.91	0.4051E-24
15.93	0.4445E-24
15.96	0.4863E-24
15.99	0.5306E-24
16.02	0.5774E-24
16.05	0.6268E-24
16.07	0.6790E-24
16.10	0.7339E-24
16.13	0.7917E-24
16.16	0.8524E-24
16.20	0.9162E-24
16.23	0.9831E-24
16.26	0.1053E-23
16.29	0.1127E-23
16.33	0.1204E-23
16.36	0.1284E-23
16.40	0.1368E-23
16.43	0.1456E-23
16.47	0.1547E-23
16.50	0.1643E-23
16.54	0.1742E-23
16.58	0.1846E-23
16.62	0.1954E-23
16.66	0.2066E-23
16.70	0.2183E-23
16.74	0.2304E-23
16.78	0.2430E-23
16.82	0.2560E-23
16.86	0.2696E-23
16.91	0.2837E-23
16.95	0.2982E-23
17.00	0.3133E-23
17.04	0.3290E-23
17.09	0.3452E-23
17.14	0.3619E-23
17.18	0.3792E-23
17.23	0.3971E-23
17.28	0.4157E-23
17.33	0.4348E-23
17.39	0.4545E-23
17.44	0.4749E-23
17.49	0.4959E-23
17.55	0.5176E-23
17.60	0.5399E-23
17.66	0.5630E-23
17.72	0.5867E-23
17.77	0.6112E-23
17.83	0.6363E-23
17.89	0.6622E-23
17.95	0.6888E-23
18.02	0.7162E-23
18.08	0.7444E-23
18.15	0.7733E-23
18.21	0.8031E-23
18.28	0.8336E-23
18.35	0.8649E-23
18.42	0.8971E-23
18.49	0.9301E-23
18.56	0.9640E-23
18.63	0.9987E-23
18.71	0.1034E-22
18.78	0.1071E-22
18.86	0.1108E-22
18.94	0.1146E-22
19.02	0.1185E-22
19.10	0.1225E-22
19.18	0.1266E-22
19.26	0.1308E-22
19.35	0.1351E-22
19.44	0.1395E-22
19.52	0.1439E-22
19.61	0.1485E-22
19.70	0.1531E-22
19.80	0.1579E-22
19.89	0.1627E-22
19.99	0.1677E-22
20.09	0.1727E-22
20.19	0.1779E-22
20.29	0.1831E-22
20.39	0.1884E-22
20.50	0.1938E-22
20.60	0.1994E-22
20.71	0.2050E-22
20.82	0.2107E-22
20.93	0.2165E-22
21.05	0.2224E-22
21.17	0.2284E-22
21.28	0.2345E-22
21.41	0.2407E-22
21.53	0.2470E-22
21.65	0.2534E-22
21.78	0.2598E-22
21.91	0.2664E-22
22.04	0.2730E-22
22.17	0.2798E-22
22.31	0.2866E-22
22.45	0.2935E-22
22.59	0.3005E-22
22.73	0.3076E-22
22.88	0.3147E-22
23.03	0.3220E-22
23.18	0.3293E-22
23.33	0.3367E-22
23.49	0.3441E-22
23.64	0.3517E-22
23.81	0.3592E-22
23.97	0.3669E-22
24.14	0.3747E-22
24.31	0.3825E-22
24.48	0.3903E-22
24.66	0.3982E-22
24.84	0.4062E-22
25.02	0.4143E-22
25.20	0.4223E-22
25.39	0.4304E-22
25.59	0.4386E-22
25.78	0.4468E-22
25.98	0.4551E-22
26.18	0.4634E-22
26.39	0.4717E-22
26.60	0.4800E-22
26.81	0.4884E-22
27.03	0.4967E-22
27.25	0.5051E-22
27.47	0.5136E-22
27.70	0.5220E-22
27.93	0.5304E-22
28.17	0.5389E-22
28.41	0.5473E-22
28.66	0.5557E-22
28.90	0.5642E-22
29.16	0.5726E-22
29.41	0.5810E-22
29.68	0.5893E-22
29.94	0.5977E-22
30.21	0.6060E-22
30.49	0.6143E-22
31.06	0.6308E-22
31.64	0.6471E-22
32.25	0.6632E-22
32.88	0.6791E-22
33.53	0.6947E-22
34.20	0.7100E-22
34.90	0.7250E-22
35.99	0.7468E-22
37.14	0.7677E-22
38.35	0.7877E-22
39.63	0.8066E-22
40.97	0.8244E-22
42.88	0.8462E-22
44.91	0.8658E-22
47.67	0.8869E-22
51.31	0.9072E-22
57.52	0.9268E-22
85.57	0.9074E-22
94.72	0.8866E-22
102.0	0.8688E-22
109.9	0.8488E-22
116.7	0.8315E-22
124.0	0.8131E-22
131.9	0.7939E-22
140.3	0.7738E-22
146.9	0.7584E-22
154.0	0.7427E-22
161.4	0.7267E-22
169.2	0.7105E-22
177.5	0.6941E-22
186.2	0.6777E-22
195.3	0.6612E-22
204.9	0.6447E-22
215.0	0.6281E-22
225.7	0.6116E-22
236.9	0.5952E-22
248.8	0.5789E-22
261.2	0.5628E-22
274.4	0.5468E-22
288.2	0.5310E-22
297.8	0.5205E-22
307.8	0.5102E-22
318.1	0.4999E-22
328.8	0.4898E-22
339.8	0.4797E-22
351.3	0.4698E-22
363.1	0.4600E-22
375.4	0.4503E-22
388.1	0.4407E-22
401.2	0.4313E-22
414.8	0.4220E-22
428.8	0.4128E-22
443.4	0.4038E-22
458.5	0.3949E-22
474.1	0.3861E-22
490.2	0.3774E-22
524.3	0.3605E-22
560.8	0.3442E-22
599.8	0.3285E-22
641.7	0.3133E-22
686.6	0.2986E-22
734.6	0.2845E-22
786.2	0.2709E-22
841.4	0.2579E-22
900.5	0.2454E-22
963.9	0.2334E-22
--------------------------------
Extra points added by BOLSIG+:
1253.	0.1880E-22
1629.	0.1512E-22
2118.	0.1213E-22
2753.	0.9723E-23
3579.	0.7777E-23
4652.	0.6212E-23
6048.	0.4955E-23
7863.	0.3948E-23
0.1022E+05	0.3141E-23
 
 
C44 Input cross section
EXCITATION
Ar                                                              
   15.37       1.000    
--------------------------------
15.37	0.000
15.38	0.3169E-30
15.39	0.9432E-27
15.41	0.3990E-26
15.43	0.9232E-26
15.45	0.1676E-25
15.46	0.2669E-25
15.48	0.3909E-25
15.50	0.5409E-25
15.52	0.7178E-25
15.54	0.9228E-25
15.56	0.1157E-24
15.58	0.1421E-24
15.60	0.1717E-24
15.63	0.2045E-24
15.65	0.2408E-24
15.67	0.2805E-24
15.69	0.3240E-24
15.71	0.3711E-24
15.74	0.4222E-24
15.76	0.4774E-24
15.79	0.5368E-24
15.81	0.6005E-24
15.84	0.6687E-24
15.86	0.7415E-24
15.89	0.8192E-24
15.91	0.9018E-24
15.94	0.9896E-24
15.97	0.1083E-23
16.00	0.1181E-23
16.02	0.1285E-23
16.05	0.1395E-23
16.08	0.1512E-23
16.11	0.1634E-23
16.14	0.1762E-23
16.17	0.1898E-23
16.20	0.2040E-23
16.24	0.2189E-23
16.27	0.2345E-23
16.30	0.2508E-23
16.34	0.2680E-23
16.37	0.2859E-23
16.40	0.3046E-23
16.44	0.3241E-23
16.48	0.3445E-23
16.51	0.3658E-23
16.55	0.3879E-23
16.59	0.4110E-23
16.63	0.4350E-23
16.66	0.4600E-23
16.70	0.4859E-23
16.75	0.5129E-23
16.79	0.5409E-23
16.83	0.5700E-23
16.87	0.6002E-23
16.91	0.6315E-23
16.96	0.6640E-23
17.00	0.6976E-23
17.05	0.7324E-23
17.10	0.7685E-23
17.14	0.8058E-23
17.19	0.8443E-23
17.24	0.8842E-23
17.29	0.9254E-23
17.34	0.9680E-23
17.39	0.1012E-22
17.45	0.1057E-22
17.50	0.1104E-22
17.55	0.1152E-22
17.61	0.1202E-22
17.67	0.1253E-22
17.72	0.1306E-22
17.78	0.1361E-22
17.84	0.1417E-22
17.90	0.1474E-22
17.96	0.1534E-22
18.03	0.1595E-22
18.09	0.1657E-22
18.15	0.1722E-22
18.22	0.1788E-22
18.29	0.1856E-22
18.36	0.1926E-22
18.42	0.1998E-22
18.50	0.2071E-22
18.57	0.2146E-22
18.64	0.2224E-22
18.71	0.2303E-22
18.79	0.2384E-22
18.87	0.2467E-22
18.95	0.2552E-22
19.02	0.2639E-22
19.11	0.2728E-22
19.19	0.2820E-22
19.27	0.2913E-22
19.36	0.3008E-22
19.44	0.3105E-22
19.53	0.3205E-22
19.62	0.3306E-22
19.71	0.3410E-22
19.81	0.3516E-22
19.90	0.3624E-22
20.00	0.3734E-22
20.09	0.3846E-22
20.20	0.3960E-22
20.30	0.4077E-22
20.40	0.4196E-22
20.50	0.4316E-22
20.61	0.4440E-22
20.72	0.4565E-22
20.83	0.4692E-22
20.94	0.4821E-22
21.06	0.4953E-22
21.17	0.5087E-22
21.29	0.5222E-22
21.41	0.5360E-22
21.54	0.5500E-22
21.66	0.5642E-22
21.79	0.5786E-22
21.92	0.5932E-22
22.05	0.6080E-22
22.18	0.6230E-22
22.32	0.6382E-22
22.46	0.6536E-22
22.60	0.6692E-22
22.74	0.6849E-22
22.89	0.7009E-22
23.03	0.7170E-22
23.18	0.7333E-22
23.34	0.7498E-22
23.49	0.7664E-22
23.65	0.7832E-22
23.82	0.8001E-22
23.98	0.8172E-22
24.15	0.8345E-22
24.32	0.8518E-22
24.49	0.8693E-22
24.67	0.8870E-22
24.84	0.9048E-22
25.03	0.9226E-22
25.21	0.9406E-22
25.40	0.9587E-22
25.59	0.9769E-22
25.79	0.9952E-22
25.99	0.1014E-21
26.19	0.1032E-21
26.40	0.1051E-21
26.61	0.1069E-21
26.82	0.1088E-21
27.04	0.1106E-21
27.26	0.1125E-21
27.48	0.1144E-21
27.71	0.1163E-21
27.94	0.1182E-21
28.18	0.1200E-21
28.42	0.1219E-21
28.66	0.1238E-21
28.91	0.1257E-21
29.16	0.1275E-21
29.42	0.1294E-21
29.68	0.1313E-21
29.95	0.1331E-21
30.22	0.1350E-21
30.50	0.1369E-21
31.07	0.1405E-21
31.65	0.1442E-21
32.26	0.1477E-21
32.89	0.1513E-21
33.54	0.1548E-21
34.21	0.1582E-21
34.91	0.1615E-21
36.00	0.1664E-21
37.15	0.1710E-21
38.36	0.1755E-21
39.64	0.1797E-21
40.98	0.1837E-21
42.88	0.1885E-21
44.92	0.1929E-21
47.68	0.1976E-21
51.31	0.2021E-21
57.53	0.2065E-21
85.58	0.2022E-21
94.73	0.1976E-21
102.0	0.1936E-21
109.9	0.1892E-21
116.7	0.1853E-21
124.0	0.1812E-21
131.9	0.1769E-21
140.3	0.1725E-21
147.0	0.1690E-21
154.0	0.1655E-21
161.4	0.1620E-21
169.3	0.1584E-21
177.5	0.1547E-21
186.2	0.1511E-21
195.3	0.1474E-21
204.9	0.1437E-21
215.1	0.1400E-21
225.7	0.1363E-21
237.0	0.1327E-21
248.8	0.1291E-21
261.3	0.1254E-21
274.4	0.1219E-21
288.2	0.1183E-21
297.8	0.1160E-21
307.8	0.1137E-21
318.1	0.1114E-21
328.8	0.1092E-21
339.8	0.1069E-21
351.3	0.1047E-21
363.1	0.1025E-21
375.4	0.1004E-21
388.1	0.9825E-22
401.2	0.9615E-22
414.8	0.9407E-22
428.9	0.9203E-22
443.4	0.9001E-22
458.5	0.8802E-22
474.1	0.8606E-22
490.3	0.8414E-22
524.3	0.8037E-22
560.8	0.7674E-22
599.8	0.7322E-22
641.7	0.6983E-22
686.6	0.6656E-22
734.6	0.6342E-22
786.2	0.6039E-22
841.4	0.5749E-22
900.5	0.5470E-22
963.9	0.5202E-22
--------------------------------
Extra points added by BOLSIG+:
1253.	0.4192E-22
1629.	0.3371E-22
2118.	0.2705E-22
2753.	0.2167E-22
3579.	0.1734E-22
4652.	0.1385E-22
6048.	0.1105E-22
7863.	0.8800E-23
0.1022E+05	0.7002E-23
 
 
C45 Input cross section
EXCITATION
Ar                                                              
   15.66       1.000    
--------------------------------
15.66	0.000
15.66	0.1155E-29
15.68	0.4093E-26
15.70	0.1734E-25
15.71	0.4016E-25
15.73	0.7294E-25
15.75	0.1161E-24
15.77	0.1702E-24
15.79	0.2355E-24
15.81	0.3125E-24
15.83	0.4018E-24
15.85	0.5037E-24
15.87	0.6189E-24
15.89	0.7478E-24
15.91	0.8909E-24
15.93	0.1049E-23
15.96	0.1222E-23
15.98	0.1411E-23
16.00	0.1617E-23
16.02	0.1840E-23
16.05	0.2080E-23
16.07	0.2339E-23
16.10	0.2617E-23
16.12	0.2914E-23
16.15	0.3232E-23
16.17	0.3571E-23
16.20	0.3931E-23
16.23	0.4314E-23
16.25	0.4721E-23
16.28	0.5151E-23
16.31	0.5606E-23
16.34	0.6086E-23
16.37	0.6593E-23
16.40	0.7127E-23
16.43	0.7688E-23
16.46	0.8279E-23
16.49	0.8899E-23
16.52	0.9550E-23
16.55	0.1023E-22
16.59	0.1095E-22
16.62	0.1170E-22
16.66	0.1248E-22
16.69	0.1330E-22
16.73	0.1415E-22
16.76	0.1504E-22
16.80	0.1597E-22
16.84	0.1694E-22
16.87	0.1795E-22
16.91	0.1900E-22
16.95	0.2009E-22
16.99	0.2123E-22
17.03	0.2241E-22
17.07	0.2364E-22
17.11	0.2491E-22
17.16	0.2623E-22
17.20	0.2761E-22
17.25	0.2903E-22
17.29	0.3050E-22
17.34	0.3203E-22
17.38	0.3361E-22
17.43	0.3524E-22
17.48	0.3693E-22
17.53	0.3868E-22
17.58	0.4049E-22
17.63	0.4236E-22
17.68	0.4429E-22
17.73	0.4628E-22
17.79	0.4833E-22
17.84	0.5045E-22
17.90	0.5264E-22
17.95	0.5489E-22
18.01	0.5721E-22
18.07	0.5960E-22
18.13	0.6206E-22
18.19	0.6460E-22
18.25	0.6721E-22
18.31	0.6989E-22
18.38	0.7265E-22
18.44	0.7548E-22
18.51	0.7840E-22
18.57	0.8139E-22
18.64	0.8446E-22
18.71	0.8762E-22
18.78	0.9085E-22
18.85	0.9418E-22
18.93	0.9758E-22
19.00	0.1011E-21
19.08	0.1047E-21
19.15	0.1083E-21
19.23	0.1121E-21
19.31	0.1159E-21
19.39	0.1198E-21
19.47	0.1239E-21
19.56	0.1280E-21
19.64	0.1322E-21
19.73	0.1365E-21
19.82	0.1409E-21
19.91	0.1454E-21
20.00	0.1500E-21
20.09	0.1546E-21
20.19	0.1594E-21
20.28	0.1643E-21
20.38	0.1692E-21
20.48	0.1743E-21
20.58	0.1795E-21
20.69	0.1847E-21
20.79	0.1901E-21
20.90	0.1955E-21
21.01	0.2011E-21
21.12	0.2067E-21
21.23	0.2125E-21
21.34	0.2183E-21
21.46	0.2242E-21
21.58	0.2303E-21
21.70	0.2364E-21
21.82	0.2426E-21
21.95	0.2489E-21
22.07	0.2553E-21
22.20	0.2618E-21
22.33	0.2684E-21
22.47	0.2751E-21
22.60	0.2819E-21
22.74	0.2887E-21
22.88	0.2957E-21
23.03	0.3027E-21
23.17	0.3098E-21
23.32	0.3170E-21
23.47	0.3243E-21
23.62	0.3316E-21
23.78	0.3390E-21
23.94	0.3465E-21
24.10	0.3541E-21
24.27	0.3617E-21
24.43	0.3694E-21
24.60	0.3772E-21
24.78	0.3851E-21
24.95	0.3929E-21
25.13	0.4009E-21
25.31	0.4089E-21
25.50	0.4170E-21
25.69	0.4251E-21
25.88	0.4333E-21
26.08	0.4415E-21
26.27	0.4497E-21
26.48	0.4580E-21
26.68	0.4663E-21
26.89	0.4747E-21
27.11	0.4831E-21
27.32	0.4914E-21
27.54	0.4999E-21
27.77	0.5083E-21
28.00	0.5168E-21
28.23	0.5252E-21
28.46	0.5337E-21
28.70	0.5422E-21
28.95	0.5507E-21
29.20	0.5592E-21
29.45	0.5676E-21
29.71	0.5761E-21
29.97	0.5845E-21
30.24	0.5930E-21
30.51	0.6013E-21
30.79	0.6097E-21
31.07	0.6181E-21
31.64	0.6346E-21
32.24	0.6510E-21
32.86	0.6672E-21
33.50	0.6832E-21
34.16	0.6989E-21
34.84	0.7143E-21
35.55	0.7294E-21
36.66	0.7513E-21
37.83	0.7724E-21
39.07	0.7925E-21
40.36	0.8115E-21
41.73	0.8294E-21
43.67	0.8514E-21
45.74	0.8711E-21
48.54	0.8924E-21
52.24	0.9129E-21
58.56	0.9327E-21
87.10	0.9135E-21
96.41	0.8927E-21
103.8	0.8748E-21
111.8	0.8547E-21
118.8	0.8373E-21
126.2	0.8188E-21
134.2	0.7995E-21
142.8	0.7793E-21
149.6	0.7638E-21
156.7	0.7480E-21
164.3	0.7319E-21
172.2	0.7156E-21
180.6	0.6992E-21
189.4	0.6826E-21
198.7	0.6660E-21
208.5	0.6494E-21
218.8	0.6327E-21
229.7	0.6161E-21
241.1	0.5996E-21
253.2	0.5832E-21
265.9	0.5669E-21
279.2	0.5508E-21
293.3	0.5349E-21
303.1	0.5244E-21
313.2	0.5140E-21
323.7	0.5036E-21
334.6	0.4934E-21
345.8	0.4833E-21
357.4	0.4733E-21
369.5	0.4635E-21
381.9	0.4537E-21
394.9	0.4441E-21
408.2	0.4346E-21
422.0	0.4252E-21
436.4	0.4159E-21
451.2	0.4068E-21
466.5	0.3978E-21
482.4	0.3890E-21
498.8	0.3803E-21
533.5	0.3633E-21
570.6	0.3469E-21
610.3	0.3310E-21
652.9	0.3157E-21
698.6	0.3009E-21
747.5	0.2867E-21
799.9	0.2730E-21
856.1	0.2599E-21
916.2	0.2473E-21
980.7	0.2352E-21
--------------------------------
Extra points added by BOLSIG+:
1275.	0.1895E-21
1657.	0.1524E-21
2155.	0.1223E-21
2801.	0.9798E-22
3641.	0.7838E-22
4734.	0.6261E-22
6154.	0.4994E-22
8000.	0.3978E-22
0.1040E+05	0.3166E-22
 
 
C46 Input cross section
IONIZATION
Ar                                                              
   15.76    
--------------------------------
15.76	0.000
15.76	0.1290E-23
15.78	0.2246E-22
15.79	0.4532E-22
15.81	0.6857E-22
15.83	0.9223E-22
15.85	0.1163E-21
15.87	0.1408E-21
15.89	0.1657E-21
15.91	0.1911E-21
15.93	0.2168E-21
15.95	0.2431E-21
15.97	0.2698E-21
15.99	0.2969E-21
16.01	0.3243E-21
16.03	0.3517E-21
16.05	0.3797E-21
16.08	0.4081E-21
16.10	0.4371E-21
16.12	0.4665E-21
16.15	0.4964E-21
16.17	0.5269E-21
16.20	0.5579E-21
16.22	0.5894E-21
16.25	0.6215E-21
16.27	0.6542E-21
16.30	0.6874E-21
16.33	0.7212E-21
16.35	0.7556E-21
16.38	0.7906E-21
16.41	0.8262E-21
16.44	0.8624E-21
16.47	0.8992E-21
16.50	0.9367E-21
16.53	0.9782E-21
16.56	0.1021E-20
16.59	0.1064E-20
16.62	0.1108E-20
16.65	0.1153E-20
16.69	0.1198E-20
16.72	0.1245E-20
16.75	0.1292E-20
16.79	0.1340E-20
16.82	0.1389E-20
16.86	0.1438E-20
16.90	0.1489E-20
16.93	0.1540E-20
16.97	0.1592E-20
17.01	0.1646E-20
17.05	0.1703E-20
17.09	0.1760E-20
17.13	0.1819E-20
17.17	0.1878E-20
17.21	0.1939E-20
17.26	0.2000E-20
17.30	0.2063E-20
17.34	0.2127E-20
17.39	0.2191E-20
17.44	0.2257E-20
17.48	0.2325E-20
17.53	0.2395E-20
17.58	0.2467E-20
17.63	0.2541E-20
17.68	0.2616E-20
17.73	0.2692E-20
17.78	0.2769E-20
17.83	0.2848E-20
17.89	0.2928E-20
17.94	0.3010E-20
18.00	0.3093E-20
18.05	0.3179E-20
18.11	0.3266E-20
18.17	0.3355E-20
18.23	0.3445E-20
18.29	0.3537E-20
18.35	0.3630E-20
18.41	0.3725E-20
18.48	0.3822E-20
18.54	0.3923E-20
18.61	0.4027E-20
18.67	0.4133E-20
18.74	0.4240E-20
18.81	0.4350E-20
18.88	0.4461E-20
18.95	0.4575E-20
19.02	0.4691E-20
19.10	0.4812E-20
19.18	0.4934E-20
19.25	0.5059E-20
19.33	0.5185E-20
19.41	0.5314E-20
19.49	0.5446E-20
19.57	0.5579E-20
19.66	0.5715E-20
19.74	0.5853E-20
19.83	0.5994E-20
19.92	0.6137E-20
20.01	0.6283E-20
20.10	0.6441E-20
20.19	0.6600E-20
20.29	0.6763E-20
20.38	0.6929E-20
20.48	0.7097E-20
20.58	0.7249E-20
20.68	0.7399E-20
20.79	0.7552E-20
20.89	0.7707E-20
21.00	0.7866E-20
21.11	0.8020E-20
21.22	0.8177E-20
21.33	0.8337E-20
21.44	0.8499E-20
21.56	0.8669E-20
21.68	0.8847E-20
21.80	0.9028E-20
21.92	0.9212E-20
22.05	0.9386E-20
22.17	0.9541E-20
22.30	0.9698E-20
22.43	0.9859E-20
22.57	0.1003E-19
22.70	0.1021E-19
22.84	0.1039E-19
22.98	0.1058E-19
23.12	0.1075E-19
23.27	0.1093E-19
23.42	0.1110E-19
23.57	0.1128E-19
23.72	0.1147E-19
23.88	0.1166E-19
24.04	0.1185E-19
24.20	0.1204E-19
24.36	0.1224E-19
24.53	0.1244E-19
24.70	0.1264E-19
24.88	0.1285E-19
25.05	0.1305E-19
25.23	0.1323E-19
25.41	0.1341E-19
25.60	0.1362E-19
25.79	0.1384E-19
25.98	0.1408E-19
26.18	0.1427E-19
26.37	0.1446E-19
26.58	0.1465E-19
26.78	0.1484E-19
26.99	0.1504E-19
27.20	0.1525E-19
27.42	0.1545E-19
27.64	0.1566E-19
27.87	0.1587E-19
28.09	0.1609E-19
28.33	0.1633E-19
28.56	0.1656E-19
28.80	0.1680E-19
29.05	0.1705E-19
29.30	0.1730E-19
29.55	0.1755E-19
29.81	0.1781E-19
30.07	0.1806E-19
30.34	0.1827E-19
30.61	0.1849E-19
30.89	0.1871E-19
31.17	0.1893E-19
31.45	0.1916E-19
32.04	0.1963E-19
32.65	0.2008E-19
33.27	0.2055E-19
33.92	0.2104E-19
34.60	0.2149E-19
35.30	0.2194E-19
36.02	0.2241E-19
37.15	0.2292E-19
38.34	0.2340E-19
40.02	0.2390E-19
42.78	0.2446E-19
45.84	0.2497E-19
51.70	0.2554E-19
55.73	0.2609E-19
60.21	0.2663E-19
64.31	0.2720E-19
70.67	0.2777E-19
78.95	0.2836E-19
126.3	0.2778E-19
142.8	0.2716E-19
154.4	0.2654E-19
164.4	0.2598E-19
175.1	0.2545E-19
186.6	0.2477E-19
195.7	0.2418E-19
205.3	0.2367E-19
218.9	0.2307E-19
229.8	0.2259E-19
241.2	0.2209E-19
253.3	0.2157E-19
265.9	0.2106E-19
279.3	0.2053E-19
293.4	0.1996E-19
308.2	0.1942E-19
323.8	0.1889E-19
340.2	0.1833E-19
351.7	0.1796E-19
369.6	0.1749E-19
388.4	0.1700E-19
401.6	0.1666E-19
415.2	0.1631E-19
429.2	0.1594E-19
443.8	0.1556E-19
458.9	0.1522E-19
474.5	0.1491E-19
490.6	0.1459E-19
524.7	0.1401E-19
561.1	0.1342E-19
600.2	0.1280E-19
642.1	0.1225E-19
687.0	0.1167E-19
735.0	0.1112E-19
786.5	0.1055E-19
841.8	0.1011E-19
900.9	0.9704E-20
964.3	0.9241E-20
--------------------------------
Extra points added by BOLSIG+:
1254.	0.7447E-20
1630.	0.5990E-20
2119.	0.4808E-20
2754.	0.3853E-20
3580.	0.3082E-20
4654.	0.2462E-20
6051.	0.1964E-20
7866.	0.1565E-20
0.1023E+05	0.1246E-20
 
 
R1  
------------------------------------------------------------
Electric field / N (Td)                    6.000    
Angular frequency / N (m3/s)              0.4724E-12
Cosine of E-B field angle                  0.000    
Gas temperature (K)                        300.0    
Excitation temperature (K)                 300.0    
Transition energy (eV)                     0.000    
Ionization degree                          0.000    
Plasma density (1/m3)                     0.1000E+19
Ion charge parameter                       1.000    
Ion/neutral mass ratio                     1.000    
Coulomb collision model                    1.000    
Energy sharing                             0.000    
Growth model                               1.000    
Maxwellian mean energy (eV)                0.000    
# of grid points                           500.0    
Grid type                                  1.000    
Maximum energy                             30.00    
Precision                                 0.1000E-24
Convergence                               0.1000E-03
Maximum # of iterations                   0.2000E+05
Mole fraction Ar                           1.000    
------------------------------------------------------------
Mean energy (eV)                           1.077    
Mobility *N (1/m/V/s)                     0.3414E+26
Re/perp mobility *N (1/m/V/s)             0.1766E+23
Im/Hall mobility *N (1/m/V/s)            -0.3707E+24
Diffusion coefficient *N (1/m/s)          0.2461E+26
Energy mobility *N (1/m/V/s)              0.2100E+26
Energy diffusion coef. *N (1/m/s)         0.1510E+26
Total collision freq. /N (m3/s)           0.1104E-13
Momentum frequency /N (m3/s)              0.2246E-13
Total ionization freq. /N (m3/s)          0.7973E-40
Power /N (eV m3/s)                        0.6359E-18
Elastic power loss /N (eV m3/s)           0.6358E-18
Inelastic power loss /N (eV m3/s)         0.3871E-22
Growth power /N (eV m3/s)                 0.8588E-40
Maximum energy                             19.04    
# of iterations                            10.00    
# of grid trials                           2.000    
------------------------------------------------------------
Rate coefficients (m3/s)
C1    Ar    Elastic                       0.1104E-13
C2    Ar    Excitation    11.55 eV        0.1454E-23
C3    Ar    Excitation    11.62 eV        0.1185E-23
C4    Ar    Excitation    11.72 eV        0.1598E-24
C5    Ar    Excitation    11.83 eV        0.5305E-24
C6    Ar    Excitation    12.91 eV        0.3102E-27
C7    Ar    Excitation    13.08 eV        0.1199E-28
C8    Ar    Excitation    13.10 eV        0.7425E-29
C9    Ar    Excitation    13.15 eV        0.2797E-29
C10   Ar    Excitation    13.17 eV        0.4509E-29
C11   Ar    Excitation    13.27 eV        0.6274E-30
C12   Ar    Excitation    13.28 eV        0.1183E-29
C13   Ar    Excitation    13.30 eV        0.9105E-30
C14   Ar    Excitation    13.33 eV        0.1007E-29
C15   Ar    Excitation    13.48 eV        0.5963E-30
C16   Ar    Excitation    13.85 eV        0.3354E-31
C17   Ar    Excitation    13.86 eV        0.1205E-30
C18   Ar    Excitation    13.90 eV        0.4474E-31
C19   Ar    Excitation    13.98 eV        0.3090E-31
C20   Ar    Excitation    14.01 eV        0.6745E-32
C21   Ar    Excitation    14.06 eV        0.4171E-32
C22   Ar    Excitation    14.07 eV        0.3993E-32
C23   Ar    Excitation    14.09 eV        0.3945E-34
C24   Ar    Excitation    14.10 eV        0.4059E-33
C25   Ar    Excitation    14.15 eV        0.5837E-34
C26   Ar    Excitation    14.21 eV        0.1456E-32
C27   Ar    Excitation    14.23 eV        0.8355E-33
C28   Ar    Excitation    14.24 eV        0.1790E-33
C29   Ar    Excitation    14.24 eV        0.1711E-33
C30   Ar    Excitation    14.26 eV        0.2870E-35
C31   Ar    Excitation    14.30 eV        0.1394E-34
C32   Ar    Excitation    14.71 eV        0.2373E-38
C33   Ar    Excitation    14.85 eV        0.3228E-38
C34   Ar    Excitation    14.86 eV        0.9434E-38
C35   Ar    Excitation    15.00 eV        0.6298E-39
C36   Ar    Excitation    15.02 eV        0.5242E-39
C37   Ar    Excitation    15.12 eV        0.2762E-40
C38   Ar    Excitation    15.19 eV        0.1160E-39
C39   Ar    Excitation    15.19 eV        0.1099E-39
C40   Ar    Excitation    15.31 eV        0.3925E-42
C41   Ar    Excitation    15.35 eV        0.1482E-42
C42   Ar    Excitation    15.36 eV        0.1900E-42
C43   Ar    Excitation    15.37 eV        0.3073E-41
C44   Ar    Excitation    15.37 eV        0.6141E-41
C45   Ar    Excitation    15.66 eV        0.5085E-42
C46   Ar    Ionization    15.76 eV        0.7973E-40
------------------------------------------------------------
Energy (eV) EEDF (eV-3/2) Anisotropy
  0.1904E-01	  0.1798E+01	  0.1064E-04
  0.5713E-01	  0.1706E+01	  0.9876E-05
  0.9522E-01	  0.1618E+01	  0.8351E-05
  0.1333E+00	  0.1534E+01	  0.5935E-05
  0.1714E+00	  0.1455E+01	  0.4022E-05
  0.2095E+00	  0.1380E+01	  0.3117E-05
  0.2476E+00	  0.1309E+01	  0.3388E-05
  0.2857E+00	  0.1242E+01	  0.4821E-05
  0.3237E+00	  0.1178E+01	  0.7345E-05
  0.3618E+00	  0.1117E+01	  0.1091E-04
  0.3999E+00	  0.1060E+01	  0.1543E-04
  0.4380E+00	  0.1005E+01	  0.2082E-04
  0.4761E+00	  0.9536E+00	  0.2702E-04
  0.5142E+00	  0.9045E+00	  0.3396E-04
  0.5523E+00	  0.8580E+00	  0.4160E-04
  0.5904E+00	  0.8139E+00	  0.4991E-04
  0.6285E+00	  0.7720E+00	  0.5886E-04
  0.6665E+00	  0.7323E+00	  0.6845E-04
  0.7046E+00	  0.6946E+00	  0.7868E-04
  0.7427E+00	  0.6589E+00	  0.8956E-04
  0.7808E+00	  0.6250E+00	  0.1011E-03
  0.8189E+00	  0.5928E+00	  0.1134E-03
  0.8570E+00	  0.5623E+00	  0.1263E-03
  0.8951E+00	  0.5334E+00	  0.1401E-03
  0.9332E+00	  0.5060E+00	  0.1547E-03
  0.9712E+00	  0.4799E+00	  0.1702E-03
  0.1009E+01	  0.4553E+00	  0.1854E-03
  0.1047E+01	  0.4318E+00	  0.1998E-03
  0.1086E+01	  0.4096E+00	  0.2144E-03
  0.1124E+01	  0.3885E+00	  0.2294E-03
  0.1162E+01	  0.3685E+00	  0.2450E-03
  0.1200E+01	  0.3496E+00	  0.2610E-03
  0.1238E+01	  0.3316E+00	  0.2774E-03
  0.1276E+01	  0.3145E+00	  0.2942E-03
  0.1314E+01	  0.2983E+00	  0.3115E-03
  0.1352E+01	  0.2830E+00	  0.3293E-03
  0.1390E+01	  0.2684E+00	  0.3477E-03
  0.1428E+01	  0.2546E+00	  0.3665E-03
  0.1466E+01	  0.2415E+00	  0.3857E-03
  0.1504E+01	  0.2291E+00	  0.4058E-03
  0.1543E+01	  0.2173E+00	  0.4267E-03
  0.1581E+01	  0.2061E+00	  0.4483E-03
  0.1619E+01	  0.1955E+00	  0.4704E-03
  0.1657E+01	  0.1854E+00	  0.4930E-03
  0.1695E+01	  0.1759E+00	  0.5159E-03
  0.1733E+01	  0.1668E+00	  0.5386E-03
  0.1771E+01	  0.1582E+00	  0.5615E-03
  0.1809E+01	  0.1501E+00	  0.5847E-03
  0.1847E+01	  0.1423E+00	  0.6084E-03
  0.1885E+01	  0.1350E+00	  0.6325E-03
  0.1923E+01	  0.1280E+00	  0.6572E-03
  0.1962E+01	  0.1214E+00	  0.6824E-03
  0.2000E+01	  0.1152E+00	  0.7085E-03
  0.2038E+01	  0.1092E+00	  0.7361E-03
  0.2076E+01	  0.1036E+00	  0.7650E-03
  0.2114E+01	  0.9826E-01	  0.7945E-03
  0.2152E+01	  0.9320E-01	  0.8245E-03
  0.2190E+01	  0.8839E-01	  0.8551E-03
  0.2228E+01	  0.8383E-01	  0.8862E-03
  0.2266E+01	  0.7950E-01	  0.9178E-03
  0.2304E+01	  0.7540E-01	  0.9501E-03
  0.2342E+01	  0.7151E-01	  0.9828E-03
  0.2381E+01	  0.6782E-01	  0.1016E-02
  0.2419E+01	  0.6432E-01	  0.1050E-02
  0.2457E+01	  0.6099E-01	  0.1085E-02
  0.2495E+01	  0.5784E-01	  0.1120E-02
  0.2533E+01	  0.5486E-01	  0.1156E-02
  0.2571E+01	  0.5202E-01	  0.1193E-02
  0.2609E+01	  0.4933E-01	  0.1231E-02
  0.2647E+01	  0.4678E-01	  0.1269E-02
  0.2685E+01	  0.4436E-01	  0.1308E-02
  0.2723E+01	  0.4207E-01	  0.1347E-02
  0.2761E+01	  0.3989E-01	  0.1388E-02
  0.2799E+01	  0.3783E-01	  0.1428E-02
  0.2838E+01	  0.3587E-01	  0.1470E-02
  0.2876E+01	  0.3401E-01	  0.1511E-02
  0.2914E+01	  0.3225E-01	  0.1554E-02
  0.2952E+01	  0.3058E-01	  0.1597E-02
  0.2990E+01	  0.2899E-01	  0.1640E-02
  0.3028E+01	  0.2749E-01	  0.1684E-02
  0.3066E+01	  0.2607E-01	  0.1728E-02
  0.3104E+01	  0.2471E-01	  0.1773E-02
  0.3142E+01	  0.2343E-01	  0.1818E-02
  0.3180E+01	  0.2222E-01	  0.1864E-02
  0.3218E+01	  0.2106E-01	  0.1910E-02
  0.3257E+01	  0.1997E-01	  0.1957E-02
  0.3295E+01	  0.1893E-01	  0.2005E-02
  0.3333E+01	  0.1795E-01	  0.2053E-02
  0.3371E+01	  0.1701E-01	  0.2102E-02
  0.3409E+01	  0.1613E-01	  0.2151E-02
  0.3447E+01	  0.1529E-01	  0.2201E-02
  0.3485E+01	  0.1449E-01	  0.2251E-02
  0.3523E+01	  0.1374E-01	  0.2302E-02
  0.3561E+01	  0.1302E-01	  0.2354E-02
  0.3599E+01	  0.1234E-01	  0.2406E-02
  0.3637E+01	  0.1170E-01	  0.2458E-02
  0.3675E+01	  0.1109E-01	  0.2512E-02
  0.3714E+01	  0.1051E-01	  0.2566E-02
  0.3752E+01	  0.9960E-02	  0.2620E-02
  0.3790E+01	  0.9440E-02	  0.2675E-02
  0.3828E+01	  0.8946E-02	  0.2730E-02
  0.3866E+01	  0.8478E-02	  0.2786E-02
  0.3904E+01	  0.8035E-02	  0.2843E-02
  0.3942E+01	  0.7614E-02	  0.2900E-02
  0.3980E+01	  0.7215E-02	  0.2959E-02
  0.4018E+01	  0.6837E-02	  0.3022E-02
  0.4056E+01	  0.6478E-02	  0.3088E-02
  0.4094E+01	  0.6138E-02	  0.3155E-02
  0.4133E+01	  0.5816E-02	  0.3223E-02
  0.4171E+01	  0.5510E-02	  0.3293E-02
  0.4209E+01	  0.5220E-02	  0.3362E-02
  0.4247E+01	  0.4945E-02	  0.3433E-02
  0.4285E+01	  0.4685E-02	  0.3504E-02
  0.4323E+01	  0.4438E-02	  0.3576E-02
  0.4361E+01	  0.4203E-02	  0.3649E-02
  0.4399E+01	  0.3981E-02	  0.3723E-02
  0.4437E+01	  0.3771E-02	  0.3797E-02
  0.4475E+01	  0.3572E-02	  0.3872E-02
  0.4513E+01	  0.3382E-02	  0.3947E-02
  0.4552E+01	  0.3203E-02	  0.4024E-02
  0.4590E+01	  0.3033E-02	  0.4101E-02
  0.4628E+01	  0.2872E-02	  0.4179E-02
  0.4666E+01	  0.2720E-02	  0.4257E-02
  0.4704E+01	  0.2575E-02	  0.4336E-02
  0.4742E+01	  0.2438E-02	  0.4416E-02
  0.4780E+01	  0.2308E-02	  0.4497E-02
  0.4818E+01	  0.2185E-02	  0.4578E-02
  0.4856E+01	  0.2068E-02	  0.4660E-02
  0.4894E+01	  0.1958E-02	  0.4743E-02
  0.4932E+01	  0.1853E-02	  0.4827E-02
  0.4970E+01	  0.1754E-02	  0.4911E-02
  0.5009E+01	  0.1660E-02	  0.4997E-02
  0.5047E+01	  0.1571E-02	  0.5084E-02
  0.5085E+01	  0.1486E-02	  0.5173E-02
  0.5123E+01	  0.1406E-02	  0.5263E-02
  0.5161E+01	  0.1331E-02	  0.5353E-02
  0.5199E+01	  0.1259E-02	  0.5444E-02
  0.5237E+01	  0.1191E-02	  0.5536E-02
  0.5275E+01	  0.1126E-02	  0.5629E-02
  0.5313E+01	  0.1066E-02	  0.5722E-02
  0.5351E+01	  0.1008E-02	  0.5816E-02
  0.5389E+01	  0.9531E-03	  0.5911E-02
  0.5428E+01	  0.9013E-03	  0.6007E-02
  0.5466E+01	  0.8522E-03	  0.6103E-02
  0.5504E+01	  0.8058E-03	  0.6200E-02
  0.5542E+01	  0.7618E-03	  0.6298E-02
  0.5580E+01	  0.7202E-03	  0.6396E-02
  0.5618E+01	  0.6808E-03	  0.6496E-02
  0.5656E+01	  0.6435E-03	  0.6596E-02
  0.5694E+01	  0.6081E-03	  0.6697E-02
  0.5732E+01	  0.5747E-03	  0.6798E-02
  0.5770E+01	  0.5431E-03	  0.6900E-02
  0.5808E+01	  0.5131E-03	  0.7003E-02
  0.5847E+01	  0.4848E-03	  0.7107E-02
  0.5885E+01	  0.4580E-03	  0.7212E-02
  0.5923E+01	  0.4326E-03	  0.7317E-02
  0.5961E+01	  0.4086E-03	  0.7422E-02
  0.5999E+01	  0.3859E-03	  0.7528E-02
  0.6037E+01	  0.3644E-03	  0.7634E-02
  0.6075E+01	  0.3441E-03	  0.7740E-02
  0.6113E+01	  0.3249E-03	  0.7846E-02
  0.6151E+01	  0.3067E-03	  0.7952E-02
  0.6189E+01	  0.2895E-03	  0.8059E-02
  0.6227E+01	  0.2733E-03	  0.8168E-02
  0.6265E+01	  0.2579E-03	  0.8276E-02
  0.6304E+01	  0.2434E-03	  0.8386E-02
  0.6342E+01	  0.2296E-03	  0.8496E-02
  0.6380E+01	  0.2166E-03	  0.8607E-02
  0.6418E+01	  0.2044E-03	  0.8718E-02
  0.6456E+01	  0.1928E-03	  0.8830E-02
  0.6494E+01	  0.1818E-03	  0.8943E-02
  0.6532E+01	  0.1715E-03	  0.9057E-02
  0.6570E+01	  0.1617E-03	  0.9171E-02
  0.6608E+01	  0.1524E-03	  0.9286E-02
  0.6646E+01	  0.1437E-03	  0.9402E-02
  0.6684E+01	  0.1355E-03	  0.9518E-02
  0.6723E+01	  0.1277E-03	  0.9635E-02
  0.6761E+01	  0.1203E-03	  0.9753E-02
  0.6799E+01	  0.1134E-03	  0.9872E-02
  0.6837E+01	  0.1068E-03	  0.9991E-02
  0.6875E+01	  0.1006E-03	  0.1011E-01
  0.6913E+01	  0.9477E-04	  0.1023E-01
  0.6951E+01	  0.8925E-04	  0.1035E-01
  0.6989E+01	  0.8404E-04	  0.1047E-01
  0.7027E+01	  0.7913E-04	  0.1058E-01
  0.7065E+01	  0.7449E-04	  0.1070E-01
  0.7103E+01	  0.7012E-04	  0.1082E-01
  0.7142E+01	  0.6600E-04	  0.1093E-01
  0.7180E+01	  0.6211E-04	  0.1105E-01
  0.7218E+01	  0.5844E-04	  0.1116E-01
  0.7256E+01	  0.5498E-04	  0.1128E-01
  0.7294E+01	  0.5172E-04	  0.1139E-01
  0.7332E+01	  0.4865E-04	  0.1151E-01
  0.7370E+01	  0.4575E-04	  0.1163E-01
  0.7408E+01	  0.4302E-04	  0.1175E-01
  0.7446E+01	  0.4045E-04	  0.1187E-01
  0.7484E+01	  0.3803E-04	  0.1198E-01
  0.7522E+01	  0.3575E-04	  0.1210E-01
  0.7560E+01	  0.3360E-04	  0.1223E-01
  0.7599E+01	  0.3157E-04	  0.1235E-01
  0.7637E+01	  0.2966E-04	  0.1247E-01
  0.7675E+01	  0.2787E-04	  0.1259E-01
  0.7713E+01	  0.2617E-04	  0.1271E-01
  0.7751E+01	  0.2458E-04	  0.1284E-01
  0.7789E+01	  0.2308E-04	  0.1296E-01
  0.7827E+01	  0.2167E-04	  0.1309E-01
  0.7865E+01	  0.2034E-04	  0.1321E-01
  0.7903E+01	  0.1910E-04	  0.1334E-01
  0.7941E+01	  0.1792E-04	  0.1347E-01
  0.7979E+01	  0.1682E-04	  0.1359E-01
  0.8018E+01	  0.1578E-04	  0.1372E-01
  0.8056E+01	  0.1480E-04	  0.1385E-01
  0.8094E+01	  0.1388E-04	  0.1398E-01
  0.8132E+01	  0.1301E-04	  0.1411E-01
  0.8170E+01	  0.1220E-04	  0.1424E-01
  0.8208E+01	  0.1144E-04	  0.1437E-01
  0.8246E+01	  0.1072E-04	  0.1451E-01
  0.8284E+01	  0.1005E-04	  0.1464E-01
  0.8322E+01	  0.9412E-05	  0.1477E-01
  0.8360E+01	  0.8817E-05	  0.1491E-01
  0.8398E+01	  0.8258E-05	  0.1504E-01
  0.8436E+01	  0.7733E-05	  0.1518E-01
  0.8475E+01	  0.7240E-05	  0.1531E-01
  0.8513E+01	  0.6778E-05	  0.1545E-01
  0.8551E+01	  0.6344E-05	  0.1559E-01
  0.8589E+01	  0.5936E-05	  0.1573E-01
  0.8627E+01	  0.5554E-05	  0.1586E-01
  0.8665E+01	  0.5195E-05	  0.1601E-01
  0.8703E+01	  0.4858E-05	  0.1615E-01
  0.8741E+01	  0.4543E-05	  0.1629E-01
  0.8779E+01	  0.4247E-05	  0.1643E-01
  0.8817E+01	  0.3970E-05	  0.1657E-01
  0.8855E+01	  0.3709E-05	  0.1672E-01
  0.8894E+01	  0.3466E-05	  0.1686E-01
  0.8932E+01	  0.3237E-05	  0.1701E-01
  0.8970E+01	  0.3023E-05	  0.1715E-01
  0.9008E+01	  0.2823E-05	  0.1730E-01
  0.9046E+01	  0.2635E-05	  0.1744E-01
  0.9084E+01	  0.2460E-05	  0.1759E-01
  0.9122E+01	  0.2295E-05	  0.1774E-01
  0.9160E+01	  0.2141E-05	  0.1789E-01
  0.9198E+01	  0.1997E-05	  0.1803E-01
  0.9236E+01	  0.1862E-05	  0.1819E-01
  0.9274E+01	  0.1736E-05	  0.1834E-01
  0.9313E+01	  0.1618E-05	  0.1849E-01
  0.9351E+01	  0.1508E-05	  0.1864E-01
  0.9389E+01	  0.1405E-05	  0.1880E-01
  0.9427E+01	  0.1308E-05	  0.1896E-01
  0.9465E+01	  0.1218E-05	  0.1911E-01
  0.9503E+01	  0.1134E-05	  0.1927E-01
  0.9541E+01	  0.1056E-05	  0.1944E-01
  0.9579E+01	  0.9821E-06	  0.1960E-01
  0.9617E+01	  0.9135E-06	  0.1976E-01
  0.9655E+01	  0.8495E-06	  0.1993E-01
  0.9693E+01	  0.7897E-06	  0.2010E-01
  0.9731E+01	  0.7340E-06	  0.2027E-01
  0.9770E+01	  0.6820E-06	  0.2044E-01
  0.9808E+01	  0.6334E-06	  0.2061E-01
  0.9846E+01	  0.5882E-06	  0.2079E-01
  0.9884E+01	  0.5460E-06	  0.2097E-01
  0.9922E+01	  0.5066E-06	  0.2115E-01
  0.9960E+01	  0.4700E-06	  0.2133E-01
  0.9998E+01	  0.4358E-06	  0.2152E-01
  0.1004E+02	  0.4040E-06	  0.2170E-01
  0.1007E+02	  0.3744E-06	  0.2187E-01
  0.1011E+02	  0.3468E-06	  0.2203E-01
  0.1015E+02	  0.3212E-06	  0.2219E-01
  0.1019E+02	  0.2974E-06	  0.2236E-01
  0.1023E+02	  0.2752E-06	  0.2254E-01
  0.1026E+02	  0.2546E-06	  0.2272E-01
  0.1030E+02	  0.2354E-06	  0.2291E-01
  0.1034E+02	  0.2176E-06	  0.2310E-01
  0.1038E+02	  0.2011E-06	  0.2330E-01
  0.1042E+02	  0.1857E-06	  0.2351E-01
  0.1046E+02	  0.1714E-06	  0.2373E-01
  0.1049E+02	  0.1582E-06	  0.2396E-01
  0.1053E+02	  0.1459E-06	  0.2420E-01
  0.1057E+02	  0.1344E-06	  0.2445E-01
  0.1061E+02	  0.1238E-06	  0.2471E-01
  0.1065E+02	  0.1140E-06	  0.2496E-01
  0.1068E+02	  0.1048E-06	  0.2522E-01
  0.1072E+02	  0.9638E-07	  0.2549E-01
  0.1076E+02	  0.8853E-07	  0.2577E-01
  0.1080E+02	  0.8126E-07	  0.2608E-01
  0.1084E+02	  0.7452E-07	  0.2642E-01
  0.1087E+02	  0.6827E-07	  0.2678E-01
  0.1091E+02	  0.6249E-07	  0.2717E-01
  0.1095E+02	  0.5713E-07	  0.2759E-01
  0.1099E+02	  0.5216E-07	  0.2805E-01
  0.1103E+02	  0.4756E-07	  0.2855E-01
  0.1106E+02	  0.4330E-07	  0.2910E-01
  0.1110E+02	  0.3936E-07	  0.2970E-01
  0.1114E+02	  0.3571E-07	  0.3037E-01
  0.1118E+02	  0.3233E-07	  0.3112E-01
  0.1122E+02	  0.2921E-07	  0.3195E-01
  0.1126E+02	  0.2631E-07	  0.3288E-01
  0.1129E+02	  0.2363E-07	  0.3393E-01
  0.1133E+02	  0.2116E-07	  0.3513E-01
  0.1137E+02	  0.1887E-07	  0.3651E-01
  0.1141E+02	  0.1675E-07	  0.3810E-01
  0.1145E+02	  0.1479E-07	  0.3996E-01
  0.1148E+02	  0.1298E-07	  0.4216E-01
  0.1152E+02	  0.1131E-07	  0.4480E-01
  0.1156E+02	  0.9769E-08	  0.4788E-01
  0.1160E+02	  0.8352E-08	  0.5107E-01
  0.1164E+02	  0.7074E-08	  0.5372E-01
  0.1167E+02	  0.5956E-08	  0.5525E-01
  0.1171E+02	  0.5004E-08	  0.5631E-01
  0.1175E+02	  0.4187E-08	  0.5801E-01
  0.1179E+02	  0.3483E-08	  0.6001E-01
  0.1183E+02	  0.2880E-08	  0.6153E-01
  0.1186E+02	  0.2377E-08	  0.6146E-01
  0.1190E+02	  0.1971E-08	  0.6063E-01
  0.1194E+02	  0.1635E-08	  0.6099E-01
  0.1198E+02	  0.1353E-08	  0.6189E-01
  0.1202E+02	  0.1116E-08	  0.6307E-01
  0.1205E+02	  0.9180E-09	  0.6441E-01
  0.1209E+02	  0.7519E-09	  0.6591E-01
  0.1213E+02	  0.6131E-09	  0.6754E-01
  0.1217E+02	  0.4976E-09	  0.6928E-01
  0.1221E+02	  0.4018E-09	  0.7109E-01
  0.1225E+02	  0.3229E-09	  0.7292E-01
  0.1228E+02	  0.2581E-09	  0.7465E-01
  0.1232E+02	  0.2055E-09	  0.7628E-01
  0.1236E+02	  0.1629E-09	  0.7789E-01
  0.1240E+02	  0.1285E-09	  0.7955E-01
  0.1244E+02	  0.1009E-09	  0.8123E-01
  0.1247E+02	  0.7894E-10	  0.8285E-01
  0.1251E+02	  0.6149E-10	  0.8437E-01
  0.1255E+02	  0.4771E-10	  0.8576E-01
  0.1259E+02	  0.3690E-10	  0.8694E-01
  0.1263E+02	  0.2846E-10	  0.8789E-01
  0.1266E+02	  0.2191E-10	  0.8865E-01
  0.1270E+02	  0.1685E-10	  0.8921E-01
  0.1274E+02	  0.1294E-10	  0.8956E-01
  0.1278E+02	  0.9935E-11	  0.8975E-01
  0.1282E+02	  0.7630E-11	  0.8979E-01
  0.1285E+02	  0.5862E-11	  0.8994E-01
  0.1289E+02	  0.4499E-11	  0.9065E-01
  0.1293E+02	  0.3443E-11	  0.9187E-01
  0.1297E+02	  0.2626E-11	  0.9384E-01
  0.1301E+02	  0.1986E-11	  0.9654E-01
  0.1305E+02	  0.1495E-11	  0.9585E-01
  0.1308E+02	  0.1142E-11	  0.9122E-01
  0.1312E+02	  0.8815E-12	  0.8907E-01
  0.1316E+02	  0.6803E-12	  0.8932E-01
  0.1320E+02	  0.5246E-12	  0.8882E-01
  0.1324E+02	  0.4070E-12	  0.8716E-01
  0.1327E+02	  0.3168E-12	  0.8653E-01
  0.1331E+02	  0.2466E-12	  0.8694E-01
  0.1335E+02	  0.1915E-12	  0.8828E-01
  0.1339E+02	  0.1480E-12	  0.9023E-01
  0.1343E+02	  0.1137E-12	  0.9237E-01
  0.1346E+02	  0.8684E-13	  0.9421E-01
  0.1350E+02	  0.6610E-13	  0.9565E-01
  0.1354E+02	  0.5013E-13	  0.9720E-01
  0.1358E+02	  0.3785E-13	  0.9880E-01
  0.1362E+02	  0.2847E-13	  0.1004E+00
  0.1365E+02	  0.2133E-13	  0.1019E+00
  0.1369E+02	  0.1591E-13	  0.1035E+00
  0.1373E+02	  0.1182E-13	  0.1052E+00
  0.1377E+02	  0.8748E-14	  0.1069E+00
  0.1381E+02	  0.6443E-14	  0.1087E+00
  0.1384E+02	  0.4723E-14	  0.1107E+00
  0.1388E+02	  0.3443E-14	  0.1128E+00
  0.1392E+02	  0.2496E-14	  0.1151E+00
  0.1396E+02	  0.1799E-14	  0.1173E+00
  0.1400E+02	  0.1289E-14	  0.1196E+00
  0.1404E+02	  0.9186E-15	  0.1218E+00
  0.1407E+02	  0.6509E-15	  0.1241E+00
  0.1411E+02	  0.4587E-15	  0.1263E+00
  0.1415E+02	  0.3214E-15	  0.1286E+00
  0.1419E+02	  0.2239E-15	  0.1308E+00
  0.1423E+02	  0.1552E-15	  0.1331E+00
  0.1426E+02	  0.1069E-15	  0.1354E+00
  0.1430E+02	  0.7322E-16	  0.1377E+00
  0.1434E+02	  0.4987E-16	  0.1400E+00
  0.1438E+02	  0.3379E-16	  0.1423E+00
  0.1442E+02	  0.2276E-16	  0.1445E+00
  0.1445E+02	  0.1526E-16	  0.1467E+00
  0.1449E+02	  0.1017E-16	  0.1488E+00
  0.1453E+02	  0.6747E-17	  0.1510E+00
  0.1457E+02	  0.4452E-17	  0.1531E+00
  0.1461E+02	  0.2924E-17	  0.1552E+00
  0.1464E+02	  0.1910E-17	  0.1573E+00
  0.1468E+02	  0.1242E-17	  0.1594E+00
  0.1472E+02	  0.8038E-18	  0.1614E+00
  0.1476E+02	  0.5177E-18	  0.1635E+00
  0.1480E+02	  0.3319E-18	  0.1655E+00
  0.1484E+02	  0.2118E-18	  0.1675E+00
  0.1487E+02	  0.1346E-18	  0.1695E+00
  0.1491E+02	  0.8510E-19	  0.1714E+00
  0.1495E+02	  0.5359E-19	  0.1732E+00
  0.1499E+02	  0.3362E-19	  0.1750E+00
  0.1503E+02	  0.2101E-19	  0.1765E+00
  0.1506E+02	  0.1309E-19	  0.1780E+00
  0.1510E+02	  0.8132E-20	  0.1795E+00
  0.1514E+02	  0.5034E-20	  0.1809E+00
  0.1518E+02	  0.3107E-20	  0.1824E+00
  0.1522E+02	  0.1912E-20	  0.1838E+00
  0.1525E+02	  0.1173E-20	  0.1853E+00
  0.1529E+02	  0.7171E-21	  0.1867E+00
  0.1533E+02	  0.4372E-21	  0.1881E+00
  0.1537E+02	  0.2657E-21	  0.1896E+00
  0.1541E+02	  0.1610E-21	  0.1910E+00
  0.1544E+02	  0.9730E-22	  0.1924E+00
  0.1548E+02	  0.5861E-22	  0.1938E+00
  0.1552E+02	  0.3520E-22	  0.1952E+00
  0.1556E+02	  0.2108E-22	  0.1966E+00
  0.1560E+02	  0.1259E-22	  0.1980E+00
  0.1564E+02	  0.7494E-23	  0.1995E+00
  0.1567E+02	  0.4448E-23	  0.2009E+00
  0.1571E+02	  0.2632E-23	  0.2025E+00
  0.1575E+02	  0.1552E-23	  0.2043E+00
  0.1579E+02	  0.9105E-24	  0.2065E+00
  0.1583E+02	  0.5316E-24	  0.2089E+00
  0.1586E+02	  0.3088E-24	  0.2113E+00
 
 
R2  
------------------------------------------------------------
Electric field / N (Td)                    8.000    
Angular frequency / N (m3/s)              0.4724E-12
Cosine of E-B field angle                  0.000    
Gas temperature (K)                        300.0    
Excitation temperature (K)                 300.0    
Transition energy (eV)                     0.000    
Ionization degree                          0.000    
Plasma density (1/m3)                     0.1000E+19
Ion charge parameter                       1.000    
Ion/neutral mass ratio                     1.000    
Coulomb collision model                    1.000    
Energy sharing                             0.000    
Growth model                               1.000    
Maxwellian mean energy (eV)                0.000    
# of grid points                           500.0    
Grid type                                  1.000    
Maximum energy                             30.00    
Precision                                 0.1000E-24
Convergence                               0.1000E-03
Maximum # of iterations                   0.2000E+05
Mole fraction Ar                           1.000    
------------------------------------------------------------
Mean energy (eV)                           1.761    
Mobility *N (1/m/V/s)                     0.2669E+26
Re/perp mobility *N (1/m/V/s)             0.3776E+23
Im/Hall mobility *N (1/m/V/s)            -0.3645E+24
Diffusion coefficient *N (1/m/s)          0.1868E+26
Energy mobility *N (1/m/V/s)              0.1038E+26
Energy diffusion coef. *N (1/m/s)         0.1061E+26
Total collision freq. /N (m3/s)           0.2455E-13
Momentum frequency /N (m3/s)              0.4841E-13
Total ionization freq. /N (m3/s)          0.1329E-32
Power /N (eV m3/s)                        0.2416E-17
Elastic power loss /N (eV m3/s)           0.2372E-17
Inelastic power loss /N (eV m3/s)         0.4429E-19
Growth power /N (eV m3/s)                 0.2340E-32
Maximum energy                             20.70    
# of iterations                            10.00    
# of grid trials                           2.000    
------------------------------------------------------------
Rate coefficients (m3/s)
C1    Ar    Elastic                       0.2455E-13
C2    Ar    Excitation    11.55 eV        0.1578E-20
C3    Ar    Excitation    11.62 eV        0.1279E-20
C4    Ar    Excitation    11.72 eV        0.1932E-21
C5    Ar    Excitation    11.83 eV        0.7527E-21
C6    Ar    Excitation    12.91 eV        0.2427E-23
C7    Ar    Excitation    13.08 eV        0.1780E-24
C8    Ar    Excitation    13.10 eV        0.1138E-24
C9    Ar    Excitation    13.15 eV        0.4731E-25
C10   Ar    Excitation    13.17 eV        0.7856E-25
C11   Ar    Excitation    13.27 eV        0.1301E-25
C12   Ar    Excitation    13.28 eV        0.2496E-25
C13   Ar    Excitation    13.30 eV        0.1978E-25
C14   Ar    Excitation    13.33 eV        0.2287E-25
C15   Ar    Excitation    13.48 eV        0.1790E-25
C16   Ar    Excitation    13.85 eV        0.2015E-26
C17   Ar    Excitation    13.86 eV        0.7652E-26
C18   Ar    Excitation    13.90 eV        0.3110E-26
C19   Ar    Excitation    13.98 eV        0.2560E-26
C20   Ar    Excitation    14.01 eV        0.6037E-27
C21   Ar    Excitation    14.06 eV        0.4192E-27
C22   Ar    Excitation    14.07 eV        0.4061E-27
C23   Ar    Excitation    14.09 eV        0.5446E-29
C24   Ar    Excitation    14.10 eV        0.4443E-28
C25   Ar    Excitation    14.15 eV        0.9387E-29
C26   Ar    Excitation    14.21 eV        0.2109E-27
C27   Ar    Excitation    14.23 eV        0.1272E-27
C28   Ar    Excitation    14.24 eV        0.2739E-28
C29   Ar    Excitation    14.24 eV        0.2649E-28
C30   Ar    Excitation    14.26 eV        0.5959E-30
C31   Ar    Excitation    14.30 eV        0.3284E-29
C32   Ar    Excitation    14.71 eV        0.1732E-32
C33   Ar    Excitation    14.85 eV        0.3557E-32
C34   Ar    Excitation    14.86 eV        0.1075E-31
C35   Ar    Excitation    15.00 eV        0.1125E-32
C36   Ar    Excitation    15.02 eV        0.9906E-33
C37   Ar    Excitation    15.12 eV        0.7075E-34
C38   Ar    Excitation    15.19 eV        0.3695E-33
C39   Ar    Excitation    15.19 eV        0.3548E-33
C40   Ar    Excitation    15.31 eV        0.1859E-35
C41   Ar    Excitation    15.35 eV        0.8082E-36
C42   Ar    Excitation    15.36 eV        0.1067E-35
C43   Ar    Excitation    15.37 eV        0.1761E-34
C44   Ar    Excitation    15.37 eV        0.3613E-34
C45   Ar    Excitation    15.66 eV        0.7811E-35
C46   Ar    Ionization    15.76 eV        0.1329E-32
------------------------------------------------------------
Energy (eV) EEDF (eV-3/2) Anisotropy
  0.2070E-01	  0.1272E+01	  0.1197E-04
  0.6210E-01	  0.1213E+01	  0.1174E-04
  0.1035E+00	  0.1146E+01	  0.1127E-04
  0.1449E+00	  0.1068E+01	  0.9601E-05
  0.1863E+00	  0.9740E+00	  0.8495E-05
  0.2277E+00	  0.8649E+00	  0.8522E-05
  0.2691E+00	  0.7703E+00	  0.9603E-05
  0.3105E+00	  0.7037E+00	  0.1162E-04
  0.3519E+00	  0.6560E+00	  0.1444E-04
  0.3933E+00	  0.6194E+00	  0.1800E-04
  0.4347E+00	  0.5893E+00	  0.2232E-04
  0.4761E+00	  0.5633E+00	  0.2737E-04
  0.5175E+00	  0.5400E+00	  0.3309E-04
  0.5589E+00	  0.5187E+00	  0.3944E-04
  0.6003E+00	  0.4989E+00	  0.4640E-04
  0.6417E+00	  0.4804E+00	  0.5394E-04
  0.6831E+00	  0.4630E+00	  0.6206E-04
  0.7245E+00	  0.4465E+00	  0.7077E-04
  0.7659E+00	  0.4307E+00	  0.8007E-04
  0.8073E+00	  0.4157E+00	  0.8999E-04
  0.8487E+00	  0.4013E+00	  0.1006E-03
  0.8901E+00	  0.3875E+00	  0.1118E-03
  0.9315E+00	  0.3743E+00	  0.1239E-03
  0.9729E+00	  0.3616E+00	  0.1367E-03
  0.1014E+01	  0.3494E+00	  0.1492E-03
  0.1056E+01	  0.3376E+00	  0.1611E-03
  0.1097E+01	  0.3263E+00	  0.1732E-03
  0.1139E+01	  0.3154E+00	  0.1859E-03
  0.1180E+01	  0.3049E+00	  0.1989E-03
  0.1221E+01	  0.2947E+00	  0.2124E-03
  0.1263E+01	  0.2849E+00	  0.2262E-03
  0.1304E+01	  0.2754E+00	  0.2404E-03
  0.1346E+01	  0.2663E+00	  0.2551E-03
  0.1387E+01	  0.2575E+00	  0.2702E-03
  0.1428E+01	  0.2490E+00	  0.2858E-03
  0.1470E+01	  0.2408E+00	  0.3018E-03
  0.1511E+01	  0.2328E+00	  0.3186E-03
  0.1553E+01	  0.2251E+00	  0.3361E-03
  0.1594E+01	  0.2177E+00	  0.3541E-03
  0.1635E+01	  0.2106E+00	  0.3727E-03
  0.1677E+01	  0.2036E+00	  0.3916E-03
  0.1718E+01	  0.1969E+00	  0.4105E-03
  0.1760E+01	  0.1905E+00	  0.4295E-03
  0.1801E+01	  0.1842E+00	  0.4487E-03
  0.1842E+01	  0.1782E+00	  0.4683E-03
  0.1884E+01	  0.1723E+00	  0.4884E-03
  0.1925E+01	  0.1667E+00	  0.5089E-03
  0.1967E+01	  0.1612E+00	  0.5299E-03
  0.2008E+01	  0.1559E+00	  0.5519E-03
  0.2049E+01	  0.1508E+00	  0.5751E-03
  0.2091E+01	  0.1459E+00	  0.5993E-03
  0.2132E+01	  0.1411E+00	  0.6240E-03
  0.2174E+01	  0.1365E+00	  0.6492E-03
  0.2215E+01	  0.1320E+00	  0.6749E-03
  0.2256E+01	  0.1277E+00	  0.7011E-03
  0.2298E+01	  0.1235E+00	  0.7278E-03
  0.2339E+01	  0.1194E+00	  0.7550E-03
  0.2381E+01	  0.1155E+00	  0.7828E-03
  0.2422E+01	  0.1118E+00	  0.8110E-03
  0.2463E+01	  0.1081E+00	  0.8398E-03
  0.2505E+01	  0.1046E+00	  0.8693E-03
  0.2546E+01	  0.1011E+00	  0.8996E-03
  0.2588E+01	  0.9782E-01	  0.9308E-03
  0.2629E+01	  0.9462E-01	  0.9624E-03
  0.2670E+01	  0.9152E-01	  0.9946E-03
  0.2712E+01	  0.8852E-01	  0.1027E-02
  0.2753E+01	  0.8562E-01	  0.1061E-02
  0.2795E+01	  0.8281E-01	  0.1094E-02
  0.2836E+01	  0.8010E-01	  0.1129E-02
  0.2877E+01	  0.7747E-01	  0.1163E-02
  0.2919E+01	  0.7493E-01	  0.1199E-02
  0.2960E+01	  0.7247E-01	  0.1235E-02
  0.3002E+01	  0.7010E-01	  0.1271E-02
  0.3043E+01	  0.6780E-01	  0.1308E-02
  0.3084E+01	  0.6557E-01	  0.1345E-02
  0.3126E+01	  0.6342E-01	  0.1382E-02
  0.3167E+01	  0.6134E-01	  0.1420E-02
  0.3209E+01	  0.5932E-01	  0.1459E-02
  0.3250E+01	  0.5737E-01	  0.1498E-02
  0.3291E+01	  0.5548E-01	  0.1537E-02
  0.3333E+01	  0.5366E-01	  0.1577E-02
  0.3374E+01	  0.5189E-01	  0.1618E-02
  0.3416E+01	  0.5019E-01	  0.1659E-02
  0.3457E+01	  0.4853E-01	  0.1701E-02
  0.3498E+01	  0.4693E-01	  0.1743E-02
  0.3540E+01	  0.4539E-01	  0.1786E-02
  0.3581E+01	  0.4389E-01	  0.1829E-02
  0.3623E+01	  0.4244E-01	  0.1873E-02
  0.3664E+01	  0.4104E-01	  0.1917E-02
  0.3705E+01	  0.3969E-01	  0.1962E-02
  0.3747E+01	  0.3837E-01	  0.2007E-02
  0.3788E+01	  0.3711E-01	  0.2053E-02
  0.3830E+01	  0.3588E-01	  0.2099E-02
  0.3871E+01	  0.3469E-01	  0.2146E-02
  0.3912E+01	  0.3354E-01	  0.2194E-02
  0.3954E+01	  0.3243E-01	  0.2242E-02
  0.3995E+01	  0.3135E-01	  0.2292E-02
  0.4037E+01	  0.3031E-01	  0.2346E-02
  0.4078E+01	  0.2931E-01	  0.2402E-02
  0.4119E+01	  0.2833E-01	  0.2458E-02
  0.4161E+01	  0.2739E-01	  0.2516E-02
  0.4202E+01	  0.2648E-01	  0.2574E-02
  0.4244E+01	  0.2560E-01	  0.2633E-02
  0.4285E+01	  0.2474E-01	  0.2693E-02
  0.4326E+01	  0.2392E-01	  0.2753E-02
  0.4368E+01	  0.2312E-01	  0.2814E-02
  0.4409E+01	  0.2235E-01	  0.2876E-02
  0.4451E+01	  0.2160E-01	  0.2938E-02
  0.4492E+01	  0.2088E-01	  0.3001E-02
  0.4533E+01	  0.2018E-01	  0.3065E-02
  0.4575E+01	  0.1950E-01	  0.3129E-02
  0.4616E+01	  0.1884E-01	  0.3194E-02
  0.4658E+01	  0.1821E-01	  0.3259E-02
  0.4699E+01	  0.1760E-01	  0.3326E-02
  0.4740E+01	  0.1700E-01	  0.3392E-02
  0.4782E+01	  0.1643E-01	  0.3460E-02
  0.4823E+01	  0.1587E-01	  0.3528E-02
  0.4865E+01	  0.1534E-01	  0.3597E-02
  0.4906E+01	  0.1482E-01	  0.3667E-02
  0.4947E+01	  0.1432E-01	  0.3738E-02
  0.4989E+01	  0.1383E-01	  0.3809E-02
  0.5030E+01	  0.1336E-01	  0.3882E-02
  0.5072E+01	  0.1291E-01	  0.3956E-02
  0.5113E+01	  0.1247E-01	  0.4031E-02
  0.5154E+01	  0.1204E-01	  0.4107E-02
  0.5196E+01	  0.1163E-01	  0.4183E-02
  0.5237E+01	  0.1123E-01	  0.4260E-02
  0.5279E+01	  0.1085E-01	  0.4338E-02
  0.5320E+01	  0.1047E-01	  0.4417E-02
  0.5361E+01	  0.1011E-01	  0.4496E-02
  0.5403E+01	  0.9765E-02	  0.4576E-02
  0.5444E+01	  0.9428E-02	  0.4657E-02
  0.5486E+01	  0.9102E-02	  0.4739E-02
  0.5527E+01	  0.8787E-02	  0.4821E-02
  0.5568E+01	  0.8483E-02	  0.4904E-02
  0.5610E+01	  0.8188E-02	  0.4988E-02
  0.5651E+01	  0.7903E-02	  0.5072E-02
  0.5693E+01	  0.7628E-02	  0.5157E-02
  0.5734E+01	  0.7362E-02	  0.5243E-02
  0.5775E+01	  0.7104E-02	  0.5329E-02
  0.5817E+01	  0.6855E-02	  0.5417E-02
  0.5858E+01	  0.6615E-02	  0.5505E-02
  0.5900E+01	  0.6382E-02	  0.5594E-02
  0.5941E+01	  0.6157E-02	  0.5683E-02
  0.5982E+01	  0.5940E-02	  0.5772E-02
  0.6024E+01	  0.5730E-02	  0.5862E-02
  0.6065E+01	  0.5527E-02	  0.5952E-02
  0.6107E+01	  0.5330E-02	  0.6042E-02
  0.6148E+01	  0.5141E-02	  0.6133E-02
  0.6189E+01	  0.4957E-02	  0.6224E-02
  0.6231E+01	  0.4780E-02	  0.6316E-02
  0.6272E+01	  0.4609E-02	  0.6409E-02
  0.6314E+01	  0.4444E-02	  0.6502E-02
  0.6355E+01	  0.4284E-02	  0.6596E-02
  0.6396E+01	  0.4129E-02	  0.6691E-02
  0.6438E+01	  0.3980E-02	  0.6787E-02
  0.6479E+01	  0.3836E-02	  0.6883E-02
  0.6521E+01	  0.3697E-02	  0.6980E-02
  0.6562E+01	  0.3562E-02	  0.7078E-02
  0.6603E+01	  0.3433E-02	  0.7177E-02
  0.6645E+01	  0.3307E-02	  0.7276E-02
  0.6686E+01	  0.3186E-02	  0.7376E-02
  0.6728E+01	  0.3069E-02	  0.7477E-02
  0.6769E+01	  0.2956E-02	  0.7579E-02
  0.6810E+01	  0.2847E-02	  0.7681E-02
  0.6852E+01	  0.2741E-02	  0.7784E-02
  0.6893E+01	  0.2640E-02	  0.7888E-02
  0.6935E+01	  0.2541E-02	  0.7992E-02
  0.6976E+01	  0.2447E-02	  0.8094E-02
  0.7017E+01	  0.2355E-02	  0.8196E-02
  0.7059E+01	  0.2267E-02	  0.8298E-02
  0.7100E+01	  0.2182E-02	  0.8399E-02
  0.7142E+01	  0.2099E-02	  0.8498E-02
  0.7183E+01	  0.2020E-02	  0.8599E-02
  0.7224E+01	  0.1944E-02	  0.8700E-02
  0.7266E+01	  0.1870E-02	  0.8802E-02
  0.7307E+01	  0.1799E-02	  0.8905E-02
  0.7349E+01	  0.1730E-02	  0.9008E-02
  0.7390E+01	  0.1664E-02	  0.9112E-02
  0.7431E+01	  0.1600E-02	  0.9217E-02
  0.7473E+01	  0.1538E-02	  0.9323E-02
  0.7514E+01	  0.1479E-02	  0.9429E-02
  0.7556E+01	  0.1421E-02	  0.9537E-02
  0.7597E+01	  0.1366E-02	  0.9645E-02
  0.7638E+01	  0.1313E-02	  0.9754E-02
  0.7680E+01	  0.1262E-02	  0.9864E-02
  0.7721E+01	  0.1212E-02	  0.9974E-02
  0.7763E+01	  0.1165E-02	  0.1009E-01
  0.7804E+01	  0.1119E-02	  0.1020E-01
  0.7845E+01	  0.1074E-02	  0.1031E-01
  0.7887E+01	  0.1032E-02	  0.1043E-01
  0.7928E+01	  0.9907E-03	  0.1054E-01
  0.7970E+01	  0.9512E-03	  0.1066E-01
  0.8011E+01	  0.9130E-03	  0.1077E-01
  0.8052E+01	  0.8763E-03	  0.1089E-01
  0.8094E+01	  0.8410E-03	  0.1101E-01
  0.8135E+01	  0.8069E-03	  0.1113E-01
  0.8177E+01	  0.7741E-03	  0.1125E-01
  0.8218E+01	  0.7426E-03	  0.1138E-01
  0.8259E+01	  0.7122E-03	  0.1150E-01
  0.8301E+01	  0.6829E-03	  0.1162E-01
  0.8342E+01	  0.6548E-03	  0.1175E-01
  0.8384E+01	  0.6277E-03	  0.1188E-01
  0.8425E+01	  0.6016E-03	  0.1200E-01
  0.8466E+01	  0.5766E-03	  0.1213E-01
  0.8508E+01	  0.5524E-03	  0.1226E-01
  0.8549E+01	  0.5292E-03	  0.1240E-01
  0.8591E+01	  0.5069E-03	  0.1253E-01
  0.8632E+01	  0.4854E-03	  0.1266E-01
  0.8673E+01	  0.4648E-03	  0.1280E-01
  0.8715E+01	  0.4449E-03	  0.1294E-01
  0.8756E+01	  0.4258E-03	  0.1308E-01
  0.8798E+01	  0.4075E-03	  0.1322E-01
  0.8839E+01	  0.3899E-03	  0.1336E-01
  0.8880E+01	  0.3729E-03	  0.1350E-01
  0.8922E+01	  0.3566E-03	  0.1365E-01
  0.8963E+01	  0.3410E-03	  0.1380E-01
  0.9005E+01	  0.3260E-03	  0.1394E-01
  0.9046E+01	  0.3115E-03	  0.1409E-01
  0.9087E+01	  0.2977E-03	  0.1424E-01
  0.9129E+01	  0.2844E-03	  0.1440E-01
  0.9170E+01	  0.2716E-03	  0.1455E-01
  0.9212E+01	  0.2593E-03	  0.1471E-01
  0.9253E+01	  0.2475E-03	  0.1487E-01
  0.9294E+01	  0.2362E-03	  0.1503E-01
  0.9336E+01	  0.2254E-03	  0.1520E-01
  0.9377E+01	  0.2150E-03	  0.1537E-01
  0.9419E+01	  0.2050E-03	  0.1554E-01
  0.9460E+01	  0.1955E-03	  0.1571E-01
  0.9501E+01	  0.1863E-03	  0.1589E-01
  0.9543E+01	  0.1775E-03	  0.1607E-01
  0.9584E+01	  0.1691E-03	  0.1625E-01
  0.9626E+01	  0.1610E-03	  0.1644E-01
  0.9667E+01	  0.1532E-03	  0.1663E-01
  0.9708E+01	  0.1458E-03	  0.1682E-01
  0.9750E+01	  0.1387E-03	  0.1702E-01
  0.9791E+01	  0.1319E-03	  0.1722E-01
  0.9833E+01	  0.1254E-03	  0.1743E-01
  0.9874E+01	  0.1191E-03	  0.1764E-01
  0.9915E+01	  0.1132E-03	  0.1786E-01
  0.9957E+01	  0.1074E-03	  0.1809E-01
  0.9998E+01	  0.1020E-03	  0.1832E-01
  0.1004E+02	  0.9673E-04	  0.1854E-01
  0.1008E+02	  0.9172E-04	  0.1876E-01
  0.1012E+02	  0.8694E-04	  0.1898E-01
  0.1016E+02	  0.8236E-04	  0.1920E-01
  0.1021E+02	  0.7800E-04	  0.1944E-01
  0.1025E+02	  0.7383E-04	  0.1968E-01
  0.1029E+02	  0.6984E-04	  0.1994E-01
  0.1033E+02	  0.6604E-04	  0.2020E-01
  0.1037E+02	  0.6241E-04	  0.2048E-01
  0.1041E+02	  0.5894E-04	  0.2077E-01
  0.1045E+02	  0.5563E-04	  0.2107E-01
  0.1049E+02	  0.5247E-04	  0.2139E-01
  0.1054E+02	  0.4946E-04	  0.2172E-01
  0.1058E+02	  0.4658E-04	  0.2207E-01
  0.1062E+02	  0.4384E-04	  0.2243E-01
  0.1066E+02	  0.4123E-04	  0.2279E-01
  0.1070E+02	  0.3873E-04	  0.2317E-01
  0.1074E+02	  0.3636E-04	  0.2358E-01
  0.1078E+02	  0.3410E-04	  0.2401E-01
  0.1083E+02	  0.3195E-04	  0.2447E-01
  0.1087E+02	  0.2989E-04	  0.2496E-01
  0.1091E+02	  0.2794E-04	  0.2550E-01
  0.1095E+02	  0.2608E-04	  0.2607E-01
  0.1099E+02	  0.2431E-04	  0.2669E-01
  0.1103E+02	  0.2262E-04	  0.2737E-01
  0.1107E+02	  0.2102E-04	  0.2810E-01
  0.1112E+02	  0.1949E-04	  0.2890E-01
  0.1116E+02	  0.1804E-04	  0.2979E-01
  0.1120E+02	  0.1666E-04	  0.3076E-01
  0.1124E+02	  0.1534E-04	  0.3184E-01
  0.1128E+02	  0.1409E-04	  0.3305E-01
  0.1132E+02	  0.1290E-04	  0.3440E-01
  0.1136E+02	  0.1177E-04	  0.3593E-01
  0.1141E+02	  0.1069E-04	  0.3768E-01
  0.1145E+02	  0.9671E-05	  0.3968E-01
  0.1149E+02	  0.8700E-05	  0.4201E-01
  0.1153E+02	  0.7777E-05	  0.4474E-01
  0.1157E+02	  0.6901E-05	  0.4777E-01
  0.1161E+02	  0.6077E-05	  0.5070E-01
  0.1165E+02	  0.5316E-05	  0.5278E-01
  0.1170E+02	  0.4636E-05	  0.5400E-01
  0.1174E+02	  0.4033E-05	  0.5548E-01
  0.1178E+02	  0.3493E-05	  0.5734E-01
  0.1182E+02	  0.3012E-05	  0.5892E-01
  0.1186E+02	  0.2590E-05	  0.5921E-01
  0.1190E+02	  0.2234E-05	  0.5875E-01
  0.1194E+02	  0.1925E-05	  0.5938E-01
  0.1199E+02	  0.1656E-05	  0.6051E-01
  0.1203E+02	  0.1420E-05	  0.6190E-01
  0.1207E+02	  0.1213E-05	  0.6345E-01
  0.1211E+02	  0.1033E-05	  0.6515E-01
  0.1215E+02	  0.8762E-06	  0.6696E-01
  0.1219E+02	  0.7399E-06	  0.6885E-01
  0.1223E+02	  0.6220E-06	  0.7076E-01
  0.1228E+02	  0.5207E-06	  0.7261E-01
  0.1232E+02	  0.4342E-06	  0.7434E-01
  0.1236E+02	  0.3607E-06	  0.7604E-01
  0.1240E+02	  0.2985E-06	  0.7777E-01
  0.1244E+02	  0.2461E-06	  0.7947E-01
  0.1248E+02	  0.2022E-06	  0.8109E-01
  0.1252E+02	  0.1655E-06	  0.8257E-01
  0.1256E+02	  0.1351E-06	  0.8387E-01
  0.1261E+02	  0.1100E-06	  0.8492E-01
  0.1265E+02	  0.8945E-07	  0.8575E-01
  0.1269E+02	  0.7262E-07	  0.8637E-01
  0.1273E+02	  0.5890E-07	  0.8679E-01
  0.1277E+02	  0.4776E-07	  0.8706E-01
  0.1281E+02	  0.3872E-07	  0.8722E-01
  0.1285E+02	  0.3139E-07	  0.8750E-01
  0.1290E+02	  0.2542E-07	  0.8826E-01
  0.1294E+02	  0.2054E-07	  0.8950E-01
  0.1298E+02	  0.1655E-07	  0.9139E-01
  0.1302E+02	  0.1326E-07	  0.9257E-01
  0.1306E+02	  0.1065E-07	  0.9001E-01
  0.1310E+02	  0.8654E-08	  0.8662E-01
  0.1314E+02	  0.7054E-08	  0.8613E-01
  0.1319E+02	  0.5743E-08	  0.8609E-01
  0.1323E+02	  0.4690E-08	  0.8498E-01
  0.1327E+02	  0.3839E-08	  0.8449E-01
  0.1331E+02	  0.3142E-08	  0.8515E-01
  0.1335E+02	  0.2565E-08	  0.8670E-01
  0.1339E+02	  0.2084E-08	  0.8878E-01
  0.1343E+02	  0.1685E-08	  0.9095E-01
  0.1348E+02	  0.1357E-08	  0.9277E-01
  0.1352E+02	  0.1089E-08	  0.9435E-01
  0.1356E+02	  0.8709E-09	  0.9608E-01
  0.1360E+02	  0.6939E-09	  0.9780E-01
  0.1364E+02	  0.5508E-09	  0.9952E-01
  0.1368E+02	  0.4357E-09	  0.1013E+00
  0.1372E+02	  0.3433E-09	  0.1031E+00
  0.1377E+02	  0.2694E-09	  0.1050E+00
  0.1381E+02	  0.2106E-09	  0.1070E+00
  0.1385E+02	  0.1639E-09	  0.1092E+00
  0.1389E+02	  0.1269E-09	  0.1115E+00
  0.1393E+02	  0.9776E-10	  0.1139E+00
  0.1397E+02	  0.7493E-10	  0.1163E+00
  0.1401E+02	  0.5715E-10	  0.1188E+00
  0.1406E+02	  0.4336E-10	  0.1212E+00
  0.1410E+02	  0.3274E-10	  0.1236E+00
  0.1414E+02	  0.2460E-10	  0.1260E+00
  0.1418E+02	  0.1839E-10	  0.1284E+00
  0.1422E+02	  0.1367E-10	  0.1308E+00
  0.1426E+02	  0.1012E-10	  0.1333E+00
  0.1430E+02	  0.7449E-11	  0.1358E+00
  0.1435E+02	  0.5457E-11	  0.1382E+00
  0.1439E+02	  0.3978E-11	  0.1406E+00
  0.1443E+02	  0.2887E-11	  0.1429E+00
  0.1447E+02	  0.2084E-11	  0.1452E+00
  0.1451E+02	  0.1498E-11	  0.1475E+00
  0.1455E+02	  0.1072E-11	  0.1498E+00
  0.1459E+02	  0.7637E-12	  0.1521E+00
  0.1463E+02	  0.5416E-12	  0.1543E+00
  0.1468E+02	  0.3824E-12	  0.1565E+00
  0.1472E+02	  0.2689E-12	  0.1587E+00
  0.1476E+02	  0.1883E-12	  0.1608E+00
  0.1480E+02	  0.1313E-12	  0.1630E+00
  0.1484E+02	  0.9115E-13	  0.1651E+00
  0.1488E+02	  0.6304E-13	  0.1671E+00
  0.1492E+02	  0.4344E-13	  0.1691E+00
  0.1497E+02	  0.2982E-13	  0.1710E+00
  0.1501E+02	  0.2040E-13	  0.1727E+00
  0.1505E+02	  0.1392E-13	  0.1743E+00
  0.1509E+02	  0.9468E-14	  0.1758E+00
  0.1513E+02	  0.6422E-14	  0.1774E+00
  0.1517E+02	  0.4344E-14	  0.1789E+00
  0.1521E+02	  0.2930E-14	  0.1805E+00
  0.1526E+02	  0.1971E-14	  0.1820E+00
  0.1530E+02	  0.1322E-14	  0.1835E+00
  0.1534E+02	  0.8846E-15	  0.1850E+00
  0.1538E+02	  0.5902E-15	  0.1865E+00
  0.1542E+02	  0.3927E-15	  0.1880E+00
  0.1546E+02	  0.2606E-15	  0.1895E+00
  0.1550E+02	  0.1725E-15	  0.1910E+00
  0.1555E+02	  0.1139E-15	  0.1925E+00
  0.1559E+02	  0.7496E-16	  0.1940E+00
  0.1563E+02	  0.4921E-16	  0.1956E+00
  0.1567E+02	  0.3222E-16	  0.1972E+00
  0.1571E+02	  0.2104E-16	  0.1989E+00
  0.1575E+02	  0.1369E-16	  0.2009E+00
  0.1579E+02	  0.8865E-17	  0.2033E+00
  0.1584E+02	  0.5716E-17	  0.2058E+00
  0.1588E+02	  0.3670E-17	  0.2083E+00
  0.1592E+02	  0.2345E-17	  0.2107E+00
  0.1596E+02	  0.1493E-17	  0.2130E+00
  0.1600E+02	  0.9461E-18	  0.2152E+00
  0.1604E+02	  0.5975E-18	  0.2173E+00
  0.1608E+02	  0.3760E-18	  0.2193E+00
  0.1613E+02	  0.2357E-18	  0.2213E+00
  0.1617E+02	  0.1473E-18	  0.2233E+00
  0.1621E+02	  0.9172E-19	  0.2253E+00
  0.1625E+02	  0.5692E-19	  0.2273E+00
  0.1629E+02	  0.3520E-19	  0.2293E+00
  0.1633E+02	  0.2170E-19	  0.2313E+00
  0.1637E+02	  0.1333E-19	  0.2332E+00
  0.1642E+02	  0.8159E-20	  0.2352E+00
  0.1646E+02	  0.4978E-20	  0.2371E+00
  0.1650E+02	  0.3027E-20	  0.2391E+00
  0.1654E+02	  0.1835E-20	  0.2411E+00
  0.1658E+02	  0.1108E-20	  0.2431E+00
  0.1662E+02	  0.6671E-21	  0.2451E+00
  0.1666E+02	  0.4002E-21	  0.2471E+00
  0.1670E+02	  0.2393E-21	  0.2491E+00
  0.1675E+02	  0.1426E-21	  0.2511E+00
  0.1679E+02	  0.8474E-22	  0.2530E+00
  0.1683E+02	  0.5018E-22	  0.2550E+00
  0.1687E+02	  0.2962E-22	  0.2569E+00
  0.1691E+02	  0.1743E-22	  0.2589E+00
  0.1695E+02	  0.1022E-22	  0.2608E+00
  0.1699E+02	  0.5976E-23	  0.2626E+00
  0.1704E+02	  0.3484E-23	  0.2645E+00
  0.1708E+02	  0.2025E-23	  0.2663E+00
  0.1712E+02	  0.1174E-23	  0.2681E+00
  0.1716E+02	  0.6784E-24	  0.2698E+00
  0.1720E+02	  0.3910E-24	  0.2716E+00
  0.1724E+02	  0.2247E-24	  0.2734E+00
  0.1728E+02	  0.1288E-24	  0.2751E+00
 
 
R3  
------------------------------------------------------------
Electric field / N (Td)                    10.00    
Angular frequency / N (m3/s)              0.4724E-12
Cosine of E-B field angle                  0.000    
Gas temperature (K)                        300.0    
Excitation temperature (K)                 300.0    
Transition energy (eV)                     0.000    
Ionization degree                          0.000    
Plasma density (1/m3)                     0.1000E+19
Ion charge parameter                       1.000    
Ion/neutral mass ratio                     1.000    
Coulomb collision model                    1.000    
Energy sharing                             0.000    
Growth model                               1.000    
Maxwellian mean energy (eV)                0.000    
# of grid points                           500.0    
Grid type                                  1.000    
Maximum energy                             30.00    
Precision                                 0.1000E-24
Convergence                               0.1000E-03
Maximum # of iterations                   0.2000E+05
Mole fraction Ar                           1.000    
------------------------------------------------------------
Mean energy (eV)                           1.755    
Mobility *N (1/m/V/s)                     0.9507E+26
Re/perp mobility *N (1/m/V/s)             0.4092E+23
Im/Hall mobility *N (1/m/V/s)            -0.3603E+24
Diffusion coefficient *N (1/m/s)          0.2260E+26
Energy mobility *N (1/m/V/s)              0.1878E+26
Energy diffusion coef. *N (1/m/s)         0.1014E+26
Total collision freq. /N (m3/s)           0.2825E-13
Momentum frequency /N (m3/s)              0.5257E-13
Total ionization freq. /N (m3/s)          0.4955E-29
Power /N (eV m3/s)                        0.4092E-17
Elastic power loss /N (eV m3/s)           0.3508E-17
Inelastic power loss /N (eV m3/s)         0.5843E-18
Growth power /N (eV m3/s)                 0.8696E-29
Maximum energy                             21.78    
# of iterations                            10.00    
# of grid trials                           2.000    
------------------------------------------------------------
Rate coefficients (m3/s)
C1    Ar    Elastic                       0.2825E-13
C2    Ar    Excitation    11.55 eV        0.2019E-19
C3    Ar    Excitation    11.62 eV        0.1613E-19
C4    Ar    Excitation    11.72 eV        0.2609E-20
C5    Ar    Excitation    11.83 eV        0.1111E-19
C6    Ar    Excitation    12.91 eV        0.9162E-22
C7    Ar    Excitation    13.08 eV        0.1030E-22
C8    Ar    Excitation    13.10 eV        0.6704E-23
C9    Ar    Excitation    13.15 eV        0.2956E-23
C10   Ar    Excitation    13.17 eV        0.4980E-23
C11   Ar    Excitation    13.27 eV        0.9165E-24
C12   Ar    Excitation    13.28 eV        0.1775E-23
C13   Ar    Excitation    13.30 eV        0.1426E-23
C14   Ar    Excitation    13.33 eV        0.1687E-23
C15   Ar    Excitation    13.48 eV        0.1559E-23
C16   Ar    Excitation    13.85 eV        0.2617E-24
C17   Ar    Excitation    13.86 eV        0.1030E-23
C18   Ar    Excitation    13.90 eV        0.4424E-24
C19   Ar    Excitation    13.98 eV        0.4042E-24
C20   Ar    Excitation    14.01 eV        0.9981E-25
C21   Ar    Excitation    14.06 eV        0.7426E-25
C22   Ar    Excitation    14.07 eV        0.7243E-25
C23   Ar    Excitation    14.09 eV        0.1210E-26
C24   Ar    Excitation    14.10 eV        0.8281E-26
C25   Ar    Excitation    14.15 eV        0.2286E-26
C26   Ar    Excitation    14.21 eV        0.4639E-25
C27   Ar    Excitation    14.23 eV        0.2881E-25
C28   Ar    Excitation    14.24 eV        0.6229E-26
C29   Ar    Excitation    14.24 eV        0.6063E-26
C30   Ar    Excitation    14.26 eV        0.1691E-27
C31   Ar    Excitation    14.30 eV        0.1005E-26
C32   Ar    Excitation    14.71 eV        0.1044E-29
C33   Ar    Excitation    14.85 eV        0.2739E-29
C34   Ar    Excitation    14.86 eV        0.8447E-29
C35   Ar    Excitation    15.00 eV        0.1155E-29
C36   Ar    Excitation    15.02 eV        0.1052E-29
C37   Ar    Excitation    15.12 eV        0.9005E-31
C38   Ar    Excitation    15.19 eV        0.5354E-30
C39   Ar    Excitation    15.19 eV        0.5180E-30
C40   Ar    Excitation    15.31 eV        0.3410E-32
C41   Ar    Excitation    15.35 eV        0.1613E-32
C42   Ar    Excitation    15.36 eV        0.2168E-32
C43   Ar    Excitation    15.37 eV        0.3619E-31
C44   Ar    Excitation    15.37 eV        0.7542E-31
C45   Ar    Excitation    15.66 eV        0.2900E-31
C46   Ar    Ionization    15.76 eV        0.4955E-29
------------------------------------------------------------
Energy (eV) EEDF (eV-3/2) Anisotropy
  0.2178E-01	  0.3701E+01	  0.1786E-04
  0.6534E-01	  0.3489E+01	  0.1886E-04
  0.1089E+00	  0.3202E+01	  0.2084E-04
  0.1525E+00	  0.2817E+01	  0.2110E-04
  0.1960E+00	  0.2284E+01	  0.2331E-04
  0.2396E+00	  0.1660E+01	  0.2971E-04
  0.2831E+00	  0.1186E+01	  0.3984E-04
  0.3267E+00	  0.8969E+00	  0.5149E-04
  0.3703E+00	  0.7221E+00	  0.6256E-04
  0.4138E+00	  0.6094E+00	  0.7275E-04
  0.4574E+00	  0.5313E+00	  0.8249E-04
  0.5009E+00	  0.4738E+00	  0.9199E-04
  0.5445E+00	  0.4295E+00	  0.1014E-03
  0.5881E+00	  0.3941E+00	  0.1108E-03
  0.6316E+00	  0.3650E+00	  0.1203E-03
  0.6752E+00	  0.3404E+00	  0.1301E-03
  0.7187E+00	  0.3194E+00	  0.1401E-03
  0.7623E+00	  0.3010E+00	  0.1503E-03
  0.8059E+00	  0.2849E+00	  0.1608E-03
  0.8494E+00	  0.2705E+00	  0.1717E-03
  0.8930E+00	  0.2576E+00	  0.1830E-03
  0.9365E+00	  0.2460E+00	  0.1947E-03
  0.9801E+00	  0.2353E+00	  0.2068E-03
  0.1024E+01	  0.2256E+00	  0.2185E-03
  0.1067E+01	  0.2166E+00	  0.2297E-03
  0.1111E+01	  0.2082E+00	  0.2410E-03
  0.1154E+01	  0.2004E+00	  0.2527E-03
  0.1198E+01	  0.1930E+00	  0.2646E-03
  0.1241E+01	  0.1861E+00	  0.2768E-03
  0.1285E+01	  0.1796E+00	  0.2893E-03
  0.1329E+01	  0.1735E+00	  0.3021E-03
  0.1372E+01	  0.1677E+00	  0.3153E-03
  0.1416E+01	  0.1622E+00	  0.3289E-03
  0.1459E+01	  0.1569E+00	  0.3429E-03
  0.1503E+01	  0.1519E+00	  0.3574E-03
  0.1546E+01	  0.1472E+00	  0.3726E-03
  0.1590E+01	  0.1427E+00	  0.3884E-03
  0.1634E+01	  0.1383E+00	  0.4045E-03
  0.1677E+01	  0.1342E+00	  0.4210E-03
  0.1721E+01	  0.1302E+00	  0.4376E-03
  0.1764E+01	  0.1264E+00	  0.4542E-03
  0.1808E+01	  0.1227E+00	  0.4711E-03
  0.1851E+01	  0.1192E+00	  0.4884E-03
  0.1895E+01	  0.1158E+00	  0.5061E-03
  0.1938E+01	  0.1125E+00	  0.5242E-03
  0.1982E+01	  0.1094E+00	  0.5430E-03
  0.2026E+01	  0.1063E+00	  0.5627E-03
  0.2069E+01	  0.1034E+00	  0.5836E-03
  0.2113E+01	  0.1006E+00	  0.6050E-03
  0.2156E+01	  0.9783E-01	  0.6270E-03
  0.2200E+01	  0.9518E-01	  0.6494E-03
  0.2243E+01	  0.9262E-01	  0.6724E-03
  0.2287E+01	  0.9014E-01	  0.6957E-03
  0.2330E+01	  0.8774E-01	  0.7196E-03
  0.2374E+01	  0.8542E-01	  0.7439E-03
  0.2418E+01	  0.8317E-01	  0.7688E-03
  0.2461E+01	  0.8098E-01	  0.7941E-03
  0.2505E+01	  0.7887E-01	  0.8201E-03
  0.2548E+01	  0.7681E-01	  0.8469E-03
  0.2592E+01	  0.7482E-01	  0.8744E-03
  0.2635E+01	  0.7288E-01	  0.9024E-03
  0.2679E+01	  0.7101E-01	  0.9309E-03
  0.2723E+01	  0.6918E-01	  0.9599E-03
  0.2766E+01	  0.6741E-01	  0.9894E-03
  0.2810E+01	  0.6569E-01	  0.1019E-02
  0.2853E+01	  0.6402E-01	  0.1050E-02
  0.2897E+01	  0.6239E-01	  0.1081E-02
  0.2940E+01	  0.6081E-01	  0.1113E-02
  0.2984E+01	  0.5927E-01	  0.1145E-02
  0.3027E+01	  0.5777E-01	  0.1177E-02
  0.3071E+01	  0.5632E-01	  0.1210E-02
  0.3115E+01	  0.5490E-01	  0.1243E-02
  0.3158E+01	  0.5352E-01	  0.1276E-02
  0.3202E+01	  0.5218E-01	  0.1310E-02
  0.3245E+01	  0.5087E-01	  0.1345E-02
  0.3289E+01	  0.4960E-01	  0.1380E-02
  0.3332E+01	  0.4836E-01	  0.1416E-02
  0.3376E+01	  0.4715E-01	  0.1452E-02
  0.3419E+01	  0.4598E-01	  0.1489E-02
  0.3463E+01	  0.4483E-01	  0.1526E-02
  0.3507E+01	  0.4372E-01	  0.1564E-02
  0.3550E+01	  0.4263E-01	  0.1602E-02
  0.3594E+01	  0.4157E-01	  0.1640E-02
  0.3637E+01	  0.4054E-01	  0.1680E-02
  0.3681E+01	  0.3954E-01	  0.1719E-02
  0.3724E+01	  0.3856E-01	  0.1759E-02
  0.3768E+01	  0.3760E-01	  0.1800E-02
  0.3812E+01	  0.3667E-01	  0.1841E-02
  0.3855E+01	  0.3576E-01	  0.1883E-02
  0.3899E+01	  0.3488E-01	  0.1925E-02
  0.3942E+01	  0.3401E-01	  0.1968E-02
  0.3986E+01	  0.3317E-01	  0.2013E-02
  0.4029E+01	  0.3235E-01	  0.2060E-02
  0.4073E+01	  0.3155E-01	  0.2109E-02
  0.4116E+01	  0.3077E-01	  0.2160E-02
  0.4160E+01	  0.3001E-01	  0.2211E-02
  0.4204E+01	  0.2927E-01	  0.2263E-02
  0.4247E+01	  0.2854E-01	  0.2316E-02
  0.4291E+01	  0.2784E-01	  0.2369E-02
  0.4334E+01	  0.2715E-01	  0.2423E-02
  0.4378E+01	  0.2648E-01	  0.2477E-02
  0.4421E+01	  0.2582E-01	  0.2533E-02
  0.4465E+01	  0.2518E-01	  0.2589E-02
  0.4508E+01	  0.2456E-01	  0.2645E-02
  0.4552E+01	  0.2395E-01	  0.2702E-02
  0.4596E+01	  0.2336E-01	  0.2760E-02
  0.4639E+01	  0.2278E-01	  0.2819E-02
  0.4683E+01	  0.2221E-01	  0.2878E-02
  0.4726E+01	  0.2166E-01	  0.2938E-02
  0.4770E+01	  0.2112E-01	  0.2998E-02
  0.4813E+01	  0.2060E-01	  0.3059E-02
  0.4857E+01	  0.2008E-01	  0.3121E-02
  0.4901E+01	  0.1958E-01	  0.3184E-02
  0.4944E+01	  0.1909E-01	  0.3247E-02
  0.4988E+01	  0.1862E-01	  0.3311E-02
  0.5031E+01	  0.1815E-01	  0.3377E-02
  0.5075E+01	  0.1770E-01	  0.3443E-02
  0.5118E+01	  0.1725E-01	  0.3511E-02
  0.5162E+01	  0.1682E-01	  0.3579E-02
  0.5205E+01	  0.1640E-01	  0.3649E-02
  0.5249E+01	  0.1599E-01	  0.3718E-02
  0.5293E+01	  0.1558E-01	  0.3789E-02
  0.5336E+01	  0.1519E-01	  0.3860E-02
  0.5380E+01	  0.1481E-01	  0.3932E-02
  0.5423E+01	  0.1443E-01	  0.4005E-02
  0.5467E+01	  0.1407E-01	  0.4079E-02
  0.5510E+01	  0.1371E-01	  0.4153E-02
  0.5554E+01	  0.1336E-01	  0.4228E-02
  0.5597E+01	  0.1302E-01	  0.4304E-02
  0.5641E+01	  0.1269E-01	  0.4380E-02
  0.5685E+01	  0.1237E-01	  0.4458E-02
  0.5728E+01	  0.1205E-01	  0.4536E-02
  0.5772E+01	  0.1174E-01	  0.4614E-02
  0.5815E+01	  0.1144E-01	  0.4694E-02
  0.5859E+01	  0.1114E-01	  0.4774E-02
  0.5902E+01	  0.1086E-01	  0.4855E-02
  0.5946E+01	  0.1058E-01	  0.4937E-02
  0.5990E+01	  0.1030E-01	  0.5019E-02
  0.6033E+01	  0.1003E-01	  0.5101E-02
  0.6077E+01	  0.9774E-02	  0.5184E-02
  0.6120E+01	  0.9519E-02	  0.5267E-02
  0.6164E+01	  0.9270E-02	  0.5351E-02
  0.6207E+01	  0.9027E-02	  0.5435E-02
  0.6251E+01	  0.8790E-02	  0.5521E-02
  0.6294E+01	  0.8559E-02	  0.5607E-02
  0.6338E+01	  0.8333E-02	  0.5694E-02
  0.6382E+01	  0.8113E-02	  0.5781E-02
  0.6425E+01	  0.7897E-02	  0.5870E-02
  0.6469E+01	  0.7687E-02	  0.5959E-02
  0.6512E+01	  0.7482E-02	  0.6049E-02
  0.6556E+01	  0.7282E-02	  0.6140E-02
  0.6599E+01	  0.7087E-02	  0.6232E-02
  0.6643E+01	  0.6897E-02	  0.6325E-02
  0.6686E+01	  0.6711E-02	  0.6419E-02
  0.6730E+01	  0.6529E-02	  0.6513E-02
  0.6774E+01	  0.6352E-02	  0.6609E-02
  0.6817E+01	  0.6179E-02	  0.6705E-02
  0.6861E+01	  0.6011E-02	  0.6802E-02
  0.6904E+01	  0.5846E-02	  0.6900E-02
  0.6948E+01	  0.5686E-02	  0.6998E-02
  0.6991E+01	  0.5529E-02	  0.7094E-02
  0.7035E+01	  0.5376E-02	  0.7191E-02
  0.7079E+01	  0.5227E-02	  0.7288E-02
  0.7122E+01	  0.5082E-02	  0.7384E-02
  0.7166E+01	  0.4940E-02	  0.7481E-02
  0.7209E+01	  0.4801E-02	  0.7578E-02
  0.7253E+01	  0.4667E-02	  0.7676E-02
  0.7296E+01	  0.4535E-02	  0.7775E-02
  0.7340E+01	  0.4407E-02	  0.7875E-02
  0.7383E+01	  0.4282E-02	  0.7976E-02
  0.7427E+01	  0.4160E-02	  0.8078E-02
  0.7471E+01	  0.4041E-02	  0.8181E-02
  0.7514E+01	  0.3925E-02	  0.8285E-02
  0.7558E+01	  0.3812E-02	  0.8391E-02
  0.7601E+01	  0.3701E-02	  0.8497E-02
  0.7645E+01	  0.3594E-02	  0.8604E-02
  0.7688E+01	  0.3489E-02	  0.8713E-02
  0.7732E+01	  0.3387E-02	  0.8822E-02
  0.7775E+01	  0.3288E-02	  0.8933E-02
  0.7819E+01	  0.3191E-02	  0.9045E-02
  0.7863E+01	  0.3096E-02	  0.9158E-02
  0.7906E+01	  0.3004E-02	  0.9273E-02
  0.7950E+01	  0.2914E-02	  0.9389E-02
  0.7993E+01	  0.2827E-02	  0.9506E-02
  0.8037E+01	  0.2742E-02	  0.9624E-02
  0.8080E+01	  0.2659E-02	  0.9744E-02
  0.8124E+01	  0.2578E-02	  0.9866E-02
  0.8168E+01	  0.2499E-02	  0.9988E-02
  0.8211E+01	  0.2423E-02	  0.1011E-01
  0.8255E+01	  0.2348E-02	  0.1024E-01
  0.8298E+01	  0.2275E-02	  0.1037E-01
  0.8342E+01	  0.2204E-02	  0.1049E-01
  0.8385E+01	  0.2135E-02	  0.1063E-01
  0.8429E+01	  0.2068E-02	  0.1076E-01
  0.8472E+01	  0.2003E-02	  0.1089E-01
  0.8516E+01	  0.1939E-02	  0.1103E-01
  0.8560E+01	  0.1877E-02	  0.1117E-01
  0.8603E+01	  0.1817E-02	  0.1131E-01
  0.8647E+01	  0.1758E-02	  0.1145E-01
  0.8690E+01	  0.1701E-02	  0.1159E-01
  0.8734E+01	  0.1645E-02	  0.1174E-01
  0.8777E+01	  0.1591E-02	  0.1189E-01
  0.8821E+01	  0.1539E-02	  0.1204E-01
  0.8864E+01	  0.1488E-02	  0.1219E-01
  0.8908E+01	  0.1438E-02	  0.1235E-01
  0.8952E+01	  0.1389E-02	  0.1250E-01
  0.8995E+01	  0.1342E-02	  0.1266E-01
  0.9039E+01	  0.1297E-02	  0.1282E-01
  0.9082E+01	  0.1252E-02	  0.1299E-01
  0.9126E+01	  0.1209E-02	  0.1315E-01
  0.9169E+01	  0.1167E-02	  0.1332E-01
  0.9213E+01	  0.1126E-02	  0.1350E-01
  0.9257E+01	  0.1086E-02	  0.1367E-01
  0.9300E+01	  0.1048E-02	  0.1385E-01
  0.9344E+01	  0.1010E-02	  0.1404E-01
  0.9387E+01	  0.9736E-03	  0.1423E-01
  0.9431E+01	  0.9383E-03	  0.1442E-01
  0.9474E+01	  0.9039E-03	  0.1461E-01
  0.9518E+01	  0.8705E-03	  0.1481E-01
  0.9561E+01	  0.8381E-03	  0.1502E-01
  0.9605E+01	  0.8067E-03	  0.1523E-01
  0.9649E+01	  0.7761E-03	  0.1545E-01
  0.9692E+01	  0.7465E-03	  0.1566E-01
  0.9736E+01	  0.7177E-03	  0.1589E-01
  0.9779E+01	  0.6898E-03	  0.1612E-01
  0.9823E+01	  0.6627E-03	  0.1636E-01
  0.9866E+01	  0.6365E-03	  0.1660E-01
  0.9910E+01	  0.6110E-03	  0.1685E-01
  0.9953E+01	  0.5863E-03	  0.1711E-01
  0.9997E+01	  0.5623E-03	  0.1738E-01
  0.1004E+02	  0.5391E-03	  0.1765E-01
  0.1008E+02	  0.5166E-03	  0.1791E-01
  0.1013E+02	  0.4948E-03	  0.1817E-01
  0.1017E+02	  0.4737E-03	  0.1845E-01
  0.1021E+02	  0.4533E-03	  0.1874E-01
  0.1026E+02	  0.4335E-03	  0.1903E-01
  0.1030E+02	  0.4143E-03	  0.1935E-01
  0.1035E+02	  0.3958E-03	  0.1967E-01
  0.1039E+02	  0.3778E-03	  0.2001E-01
  0.1043E+02	  0.3605E-03	  0.2037E-01
  0.1048E+02	  0.3437E-03	  0.2074E-01
  0.1052E+02	  0.3274E-03	  0.2113E-01
  0.1056E+02	  0.3117E-03	  0.2155E-01
  0.1061E+02	  0.2965E-03	  0.2197E-01
  0.1065E+02	  0.2818E-03	  0.2241E-01
  0.1069E+02	  0.2676E-03	  0.2287E-01
  0.1074E+02	  0.2539E-03	  0.2335E-01
  0.1078E+02	  0.2406E-03	  0.2387E-01
  0.1082E+02	  0.2278E-03	  0.2442E-01
  0.1087E+02	  0.2154E-03	  0.2500E-01
  0.1091E+02	  0.2035E-03	  0.2563E-01
  0.1096E+02	  0.1919E-03	  0.2631E-01
  0.1100E+02	  0.1808E-03	  0.2704E-01
  0.1104E+02	  0.1700E-03	  0.2783E-01
  0.1109E+02	  0.1596E-03	  0.2869E-01
  0.1113E+02	  0.1496E-03	  0.2962E-01
  0.1117E+02	  0.1399E-03	  0.3064E-01
  0.1122E+02	  0.1306E-03	  0.3177E-01
  0.1126E+02	  0.1215E-03	  0.3301E-01
  0.1130E+02	  0.1128E-03	  0.3438E-01
  0.1135E+02	  0.1044E-03	  0.3592E-01
  0.1139E+02	  0.9635E-04	  0.3765E-01
  0.1143E+02	  0.8854E-04	  0.3960E-01
  0.1148E+02	  0.8101E-04	  0.4183E-01
  0.1152E+02	  0.7375E-04	  0.4440E-01
  0.1157E+02	  0.6675E-04	  0.4726E-01
  0.1161E+02	  0.6005E-04	  0.5005E-01
  0.1165E+02	  0.5373E-04	  0.5210E-01
  0.1170E+02	  0.4795E-04	  0.5340E-01
  0.1174E+02	  0.4269E-04	  0.5489E-01
  0.1178E+02	  0.3787E-04	  0.5667E-01
  0.1183E+02	  0.3348E-04	  0.5799E-01
  0.1187E+02	  0.2956E-04	  0.5823E-01
  0.1191E+02	  0.2613E-04	  0.5830E-01
  0.1196E+02	  0.2307E-04	  0.5927E-01
  0.1200E+02	  0.2032E-04	  0.6063E-01
  0.1204E+02	  0.1784E-04	  0.6218E-01
  0.1209E+02	  0.1562E-04	  0.6387E-01
  0.1213E+02	  0.1363E-04	  0.6569E-01
  0.1218E+02	  0.1185E-04	  0.6758E-01
  0.1222E+02	  0.1026E-04	  0.6952E-01
  0.1226E+02	  0.8857E-05	  0.7141E-01
  0.1231E+02	  0.7617E-05	  0.7320E-01
  0.1235E+02	  0.6529E-05	  0.7492E-01
  0.1239E+02	  0.5579E-05	  0.7664E-01
  0.1244E+02	  0.4752E-05	  0.7832E-01
  0.1248E+02	  0.4036E-05	  0.7991E-01
  0.1252E+02	  0.3418E-05	  0.8134E-01
  0.1257E+02	  0.2888E-05	  0.8258E-01
  0.1261E+02	  0.2435E-05	  0.8357E-01
  0.1265E+02	  0.2051E-05	  0.8433E-01
  0.1270E+02	  0.1725E-05	  0.8490E-01
  0.1274E+02	  0.1450E-05	  0.8529E-01
  0.1278E+02	  0.1219E-05	  0.8555E-01
  0.1283E+02	  0.1024E-05	  0.8576E-01
  0.1287E+02	  0.8607E-06	  0.8625E-01
  0.1292E+02	  0.7221E-06	  0.8712E-01
  0.1296E+02	  0.6049E-06	  0.8842E-01
  0.1300E+02	  0.5050E-06	  0.8991E-01
  0.1305E+02	  0.4210E-06	  0.8877E-01
  0.1309E+02	  0.3539E-06	  0.8545E-01
  0.1313E+02	  0.2988E-06	  0.8448E-01
  0.1318E+02	  0.2521E-06	  0.8462E-01
  0.1322E+02	  0.2129E-06	  0.8397E-01
  0.1326E+02	  0.1802E-06	  0.8362E-01
  0.1331E+02	  0.1524E-06	  0.8443E-01
  0.1335E+02	  0.1286E-06	  0.8609E-01
  0.1339E+02	  0.1081E-06	  0.8823E-01
  0.1344E+02	  0.9046E-07	  0.9038E-01
  0.1348E+02	  0.7543E-07	  0.9223E-01
  0.1353E+02	  0.6272E-07	  0.9393E-01
  0.1357E+02	  0.5198E-07	  0.9575E-01
  0.1361E+02	  0.4294E-07	  0.9757E-01
  0.1366E+02	  0.3535E-07	  0.9941E-01
  0.1370E+02	  0.2901E-07	  0.1013E+00
  0.1374E+02	  0.2372E-07	  0.1033E+00
  0.1379E+02	  0.1933E-07	  0.1054E+00
  0.1383E+02	  0.1569E-07	  0.1076E+00
  0.1387E+02	  0.1268E-07	  0.1100E+00
  0.1392E+02	  0.1020E-07	  0.1125E+00
  0.1396E+02	  0.8172E-08	  0.1150E+00
  0.1400E+02	  0.6516E-08	  0.1175E+00
  0.1405E+02	  0.5173E-08	  0.1200E+00
  0.1409E+02	  0.4089E-08	  0.1225E+00
  0.1414E+02	  0.3217E-08	  0.1250E+00
  0.1418E+02	  0.2521E-08	  0.1275E+00
  0.1422E+02	  0.1966E-08	  0.1300E+00
  0.1427E+02	  0.1526E-08	  0.1326E+00
  0.1431E+02	  0.1180E-08	  0.1351E+00
  0.1435E+02	  0.9080E-09	  0.1376E+00
  0.1440E+02	  0.6958E-09	  0.1401E+00
  0.1444E+02	  0.5310E-09	  0.1425E+00
  0.1448E+02	  0.4035E-09	  0.1449E+00
  0.1453E+02	  0.3054E-09	  0.1473E+00
  0.1457E+02	  0.2302E-09	  0.1496E+00
  0.1461E+02	  0.1729E-09	  0.1519E+00
  0.1466E+02	  0.1293E-09	  0.1542E+00
  0.1470E+02	  0.9637E-10	  0.1564E+00
  0.1475E+02	  0.7155E-10	  0.1587E+00
  0.1479E+02	  0.5292E-10	  0.1609E+00
  0.1483E+02	  0.3900E-10	  0.1630E+00
  0.1488E+02	  0.2865E-10	  0.1651E+00
  0.1492E+02	  0.2097E-10	  0.1672E+00
  0.1496E+02	  0.1530E-10	  0.1691E+00
  0.1501E+02	  0.1113E-10	  0.1709E+00
  0.1505E+02	  0.8074E-11	  0.1725E+00
  0.1509E+02	  0.5844E-11	  0.1741E+00
  0.1514E+02	  0.4219E-11	  0.1757E+00
  0.1518E+02	  0.3038E-11	  0.1773E+00
  0.1522E+02	  0.2182E-11	  0.1789E+00
  0.1527E+02	  0.1564E-11	  0.1805E+00
  0.1531E+02	  0.1118E-11	  0.1820E+00
  0.1535E+02	  0.7971E-12	  0.1836E+00
  0.1540E+02	  0.5671E-12	  0.1852E+00
  0.1544E+02	  0.4025E-12	  0.1867E+00
  0.1549E+02	  0.2849E-12	  0.1883E+00
  0.1553E+02	  0.2013E-12	  0.1898E+00
  0.1557E+02	  0.1418E-12	  0.1914E+00
  0.1562E+02	  0.9968E-13	  0.1930E+00
  0.1566E+02	  0.6989E-13	  0.1947E+00
  0.1570E+02	  0.4887E-13	  0.1965E+00
  0.1575E+02	  0.3407E-13	  0.1986E+00
  0.1579E+02	  0.2366E-13	  0.2011E+00
  0.1583E+02	  0.1636E-13	  0.2036E+00
  0.1588E+02	  0.1127E-13	  0.2061E+00
  0.1592E+02	  0.7737E-14	  0.2086E+00
  0.1596E+02	  0.5290E-14	  0.2109E+00
  0.1601E+02	  0.3604E-14	  0.2131E+00
  0.1605E+02	  0.2448E-14	  0.2153E+00
  0.1610E+02	  0.1657E-14	  0.2173E+00
  0.1614E+02	  0.1118E-14	  0.2194E+00
  0.1618E+02	  0.7524E-15	  0.2214E+00
  0.1623E+02	  0.5046E-15	  0.2235E+00
  0.1627E+02	  0.3374E-15	  0.2255E+00
  0.1631E+02	  0.2249E-15	  0.2276E+00
  0.1636E+02	  0.1495E-15	  0.2296E+00
  0.1640E+02	  0.9906E-16	  0.2316E+00
  0.1644E+02	  0.6544E-16	  0.2336E+00
  0.1649E+02	  0.4311E-16	  0.2356E+00
  0.1653E+02	  0.2831E-16	  0.2377E+00
  0.1657E+02	  0.1853E-16	  0.2397E+00
  0.1662E+02	  0.1210E-16	  0.2418E+00
  0.1666E+02	  0.7873E-17	  0.2438E+00
  0.1671E+02	  0.5109E-17	  0.2458E+00
  0.1675E+02	  0.3305E-17	  0.2479E+00
  0.1679E+02	  0.2132E-17	  0.2499E+00
  0.1684E+02	  0.1372E-17	  0.2519E+00
  0.1688E+02	  0.8797E-18	  0.2538E+00
  0.1692E+02	  0.5627E-18	  0.2558E+00
  0.1697E+02	  0.3589E-18	  0.2577E+00
  0.1701E+02	  0.2283E-18	  0.2596E+00
  0.1705E+02	  0.1448E-18	  0.2615E+00
  0.1710E+02	  0.9165E-19	  0.2633E+00
  0.1714E+02	  0.5785E-19	  0.2651E+00
  0.1718E+02	  0.3642E-19	  0.2670E+00
  0.1723E+02	  0.2287E-19	  0.2688E+00
  0.1727E+02	  0.1433E-19	  0.2706E+00
  0.1732E+02	  0.8953E-20	  0.2723E+00
  0.1736E+02	  0.5580E-20	  0.2741E+00
  0.1740E+02	  0.3470E-20	  0.2759E+00
  0.1745E+02	  0.2152E-20	  0.2777E+00
  0.1749E+02	  0.1331E-20	  0.2795E+00
  0.1753E+02	  0.8217E-21	  0.2813E+00
  0.1758E+02	  0.5059E-21	  0.2831E+00
  0.1762E+02	  0.3107E-21	  0.2849E+00
  0.1766E+02	  0.1904E-21	  0.2867E+00
  0.1771E+02	  0.1163E-21	  0.2884E+00
  0.1775E+02	  0.7093E-22	  0.2902E+00
  0.1779E+02	  0.4314E-22	  0.2920E+00
  0.1784E+02	  0.2618E-22	  0.2937E+00
  0.1788E+02	  0.1585E-22	  0.2955E+00
  0.1792E+02	  0.9571E-23	  0.2972E+00
  0.1797E+02	  0.5768E-23	  0.2989E+00
  0.1801E+02	  0.3468E-23	  0.3005E+00
  0.1806E+02	  0.2081E-23	  0.3021E+00
  0.1810E+02	  0.1247E-23	  0.3037E+00
  0.1814E+02	  0.7451E-24	  0.3052E+00
  0.1819E+02	  0.4445E-24	  0.3067E+00
 
 
R4  
------------------------------------------------------------
Electric field / N (Td)                    15.00    
Angular frequency / N (m3/s)              0.4724E-12
Cosine of E-B field angle                  0.000    
Gas temperature (K)                        300.0    
Excitation temperature (K)                 300.0    
Transition energy (eV)                     0.000    
Ionization degree                          0.000    
Plasma density (1/m3)                     0.1000E+19
Ion charge parameter                       1.000    
Ion/neutral mass ratio                     1.000    
Coulomb collision model                    1.000    
Energy sharing                             0.000    
Growth model                               1.000    
Maxwellian mean energy (eV)                0.000    
# of grid points                           500.0    
Grid type                                  1.000    
Maximum energy                             30.00    
Precision                                 0.1000E-24
Convergence                               0.1000E-03
Maximum # of iterations                   0.2000E+05
Mole fraction Ar                           1.000    
------------------------------------------------------------
Mean energy (eV)                           1.291    
Mobility *N (1/m/V/s)                     0.1606E+27
Re/perp mobility *N (1/m/V/s)             0.2888E+23
Im/Hall mobility *N (1/m/V/s)            -0.3625E+24
Diffusion coefficient *N (1/m/s)          0.2912E+26
Energy mobility *N (1/m/V/s)              0.3769E+26
Energy diffusion coef. *N (1/m/s)         0.1201E+26
Total collision freq. /N (m3/s)           0.2133E-13
Momentum frequency /N (m3/s)              0.3686E-13
Total ionization freq. /N (m3/s)          0.4732E-25
Power /N (eV m3/s)                        0.6498E-17
Elastic power loss /N (eV m3/s)           0.3027E-17
Inelastic power loss /N (eV m3/s)         0.3470E-17
Growth power /N (eV m3/s)                 0.6110E-25
Maximum energy                             24.08    
# of iterations                            10.00    
# of grid trials                           2.000    
------------------------------------------------------------
Rate coefficients (m3/s)
C1    Ar    Elastic                       0.2133E-13
C2    Ar    Excitation    11.55 eV        0.1137E-18
C3    Ar    Excitation    11.62 eV        0.8858E-19
C4    Ar    Excitation    11.72 eV        0.1581E-19
C5    Ar    Excitation    11.83 eV        0.7564E-19
C6    Ar    Excitation    12.91 eV        0.1879E-20
C7    Ar    Excitation    13.08 eV        0.4052E-21
C8    Ar    Excitation    13.10 eV        0.2697E-21
C9    Ar    Excitation    13.15 eV        0.1295E-21
C10   Ar    Excitation    13.17 eV        0.2197E-21
C11   Ar    Excitation    13.27 eV        0.4705E-22
C12   Ar    Excitation    13.28 eV        0.9209E-22
C13   Ar    Excitation    13.30 eV        0.7438E-22
C14   Ar    Excitation    13.33 eV        0.9016E-22
C15   Ar    Excitation    13.48 eV        0.1047E-21
C16   Ar    Excitation    13.85 eV        0.2926E-22
C17   Ar    Excitation    13.86 eV        0.1215E-21
C18   Ar    Excitation    13.90 eV        0.5632E-22
C19   Ar    Excitation    13.98 eV        0.5898E-22
C20   Ar    Excitation    14.01 eV        0.1549E-22
C21   Ar    Excitation    14.06 eV        0.1263E-22
C22   Ar    Excitation    14.07 eV        0.1243E-22
C23   Ar    Excitation    14.09 eV        0.3007E-24
C24   Ar    Excitation    14.10 eV        0.1512E-23
C25   Ar    Excitation    14.15 eV        0.6418E-24
C26   Ar    Excitation    14.21 eV        0.1051E-22
C27   Ar    Excitation    14.23 eV        0.6770E-23
C28   Ar    Excitation    14.24 eV        0.1477E-23
C29   Ar    Excitation    14.24 eV        0.1442E-23
C30   Ar    Excitation    14.26 eV        0.5824E-25
C31   Ar    Excitation    14.30 eV        0.3827E-24
C32   Ar    Excitation    14.71 eV        0.9786E-27
C33   Ar    Excitation    14.85 eV        0.3552E-26
C34   Ar    Excitation    14.86 eV        0.1125E-25
C35   Ar    Excitation    15.00 eV        0.2187E-26
C36   Ar    Excitation    15.02 eV        0.2082E-26
C37   Ar    Excitation    15.12 eV        0.2262E-27
C38   Ar    Excitation    15.19 eV        0.1595E-26
C39   Ar    Excitation    15.19 eV        0.1559E-26
C40   Ar    Excitation    15.31 eV        0.1386E-28
C41   Ar    Excitation    15.35 eV        0.7325E-29
C42   Ar    Excitation    15.36 eV        0.1008E-28
C43   Ar    Excitation    15.37 eV        0.1709E-27
C44   Ar    Excitation    15.37 eV        0.3636E-27
C45   Ar    Excitation    15.66 eV        0.3007E-27
C46   Ar    Ionization    15.76 eV        0.4732E-25
------------------------------------------------------------
Energy (eV) EEDF (eV-3/2) Anisotropy
  0.2408E-01	  0.5912E+01	  0.2364E-04
  0.7225E-01	  0.5580E+01	  0.2568E-04
  0.1204E+00	  0.5078E+01	  0.2976E-04
  0.1686E+00	  0.4319E+01	  0.3262E-04
  0.2168E+00	  0.3198E+01	  0.4129E-04
  0.2649E+00	  0.2102E+01	  0.5994E-04
  0.3131E+00	  0.1426E+01	  0.8574E-04
  0.3613E+00	  0.1041E+01	  0.1143E-03
  0.4094E+00	  0.8104E+00	  0.1417E-03
  0.4576E+00	  0.6603E+00	  0.1688E-03
  0.5058E+00	  0.5552E+00	  0.1959E-03
  0.5539E+00	  0.4776E+00	  0.2229E-03
  0.6021E+00	  0.4179E+00	  0.2504E-03
  0.6503E+00	  0.3703E+00	  0.2784E-03
  0.6984E+00	  0.3315E+00	  0.3072E-03
  0.7466E+00	  0.2992E+00	  0.3366E-03
  0.7948E+00	  0.2719E+00	  0.3663E-03
  0.8429E+00	  0.2486E+00	  0.3965E-03
  0.8911E+00	  0.2284E+00	  0.4270E-03
  0.9393E+00	  0.2109E+00	  0.4577E-03
  0.9874E+00	  0.1955E+00	  0.4882E-03
  0.1036E+01	  0.1819E+00	  0.5181E-03
  0.1084E+01	  0.1697E+00	  0.5475E-03
  0.1132E+01	  0.1586E+00	  0.5768E-03
  0.1180E+01	  0.1486E+00	  0.6059E-03
  0.1228E+01	  0.1395E+00	  0.6349E-03
  0.1276E+01	  0.1313E+00	  0.6636E-03
  0.1325E+01	  0.1237E+00	  0.6917E-03
  0.1373E+01	  0.1168E+00	  0.7194E-03
  0.1421E+01	  0.1105E+00	  0.7471E-03
  0.1469E+01	  0.1046E+00	  0.7748E-03
  0.1517E+01	  0.9924E-01	  0.8030E-03
  0.1565E+01	  0.9428E-01	  0.8310E-03
  0.1614E+01	  0.8970E-01	  0.8584E-03
  0.1662E+01	  0.8546E-01	  0.8855E-03
  0.1710E+01	  0.8153E-01	  0.9124E-03
  0.1758E+01	  0.7787E-01	  0.9390E-03
  0.1806E+01	  0.7446E-01	  0.9657E-03
  0.1854E+01	  0.7127E-01	  0.9927E-03
  0.1903E+01	  0.6828E-01	  0.1020E-02
  0.1951E+01	  0.6547E-01	  0.1047E-02
  0.1999E+01	  0.6284E-01	  0.1075E-02
  0.2047E+01	  0.6036E-01	  0.1104E-02
  0.2095E+01	  0.5803E-01	  0.1133E-02
  0.2143E+01	  0.5584E-01	  0.1163E-02
  0.2192E+01	  0.5378E-01	  0.1193E-02
  0.2240E+01	  0.5183E-01	  0.1223E-02
  0.2288E+01	  0.4998E-01	  0.1253E-02
  0.2336E+01	  0.4824E-01	  0.1284E-02
  0.2384E+01	  0.4658E-01	  0.1314E-02
  0.2432E+01	  0.4502E-01	  0.1346E-02
  0.2481E+01	  0.4352E-01	  0.1377E-02
  0.2529E+01	  0.4211E-01	  0.1409E-02
  0.2577E+01	  0.4076E-01	  0.1442E-02
  0.2625E+01	  0.3948E-01	  0.1475E-02
  0.2673E+01	  0.3825E-01	  0.1508E-02
  0.2721E+01	  0.3708E-01	  0.1542E-02
  0.2770E+01	  0.3597E-01	  0.1576E-02
  0.2818E+01	  0.3490E-01	  0.1610E-02
  0.2866E+01	  0.3388E-01	  0.1645E-02
  0.2914E+01	  0.3290E-01	  0.1680E-02
  0.2962E+01	  0.3196E-01	  0.1716E-02
  0.3011E+01	  0.3107E-01	  0.1752E-02
  0.3059E+01	  0.3020E-01	  0.1788E-02
  0.3107E+01	  0.2937E-01	  0.1825E-02
  0.3155E+01	  0.2857E-01	  0.1862E-02
  0.3203E+01	  0.2781E-01	  0.1899E-02
  0.3251E+01	  0.2707E-01	  0.1937E-02
  0.3300E+01	  0.2636E-01	  0.1976E-02
  0.3348E+01	  0.2567E-01	  0.2015E-02
  0.3396E+01	  0.2501E-01	  0.2054E-02
  0.3444E+01	  0.2437E-01	  0.2094E-02
  0.3492E+01	  0.2375E-01	  0.2134E-02
  0.3540E+01	  0.2315E-01	  0.2175E-02
  0.3589E+01	  0.2258E-01	  0.2217E-02
  0.3637E+01	  0.2202E-01	  0.2258E-02
  0.3685E+01	  0.2148E-01	  0.2301E-02
  0.3733E+01	  0.2096E-01	  0.2344E-02
  0.3781E+01	  0.2045E-01	  0.2387E-02
  0.3829E+01	  0.1996E-01	  0.2431E-02
  0.3878E+01	  0.1949E-01	  0.2476E-02
  0.3926E+01	  0.1902E-01	  0.2521E-02
  0.3974E+01	  0.1858E-01	  0.2567E-02
  0.4022E+01	  0.1814E-01	  0.2615E-02
  0.4070E+01	  0.1772E-01	  0.2666E-02
  0.4118E+01	  0.1732E-01	  0.2717E-02
  0.4167E+01	  0.1692E-01	  0.2769E-02
  0.4215E+01	  0.1654E-01	  0.2822E-02
  0.4263E+01	  0.1616E-01	  0.2876E-02
  0.4311E+01	  0.1580E-01	  0.2930E-02
  0.4359E+01	  0.1545E-01	  0.2984E-02
  0.4407E+01	  0.1511E-01	  0.3040E-02
  0.4456E+01	  0.1477E-01	  0.3096E-02
  0.4504E+01	  0.1445E-01	  0.3153E-02
  0.4552E+01	  0.1414E-01	  0.3210E-02
  0.4600E+01	  0.1383E-01	  0.3268E-02
  0.4648E+01	  0.1353E-01	  0.3327E-02
  0.4696E+01	  0.1324E-01	  0.3386E-02
  0.4745E+01	  0.1296E-01	  0.3446E-02
  0.4793E+01	  0.1268E-01	  0.3507E-02
  0.4841E+01	  0.1241E-01	  0.3569E-02
  0.4889E+01	  0.1215E-01	  0.3631E-02
  0.4937E+01	  0.1189E-01	  0.3694E-02
  0.4985E+01	  0.1164E-01	  0.3758E-02
  0.5034E+01	  0.1140E-01	  0.3823E-02
  0.5082E+01	  0.1116E-01	  0.3890E-02
  0.5130E+01	  0.1093E-01	  0.3957E-02
  0.5178E+01	  0.1070E-01	  0.4025E-02
  0.5226E+01	  0.1048E-01	  0.4094E-02
  0.5274E+01	  0.1026E-01	  0.4164E-02
  0.5323E+01	  0.1005E-01	  0.4235E-02
  0.5371E+01	  0.9847E-02	  0.4306E-02
  0.5419E+01	  0.9645E-02	  0.4378E-02
  0.5467E+01	  0.9447E-02	  0.4451E-02
  0.5515E+01	  0.9255E-02	  0.4525E-02
  0.5563E+01	  0.9066E-02	  0.4600E-02
  0.5612E+01	  0.8881E-02	  0.4676E-02
  0.5660E+01	  0.8700E-02	  0.4752E-02
  0.5708E+01	  0.8524E-02	  0.4830E-02
  0.5756E+01	  0.8351E-02	  0.4908E-02
  0.5804E+01	  0.8181E-02	  0.4987E-02
  0.5852E+01	  0.8016E-02	  0.5067E-02
  0.5901E+01	  0.7853E-02	  0.5149E-02
  0.5949E+01	  0.7694E-02	  0.5230E-02
  0.5997E+01	  0.7538E-02	  0.5313E-02
  0.6045E+01	  0.7386E-02	  0.5396E-02
  0.6093E+01	  0.7236E-02	  0.5480E-02
  0.6141E+01	  0.7090E-02	  0.5564E-02
  0.6190E+01	  0.6946E-02	  0.5649E-02
  0.6238E+01	  0.6805E-02	  0.5736E-02
  0.6286E+01	  0.6667E-02	  0.5823E-02
  0.6334E+01	  0.6532E-02	  0.5912E-02
  0.6382E+01	  0.6399E-02	  0.6001E-02
  0.6430E+01	  0.6269E-02	  0.6092E-02
  0.6479E+01	  0.6141E-02	  0.6183E-02
  0.6527E+01	  0.6016E-02	  0.6276E-02
  0.6575E+01	  0.5893E-02	  0.6370E-02
  0.6623E+01	  0.5773E-02	  0.6465E-02
  0.6671E+01	  0.5655E-02	  0.6561E-02
  0.6719E+01	  0.5538E-02	  0.6659E-02
  0.6768E+01	  0.5425E-02	  0.6757E-02
  0.6816E+01	  0.5313E-02	  0.6857E-02
  0.6864E+01	  0.5203E-02	  0.6958E-02
  0.6912E+01	  0.5096E-02	  0.7060E-02
  0.6960E+01	  0.4990E-02	  0.7163E-02
  0.7008E+01	  0.4886E-02	  0.7265E-02
  0.7057E+01	  0.4784E-02	  0.7368E-02
  0.7105E+01	  0.4684E-02	  0.7471E-02
  0.7153E+01	  0.4586E-02	  0.7575E-02
  0.7201E+01	  0.4490E-02	  0.7680E-02
  0.7249E+01	  0.4395E-02	  0.7786E-02
  0.7297E+01	  0.4302E-02	  0.7894E-02
  0.7346E+01	  0.4210E-02	  0.8003E-02
  0.7394E+01	  0.4121E-02	  0.8114E-02
  0.7442E+01	  0.4033E-02	  0.8226E-02
  0.7490E+01	  0.3946E-02	  0.8340E-02
  0.7538E+01	  0.3861E-02	  0.8455E-02
  0.7586E+01	  0.3777E-02	  0.8572E-02
  0.7635E+01	  0.3695E-02	  0.8691E-02
  0.7683E+01	  0.3614E-02	  0.8811E-02
  0.7731E+01	  0.3535E-02	  0.8934E-02
  0.7779E+01	  0.3457E-02	  0.9058E-02
  0.7827E+01	  0.3381E-02	  0.9184E-02
  0.7875E+01	  0.3306E-02	  0.9312E-02
  0.7924E+01	  0.3232E-02	  0.9442E-02
  0.7972E+01	  0.3159E-02	  0.9573E-02
  0.8020E+01	  0.3088E-02	  0.9707E-02
  0.8068E+01	  0.3018E-02	  0.9844E-02
  0.8116E+01	  0.2949E-02	  0.9982E-02
  0.8164E+01	  0.2882E-02	  0.1012E-01
  0.8213E+01	  0.2815E-02	  0.1027E-01
  0.8261E+01	  0.2750E-02	  0.1041E-01
  0.8309E+01	  0.2686E-02	  0.1056E-01
  0.8357E+01	  0.2623E-02	  0.1071E-01
  0.8405E+01	  0.2561E-02	  0.1086E-01
  0.8453E+01	  0.2500E-02	  0.1102E-01
  0.8502E+01	  0.2441E-02	  0.1118E-01
  0.8550E+01	  0.2382E-02	  0.1134E-01
  0.8598E+01	  0.2324E-02	  0.1151E-01
  0.8646E+01	  0.2268E-02	  0.1167E-01
  0.8694E+01	  0.2212E-02	  0.1185E-01
  0.8742E+01	  0.2157E-02	  0.1202E-01
  0.8791E+01	  0.2104E-02	  0.1220E-01
  0.8839E+01	  0.2051E-02	  0.1238E-01
  0.8887E+01	  0.1999E-02	  0.1257E-01
  0.8935E+01	  0.1948E-02	  0.1276E-01
  0.8983E+01	  0.1898E-02	  0.1295E-01
  0.9032E+01	  0.1849E-02	  0.1315E-01
  0.9080E+01	  0.1801E-02	  0.1335E-01
  0.9128E+01	  0.1753E-02	  0.1355E-01
  0.9176E+01	  0.1707E-02	  0.1376E-01
  0.9224E+01	  0.1661E-02	  0.1398E-01
  0.9272E+01	  0.1616E-02	  0.1420E-01
  0.9321E+01	  0.1572E-02	  0.1443E-01
  0.9369E+01	  0.1529E-02	  0.1466E-01
  0.9417E+01	  0.1486E-02	  0.1490E-01
  0.9465E+01	  0.1444E-02	  0.1514E-01
  0.9513E+01	  0.1403E-02	  0.1539E-01
  0.9561E+01	  0.1363E-02	  0.1565E-01
  0.9610E+01	  0.1324E-02	  0.1592E-01
  0.9658E+01	  0.1285E-02	  0.1619E-01
  0.9706E+01	  0.1247E-02	  0.1647E-01
  0.9754E+01	  0.1209E-02	  0.1676E-01
  0.9802E+01	  0.1173E-02	  0.1706E-01
  0.9850E+01	  0.1137E-02	  0.1737E-01
  0.9899E+01	  0.1101E-02	  0.1768E-01
  0.9947E+01	  0.1067E-02	  0.1801E-01
  0.9995E+01	  0.1033E-02	  0.1835E-01
  0.1004E+02	  0.9991E-03	  0.1870E-01
  0.1009E+02	  0.9664E-03	  0.1905E-01
  0.1014E+02	  0.9342E-03	  0.1940E-01
  0.1019E+02	  0.9027E-03	  0.1978E-01
  0.1024E+02	  0.8717E-03	  0.2017E-01
  0.1028E+02	  0.8414E-03	  0.2057E-01
  0.1033E+02	  0.8116E-03	  0.2100E-01
  0.1038E+02	  0.7825E-03	  0.2144E-01
  0.1043E+02	  0.7539E-03	  0.2190E-01
  0.1048E+02	  0.7258E-03	  0.2239E-01
  0.1052E+02	  0.6983E-03	  0.2290E-01
  0.1057E+02	  0.6714E-03	  0.2344E-01
  0.1062E+02	  0.6449E-03	  0.2400E-01
  0.1067E+02	  0.6191E-03	  0.2458E-01
  0.1072E+02	  0.5937E-03	  0.2519E-01
  0.1077E+02	  0.5688E-03	  0.2584E-01
  0.1081E+02	  0.5444E-03	  0.2653E-01
  0.1086E+02	  0.5206E-03	  0.2726E-01
  0.1091E+02	  0.4972E-03	  0.2804E-01
  0.1096E+02	  0.4742E-03	  0.2888E-01
  0.1101E+02	  0.4518E-03	  0.2978E-01
  0.1105E+02	  0.4298E-03	  0.3075E-01
  0.1110E+02	  0.4082E-03	  0.3180E-01
  0.1115E+02	  0.3871E-03	  0.3293E-01
  0.1120E+02	  0.3665E-03	  0.3416E-01
  0.1125E+02	  0.3462E-03	  0.3550E-01
  0.1130E+02	  0.3264E-03	  0.3697E-01
  0.1134E+02	  0.3070E-03	  0.3859E-01
  0.1139E+02	  0.2880E-03	  0.4038E-01
  0.1144E+02	  0.2694E-03	  0.4238E-01
  0.1149E+02	  0.2512E-03	  0.4461E-01
  0.1154E+02	  0.2334E-03	  0.4711E-01
  0.1158E+02	  0.2160E-03	  0.4972E-01
  0.1163E+02	  0.1990E-03	  0.5197E-01
  0.1168E+02	  0.1830E-03	  0.5355E-01
  0.1173E+02	  0.1679E-03	  0.5498E-01
  0.1178E+02	  0.1537E-03	  0.5666E-01
  0.1183E+02	  0.1403E-03	  0.5801E-01
  0.1187E+02	  0.1280E-03	  0.5862E-01
  0.1192E+02	  0.1167E-03	  0.5923E-01
  0.1197E+02	  0.1063E-03	  0.6053E-01
  0.1202E+02	  0.9657E-04	  0.6211E-01
  0.1207E+02	  0.8754E-04	  0.6384E-01
  0.1211E+02	  0.7915E-04	  0.6568E-01
  0.1216E+02	  0.7138E-04	  0.6759E-01
  0.1221E+02	  0.6419E-04	  0.6952E-01
  0.1226E+02	  0.5758E-04	  0.7141E-01
  0.1231E+02	  0.5151E-04	  0.7318E-01
  0.1236E+02	  0.4597E-04	  0.7488E-01
  0.1240E+02	  0.4094E-04	  0.7653E-01
  0.1245E+02	  0.3638E-04	  0.7810E-01
  0.1250E+02	  0.3226E-04	  0.7952E-01
  0.1255E+02	  0.2856E-04	  0.8075E-01
  0.1260E+02	  0.2525E-04	  0.8174E-01
  0.1264E+02	  0.2230E-04	  0.8250E-01
  0.1269E+02	  0.1968E-04	  0.8307E-01
  0.1274E+02	  0.1736E-04	  0.8347E-01
  0.1279E+02	  0.1531E-04	  0.8378E-01
  0.1284E+02	  0.1350E-04	  0.8408E-01
  0.1288E+02	  0.1190E-04	  0.8465E-01
  0.1293E+02	  0.1048E-04	  0.8549E-01
  0.1298E+02	  0.9215E-05	  0.8658E-01
  0.1303E+02	  0.8091E-05	  0.8646E-01
  0.1308E+02	  0.7129E-05	  0.8435E-01
  0.1313E+02	  0.6301E-05	  0.8336E-01
  0.1317E+02	  0.5566E-05	  0.8365E-01
  0.1322E+02	  0.4918E-05	  0.8362E-01
  0.1327E+02	  0.4347E-05	  0.8398E-01
  0.1332E+02	  0.3838E-05	  0.8534E-01
  0.1337E+02	  0.3379E-05	  0.8736E-01
  0.1341E+02	  0.2967E-05	  0.8964E-01
  0.1346E+02	  0.2596E-05	  0.9175E-01
  0.1351E+02	  0.2266E-05	  0.9368E-01
  0.1356E+02	  0.1973E-05	  0.9569E-01
  0.1361E+02	  0.1713E-05	  0.9772E-01
  0.1366E+02	  0.1483E-05	  0.9980E-01
  0.1370E+02	  0.1280E-05	  0.1020E+00
  0.1375E+02	  0.1102E-05	  0.1042E+00
  0.1380E+02	  0.9460E-06	  0.1066E+00
  0.1385E+02	  0.8092E-06	  0.1091E+00
  0.1390E+02	  0.6897E-06	  0.1117E+00
  0.1394E+02	  0.5858E-06	  0.1144E+00
  0.1399E+02	  0.4958E-06	  0.1171E+00
  0.1404E+02	  0.4181E-06	  0.1198E+00
  0.1409E+02	  0.3513E-06	  0.1225E+00
  0.1414E+02	  0.2941E-06	  0.1252E+00
  0.1419E+02	  0.2454E-06	  0.1279E+00
  0.1423E+02	  0.2040E-06	  0.1307E+00
  0.1428E+02	  0.1690E-06	  0.1334E+00
  0.1433E+02	  0.1395E-06	  0.1361E+00
  0.1438E+02	  0.1148E-06	  0.1387E+00
  0.1443E+02	  0.9409E-07	  0.1413E+00
  0.1447E+02	  0.7689E-07	  0.1439E+00
  0.1452E+02	  0.6262E-07	  0.1464E+00
  0.1457E+02	  0.5084E-07	  0.1489E+00
  0.1462E+02	  0.4115E-07	  0.1514E+00
  0.1467E+02	  0.3320E-07	  0.1538E+00
  0.1472E+02	  0.2671E-07	  0.1562E+00
  0.1476E+02	  0.2142E-07	  0.1585E+00
  0.1481E+02	  0.1713E-07	  0.1608E+00
  0.1486E+02	  0.1366E-07	  0.1631E+00
  0.1491E+02	  0.1087E-07	  0.1652E+00
  0.1496E+02	  0.8621E-08	  0.1672E+00
  0.1500E+02	  0.6824E-08	  0.1691E+00
  0.1505E+02	  0.5389E-08	  0.1709E+00
  0.1510E+02	  0.4248E-08	  0.1726E+00
  0.1515E+02	  0.3341E-08	  0.1743E+00
  0.1520E+02	  0.2623E-08	  0.1760E+00
  0.1525E+02	  0.2055E-08	  0.1778E+00
  0.1529E+02	  0.1607E-08	  0.1795E+00
  0.1534E+02	  0.1254E-08	  0.1812E+00
  0.1539E+02	  0.9764E-09	  0.1829E+00
  0.1544E+02	  0.7589E-09	  0.1846E+00
  0.1549E+02	  0.5887E-09	  0.1863E+00
  0.1553E+02	  0.4557E-09	  0.1880E+00
  0.1558E+02	  0.3521E-09	  0.1898E+00
  0.1563E+02	  0.2714E-09	  0.1916E+00
  0.1568E+02	  0.2088E-09	  0.1936E+00
  0.1573E+02	  0.1602E-09	  0.1959E+00
  0.1578E+02	  0.1226E-09	  0.1984E+00
  0.1582E+02	  0.9346E-10	  0.2011E+00
  0.1587E+02	  0.7104E-10	  0.2037E+00
  0.1592E+02	  0.5383E-10	  0.2063E+00
  0.1597E+02	  0.4067E-10	  0.2088E+00
  0.1602E+02	  0.3065E-10	  0.2111E+00
  0.1606E+02	  0.2303E-10	  0.2134E+00
  0.1611E+02	  0.1726E-10	  0.2156E+00
  0.1616E+02	  0.1291E-10	  0.2178E+00
  0.1621E+02	  0.9626E-11	  0.2200E+00
  0.1626E+02	  0.7161E-11	  0.2222E+00
  0.1630E+02	  0.5314E-11	  0.2244E+00
  0.1635E+02	  0.3933E-11	  0.2265E+00
  0.1640E+02	  0.2905E-11	  0.2287E+00
  0.1645E+02	  0.2140E-11	  0.2309E+00
  0.1650E+02	  0.1572E-11	  0.2330E+00
  0.1655E+02	  0.1152E-11	  0.2352E+00
  0.1659E+02	  0.8426E-12	  0.2374E+00
  0.1664E+02	  0.6146E-12	  0.2396E+00
  0.1669E+02	  0.4472E-12	  0.2418E+00
  0.1674E+02	  0.3247E-12	  0.2439E+00
  0.1679E+02	  0.2351E-12	  0.2460E+00
  0.1683E+02	  0.1699E-12	  0.2482E+00
  0.1688E+02	  0.1224E-12	  0.2503E+00
  0.1693E+02	  0.8805E-13	  0.2523E+00
  0.1698E+02	  0.6318E-13	  0.2544E+00
  0.1703E+02	  0.4524E-13	  0.2564E+00
  0.1708E+02	  0.3232E-13	  0.2583E+00
  0.1712E+02	  0.2304E-13	  0.2602E+00
  0.1717E+02	  0.1640E-13	  0.2622E+00
  0.1722E+02	  0.1164E-13	  0.2641E+00
  0.1727E+02	  0.8248E-14	  0.2660E+00
  0.1732E+02	  0.5833E-14	  0.2679E+00
  0.1736E+02	  0.4116E-14	  0.2698E+00
  0.1741E+02	  0.2899E-14	  0.2717E+00
  0.1746E+02	  0.2037E-14	  0.2736E+00
  0.1751E+02	  0.1429E-14	  0.2755E+00
  0.1756E+02	  0.1000E-14	  0.2774E+00
  0.1761E+02	  0.6986E-15	  0.2793E+00
  0.1765E+02	  0.4871E-15	  0.2812E+00
  0.1770E+02	  0.3389E-15	  0.2831E+00
  0.1775E+02	  0.2353E-15	  0.2850E+00
  0.1780E+02	  0.1631E-15	  0.2869E+00
  0.1785E+02	  0.1128E-15	  0.2887E+00
  0.1789E+02	  0.7788E-16	  0.2906E+00
  0.1794E+02	  0.5366E-16	  0.2924E+00
  0.1799E+02	  0.3691E-16	  0.2941E+00
  0.1804E+02	  0.2535E-16	  0.2958E+00
  0.1809E+02	  0.1738E-16	  0.2974E+00
  0.1814E+02	  0.1190E-16	  0.2990E+00
  0.1818E+02	  0.8129E-17	  0.3007E+00
  0.1823E+02	  0.5546E-17	  0.3023E+00
  0.1828E+02	  0.3778E-17	  0.3039E+00
  0.1833E+02	  0.2569E-17	  0.3055E+00
  0.1838E+02	  0.1745E-17	  0.3072E+00
  0.1842E+02	  0.1183E-17	  0.3088E+00
  0.1847E+02	  0.8007E-18	  0.3104E+00
  0.1852E+02	  0.5412E-18	  0.3120E+00
  0.1857E+02	  0.3652E-18	  0.3137E+00
  0.1862E+02	  0.2460E-18	  0.3153E+00
  0.1867E+02	  0.1655E-18	  0.3169E+00
  0.1871E+02	  0.1112E-18	  0.3185E+00
  0.1876E+02	  0.7454E-19	  0.3201E+00
  0.1881E+02	  0.4991E-19	  0.3217E+00
  0.1886E+02	  0.3337E-19	  0.3233E+00
  0.1891E+02	  0.2228E-19	  0.3249E+00
  0.1895E+02	  0.1485E-19	  0.3265E+00
  0.1900E+02	  0.9884E-20	  0.3279E+00
  0.1905E+02	  0.6571E-20	  0.3294E+00
  0.1910E+02	  0.4362E-20	  0.3308E+00
  0.1915E+02	  0.2892E-20	  0.3322E+00
  0.1919E+02	  0.1915E-20	  0.3336E+00
  0.1924E+02	  0.1266E-20	  0.3350E+00
  0.1929E+02	  0.8363E-21	  0.3364E+00
  0.1934E+02	  0.5516E-21	  0.3378E+00
  0.1939E+02	  0.3633E-21	  0.3392E+00
  0.1944E+02	  0.2390E-21	  0.3406E+00
  0.1948E+02	  0.1571E-21	  0.3420E+00
  0.1953E+02	  0.1031E-21	  0.3434E+00
  0.1958E+02	  0.6754E-22	  0.3447E+00
  0.1963E+02	  0.4421E-22	  0.3461E+00
  0.1968E+02	  0.2890E-22	  0.3475E+00
  0.1972E+02	  0.1887E-22	  0.3488E+00
  0.1977E+02	  0.1231E-22	  0.3502E+00
  0.1982E+02	  0.8015E-23	  0.3516E+00
  0.1987E+02	  0.5213E-23	  0.3530E+00
  0.1992E+02	  0.3387E-23	  0.3544E+00
  0.1997E+02	  0.2198E-23	  0.3558E+00
  0.2001E+02	  0.1425E-23	  0.3571E+00
  0.2006E+02	  0.9224E-24	  0.3585E+00
  0.2011E+02	  0.5966E-24	  0.3599E+00
 
 
R5  
------------------------------------------------------------
Electric field / N (Td)                    20.00    
Angular frequency / N (m3/s)              0.4724E-12
Cosine of E-B field angle                  0.000    
Gas temperature (K)                        300.0    
Excitation temperature (K)                 300.0    
Transition energy (eV)                     0.000    
Ionization degree                          0.000    
Plasma density (1/m3)                     0.1000E+19
Ion charge parameter                       1.000    
Ion/neutral mass ratio                     1.000    
Coulomb collision model                    1.000    
Energy sharing                             0.000    
Growth model                               1.000    
Maxwellian mean energy (eV)                0.000    
# of grid points                           500.0    
Grid type                                  1.000    
Maximum energy                             30.00    
Precision                                 0.1000E-24
Convergence                               0.1000E-03
Maximum # of iterations                   0.2000E+05
Mole fraction Ar                           1.000    
------------------------------------------------------------
Mean energy (eV)                           1.280    
Mobility *N (1/m/V/s)                     0.1577E+27
Re/perp mobility *N (1/m/V/s)             0.2819E+23
Im/Hall mobility *N (1/m/V/s)            -0.3628E+24
Diffusion coefficient *N (1/m/s)          0.2935E+26
Energy mobility *N (1/m/V/s)              0.3778E+26
Energy diffusion coef. *N (1/m/s)         0.1211E+26
Total collision freq. /N (m3/s)           0.2124E-13
Momentum frequency /N (m3/s)              0.3597E-13
Total ionization freq. /N (m3/s)          0.4230E-23
Power /N (eV m3/s)                        0.1127E-16
Elastic power loss /N (eV m3/s)           0.3117E-17
Inelastic power loss /N (eV m3/s)         0.8157E-17
Growth power /N (eV m3/s)                 0.5413E-23
Maximum energy                             30.00    
# of iterations                            5.000    
# of grid trials                           1.000    
------------------------------------------------------------
Rate coefficients (m3/s)
C1    Ar    Elastic                       0.2124E-13
C2    Ar    Excitation    11.55 eV        0.2545E-18
C3    Ar    Excitation    11.62 eV        0.1967E-18
C4    Ar    Excitation    11.72 eV        0.3697E-19
C5    Ar    Excitation    11.83 eV        0.1890E-18
C6    Ar    Excitation    12.91 eV        0.7455E-20
C7    Ar    Excitation    13.08 eV        0.2354E-20
C8    Ar    Excitation    13.10 eV        0.1583E-20
C9    Ar    Excitation    13.15 eV        0.8016E-21
C10   Ar    Excitation    13.17 eV        0.1348E-20
C11   Ar    Excitation    13.27 eV        0.3157E-21
C12   Ar    Excitation    13.28 eV        0.6202E-21
C13   Ar    Excitation    13.30 eV        0.4967E-21
C14   Ar    Excitation    13.33 eV        0.6053E-21
C15   Ar    Excitation    13.48 eV        0.7963E-21
C16   Ar    Excitation    13.85 eV        0.2839E-21
C17   Ar    Excitation    13.86 eV        0.1215E-20
C18   Ar    Excitation    13.90 eV        0.5880E-21
C19   Ar    Excitation    13.98 eV        0.6561E-21
C20   Ar    Excitation    14.01 eV        0.1779E-21
C21   Ar    Excitation    14.06 eV        0.1522E-21
C22   Ar    Excitation    14.07 eV        0.1505E-21
C23   Ar    Excitation    14.09 eV        0.4641E-23
C24   Ar    Excitation    14.10 eV        0.1899E-22
C25   Ar    Excitation    14.15 eV        0.1054E-22
C26   Ar    Excitation    14.21 eV        0.1462E-21
C27   Ar    Excitation    14.23 eV        0.9560E-22
C28   Ar    Excitation    14.24 eV        0.2108E-22
C29   Ar    Excitation    14.24 eV        0.2045E-22
C30   Ar    Excitation    14.26 eV        0.1061E-23
C31   Ar    Excitation    14.30 eV        0.7337E-23
C32   Ar    Excitation    14.71 eV        0.2940E-25
C33   Ar    Excitation    14.85 eV        0.1253E-24
C34   Ar    Excitation    14.86 eV        0.4018E-24
C35   Ar    Excitation    15.00 eV        0.9297E-25
C36   Ar    Excitation    15.02 eV        0.9049E-25
C37   Ar    Excitation    15.12 eV        0.1106E-25
C38   Ar    Excitation    15.19 eV        0.8488E-25
C39   Ar    Excitation    15.19 eV        0.8337E-25
C40   Ar    Excitation    15.31 eV        0.8607E-27
C41   Ar    Excitation    15.35 eV        0.4807E-27
C42   Ar    Excitation    15.36 eV        0.6691E-27
C43   Ar    Excitation    15.37 eV        0.1143E-25
C44   Ar    Excitation    15.37 eV        0.2458E-25
C45   Ar    Excitation    15.66 eV        0.2984E-25
C46   Ar    Ionization    15.76 eV        0.4230E-23
------------------------------------------------------------
Energy (eV) EEDF (eV-3/2) Anisotropy
  0.3000E-01	  0.5714E+01	  0.3088E-04
  0.9000E-01	  0.5302E+01	  0.3390E-04
  0.1500E+00	  0.4596E+01	  0.3995E-04
  0.2100E+00	  0.3365E+01	  0.5137E-04
  0.2700E+00	  0.2018E+01	  0.8206E-04
  0.3300E+00	  0.1282E+01	  0.1252E-03
  0.3900E+00	  0.9111E+00	  0.1702E-03
  0.4500E+00	  0.7017E+00	  0.2135E-03
  0.5100E+00	  0.5686E+00	  0.2567E-03
  0.5700E+00	  0.4764E+00	  0.3005E-03
  0.6300E+00	  0.4084E+00	  0.3457E-03
  0.6900E+00	  0.3559E+00	  0.3931E-03
  0.7500E+00	  0.3140E+00	  0.4425E-03
  0.8100E+00	  0.2797E+00	  0.4937E-03
  0.8700E+00	  0.2512E+00	  0.5466E-03
  0.9300E+00	  0.2271E+00	  0.6008E-03
  0.9900E+00	  0.2066E+00	  0.6558E-03
  0.1050E+01	  0.1889E+00	  0.7109E-03
  0.1110E+01	  0.1731E+00	  0.7665E-03
  0.1170E+01	  0.1592E+00	  0.8225E-03
  0.1230E+01	  0.1468E+00	  0.8789E-03
  0.1290E+01	  0.1356E+00	  0.9350E-03
  0.1350E+01	  0.1257E+00	  0.9900E-03
  0.1410E+01	  0.1167E+00	  0.1045E-02
  0.1470E+01	  0.1086E+00	  0.1100E-02
  0.1530E+01	  0.1013E+00	  0.1156E-02
  0.1590E+01	  0.9464E-01	  0.1210E-02
  0.1650E+01	  0.8863E-01	  0.1263E-02
  0.1710E+01	  0.8318E-01	  0.1314E-02
  0.1770E+01	  0.7821E-01	  0.1366E-02
  0.1830E+01	  0.7365E-01	  0.1417E-02
  0.1890E+01	  0.6947E-01	  0.1470E-02
  0.1950E+01	  0.6561E-01	  0.1523E-02
  0.2010E+01	  0.6205E-01	  0.1577E-02
  0.2070E+01	  0.5877E-01	  0.1631E-02
  0.2130E+01	  0.5574E-01	  0.1686E-02
  0.2190E+01	  0.5294E-01	  0.1741E-02
  0.2250E+01	  0.5034E-01	  0.1796E-02
  0.2310E+01	  0.4793E-01	  0.1852E-02
  0.2370E+01	  0.4568E-01	  0.1908E-02
  0.2430E+01	  0.4359E-01	  0.1964E-02
  0.2490E+01	  0.4163E-01	  0.2020E-02
  0.2550E+01	  0.3980E-01	  0.2077E-02
  0.2610E+01	  0.3809E-01	  0.2134E-02
  0.2670E+01	  0.3649E-01	  0.2191E-02
  0.2730E+01	  0.3499E-01	  0.2248E-02
  0.2790E+01	  0.3357E-01	  0.2306E-02
  0.2850E+01	  0.3224E-01	  0.2364E-02
  0.2910E+01	  0.3099E-01	  0.2422E-02
  0.2970E+01	  0.2981E-01	  0.2481E-02
  0.3030E+01	  0.2869E-01	  0.2540E-02
  0.3090E+01	  0.2763E-01	  0.2599E-02
  0.3150E+01	  0.2663E-01	  0.2658E-02
  0.3210E+01	  0.2568E-01	  0.2718E-02
  0.3270E+01	  0.2478E-01	  0.2779E-02
  0.3330E+01	  0.2392E-01	  0.2840E-02
  0.3390E+01	  0.2310E-01	  0.2902E-02
  0.3450E+01	  0.2232E-01	  0.2964E-02
  0.3510E+01	  0.2158E-01	  0.3027E-02
  0.3570E+01	  0.2088E-01	  0.3090E-02
  0.3630E+01	  0.2020E-01	  0.3155E-02
  0.3690E+01	  0.1956E-01	  0.3220E-02
  0.3750E+01	  0.1894E-01	  0.3285E-02
  0.3810E+01	  0.1835E-01	  0.3351E-02
  0.3870E+01	  0.1779E-01	  0.3419E-02
  0.3930E+01	  0.1725E-01	  0.3486E-02
  0.3990E+01	  0.1673E-01	  0.3556E-02
  0.4050E+01	  0.1623E-01	  0.3628E-02
  0.4110E+01	  0.1575E-01	  0.3702E-02
  0.4170E+01	  0.1529E-01	  0.3776E-02
  0.4230E+01	  0.1485E-01	  0.3852E-02
  0.4290E+01	  0.1443E-01	  0.3928E-02
  0.4350E+01	  0.1403E-01	  0.4005E-02
  0.4410E+01	  0.1364E-01	  0.4083E-02
  0.4470E+01	  0.1326E-01	  0.4161E-02
  0.4530E+01	  0.1290E-01	  0.4241E-02
  0.4590E+01	  0.1256E-01	  0.4321E-02
  0.4650E+01	  0.1222E-01	  0.4403E-02
  0.4710E+01	  0.1190E-01	  0.4485E-02
  0.4770E+01	  0.1159E-01	  0.4568E-02
  0.4830E+01	  0.1129E-01	  0.4652E-02
  0.4890E+01	  0.1100E-01	  0.4737E-02
  0.4950E+01	  0.1072E-01	  0.4823E-02
  0.5010E+01	  0.1044E-01	  0.4910E-02
  0.5070E+01	  0.1018E-01	  0.4999E-02
  0.5130E+01	  0.9926E-02	  0.5090E-02
  0.5190E+01	  0.9680E-02	  0.5181E-02
  0.5250E+01	  0.9441E-02	  0.5273E-02
  0.5310E+01	  0.9210E-02	  0.5367E-02
  0.5370E+01	  0.8986E-02	  0.5462E-02
  0.5430E+01	  0.8768E-02	  0.5558E-02
  0.5490E+01	  0.8557E-02	  0.5655E-02
  0.5550E+01	  0.8352E-02	  0.5753E-02
  0.5610E+01	  0.8153E-02	  0.5852E-02
  0.5670E+01	  0.7960E-02	  0.5953E-02
  0.5730E+01	  0.7772E-02	  0.6055E-02
  0.5790E+01	  0.7589E-02	  0.6159E-02
  0.5850E+01	  0.7411E-02	  0.6263E-02
  0.5910E+01	  0.7238E-02	  0.6370E-02
  0.5970E+01	  0.7070E-02	  0.6477E-02
  0.6030E+01	  0.6906E-02	  0.6585E-02
  0.6090E+01	  0.6746E-02	  0.6694E-02
  0.6150E+01	  0.6591E-02	  0.6805E-02
  0.6210E+01	  0.6439E-02	  0.6917E-02
  0.6270E+01	  0.6291E-02	  0.7031E-02
  0.6330E+01	  0.6147E-02	  0.7146E-02
  0.6390E+01	  0.6006E-02	  0.7263E-02
  0.6450E+01	  0.5868E-02	  0.7382E-02
  0.6510E+01	  0.5734E-02	  0.7502E-02
  0.6570E+01	  0.5603E-02	  0.7624E-02
  0.6630E+01	  0.5475E-02	  0.7748E-02
  0.6690E+01	  0.5350E-02	  0.7874E-02
  0.6750E+01	  0.5228E-02	  0.8002E-02
  0.6810E+01	  0.5108E-02	  0.8132E-02
  0.6870E+01	  0.4991E-02	  0.8264E-02
  0.6930E+01	  0.4877E-02	  0.8397E-02
  0.6990E+01	  0.4766E-02	  0.8532E-02
  0.7050E+01	  0.4656E-02	  0.8667E-02
  0.7110E+01	  0.4549E-02	  0.8804E-02
  0.7170E+01	  0.4445E-02	  0.8941E-02
  0.7230E+01	  0.4342E-02	  0.9082E-02
  0.7290E+01	  0.4242E-02	  0.9224E-02
  0.7350E+01	  0.4143E-02	  0.9369E-02
  0.7410E+01	  0.4047E-02	  0.9517E-02
  0.7470E+01	  0.3952E-02	  0.9667E-02
  0.7530E+01	  0.3860E-02	  0.9821E-02
  0.7590E+01	  0.3769E-02	  0.9977E-02
  0.7650E+01	  0.3680E-02	  0.1014E-01
  0.7710E+01	  0.3593E-02	  0.1030E-01
  0.7770E+01	  0.3508E-02	  0.1046E-01
  0.7830E+01	  0.3424E-02	  0.1063E-01
  0.7890E+01	  0.3342E-02	  0.1080E-01
  0.7950E+01	  0.3261E-02	  0.1098E-01
  0.8010E+01	  0.3182E-02	  0.1116E-01
  0.8070E+01	  0.3104E-02	  0.1134E-01
  0.8130E+01	  0.3028E-02	  0.1153E-01
  0.8190E+01	  0.2954E-02	  0.1172E-01
  0.8250E+01	  0.2880E-02	  0.1191E-01
  0.8310E+01	  0.2809E-02	  0.1211E-01
  0.8370E+01	  0.2738E-02	  0.1232E-01
  0.8430E+01	  0.2669E-02	  0.1253E-01
  0.8490E+01	  0.2601E-02	  0.1274E-01
  0.8550E+01	  0.2534E-02	  0.1296E-01
  0.8610E+01	  0.2469E-02	  0.1318E-01
  0.8670E+01	  0.2405E-02	  0.1341E-01
  0.8730E+01	  0.2341E-02	  0.1365E-01
  0.8790E+01	  0.2280E-02	  0.1389E-01
  0.8850E+01	  0.2219E-02	  0.1414E-01
  0.8910E+01	  0.2159E-02	  0.1439E-01
  0.8970E+01	  0.2100E-02	  0.1465E-01
  0.9030E+01	  0.2043E-02	  0.1492E-01
  0.9090E+01	  0.1986E-02	  0.1520E-01
  0.9150E+01	  0.1931E-02	  0.1548E-01
  0.9210E+01	  0.1876E-02	  0.1577E-01
  0.9270E+01	  0.1823E-02	  0.1608E-01
  0.9330E+01	  0.1770E-02	  0.1639E-01
  0.9390E+01	  0.1718E-02	  0.1671E-01
  0.9450E+01	  0.1668E-02	  0.1704E-01
  0.9510E+01	  0.1618E-02	  0.1738E-01
  0.9570E+01	  0.1569E-02	  0.1774E-01
  0.9630E+01	  0.1521E-02	  0.1810E-01
  0.9690E+01	  0.1473E-02	  0.1848E-01
  0.9750E+01	  0.1427E-02	  0.1888E-01
  0.9810E+01	  0.1381E-02	  0.1929E-01
  0.9870E+01	  0.1336E-02	  0.1971E-01
  0.9930E+01	  0.1292E-02	  0.2016E-01
  0.9990E+01	  0.1249E-02	  0.2062E-01
  0.1005E+02	  0.1207E-02	  0.2109E-01
  0.1011E+02	  0.1165E-02	  0.2158E-01
  0.1017E+02	  0.1124E-02	  0.2208E-01
  0.1023E+02	  0.1084E-02	  0.2261E-01
  0.1029E+02	  0.1044E-02	  0.2317E-01
  0.1035E+02	  0.1005E-02	  0.2376E-01
  0.1041E+02	  0.9671E-03	  0.2438E-01
  0.1047E+02	  0.9296E-03	  0.2503E-01
  0.1053E+02	  0.8928E-03	  0.2572E-01
  0.1059E+02	  0.8566E-03	  0.2646E-01
  0.1065E+02	  0.8211E-03	  0.2723E-01
  0.1071E+02	  0.7862E-03	  0.2803E-01
  0.1077E+02	  0.7519E-03	  0.2890E-01
  0.1083E+02	  0.7182E-03	  0.2982E-01
  0.1089E+02	  0.6851E-03	  0.3082E-01
  0.1095E+02	  0.6526E-03	  0.3189E-01
  0.1101E+02	  0.6206E-03	  0.3305E-01
  0.1107E+02	  0.5893E-03	  0.3430E-01
  0.1113E+02	  0.5585E-03	  0.3567E-01
  0.1119E+02	  0.5282E-03	  0.3716E-01
  0.1125E+02	  0.4985E-03	  0.3879E-01
  0.1131E+02	  0.4694E-03	  0.4059E-01
  0.1137E+02	  0.4407E-03	  0.4259E-01
  0.1143E+02	  0.4126E-03	  0.4481E-01
  0.1149E+02	  0.3850E-03	  0.4731E-01
  0.1155E+02	  0.3579E-03	  0.5007E-01
  0.1161E+02	  0.3314E-03	  0.5280E-01
  0.1167E+02	  0.3057E-03	  0.5488E-01
  0.1173E+02	  0.2815E-03	  0.5660E-01
  0.1179E+02	  0.2585E-03	  0.5851E-01
  0.1185E+02	  0.2368E-03	  0.5979E-01
  0.1191E+02	  0.2168E-03	  0.6071E-01
  0.1197E+02	  0.1982E-03	  0.6226E-01
  0.1203E+02	  0.1807E-03	  0.6417E-01
  0.1209E+02	  0.1643E-03	  0.6625E-01
  0.1215E+02	  0.1490E-03	  0.6842E-01
  0.1221E+02	  0.1348E-03	  0.7061E-01
  0.1227E+02	  0.1215E-03	  0.7272E-01
  0.1233E+02	  0.1093E-03	  0.7469E-01
  0.1239E+02	  0.9809E-04	  0.7655E-01
  0.1245E+02	  0.8782E-04	  0.7829E-01
  0.1251E+02	  0.7847E-04	  0.7981E-01
  0.1257E+02	  0.7000E-04	  0.8106E-01
  0.1263E+02	  0.6237E-04	  0.8202E-01
  0.1269E+02	  0.5552E-04	  0.8272E-01
  0.1275E+02	  0.4940E-04	  0.8322E-01
  0.1281E+02	  0.4394E-04	  0.8364E-01
  0.1287E+02	  0.3907E-04	  0.8421E-01
  0.1293E+02	  0.3471E-04	  0.8508E-01
  0.1299E+02	  0.3081E-04	  0.8607E-01
  0.1305E+02	  0.2731E-04	  0.8552E-01
  0.1311E+02	  0.2430E-04	  0.8417E-01
  0.1317E+02	  0.2163E-04	  0.8449E-01
  0.1323E+02	  0.1923E-04	  0.8505E-01
  0.1329E+02	  0.1710E-04	  0.8619E-01
  0.1335E+02	  0.1516E-04	  0.8839E-01
  0.1341E+02	  0.1340E-04	  0.9107E-01
  0.1347E+02	  0.1180E-04	  0.9367E-01
  0.1353E+02	  0.1036E-04	  0.9611E-01
  0.1359E+02	  0.9072E-05	  0.9866E-01
  0.1365E+02	  0.7915E-05	  0.1013E+00
  0.1371E+02	  0.6884E-05	  0.1040E+00
  0.1377E+02	  0.5965E-05	  0.1068E+00
  0.1383E+02	  0.5151E-05	  0.1099E+00
  0.1389E+02	  0.4430E-05	  0.1131E+00
  0.1395E+02	  0.3794E-05	  0.1164E+00
  0.1401E+02	  0.3237E-05	  0.1197E+00
  0.1407E+02	  0.2750E-05	  0.1229E+00
  0.1413E+02	  0.2327E-05	  0.1262E+00
  0.1419E+02	  0.1961E-05	  0.1295E+00
  0.1425E+02	  0.1646E-05	  0.1328E+00
  0.1431E+02	  0.1376E-05	  0.1361E+00
  0.1437E+02	  0.1145E-05	  0.1393E+00
  0.1443E+02	  0.9500E-06	  0.1425E+00
  0.1449E+02	  0.7851E-06	  0.1456E+00
  0.1455E+02	  0.6463E-06	  0.1487E+00
  0.1461E+02	  0.5302E-06	  0.1517E+00
  0.1467E+02	  0.4335E-06	  0.1546E+00
  0.1473E+02	  0.3532E-06	  0.1575E+00
  0.1479E+02	  0.2868E-06	  0.1603E+00
  0.1485E+02	  0.2321E-06	  0.1630E+00
  0.1491E+02	  0.1873E-06	  0.1656E+00
  0.1497E+02	  0.1507E-06	  0.1680E+00
  0.1503E+02	  0.1210E-06	  0.1703E+00
  0.1509E+02	  0.9689E-07	  0.1724E+00
  0.1515E+02	  0.7740E-07	  0.1745E+00
  0.1521E+02	  0.6168E-07	  0.1767E+00
  0.1527E+02	  0.4905E-07	  0.1788E+00
  0.1533E+02	  0.3891E-07	  0.1809E+00
  0.1539E+02	  0.3079E-07	  0.1830E+00
  0.1545E+02	  0.2432E-07	  0.1852E+00
  0.1551E+02	  0.1915E-07	  0.1874E+00
  0.1557E+02	  0.1505E-07	  0.1896E+00
  0.1563E+02	  0.1180E-07	  0.1920E+00
  0.1569E+02	  0.9222E-08	  0.1946E+00
  0.1575E+02	  0.7186E-08	  0.1975E+00
  0.1581E+02	  0.5579E-08	  0.2008E+00
  0.1587E+02	  0.4316E-08	  0.2040E+00
  0.1593E+02	  0.3328E-08	  0.2071E+00
  0.1599E+02	  0.2557E-08	  0.2100E+00
  0.1605E+02	  0.1958E-08	  0.2128E+00
  0.1611E+02	  0.1496E-08	  0.2156E+00
  0.1617E+02	  0.1139E-08	  0.2183E+00
  0.1623E+02	  0.8648E-09	  0.2210E+00
  0.1629E+02	  0.6547E-09	  0.2237E+00
  0.1635E+02	  0.4942E-09	  0.2264E+00
  0.1641E+02	  0.3721E-09	  0.2290E+00
  0.1647E+02	  0.2793E-09	  0.2317E+00
  0.1653E+02	  0.2090E-09	  0.2344E+00
  0.1659E+02	  0.1560E-09	  0.2371E+00
  0.1665E+02	  0.1161E-09	  0.2398E+00
  0.1671E+02	  0.8618E-10	  0.2425E+00
  0.1677E+02	  0.6379E-10	  0.2451E+00
  0.1683E+02	  0.4708E-10	  0.2477E+00
  0.1689E+02	  0.3466E-10	  0.2503E+00
  0.1695E+02	  0.2545E-10	  0.2528E+00
  0.1701E+02	  0.1864E-10	  0.2553E+00
  0.1707E+02	  0.1361E-10	  0.2577E+00
  0.1713E+02	  0.9922E-11	  0.2601E+00
  0.1719E+02	  0.7213E-11	  0.2625E+00
  0.1725E+02	  0.5232E-11	  0.2648E+00
  0.1731E+02	  0.3785E-11	  0.2672E+00
  0.1737E+02	  0.2732E-11	  0.2696E+00
  0.1743E+02	  0.1968E-11	  0.2719E+00
  0.1749E+02	  0.1414E-11	  0.2743E+00
  0.1755E+02	  0.1013E-11	  0.2766E+00
  0.1761E+02	  0.7245E-12	  0.2790E+00
  0.1767E+02	  0.5169E-12	  0.2813E+00
  0.1773E+02	  0.3679E-12	  0.2836E+00
  0.1779E+02	  0.2613E-12	  0.2859E+00
  0.1785E+02	  0.1851E-12	  0.2882E+00
  0.1791E+02	  0.1309E-12	  0.2904E+00
  0.1797E+02	  0.9234E-13	  0.2926E+00
  0.1803E+02	  0.6502E-13	  0.2946E+00
  0.1809E+02	  0.4570E-13	  0.2967E+00
  0.1815E+02	  0.3206E-13	  0.2987E+00
  0.1821E+02	  0.2244E-13	  0.3007E+00
  0.1827E+02	  0.1568E-13	  0.3027E+00
  0.1833E+02	  0.1094E-13	  0.3047E+00
  0.1839E+02	  0.7618E-14	  0.3067E+00
  0.1845E+02	  0.5295E-14	  0.3087E+00
  0.1851E+02	  0.3673E-14	  0.3107E+00
  0.1857E+02	  0.2544E-14	  0.3127E+00
  0.1863E+02	  0.1758E-14	  0.3147E+00
  0.1869E+02	  0.1213E-14	  0.3167E+00
  0.1875E+02	  0.8356E-15	  0.3187E+00
  0.1881E+02	  0.5745E-15	  0.3207E+00
  0.1887E+02	  0.3943E-15	  0.3227E+00
  0.1893E+02	  0.2701E-15	  0.3246E+00
  0.1899E+02	  0.1848E-15	  0.3264E+00
  0.1905E+02	  0.1262E-15	  0.3282E+00
  0.1911E+02	  0.8605E-16	  0.3299E+00
  0.1917E+02	  0.5859E-16	  0.3317E+00
  0.1923E+02	  0.3983E-16	  0.3334E+00
  0.1929E+02	  0.2704E-16	  0.3352E+00
  0.1935E+02	  0.1832E-16	  0.3369E+00
  0.1941E+02	  0.1240E-16	  0.3386E+00
  0.1947E+02	  0.8381E-17	  0.3403E+00
  0.1953E+02	  0.5655E-17	  0.3420E+00
  0.1959E+02	  0.3810E-17	  0.3437E+00
  0.1965E+02	  0.2564E-17	  0.3454E+00
  0.1971E+02	  0.1722E-17	  0.3471E+00
  0.1977E+02	  0.1155E-17	  0.3488E+00
  0.1983E+02	  0.7739E-18	  0.3505E+00
  0.1989E+02	  0.5176E-18	  0.3522E+00
  0.1995E+02	  0.3457E-18	  0.3539E+00
  0.2001E+02	  0.2306E-18	  0.3556E+00
  0.2007E+02	  0.1537E-18	  0.3573E+00
  0.2013E+02	  0.1023E-18	  0.3589E+00
  0.2019E+02	  0.6796E-19	  0.3606E+00
  0.2025E+02	  0.4511E-19	  0.3622E+00
  0.2031E+02	  0.2991E-19	  0.3639E+00
  0.2037E+02	  0.1981E-19	  0.3655E+00
  0.2043E+02	  0.1310E-19	  0.3671E+00
  0.2049E+02	  0.8657E-20	  0.3686E+00
  0.2055E+02	  0.5714E-20	  0.3701E+00
  0.2061E+02	  0.3768E-20	  0.3716E+00
  0.2067E+02	  0.2482E-20	  0.3731E+00
  0.2073E+02	  0.1633E-20	  0.3745E+00
  0.2079E+02	  0.1074E-20	  0.3760E+00
  0.2085E+02	  0.7052E-21	  0.3775E+00
  0.2091E+02	  0.4627E-21	  0.3789E+00
  0.2097E+02	  0.3033E-21	  0.3803E+00
  0.2103E+02	  0.1987E-21	  0.3817E+00
  0.2109E+02	  0.1300E-21	  0.3831E+00
  0.2115E+02	  0.8498E-22	  0.3845E+00
  0.2121E+02	  0.5551E-22	  0.3858E+00
  0.2127E+02	  0.3623E-22	  0.3872E+00
  0.2133E+02	  0.2362E-22	  0.3886E+00
  0.2139E+02	  0.1539E-22	  0.3899E+00
  0.2145E+02	  0.1002E-22	  0.3913E+00
  0.2151E+02	  0.6514E-23	  0.3927E+00
  0.2157E+02	  0.4233E-23	  0.3941E+00
  0.2163E+02	  0.2748E-23	  0.3955E+00
  0.2169E+02	  0.1782E-23	  0.3969E+00
  0.2175E+02	  0.1155E-23	  0.3983E+00
  0.2181E+02	  0.7475E-24	  0.3997E+00
 
 
R6  
------------------------------------------------------------
Electric field / N (Td)                    30.00    
Angular frequency / N (m3/s)              0.4724E-12
Cosine of E-B field angle                  0.000    
Gas temperature (K)                        300.0    
Excitation temperature (K)                 300.0    
Transition energy (eV)                     0.000    
Ionization degree                          0.000    
Plasma density (1/m3)                     0.1000E+19
Ion charge parameter                       1.000    
Ion/neutral mass ratio                     1.000    
Coulomb collision model                    1.000    
Energy sharing                             0.000    
Growth model                               1.000    
Maxwellian mean energy (eV)                0.000    
# of grid points                           500.0    
Grid type                                  1.000    
Maximum energy                             30.00    
Precision                                 0.1000E-24
Convergence                               0.1000E-03
Maximum # of iterations                   0.2000E+05
Mole fraction Ar                           1.000    
------------------------------------------------------------
Mean energy (eV)                           1.427    
Mobility *N (1/m/V/s)                     0.1398E+27
Re/perp mobility *N (1/m/V/s)             0.3169E+23
Im/Hall mobility *N (1/m/V/s)            -0.3609E+24
Diffusion coefficient *N (1/m/s)          0.2796E+26
Energy mobility *N (1/m/V/s)              0.3104E+26
Energy diffusion coef. *N (1/m/s)         0.1132E+26
Total collision freq. /N (m3/s)           0.2442E-13
Momentum frequency /N (m3/s)              0.4050E-13
Total ionization freq. /N (m3/s)          0.4792E-21
Power /N (eV m3/s)                        0.2852E-16
Elastic power loss /N (eV m3/s)           0.3765E-17
Inelastic power loss /N (eV m3/s)         0.2475E-16
Growth power /N (eV m3/s)                 0.6840E-21
Maximum energy                             30.00    
# of iterations                            4.000    
# of grid trials                           1.000    
------------------------------------------------------------
Rate coefficients (m3/s)
C1    Ar    Elastic                       0.2442E-13
C2    Ar    Excitation    11.55 eV        0.7000E-18
C3    Ar    Excitation    11.62 eV        0.5433E-18
C4    Ar    Excitation    11.72 eV        0.1070E-18
C5    Ar    Excitation    11.83 eV        0.5957E-18
C6    Ar    Excitation    12.91 eV        0.3455E-19
C7    Ar    Excitation    13.08 eV        0.1706E-19
C8    Ar    Excitation    13.10 eV        0.1157E-19
C9    Ar    Excitation    13.15 eV        0.6284E-20
C10   Ar    Excitation    13.17 eV        0.1029E-19
C11   Ar    Excitation    13.27 eV        0.2692E-20
C12   Ar    Excitation    13.28 eV        0.5295E-20
C13   Ar    Excitation    13.30 eV        0.4145E-20
C14   Ar    Excitation    13.33 eV        0.5013E-20
C15   Ar    Excitation    13.48 eV        0.7631E-20
C16   Ar    Excitation    13.85 eV        0.3419E-20
C17   Ar    Excitation    13.86 eV        0.1513E-19
C18   Ar    Excitation    13.90 eV        0.7744E-20
C19   Ar    Excitation    13.98 eV        0.9093E-20
C20   Ar    Excitation    14.01 eV        0.2557E-20
C21   Ar    Excitation    14.06 eV        0.2305E-20
C22   Ar    Excitation    14.07 eV        0.2290E-20
C23   Ar    Excitation    14.09 eV        0.9717E-22
C24   Ar    Excitation    14.10 eV        0.3038E-21
C25   Ar    Excitation    14.15 eV        0.2351E-21
C26   Ar    Excitation    14.21 eV        0.2561E-20
C27   Ar    Excitation    14.23 eV        0.1690E-20
C28   Ar    Excitation    14.24 eV        0.3813E-21
C29   Ar    Excitation    14.24 eV        0.3620E-21
C30   Ar    Excitation    14.26 eV        0.2628E-22
C31   Ar    Excitation    14.30 eV        0.1913E-21
C32   Ar    Excitation    14.71 eV        0.1202E-23
C33   Ar    Excitation    14.85 eV        0.6010E-23
C34   Ar    Excitation    14.86 eV        0.1953E-22
C35   Ar    Excitation    15.00 eV        0.5377E-23
C36   Ar    Excitation    15.02 eV        0.5349E-23
C37   Ar    Excitation    15.12 eV        0.7355E-24
C38   Ar    Excitation    15.19 eV        0.6147E-23
C39   Ar    Excitation    15.19 eV        0.6068E-23
C40   Ar    Excitation    15.31 eV        0.7283E-25
C41   Ar    Excitation    15.35 eV        0.4300E-25
C42   Ar    Excitation    15.36 eV        0.6057E-25
C43   Ar    Excitation    15.37 eV        0.1043E-23
C44   Ar    Excitation    15.37 eV        0.2266E-23
C45   Ar    Excitation    15.66 eV        0.4049E-23
C46   Ar    Ionization    15.76 eV        0.4792E-21
------------------------------------------------------------
Energy (eV) EEDF (eV-3/2) Anisotropy
  0.3000E-01	  0.5037E+01	  0.4216E-04
  0.9000E-01	  0.4706E+01	  0.4707E-04
  0.1500E+00	  0.4116E+01	  0.5688E-04
  0.2100E+00	  0.3051E+01	  0.7401E-04
  0.2700E+00	  0.1869E+01	  0.1175E-03
  0.3300E+00	  0.1213E+01	  0.1776E-03
  0.3900E+00	  0.8799E+00	  0.2387E-03
  0.4500E+00	  0.6900E+00	  0.2968E-03
  0.5100E+00	  0.5682E+00	  0.3544E-03
  0.5700E+00	  0.4829E+00	  0.4130E-03
  0.6300E+00	  0.4195E+00	  0.4740E-03
  0.6900E+00	  0.3699E+00	  0.5387E-03
  0.7500E+00	  0.3299E+00	  0.6070E-03
  0.8100E+00	  0.2968E+00	  0.6786E-03
  0.8700E+00	  0.2689E+00	  0.7535E-03
  0.9300E+00	  0.2451E+00	  0.8316E-03
  0.9900E+00	  0.2245E+00	  0.9121E-03
  0.1050E+01	  0.2065E+00	  0.9943E-03
  0.1110E+01	  0.1904E+00	  0.1079E-02
  0.1170E+01	  0.1759E+00	  0.1165E-02
  0.1230E+01	  0.1629E+00	  0.1254E-02
  0.1290E+01	  0.1511E+00	  0.1342E-02
  0.1350E+01	  0.1404E+00	  0.1430E-02
  0.1410E+01	  0.1307E+00	  0.1517E-02
  0.1470E+01	  0.1219E+00	  0.1606E-02
  0.1530E+01	  0.1138E+00	  0.1697E-02
  0.1590E+01	  0.1065E+00	  0.1786E-02
  0.1650E+01	  0.9985E-01	  0.1869E-02
  0.1710E+01	  0.9377E-01	  0.1952E-02
  0.1770E+01	  0.8821E-01	  0.2034E-02
  0.1830E+01	  0.8310E-01	  0.2118E-02
  0.1890E+01	  0.7838E-01	  0.2204E-02
  0.1950E+01	  0.7403E-01	  0.2291E-02
  0.2010E+01	  0.6999E-01	  0.2380E-02
  0.2070E+01	  0.6626E-01	  0.2470E-02
  0.2130E+01	  0.6281E-01	  0.2561E-02
  0.2190E+01	  0.5961E-01	  0.2653E-02
  0.2250E+01	  0.5663E-01	  0.2745E-02
  0.2310E+01	  0.5386E-01	  0.2838E-02
  0.2370E+01	  0.5128E-01	  0.2931E-02
  0.2430E+01	  0.4887E-01	  0.3025E-02
  0.2490E+01	  0.4662E-01	  0.3119E-02
  0.2550E+01	  0.4451E-01	  0.3213E-02
  0.2610E+01	  0.4254E-01	  0.3307E-02
  0.2670E+01	  0.4069E-01	  0.3402E-02
  0.2730E+01	  0.3895E-01	  0.3496E-02
  0.2790E+01	  0.3732E-01	  0.3590E-02
  0.2850E+01	  0.3579E-01	  0.3684E-02
  0.2910E+01	  0.3434E-01	  0.3778E-02
  0.2970E+01	  0.3298E-01	  0.3872E-02
  0.3030E+01	  0.3169E-01	  0.3966E-02
  0.3090E+01	  0.3048E-01	  0.4060E-02
  0.3150E+01	  0.2933E-01	  0.4154E-02
  0.3210E+01	  0.2824E-01	  0.4248E-02
  0.3270E+01	  0.2720E-01	  0.4343E-02
  0.3330E+01	  0.2622E-01	  0.4437E-02
  0.3390E+01	  0.2529E-01	  0.4532E-02
  0.3450E+01	  0.2441E-01	  0.4627E-02
  0.3510E+01	  0.2357E-01	  0.4723E-02
  0.3570E+01	  0.2276E-01	  0.4819E-02
  0.3630E+01	  0.2200E-01	  0.4915E-02
  0.3690E+01	  0.2127E-01	  0.5012E-02
  0.3750E+01	  0.2058E-01	  0.5109E-02
  0.3810E+01	  0.1991E-01	  0.5207E-02
  0.3870E+01	  0.1928E-01	  0.5306E-02
  0.3930E+01	  0.1867E-01	  0.5405E-02
  0.3990E+01	  0.1809E-01	  0.5506E-02
  0.4050E+01	  0.1754E-01	  0.5608E-02
  0.4110E+01	  0.1701E-01	  0.5711E-02
  0.4170E+01	  0.1650E-01	  0.5815E-02
  0.4230E+01	  0.1601E-01	  0.5919E-02
  0.4290E+01	  0.1555E-01	  0.6024E-02
  0.4350E+01	  0.1510E-01	  0.6129E-02
  0.4410E+01	  0.1468E-01	  0.6235E-02
  0.4470E+01	  0.1427E-01	  0.6341E-02
  0.4530E+01	  0.1387E-01	  0.6448E-02
  0.4590E+01	  0.1350E-01	  0.6555E-02
  0.4650E+01	  0.1313E-01	  0.6663E-02
  0.4710E+01	  0.1278E-01	  0.6772E-02
  0.4770E+01	  0.1245E-01	  0.6881E-02
  0.4830E+01	  0.1212E-01	  0.6991E-02
  0.4890E+01	  0.1181E-01	  0.7102E-02
  0.4950E+01	  0.1151E-01	  0.7213E-02
  0.5010E+01	  0.1122E-01	  0.7326E-02
  0.5070E+01	  0.1094E-01	  0.7440E-02
  0.5130E+01	  0.1067E-01	  0.7555E-02
  0.5190E+01	  0.1040E-01	  0.7670E-02
  0.5250E+01	  0.1015E-01	  0.7787E-02
  0.5310E+01	  0.9907E-02	  0.7904E-02
  0.5370E+01	  0.9670E-02	  0.8023E-02
  0.5430E+01	  0.9441E-02	  0.8142E-02
  0.5490E+01	  0.9220E-02	  0.8262E-02
  0.5550E+01	  0.9005E-02	  0.8384E-02
  0.5610E+01	  0.8796E-02	  0.8506E-02
  0.5670E+01	  0.8595E-02	  0.8629E-02
  0.5730E+01	  0.8399E-02	  0.8754E-02
  0.5790E+01	  0.8208E-02	  0.8880E-02
  0.5850E+01	  0.8024E-02	  0.9007E-02
  0.5910E+01	  0.7844E-02	  0.9135E-02
  0.5970E+01	  0.7670E-02	  0.9265E-02
  0.6030E+01	  0.7501E-02	  0.9395E-02
  0.6090E+01	  0.7336E-02	  0.9527E-02
  0.6150E+01	  0.7175E-02	  0.9660E-02
  0.6210E+01	  0.7019E-02	  0.9795E-02
  0.6270E+01	  0.6867E-02	  0.9931E-02
  0.6330E+01	  0.6718E-02	  0.1007E-01
  0.6390E+01	  0.6574E-02	  0.1021E-01
  0.6450E+01	  0.6433E-02	  0.1035E-01
  0.6510E+01	  0.6296E-02	  0.1049E-01
  0.6570E+01	  0.6161E-02	  0.1064E-01
  0.6630E+01	  0.6031E-02	  0.1078E-01
  0.6690E+01	  0.5903E-02	  0.1093E-01
  0.6750E+01	  0.5778E-02	  0.1108E-01
  0.6810E+01	  0.5656E-02	  0.1123E-01
  0.6870E+01	  0.5537E-02	  0.1139E-01
  0.6930E+01	  0.5421E-02	  0.1155E-01
  0.6990E+01	  0.5307E-02	  0.1170E-01
  0.7050E+01	  0.5196E-02	  0.1186E-01
  0.7110E+01	  0.5087E-02	  0.1203E-01
  0.7170E+01	  0.4980E-02	  0.1219E-01
  0.7230E+01	  0.4876E-02	  0.1235E-01
  0.7290E+01	  0.4773E-02	  0.1252E-01
  0.7350E+01	  0.4673E-02	  0.1270E-01
  0.7410E+01	  0.4575E-02	  0.1287E-01
  0.7470E+01	  0.4479E-02	  0.1305E-01
  0.7530E+01	  0.4384E-02	  0.1323E-01
  0.7590E+01	  0.4292E-02	  0.1341E-01
  0.7650E+01	  0.4201E-02	  0.1360E-01
  0.7710E+01	  0.4112E-02	  0.1379E-01
  0.7770E+01	  0.4025E-02	  0.1399E-01
  0.7830E+01	  0.3939E-02	  0.1418E-01
  0.7890E+01	  0.3855E-02	  0.1439E-01
  0.7950E+01	  0.3772E-02	  0.1459E-01
  0.8010E+01	  0.3691E-02	  0.1480E-01
  0.8070E+01	  0.3612E-02	  0.1502E-01
  0.8130E+01	  0.3533E-02	  0.1524E-01
  0.8190E+01	  0.3457E-02	  0.1546E-01
  0.8250E+01	  0.3381E-02	  0.1569E-01
  0.8310E+01	  0.3307E-02	  0.1592E-01
  0.8370E+01	  0.3234E-02	  0.1616E-01
  0.8430E+01	  0.3163E-02	  0.1641E-01
  0.8490E+01	  0.3092E-02	  0.1666E-01
  0.8550E+01	  0.3023E-02	  0.1691E-01
  0.8610E+01	  0.2955E-02	  0.1718E-01
  0.8670E+01	  0.2888E-02	  0.1745E-01
  0.8730E+01	  0.2823E-02	  0.1772E-01
  0.8790E+01	  0.2758E-02	  0.1800E-01
  0.8850E+01	  0.2694E-02	  0.1829E-01
  0.8910E+01	  0.2632E-02	  0.1859E-01
  0.8970E+01	  0.2570E-02	  0.1889E-01
  0.9030E+01	  0.2509E-02	  0.1921E-01
  0.9090E+01	  0.2450E-02	  0.1953E-01
  0.9150E+01	  0.2391E-02	  0.1986E-01
  0.9210E+01	  0.2333E-02	  0.2019E-01
  0.9270E+01	  0.2276E-02	  0.2054E-01
  0.9330E+01	  0.2220E-02	  0.2090E-01
  0.9390E+01	  0.2165E-02	  0.2127E-01
  0.9450E+01	  0.2111E-02	  0.2166E-01
  0.9510E+01	  0.2057E-02	  0.2205E-01
  0.9570E+01	  0.2004E-02	  0.2246E-01
  0.9630E+01	  0.1952E-02	  0.2288E-01
  0.9690E+01	  0.1901E-02	  0.2332E-01
  0.9750E+01	  0.1851E-02	  0.2377E-01
  0.9810E+01	  0.1801E-02	  0.2423E-01
  0.9870E+01	  0.1752E-02	  0.2471E-01
  0.9930E+01	  0.1704E-02	  0.2522E-01
  0.9990E+01	  0.1656E-02	  0.2574E-01
  0.1005E+02	  0.1609E-02	  0.2627E-01
  0.1011E+02	  0.1563E-02	  0.2682E-01
  0.1017E+02	  0.1517E-02	  0.2739E-01
  0.1023E+02	  0.1472E-02	  0.2799E-01
  0.1029E+02	  0.1428E-02	  0.2862E-01
  0.1035E+02	  0.1384E-02	  0.2927E-01
  0.1041E+02	  0.1341E-02	  0.2996E-01
  0.1047E+02	  0.1298E-02	  0.3068E-01
  0.1053E+02	  0.1256E-02	  0.3144E-01
  0.1059E+02	  0.1214E-02	  0.3223E-01
  0.1065E+02	  0.1173E-02	  0.3306E-01
  0.1071E+02	  0.1133E-02	  0.3393E-01
  0.1077E+02	  0.1093E-02	  0.3485E-01
  0.1083E+02	  0.1053E-02	  0.3583E-01
  0.1089E+02	  0.1014E-02	  0.3686E-01
  0.1095E+02	  0.9758E-03	  0.3796E-01
  0.1101E+02	  0.9378E-03	  0.3914E-01
  0.1107E+02	  0.9003E-03	  0.4039E-01
  0.1113E+02	  0.8632E-03	  0.4174E-01
  0.1119E+02	  0.8267E-03	  0.4318E-01
  0.1125E+02	  0.7906E-03	  0.4474E-01
  0.1131E+02	  0.7549E-03	  0.4642E-01
  0.1137E+02	  0.7197E-03	  0.4823E-01
  0.1143E+02	  0.6849E-03	  0.5021E-01
  0.1149E+02	  0.6506E-03	  0.5237E-01
  0.1155E+02	  0.6167E-03	  0.5469E-01
  0.1161E+02	  0.5833E-03	  0.5697E-01
  0.1167E+02	  0.5506E-03	  0.5880E-01
  0.1173E+02	  0.5191E-03	  0.6039E-01
  0.1179E+02	  0.4887E-03	  0.6210E-01
  0.1185E+02	  0.4593E-03	  0.6339E-01
  0.1191E+02	  0.4315E-03	  0.6446E-01
  0.1197E+02	  0.4049E-03	  0.6597E-01
  0.1203E+02	  0.3794E-03	  0.6773E-01
  0.1209E+02	  0.3549E-03	  0.6958E-01
  0.1215E+02	  0.3315E-03	  0.7148E-01
  0.1221E+02	  0.3091E-03	  0.7337E-01
  0.1227E+02	  0.2878E-03	  0.7518E-01
  0.1233E+02	  0.2676E-03	  0.7686E-01
  0.1239E+02	  0.2484E-03	  0.7845E-01
  0.1245E+02	  0.2304E-03	  0.7992E-01
  0.1251E+02	  0.2134E-03	  0.8122E-01
  0.1257E+02	  0.1975E-03	  0.8232E-01
  0.1263E+02	  0.1827E-03	  0.8321E-01
  0.1269E+02	  0.1688E-03	  0.8393E-01
  0.1275E+02	  0.1560E-03	  0.8453E-01
  0.1281E+02	  0.1441E-03	  0.8510E-01
  0.1287E+02	  0.1330E-03	  0.8579E-01
  0.1293E+02	  0.1227E-03	  0.8670E-01
  0.1299E+02	  0.1132E-03	  0.8770E-01
  0.1305E+02	  0.1043E-03	  0.8766E-01
  0.1311E+02	  0.9620E-04	  0.8728E-01
  0.1317E+02	  0.8871E-04	  0.8809E-01
  0.1323E+02	  0.8174E-04	  0.8912E-01
  0.1329E+02	  0.7526E-04	  0.9063E-01
  0.1335E+02	  0.6918E-04	  0.9289E-01
  0.1341E+02	  0.6344E-04	  0.9549E-01
  0.1347E+02	  0.5806E-04	  0.9802E-01
  0.1353E+02	  0.5302E-04	  0.1005E+00
  0.1359E+02	  0.4832E-04	  0.1030E+00
  0.1365E+02	  0.4394E-04	  0.1057E+00
  0.1371E+02	  0.3987E-04	  0.1084E+00
  0.1377E+02	  0.3610E-04	  0.1112E+00
  0.1383E+02	  0.3260E-04	  0.1142E+00
  0.1389E+02	  0.2936E-04	  0.1173E+00
  0.1395E+02	  0.2638E-04	  0.1204E+00
  0.1401E+02	  0.2364E-04	  0.1236E+00
  0.1407E+02	  0.2113E-04	  0.1267E+00
  0.1413E+02	  0.1884E-04	  0.1299E+00
  0.1419E+02	  0.1675E-04	  0.1330E+00
  0.1425E+02	  0.1485E-04	  0.1361E+00
  0.1431E+02	  0.1314E-04	  0.1392E+00
  0.1437E+02	  0.1160E-04	  0.1423E+00
  0.1443E+02	  0.1021E-04	  0.1453E+00
  0.1449E+02	  0.8964E-05	  0.1482E+00
  0.1455E+02	  0.7854E-05	  0.1511E+00
  0.1461E+02	  0.6866E-05	  0.1540E+00
  0.1467E+02	  0.5989E-05	  0.1568E+00
  0.1473E+02	  0.5212E-05	  0.1595E+00
  0.1479E+02	  0.4527E-05	  0.1621E+00
  0.1485E+02	  0.3925E-05	  0.1646E+00
  0.1491E+02	  0.3395E-05	  0.1671E+00
  0.1497E+02	  0.2932E-05	  0.1693E+00
  0.1503E+02	  0.2528E-05	  0.1715E+00
  0.1509E+02	  0.2177E-05	  0.1736E+00
  0.1515E+02	  0.1871E-05	  0.1757E+00
  0.1521E+02	  0.1606E-05	  0.1778E+00
  0.1527E+02	  0.1376E-05	  0.1799E+00
  0.1533E+02	  0.1177E-05	  0.1821E+00
  0.1539E+02	  0.1005E-05	  0.1842E+00
  0.1545E+02	  0.8572E-06	  0.1864E+00
  0.1551E+02	  0.7298E-06	  0.1887E+00
  0.1557E+02	  0.6202E-06	  0.1910E+00
  0.1563E+02	  0.5262E-06	  0.1935E+00
  0.1569E+02	  0.4456E-06	  0.1961E+00
  0.1575E+02	  0.3765E-06	  0.1990E+00
  0.1581E+02	  0.3174E-06	  0.2021E+00
  0.1587E+02	  0.2669E-06	  0.2052E+00
  0.1593E+02	  0.2240E-06	  0.2081E+00
  0.1599E+02	  0.1876E-06	  0.2109E+00
  0.1605E+02	  0.1568E-06	  0.2136E+00
  0.1611E+02	  0.1308E-06	  0.2163E+00
  0.1617E+02	  0.1088E-06	  0.2189E+00
  0.1623E+02	  0.9044E-07	  0.2216E+00
  0.1629E+02	  0.7500E-07	  0.2242E+00
  0.1635E+02	  0.6208E-07	  0.2268E+00
  0.1641E+02	  0.5129E-07	  0.2294E+00
  0.1647E+02	  0.4230E-07	  0.2320E+00
  0.1653E+02	  0.3481E-07	  0.2346E+00
  0.1659E+02	  0.2860E-07	  0.2372E+00
  0.1665E+02	  0.2345E-07	  0.2398E+00
  0.1671E+02	  0.1920E-07	  0.2424E+00
  0.1677E+02	  0.1569E-07	  0.2449E+00
  0.1683E+02	  0.1279E-07	  0.2474E+00
  0.1689E+02	  0.1042E-07	  0.2499E+00
  0.1695E+02	  0.8465E-08	  0.2523E+00
  0.1701E+02	  0.6869E-08	  0.2547E+00
  0.1707E+02	  0.5565E-08	  0.2570E+00
  0.1713E+02	  0.4501E-08	  0.2594E+00
  0.1719E+02	  0.3634E-08	  0.2617E+00
  0.1725E+02	  0.2930E-08	  0.2640E+00
  0.1731E+02	  0.2358E-08	  0.2663E+00
  0.1737E+02	  0.1895E-08	  0.2686E+00
  0.1743E+02	  0.1521E-08	  0.2708E+00
  0.1749E+02	  0.1219E-08	  0.2731E+00
  0.1755E+02	  0.9748E-09	  0.2754E+00
  0.1761E+02	  0.7786E-09	  0.2776E+00
  0.1767E+02	  0.6209E-09	  0.2799E+00
  0.1773E+02	  0.4944E-09	  0.2821E+00
  0.1779E+02	  0.3931E-09	  0.2843E+00
  0.1785E+02	  0.3121E-09	  0.2865E+00
  0.1791E+02	  0.2474E-09	  0.2886E+00
  0.1797E+02	  0.1959E-09	  0.2907E+00
  0.1803E+02	  0.1549E-09	  0.2927E+00
  0.1809E+02	  0.1223E-09	  0.2946E+00
  0.1815E+02	  0.9647E-10	  0.2966E+00
  0.1821E+02	  0.7599E-10	  0.2986E+00
  0.1827E+02	  0.5978E-10	  0.3005E+00
  0.1833E+02	  0.4698E-10	  0.3024E+00
  0.1839E+02	  0.3687E-10	  0.3044E+00
  0.1845E+02	  0.2890E-10	  0.3063E+00
  0.1851E+02	  0.2263E-10	  0.3083E+00
  0.1857E+02	  0.1769E-10	  0.3102E+00
  0.1863E+02	  0.1382E-10	  0.3121E+00
  0.1869E+02	  0.1078E-10	  0.3141E+00
  0.1875E+02	  0.8399E-11	  0.3160E+00
  0.1881E+02	  0.6536E-11	  0.3179E+00
  0.1887E+02	  0.5081E-11	  0.3197E+00
  0.1893E+02	  0.3946E-11	  0.3215E+00
  0.1899E+02	  0.3060E-11	  0.3233E+00
  0.1905E+02	  0.2371E-11	  0.3250E+00
  0.1911E+02	  0.1836E-11	  0.3267E+00
  0.1917E+02	  0.1419E-11	  0.3284E+00
  0.1923E+02	  0.1096E-11	  0.3301E+00
  0.1929E+02	  0.8462E-12	  0.3317E+00
  0.1935E+02	  0.6524E-12	  0.3334E+00
  0.1941E+02	  0.5024E-12	  0.3350E+00
  0.1947E+02	  0.3866E-12	  0.3367E+00
  0.1953E+02	  0.2972E-12	  0.3383E+00
  0.1959E+02	  0.2282E-12	  0.3400E+00
  0.1965E+02	  0.1751E-12	  0.3416E+00
  0.1971E+02	  0.1342E-12	  0.3432E+00
  0.1977E+02	  0.1027E-12	  0.3449E+00
  0.1983E+02	  0.7858E-13	  0.3465E+00
  0.1989E+02	  0.6005E-13	  0.3482E+00
  0.1995E+02	  0.4585E-13	  0.3498E+00
  0.2001E+02	  0.3497E-13	  0.3515E+00
  0.2007E+02	  0.2666E-13	  0.3531E+00
  0.2013E+02	  0.2030E-13	  0.3547E+00
  0.2019E+02	  0.1545E-13	  0.3563E+00
  0.2025E+02	  0.1175E-13	  0.3579E+00
  0.2031E+02	  0.8924E-14	  0.3594E+00
  0.2037E+02	  0.6775E-14	  0.3610E+00
  0.2043E+02	  0.5139E-14	  0.3625E+00
  0.2049E+02	  0.3896E-14	  0.3640E+00
  0.2055E+02	  0.2951E-14	  0.3654E+00
  0.2061E+02	  0.2234E-14	  0.3668E+00
  0.2067E+02	  0.1690E-14	  0.3682E+00
  0.2073E+02	  0.1278E-14	  0.3697E+00
  0.2079E+02	  0.9652E-15	  0.3711E+00
  0.2085E+02	  0.7287E-15	  0.3725E+00
  0.2091E+02	  0.5498E-15	  0.3738E+00
  0.2097E+02	  0.4146E-15	  0.3752E+00
  0.2103E+02	  0.3125E-15	  0.3765E+00
  0.2109E+02	  0.2353E-15	  0.3779E+00
  0.2115E+02	  0.1771E-15	  0.3792E+00
  0.2121E+02	  0.1333E-15	  0.3805E+00
  0.2127E+02	  0.1002E-15	  0.3818E+00
  0.2133E+02	  0.7528E-16	  0.3832E+00
  0.2139E+02	  0.5653E-16	  0.3845E+00
  0.2145E+02	  0.4243E-16	  0.3858E+00
  0.2151E+02	  0.3182E-16	  0.3872E+00
  0.2157E+02	  0.2386E-16	  0.3885E+00
  0.2163E+02	  0.1787E-16	  0.3899E+00
  0.2169E+02	  0.1338E-16	  0.3912E+00
  0.2175E+02	  0.1001E-16	  0.3926E+00
  0.2181E+02	  0.7488E-17	  0.3939E+00
  0.2187E+02	  0.5597E-17	  0.3952E+00
  0.2193E+02	  0.4181E-17	  0.3964E+00
  0.2199E+02	  0.3122E-17	  0.3976E+00
  0.2205E+02	  0.2330E-17	  0.3987E+00
  0.2211E+02	  0.1738E-17	  0.3997E+00
  0.2217E+02	  0.1296E-17	  0.4008E+00
  0.2223E+02	  0.9660E-18	  0.4019E+00
  0.2229E+02	  0.7198E-18	  0.4030E+00
  0.2235E+02	  0.5360E-18	  0.4040E+00
  0.2241E+02	  0.3990E-18	  0.4051E+00
  0.2247E+02	  0.2969E-18	  0.4062E+00
  0.2253E+02	  0.2208E-18	  0.4073E+00
  0.2259E+02	  0.1642E-18	  0.4084E+00
  0.2265E+02	  0.1220E-18	  0.4095E+00
  0.2271E+02	  0.9062E-19	  0.4107E+00
  0.2277E+02	  0.6728E-19	  0.4118E+00
  0.2283E+02	  0.4993E-19	  0.4129E+00
  0.2289E+02	  0.3703E-19	  0.4139E+00
  0.2295E+02	  0.2746E-19	  0.4150E+00
  0.2301E+02	  0.2035E-19	  0.4160E+00
  0.2307E+02	  0.1508E-19	  0.4171E+00
  0.2313E+02	  0.1117E-19	  0.4181E+00
  0.2319E+02	  0.8266E-20	  0.4191E+00
  0.2325E+02	  0.6117E-20	  0.4201E+00
  0.2331E+02	  0.4524E-20	  0.4211E+00
  0.2337E+02	  0.3345E-20	  0.4221E+00
  0.2343E+02	  0.2473E-20	  0.4231E+00
  0.2349E+02	  0.1827E-20	  0.4241E+00
  0.2355E+02	  0.1349E-20	  0.4251E+00
  0.2361E+02	  0.9961E-21	  0.4261E+00
  0.2367E+02	  0.7351E-21	  0.4271E+00
  0.2373E+02	  0.5423E-21	  0.4281E+00
  0.2379E+02	  0.3999E-21	  0.4291E+00
  0.2385E+02	  0.2947E-21	  0.4301E+00
  0.2391E+02	  0.2172E-21	  0.4311E+00
  0.2397E+02	  0.1600E-21	  0.4321E+00
  0.2403E+02	  0.1178E-21	  0.4331E+00
  0.2409E+02	  0.8668E-22	  0.4341E+00
  0.2415E+02	  0.6377E-22	  0.4350E+00
  0.2421E+02	  0.4690E-22	  0.4360E+00
  0.2427E+02	  0.3448E-22	  0.4370E+00
  0.2433E+02	  0.2533E-22	  0.4380E+00
  0.2439E+02	  0.1861E-22	  0.4390E+00
  0.2445E+02	  0.1366E-22	  0.4400E+00
  0.2451E+02	  0.1003E-22	  0.4410E+00
  0.2457E+02	  0.7359E-23	  0.4419E+00
  0.2463E+02	  0.5397E-23	  0.4429E+00
  0.2469E+02	  0.3957E-23	  0.4439E+00
  0.2475E+02	  0.2900E-23	  0.4449E+00
  0.2481E+02	  0.2124E-23	  0.4458E+00
  0.2487E+02	  0.1556E-23	  0.4468E+00
  0.2493E+02	  0.1139E-23	  0.4477E+00
  0.2499E+02	  0.8336E-24	  0.4486E+00
  0.2505E+02	  0.6099E-24	  0.4495E+00
 
 
R7  
------------------------------------------------------------
Electric field / N (Td)                    40.00    
Angular frequency / N (m3/s)              0.4724E-12
Cosine of E-B field angle                  0.000    
Gas temperature (K)                        300.0    
Excitation temperature (K)                 300.0    
Transition energy (eV)                     0.000    
Ionization degree                          0.000    
Plasma density (1/m3)                     0.1000E+19
Ion charge parameter                       1.000    
Ion/neutral mass ratio                     1.000    
Coulomb collision model                    1.000    
Energy sharing                             0.000    
Growth model                               1.000    
Maxwellian mean energy (eV)                0.000    
# of grid points                           500.0    
Grid type                                  1.000    
Maximum energy                             30.00    
Precision                                 0.1000E-24
Convergence                               0.1000E-03
Maximum # of iterations                   0.2000E+05
Mole fraction Ar                           1.000    
------------------------------------------------------------
Mean energy (eV)                           1.594    
Mobility *N (1/m/V/s)                     0.1248E+27
Re/perp mobility *N (1/m/V/s)             0.3585E+23
Im/Hall mobility *N (1/m/V/s)            -0.3587E+24
Diffusion coefficient *N (1/m/s)          0.2654E+26
Energy mobility *N (1/m/V/s)              0.2558E+26
Energy diffusion coef. *N (1/m/s)         0.1056E+26
Total collision freq. /N (m3/s)           0.2814E-13
Momentum frequency /N (m3/s)              0.4591E-13
Total ionization freq. /N (m3/s)          0.6294E-20
Power /N (eV m3/s)                        0.5736E-16
Elastic power loss /N (eV m3/s)           0.4523E-17
Inelastic power loss /N (eV m3/s)         0.5283E-16
Growth power /N (eV m3/s)                 0.1003E-19
Maximum energy                             30.00    
# of iterations                            4.000    
# of grid trials                           1.000    
------------------------------------------------------------
Rate coefficients (m3/s)
C1    Ar    Elastic                       0.2813E-13
C2    Ar    Excitation    11.55 eV        0.1357E-17
C3    Ar    Excitation    11.62 eV        0.1067E-17
C4    Ar    Excitation    11.72 eV        0.2138E-18
C5    Ar    Excitation    11.83 eV        0.1258E-17
C6    Ar    Excitation    12.91 eV        0.8604E-19
C7    Ar    Excitation    13.08 eV        0.5512E-19
C8    Ar    Excitation    13.10 eV        0.3749E-19
C9    Ar    Excitation    13.15 eV        0.2137E-19
C10   Ar    Excitation    13.17 eV        0.3410E-19
C11   Ar    Excitation    13.27 eV        0.9571E-20
C12   Ar    Excitation    13.28 eV        0.1879E-19
C13   Ar    Excitation    13.30 eV        0.1442E-19
C14   Ar    Excitation    13.33 eV        0.1716E-19
C15   Ar    Excitation    13.48 eV        0.2861E-19
C16   Ar    Excitation    13.85 eV        0.1417E-19
C17   Ar    Excitation    13.86 eV        0.6396E-19
C18   Ar    Excitation    13.90 eV        0.3404E-19
C19   Ar    Excitation    13.98 eV        0.4052E-19
C20   Ar    Excitation    14.01 eV        0.1165E-19
C21   Ar    Excitation    14.06 eV        0.1084E-19
C22   Ar    Excitation    14.07 eV        0.1079E-19
C23   Ar    Excitation    14.09 eV        0.5656E-21
C24   Ar    Excitation    14.10 eV        0.1485E-20
C25   Ar    Excitation    14.15 eV        0.1414E-20
C26   Ar    Excitation    14.21 eV        0.1295E-19
C27   Ar    Excitation    14.23 eV        0.8543E-20
C28   Ar    Excitation    14.24 eV        0.1973E-20
C29   Ar    Excitation    14.24 eV        0.1831E-20
C30   Ar    Excitation    14.26 eV        0.1667E-21
C31   Ar    Excitation    14.30 eV        0.1246E-20
C32   Ar    Excitation    14.71 eV        0.9840E-23
C33   Ar    Excitation    14.85 eV        0.5334E-22
C34   Ar    Excitation    14.86 eV        0.1745E-21
C35   Ar    Excitation    15.00 eV        0.5248E-22
C36   Ar    Excitation    15.02 eV        0.5280E-22
C37   Ar    Excitation    15.12 eV        0.7711E-23
C38   Ar    Excitation    15.19 eV        0.6730E-22
C39   Ar    Excitation    15.19 eV        0.6661E-22
C40   Ar    Excitation    15.31 eV        0.8634E-24
C41   Ar    Excitation    15.35 eV        0.5245E-24
C42   Ar    Excitation    15.36 eV        0.7432E-24
C43   Ar    Excitation    15.37 eV        0.1285E-22
C44   Ar    Excitation    15.37 eV        0.2807E-22
C45   Ar    Excitation    15.66 eV        0.6110E-22
C46   Ar    Ionization    15.76 eV        0.6294E-20
------------------------------------------------------------
Energy (eV) EEDF (eV-3/2) Anisotropy
  0.3000E-01	  0.4509E+01	  0.5474E-04
  0.9000E-01	  0.4219E+01	  0.6105E-04
  0.1500E+00	  0.3706E+01	  0.7365E-04
  0.2100E+00	  0.2769E+01	  0.9595E-04
  0.2700E+00	  0.1723E+01	  0.1511E-03
  0.3300E+00	  0.1137E+01	  0.2265E-03
  0.3900E+00	  0.8373E+00	  0.3017E-03
  0.4500E+00	  0.6654E+00	  0.3727E-03
  0.5100E+00	  0.5543E+00	  0.4431E-03
  0.5700E+00	  0.4761E+00	  0.5147E-03
  0.6300E+00	  0.4174E+00	  0.5897E-03
  0.6900E+00	  0.3712E+00	  0.6693E-03
  0.7500E+00	  0.3337E+00	  0.7539E-03
  0.8100E+00	  0.3023E+00	  0.8429E-03
  0.8700E+00	  0.2758E+00	  0.9366E-03
  0.9300E+00	  0.2529E+00	  0.1035E-02
  0.9900E+00	  0.2331E+00	  0.1137E-02
  0.1050E+01	  0.2155E+00	  0.1242E-02
  0.1110E+01	  0.1997E+00	  0.1350E-02
  0.1170E+01	  0.1854E+00	  0.1462E-02
  0.1230E+01	  0.1724E+00	  0.1576E-02
  0.1290E+01	  0.1606E+00	  0.1692E-02
  0.1350E+01	  0.1498E+00	  0.1806E-02
  0.1410E+01	  0.1400E+00	  0.1921E-02
  0.1470E+01	  0.1310E+00	  0.2039E-02
  0.1530E+01	  0.1228E+00	  0.2159E-02
  0.1590E+01	  0.1152E+00	  0.2276E-02
  0.1650E+01	  0.1083E+00	  0.2385E-02
  0.1710E+01	  0.1020E+00	  0.2493E-02
  0.1770E+01	  0.9617E-01	  0.2602E-02
  0.1830E+01	  0.9081E-01	  0.2713E-02
  0.1890E+01	  0.8585E-01	  0.2828E-02
  0.1950E+01	  0.8125E-01	  0.2945E-02
  0.2010E+01	  0.7698E-01	  0.3064E-02
  0.2070E+01	  0.7301E-01	  0.3186E-02
  0.2130E+01	  0.6932E-01	  0.3309E-02
  0.2190E+01	  0.6589E-01	  0.3433E-02
  0.2250E+01	  0.6269E-01	  0.3559E-02
  0.2310E+01	  0.5971E-01	  0.3685E-02
  0.2370E+01	  0.5692E-01	  0.3814E-02
  0.2430E+01	  0.5430E-01	  0.3943E-02
  0.2490E+01	  0.5185E-01	  0.4073E-02
  0.2550E+01	  0.4955E-01	  0.4204E-02
  0.2610E+01	  0.4740E-01	  0.4336E-02
  0.2670E+01	  0.4537E-01	  0.4467E-02
  0.2730E+01	  0.4346E-01	  0.4599E-02
  0.2790E+01	  0.4166E-01	  0.4730E-02
  0.2850E+01	  0.3997E-01	  0.4862E-02
  0.2910E+01	  0.3837E-01	  0.4993E-02
  0.2970E+01	  0.3686E-01	  0.5125E-02
  0.3030E+01	  0.3543E-01	  0.5256E-02
  0.3090E+01	  0.3408E-01	  0.5387E-02
  0.3150E+01	  0.3279E-01	  0.5518E-02
  0.3210E+01	  0.3158E-01	  0.5650E-02
  0.3270E+01	  0.3043E-01	  0.5781E-02
  0.3330E+01	  0.2933E-01	  0.5912E-02
  0.3390E+01	  0.2829E-01	  0.6044E-02
  0.3450E+01	  0.2730E-01	  0.6175E-02
  0.3510E+01	  0.2636E-01	  0.6307E-02
  0.3570E+01	  0.2546E-01	  0.6438E-02
  0.3630E+01	  0.2460E-01	  0.6570E-02
  0.3690E+01	  0.2379E-01	  0.6702E-02
  0.3750E+01	  0.2301E-01	  0.6835E-02
  0.3810E+01	  0.2226E-01	  0.6968E-02
  0.3870E+01	  0.2155E-01	  0.7101E-02
  0.3930E+01	  0.2087E-01	  0.7235E-02
  0.3990E+01	  0.2022E-01	  0.7370E-02
  0.4050E+01	  0.1960E-01	  0.7506E-02
  0.4110E+01	  0.1900E-01	  0.7642E-02
  0.4170E+01	  0.1843E-01	  0.7778E-02
  0.4230E+01	  0.1789E-01	  0.7915E-02
  0.4290E+01	  0.1737E-01	  0.8051E-02
  0.4350E+01	  0.1687E-01	  0.8188E-02
  0.4410E+01	  0.1639E-01	  0.8325E-02
  0.4470E+01	  0.1593E-01	  0.8462E-02
  0.4530E+01	  0.1549E-01	  0.8599E-02
  0.4590E+01	  0.1507E-01	  0.8736E-02
  0.4650E+01	  0.1467E-01	  0.8874E-02
  0.4710E+01	  0.1428E-01	  0.9012E-02
  0.4770E+01	  0.1390E-01	  0.9151E-02
  0.4830E+01	  0.1354E-01	  0.9290E-02
  0.4890E+01	  0.1319E-01	  0.9429E-02
  0.4950E+01	  0.1286E-01	  0.9569E-02
  0.5010E+01	  0.1253E-01	  0.9710E-02
  0.5070E+01	  0.1222E-01	  0.9852E-02
  0.5130E+01	  0.1192E-01	  0.9994E-02
  0.5190E+01	  0.1163E-01	  0.1014E-01
  0.5250E+01	  0.1135E-01	  0.1028E-01
  0.5310E+01	  0.1108E-01	  0.1043E-01
  0.5370E+01	  0.1082E-01	  0.1057E-01
  0.5430E+01	  0.1057E-01	  0.1072E-01
  0.5490E+01	  0.1032E-01	  0.1086E-01
  0.5550E+01	  0.1008E-01	  0.1101E-01
  0.5610E+01	  0.9855E-02	  0.1116E-01
  0.5670E+01	  0.9633E-02	  0.1131E-01
  0.5730E+01	  0.9417E-02	  0.1146E-01
  0.5790E+01	  0.9208E-02	  0.1161E-01
  0.5850E+01	  0.9005E-02	  0.1176E-01
  0.5910E+01	  0.8808E-02	  0.1192E-01
  0.5970E+01	  0.8616E-02	  0.1207E-01
  0.6030E+01	  0.8430E-02	  0.1223E-01
  0.6090E+01	  0.8249E-02	  0.1238E-01
  0.6150E+01	  0.8074E-02	  0.1254E-01
  0.6210E+01	  0.7902E-02	  0.1270E-01
  0.6270E+01	  0.7736E-02	  0.1286E-01
  0.6330E+01	  0.7573E-02	  0.1303E-01
  0.6390E+01	  0.7415E-02	  0.1319E-01
  0.6450E+01	  0.7261E-02	  0.1336E-01
  0.6510E+01	  0.7111E-02	  0.1353E-01
  0.6570E+01	  0.6965E-02	  0.1370E-01
  0.6630E+01	  0.6822E-02	  0.1387E-01
  0.6690E+01	  0.6683E-02	  0.1404E-01
  0.6750E+01	  0.6547E-02	  0.1422E-01
  0.6810E+01	  0.6414E-02	  0.1439E-01
  0.6870E+01	  0.6284E-02	  0.1457E-01
  0.6930E+01	  0.6157E-02	  0.1476E-01
  0.6990E+01	  0.6034E-02	  0.1494E-01
  0.7050E+01	  0.5912E-02	  0.1513E-01
  0.7110E+01	  0.5794E-02	  0.1531E-01
  0.7170E+01	  0.5678E-02	  0.1551E-01
  0.7230E+01	  0.5564E-02	  0.1570E-01
  0.7290E+01	  0.5453E-02	  0.1589E-01
  0.7350E+01	  0.5344E-02	  0.1609E-01
  0.7410E+01	  0.5237E-02	  0.1630E-01
  0.7470E+01	  0.5133E-02	  0.1650E-01
  0.7530E+01	  0.5030E-02	  0.1671E-01
  0.7590E+01	  0.4929E-02	  0.1692E-01
  0.7650E+01	  0.4831E-02	  0.1714E-01
  0.7710E+01	  0.4734E-02	  0.1736E-01
  0.7770E+01	  0.4639E-02	  0.1758E-01
  0.7830E+01	  0.4546E-02	  0.1781E-01
  0.7890E+01	  0.4454E-02	  0.1804E-01
  0.7950E+01	  0.4365E-02	  0.1828E-01
  0.8010E+01	  0.4277E-02	  0.1852E-01
  0.8070E+01	  0.4190E-02	  0.1877E-01
  0.8130E+01	  0.4105E-02	  0.1902E-01
  0.8190E+01	  0.4022E-02	  0.1927E-01
  0.8250E+01	  0.3939E-02	  0.1954E-01
  0.8310E+01	  0.3859E-02	  0.1980E-01
  0.8370E+01	  0.3780E-02	  0.2007E-01
  0.8430E+01	  0.3702E-02	  0.2035E-01
  0.8490E+01	  0.3625E-02	  0.2063E-01
  0.8550E+01	  0.3550E-02	  0.2092E-01
  0.8610E+01	  0.3476E-02	  0.2122E-01
  0.8670E+01	  0.3403E-02	  0.2152E-01
  0.8730E+01	  0.3331E-02	  0.2183E-01
  0.8790E+01	  0.3260E-02	  0.2215E-01
  0.8850E+01	  0.3191E-02	  0.2248E-01
  0.8910E+01	  0.3123E-02	  0.2281E-01
  0.8970E+01	  0.3055E-02	  0.2315E-01
  0.9030E+01	  0.2989E-02	  0.2350E-01
  0.9090E+01	  0.2924E-02	  0.2386E-01
  0.9150E+01	  0.2860E-02	  0.2423E-01
  0.9210E+01	  0.2796E-02	  0.2460E-01
  0.9270E+01	  0.2734E-02	  0.2499E-01
  0.9330E+01	  0.2673E-02	  0.2539E-01
  0.9390E+01	  0.2612E-02	  0.2580E-01
  0.9450E+01	  0.2552E-02	  0.2622E-01
  0.9510E+01	  0.2493E-02	  0.2666E-01
  0.9570E+01	  0.2435E-02	  0.2711E-01
  0.9630E+01	  0.2378E-02	  0.2757E-01
  0.9690E+01	  0.2322E-02	  0.2804E-01
  0.9750E+01	  0.2266E-02	  0.2854E-01
  0.9810E+01	  0.2211E-02	  0.2904E-01
  0.9870E+01	  0.2157E-02	  0.2957E-01
  0.9930E+01	  0.2104E-02	  0.3011E-01
  0.9990E+01	  0.2051E-02	  0.3067E-01
  0.1005E+02	  0.1999E-02	  0.3125E-01
  0.1011E+02	  0.1948E-02	  0.3184E-01
  0.1017E+02	  0.1897E-02	  0.3246E-01
  0.1023E+02	  0.1847E-02	  0.3310E-01
  0.1029E+02	  0.1798E-02	  0.3376E-01
  0.1035E+02	  0.1749E-02	  0.3446E-01
  0.1041E+02	  0.1700E-02	  0.3518E-01
  0.1047E+02	  0.1653E-02	  0.3594E-01
  0.1053E+02	  0.1605E-02	  0.3673E-01
  0.1059E+02	  0.1559E-02	  0.3756E-01
  0.1065E+02	  0.1513E-02	  0.3841E-01
  0.1071E+02	  0.1467E-02	  0.3931E-01
  0.1077E+02	  0.1422E-02	  0.4025E-01
  0.1083E+02	  0.1378E-02	  0.4125E-01
  0.1089E+02	  0.1334E-02	  0.4229E-01
  0.1095E+02	  0.1290E-02	  0.4340E-01
  0.1101E+02	  0.1247E-02	  0.4456E-01
  0.1107E+02	  0.1204E-02	  0.4580E-01
  0.1113E+02	  0.1162E-02	  0.4711E-01
  0.1119E+02	  0.1120E-02	  0.4850E-01
  0.1125E+02	  0.1079E-02	  0.4998E-01
  0.1131E+02	  0.1038E-02	  0.5156E-01
  0.1137E+02	  0.9980E-03	  0.5324E-01
  0.1143E+02	  0.9581E-03	  0.5505E-01
  0.1149E+02	  0.9185E-03	  0.5700E-01
  0.1155E+02	  0.8794E-03	  0.5906E-01
  0.1161E+02	  0.8408E-03	  0.6109E-01
  0.1167E+02	  0.8028E-03	  0.6276E-01
  0.1173E+02	  0.7659E-03	  0.6426E-01
  0.1179E+02	  0.7299E-03	  0.6585E-01
  0.1185E+02	  0.6949E-03	  0.6711E-01
  0.1191E+02	  0.6612E-03	  0.6823E-01
  0.1197E+02	  0.6287E-03	  0.6969E-01
  0.1203E+02	  0.5971E-03	  0.7132E-01
  0.1209E+02	  0.5666E-03	  0.7303E-01
  0.1215E+02	  0.5370E-03	  0.7476E-01
  0.1221E+02	  0.5084E-03	  0.7647E-01
  0.1227E+02	  0.4808E-03	  0.7811E-01
  0.1233E+02	  0.4543E-03	  0.7964E-01
  0.1239E+02	  0.4289E-03	  0.8110E-01
  0.1245E+02	  0.4045E-03	  0.8246E-01
  0.1251E+02	  0.3813E-03	  0.8369E-01
  0.1257E+02	  0.3591E-03	  0.8476E-01
  0.1263E+02	  0.3381E-03	  0.8568E-01
  0.1269E+02	  0.3181E-03	  0.8648E-01
  0.1275E+02	  0.2992E-03	  0.8722E-01
  0.1281E+02	  0.2814E-03	  0.8793E-01
  0.1287E+02	  0.2645E-03	  0.8877E-01
  0.1293E+02	  0.2484E-03	  0.8979E-01
  0.1299E+02	  0.2333E-03	  0.9088E-01
  0.1305E+02	  0.2189E-03	  0.9121E-01
  0.1311E+02	  0.2055E-03	  0.9137E-01
  0.1317E+02	  0.1928E-03	  0.9246E-01
  0.1323E+02	  0.1807E-03	  0.9376E-01
  0.1329E+02	  0.1693E-03	  0.9545E-01
  0.1335E+02	  0.1584E-03	  0.9773E-01
  0.1341E+02	  0.1480E-03	  0.1003E+00
  0.1347E+02	  0.1380E-03	  0.1028E+00
  0.1353E+02	  0.1285E-03	  0.1052E+00
  0.1359E+02	  0.1195E-03	  0.1077E+00
  0.1365E+02	  0.1109E-03	  0.1103E+00
  0.1371E+02	  0.1028E-03	  0.1130E+00
  0.1377E+02	  0.9507E-04	  0.1158E+00
  0.1383E+02	  0.8779E-04	  0.1187E+00
  0.1389E+02	  0.8093E-04	  0.1217E+00
  0.1395E+02	  0.7446E-04	  0.1247E+00
  0.1401E+02	  0.6838E-04	  0.1278E+00
  0.1407E+02	  0.6268E-04	  0.1308E+00
  0.1413E+02	  0.5735E-04	  0.1338E+00
  0.1419E+02	  0.5237E-04	  0.1368E+00
  0.1425E+02	  0.4774E-04	  0.1398E+00
  0.1431E+02	  0.4344E-04	  0.1428E+00
  0.1437E+02	  0.3945E-04	  0.1457E+00
  0.1443E+02	  0.3577E-04	  0.1486E+00
  0.1449E+02	  0.3238E-04	  0.1514E+00
  0.1455E+02	  0.2926E-04	  0.1542E+00
  0.1461E+02	  0.2640E-04	  0.1569E+00
  0.1467E+02	  0.2378E-04	  0.1595E+00
  0.1473E+02	  0.2139E-04	  0.1621E+00
  0.1479E+02	  0.1921E-04	  0.1646E+00
  0.1485E+02	  0.1723E-04	  0.1671E+00
  0.1491E+02	  0.1543E-04	  0.1694E+00
  0.1497E+02	  0.1380E-04	  0.1717E+00
  0.1503E+02	  0.1233E-04	  0.1738E+00
  0.1509E+02	  0.1100E-04	  0.1759E+00
  0.1515E+02	  0.9801E-05	  0.1780E+00
  0.1521E+02	  0.8725E-05	  0.1801E+00
  0.1527E+02	  0.7757E-05	  0.1822E+00
  0.1533E+02	  0.6889E-05	  0.1844E+00
  0.1539E+02	  0.6110E-05	  0.1866E+00
  0.1545E+02	  0.5413E-05	  0.1888E+00
  0.1551E+02	  0.4789E-05	  0.1911E+00
  0.1557E+02	  0.4232E-05	  0.1935E+00
  0.1563E+02	  0.3734E-05	  0.1960E+00
  0.1569E+02	  0.3290E-05	  0.1987E+00
  0.1575E+02	  0.2894E-05	  0.2015E+00
  0.1581E+02	  0.2542E-05	  0.2045E+00
  0.1587E+02	  0.2228E-05	  0.2074E+00
  0.1593E+02	  0.1950E-05	  0.2103E+00
  0.1599E+02	  0.1705E-05	  0.2130E+00
  0.1605E+02	  0.1488E-05	  0.2157E+00
  0.1611E+02	  0.1296E-05	  0.2183E+00
  0.1617E+02	  0.1128E-05	  0.2209E+00
  0.1623E+02	  0.9802E-06	  0.2234E+00
  0.1629E+02	  0.8506E-06	  0.2260E+00
  0.1635E+02	  0.7371E-06	  0.2286E+00
  0.1641E+02	  0.6378E-06	  0.2311E+00
  0.1647E+02	  0.5511E-06	  0.2337E+00
  0.1653E+02	  0.4756E-06	  0.2363E+00
  0.1659E+02	  0.4098E-06	  0.2388E+00
  0.1665E+02	  0.3527E-06	  0.2413E+00
  0.1671E+02	  0.3031E-06	  0.2438E+00
  0.1677E+02	  0.2601E-06	  0.2463E+00
  0.1683E+02	  0.2230E-06	  0.2488E+00
  0.1689E+02	  0.1909E-06	  0.2512E+00
  0.1695E+02	  0.1632E-06	  0.2536E+00
  0.1701E+02	  0.1393E-06	  0.2559E+00
  0.1707E+02	  0.1188E-06	  0.2582E+00
  0.1713E+02	  0.1012E-06	  0.2605E+00
  0.1719E+02	  0.8614E-07	  0.2628E+00
  0.1725E+02	  0.7321E-07	  0.2650E+00
  0.1731E+02	  0.6214E-07	  0.2673E+00
  0.1737E+02	  0.5269E-07	  0.2695E+00
  0.1743E+02	  0.4462E-07	  0.2717E+00
  0.1749E+02	  0.3774E-07	  0.2740E+00
  0.1755E+02	  0.3189E-07	  0.2762E+00
  0.1761E+02	  0.2692E-07	  0.2784E+00
  0.1767E+02	  0.2269E-07	  0.2806E+00
  0.1773E+02	  0.1911E-07	  0.2828E+00
  0.1779E+02	  0.1607E-07	  0.2849E+00
  0.1785E+02	  0.1350E-07	  0.2871E+00
  0.1791E+02	  0.1134E-07	  0.2891E+00
  0.1797E+02	  0.9505E-08	  0.2911E+00
  0.1803E+02	  0.7962E-08	  0.2931E+00
  0.1809E+02	  0.6664E-08	  0.2950E+00
  0.1815E+02	  0.5572E-08	  0.2970E+00
  0.1821E+02	  0.4655E-08	  0.2989E+00
  0.1827E+02	  0.3885E-08	  0.3008E+00
  0.1833E+02	  0.3239E-08	  0.3027E+00
  0.1839E+02	  0.2699E-08	  0.3046E+00
  0.1845E+02	  0.2246E-08	  0.3065E+00
  0.1851E+02	  0.1868E-08	  0.3084E+00
  0.1857E+02	  0.1552E-08	  0.3103E+00
  0.1863E+02	  0.1288E-08	  0.3122E+00
  0.1869E+02	  0.1068E-08	  0.3141E+00
  0.1875E+02	  0.8853E-09	  0.3160E+00
  0.1881E+02	  0.7330E-09	  0.3178E+00
  0.1887E+02	  0.6063E-09	  0.3196E+00
  0.1893E+02	  0.5012E-09	  0.3214E+00
  0.1899E+02	  0.4139E-09	  0.3231E+00
  0.1905E+02	  0.3416E-09	  0.3248E+00
  0.1911E+02	  0.2817E-09	  0.3265E+00
  0.1917E+02	  0.2321E-09	  0.3281E+00
  0.1923E+02	  0.1911E-09	  0.3298E+00
  0.1929E+02	  0.1572E-09	  0.3314E+00
  0.1935E+02	  0.1293E-09	  0.3331E+00
  0.1941E+02	  0.1062E-09	  0.3347E+00
  0.1947E+02	  0.8719E-10	  0.3363E+00
  0.1953E+02	  0.7152E-10	  0.3379E+00
  0.1959E+02	  0.5863E-10	  0.3395E+00
  0.1965E+02	  0.4803E-10	  0.3412E+00
  0.1971E+02	  0.3931E-10	  0.3428E+00
  0.1977E+02	  0.3215E-10	  0.3444E+00
  0.1983E+02	  0.2628E-10	  0.3460E+00
  0.1989E+02	  0.2147E-10	  0.3476E+00
  0.1995E+02	  0.1752E-10	  0.3492E+00
  0.2001E+02	  0.1429E-10	  0.3508E+00
  0.2007E+02	  0.1165E-10	  0.3524E+00
  0.2013E+02	  0.9490E-11	  0.3540E+00
  0.2019E+02	  0.7727E-11	  0.3556E+00
  0.2025E+02	  0.6288E-11	  0.3571E+00
  0.2031E+02	  0.5113E-11	  0.3586E+00
  0.2037E+02	  0.4156E-11	  0.3601E+00
  0.2043E+02	  0.3376E-11	  0.3616E+00
  0.2049E+02	  0.2741E-11	  0.3631E+00
  0.2055E+02	  0.2224E-11	  0.3645E+00
  0.2061E+02	  0.1804E-11	  0.3659E+00
  0.2067E+02	  0.1462E-11	  0.3673E+00
  0.2073E+02	  0.1185E-11	  0.3687E+00
  0.2079E+02	  0.9596E-12	  0.3700E+00
  0.2085E+02	  0.7768E-12	  0.3714E+00
  0.2091E+02	  0.6285E-12	  0.3728E+00
  0.2097E+02	  0.5083E-12	  0.3741E+00
  0.2103E+02	  0.4109E-12	  0.3754E+00
  0.2109E+02	  0.3320E-12	  0.3767E+00
  0.2115E+02	  0.2682E-12	  0.3780E+00
  0.2121E+02	  0.2165E-12	  0.3793E+00
  0.2127E+02	  0.1747E-12	  0.3807E+00
  0.2133E+02	  0.1409E-12	  0.3820E+00
  0.2139E+02	  0.1136E-12	  0.3833E+00
  0.2145E+02	  0.9156E-13	  0.3846E+00
  0.2151E+02	  0.7375E-13	  0.3859E+00
  0.2157E+02	  0.5938E-13	  0.3872E+00
  0.2163E+02	  0.4779E-13	  0.3886E+00
  0.2169E+02	  0.3844E-13	  0.3899E+00
  0.2175E+02	  0.3091E-13	  0.3912E+00
  0.2181E+02	  0.2485E-13	  0.3924E+00
  0.2187E+02	  0.1996E-13	  0.3937E+00
  0.2193E+02	  0.1603E-13	  0.3949E+00
  0.2199E+02	  0.1287E-13	  0.3960E+00
  0.2205E+02	  0.1033E-13	  0.3971E+00
  0.2211E+02	  0.8289E-14	  0.3982E+00
  0.2217E+02	  0.6648E-14	  0.3992E+00
  0.2223E+02	  0.5331E-14	  0.4003E+00
  0.2229E+02	  0.4273E-14	  0.4013E+00
  0.2235E+02	  0.3424E-14	  0.4024E+00
  0.2241E+02	  0.2743E-14	  0.4035E+00
  0.2247E+02	  0.2196E-14	  0.4046E+00
  0.2253E+02	  0.1758E-14	  0.4056E+00
  0.2259E+02	  0.1407E-14	  0.4067E+00
  0.2265E+02	  0.1126E-14	  0.4078E+00
  0.2271E+02	  0.9001E-15	  0.4089E+00
  0.2277E+02	  0.7196E-15	  0.4100E+00
  0.2283E+02	  0.5751E-15	  0.4111E+00
  0.2289E+02	  0.4595E-15	  0.4121E+00
  0.2295E+02	  0.3670E-15	  0.4132E+00
  0.2301E+02	  0.2930E-15	  0.4142E+00
  0.2307E+02	  0.2339E-15	  0.4152E+00
  0.2313E+02	  0.1866E-15	  0.4162E+00
  0.2319E+02	  0.1489E-15	  0.4172E+00
  0.2325E+02	  0.1187E-15	  0.4182E+00
  0.2331E+02	  0.9465E-16	  0.4192E+00
  0.2337E+02	  0.7544E-16	  0.4202E+00
  0.2343E+02	  0.6011E-16	  0.4212E+00
  0.2349E+02	  0.4788E-16	  0.4222E+00
  0.2355E+02	  0.3813E-16	  0.4231E+00
  0.2361E+02	  0.3036E-16	  0.4241E+00
  0.2367E+02	  0.2416E-16	  0.4251E+00
  0.2373E+02	  0.1922E-16	  0.4261E+00
  0.2379E+02	  0.1529E-16	  0.4271E+00
  0.2385E+02	  0.1216E-16	  0.4280E+00
  0.2391E+02	  0.9665E-17	  0.4290E+00
  0.2397E+02	  0.7681E-17	  0.4300E+00
  0.2403E+02	  0.6103E-17	  0.4310E+00
  0.2409E+02	  0.4847E-17	  0.4319E+00
  0.2415E+02	  0.3849E-17	  0.4329E+00
  0.2421E+02	  0.3055E-17	  0.4339E+00
  0.2427E+02	  0.2424E-17	  0.4349E+00
  0.2433E+02	  0.1923E-17	  0.4358E+00
  0.2439E+02	  0.1525E-17	  0.4368E+00
  0.2445E+02	  0.1210E-17	  0.4378E+00
  0.2451E+02	  0.9587E-18	  0.4387E+00
  0.2457E+02	  0.7597E-18	  0.4397E+00
  0.2463E+02	  0.6019E-18	  0.4407E+00
  0.2469E+02	  0.4766E-18	  0.4416E+00
  0.2475E+02	  0.3774E-18	  0.4426E+00
  0.2481E+02	  0.2987E-18	  0.4435E+00
  0.2487E+02	  0.2364E-18	  0.4445E+00
  0.2493E+02	  0.1870E-18	  0.4454E+00
  0.2499E+02	  0.1479E-18	  0.4463E+00
  0.2505E+02	  0.1170E-18	  0.4471E+00
  0.2511E+02	  0.9248E-19	  0.4480E+00
  0.2517E+02	  0.7310E-19	  0.4489E+00
  0.2523E+02	  0.5777E-19	  0.4498E+00
  0.2529E+02	  0.4565E-19	  0.4507E+00
  0.2535E+02	  0.3606E-19	  0.4516E+00
  0.2541E+02	  0.2848E-19	  0.4526E+00
  0.2547E+02	  0.2249E-19	  0.4535E+00
  0.2553E+02	  0.1776E-19	  0.4545E+00
  0.2559E+02	  0.1401E-19	  0.4555E+00
  0.2565E+02	  0.1106E-19	  0.4564E+00
  0.2571E+02	  0.8725E-20	  0.4574E+00
  0.2577E+02	  0.6882E-20	  0.4584E+00
  0.2583E+02	  0.5428E-20	  0.4593E+00
  0.2589E+02	  0.4280E-20	  0.4603E+00
  0.2595E+02	  0.3374E-20	  0.4612E+00
  0.2601E+02	  0.2659E-20	  0.4620E+00
  0.2607E+02	  0.2096E-20	  0.4629E+00
  0.2613E+02	  0.1651E-20	  0.4637E+00
  0.2619E+02	  0.1301E-20	  0.4645E+00
  0.2625E+02	  0.1025E-20	  0.4653E+00
  0.2631E+02	  0.8070E-21	  0.4661E+00
  0.2637E+02	  0.6355E-21	  0.4670E+00
  0.2643E+02	  0.5004E-21	  0.4678E+00
  0.2649E+02	  0.3939E-21	  0.4686E+00
  0.2655E+02	  0.3100E-21	  0.4694E+00
  0.2661E+02	  0.2440E-21	  0.4702E+00
  0.2667E+02	  0.1920E-21	  0.4710E+00
  0.2673E+02	  0.1510E-21	  0.4718E+00
  0.2679E+02	  0.1188E-21	  0.4726E+00
  0.2685E+02	  0.9345E-22	  0.4734E+00
  0.2691E+02	  0.7349E-22	  0.4742E+00
  0.2697E+02	  0.5778E-22	  0.4750E+00
  0.2703E+02	  0.4543E-22	  0.4758E+00
  0.2709E+02	  0.3571E-22	  0.4766E+00
  0.2715E+02	  0.2806E-22	  0.4774E+00
  0.2721E+02	  0.2205E-22	  0.4782E+00
  0.2727E+02	  0.1733E-22	  0.4790E+00
  0.2733E+02	  0.1361E-22	  0.4797E+00
  0.2739E+02	  0.1069E-22	  0.4805E+00
  0.2745E+02	  0.8396E-23	  0.4813E+00
  0.2751E+02	  0.6593E-23	  0.4821E+00
  0.2757E+02	  0.5176E-23	  0.4829E+00
  0.2763E+02	  0.4063E-23	  0.4837E+00
  0.2769E+02	  0.3189E-23	  0.4845E+00
  0.2775E+02	  0.2503E-23	  0.4853E+00
  0.2781E+02	  0.1964E-23	  0.4860E+00
  0.2787E+02	  0.1541E-23	  0.4868E+00
  0.2793E+02	  0.1208E-23	  0.4876E+00
  0.2799E+02	  0.9477E-24	  0.4884E+00
  0.2805E+02	  0.7431E-24	  0.4892E+00
  0.2811E+02	  0.5826E-24	  0.4900E+00
  0.2817E+02	  0.4567E-24	  0.4908E+00
 
 
R8  
------------------------------------------------------------
Electric field / N (Td)                    60.00    
Angular frequency / N (m3/s)              0.4724E-12
Cosine of E-B field angle                  0.000    
Gas temperature (K)                        300.0    
Excitation temperature (K)                 300.0    
Transition energy (eV)                     0.000    
Ionization degree                          0.000    
Plasma density (1/m3)                     0.1000E+19
Ion charge parameter                       1.000    
Ion/neutral mass ratio                     1.000    
Coulomb collision model                    1.000    
Energy sharing                             0.000    
Growth model                               1.000    
Maxwellian mean energy (eV)                0.000    
# of grid points                           500.0    
Grid type                                  1.000    
Maximum energy                             30.00    
Precision                                 0.1000E-24
Convergence                               0.1000E-03
Maximum # of iterations                   0.2000E+05
Mole fraction Ar                           1.000    
------------------------------------------------------------
Mean energy (eV)                           1.872    
Mobility *N (1/m/V/s)                     0.1085E+27
Re/perp mobility *N (1/m/V/s)             0.4285E+23
Im/Hall mobility *N (1/m/V/s)            -0.3552E+24
Diffusion coefficient *N (1/m/s)          0.2458E+26
Energy mobility *N (1/m/V/s)              0.1949E+26
Energy diffusion coef. *N (1/m/s)         0.9528E+25
Total collision freq. /N (m3/s)           0.3474E-13
Momentum frequency /N (m3/s)              0.5511E-13
Total ionization freq. /N (m3/s)          0.1107E-18
Power /N (eV m3/s)                        0.1543E-15
Elastic power loss /N (eV m3/s)           0.5972E-17
Inelastic power loss /N (eV m3/s)         0.1481E-15
Growth power /N (eV m3/s)                 0.2073E-18
Maximum energy                             35.89    
# of iterations                            10.00    
# of grid trials                           2.000    
------------------------------------------------------------
Rate coefficients (m3/s)
C1    Ar    Elastic                       0.3473E-13
C2    Ar    Excitation    11.55 eV        0.3187E-17
C3    Ar    Excitation    11.62 eV        0.2588E-17
C4    Ar    Excitation    11.72 eV        0.5217E-18
C5    Ar    Excitation    11.83 eV        0.3300E-17
C6    Ar    Excitation    12.91 eV        0.2638E-18
C7    Ar    Excitation    13.08 eV        0.2267E-18
C8    Ar    Excitation    13.10 eV        0.1541E-18
C9    Ar    Excitation    13.15 eV        0.9388E-19
C10   Ar    Excitation    13.17 eV        0.1436E-18
C11   Ar    Excitation    13.27 eV        0.4407E-19
C12   Ar    Excitation    13.28 eV        0.8604E-19
C13   Ar    Excitation    13.30 eV        0.6437E-19
C14   Ar    Excitation    13.33 eV        0.7345E-19
C15   Ar    Excitation    13.48 eV        0.1382E-18
C16   Ar    Excitation    13.85 eV        0.7379E-19
C17   Ar    Excitation    13.86 eV        0.3408E-18
C18   Ar    Excitation    13.90 eV        0.1918E-18
C19   Ar    Excitation    13.98 eV        0.2273E-18
C20   Ar    Excitation    14.01 eV        0.6735E-19
C21   Ar    Excitation    14.06 eV        0.6525E-19
C22   Ar    Excitation    14.07 eV        0.6507E-19
C23   Ar    Excitation    14.09 eV        0.4509E-20
C24   Ar    Excitation    14.10 eV        0.9436E-20
C25   Ar    Excitation    14.15 eV        0.1166E-19
C26   Ar    Excitation    14.21 eV        0.8353E-19
C27   Ar    Excitation    14.23 eV        0.5479E-19
C28   Ar    Excitation    14.24 eV        0.1320E-19
C29   Ar    Excitation    14.24 eV        0.1178E-19
C30   Ar    Excitation    14.26 eV        0.1454E-20
C31   Ar    Excitation    14.30 eV        0.1117E-19
C32   Ar    Excitation    14.71 eV        0.1118E-21
C33   Ar    Excitation    14.85 eV        0.6591E-21
C34   Ar    Excitation    14.86 eV        0.2171E-20
C35   Ar    Excitation    15.00 eV        0.7157E-21
C36   Ar    Excitation    15.02 eV        0.7284E-21
C37   Ar    Excitation    15.12 eV        0.1133E-21
C38   Ar    Excitation    15.19 eV        0.1034E-20
C39   Ar    Excitation    15.19 eV        0.1026E-20
C40   Ar    Excitation    15.31 eV        0.1440E-22
C41   Ar    Excitation    15.35 eV        0.9012E-23
C42   Ar    Excitation    15.36 eV        0.1285E-22
C43   Ar    Excitation    15.37 eV        0.2231E-21
C44   Ar    Excitation    15.37 eV        0.4901E-21
C45   Ar    Excitation    15.66 eV        0.1307E-20
C46   Ar    Ionization    15.76 eV        0.1107E-18
------------------------------------------------------------
Energy (eV) EEDF (eV-3/2) Anisotropy
  0.3589E-01	  0.3996E+01	  0.9787E-04
  0.1077E+00	  0.3590E+01	  0.1062E-03
  0.1795E+00	  0.2888E+01	  0.1228E-03
  0.2512E+00	  0.1738E+01	  0.1930E-03
  0.3230E+00	  0.1052E+01	  0.3118E-03
  0.3948E+00	  0.7434E+00	  0.4343E-03
  0.4666E+00	  0.5819E+00	  0.5472E-03
  0.5384E+00	  0.4824E+00	  0.6597E-03
  0.6102E+00	  0.4138E+00	  0.7770E-03
  0.6819E+00	  0.3628E+00	  0.9027E-03
  0.7537E+00	  0.3228E+00	  0.1038E-02
  0.8255E+00	  0.2903E+00	  0.1183E-02
  0.8973E+00	  0.2633E+00	  0.1337E-02
  0.9691E+00	  0.2403E+00	  0.1501E-02
  0.1041E+01	  0.2206E+00	  0.1671E-02
  0.1113E+01	  0.2030E+00	  0.1849E-02
  0.1184E+01	  0.1873E+00	  0.2034E-02
  0.1256E+01	  0.1732E+00	  0.2226E-02
  0.1328E+01	  0.1604E+00	  0.2417E-02
  0.1400E+01	  0.1488E+00	  0.2609E-02
  0.1472E+01	  0.1384E+00	  0.2807E-02
  0.1543E+01	  0.1289E+00	  0.3008E-02
  0.1615E+01	  0.1203E+00	  0.3201E-02
  0.1687E+01	  0.1125E+00	  0.3384E-02
  0.1759E+01	  0.1054E+00	  0.3567E-02
  0.1830E+01	  0.9892E-01	  0.3756E-02
  0.1902E+01	  0.9299E-01	  0.3952E-02
  0.1974E+01	  0.8752E-01	  0.4155E-02
  0.2046E+01	  0.8248E-01	  0.4362E-02
  0.2118E+01	  0.7784E-01	  0.4575E-02
  0.2189E+01	  0.7356E-01	  0.4791E-02
  0.2261E+01	  0.6960E-01	  0.5011E-02
  0.2333E+01	  0.6593E-01	  0.5236E-02
  0.2405E+01	  0.6252E-01	  0.5464E-02
  0.2477E+01	  0.5934E-01	  0.5697E-02
  0.2548E+01	  0.5638E-01	  0.5932E-02
  0.2620E+01	  0.5362E-01	  0.6169E-02
  0.2692E+01	  0.5105E-01	  0.6408E-02
  0.2764E+01	  0.4864E-01	  0.6648E-02
  0.2835E+01	  0.4639E-01	  0.6889E-02
  0.2907E+01	  0.4427E-01	  0.7131E-02
  0.2979E+01	  0.4229E-01	  0.7373E-02
  0.3051E+01	  0.4043E-01	  0.7617E-02
  0.3123E+01	  0.3867E-01	  0.7860E-02
  0.3194E+01	  0.3702E-01	  0.8105E-02
  0.3266E+01	  0.3547E-01	  0.8350E-02
  0.3338E+01	  0.3400E-01	  0.8596E-02
  0.3410E+01	  0.3261E-01	  0.8841E-02
  0.3482E+01	  0.3130E-01	  0.9087E-02
  0.3553E+01	  0.3005E-01	  0.9333E-02
  0.3625E+01	  0.2888E-01	  0.9580E-02
  0.3697E+01	  0.2776E-01	  0.9826E-02
  0.3769E+01	  0.2671E-01	  0.1007E-01
  0.3840E+01	  0.2571E-01	  0.1032E-01
  0.3912E+01	  0.2475E-01	  0.1057E-01
  0.3984E+01	  0.2385E-01	  0.1081E-01
  0.4056E+01	  0.2299E-01	  0.1106E-01
  0.4128E+01	  0.2217E-01	  0.1131E-01
  0.4199E+01	  0.2140E-01	  0.1156E-01
  0.4271E+01	  0.2066E-01	  0.1180E-01
  0.4343E+01	  0.1997E-01	  0.1205E-01
  0.4415E+01	  0.1930E-01	  0.1229E-01
  0.4487E+01	  0.1867E-01	  0.1253E-01
  0.4558E+01	  0.1807E-01	  0.1278E-01
  0.4630E+01	  0.1750E-01	  0.1302E-01
  0.4702E+01	  0.1695E-01	  0.1326E-01
  0.4774E+01	  0.1643E-01	  0.1350E-01
  0.4845E+01	  0.1593E-01	  0.1374E-01
  0.4917E+01	  0.1545E-01	  0.1398E-01
  0.4989E+01	  0.1499E-01	  0.1422E-01
  0.5061E+01	  0.1456E-01	  0.1446E-01
  0.5133E+01	  0.1414E-01	  0.1470E-01
  0.5204E+01	  0.1374E-01	  0.1494E-01
  0.5276E+01	  0.1335E-01	  0.1518E-01
  0.5348E+01	  0.1298E-01	  0.1542E-01
  0.5420E+01	  0.1263E-01	  0.1566E-01
  0.5491E+01	  0.1229E-01	  0.1590E-01
  0.5563E+01	  0.1196E-01	  0.1614E-01
  0.5635E+01	  0.1164E-01	  0.1638E-01
  0.5707E+01	  0.1134E-01	  0.1662E-01
  0.5779E+01	  0.1104E-01	  0.1686E-01
  0.5850E+01	  0.1076E-01	  0.1711E-01
  0.5922E+01	  0.1049E-01	  0.1735E-01
  0.5994E+01	  0.1023E-01	  0.1760E-01
  0.6066E+01	  0.9973E-02	  0.1784E-01
  0.6138E+01	  0.9728E-02	  0.1809E-01
  0.6209E+01	  0.9490E-02	  0.1834E-01
  0.6281E+01	  0.9260E-02	  0.1860E-01
  0.6353E+01	  0.9038E-02	  0.1885E-01
  0.6425E+01	  0.8822E-02	  0.1911E-01
  0.6496E+01	  0.8613E-02	  0.1937E-01
  0.6568E+01	  0.8410E-02	  0.1963E-01
  0.6640E+01	  0.8214E-02	  0.1989E-01
  0.6712E+01	  0.8023E-02	  0.2016E-01
  0.6784E+01	  0.7837E-02	  0.2043E-01
  0.6855E+01	  0.7657E-02	  0.2070E-01
  0.6927E+01	  0.7482E-02	  0.2097E-01
  0.6999E+01	  0.7312E-02	  0.2125E-01
  0.7071E+01	  0.7146E-02	  0.2153E-01
  0.7143E+01	  0.6984E-02	  0.2182E-01
  0.7214E+01	  0.6827E-02	  0.2211E-01
  0.7286E+01	  0.6673E-02	  0.2240E-01
  0.7358E+01	  0.6524E-02	  0.2270E-01
  0.7430E+01	  0.6378E-02	  0.2300E-01
  0.7501E+01	  0.6235E-02	  0.2331E-01
  0.7573E+01	  0.6096E-02	  0.2363E-01
  0.7645E+01	  0.5960E-02	  0.2394E-01
  0.7717E+01	  0.5827E-02	  0.2427E-01
  0.7789E+01	  0.5697E-02	  0.2460E-01
  0.7860E+01	  0.5570E-02	  0.2494E-01
  0.7932E+01	  0.5446E-02	  0.2528E-01
  0.8004E+01	  0.5324E-02	  0.2563E-01
  0.8076E+01	  0.5205E-02	  0.2599E-01
  0.8147E+01	  0.5089E-02	  0.2636E-01
  0.8219E+01	  0.4975E-02	  0.2673E-01
  0.8291E+01	  0.4864E-02	  0.2711E-01
  0.8363E+01	  0.4754E-02	  0.2750E-01
  0.8435E+01	  0.4647E-02	  0.2790E-01
  0.8506E+01	  0.4543E-02	  0.2830E-01
  0.8578E+01	  0.4440E-02	  0.2872E-01
  0.8650E+01	  0.4339E-02	  0.2915E-01
  0.8722E+01	  0.4240E-02	  0.2958E-01
  0.8794E+01	  0.4143E-02	  0.3003E-01
  0.8865E+01	  0.4048E-02	  0.3049E-01
  0.8937E+01	  0.3954E-02	  0.3096E-01
  0.9009E+01	  0.3862E-02	  0.3144E-01
  0.9081E+01	  0.3772E-02	  0.3194E-01
  0.9152E+01	  0.3684E-02	  0.3245E-01
  0.9224E+01	  0.3597E-02	  0.3297E-01
  0.9296E+01	  0.3511E-02	  0.3351E-01
  0.9368E+01	  0.3427E-02	  0.3407E-01
  0.9440E+01	  0.3345E-02	  0.3464E-01
  0.9511E+01	  0.3263E-02	  0.3523E-01
  0.9583E+01	  0.3184E-02	  0.3583E-01
  0.9655E+01	  0.3105E-02	  0.3646E-01
  0.9727E+01	  0.3028E-02	  0.3711E-01
  0.9799E+01	  0.2951E-02	  0.3778E-01
  0.9870E+01	  0.2876E-02	  0.3847E-01
  0.9942E+01	  0.2803E-02	  0.3919E-01
  0.1001E+02	  0.2730E-02	  0.3993E-01
  0.1009E+02	  0.2658E-02	  0.4069E-01
  0.1016E+02	  0.2588E-02	  0.4149E-01
  0.1023E+02	  0.2518E-02	  0.4231E-01
  0.1030E+02	  0.2449E-02	  0.4317E-01
  0.1037E+02	  0.2381E-02	  0.4406E-01
  0.1044E+02	  0.2315E-02	  0.4500E-01
  0.1052E+02	  0.2249E-02	  0.4597E-01
  0.1059E+02	  0.2183E-02	  0.4699E-01
  0.1066E+02	  0.2119E-02	  0.4805E-01
  0.1073E+02	  0.2055E-02	  0.4916E-01
  0.1080E+02	  0.1993E-02	  0.5033E-01
  0.1088E+02	  0.1931E-02	  0.5156E-01
  0.1095E+02	  0.1869E-02	  0.5285E-01
  0.1102E+02	  0.1809E-02	  0.5422E-01
  0.1109E+02	  0.1749E-02	  0.5566E-01
  0.1116E+02	  0.1689E-02	  0.5718E-01
  0.1123E+02	  0.1631E-02	  0.5880E-01
  0.1131E+02	  0.1573E-02	  0.6052E-01
  0.1138E+02	  0.1516E-02	  0.6234E-01
  0.1145E+02	  0.1459E-02	  0.6429E-01
  0.1152E+02	  0.1403E-02	  0.6636E-01
  0.1159E+02	  0.1348E-02	  0.6847E-01
  0.1166E+02	  0.1293E-02	  0.7033E-01
  0.1174E+02	  0.1240E-02	  0.7201E-01
  0.1181E+02	  0.1188E-02	  0.7370E-01
  0.1188E+02	  0.1137E-02	  0.7515E-01
  0.1195E+02	  0.1087E-02	  0.7665E-01
  0.1202E+02	  0.1039E-02	  0.7842E-01
  0.1210E+02	  0.9926E-03	  0.8026E-01
  0.1217E+02	  0.9470E-03	  0.8213E-01
  0.1224E+02	  0.9028E-03	  0.8395E-01
  0.1231E+02	  0.8598E-03	  0.8569E-01
  0.1238E+02	  0.8183E-03	  0.8733E-01
  0.1245E+02	  0.7782E-03	  0.8890E-01
  0.1253E+02	  0.7396E-03	  0.9034E-01
  0.1260E+02	  0.7025E-03	  0.9164E-01
  0.1267E+02	  0.6668E-03	  0.9282E-01
  0.1274E+02	  0.6327E-03	  0.9396E-01
  0.1281E+02	  0.6000E-03	  0.9510E-01
  0.1289E+02	  0.5688E-03	  0.9639E-01
  0.1296E+02	  0.5388E-03	  0.9789E-01
  0.1303E+02	  0.5100E-03	  0.9903E-01
  0.1310E+02	  0.4826E-03	  0.9996E-01
  0.1317E+02	  0.4565E-03	  0.1015E+00
  0.1324E+02	  0.4314E-03	  0.1034E+00
  0.1332E+02	  0.4072E-03	  0.1058E+00
  0.1339E+02	  0.3839E-03	  0.1086E+00
  0.1346E+02	  0.3614E-03	  0.1115E+00
  0.1353E+02	  0.3398E-03	  0.1144E+00
  0.1360E+02	  0.3189E-03	  0.1174E+00
  0.1367E+02	  0.2989E-03	  0.1204E+00
  0.1375E+02	  0.2798E-03	  0.1236E+00
  0.1382E+02	  0.2614E-03	  0.1269E+00
  0.1389E+02	  0.2439E-03	  0.1302E+00
  0.1396E+02	  0.2271E-03	  0.1336E+00
  0.1403E+02	  0.2112E-03	  0.1370E+00
  0.1411E+02	  0.1960E-03	  0.1404E+00
  0.1418E+02	  0.1817E-03	  0.1438E+00
  0.1425E+02	  0.1681E-03	  0.1471E+00
  0.1432E+02	  0.1553E-03	  0.1504E+00
  0.1439E+02	  0.1432E-03	  0.1537E+00
  0.1446E+02	  0.1319E-03	  0.1568E+00
  0.1454E+02	  0.1213E-03	  0.1599E+00
  0.1461E+02	  0.1114E-03	  0.1630E+00
  0.1468E+02	  0.1021E-03	  0.1660E+00
  0.1475E+02	  0.9352E-04	  0.1689E+00
  0.1482E+02	  0.8553E-04	  0.1717E+00
  0.1490E+02	  0.7812E-04	  0.1744E+00
  0.1497E+02	  0.7127E-04	  0.1771E+00
  0.1504E+02	  0.6494E-04	  0.1796E+00
  0.1511E+02	  0.5911E-04	  0.1821E+00
  0.1518E+02	  0.5374E-04	  0.1847E+00
  0.1525E+02	  0.4881E-04	  0.1873E+00
  0.1533E+02	  0.4427E-04	  0.1899E+00
  0.1540E+02	  0.4011E-04	  0.1926E+00
  0.1547E+02	  0.3630E-04	  0.1953E+00
  0.1554E+02	  0.3281E-04	  0.1981E+00
  0.1561E+02	  0.2961E-04	  0.2011E+00
  0.1568E+02	  0.2669E-04	  0.2042E+00
  0.1576E+02	  0.2402E-04	  0.2075E+00
  0.1583E+02	  0.2159E-04	  0.2109E+00
  0.1590E+02	  0.1937E-04	  0.2142E+00
  0.1597E+02	  0.1736E-04	  0.2174E+00
  0.1604E+02	  0.1554E-04	  0.2205E+00
  0.1612E+02	  0.1388E-04	  0.2235E+00
  0.1619E+02	  0.1239E-04	  0.2265E+00
  0.1626E+02	  0.1105E-04	  0.2295E+00
  0.1633E+02	  0.9832E-05	  0.2325E+00
  0.1640E+02	  0.8741E-05	  0.2355E+00
  0.1647E+02	  0.7761E-05	  0.2385E+00
  0.1655E+02	  0.6882E-05	  0.2414E+00
  0.1662E+02	  0.6095E-05	  0.2444E+00
  0.1669E+02	  0.5392E-05	  0.2473E+00
  0.1676E+02	  0.4763E-05	  0.2501E+00
  0.1683E+02	  0.4203E-05	  0.2530E+00
  0.1691E+02	  0.3704E-05	  0.2558E+00
  0.1698E+02	  0.3261E-05	  0.2585E+00
  0.1705E+02	  0.2868E-05	  0.2612E+00
  0.1712E+02	  0.2519E-05	  0.2639E+00
  0.1719E+02	  0.2210E-05	  0.2665E+00
  0.1726E+02	  0.1937E-05	  0.2692E+00
  0.1734E+02	  0.1696E-05	  0.2718E+00
  0.1741E+02	  0.1483E-05	  0.2744E+00
  0.1748E+02	  0.1295E-05	  0.2770E+00
  0.1755E+02	  0.1131E-05	  0.2796E+00
  0.1762E+02	  0.9855E-06	  0.2822E+00
  0.1769E+02	  0.8583E-06	  0.2847E+00
  0.1777E+02	  0.7466E-06	  0.2872E+00
  0.1784E+02	  0.6489E-06	  0.2897E+00
  0.1791E+02	  0.5634E-06	  0.2921E+00
  0.1798E+02	  0.4887E-06	  0.2944E+00
  0.1805E+02	  0.4236E-06	  0.2967E+00
  0.1813E+02	  0.3668E-06	  0.2990E+00
  0.1820E+02	  0.3173E-06	  0.3012E+00
  0.1827E+02	  0.2743E-06	  0.3035E+00
  0.1834E+02	  0.2369E-06	  0.3058E+00
  0.1841E+02	  0.2044E-06	  0.3080E+00
  0.1848E+02	  0.1762E-06	  0.3102E+00
  0.1856E+02	  0.1518E-06	  0.3125E+00
  0.1863E+02	  0.1307E-06	  0.3147E+00
  0.1870E+02	  0.1124E-06	  0.3168E+00
  0.1877E+02	  0.9660E-07	  0.3190E+00
  0.1884E+02	  0.8295E-07	  0.3211E+00
  0.1892E+02	  0.7117E-07	  0.3232E+00
  0.1899E+02	  0.6102E-07	  0.3252E+00
  0.1906E+02	  0.5228E-07	  0.3272E+00
  0.1913E+02	  0.4476E-07	  0.3291E+00
  0.1920E+02	  0.3830E-07	  0.3311E+00
  0.1927E+02	  0.3274E-07	  0.3330E+00
  0.1935E+02	  0.2798E-07	  0.3349E+00
  0.1942E+02	  0.2388E-07	  0.3369E+00
  0.1949E+02	  0.2038E-07	  0.3388E+00
  0.1956E+02	  0.1737E-07	  0.3407E+00
  0.1963E+02	  0.1480E-07	  0.3426E+00
  0.1970E+02	  0.1260E-07	  0.3445E+00
  0.1978E+02	  0.1072E-07	  0.3464E+00
  0.1985E+02	  0.9118E-08	  0.3483E+00
  0.1992E+02	  0.7747E-08	  0.3502E+00
  0.1999E+02	  0.6578E-08	  0.3521E+00
  0.2006E+02	  0.5583E-08	  0.3539E+00
  0.2014E+02	  0.4735E-08	  0.3558E+00
  0.2021E+02	  0.4014E-08	  0.3576E+00
  0.2028E+02	  0.3401E-08	  0.3594E+00
  0.2035E+02	  0.2880E-08	  0.3612E+00
  0.2042E+02	  0.2438E-08	  0.3629E+00
  0.2049E+02	  0.2062E-08	  0.3646E+00
  0.2057E+02	  0.1744E-08	  0.3662E+00
  0.2064E+02	  0.1474E-08	  0.3679E+00
  0.2071E+02	  0.1245E-08	  0.3695E+00
  0.2078E+02	  0.1051E-08	  0.3711E+00
  0.2085E+02	  0.8873E-09	  0.3727E+00
  0.2093E+02	  0.7485E-09	  0.3743E+00
  0.2100E+02	  0.6312E-09	  0.3759E+00
  0.2107E+02	  0.5321E-09	  0.3775E+00
  0.2114E+02	  0.4483E-09	  0.3790E+00
  0.2121E+02	  0.3776E-09	  0.3806E+00
  0.2128E+02	  0.3179E-09	  0.3821E+00
  0.2136E+02	  0.2675E-09	  0.3837E+00
  0.2143E+02	  0.2250E-09	  0.3852E+00
  0.2150E+02	  0.1892E-09	  0.3868E+00
  0.2157E+02	  0.1590E-09	  0.3883E+00
  0.2164E+02	  0.1336E-09	  0.3898E+00
  0.2171E+02	  0.1122E-09	  0.3913E+00
  0.2179E+02	  0.9420E-10	  0.3928E+00
  0.2186E+02	  0.7905E-10	  0.3943E+00
  0.2193E+02	  0.6631E-10	  0.3956E+00
  0.2200E+02	  0.5561E-10	  0.3970E+00
  0.2207E+02	  0.4662E-10	  0.3982E+00
  0.2215E+02	  0.3907E-10	  0.3995E+00
  0.2222E+02	  0.3274E-10	  0.4008E+00
  0.2229E+02	  0.2742E-10	  0.4020E+00
  0.2236E+02	  0.2296E-10	  0.4033E+00
  0.2243E+02	  0.1922E-10	  0.4046E+00
  0.2250E+02	  0.1608E-10	  0.4058E+00
  0.2258E+02	  0.1346E-10	  0.4071E+00
  0.2265E+02	  0.1125E-10	  0.4084E+00
  0.2272E+02	  0.9408E-11	  0.4097E+00
  0.2279E+02	  0.7863E-11	  0.4110E+00
  0.2286E+02	  0.6570E-11	  0.4122E+00
  0.2293E+02	  0.5488E-11	  0.4134E+00
  0.2301E+02	  0.4582E-11	  0.4146E+00
  0.2308E+02	  0.3825E-11	  0.4158E+00
  0.2315E+02	  0.3193E-11	  0.4170E+00
  0.2322E+02	  0.2664E-11	  0.4182E+00
  0.2329E+02	  0.2222E-11	  0.4194E+00
  0.2337E+02	  0.1853E-11	  0.4205E+00
  0.2344E+02	  0.1545E-11	  0.4217E+00
  0.2351E+02	  0.1287E-11	  0.4229E+00
  0.2358E+02	  0.1073E-11	  0.4240E+00
  0.2365E+02	  0.8935E-12	  0.4252E+00
  0.2372E+02	  0.7441E-12	  0.4263E+00
  0.2380E+02	  0.6195E-12	  0.4275E+00
  0.2387E+02	  0.5156E-12	  0.4287E+00
  0.2394E+02	  0.4290E-12	  0.4298E+00
  0.2401E+02	  0.3569E-12	  0.4310E+00
  0.2408E+02	  0.2968E-12	  0.4321E+00
  0.2416E+02	  0.2467E-12	  0.4333E+00
  0.2423E+02	  0.2051E-12	  0.4344E+00
  0.2430E+02	  0.1704E-12	  0.4356E+00
  0.2437E+02	  0.1416E-12	  0.4367E+00
  0.2444E+02	  0.1176E-12	  0.4379E+00
  0.2451E+02	  0.9761E-13	  0.4390E+00
  0.2459E+02	  0.8102E-13	  0.4401E+00
  0.2466E+02	  0.6723E-13	  0.4413E+00
  0.2473E+02	  0.5577E-13	  0.4424E+00
  0.2480E+02	  0.4626E-13	  0.4435E+00
  0.2487E+02	  0.3836E-13	  0.4446E+00
  0.2494E+02	  0.3180E-13	  0.4457E+00
  0.2502E+02	  0.2635E-13	  0.4467E+00
  0.2509E+02	  0.2184E-13	  0.4478E+00
  0.2516E+02	  0.1809E-13	  0.4488E+00
  0.2523E+02	  0.1499E-13	  0.4499E+00
  0.2530E+02	  0.1241E-13	  0.4510E+00
  0.2538E+02	  0.1028E-13	  0.4521E+00
  0.2545E+02	  0.8506E-14	  0.4532E+00
  0.2552E+02	  0.7040E-14	  0.4544E+00
  0.2559E+02	  0.5826E-14	  0.4555E+00
  0.2566E+02	  0.4820E-14	  0.4567E+00
  0.2573E+02	  0.3987E-14	  0.4578E+00
  0.2581E+02	  0.3297E-14	  0.4589E+00
  0.2588E+02	  0.2726E-14	  0.4600E+00
  0.2595E+02	  0.2254E-14	  0.4611E+00
  0.2602E+02	  0.1863E-14	  0.4621E+00
  0.2609E+02	  0.1540E-14	  0.4630E+00
  0.2617E+02	  0.1272E-14	  0.4640E+00
  0.2624E+02	  0.1051E-14	  0.4650E+00
  0.2631E+02	  0.8685E-15	  0.4659E+00
  0.2638E+02	  0.7173E-15	  0.4669E+00
  0.2645E+02	  0.5924E-15	  0.4679E+00
  0.2652E+02	  0.4892E-15	  0.4688E+00
  0.2660E+02	  0.4039E-15	  0.4698E+00
  0.2667E+02	  0.3334E-15	  0.4707E+00
  0.2674E+02	  0.2752E-15	  0.4717E+00
  0.2681E+02	  0.2271E-15	  0.4726E+00
  0.2688E+02	  0.1874E-15	  0.4736E+00
  0.2695E+02	  0.1546E-15	  0.4745E+00
  0.2703E+02	  0.1276E-15	  0.4755E+00
  0.2710E+02	  0.1052E-15	  0.4764E+00
  0.2717E+02	  0.8678E-16	  0.4774E+00
  0.2724E+02	  0.7156E-16	  0.4783E+00
  0.2731E+02	  0.5900E-16	  0.4792E+00
  0.2739E+02	  0.4864E-16	  0.4802E+00
  0.2746E+02	  0.4009E-16	  0.4811E+00
  0.2753E+02	  0.3304E-16	  0.4820E+00
  0.2760E+02	  0.2723E-16	  0.4830E+00
  0.2767E+02	  0.2243E-16	  0.4839E+00
  0.2774E+02	  0.1848E-16	  0.4848E+00
  0.2782E+02	  0.1522E-16	  0.4858E+00
  0.2789E+02	  0.1253E-16	  0.4867E+00
  0.2796E+02	  0.1032E-16	  0.4877E+00
  0.2803E+02	  0.8497E-17	  0.4886E+00
  0.2810E+02	  0.6995E-17	  0.4896E+00
  0.2818E+02	  0.5757E-17	  0.4905E+00
  0.2825E+02	  0.4738E-17	  0.4915E+00
  0.2832E+02	  0.3898E-17	  0.4924E+00
  0.2839E+02	  0.3207E-17	  0.4934E+00
  0.2846E+02	  0.2638E-17	  0.4943E+00
  0.2853E+02	  0.2170E-17	  0.4953E+00
  0.2861E+02	  0.1784E-17	  0.4962E+00
  0.2868E+02	  0.1467E-17	  0.4972E+00
  0.2875E+02	  0.1206E-17	  0.4981E+00
  0.2882E+02	  0.9911E-18	  0.4990E+00
  0.2889E+02	  0.8145E-18	  0.5000E+00
  0.2896E+02	  0.6693E-18	  0.5009E+00
  0.2904E+02	  0.5499E-18	  0.5018E+00
  0.2911E+02	  0.4517E-18	  0.5028E+00
  0.2918E+02	  0.3710E-18	  0.5037E+00
  0.2925E+02	  0.3047E-18	  0.5046E+00
  0.2932E+02	  0.2502E-18	  0.5056E+00
  0.2940E+02	  0.2054E-18	  0.5065E+00
  0.2947E+02	  0.1686E-18	  0.5074E+00
  0.2954E+02	  0.1384E-18	  0.5083E+00
  0.2961E+02	  0.1135E-18	  0.5092E+00
  0.2968E+02	  0.9315E-19	  0.5102E+00
  0.2975E+02	  0.7642E-19	  0.5111E+00
  0.2983E+02	  0.6269E-19	  0.5120E+00
  0.2990E+02	  0.5141E-19	  0.5129E+00
  0.2997E+02	  0.4216E-19	  0.5138E+00
  0.3004E+02	  0.3457E-19	  0.5147E+00
  0.3011E+02	  0.2834E-19	  0.5156E+00
  0.3019E+02	  0.2324E-19	  0.5164E+00
  0.3026E+02	  0.1905E-19	  0.5173E+00
  0.3033E+02	  0.1561E-19	  0.5182E+00
  0.3040E+02	  0.1280E-19	  0.5191E+00
  0.3047E+02	  0.1049E-19	  0.5200E+00
  0.3054E+02	  0.8594E-20	  0.5209E+00
  0.3062E+02	  0.7042E-20	  0.5218E+00
  0.3069E+02	  0.5770E-20	  0.5227E+00
  0.3076E+02	  0.4728E-20	  0.5236E+00
  0.3083E+02	  0.3873E-20	  0.5244E+00
  0.3090E+02	  0.3173E-20	  0.5253E+00
  0.3097E+02	  0.2599E-20	  0.5262E+00
  0.3105E+02	  0.2129E-20	  0.5271E+00
  0.3112E+02	  0.1744E-20	  0.5280E+00
  0.3119E+02	  0.1428E-20	  0.5288E+00
  0.3126E+02	  0.1170E-20	  0.5297E+00
  0.3133E+02	  0.9577E-21	  0.5306E+00
  0.3141E+02	  0.7842E-21	  0.5315E+00
  0.3148E+02	  0.6421E-21	  0.5323E+00
  0.3155E+02	  0.5257E-21	  0.5332E+00
  0.3162E+02	  0.4304E-21	  0.5341E+00
  0.3169E+02	  0.3523E-21	  0.5349E+00
  0.3176E+02	  0.2884E-21	  0.5358E+00
  0.3184E+02	  0.2360E-21	  0.5366E+00
  0.3191E+02	  0.1932E-21	  0.5375E+00
  0.3198E+02	  0.1581E-21	  0.5383E+00
  0.3205E+02	  0.1294E-21	  0.5392E+00
  0.3212E+02	  0.1059E-21	  0.5400E+00
  0.3220E+02	  0.8662E-22	  0.5408E+00
  0.3227E+02	  0.7088E-22	  0.5416E+00
  0.3234E+02	  0.5799E-22	  0.5425E+00
  0.3241E+02	  0.4744E-22	  0.5433E+00
  0.3248E+02	  0.3881E-22	  0.5441E+00
  0.3255E+02	  0.3175E-22	  0.5449E+00
  0.3263E+02	  0.2597E-22	  0.5457E+00
  0.3270E+02	  0.2124E-22	  0.5465E+00
  0.3277E+02	  0.1737E-22	  0.5474E+00
  0.3284E+02	  0.1421E-22	  0.5482E+00
  0.3291E+02	  0.1162E-22	  0.5490E+00
  0.3298E+02	  0.9500E-23	  0.5498E+00
  0.3306E+02	  0.7768E-23	  0.5506E+00
  0.3313E+02	  0.6352E-23	  0.5514E+00
  0.3320E+02	  0.5193E-23	  0.5522E+00
  0.3327E+02	  0.4246E-23	  0.5530E+00
  0.3334E+02	  0.3471E-23	  0.5538E+00
  0.3342E+02	  0.2837E-23	  0.5546E+00
  0.3349E+02	  0.2319E-23	  0.5554E+00
  0.3356E+02	  0.1896E-23	  0.5562E+00
  0.3363E+02	  0.1549E-23	  0.5570E+00
  0.3370E+02	  0.1266E-23	  0.5578E+00
  0.3377E+02	  0.1035E-23	  0.5585E+00
  0.3385E+02	  0.8458E-24	  0.5593E+00
  0.3392E+02	  0.6911E-24	  0.5600E+00
  0.3399E+02	  0.5648E-24	  0.5607E+00
  0.3406E+02	  0.4615E-24	  0.5614E+00
 
 
R9  
------------------------------------------------------------
Electric field / N (Td)                    80.00    
Angular frequency / N (m3/s)              0.4724E-12
Cosine of E-B field angle                  0.000    
Gas temperature (K)                        300.0    
Excitation temperature (K)                 300.0    
Transition energy (eV)                     0.000    
Ionization degree                          0.000    
Plasma density (1/m3)                     0.1000E+19
Ion charge parameter                       1.000    
Ion/neutral mass ratio                     1.000    
Coulomb collision model                    1.000    
Energy sharing                             0.000    
Growth model                               1.000    
Maxwellian mean energy (eV)                0.000    
# of grid points                           500.0    
Grid type                                  1.000    
Maximum energy                             30.00    
Precision                                 0.1000E-24
Convergence                               0.1000E-03
Maximum # of iterations                   0.2000E+05
Mole fraction Ar                           1.000    
------------------------------------------------------------
Mean energy (eV)                           2.056    
Mobility *N (1/m/V/s)                     0.1036E+27
Re/perp mobility *N (1/m/V/s)             0.4740E+23
Im/Hall mobility *N (1/m/V/s)            -0.3529E+24
Diffusion coefficient *N (1/m/s)          0.2348E+26
Energy mobility *N (1/m/V/s)              0.1703E+26
Energy diffusion coef. *N (1/m/s)         0.8929E+25
Total collision freq. /N (m3/s)           0.3951E-13
Momentum frequency /N (m3/s)              0.6114E-13
Total ionization freq. /N (m3/s)          0.5608E-18
Power /N (eV m3/s)                        0.3033E-15
Elastic power loss /N (eV m3/s)           0.7151E-17
Inelastic power loss /N (eV m3/s)         0.2951E-15
Growth power /N (eV m3/s)                 0.1153E-17
Maximum energy                             42.94    
# of iterations                            18.00    
# of grid trials                           3.000    
------------------------------------------------------------
Rate coefficients (m3/s)
C1    Ar    Elastic                       0.3949E-13
C2    Ar    Excitation    11.55 eV        0.5448E-17
C3    Ar    Excitation    11.62 eV        0.4559E-17
C4    Ar    Excitation    11.72 eV        0.9149E-18
C5    Ar    Excitation    11.83 eV        0.6078E-17
C6    Ar    Excitation    12.91 eV        0.5278E-18
C7    Ar    Excitation    13.08 eV        0.5314E-18
C8    Ar    Excitation    13.10 eV        0.3606E-18
C9    Ar    Excitation    13.15 eV        0.2299E-18
C10   Ar    Excitation    13.17 eV        0.3404E-18
C11   Ar    Excitation    13.27 eV        0.1108E-18
C12   Ar    Excitation    13.28 eV        0.2149E-18
C13   Ar    Excitation    13.30 eV        0.1586E-18
C14   Ar    Excitation    13.33 eV        0.1733E-18
C15   Ar    Excitation    13.48 eV        0.3547E-18
C16   Ar    Excitation    13.85 eV        0.1923E-18
C17   Ar    Excitation    13.86 eV        0.9000E-18
C18   Ar    Excitation    13.90 eV        0.5269E-18
C19   Ar    Excitation    13.98 eV        0.6160E-18
C20   Ar    Excitation    14.01 eV        0.1865E-18
C21   Ar    Excitation    14.06 eV        0.1855E-18
C22   Ar    Excitation    14.07 eV        0.1851E-18
C23   Ar    Excitation    14.09 eV        0.1550E-19
C24   Ar    Excitation    14.10 eV        0.2790E-19
C25   Ar    Excitation    14.15 eV        0.4080E-19
C26   Ar    Excitation    14.21 eV        0.2448E-18
C27   Ar    Excitation    14.23 eV        0.1595E-18
C28   Ar    Excitation    14.24 eV        0.3995E-19
C29   Ar    Excitation    14.24 eV        0.3452E-19
C30   Ar    Excitation    14.26 eV        0.5241E-20
C31   Ar    Excitation    14.30 eV        0.4085E-19
C32   Ar    Excitation    14.71 eV        0.4636E-21
C33   Ar    Excitation    14.85 eV        0.2858E-20
C34   Ar    Excitation    14.86 eV        0.9449E-20
C35   Ar    Excitation    15.00 eV        0.3271E-20
C36   Ar    Excitation    15.02 eV        0.3349E-20
C37   Ar    Excitation    15.12 eV        0.5382E-21
C38   Ar    Excitation    15.19 eV        0.5031E-20
C39   Ar    Excitation    15.19 eV        0.5000E-20
C40   Ar    Excitation    15.31 eV        0.7318E-22
C41   Ar    Excitation    15.35 eV        0.4651E-22
C42   Ar    Excitation    15.36 eV        0.6653E-22
C43   Ar    Excitation    15.37 eV        0.1158E-20
C44   Ar    Excitation    15.37 eV        0.2550E-20
C45   Ar    Excitation    15.66 eV        0.7566E-20
C46   Ar    Ionization    15.76 eV        0.5608E-18
------------------------------------------------------------
Energy (eV) EEDF (eV-3/2) Anisotropy
  0.4294E-01	  0.4018E+01	  0.1588E-03
  0.1288E+00	  0.3342E+01	  0.1763E-03
  0.2147E+00	  0.2189E+01	  0.2112E-03
  0.3006E+00	  0.1110E+01	  0.3755E-03
  0.3865E+00	  0.7058E+00	  0.5634E-03
  0.4724E+00	  0.5278E+00	  0.7312E-03
  0.5582E+00	  0.4277E+00	  0.8977E-03
  0.6441E+00	  0.3621E+00	  0.1074E-02
  0.7300E+00	  0.3146E+00	  0.1266E-02
  0.8159E+00	  0.2781E+00	  0.1475E-02
  0.9018E+00	  0.2488E+00	  0.1700E-02
  0.9876E+00	  0.2247E+00	  0.1941E-02
  0.1074E+01	  0.2043E+00	  0.2195E-02
  0.1159E+01	  0.1864E+00	  0.2463E-02
  0.1245E+01	  0.1706E+00	  0.2743E-02
  0.1331E+01	  0.1565E+00	  0.3027E-02
  0.1417E+01	  0.1440E+00	  0.3312E-02
  0.1503E+01	  0.1328E+00	  0.3609E-02
  0.1589E+01	  0.1228E+00	  0.3904E-02
  0.1675E+01	  0.1139E+00	  0.4181E-02
  0.1761E+01	  0.1059E+00	  0.4458E-02
  0.1846E+01	  0.9863E-01	  0.4744E-02
  0.1932E+01	  0.9207E-01	  0.5044E-02
  0.2018E+01	  0.8608E-01	  0.5355E-02
  0.2104E+01	  0.8063E-01	  0.5676E-02
  0.2190E+01	  0.7565E-01	  0.6005E-02
  0.2276E+01	  0.7110E-01	  0.6342E-02
  0.2362E+01	  0.6691E-01	  0.6688E-02
  0.2448E+01	  0.6306E-01	  0.7043E-02
  0.2534E+01	  0.5950E-01	  0.7405E-02
  0.2619E+01	  0.5622E-01	  0.7772E-02
  0.2705E+01	  0.5318E-01	  0.8144E-02
  0.2791E+01	  0.5036E-01	  0.8519E-02
  0.2877E+01	  0.4774E-01	  0.8898E-02
  0.2963E+01	  0.4530E-01	  0.9279E-02
  0.3049E+01	  0.4303E-01	  0.9664E-02
  0.3135E+01	  0.4091E-01	  0.1005E-01
  0.3221E+01	  0.3893E-01	  0.1044E-01
  0.3306E+01	  0.3708E-01	  0.1083E-01
  0.3392E+01	  0.3534E-01	  0.1122E-01
  0.3478E+01	  0.3371E-01	  0.1162E-01
  0.3564E+01	  0.3218E-01	  0.1201E-01
  0.3650E+01	  0.3074E-01	  0.1241E-01
  0.3736E+01	  0.2938E-01	  0.1281E-01
  0.3822E+01	  0.2811E-01	  0.1321E-01
  0.3908E+01	  0.2690E-01	  0.1360E-01
  0.3994E+01	  0.2577E-01	  0.1400E-01
  0.4079E+01	  0.2470E-01	  0.1440E-01
  0.4165E+01	  0.2369E-01	  0.1480E-01
  0.4251E+01	  0.2274E-01	  0.1520E-01
  0.4337E+01	  0.2185E-01	  0.1559E-01
  0.4423E+01	  0.2101E-01	  0.1598E-01
  0.4509E+01	  0.2021E-01	  0.1637E-01
  0.4595E+01	  0.1946E-01	  0.1675E-01
  0.4681E+01	  0.1875E-01	  0.1714E-01
  0.4766E+01	  0.1808E-01	  0.1752E-01
  0.4852E+01	  0.1744E-01	  0.1790E-01
  0.4938E+01	  0.1683E-01	  0.1827E-01
  0.5024E+01	  0.1625E-01	  0.1865E-01
  0.5110E+01	  0.1571E-01	  0.1902E-01
  0.5196E+01	  0.1518E-01	  0.1940E-01
  0.5282E+01	  0.1469E-01	  0.1977E-01
  0.5368E+01	  0.1422E-01	  0.2014E-01
  0.5454E+01	  0.1377E-01	  0.2051E-01
  0.5539E+01	  0.1334E-01	  0.2087E-01
  0.5625E+01	  0.1292E-01	  0.2124E-01
  0.5711E+01	  0.1253E-01	  0.2161E-01
  0.5797E+01	  0.1216E-01	  0.2197E-01
  0.5883E+01	  0.1180E-01	  0.2234E-01
  0.5969E+01	  0.1145E-01	  0.2271E-01
  0.6055E+01	  0.1112E-01	  0.2307E-01
  0.6141E+01	  0.1080E-01	  0.2344E-01
  0.6226E+01	  0.1050E-01	  0.2381E-01
  0.6312E+01	  0.1020E-01	  0.2418E-01
  0.6398E+01	  0.9921E-02	  0.2456E-01
  0.6484E+01	  0.9649E-02	  0.2493E-01
  0.6570E+01	  0.9387E-02	  0.2531E-01
  0.6656E+01	  0.9133E-02	  0.2569E-01
  0.6742E+01	  0.8889E-02	  0.2608E-01
  0.6828E+01	  0.8653E-02	  0.2647E-01
  0.6914E+01	  0.8425E-02	  0.2686E-01
  0.6999E+01	  0.8205E-02	  0.2726E-01
  0.7085E+01	  0.7991E-02	  0.2766E-01
  0.7171E+01	  0.7784E-02	  0.2806E-01
  0.7257E+01	  0.7583E-02	  0.2848E-01
  0.7343E+01	  0.7389E-02	  0.2889E-01
  0.7429E+01	  0.7200E-02	  0.2932E-01
  0.7515E+01	  0.7016E-02	  0.2975E-01
  0.7601E+01	  0.6837E-02	  0.3019E-01
  0.7686E+01	  0.6664E-02	  0.3064E-01
  0.7772E+01	  0.6495E-02	  0.3110E-01
  0.7858E+01	  0.6330E-02	  0.3156E-01
  0.7944E+01	  0.6170E-02	  0.3204E-01
  0.8030E+01	  0.6015E-02	  0.3253E-01
  0.8116E+01	  0.5863E-02	  0.3302E-01
  0.8202E+01	  0.5715E-02	  0.3353E-01
  0.8288E+01	  0.5571E-02	  0.3405E-01
  0.8374E+01	  0.5430E-02	  0.3458E-01
  0.8459E+01	  0.5292E-02	  0.3512E-01
  0.8545E+01	  0.5158E-02	  0.3567E-01
  0.8631E+01	  0.5027E-02	  0.3624E-01
  0.8717E+01	  0.4899E-02	  0.3683E-01
  0.8803E+01	  0.4774E-02	  0.3743E-01
  0.8889E+01	  0.4652E-02	  0.3804E-01
  0.8975E+01	  0.4532E-02	  0.3868E-01
  0.9061E+01	  0.4415E-02	  0.3933E-01
  0.9146E+01	  0.4301E-02	  0.4000E-01
  0.9232E+01	  0.4188E-02	  0.4069E-01
  0.9318E+01	  0.4078E-02	  0.4140E-01
  0.9404E+01	  0.3971E-02	  0.4213E-01
  0.9490E+01	  0.3865E-02	  0.4289E-01
  0.9576E+01	  0.3762E-02	  0.4367E-01
  0.9662E+01	  0.3660E-02	  0.4448E-01
  0.9748E+01	  0.3560E-02	  0.4532E-01
  0.9834E+01	  0.3463E-02	  0.4619E-01
  0.9919E+01	  0.3367E-02	  0.4709E-01
  0.1001E+02	  0.3272E-02	  0.4802E-01
  0.1009E+02	  0.3180E-02	  0.4898E-01
  0.1018E+02	  0.3089E-02	  0.4999E-01
  0.1026E+02	  0.2999E-02	  0.5103E-01
  0.1035E+02	  0.2911E-02	  0.5213E-01
  0.1043E+02	  0.2824E-02	  0.5327E-01
  0.1052E+02	  0.2738E-02	  0.5446E-01
  0.1061E+02	  0.2654E-02	  0.5571E-01
  0.1069E+02	  0.2571E-02	  0.5702E-01
  0.1078E+02	  0.2489E-02	  0.5840E-01
  0.1086E+02	  0.2408E-02	  0.5984E-01
  0.1095E+02	  0.2329E-02	  0.6137E-01
  0.1104E+02	  0.2250E-02	  0.6298E-01
  0.1112E+02	  0.2172E-02	  0.6469E-01
  0.1121E+02	  0.2096E-02	  0.6650E-01
  0.1129E+02	  0.2020E-02	  0.6842E-01
  0.1138E+02	  0.1946E-02	  0.7046E-01
  0.1147E+02	  0.1872E-02	  0.7263E-01
  0.1155E+02	  0.1799E-02	  0.7493E-01
  0.1164E+02	  0.1728E-02	  0.7712E-01
  0.1172E+02	  0.1657E-02	  0.7911E-01
  0.1181E+02	  0.1589E-02	  0.8101E-01
  0.1189E+02	  0.1521E-02	  0.8278E-01
  0.1198E+02	  0.1456E-02	  0.8464E-01
  0.1207E+02	  0.1392E-02	  0.8672E-01
  0.1215E+02	  0.1330E-02	  0.8884E-01
  0.1224E+02	  0.1270E-02	  0.9093E-01
  0.1232E+02	  0.1211E-02	  0.9295E-01
  0.1241E+02	  0.1154E-02	  0.9487E-01
  0.1250E+02	  0.1099E-02	  0.9670E-01
  0.1258E+02	  0.1046E-02	  0.9840E-01
  0.1267E+02	  0.9946E-03	  0.9999E-01
  0.1275E+02	  0.9453E-03	  0.1015E+00
  0.1284E+02	  0.8979E-03	  0.1032E+00
  0.1293E+02	  0.8523E-03	  0.1050E+00
  0.1301E+02	  0.8083E-03	  0.1067E+00
  0.1310E+02	  0.7662E-03	  0.1083E+00
  0.1318E+02	  0.7257E-03	  0.1103E+00
  0.1327E+02	  0.6867E-03	  0.1129E+00
  0.1335E+02	  0.6490E-03	  0.1160E+00
  0.1344E+02	  0.6124E-03	  0.1193E+00
  0.1353E+02	  0.5771E-03	  0.1227E+00
  0.1361E+02	  0.5430E-03	  0.1261E+00
  0.1370E+02	  0.5101E-03	  0.1297E+00
  0.1378E+02	  0.4785E-03	  0.1334E+00
  0.1387E+02	  0.4480E-03	  0.1372E+00
  0.1396E+02	  0.4189E-03	  0.1410E+00
  0.1404E+02	  0.3909E-03	  0.1449E+00
  0.1413E+02	  0.3643E-03	  0.1487E+00
  0.1421E+02	  0.3389E-03	  0.1525E+00
  0.1430E+02	  0.3147E-03	  0.1563E+00
  0.1439E+02	  0.2918E-03	  0.1600E+00
  0.1447E+02	  0.2702E-03	  0.1636E+00
  0.1456E+02	  0.2498E-03	  0.1671E+00
  0.1464E+02	  0.2306E-03	  0.1706E+00
  0.1473E+02	  0.2126E-03	  0.1740E+00
  0.1481E+02	  0.1957E-03	  0.1773E+00
  0.1490E+02	  0.1799E-03	  0.1805E+00
  0.1499E+02	  0.1652E-03	  0.1836E+00
  0.1507E+02	  0.1515E-03	  0.1866E+00
  0.1516E+02	  0.1388E-03	  0.1896E+00
  0.1524E+02	  0.1270E-03	  0.1927E+00
  0.1533E+02	  0.1160E-03	  0.1959E+00
  0.1542E+02	  0.1059E-03	  0.1991E+00
  0.1550E+02	  0.9650E-04	  0.2025E+00
  0.1559E+02	  0.8783E-04	  0.2059E+00
  0.1567E+02	  0.7983E-04	  0.2095E+00
  0.1576E+02	  0.7244E-04	  0.2133E+00
  0.1585E+02	  0.6564E-04	  0.2172E+00
  0.1593E+02	  0.5939E-04	  0.2210E+00
  0.1602E+02	  0.5365E-04	  0.2246E+00
  0.1610E+02	  0.4840E-04	  0.2281E+00
  0.1619E+02	  0.4361E-04	  0.2317E+00
  0.1627E+02	  0.3923E-04	  0.2352E+00
  0.1636E+02	  0.3525E-04	  0.2387E+00
  0.1645E+02	  0.3163E-04	  0.2421E+00
  0.1653E+02	  0.2835E-04	  0.2456E+00
  0.1662E+02	  0.2537E-04	  0.2490E+00
  0.1670E+02	  0.2267E-04	  0.2524E+00
  0.1679E+02	  0.2024E-04	  0.2557E+00
  0.1688E+02	  0.1804E-04	  0.2590E+00
  0.1696E+02	  0.1607E-04	  0.2622E+00
  0.1705E+02	  0.1429E-04	  0.2654E+00
  0.1713E+02	  0.1269E-04	  0.2685E+00
  0.1722E+02	  0.1126E-04	  0.2716E+00
  0.1731E+02	  0.9984E-05	  0.2747E+00
  0.1739E+02	  0.8839E-05	  0.2778E+00
  0.1748E+02	  0.7817E-05	  0.2808E+00
  0.1756E+02	  0.6905E-05	  0.2838E+00
  0.1765E+02	  0.6093E-05	  0.2868E+00
  0.1773E+02	  0.5371E-05	  0.2897E+00
  0.1782E+02	  0.4729E-05	  0.2926E+00
  0.1791E+02	  0.4160E-05	  0.2954E+00
  0.1799E+02	  0.3656E-05	  0.2982E+00
  0.1808E+02	  0.3209E-05	  0.3009E+00
  0.1816E+02	  0.2815E-05	  0.3035E+00
  0.1825E+02	  0.2467E-05	  0.3062E+00
  0.1834E+02	  0.2160E-05	  0.3088E+00
  0.1842E+02	  0.1890E-05	  0.3115E+00
  0.1851E+02	  0.1652E-05	  0.3141E+00
  0.1859E+02	  0.1442E-05	  0.3167E+00
  0.1868E+02	  0.1258E-05	  0.3193E+00
  0.1877E+02	  0.1097E-05	  0.3218E+00
  0.1885E+02	  0.9555E-06	  0.3243E+00
  0.1894E+02	  0.8316E-06	  0.3267E+00
  0.1902E+02	  0.7233E-06	  0.3290E+00
  0.1911E+02	  0.6285E-06	  0.3313E+00
  0.1919E+02	  0.5458E-06	  0.3336E+00
  0.1928E+02	  0.4736E-06	  0.3359E+00
  0.1937E+02	  0.4107E-06	  0.3382E+00
  0.1945E+02	  0.3558E-06	  0.3405E+00
  0.1954E+02	  0.3081E-06	  0.3427E+00
  0.1962E+02	  0.2666E-06	  0.3450E+00
  0.1971E+02	  0.2305E-06	  0.3472E+00
  0.1980E+02	  0.1991E-06	  0.3495E+00
  0.1988E+02	  0.1719E-06	  0.3517E+00
  0.1997E+02	  0.1483E-06	  0.3539E+00
  0.2005E+02	  0.1279E-06	  0.3561E+00
  0.2014E+02	  0.1102E-06	  0.3583E+00
  0.2023E+02	  0.9488E-07	  0.3604E+00
  0.2031E+02	  0.8167E-07	  0.3625E+00
  0.2040E+02	  0.7025E-07	  0.3646E+00
  0.2048E+02	  0.6040E-07	  0.3665E+00
  0.2057E+02	  0.5191E-07	  0.3685E+00
  0.2065E+02	  0.4459E-07	  0.3704E+00
  0.2074E+02	  0.3828E-07	  0.3724E+00
  0.2083E+02	  0.3285E-07	  0.3743E+00
  0.2091E+02	  0.2818E-07	  0.3762E+00
  0.2100E+02	  0.2416E-07	  0.3780E+00
  0.2108E+02	  0.2070E-07	  0.3799E+00
  0.2117E+02	  0.1773E-07	  0.3817E+00
  0.2126E+02	  0.1518E-07	  0.3835E+00
  0.2134E+02	  0.1299E-07	  0.3854E+00
  0.2143E+02	  0.1112E-07	  0.3872E+00
  0.2151E+02	  0.9506E-08	  0.3890E+00
  0.2160E+02	  0.8125E-08	  0.3908E+00
  0.2169E+02	  0.6942E-08	  0.3926E+00
  0.2177E+02	  0.5929E-08	  0.3943E+00
  0.2186E+02	  0.5062E-08	  0.3960E+00
  0.2194E+02	  0.4320E-08	  0.3976E+00
  0.2203E+02	  0.3685E-08	  0.3992E+00
  0.2211E+02	  0.3143E-08	  0.4007E+00
  0.2220E+02	  0.2680E-08	  0.4022E+00
  0.2229E+02	  0.2284E-08	  0.4037E+00
  0.2237E+02	  0.1946E-08	  0.4052E+00
  0.2246E+02	  0.1657E-08	  0.4067E+00
  0.2254E+02	  0.1411E-08	  0.4082E+00
  0.2263E+02	  0.1201E-08	  0.4097E+00
  0.2272E+02	  0.1022E-08	  0.4112E+00
  0.2280E+02	  0.8695E-09	  0.4127E+00
  0.2289E+02	  0.7394E-09	  0.4142E+00
  0.2297E+02	  0.6286E-09	  0.4156E+00
  0.2306E+02	  0.5342E-09	  0.4170E+00
  0.2315E+02	  0.4539E-09	  0.4184E+00
  0.2323E+02	  0.3855E-09	  0.4198E+00
  0.2332E+02	  0.3273E-09	  0.4212E+00
  0.2340E+02	  0.2779E-09	  0.4226E+00
  0.2349E+02	  0.2358E-09	  0.4240E+00
  0.2357E+02	  0.2001E-09	  0.4254E+00
  0.2366E+02	  0.1697E-09	  0.4268E+00
  0.2375E+02	  0.1439E-09	  0.4281E+00
  0.2383E+02	  0.1219E-09	  0.4295E+00
  0.2392E+02	  0.1033E-09	  0.4309E+00
  0.2400E+02	  0.8754E-10	  0.4323E+00
  0.2409E+02	  0.7414E-10	  0.4336E+00
  0.2418E+02	  0.6277E-10	  0.4350E+00
  0.2426E+02	  0.5313E-10	  0.4364E+00
  0.2435E+02	  0.4496E-10	  0.4377E+00
  0.2443E+02	  0.3803E-10	  0.4391E+00
  0.2452E+02	  0.3216E-10	  0.4404E+00
  0.2461E+02	  0.2719E-10	  0.4418E+00
  0.2469E+02	  0.2298E-10	  0.4431E+00
  0.2478E+02	  0.1942E-10	  0.4444E+00
  0.2486E+02	  0.1640E-10	  0.4457E+00
  0.2495E+02	  0.1386E-10	  0.4470E+00
  0.2503E+02	  0.1170E-10	  0.4483E+00
  0.2512E+02	  0.9876E-11	  0.4495E+00
  0.2521E+02	  0.8335E-11	  0.4508E+00
  0.2529E+02	  0.7033E-11	  0.4521E+00
  0.2538E+02	  0.5933E-11	  0.4534E+00
  0.2546E+02	  0.5004E-11	  0.4548E+00
  0.2555E+02	  0.4220E-11	  0.4561E+00
  0.2564E+02	  0.3558E-11	  0.4575E+00
  0.2572E+02	  0.2999E-11	  0.4588E+00
  0.2581E+02	  0.2528E-11	  0.4601E+00
  0.2589E+02	  0.2130E-11	  0.4614E+00
  0.2598E+02	  0.1794E-11	  0.4626E+00
  0.2607E+02	  0.1511E-11	  0.4638E+00
  0.2615E+02	  0.1273E-11	  0.4649E+00
  0.2624E+02	  0.1072E-11	  0.4661E+00
  0.2632E+02	  0.9026E-12	  0.4672E+00
  0.2641E+02	  0.7598E-12	  0.4684E+00
  0.2649E+02	  0.6396E-12	  0.4695E+00
  0.2658E+02	  0.5382E-12	  0.4706E+00
  0.2667E+02	  0.4529E-12	  0.4718E+00
  0.2675E+02	  0.3811E-12	  0.4729E+00
  0.2684E+02	  0.3205E-12	  0.4740E+00
  0.2692E+02	  0.2696E-12	  0.4752E+00
  0.2701E+02	  0.2267E-12	  0.4763E+00
  0.2710E+02	  0.1906E-12	  0.4774E+00
  0.2718E+02	  0.1603E-12	  0.4785E+00
  0.2727E+02	  0.1347E-12	  0.4796E+00
  0.2735E+02	  0.1132E-12	  0.4807E+00
  0.2744E+02	  0.9515E-13	  0.4819E+00
  0.2753E+02	  0.7995E-13	  0.4830E+00
  0.2761E+02	  0.6716E-13	  0.4841E+00
  0.2770E+02	  0.5641E-13	  0.4852E+00
  0.2778E+02	  0.4738E-13	  0.4863E+00
  0.2787E+02	  0.3978E-13	  0.4874E+00
  0.2795E+02	  0.3340E-13	  0.4886E+00
  0.2804E+02	  0.2804E-13	  0.4897E+00
  0.2813E+02	  0.2353E-13	  0.4908E+00
  0.2821E+02	  0.1975E-13	  0.4920E+00
  0.2830E+02	  0.1657E-13	  0.4931E+00
  0.2838E+02	  0.1390E-13	  0.4942E+00
  0.2847E+02	  0.1166E-13	  0.4954E+00
  0.2856E+02	  0.9777E-14	  0.4965E+00
  0.2864E+02	  0.8198E-14	  0.4976E+00
  0.2873E+02	  0.6873E-14	  0.4987E+00
  0.2881E+02	  0.5761E-14	  0.4999E+00
  0.2890E+02	  0.4828E-14	  0.5010E+00
  0.2899E+02	  0.4046E-14	  0.5021E+00
  0.2907E+02	  0.3390E-14	  0.5032E+00
  0.2916E+02	  0.2840E-14	  0.5043E+00
  0.2924E+02	  0.2379E-14	  0.5054E+00
  0.2933E+02	  0.1992E-14	  0.5065E+00
  0.2941E+02	  0.1668E-14	  0.5076E+00
  0.2950E+02	  0.1396E-14	  0.5087E+00
  0.2959E+02	  0.1169E-14	  0.5098E+00
  0.2967E+02	  0.9782E-15	  0.5109E+00
  0.2976E+02	  0.8185E-15	  0.5119E+00
  0.2984E+02	  0.6849E-15	  0.5130E+00
  0.2993E+02	  0.5730E-15	  0.5141E+00
  0.3002E+02	  0.4793E-15	  0.5151E+00
  0.3010E+02	  0.4008E-15	  0.5162E+00
  0.3019E+02	  0.3352E-15	  0.5173E+00
  0.3027E+02	  0.2803E-15	  0.5183E+00
  0.3036E+02	  0.2344E-15	  0.5194E+00
  0.3045E+02	  0.1960E-15	  0.5205E+00
  0.3053E+02	  0.1638E-15	  0.5215E+00
  0.3062E+02	  0.1369E-15	  0.5226E+00
  0.3070E+02	  0.1145E-15	  0.5236E+00
  0.3079E+02	  0.9568E-16	  0.5247E+00
  0.3087E+02	  0.7997E-16	  0.5257E+00
  0.3096E+02	  0.6683E-16	  0.5268E+00
  0.3105E+02	  0.5585E-16	  0.5278E+00
  0.3113E+02	  0.4667E-16	  0.5289E+00
  0.3122E+02	  0.3899E-16	  0.5299E+00
  0.3130E+02	  0.3258E-16	  0.5310E+00
  0.3139E+02	  0.2722E-16	  0.5320E+00
  0.3148E+02	  0.2274E-16	  0.5330E+00
  0.3156E+02	  0.1899E-16	  0.5341E+00
  0.3165E+02	  0.1586E-16	  0.5351E+00
  0.3173E+02	  0.1325E-16	  0.5361E+00
  0.3182E+02	  0.1106E-16	  0.5371E+00
  0.3191E+02	  0.9240E-17	  0.5381E+00
  0.3199E+02	  0.7715E-17	  0.5391E+00
  0.3208E+02	  0.6442E-17	  0.5401E+00
  0.3216E+02	  0.5379E-17	  0.5411E+00
  0.3225E+02	  0.4491E-17	  0.5421E+00
  0.3233E+02	  0.3749E-17	  0.5431E+00
  0.3242E+02	  0.3129E-17	  0.5440E+00
  0.3251E+02	  0.2612E-17	  0.5450E+00
  0.3259E+02	  0.2180E-17	  0.5460E+00
  0.3268E+02	  0.1820E-17	  0.5469E+00
  0.3276E+02	  0.1519E-17	  0.5479E+00
  0.3285E+02	  0.1267E-17	  0.5489E+00
  0.3294E+02	  0.1058E-17	  0.5498E+00
  0.3302E+02	  0.8826E-18	  0.5508E+00
  0.3311E+02	  0.7364E-18	  0.5518E+00
  0.3319E+02	  0.6144E-18	  0.5527E+00
  0.3328E+02	  0.5126E-18	  0.5537E+00
  0.3337E+02	  0.4276E-18	  0.5546E+00
  0.3345E+02	  0.3567E-18	  0.5556E+00
  0.3354E+02	  0.2976E-18	  0.5565E+00
  0.3362E+02	  0.2482E-18	  0.5574E+00
  0.3371E+02	  0.2070E-18	  0.5584E+00
  0.3379E+02	  0.1727E-18	  0.5593E+00
  0.3388E+02	  0.1440E-18	  0.5602E+00
  0.3397E+02	  0.1201E-18	  0.5610E+00
  0.3405E+02	  0.1001E-18	  0.5619E+00
  0.3414E+02	  0.8350E-19	  0.5627E+00
  0.3422E+02	  0.6963E-19	  0.5636E+00
  0.3431E+02	  0.5806E-19	  0.5645E+00
  0.3440E+02	  0.4841E-19	  0.5653E+00
  0.3448E+02	  0.4036E-19	  0.5662E+00
  0.3457E+02	  0.3365E-19	  0.5670E+00
  0.3465E+02	  0.2805E-19	  0.5678E+00
  0.3474E+02	  0.2339E-19	  0.5687E+00
  0.3483E+02	  0.1950E-19	  0.5695E+00
  0.3491E+02	  0.1625E-19	  0.5704E+00
  0.3500E+02	  0.1355E-19	  0.5712E+00
  0.3508E+02	  0.1129E-19	  0.5721E+00
  0.3517E+02	  0.9411E-20	  0.5729E+00
  0.3525E+02	  0.7844E-20	  0.5738E+00
  0.3534E+02	  0.6537E-20	  0.5746E+00
  0.3543E+02	  0.5448E-20	  0.5755E+00
  0.3551E+02	  0.4540E-20	  0.5763E+00
  0.3560E+02	  0.3783E-20	  0.5771E+00
  0.3568E+02	  0.3152E-20	  0.5780E+00
  0.3577E+02	  0.2627E-20	  0.5788E+00
  0.3586E+02	  0.2189E-20	  0.5795E+00
  0.3594E+02	  0.1824E-20	  0.5803E+00
  0.3603E+02	  0.1519E-20	  0.5810E+00
  0.3611E+02	  0.1266E-20	  0.5816E+00
  0.3620E+02	  0.1055E-20	  0.5823E+00
  0.3629E+02	  0.8789E-21	  0.5829E+00
  0.3637E+02	  0.7323E-21	  0.5836E+00
  0.3646E+02	  0.6102E-21	  0.5843E+00
  0.3654E+02	  0.5084E-21	  0.5849E+00
  0.3663E+02	  0.4236E-21	  0.5856E+00
  0.3671E+02	  0.3529E-21	  0.5862E+00
  0.3680E+02	  0.2940E-21	  0.5868E+00
  0.3689E+02	  0.2450E-21	  0.5875E+00
  0.3697E+02	  0.2041E-21	  0.5881E+00
  0.3706E+02	  0.1701E-21	  0.5887E+00
  0.3714E+02	  0.1417E-21	  0.5893E+00
  0.3723E+02	  0.1181E-21	  0.5899E+00
  0.3732E+02	  0.9836E-22	  0.5905E+00
  0.3740E+02	  0.8195E-22	  0.5911E+00
  0.3749E+02	  0.6828E-22	  0.5917E+00
  0.3757E+02	  0.5689E-22	  0.5923E+00
  0.3766E+02	  0.4740E-22	  0.5929E+00
  0.3775E+02	  0.3949E-22	  0.5935E+00
  0.3783E+02	  0.3290E-22	  0.5941E+00
  0.3792E+02	  0.2741E-22	  0.5947E+00
  0.3800E+02	  0.2284E-22	  0.5952E+00
  0.3809E+02	  0.1903E-22	  0.5958E+00
  0.3817E+02	  0.1586E-22	  0.5963E+00
  0.3826E+02	  0.1321E-22	  0.5968E+00
  0.3835E+02	  0.1101E-22	  0.5973E+00
  0.3843E+02	  0.9172E-23	  0.5978E+00
  0.3852E+02	  0.7643E-23	  0.5983E+00
  0.3860E+02	  0.6368E-23	  0.5988E+00
  0.3869E+02	  0.5307E-23	  0.5992E+00
  0.3878E+02	  0.4422E-23	  0.5997E+00
  0.3886E+02	  0.3685E-23	  0.6002E+00
  0.3895E+02	  0.3071E-23	  0.6006E+00
  0.3903E+02	  0.2559E-23	  0.6011E+00
  0.3912E+02	  0.2133E-23	  0.6015E+00
  0.3921E+02	  0.1777E-23	  0.6020E+00
  0.3929E+02	  0.1481E-23	  0.6024E+00
  0.3938E+02	  0.1234E-23	  0.6029E+00
  0.3946E+02	  0.1029E-23	  0.6034E+00
  0.3955E+02	  0.8574E-24	  0.6038E+00
  0.3963E+02	  0.7146E-24	  0.6043E+00
  0.3972E+02	  0.5956E-24	  0.6047E+00
  0.3981E+02	  0.4964E-24	  0.6052E+00
  0.3989E+02	  0.4137E-24	  0.6057E+00
 
 
R10 
------------------------------------------------------------
Electric field / N (Td)                    100.0    
Angular frequency / N (m3/s)              0.4724E-12
Cosine of E-B field angle                  0.000    
Gas temperature (K)                        300.0    
Excitation temperature (K)                 300.0    
Transition energy (eV)                     0.000    
Ionization degree                          0.000    
Plasma density (1/m3)                     0.1000E+19
Ion charge parameter                       1.000    
Ion/neutral mass ratio                     1.000    
Coulomb collision model                    1.000    
Energy sharing                             0.000    
Growth model                               1.000    
Maxwellian mean energy (eV)                0.000    
# of grid points                           500.0    
Grid type                                  1.000    
Maximum energy                             30.00    
Precision                                 0.1000E-24
Convergence                               0.1000E-03
Maximum # of iterations                   0.2000E+05
Mole fraction Ar                           1.000    
------------------------------------------------------------
Mean energy (eV)                           2.157    
Mobility *N (1/m/V/s)                     0.1125E+27
Re/perp mobility *N (1/m/V/s)             0.4976E+23
Im/Hall mobility *N (1/m/V/s)            -0.3521E+24
Diffusion coefficient *N (1/m/s)          0.2350E+26
Energy mobility *N (1/m/V/s)              0.1660E+26
Energy diffusion coef. *N (1/m/s)         0.8583E+25
Total collision freq. /N (m3/s)           0.4252E-13
Momentum frequency /N (m3/s)              0.6431E-13
Total ionization freq. /N (m3/s)          0.1631E-17
Power /N (eV m3/s)                        0.4976E-15
Elastic power loss /N (eV m3/s)           0.8020E-17
Inelastic power loss /N (eV m3/s)         0.4862E-15
Growth power /N (eV m3/s)                 0.3520E-17
Maximum energy                             51.37    
# of iterations                            32.00    
# of grid trials                           4.000    
------------------------------------------------------------
Rate coefficients (m3/s)
C1    Ar    Elastic                       0.4248E-13
C2    Ar    Excitation    11.55 eV        0.7861E-17
C3    Ar    Excitation    11.62 eV        0.6754E-17
C4    Ar    Excitation    11.72 eV        0.1346E-17
C5    Ar    Excitation    11.83 eV        0.9291E-17
C6    Ar    Excitation    12.91 eV        0.8527E-18
C7    Ar    Excitation    13.08 eV        0.9457E-18
C8    Ar    Excitation    13.10 eV        0.6405E-18
C9    Ar    Excitation    13.15 eV        0.4227E-18
C10   Ar    Excitation    13.17 eV        0.6103E-18
C11   Ar    Excitation    13.27 eV        0.2073E-18
C12   Ar    Excitation    13.28 eV        0.3997E-18
C13   Ar    Excitation    13.30 eV        0.2929E-18
C14   Ar    Excitation    13.33 eV        0.3070E-18
C15   Ar    Excitation    13.48 eV        0.6713E-18
C16   Ar    Excitation    13.85 eV        0.3616E-18
C17   Ar    Excitation    13.86 eV        0.1708E-17
C18   Ar    Excitation    13.90 eV        0.1031E-17
C19   Ar    Excitation    13.98 eV        0.1187E-17
C20   Ar    Excitation    14.01 eV        0.3657E-18
C21   Ar    Excitation    14.06 eV        0.3707E-18
C22   Ar    Excitation    14.07 eV        0.3702E-18
C23   Ar    Excitation    14.09 eV        0.3580E-19
C24   Ar    Excitation    14.10 eV        0.5760E-19
C25   Ar    Excitation    14.15 eV        0.9533E-19
C26   Ar    Excitation    14.21 eV        0.4968E-18
C27   Ar    Excitation    14.23 eV        0.3219E-18
C28   Ar    Excitation    14.24 eV        0.8355E-19
C29   Ar    Excitation    14.24 eV        0.7018E-19
C30   Ar    Excitation    14.26 eV        0.1248E-19
C31   Ar    Excitation    14.30 eV        0.9815E-19
C32   Ar    Excitation    14.71 eV        0.1207E-20
C33   Ar    Excitation    14.85 eV        0.7653E-20
C34   Ar    Excitation    14.86 eV        0.2536E-19
C35   Ar    Excitation    15.00 eV        0.9049E-20
C36   Ar    Excitation    15.02 eV        0.9302E-20
C37   Ar    Excitation    15.12 eV        0.1526E-20
C38   Ar    Excitation    15.19 eV        0.1448E-19
C39   Ar    Excitation    15.19 eV        0.1441E-19
C40   Ar    Excitation    15.31 eV        0.2165E-21
C41   Ar    Excitation    15.35 eV        0.1389E-21
C42   Ar    Excitation    15.36 eV        0.1991E-21
C43   Ar    Excitation    15.37 eV        0.3470E-20
C44   Ar    Excitation    15.37 eV        0.7657E-20
C45   Ar    Excitation    15.66 eV        0.2428E-19
C46   Ar    Ionization    15.76 eV        0.1631E-17
------------------------------------------------------------
Energy (eV) EEDF (eV-3/2) Anisotropy
  0.5137E-01	  0.4381E+01	  0.1859E-03
  0.1541E+00	  0.3265E+01	  0.2548E-03
  0.2569E+00	  0.1477E+01	  0.3925E-03
  0.3596E+00	  0.7425E+00	  0.6720E-03
  0.4624E+00	  0.5028E+00	  0.9194E-03
  0.5651E+00	  0.3890E+00	  0.1154E-02
  0.6679E+00	  0.3208E+00	  0.1404E-02
  0.7706E+00	  0.2740E+00	  0.1678E-02
  0.8734E+00	  0.2392E+00	  0.1980E-02
  0.9761E+00	  0.2120E+00	  0.2309E-02
  0.1079E+01	  0.1899E+00	  0.2660E-02
  0.1182E+01	  0.1710E+00	  0.3036E-02
  0.1284E+01	  0.1547E+00	  0.3427E-02
  0.1387E+01	  0.1405E+00	  0.3825E-02
  0.1490E+01	  0.1281E+00	  0.4237E-02
  0.1593E+01	  0.1171E+00	  0.4649E-02
  0.1695E+01	  0.1075E+00	  0.5041E-02
  0.1798E+01	  0.9908E-01	  0.5437E-02
  0.1901E+01	  0.9153E-01	  0.5854E-02
  0.2004E+01	  0.8476E-01	  0.6293E-02
  0.2106E+01	  0.7868E-01	  0.6748E-02
  0.2209E+01	  0.7320E-01	  0.7220E-02
  0.2312E+01	  0.6825E-01	  0.7706E-02
  0.2415E+01	  0.6375E-01	  0.8209E-02
  0.2517E+01	  0.5965E-01	  0.8726E-02
  0.2620E+01	  0.5591E-01	  0.9254E-02
  0.2723E+01	  0.5248E-01	  0.9792E-02
  0.2826E+01	  0.4934E-01	  0.1034E-01
  0.2928E+01	  0.4645E-01	  0.1089E-01
  0.3031E+01	  0.4378E-01	  0.1145E-01
  0.3134E+01	  0.4132E-01	  0.1201E-01
  0.3237E+01	  0.3904E-01	  0.1259E-01
  0.3339E+01	  0.3693E-01	  0.1316E-01
  0.3442E+01	  0.3496E-01	  0.1374E-01
  0.3545E+01	  0.3313E-01	  0.1433E-01
  0.3648E+01	  0.3143E-01	  0.1491E-01
  0.3750E+01	  0.2984E-01	  0.1550E-01
  0.3853E+01	  0.2836E-01	  0.1609E-01
  0.3956E+01	  0.2697E-01	  0.1669E-01
  0.4059E+01	  0.2567E-01	  0.1728E-01
  0.4161E+01	  0.2446E-01	  0.1788E-01
  0.4264E+01	  0.2334E-01	  0.1847E-01
  0.4367E+01	  0.2228E-01	  0.1905E-01
  0.4470E+01	  0.2130E-01	  0.1963E-01
  0.4572E+01	  0.2038E-01	  0.2021E-01
  0.4675E+01	  0.1951E-01	  0.2078E-01
  0.4778E+01	  0.1870E-01	  0.2135E-01
  0.4881E+01	  0.1793E-01	  0.2191E-01
  0.4983E+01	  0.1721E-01	  0.2247E-01
  0.5086E+01	  0.1654E-01	  0.2303E-01
  0.5189E+01	  0.1590E-01	  0.2358E-01
  0.5292E+01	  0.1529E-01	  0.2412E-01
  0.5394E+01	  0.1472E-01	  0.2467E-01
  0.5497E+01	  0.1418E-01	  0.2520E-01
  0.5600E+01	  0.1367E-01	  0.2574E-01
  0.5703E+01	  0.1319E-01	  0.2627E-01
  0.5805E+01	  0.1273E-01	  0.2680E-01
  0.5908E+01	  0.1229E-01	  0.2733E-01
  0.6011E+01	  0.1188E-01	  0.2786E-01
  0.6114E+01	  0.1148E-01	  0.2839E-01
  0.6216E+01	  0.1110E-01	  0.2891E-01
  0.6319E+01	  0.1074E-01	  0.2944E-01
  0.6422E+01	  0.1040E-01	  0.2997E-01
  0.6525E+01	  0.1007E-01	  0.3050E-01
  0.6627E+01	  0.9750E-02	  0.3104E-01
  0.6730E+01	  0.9448E-02	  0.3157E-01
  0.6833E+01	  0.9157E-02	  0.3211E-01
  0.6936E+01	  0.8878E-02	  0.3266E-01
  0.7038E+01	  0.8610E-02	  0.3321E-01
  0.7141E+01	  0.8352E-02	  0.3376E-01
  0.7244E+01	  0.8103E-02	  0.3433E-01
  0.7347E+01	  0.7863E-02	  0.3490E-01
  0.7449E+01	  0.7631E-02	  0.3548E-01
  0.7552E+01	  0.7407E-02	  0.3607E-01
  0.7655E+01	  0.7190E-02	  0.3667E-01
  0.7758E+01	  0.6981E-02	  0.3728E-01
  0.7860E+01	  0.6778E-02	  0.3791E-01
  0.7963E+01	  0.6582E-02	  0.3855E-01
  0.8066E+01	  0.6392E-02	  0.3920E-01
  0.8169E+01	  0.6207E-02	  0.3987E-01
  0.8271E+01	  0.6028E-02	  0.4055E-01
  0.8374E+01	  0.5855E-02	  0.4125E-01
  0.8477E+01	  0.5686E-02	  0.4196E-01
  0.8580E+01	  0.5522E-02	  0.4270E-01
  0.8682E+01	  0.5362E-02	  0.4345E-01
  0.8785E+01	  0.5207E-02	  0.4423E-01
  0.8888E+01	  0.5056E-02	  0.4503E-01
  0.8991E+01	  0.4909E-02	  0.4585E-01
  0.9093E+01	  0.4766E-02	  0.4670E-01
  0.9196E+01	  0.4626E-02	  0.4757E-01
  0.9299E+01	  0.4490E-02	  0.4848E-01
  0.9402E+01	  0.4357E-02	  0.4941E-01
  0.9504E+01	  0.4227E-02	  0.5038E-01
  0.9607E+01	  0.4101E-02	  0.5138E-01
  0.9710E+01	  0.3977E-02	  0.5242E-01
  0.9813E+01	  0.3855E-02	  0.5350E-01
  0.9915E+01	  0.3737E-02	  0.5462E-01
  0.1002E+02	  0.3621E-02	  0.5578E-01
  0.1012E+02	  0.3507E-02	  0.5699E-01
  0.1022E+02	  0.3396E-02	  0.5826E-01
  0.1033E+02	  0.3287E-02	  0.5958E-01
  0.1043E+02	  0.3179E-02	  0.6097E-01
  0.1053E+02	  0.3074E-02	  0.6243E-01
  0.1063E+02	  0.2970E-02	  0.6396E-01
  0.1074E+02	  0.2868E-02	  0.6557E-01
  0.1084E+02	  0.2768E-02	  0.6727E-01
  0.1094E+02	  0.2670E-02	  0.6907E-01
  0.1105E+02	  0.2573E-02	  0.7098E-01
  0.1115E+02	  0.2477E-02	  0.7300E-01
  0.1125E+02	  0.2383E-02	  0.7516E-01
  0.1135E+02	  0.2290E-02	  0.7745E-01
  0.1146E+02	  0.2199E-02	  0.7990E-01
  0.1156E+02	  0.2109E-02	  0.8249E-01
  0.1166E+02	  0.2021E-02	  0.8494E-01
  0.1176E+02	  0.1934E-02	  0.8724E-01
  0.1187E+02	  0.1850E-02	  0.8940E-01
  0.1197E+02	  0.1768E-02	  0.9157E-01
  0.1207E+02	  0.1688E-02	  0.9399E-01
  0.1218E+02	  0.1610E-02	  0.9646E-01
  0.1228E+02	  0.1534E-02	  0.9889E-01
  0.1238E+02	  0.1460E-02	  0.1012E+00
  0.1248E+02	  0.1389E-02	  0.1035E+00
  0.1259E+02	  0.1320E-02	  0.1056E+00
  0.1269E+02	  0.1253E-02	  0.1076E+00
  0.1279E+02	  0.1189E-02	  0.1097E+00
  0.1290E+02	  0.1128E-02	  0.1119E+00
  0.1300E+02	  0.1068E-02	  0.1141E+00
  0.1310E+02	  0.1011E-02	  0.1164E+00
  0.1320E+02	  0.9562E-03	  0.1190E+00
  0.1331E+02	  0.9032E-03	  0.1223E+00
  0.1341E+02	  0.8518E-03	  0.1261E+00
  0.1351E+02	  0.8020E-03	  0.1300E+00
  0.1361E+02	  0.7538E-03	  0.1340E+00
  0.1372E+02	  0.7074E-03	  0.1381E+00
  0.1382E+02	  0.6627E-03	  0.1424E+00
  0.1392E+02	  0.6197E-03	  0.1468E+00
  0.1403E+02	  0.5784E-03	  0.1512E+00
  0.1413E+02	  0.5390E-03	  0.1556E+00
  0.1423E+02	  0.5013E-03	  0.1599E+00
  0.1433E+02	  0.4654E-03	  0.1642E+00
  0.1444E+02	  0.4314E-03	  0.1685E+00
  0.1454E+02	  0.3992E-03	  0.1726E+00
  0.1464E+02	  0.3688E-03	  0.1766E+00
  0.1474E+02	  0.3402E-03	  0.1805E+00
  0.1485E+02	  0.3134E-03	  0.1844E+00
  0.1495E+02	  0.2882E-03	  0.1881E+00
  0.1505E+02	  0.2647E-03	  0.1917E+00
  0.1516E+02	  0.2428E-03	  0.1953E+00
  0.1526E+02	  0.2224E-03	  0.1991E+00
  0.1536E+02	  0.2034E-03	  0.2028E+00
  0.1546E+02	  0.1858E-03	  0.2067E+00
  0.1557E+02	  0.1694E-03	  0.2108E+00
  0.1567E+02	  0.1542E-03	  0.2150E+00
  0.1577E+02	  0.1402E-03	  0.2194E+00
  0.1587E+02	  0.1272E-03	  0.2239E+00
  0.1598E+02	  0.1153E-03	  0.2282E+00
  0.1608E+02	  0.1043E-03	  0.2324E+00
  0.1618E+02	  0.9416E-04	  0.2365E+00
  0.1629E+02	  0.8491E-04	  0.2406E+00
  0.1639E+02	  0.7646E-04	  0.2446E+00
  0.1649E+02	  0.6874E-04	  0.2487E+00
  0.1659E+02	  0.6172E-04	  0.2527E+00
  0.1670E+02	  0.5533E-04	  0.2566E+00
  0.1680E+02	  0.4953E-04	  0.2605E+00
  0.1690E+02	  0.4428E-04	  0.2644E+00
  0.1701E+02	  0.3954E-04	  0.2681E+00
  0.1711E+02	  0.3525E-04	  0.2718E+00
  0.1721E+02	  0.3139E-04	  0.2754E+00
  0.1731E+02	  0.2792E-04	  0.2790E+00
  0.1742E+02	  0.2480E-04	  0.2826E+00
  0.1752E+02	  0.2200E-04	  0.2862E+00
  0.1762E+02	  0.1949E-04	  0.2897E+00
  0.1772E+02	  0.1725E-04	  0.2931E+00
  0.1783E+02	  0.1525E-04	  0.2965E+00
  0.1793E+02	  0.1347E-04	  0.2998E+00
  0.1803E+02	  0.1188E-04	  0.3030E+00
  0.1814E+02	  0.1047E-04	  0.3061E+00
  0.1824E+02	  0.9212E-05	  0.3093E+00
  0.1834E+02	  0.8100E-05	  0.3124E+00
  0.1844E+02	  0.7116E-05	  0.3155E+00
  0.1855E+02	  0.6245E-05	  0.3185E+00
  0.1865E+02	  0.5475E-05	  0.3216E+00
  0.1875E+02	  0.4795E-05	  0.3245E+00
  0.1885E+02	  0.4197E-05	  0.3275E+00
  0.1896E+02	  0.3669E-05	  0.3303E+00
  0.1906E+02	  0.3205E-05	  0.3331E+00
  0.1916E+02	  0.2798E-05	  0.3358E+00
  0.1927E+02	  0.2440E-05	  0.3385E+00
  0.1937E+02	  0.2126E-05	  0.3412E+00
  0.1947E+02	  0.1851E-05	  0.3439E+00
  0.1957E+02	  0.1610E-05	  0.3465E+00
  0.1968E+02	  0.1400E-05	  0.3492E+00
  0.1978E+02	  0.1216E-05	  0.3518E+00
  0.1988E+02	  0.1055E-05	  0.3545E+00
  0.1998E+02	  0.9149E-06	  0.3571E+00
  0.2009E+02	  0.7929E-06	  0.3597E+00
  0.2019E+02	  0.6866E-06	  0.3622E+00
  0.2029E+02	  0.5943E-06	  0.3646E+00
  0.2040E+02	  0.5140E-06	  0.3671E+00
  0.2050E+02	  0.4443E-06	  0.3694E+00
  0.2060E+02	  0.3839E-06	  0.3717E+00
  0.2070E+02	  0.3315E-06	  0.3740E+00
  0.2081E+02	  0.2861E-06	  0.3763E+00
  0.2091E+02	  0.2468E-06	  0.3785E+00
  0.2101E+02	  0.2128E-06	  0.3807E+00
  0.2112E+02	  0.1833E-06	  0.3829E+00
  0.2122E+02	  0.1579E-06	  0.3851E+00
  0.2132E+02	  0.1359E-06	  0.3872E+00
  0.2142E+02	  0.1170E-06	  0.3894E+00
  0.2153E+02	  0.1006E-06	  0.3915E+00
  0.2163E+02	  0.8649E-07	  0.3936E+00
  0.2173E+02	  0.7432E-07	  0.3957E+00
  0.2183E+02	  0.6383E-07	  0.3977E+00
  0.2194E+02	  0.5480E-07	  0.3996E+00
  0.2204E+02	  0.4703E-07	  0.4014E+00
  0.2214E+02	  0.4035E-07	  0.4032E+00
  0.2225E+02	  0.3460E-07	  0.4050E+00
  0.2235E+02	  0.2967E-07	  0.4068E+00
  0.2245E+02	  0.2542E-07	  0.4086E+00
  0.2255E+02	  0.2178E-07	  0.4104E+00
  0.2266E+02	  0.1865E-07	  0.4122E+00
  0.2276E+02	  0.1597E-07	  0.4139E+00
  0.2286E+02	  0.1366E-07	  0.4157E+00
  0.2296E+02	  0.1169E-07	  0.4174E+00
  0.2307E+02	  0.9994E-08	  0.4191E+00
  0.2317E+02	  0.8544E-08	  0.4207E+00
  0.2327E+02	  0.7302E-08	  0.4224E+00
  0.2338E+02	  0.6238E-08	  0.4241E+00
  0.2348E+02	  0.5327E-08	  0.4257E+00
  0.2358E+02	  0.4548E-08	  0.4274E+00
  0.2368E+02	  0.3882E-08	  0.4290E+00
  0.2379E+02	  0.3312E-08	  0.4306E+00
  0.2389E+02	  0.2825E-08	  0.4323E+00
  0.2399E+02	  0.2408E-08	  0.4339E+00
  0.2409E+02	  0.2053E-08	  0.4355E+00
  0.2420E+02	  0.1749E-08	  0.4372E+00
  0.2430E+02	  0.1490E-08	  0.4388E+00
  0.2440E+02	  0.1269E-08	  0.4404E+00
  0.2451E+02	  0.1080E-08	  0.4420E+00
  0.2461E+02	  0.9191E-09	  0.4436E+00
  0.2471E+02	  0.7818E-09	  0.4452E+00
  0.2481E+02	  0.6649E-09	  0.4467E+00
  0.2492E+02	  0.5653E-09	  0.4483E+00
  0.2502E+02	  0.4805E-09	  0.4498E+00
  0.2512E+02	  0.4083E-09	  0.4513E+00
  0.2523E+02	  0.3469E-09	  0.4528E+00
  0.2533E+02	  0.2946E-09	  0.4544E+00
  0.2543E+02	  0.2502E-09	  0.4559E+00
  0.2553E+02	  0.2124E-09	  0.4575E+00
  0.2564E+02	  0.1803E-09	  0.4591E+00
  0.2574E+02	  0.1530E-09	  0.4607E+00
  0.2584E+02	  0.1298E-09	  0.4622E+00
  0.2594E+02	  0.1101E-09	  0.4637E+00
  0.2605E+02	  0.9336E-10	  0.4651E+00
  0.2615E+02	  0.7916E-10	  0.4665E+00
  0.2625E+02	  0.6711E-10	  0.4678E+00
  0.2636E+02	  0.5689E-10	  0.4692E+00
  0.2646E+02	  0.4821E-10	  0.4705E+00
  0.2656E+02	  0.4085E-10	  0.4719E+00
  0.2666E+02	  0.3461E-10	  0.4733E+00
  0.2677E+02	  0.2932E-10	  0.4746E+00
  0.2687E+02	  0.2483E-10	  0.4759E+00
  0.2697E+02	  0.2103E-10	  0.4773E+00
  0.2707E+02	  0.1780E-10	  0.4786E+00
  0.2718E+02	  0.1507E-10	  0.4799E+00
  0.2728E+02	  0.1276E-10	  0.4813E+00
  0.2738E+02	  0.1079E-10	  0.4826E+00
  0.2749E+02	  0.9133E-11	  0.4839E+00
  0.2759E+02	  0.7726E-11	  0.4853E+00
  0.2769E+02	  0.6534E-11	  0.4866E+00
  0.2779E+02	  0.5526E-11	  0.4879E+00
  0.2790E+02	  0.4672E-11	  0.4893E+00
  0.2800E+02	  0.3949E-11	  0.4906E+00
  0.2810E+02	  0.3338E-11	  0.4920E+00
  0.2820E+02	  0.2821E-11	  0.4933E+00
  0.2831E+02	  0.2383E-11	  0.4947E+00
  0.2841E+02	  0.2013E-11	  0.4960E+00
  0.2851E+02	  0.1700E-11	  0.4974E+00
  0.2862E+02	  0.1436E-11	  0.4987E+00
  0.2872E+02	  0.1212E-11	  0.5000E+00
  0.2882E+02	  0.1023E-11	  0.5014E+00
  0.2892E+02	  0.8637E-12	  0.5027E+00
  0.2903E+02	  0.7288E-12	  0.5040E+00
  0.2913E+02	  0.6149E-12	  0.5053E+00
  0.2923E+02	  0.5187E-12	  0.5066E+00
  0.2934E+02	  0.4375E-12	  0.5079E+00
  0.2944E+02	  0.3689E-12	  0.5092E+00
  0.2954E+02	  0.3110E-12	  0.5106E+00
  0.2964E+02	  0.2622E-12	  0.5119E+00
  0.2975E+02	  0.2209E-12	  0.5131E+00
  0.2985E+02	  0.1862E-12	  0.5144E+00
  0.2995E+02	  0.1569E-12	  0.5157E+00
  0.3005E+02	  0.1322E-12	  0.5170E+00
  0.3016E+02	  0.1113E-12	  0.5182E+00
  0.3026E+02	  0.9375E-13	  0.5195E+00
  0.3036E+02	  0.7895E-13	  0.5208E+00
  0.3047E+02	  0.6649E-13	  0.5220E+00
  0.3057E+02	  0.5598E-13	  0.5233E+00
  0.3067E+02	  0.4714E-13	  0.5245E+00
  0.3077E+02	  0.3968E-13	  0.5258E+00
  0.3088E+02	  0.3341E-13	  0.5271E+00
  0.3098E+02	  0.2812E-13	  0.5283E+00
  0.3108E+02	  0.2367E-13	  0.5296E+00
  0.3118E+02	  0.1992E-13	  0.5308E+00
  0.3129E+02	  0.1676E-13	  0.5320E+00
  0.3139E+02	  0.1411E-13	  0.5333E+00
  0.3149E+02	  0.1187E-13	  0.5345E+00
  0.3160E+02	  0.9986E-14	  0.5357E+00
  0.3170E+02	  0.8401E-14	  0.5369E+00
  0.3180E+02	  0.7067E-14	  0.5381E+00
  0.3190E+02	  0.5945E-14	  0.5393E+00
  0.3201E+02	  0.5000E-14	  0.5405E+00
  0.3211E+02	  0.4206E-14	  0.5417E+00
  0.3221E+02	  0.3537E-14	  0.5429E+00
  0.3231E+02	  0.2974E-14	  0.5440E+00
  0.3242E+02	  0.2501E-14	  0.5452E+00
  0.3252E+02	  0.2103E-14	  0.5464E+00
  0.3262E+02	  0.1768E-14	  0.5475E+00
  0.3273E+02	  0.1487E-14	  0.5487E+00
  0.3283E+02	  0.1250E-14	  0.5498E+00
  0.3293E+02	  0.1050E-14	  0.5510E+00
  0.3303E+02	  0.8830E-15	  0.5521E+00
  0.3314E+02	  0.7422E-15	  0.5532E+00
  0.3324E+02	  0.6238E-15	  0.5544E+00
  0.3334E+02	  0.5242E-15	  0.5555E+00
  0.3345E+02	  0.4405E-15	  0.5566E+00
  0.3355E+02	  0.3702E-15	  0.5577E+00
  0.3365E+02	  0.3110E-15	  0.5588E+00
  0.3375E+02	  0.2613E-15	  0.5599E+00
  0.3386E+02	  0.2196E-15	  0.5610E+00
  0.3396E+02	  0.1845E-15	  0.5620E+00
  0.3406E+02	  0.1550E-15	  0.5631E+00
  0.3416E+02	  0.1302E-15	  0.5641E+00
  0.3427E+02	  0.1094E-15	  0.5651E+00
  0.3437E+02	  0.9185E-16	  0.5661E+00
  0.3447E+02	  0.7715E-16	  0.5671E+00
  0.3458E+02	  0.6480E-16	  0.5681E+00
  0.3468E+02	  0.5442E-16	  0.5691E+00
  0.3478E+02	  0.4571E-16	  0.5701E+00
  0.3488E+02	  0.3839E-16	  0.5712E+00
  0.3499E+02	  0.3223E-16	  0.5722E+00
  0.3509E+02	  0.2707E-16	  0.5732E+00
  0.3519E+02	  0.2273E-16	  0.5742E+00
  0.3529E+02	  0.1908E-16	  0.5752E+00
  0.3540E+02	  0.1602E-16	  0.5762E+00
  0.3550E+02	  0.1345E-16	  0.5772E+00
  0.3560E+02	  0.1129E-16	  0.5782E+00
  0.3571E+02	  0.9481E-17	  0.5791E+00
  0.3581E+02	  0.7959E-17	  0.5800E+00
  0.3591E+02	  0.6682E-17	  0.5809E+00
  0.3601E+02	  0.5609E-17	  0.5817E+00
  0.3612E+02	  0.4708E-17	  0.5825E+00
  0.3622E+02	  0.3953E-17	  0.5833E+00
  0.3632E+02	  0.3318E-17	  0.5841E+00
  0.3642E+02	  0.2785E-17	  0.5849E+00
  0.3653E+02	  0.2338E-17	  0.5857E+00
  0.3663E+02	  0.1963E-17	  0.5864E+00
  0.3673E+02	  0.1648E-17	  0.5872E+00
  0.3684E+02	  0.1383E-17	  0.5880E+00
  0.3694E+02	  0.1161E-17	  0.5887E+00
  0.3704E+02	  0.9746E-18	  0.5894E+00
  0.3714E+02	  0.8181E-18	  0.5902E+00
  0.3725E+02	  0.6868E-18	  0.5909E+00
  0.3735E+02	  0.5765E-18	  0.5916E+00
  0.3745E+02	  0.4839E-18	  0.5923E+00
  0.3756E+02	  0.4063E-18	  0.5930E+00
  0.3766E+02	  0.3410E-18	  0.5937E+00
  0.3776E+02	  0.2863E-18	  0.5944E+00
  0.3786E+02	  0.2403E-18	  0.5951E+00
  0.3797E+02	  0.2017E-18	  0.5957E+00
  0.3807E+02	  0.1694E-18	  0.5964E+00
  0.3817E+02	  0.1422E-18	  0.5970E+00
  0.3827E+02	  0.1194E-18	  0.5976E+00
  0.3838E+02	  0.1002E-18	  0.5982E+00
  0.3848E+02	  0.8413E-19	  0.5988E+00
  0.3858E+02	  0.7063E-19	  0.5993E+00
  0.3869E+02	  0.5930E-19	  0.5999E+00
  0.3879E+02	  0.4979E-19	  0.6005E+00
  0.3889E+02	  0.4180E-19	  0.6010E+00
  0.3899E+02	  0.3510E-19	  0.6016E+00
  0.3910E+02	  0.2947E-19	  0.6021E+00
  0.3920E+02	  0.2475E-19	  0.6027E+00
  0.3930E+02	  0.2078E-19	  0.6032E+00
  0.3940E+02	  0.1745E-19	  0.6037E+00
  0.3951E+02	  0.1465E-19	  0.6043E+00
  0.3961E+02	  0.1230E-19	  0.6048E+00
  0.3971E+02	  0.1033E-19	  0.6054E+00
  0.3982E+02	  0.8676E-20	  0.6060E+00
  0.3992E+02	  0.7286E-20	  0.6065E+00
  0.4002E+02	  0.6118E-20	  0.6071E+00
  0.4012E+02	  0.5138E-20	  0.6077E+00
  0.4023E+02	  0.4315E-20	  0.6083E+00
  0.4033E+02	  0.3625E-20	  0.6089E+00
  0.4043E+02	  0.3045E-20	  0.6095E+00
  0.4053E+02	  0.2558E-20	  0.6101E+00
  0.4064E+02	  0.2149E-20	  0.6106E+00
  0.4074E+02	  0.1805E-20	  0.6112E+00
  0.4084E+02	  0.1517E-20	  0.6118E+00
  0.4095E+02	  0.1275E-20	  0.6124E+00
  0.4105E+02	  0.1071E-20	  0.6130E+00
  0.4115E+02	  0.9003E-21	  0.6135E+00
  0.4125E+02	  0.7567E-21	  0.6141E+00
  0.4136E+02	  0.6360E-21	  0.6147E+00
  0.4146E+02	  0.5346E-21	  0.6153E+00
  0.4156E+02	  0.4494E-21	  0.6158E+00
  0.4167E+02	  0.3778E-21	  0.6164E+00
  0.4177E+02	  0.3177E-21	  0.6170E+00
  0.4187E+02	  0.2671E-21	  0.6175E+00
  0.4197E+02	  0.2246E-21	  0.6181E+00
  0.4208E+02	  0.1889E-21	  0.6186E+00
  0.4218E+02	  0.1589E-21	  0.6192E+00
  0.4228E+02	  0.1336E-21	  0.6197E+00
  0.4238E+02	  0.1124E-21	  0.6203E+00
  0.4249E+02	  0.9454E-22	  0.6208E+00
  0.4259E+02	  0.7953E-22	  0.6214E+00
  0.4269E+02	  0.6691E-22	  0.6219E+00
  0.4280E+02	  0.5629E-22	  0.6224E+00
  0.4290E+02	  0.4737E-22	  0.6229E+00
  0.4300E+02	  0.3986E-22	  0.6234E+00
  0.4310E+02	  0.3354E-22	  0.6239E+00
  0.4321E+02	  0.2823E-22	  0.6244E+00
  0.4331E+02	  0.2376E-22	  0.6249E+00
  0.4341E+02	  0.2000E-22	  0.6254E+00
  0.4351E+02	  0.1684E-22	  0.6259E+00
  0.4362E+02	  0.1417E-22	  0.6264E+00
  0.4372E+02	  0.1193E-22	  0.6269E+00
  0.4382E+02	  0.1005E-22	  0.6274E+00
  0.4393E+02	  0.8461E-23	  0.6279E+00
  0.4403E+02	  0.7125E-23	  0.6284E+00
  0.4413E+02	  0.6000E-23	  0.6288E+00
  0.4423E+02	  0.5053E-23	  0.6293E+00
  0.4434E+02	  0.4256E-23	  0.6298E+00
  0.4444E+02	  0.3585E-23	  0.6303E+00
  0.4454E+02	  0.3020E-23	  0.6307E+00
  0.4464E+02	  0.2545E-23	  0.6312E+00
  0.4475E+02	  0.2144E-23	  0.6317E+00
  0.4485E+02	  0.1806E-23	  0.6322E+00
  0.4495E+02	  0.1522E-23	  0.6326E+00
  0.4506E+02	  0.1283E-23	  0.6331E+00
  0.4516E+02	  0.1081E-23	  0.6336E+00
  0.4526E+02	  0.9110E-24	  0.6341E+00
  0.4536E+02	  0.7679E-24	  0.6345E+00
  0.4547E+02	  0.6472E-24	  0.6350E+00
  0.4557E+02	  0.5456E-24	  0.6354E+00
  0.4567E+02	  0.4600E-24	  0.6359E+00
 
 
R11 
------------------------------------------------------------
Electric field / N (Td)                    130.0    
Angular frequency / N (m3/s)              0.4724E-12
Cosine of E-B field angle                  0.000    
Gas temperature (K)                        300.0    
Excitation temperature (K)                 300.0    
Transition energy (eV)                     0.000    
Ionization degree                          0.000    
Plasma density (1/m3)                     0.1000E+19
Ion charge parameter                       1.000    
Ion/neutral mass ratio                     1.000    
Coulomb collision model                    1.000    
Energy sharing                             0.000    
Growth model                               1.000    
Maxwellian mean energy (eV)                0.000    
# of grid points                           500.0    
Grid type                                  1.000    
Maximum energy                             30.00    
Precision                                 0.1000E-24
Convergence                               0.1000E-03
Maximum # of iterations                   0.2000E+05
Mole fraction Ar                           1.000    
------------------------------------------------------------
Mean energy (eV)                           2.232    
Mobility *N (1/m/V/s)                     0.1321E+27
Re/perp mobility *N (1/m/V/s)             0.5122E+23
Im/Hall mobility *N (1/m/V/s)            -0.3527E+24
Diffusion coefficient *N (1/m/s)          0.2432E+26
Energy mobility *N (1/m/V/s)              0.1830E+26
Energy diffusion coef. *N (1/m/s)         0.8352E+25
Total collision freq. /N (m3/s)           0.4519E-13
Momentum frequency /N (m3/s)              0.6627E-13
Total ionization freq. /N (m3/s)          0.4845E-17
Power /N (eV m3/s)                        0.8657E-15
Elastic power loss /N (eV m3/s)           0.8966E-17
Inelastic power loss /N (eV m3/s)         0.8462E-15
Growth power /N (eV m3/s)                 0.1082E-16
Maximum energy                             61.46    
# of iterations                            49.00    
# of grid trials                           5.000    
------------------------------------------------------------
Rate coefficients (m3/s)
C1    Ar    Elastic                       0.4513E-13
C2    Ar    Excitation    11.55 eV        0.1156E-16
C3    Ar    Excitation    11.62 eV        0.1027E-16
C4    Ar    Excitation    11.72 eV        0.2021E-17
C5    Ar    Excitation    11.83 eV        0.1465E-16
C6    Ar    Excitation    12.91 eV        0.1424E-17
C7    Ar    Excitation    13.08 eV        0.1722E-17
C8    Ar    Excitation    13.10 eV        0.1165E-17
C9    Ar    Excitation    13.15 eV        0.7991E-18
C10   Ar    Excitation    13.17 eV        0.1120E-17
C11   Ar    Excitation    13.27 eV        0.3997E-18
C12   Ar    Excitation    13.28 eV        0.7629E-18
C13   Ar    Excitation    13.30 eV        0.5582E-18
C14   Ar    Excitation    13.33 eV        0.5521E-18
C15   Ar    Excitation    13.48 eV        0.1306E-17
C16   Ar    Excitation    13.85 eV        0.6862E-18
C17   Ar    Excitation    13.86 eV        0.3272E-17
C18   Ar    Excitation    13.90 eV        0.2046E-17
C19   Ar    Excitation    13.98 eV        0.2307E-17
C20   Ar    Excitation    14.01 eV        0.7265E-18
C21   Ar    Excitation    14.06 eV        0.7518E-18
C22   Ar    Excitation    14.07 eV        0.7509E-18
C23   Ar    Excitation    14.09 eV        0.8595E-19
C24   Ar    Excitation    14.10 eV        0.1217E-18
C25   Ar    Excitation    14.15 eV        0.2315E-18
C26   Ar    Excitation    14.21 eV        0.1017E-17
C27   Ar    Excitation    14.23 eV        0.6547E-18
C28   Ar    Excitation    14.24 eV        0.1785E-18
C29   Ar    Excitation    14.24 eV        0.1444E-18
C30   Ar    Excitation    14.26 eV        0.3088E-19
C31   Ar    Excitation    14.30 eV        0.2451E-18
C32   Ar    Excitation    14.71 eV        0.3259E-20
C33   Ar    Excitation    14.85 eV        0.2125E-19
C34   Ar    Excitation    14.86 eV        0.7055E-19
C35   Ar    Excitation    15.00 eV        0.2594E-19
C36   Ar    Excitation    15.02 eV        0.2677E-19
C37   Ar    Excitation    15.12 eV        0.4482E-20
C38   Ar    Excitation    15.19 eV        0.4315E-19
C39   Ar    Excitation    15.19 eV        0.4296E-19
C40   Ar    Excitation    15.31 eV        0.6622E-21
C41   Ar    Excitation    15.35 eV        0.4289E-21
C42   Ar    Excitation    15.36 eV        0.6160E-21
C43   Ar    Excitation    15.37 eV        0.1075E-19
C44   Ar    Excitation    15.37 eV        0.2376E-19
C45   Ar    Excitation    15.66 eV        0.8035E-19
C46   Ar    Ionization    15.76 eV        0.4845E-17
------------------------------------------------------------
Energy (eV) EEDF (eV-3/2) Anisotropy
  0.6146E-01	  0.4958E+01	  0.2202E-03
  0.1844E+00	  0.3010E+01	  0.4105E-03
  0.3073E+00	  0.9577E+00	  0.7910E-03
  0.4303E+00	  0.5117E+00	  0.1210E-02
  0.5532E+00	  0.3594E+00	  0.1561E-02
  0.6761E+00	  0.2824E+00	  0.1918E-02
  0.7990E+00	  0.2344E+00	  0.2312E-02
  0.9220E+00	  0.2008E+00	  0.2749E-02
  0.1045E+01	  0.1757E+00	  0.3225E-02
  0.1168E+01	  0.1554E+00	  0.3744E-02
  0.1291E+01	  0.1385E+00	  0.4293E-02
  0.1414E+01	  0.1242E+00	  0.4859E-02
  0.1537E+01	  0.1119E+00	  0.5443E-02
  0.1660E+01	  0.1014E+00	  0.6022E-02
  0.1782E+01	  0.9238E-01	  0.6592E-02
  0.1905E+01	  0.8448E-01	  0.7194E-02
  0.2028E+01	  0.7750E-01	  0.7833E-02
  0.2151E+01	  0.7133E-01	  0.8503E-02
  0.2274E+01	  0.6585E-01	  0.9201E-02
  0.2397E+01	  0.6096E-01	  0.9928E-02
  0.2520E+01	  0.5656E-01	  0.1068E-01
  0.2643E+01	  0.5260E-01	  0.1146E-01
  0.2766E+01	  0.4901E-01	  0.1225E-01
  0.2889E+01	  0.4576E-01	  0.1306E-01
  0.3012E+01	  0.4280E-01	  0.1389E-01
  0.3135E+01	  0.4009E-01	  0.1473E-01
  0.3258E+01	  0.3761E-01	  0.1558E-01
  0.3381E+01	  0.3533E-01	  0.1645E-01
  0.3503E+01	  0.3323E-01	  0.1732E-01
  0.3626E+01	  0.3129E-01	  0.1821E-01
  0.3749E+01	  0.2950E-01	  0.1910E-01
  0.3872E+01	  0.2784E-01	  0.1999E-01
  0.3995E+01	  0.2631E-01	  0.2089E-01
  0.4118E+01	  0.2489E-01	  0.2180E-01
  0.4241E+01	  0.2358E-01	  0.2270E-01
  0.4364E+01	  0.2237E-01	  0.2359E-01
  0.4487E+01	  0.2124E-01	  0.2448E-01
  0.4610E+01	  0.2020E-01	  0.2536E-01
  0.4733E+01	  0.1923E-01	  0.2624E-01
  0.4856E+01	  0.1833E-01	  0.2710E-01
  0.4979E+01	  0.1749E-01	  0.2796E-01
  0.5102E+01	  0.1670E-01	  0.2881E-01
  0.5225E+01	  0.1596E-01	  0.2965E-01
  0.5347E+01	  0.1527E-01	  0.3048E-01
  0.5470E+01	  0.1463E-01	  0.3131E-01
  0.5593E+01	  0.1402E-01	  0.3212E-01
  0.5716E+01	  0.1345E-01	  0.3293E-01
  0.5839E+01	  0.1292E-01	  0.3373E-01
  0.5962E+01	  0.1241E-01	  0.3453E-01
  0.6085E+01	  0.1193E-01	  0.3531E-01
  0.6208E+01	  0.1148E-01	  0.3610E-01
  0.6331E+01	  0.1105E-01	  0.3688E-01
  0.6454E+01	  0.1065E-01	  0.3767E-01
  0.6577E+01	  0.1026E-01	  0.3845E-01
  0.6700E+01	  0.9895E-02	  0.3923E-01
  0.6823E+01	  0.9546E-02	  0.4001E-01
  0.6946E+01	  0.9213E-02	  0.4080E-01
  0.7068E+01	  0.8895E-02	  0.4159E-01
  0.7191E+01	  0.8590E-02	  0.4238E-01
  0.7314E+01	  0.8299E-02	  0.4319E-01
  0.7437E+01	  0.8019E-02	  0.4400E-01
  0.7560E+01	  0.7751E-02	  0.4483E-01
  0.7683E+01	  0.7493E-02	  0.4567E-01
  0.7806E+01	  0.7245E-02	  0.4653E-01
  0.7929E+01	  0.7006E-02	  0.4740E-01
  0.8052E+01	  0.6776E-02	  0.4829E-01
  0.8175E+01	  0.6555E-02	  0.4919E-01
  0.8298E+01	  0.6341E-02	  0.5012E-01
  0.8421E+01	  0.6134E-02	  0.5107E-01
  0.8544E+01	  0.5935E-02	  0.5205E-01
  0.8667E+01	  0.5742E-02	  0.5305E-01
  0.8789E+01	  0.5556E-02	  0.5408E-01
  0.8912E+01	  0.5375E-02	  0.5514E-01
  0.9035E+01	  0.5200E-02	  0.5623E-01
  0.9158E+01	  0.5030E-02	  0.5735E-01
  0.9281E+01	  0.4865E-02	  0.5852E-01
  0.9404E+01	  0.4705E-02	  0.5972E-01
  0.9527E+01	  0.4550E-02	  0.6097E-01
  0.9650E+01	  0.4399E-02	  0.6226E-01
  0.9773E+01	  0.4251E-02	  0.6361E-01
  0.9896E+01	  0.4108E-02	  0.6501E-01
  0.1002E+02	  0.3968E-02	  0.6647E-01
  0.1014E+02	  0.3832E-02	  0.6799E-01
  0.1026E+02	  0.3699E-02	  0.6959E-01
  0.1039E+02	  0.3568E-02	  0.7126E-01
  0.1051E+02	  0.3441E-02	  0.7303E-01
  0.1063E+02	  0.3316E-02	  0.7488E-01
  0.1076E+02	  0.3194E-02	  0.7684E-01
  0.1088E+02	  0.3074E-02	  0.7891E-01
  0.1100E+02	  0.2956E-02	  0.8111E-01
  0.1113E+02	  0.2841E-02	  0.8345E-01
  0.1125E+02	  0.2727E-02	  0.8594E-01
  0.1137E+02	  0.2616E-02	  0.8860E-01
  0.1149E+02	  0.2506E-02	  0.9145E-01
  0.1162E+02	  0.2399E-02	  0.9433E-01
  0.1174E+02	  0.2294E-02	  0.9708E-01
  0.1186E+02	  0.2191E-02	  0.9967E-01
  0.1199E+02	  0.2091E-02	  0.1023E+00
  0.1211E+02	  0.1994E-02	  0.1052E+00
  0.1223E+02	  0.1899E-02	  0.1080E+00
  0.1235E+02	  0.1807E-02	  0.1109E+00
  0.1248E+02	  0.1718E-02	  0.1136E+00
  0.1260E+02	  0.1632E-02	  0.1163E+00
  0.1272E+02	  0.1548E-02	  0.1188E+00
  0.1285E+02	  0.1468E-02	  0.1215E+00
  0.1297E+02	  0.1391E-02	  0.1244E+00
  0.1309E+02	  0.1316E-02	  0.1274E+00
  0.1321E+02	  0.1244E-02	  0.1306E+00
  0.1334E+02	  0.1174E-02	  0.1346E+00
  0.1346E+02	  0.1106E-02	  0.1390E+00
  0.1358E+02	  0.1041E-02	  0.1436E+00
  0.1371E+02	  0.9774E-03	  0.1483E+00
  0.1383E+02	  0.9163E-03	  0.1532E+00
  0.1395E+02	  0.8573E-03	  0.1582E+00
  0.1408E+02	  0.8007E-03	  0.1632E+00
  0.1420E+02	  0.7465E-03	  0.1682E+00
  0.1432E+02	  0.6947E-03	  0.1731E+00
  0.1444E+02	  0.6453E-03	  0.1779E+00
  0.1457E+02	  0.5984E-03	  0.1826E+00
  0.1469E+02	  0.5540E-03	  0.1872E+00
  0.1481E+02	  0.5121E-03	  0.1917E+00
  0.1494E+02	  0.4726E-03	  0.1961E+00
  0.1506E+02	  0.4355E-03	  0.2004E+00
  0.1518E+02	  0.4008E-03	  0.2047E+00
  0.1530E+02	  0.3682E-03	  0.2092E+00
  0.1543E+02	  0.3378E-03	  0.2137E+00
  0.1555E+02	  0.3093E-03	  0.2184E+00
  0.1567E+02	  0.2828E-03	  0.2233E+00
  0.1580E+02	  0.2582E-03	  0.2284E+00
  0.1592E+02	  0.2352E-03	  0.2334E+00
  0.1604E+02	  0.2140E-03	  0.2383E+00
  0.1617E+02	  0.1943E-03	  0.2431E+00
  0.1629E+02	  0.1762E-03	  0.2479E+00
  0.1641E+02	  0.1595E-03	  0.2526E+00
  0.1653E+02	  0.1441E-03	  0.2572E+00
  0.1666E+02	  0.1301E-03	  0.2618E+00
  0.1678E+02	  0.1172E-03	  0.2663E+00
  0.1690E+02	  0.1055E-03	  0.2708E+00
  0.1703E+02	  0.9478E-04	  0.2751E+00
  0.1715E+02	  0.8505E-04	  0.2794E+00
  0.1727E+02	  0.7621E-04	  0.2836E+00
  0.1739E+02	  0.6820E-04	  0.2878E+00
  0.1752E+02	  0.6095E-04	  0.2919E+00
  0.1764E+02	  0.5440E-04	  0.2960E+00
  0.1776E+02	  0.4850E-04	  0.2999E+00
  0.1789E+02	  0.4318E-04	  0.3038E+00
  0.1801E+02	  0.3840E-04	  0.3076E+00
  0.1813E+02	  0.3411E-04	  0.3113E+00
  0.1826E+02	  0.3027E-04	  0.3149E+00
  0.1838E+02	  0.2683E-04	  0.3186E+00
  0.1850E+02	  0.2376E-04	  0.3221E+00
  0.1862E+02	  0.2102E-04	  0.3257E+00
  0.1875E+02	  0.1857E-04	  0.3292E+00
  0.1887E+02	  0.1639E-04	  0.3325E+00
  0.1899E+02	  0.1446E-04	  0.3358E+00
  0.1912E+02	  0.1274E-04	  0.3391E+00
  0.1924E+02	  0.1122E-04	  0.3423E+00
  0.1936E+02	  0.9867E-05	  0.3454E+00
  0.1948E+02	  0.8671E-05	  0.3486E+00
  0.1961E+02	  0.7614E-05	  0.3517E+00
  0.1973E+02	  0.6679E-05	  0.3548E+00
  0.1985E+02	  0.5854E-05	  0.3579E+00
  0.1998E+02	  0.5127E-05	  0.3610E+00
  0.2010E+02	  0.4487E-05	  0.3640E+00
  0.2022E+02	  0.3924E-05	  0.3669E+00
  0.2034E+02	  0.3430E-05	  0.3698E+00
  0.2047E+02	  0.2996E-05	  0.3726E+00
  0.2059E+02	  0.2615E-05	  0.3753E+00
  0.2071E+02	  0.2281E-05	  0.3780E+00
  0.2084E+02	  0.1989E-05	  0.3806E+00
  0.2096E+02	  0.1733E-05	  0.3832E+00
  0.2108E+02	  0.1510E-05	  0.3858E+00
  0.2121E+02	  0.1314E-05	  0.3884E+00
  0.2133E+02	  0.1144E-05	  0.3909E+00
  0.2145E+02	  0.9944E-06	  0.3934E+00
  0.2157E+02	  0.8643E-06	  0.3959E+00
  0.2170E+02	  0.7509E-06	  0.3983E+00
  0.2182E+02	  0.6521E-06	  0.4006E+00
  0.2194E+02	  0.5660E-06	  0.4029E+00
  0.2207E+02	  0.4911E-06	  0.4050E+00
  0.2219E+02	  0.4260E-06	  0.4072E+00
  0.2231E+02	  0.3693E-06	  0.4093E+00
  0.2243E+02	  0.3200E-06	  0.4114E+00
  0.2256E+02	  0.2773E-06	  0.4135E+00
  0.2268E+02	  0.2401E-06	  0.4156E+00
  0.2280E+02	  0.2078E-06	  0.4177E+00
  0.2293E+02	  0.1798E-06	  0.4197E+00
  0.2305E+02	  0.1556E-06	  0.4217E+00
  0.2317E+02	  0.1345E-06	  0.4237E+00
  0.2330E+02	  0.1163E-06	  0.4257E+00
  0.2342E+02	  0.1005E-06	  0.4276E+00
  0.2354E+02	  0.8678E-07	  0.4296E+00
  0.2366E+02	  0.7494E-07	  0.4315E+00
  0.2379E+02	  0.6468E-07	  0.4335E+00
  0.2391E+02	  0.5581E-07	  0.4354E+00
  0.2403E+02	  0.4814E-07	  0.4374E+00
  0.2416E+02	  0.4151E-07	  0.4393E+00
  0.2428E+02	  0.3578E-07	  0.4412E+00
  0.2440E+02	  0.3083E-07	  0.4431E+00
  0.2452E+02	  0.2655E-07	  0.4450E+00
  0.2465E+02	  0.2286E-07	  0.4469E+00
  0.2477E+02	  0.1968E-07	  0.4487E+00
  0.2489E+02	  0.1694E-07	  0.4506E+00
  0.2502E+02	  0.1457E-07	  0.4524E+00
  0.2514E+02	  0.1253E-07	  0.4542E+00
  0.2526E+02	  0.1077E-07	  0.4560E+00
  0.2538E+02	  0.9259E-08	  0.4579E+00
  0.2551E+02	  0.7957E-08	  0.4597E+00
  0.2563E+02	  0.6836E-08	  0.4616E+00
  0.2575E+02	  0.5872E-08	  0.4634E+00
  0.2588E+02	  0.5042E-08	  0.4652E+00
  0.2600E+02	  0.4329E-08	  0.4669E+00
  0.2612E+02	  0.3716E-08	  0.4685E+00
  0.2625E+02	  0.3190E-08	  0.4701E+00
  0.2637E+02	  0.2737E-08	  0.4718E+00
  0.2649E+02	  0.2348E-08	  0.4734E+00
  0.2661E+02	  0.2015E-08	  0.4750E+00
  0.2674E+02	  0.1728E-08	  0.4766E+00
  0.2686E+02	  0.1482E-08	  0.4782E+00
  0.2698E+02	  0.1270E-08	  0.4798E+00
  0.2711E+02	  0.1089E-08	  0.4814E+00
  0.2723E+02	  0.9332E-09	  0.4830E+00
  0.2735E+02	  0.7997E-09	  0.4845E+00
  0.2747E+02	  0.6851E-09	  0.4861E+00
  0.2760E+02	  0.5868E-09	  0.4877E+00
  0.2772E+02	  0.5026E-09	  0.4893E+00
  0.2784E+02	  0.4303E-09	  0.4909E+00
  0.2797E+02	  0.3684E-09	  0.4925E+00
  0.2809E+02	  0.3153E-09	  0.4941E+00
  0.2821E+02	  0.2698E-09	  0.4957E+00
  0.2834E+02	  0.2309E-09	  0.4973E+00
  0.2846E+02	  0.1975E-09	  0.4989E+00
  0.2858E+02	  0.1689E-09	  0.5005E+00
  0.2870E+02	  0.1444E-09	  0.5021E+00
  0.2883E+02	  0.1235E-09	  0.5037E+00
  0.2895E+02	  0.1055E-09	  0.5052E+00
  0.2907E+02	  0.9020E-10	  0.5068E+00
  0.2920E+02	  0.7707E-10	  0.5083E+00
  0.2932E+02	  0.6584E-10	  0.5099E+00
  0.2944E+02	  0.5624E-10	  0.5115E+00
  0.2956E+02	  0.4802E-10	  0.5130E+00
  0.2969E+02	  0.4100E-10	  0.5145E+00
  0.2981E+02	  0.3500E-10	  0.5161E+00
  0.2993E+02	  0.2988E-10	  0.5176E+00
  0.3006E+02	  0.2550E-10	  0.5191E+00
  0.3018E+02	  0.2175E-10	  0.5206E+00
  0.3030E+02	  0.1856E-10	  0.5221E+00
  0.3043E+02	  0.1583E-10	  0.5236E+00
  0.3055E+02	  0.1351E-10	  0.5251E+00
  0.3067E+02	  0.1152E-10	  0.5266E+00
  0.3079E+02	  0.9825E-11	  0.5281E+00
  0.3092E+02	  0.8379E-11	  0.5296E+00
  0.3104E+02	  0.7145E-11	  0.5311E+00
  0.3116E+02	  0.6092E-11	  0.5326E+00
  0.3129E+02	  0.5194E-11	  0.5340E+00
  0.3141E+02	  0.4428E-11	  0.5355E+00
  0.3153E+02	  0.3775E-11	  0.5369E+00
  0.3165E+02	  0.3218E-11	  0.5384E+00
  0.3178E+02	  0.2743E-11	  0.5398E+00
  0.3190E+02	  0.2337E-11	  0.5412E+00
  0.3202E+02	  0.1992E-11	  0.5427E+00
  0.3215E+02	  0.1697E-11	  0.5440E+00
  0.3227E+02	  0.1446E-11	  0.5454E+00
  0.3239E+02	  0.1232E-11	  0.5468E+00
  0.3251E+02	  0.1050E-11	  0.5482E+00
  0.3264E+02	  0.8944E-12	  0.5496E+00
  0.3276E+02	  0.7619E-12	  0.5509E+00
  0.3288E+02	  0.6490E-12	  0.5523E+00
  0.3301E+02	  0.5528E-12	  0.5537E+00
  0.3313E+02	  0.4708E-12	  0.5550E+00
  0.3325E+02	  0.4009E-12	  0.5563E+00
  0.3338E+02	  0.3414E-12	  0.5577E+00
  0.3350E+02	  0.2907E-12	  0.5590E+00
  0.3362E+02	  0.2475E-12	  0.5603E+00
  0.3374E+02	  0.2108E-12	  0.5616E+00
  0.3387E+02	  0.1794E-12	  0.5628E+00
  0.3399E+02	  0.1528E-12	  0.5641E+00
  0.3411E+02	  0.1300E-12	  0.5653E+00
  0.3424E+02	  0.1107E-12	  0.5665E+00
  0.3436E+02	  0.9423E-13	  0.5677E+00
  0.3448E+02	  0.8021E-13	  0.5689E+00
  0.3460E+02	  0.6827E-13	  0.5701E+00
  0.3473E+02	  0.5811E-13	  0.5713E+00
  0.3485E+02	  0.4945E-13	  0.5725E+00
  0.3497E+02	  0.4209E-13	  0.5737E+00
  0.3510E+02	  0.3582E-13	  0.5749E+00
  0.3522E+02	  0.3048E-13	  0.5761E+00
  0.3534E+02	  0.2593E-13	  0.5773E+00
  0.3547E+02	  0.2207E-13	  0.5784E+00
  0.3559E+02	  0.1878E-13	  0.5796E+00
  0.3571E+02	  0.1597E-13	  0.5807E+00
  0.3583E+02	  0.1359E-13	  0.5817E+00
  0.3596E+02	  0.1156E-13	  0.5827E+00
  0.3608E+02	  0.9839E-14	  0.5837E+00
  0.3620E+02	  0.8371E-14	  0.5846E+00
  0.3633E+02	  0.7122E-14	  0.5856E+00
  0.3645E+02	  0.6059E-14	  0.5865E+00
  0.3657E+02	  0.5155E-14	  0.5874E+00
  0.3669E+02	  0.4386E-14	  0.5883E+00
  0.3682E+02	  0.3732E-14	  0.5892E+00
  0.3694E+02	  0.3175E-14	  0.5901E+00
  0.3706E+02	  0.2701E-14	  0.5910E+00
  0.3719E+02	  0.2298E-14	  0.5918E+00
  0.3731E+02	  0.1955E-14	  0.5926E+00
  0.3743E+02	  0.1664E-14	  0.5935E+00
  0.3756E+02	  0.1416E-14	  0.5943E+00
  0.3768E+02	  0.1204E-14	  0.5951E+00
  0.3780E+02	  0.1025E-14	  0.5959E+00
  0.3792E+02	  0.8720E-15	  0.5967E+00
  0.3805E+02	  0.7419E-15	  0.5975E+00
  0.3817E+02	  0.6313E-15	  0.5982E+00
  0.3829E+02	  0.5372E-15	  0.5989E+00
  0.3842E+02	  0.4571E-15	  0.5996E+00
  0.3854E+02	  0.3890E-15	  0.6003E+00
  0.3866E+02	  0.3310E-15	  0.6010E+00
  0.3878E+02	  0.2817E-15	  0.6016E+00
  0.3891E+02	  0.2397E-15	  0.6023E+00
  0.3903E+02	  0.2040E-15	  0.6029E+00
  0.3915E+02	  0.1736E-15	  0.6036E+00
  0.3928E+02	  0.1478E-15	  0.6042E+00
  0.3940E+02	  0.1258E-15	  0.6049E+00
  0.3952E+02	  0.1071E-15	  0.6055E+00
  0.3964E+02	  0.9112E-16	  0.6062E+00
  0.3977E+02	  0.7755E-16	  0.6069E+00
  0.3989E+02	  0.6601E-16	  0.6076E+00
  0.4001E+02	  0.5618E-16	  0.6083E+00
  0.4014E+02	  0.4782E-16	  0.6090E+00
  0.4026E+02	  0.4071E-16	  0.6097E+00
  0.4038E+02	  0.3466E-16	  0.6104E+00
  0.4051E+02	  0.2951E-16	  0.6111E+00
  0.4063E+02	  0.2513E-16	  0.6118E+00
  0.4075E+02	  0.2140E-16	  0.6125E+00
  0.4087E+02	  0.1822E-16	  0.6131E+00
  0.4100E+02	  0.1552E-16	  0.6138E+00
  0.4112E+02	  0.1322E-16	  0.6145E+00
  0.4124E+02	  0.1126E-16	  0.6152E+00
  0.4137E+02	  0.9593E-17	  0.6159E+00
  0.4149E+02	  0.8173E-17	  0.6166E+00
  0.4161E+02	  0.6964E-17	  0.6172E+00
  0.4173E+02	  0.5934E-17	  0.6179E+00
  0.4186E+02	  0.5057E-17	  0.6186E+00
  0.4198E+02	  0.4310E-17	  0.6192E+00
  0.4210E+02	  0.3673E-17	  0.6199E+00
  0.4223E+02	  0.3131E-17	  0.6205E+00
  0.4235E+02	  0.2669E-17	  0.6212E+00
  0.4247E+02	  0.2275E-17	  0.6218E+00
  0.4260E+02	  0.1940E-17	  0.6225E+00
  0.4272E+02	  0.1654E-17	  0.6231E+00
  0.4284E+02	  0.1410E-17	  0.6237E+00
  0.4296E+02	  0.1203E-17	  0.6243E+00
  0.4309E+02	  0.1026E-17	  0.6249E+00
  0.4321E+02	  0.8749E-18	  0.6255E+00
  0.4333E+02	  0.7463E-18	  0.6261E+00
  0.4346E+02	  0.6366E-18	  0.6267E+00
  0.4358E+02	  0.5431E-18	  0.6273E+00
  0.4370E+02	  0.4634E-18	  0.6279E+00
  0.4382E+02	  0.3954E-18	  0.6284E+00
  0.4395E+02	  0.3374E-18	  0.6290E+00
  0.4407E+02	  0.2880E-18	  0.6296E+00
  0.4419E+02	  0.2458E-18	  0.6301E+00
  0.4432E+02	  0.2098E-18	  0.6307E+00
  0.4444E+02	  0.1791E-18	  0.6313E+00
  0.4456E+02	  0.1529E-18	  0.6318E+00
  0.4468E+02	  0.1305E-18	  0.6324E+00
  0.4481E+02	  0.1114E-18	  0.6330E+00
  0.4493E+02	  0.9515E-19	  0.6335E+00
  0.4505E+02	  0.8126E-19	  0.6341E+00
  0.4518E+02	  0.6939E-19	  0.6346E+00
  0.4530E+02	  0.5927E-19	  0.6352E+00
  0.4542E+02	  0.5062E-19	  0.6357E+00
  0.4555E+02	  0.4324E-19	  0.6363E+00
  0.4567E+02	  0.3694E-19	  0.6368E+00
  0.4579E+02	  0.3156E-19	  0.6373E+00
  0.4591E+02	  0.2697E-19	  0.6377E+00
  0.4604E+02	  0.2304E-19	  0.6382E+00
  0.4616E+02	  0.1969E-19	  0.6387E+00
  0.4628E+02	  0.1683E-19	  0.6391E+00
  0.4641E+02	  0.1439E-19	  0.6396E+00
  0.4653E+02	  0.1230E-19	  0.6400E+00
  0.4665E+02	  0.1051E-19	  0.6405E+00
  0.4677E+02	  0.8988E-20	  0.6409E+00
  0.4690E+02	  0.7685E-20	  0.6414E+00
  0.4702E+02	  0.6571E-20	  0.6418E+00
  0.4714E+02	  0.5619E-20	  0.6423E+00
  0.4727E+02	  0.4806E-20	  0.6427E+00
  0.4739E+02	  0.4110E-20	  0.6432E+00
  0.4751E+02	  0.3516E-20	  0.6436E+00
  0.4764E+02	  0.3007E-20	  0.6440E+00
  0.4776E+02	  0.2573E-20	  0.6445E+00
  0.4788E+02	  0.2201E-20	  0.6449E+00
  0.4800E+02	  0.1883E-20	  0.6453E+00
  0.4813E+02	  0.1612E-20	  0.6457E+00
  0.4825E+02	  0.1379E-20	  0.6462E+00
  0.4837E+02	  0.1180E-20	  0.6466E+00
  0.4850E+02	  0.1010E-20	  0.6470E+00
  0.4862E+02	  0.8647E-21	  0.6474E+00
  0.4874E+02	  0.7402E-21	  0.6479E+00
  0.4886E+02	  0.6337E-21	  0.6483E+00
  0.4899E+02	  0.5426E-21	  0.6487E+00
  0.4911E+02	  0.4645E-21	  0.6491E+00
  0.4923E+02	  0.3978E-21	  0.6495E+00
  0.4936E+02	  0.3406E-21	  0.6500E+00
  0.4948E+02	  0.2917E-21	  0.6504E+00
  0.4960E+02	  0.2498E-21	  0.6509E+00
  0.4973E+02	  0.2140E-21	  0.6513E+00
  0.4985E+02	  0.1833E-21	  0.6518E+00
  0.4997E+02	  0.1570E-21	  0.6522E+00
  0.5009E+02	  0.1345E-21	  0.6527E+00
  0.5022E+02	  0.1153E-21	  0.6531E+00
  0.5034E+02	  0.9875E-22	  0.6536E+00
  0.5046E+02	  0.8462E-22	  0.6541E+00
  0.5059E+02	  0.7251E-22	  0.6546E+00
  0.5071E+02	  0.6214E-22	  0.6551E+00
  0.5083E+02	  0.5326E-22	  0.6555E+00
  0.5095E+02	  0.4565E-22	  0.6560E+00
  0.5108E+02	  0.3914E-22	  0.6565E+00
  0.5120E+02	  0.3355E-22	  0.6570E+00
  0.5132E+02	  0.2876E-22	  0.6575E+00
  0.5145E+02	  0.2466E-22	  0.6580E+00
  0.5157E+02	  0.2115E-22	  0.6585E+00
  0.5169E+02	  0.1813E-22	  0.6590E+00
  0.5181E+02	  0.1555E-22	  0.6595E+00
  0.5194E+02	  0.1334E-22	  0.6600E+00
  0.5206E+02	  0.1144E-22	  0.6605E+00
  0.5218E+02	  0.9813E-23	  0.6610E+00
  0.5231E+02	  0.8418E-23	  0.6616E+00
  0.5243E+02	  0.7222E-23	  0.6621E+00
  0.5255E+02	  0.6196E-23	  0.6626E+00
  0.5268E+02	  0.5316E-23	  0.6631E+00
  0.5280E+02	  0.4562E-23	  0.6636E+00
  0.5292E+02	  0.3914E-23	  0.6641E+00
  0.5304E+02	  0.3359E-23	  0.6646E+00
  0.5317E+02	  0.2883E-23	  0.6651E+00
  0.5329E+02	  0.2474E-23	  0.6656E+00
  0.5341E+02	  0.2124E-23	  0.6661E+00
  0.5354E+02	  0.1823E-23	  0.6666E+00
  0.5366E+02	  0.1565E-23	  0.6671E+00
  0.5378E+02	  0.1344E-23	  0.6676E+00
  0.5390E+02	  0.1154E-23	  0.6681E+00
  0.5403E+02	  0.9906E-24	  0.6685E+00
  0.5415E+02	  0.8506E-24	  0.6690E+00
  0.5427E+02	  0.7304E-24	  0.6695E+00
  0.5440E+02	  0.6273E-24	  0.6700E+00
  0.5452E+02	  0.5387E-24	  0.6705E+00
 
 
R12 
------------------------------------------------------------
Electric field / N (Td)                    170.0    
Angular frequency / N (m3/s)              0.4724E-12
Cosine of E-B field angle                  0.000    
Gas temperature (K)                        300.0    
Excitation temperature (K)                 300.0    
Transition energy (eV)                     0.000    
Ionization degree                          0.000    
Plasma density (1/m3)                     0.1000E+19
Ion charge parameter                       1.000    
Ion/neutral mass ratio                     1.000    
Coulomb collision model                    1.000    
Energy sharing                             0.000    
Growth model                               1.000    
Maxwellian mean energy (eV)                0.000    
# of grid points                           500.0    
Grid type                                  1.000    
Maximum energy                             30.00    
Precision                                 0.1000E-24
Convergence                               0.1000E-03
Maximum # of iterations                   0.2000E+05
Mole fraction Ar                           1.000    
------------------------------------------------------------
Mean energy (eV)                           2.328    
Mobility *N (1/m/V/s)                     0.1174E+27
Re/perp mobility *N (1/m/V/s)             0.5287E+23
Im/Hall mobility *N (1/m/V/s)            -0.3560E+24
Diffusion coefficient *N (1/m/s)          0.2296E+26
Energy mobility *N (1/m/V/s)              0.1583E+26
Energy diffusion coef. *N (1/m/s)         0.7894E+25
Total collision freq. /N (m3/s)           0.4837E-13
Momentum frequency /N (m3/s)              0.6849E-13
Total ionization freq. /N (m3/s)          0.1310E-16
Power /N (eV m3/s)                        0.1528E-14
Elastic power loss /N (eV m3/s)           0.1013E-16
Inelastic power loss /N (eV m3/s)         0.1488E-14
Growth power /N (eV m3/s)                 0.3053E-16
Maximum energy                             73.54    
# of iterations                            72.00    
# of grid trials                           6.000    
------------------------------------------------------------
Rate coefficients (m3/s)
C1    Ar    Elastic                       0.4825E-13
C2    Ar    Excitation    11.55 eV        0.1690E-16
C3    Ar    Excitation    11.62 eV        0.1559E-16
C4    Ar    Excitation    11.72 eV        0.3017E-17
C5    Ar    Excitation    11.83 eV        0.2310E-16
C6    Ar    Excitation    12.91 eV        0.2362E-17
C7    Ar    Excitation    13.08 eV        0.3044E-17
C8    Ar    Excitation    13.10 eV        0.2060E-17
C9    Ar    Excitation    13.15 eV        0.1465E-17
C10   Ar    Excitation    13.17 eV        0.1997E-17
C11   Ar    Excitation    13.27 eV        0.7485E-18
C12   Ar    Excitation    13.28 eV        0.1409E-17
C13   Ar    Excitation    13.30 eV        0.1037E-17
C14   Ar    Excitation    13.33 eV        0.9580E-18
C15   Ar    Excitation    13.48 eV        0.2460E-17
C16   Ar    Excitation    13.85 eV        0.1239E-17
C17   Ar    Excitation    13.86 eV        0.5957E-17
C18   Ar    Excitation    13.90 eV        0.3858E-17
C19   Ar    Excitation    13.98 eV        0.4251E-17
C20   Ar    Excitation    14.01 eV        0.1371E-17
C21   Ar    Excitation    14.06 eV        0.1445E-17
C22   Ar    Excitation    14.07 eV        0.1444E-17
C23   Ar    Excitation    14.09 eV        0.1967E-18
C24   Ar    Excitation    14.10 eV        0.2452E-18
C25   Ar    Excitation    14.15 eV        0.5349E-18
C26   Ar    Excitation    14.21 eV        0.1960E-17
C27   Ar    Excitation    14.23 eV        0.1253E-17
C28   Ar    Excitation    14.24 eV        0.3625E-18
C29   Ar    Excitation    14.24 eV        0.2806E-18
C30   Ar    Excitation    14.26 eV        0.7248E-19
C31   Ar    Excitation    14.30 eV        0.5798E-18
C32   Ar    Excitation    14.71 eV        0.8237E-20
C33   Ar    Excitation    14.85 eV        0.5497E-19
C34   Ar    Excitation    14.86 eV        0.1829E-18
C35   Ar    Excitation    15.00 eV        0.6896E-19
C36   Ar    Excitation    15.02 eV        0.7137E-19
C37   Ar    Excitation    15.12 eV        0.1215E-19
C38   Ar    Excitation    15.19 eV        0.1184E-18
C39   Ar    Excitation    15.19 eV        0.1180E-18
C40   Ar    Excitation    15.31 eV        0.1858E-20
C41   Ar    Excitation    15.35 eV        0.1213E-20
C42   Ar    Excitation    15.36 eV        0.1745E-20
C43   Ar    Excitation    15.37 eV        0.3048E-19
C44   Ar    Excitation    15.37 eV        0.6748E-19
C45   Ar    Excitation    15.66 eV        0.2406E-18
C46   Ar    Ionization    15.76 eV        0.1310E-16
------------------------------------------------------------
Energy (eV) EEDF (eV-3/2) Anisotropy
  0.7354E-01	  0.5669E+01	  0.4253E-03
  0.2206E+00	  0.2246E+01	  0.7992E-03
  0.3677E+00	  0.6563E+00	  0.1547E-02
  0.5148E+00	  0.3691E+00	  0.2149E-02
  0.6618E+00	  0.2634E+00	  0.2671E-02
  0.8089E+00	  0.2078E+00	  0.3226E-02
  0.9560E+00	  0.1726E+00	  0.3842E-02
  0.1103E+01	  0.1479E+00	  0.4519E-02
  0.1250E+01	  0.1287E+00	  0.5264E-02
  0.1397E+01	  0.1131E+00	  0.6051E-02
  0.1544E+01	  0.1004E+00	  0.6866E-02
  0.1691E+01	  0.8980E-01	  0.7685E-02
  0.1838E+01	  0.8090E-01	  0.8514E-02
  0.1985E+01	  0.7327E-01	  0.9405E-02
  0.2133E+01	  0.6666E-01	  0.1036E-01
  0.2280E+01	  0.6091E-01	  0.1136E-01
  0.2427E+01	  0.5587E-01	  0.1241E-01
  0.2574E+01	  0.5141E-01	  0.1351E-01
  0.2721E+01	  0.4745E-01	  0.1465E-01
  0.2868E+01	  0.4391E-01	  0.1582E-01
  0.3015E+01	  0.4074E-01	  0.1703E-01
  0.3162E+01	  0.3787E-01	  0.1826E-01
  0.3309E+01	  0.3527E-01	  0.1952E-01
  0.3456E+01	  0.3291E-01	  0.2080E-01
  0.3603E+01	  0.3076E-01	  0.2210E-01
  0.3750E+01	  0.2879E-01	  0.2342E-01
  0.3897E+01	  0.2699E-01	  0.2475E-01
  0.4045E+01	  0.2533E-01	  0.2610E-01
  0.4192E+01	  0.2382E-01	  0.2745E-01
  0.4339E+01	  0.2243E-01	  0.2880E-01
  0.4486E+01	  0.2117E-01	  0.3014E-01
  0.4633E+01	  0.2000E-01	  0.3147E-01
  0.4780E+01	  0.1893E-01	  0.3279E-01
  0.4927E+01	  0.1794E-01	  0.3410E-01
  0.5074E+01	  0.1702E-01	  0.3539E-01
  0.5221E+01	  0.1617E-01	  0.3668E-01
  0.5368E+01	  0.1539E-01	  0.3794E-01
  0.5515E+01	  0.1466E-01	  0.3919E-01
  0.5662E+01	  0.1398E-01	  0.4042E-01
  0.5809E+01	  0.1334E-01	  0.4164E-01
  0.5956E+01	  0.1275E-01	  0.4285E-01
  0.6104E+01	  0.1219E-01	  0.4404E-01
  0.6251E+01	  0.1167E-01	  0.4522E-01
  0.6398E+01	  0.1118E-01	  0.4639E-01
  0.6545E+01	  0.1072E-01	  0.4756E-01
  0.6692E+01	  0.1028E-01	  0.4872E-01
  0.6839E+01	  0.9870E-02	  0.4987E-01
  0.6986E+01	  0.9480E-02	  0.5103E-01
  0.7133E+01	  0.9110E-02	  0.5218E-01
  0.7280E+01	  0.8759E-02	  0.5334E-01
  0.7427E+01	  0.8424E-02	  0.5451E-01
  0.7574E+01	  0.8105E-02	  0.5570E-01
  0.7721E+01	  0.7800E-02	  0.5689E-01
  0.7868E+01	  0.7509E-02	  0.5810E-01
  0.8015E+01	  0.7230E-02	  0.5933E-01
  0.8163E+01	  0.6964E-02	  0.6059E-01
  0.8310E+01	  0.6708E-02	  0.6186E-01
  0.8457E+01	  0.6463E-02	  0.6317E-01
  0.8604E+01	  0.6227E-02	  0.6450E-01
  0.8751E+01	  0.6001E-02	  0.6587E-01
  0.8898E+01	  0.5783E-02	  0.6727E-01
  0.9045E+01	  0.5572E-02	  0.6872E-01
  0.9192E+01	  0.5370E-02	  0.7021E-01
  0.9339E+01	  0.5174E-02	  0.7175E-01
  0.9486E+01	  0.4985E-02	  0.7334E-01
  0.9633E+01	  0.4802E-02	  0.7500E-01
  0.9780E+01	  0.4625E-02	  0.7671E-01
  0.9927E+01	  0.4454E-02	  0.7850E-01
  0.1007E+02	  0.4288E-02	  0.8037E-01
  0.1022E+02	  0.4126E-02	  0.8232E-01
  0.1037E+02	  0.3968E-02	  0.8438E-01
  0.1052E+02	  0.3815E-02	  0.8654E-01
  0.1066E+02	  0.3665E-02	  0.8882E-01
  0.1081E+02	  0.3519E-02	  0.9124E-01
  0.1096E+02	  0.3376E-02	  0.9381E-01
  0.1110E+02	  0.3236E-02	  0.9654E-01
  0.1125E+02	  0.3100E-02	  0.9946E-01
  0.1140E+02	  0.2966E-02	  0.1026E+00
  0.1155E+02	  0.2835E-02	  0.1059E+00
  0.1169E+02	  0.2707E-02	  0.1092E+00
  0.1184E+02	  0.2582E-02	  0.1123E+00
  0.1199E+02	  0.2460E-02	  0.1155E+00
  0.1213E+02	  0.2342E-02	  0.1188E+00
  0.1228E+02	  0.2227E-02	  0.1222E+00
  0.1243E+02	  0.2116E-02	  0.1256E+00
  0.1257E+02	  0.2008E-02	  0.1289E+00
  0.1272E+02	  0.1904E-02	  0.1321E+00
  0.1287E+02	  0.1804E-02	  0.1355E+00
  0.1302E+02	  0.1707E-02	  0.1390E+00
  0.1316E+02	  0.1613E-02	  0.1428E+00
  0.1331E+02	  0.1522E-02	  0.1473E+00
  0.1346E+02	  0.1434E-02	  0.1523E+00
  0.1360E+02	  0.1349E-02	  0.1576E+00
  0.1375E+02	  0.1267E-02	  0.1630E+00
  0.1390E+02	  0.1187E-02	  0.1686E+00
  0.1405E+02	  0.1111E-02	  0.1743E+00
  0.1419E+02	  0.1037E-02	  0.1799E+00
  0.1434E+02	  0.9663E-03	  0.1855E+00
  0.1449E+02	  0.8989E-03	  0.1909E+00
  0.1463E+02	  0.8348E-03	  0.1963E+00
  0.1478E+02	  0.7739E-03	  0.2016E+00
  0.1493E+02	  0.7163E-03	  0.2067E+00
  0.1507E+02	  0.6620E-03	  0.2118E+00
  0.1522E+02	  0.6108E-03	  0.2169E+00
  0.1537E+02	  0.5626E-03	  0.2221E+00
  0.1552E+02	  0.5174E-03	  0.2275E+00
  0.1566E+02	  0.4750E-03	  0.2331E+00
  0.1581E+02	  0.4353E-03	  0.2389E+00
  0.1596E+02	  0.3982E-03	  0.2447E+00
  0.1610E+02	  0.3636E-03	  0.2502E+00
  0.1625E+02	  0.3315E-03	  0.2557E+00
  0.1640E+02	  0.3017E-03	  0.2611E+00
  0.1655E+02	  0.2742E-03	  0.2664E+00
  0.1669E+02	  0.2488E-03	  0.2717E+00
  0.1684E+02	  0.2253E-03	  0.2769E+00
  0.1699E+02	  0.2038E-03	  0.2819E+00
  0.1713E+02	  0.1841E-03	  0.2869E+00
  0.1728E+02	  0.1661E-03	  0.2917E+00
  0.1743E+02	  0.1496E-03	  0.2965E+00
  0.1758E+02	  0.1345E-03	  0.3012E+00
  0.1772E+02	  0.1208E-03	  0.3059E+00
  0.1787E+02	  0.1084E-03	  0.3104E+00
  0.1802E+02	  0.9714E-04	  0.3148E+00
  0.1816E+02	  0.8694E-04	  0.3190E+00
  0.1831E+02	  0.7772E-04	  0.3233E+00
  0.1846E+02	  0.6940E-04	  0.3275E+00
  0.1860E+02	  0.6191E-04	  0.3316E+00
  0.1875E+02	  0.5517E-04	  0.3356E+00
  0.1890E+02	  0.4911E-04	  0.3395E+00
  0.1905E+02	  0.4367E-04	  0.3434E+00
  0.1919E+02	  0.3880E-04	  0.3471E+00
  0.1934E+02	  0.3444E-04	  0.3508E+00
  0.1949E+02	  0.3054E-04	  0.3545E+00
  0.1963E+02	  0.2705E-04	  0.3581E+00
  0.1978E+02	  0.2395E-04	  0.3617E+00
  0.1993E+02	  0.2118E-04	  0.3653E+00
  0.2008E+02	  0.1871E-04	  0.3688E+00
  0.2022E+02	  0.1652E-04	  0.3722E+00
  0.2037E+02	  0.1458E-04	  0.3756E+00
  0.2052E+02	  0.1286E-04	  0.3788E+00
  0.2066E+02	  0.1133E-04	  0.3820E+00
  0.2081E+02	  0.9980E-05	  0.3851E+00
  0.2096E+02	  0.8785E-05	  0.3881E+00
  0.2110E+02	  0.7728E-05	  0.3911E+00
  0.2125E+02	  0.6796E-05	  0.3941E+00
  0.2140E+02	  0.5972E-05	  0.3970E+00
  0.2155E+02	  0.5246E-05	  0.3999E+00
  0.2169E+02	  0.4605E-05	  0.4028E+00
  0.2184E+02	  0.4041E-05	  0.4055E+00
  0.2199E+02	  0.3545E-05	  0.4081E+00
  0.2213E+02	  0.3108E-05	  0.4106E+00
  0.2228E+02	  0.2724E-05	  0.4131E+00
  0.2243E+02	  0.2386E-05	  0.4156E+00
  0.2258E+02	  0.2090E-05	  0.4181E+00
  0.2272E+02	  0.1829E-05	  0.4205E+00
  0.2287E+02	  0.1600E-05	  0.4230E+00
  0.2302E+02	  0.1400E-05	  0.4253E+00
  0.2316E+02	  0.1224E-05	  0.4277E+00
  0.2331E+02	  0.1070E-05	  0.4300E+00
  0.2346E+02	  0.9344E-06	  0.4323E+00
  0.2361E+02	  0.8161E-06	  0.4346E+00
  0.2375E+02	  0.7124E-06	  0.4369E+00
  0.2390E+02	  0.6217E-06	  0.4392E+00
  0.2405E+02	  0.5423E-06	  0.4415E+00
  0.2419E+02	  0.4729E-06	  0.4438E+00
  0.2434E+02	  0.4123E-06	  0.4460E+00
  0.2449E+02	  0.3592E-06	  0.4483E+00
  0.2463E+02	  0.3129E-06	  0.4505E+00
  0.2478E+02	  0.2725E-06	  0.4527E+00
  0.2493E+02	  0.2372E-06	  0.4548E+00
  0.2508E+02	  0.2064E-06	  0.4570E+00
  0.2522E+02	  0.1795E-06	  0.4591E+00
  0.2537E+02	  0.1561E-06	  0.4613E+00
  0.2552E+02	  0.1358E-06	  0.4635E+00
  0.2566E+02	  0.1180E-06	  0.4657E+00
  0.2581E+02	  0.1026E-06	  0.4678E+00
  0.2596E+02	  0.8911E-07	  0.4698E+00
  0.2611E+02	  0.7741E-07	  0.4718E+00
  0.2625E+02	  0.6724E-07	  0.4737E+00
  0.2640E+02	  0.5839E-07	  0.4756E+00
  0.2655E+02	  0.5069E-07	  0.4775E+00
  0.2669E+02	  0.4401E-07	  0.4794E+00
  0.2684E+02	  0.3819E-07	  0.4813E+00
  0.2699E+02	  0.3314E-07	  0.4832E+00
  0.2713E+02	  0.2875E-07	  0.4851E+00
  0.2728E+02	  0.2494E-07	  0.4870E+00
  0.2743E+02	  0.2163E-07	  0.4889E+00
  0.2758E+02	  0.1875E-07	  0.4908E+00
  0.2772E+02	  0.1626E-07	  0.4927E+00
  0.2787E+02	  0.1409E-07	  0.4946E+00
  0.2802E+02	  0.1221E-07	  0.4965E+00
  0.2816E+02	  0.1058E-07	  0.4984E+00
  0.2831E+02	  0.9162E-08	  0.5003E+00
  0.2846E+02	  0.7934E-08	  0.5022E+00
  0.2861E+02	  0.6870E-08	  0.5040E+00
  0.2875E+02	  0.5947E-08	  0.5059E+00
  0.2890E+02	  0.5147E-08	  0.5078E+00
  0.2905E+02	  0.4453E-08	  0.5096E+00
  0.2919E+02	  0.3853E-08	  0.5115E+00
  0.2934E+02	  0.3332E-08	  0.5133E+00
  0.2949E+02	  0.2882E-08	  0.5152E+00
  0.2964E+02	  0.2492E-08	  0.5170E+00
  0.2978E+02	  0.2154E-08	  0.5188E+00
  0.2993E+02	  0.1862E-08	  0.5206E+00
  0.3008E+02	  0.1609E-08	  0.5224E+00
  0.3022E+02	  0.1390E-08	  0.5242E+00
  0.3037E+02	  0.1201E-08	  0.5260E+00
  0.3052E+02	  0.1037E-08	  0.5278E+00
  0.3066E+02	  0.8960E-09	  0.5295E+00
  0.3081E+02	  0.7739E-09	  0.5313E+00
  0.3096E+02	  0.6683E-09	  0.5331E+00
  0.3111E+02	  0.5772E-09	  0.5348E+00
  0.3125E+02	  0.4984E-09	  0.5366E+00
  0.3140E+02	  0.4303E-09	  0.5383E+00
  0.3155E+02	  0.3715E-09	  0.5400E+00
  0.3169E+02	  0.3207E-09	  0.5417E+00
  0.3184E+02	  0.2768E-09	  0.5434E+00
  0.3199E+02	  0.2390E-09	  0.5451E+00
  0.3214E+02	  0.2062E-09	  0.5468E+00
  0.3228E+02	  0.1780E-09	  0.5484E+00
  0.3243E+02	  0.1536E-09	  0.5500E+00
  0.3258E+02	  0.1325E-09	  0.5517E+00
  0.3272E+02	  0.1144E-09	  0.5533E+00
  0.3287E+02	  0.9867E-10	  0.5549E+00
  0.3302E+02	  0.8513E-10	  0.5565E+00
  0.3316E+02	  0.7344E-10	  0.5581E+00
  0.3331E+02	  0.6335E-10	  0.5597E+00
  0.3346E+02	  0.5464E-10	  0.5612E+00
  0.3361E+02	  0.4713E-10	  0.5628E+00
  0.3375E+02	  0.4065E-10	  0.5643E+00
  0.3390E+02	  0.3506E-10	  0.5658E+00
  0.3405E+02	  0.3023E-10	  0.5672E+00
  0.3419E+02	  0.2607E-10	  0.5687E+00
  0.3434E+02	  0.2248E-10	  0.5701E+00
  0.3449E+02	  0.1939E-10	  0.5715E+00
  0.3464E+02	  0.1672E-10	  0.5729E+00
  0.3478E+02	  0.1441E-10	  0.5744E+00
  0.3493E+02	  0.1243E-10	  0.5758E+00
  0.3508E+02	  0.1071E-10	  0.5772E+00
  0.3522E+02	  0.9236E-11	  0.5786E+00
  0.3537E+02	  0.7962E-11	  0.5799E+00
  0.3552E+02	  0.6863E-11	  0.5813E+00
  0.3567E+02	  0.5916E-11	  0.5826E+00
  0.3581E+02	  0.5100E-11	  0.5838E+00
  0.3596E+02	  0.4396E-11	  0.5850E+00
  0.3611E+02	  0.3790E-11	  0.5861E+00
  0.3625E+02	  0.3267E-11	  0.5872E+00
  0.3640E+02	  0.2816E-11	  0.5883E+00
  0.3655E+02	  0.2427E-11	  0.5894E+00
  0.3669E+02	  0.2093E-11	  0.5905E+00
  0.3684E+02	  0.1804E-11	  0.5915E+00
  0.3699E+02	  0.1555E-11	  0.5925E+00
  0.3714E+02	  0.1340E-11	  0.5936E+00
  0.3728E+02	  0.1156E-11	  0.5945E+00
  0.3743E+02	  0.9962E-12	  0.5955E+00
  0.3758E+02	  0.8588E-12	  0.5965E+00
  0.3772E+02	  0.7404E-12	  0.5974E+00
  0.3787E+02	  0.6383E-12	  0.5984E+00
  0.3802E+02	  0.5503E-12	  0.5993E+00
  0.3817E+02	  0.4744E-12	  0.6002E+00
  0.3831E+02	  0.4091E-12	  0.6010E+00
  0.3846E+02	  0.3527E-12	  0.6018E+00
  0.3861E+02	  0.3041E-12	  0.6026E+00
  0.3875E+02	  0.2622E-12	  0.6034E+00
  0.3890E+02	  0.2261E-12	  0.6042E+00
  0.3905E+02	  0.1950E-12	  0.6049E+00
  0.3919E+02	  0.1681E-12	  0.6057E+00
  0.3934E+02	  0.1450E-12	  0.6065E+00
  0.3949E+02	  0.1251E-12	  0.6073E+00
  0.3964E+02	  0.1078E-12	  0.6081E+00
  0.3978E+02	  0.9301E-13	  0.6089E+00
  0.3993E+02	  0.8021E-13	  0.6097E+00
  0.4008E+02	  0.6918E-13	  0.6105E+00
  0.4022E+02	  0.5967E-13	  0.6114E+00
  0.4037E+02	  0.5147E-13	  0.6122E+00
  0.4052E+02	  0.4440E-13	  0.6130E+00
  0.4067E+02	  0.3831E-13	  0.6138E+00
  0.4081E+02	  0.3305E-13	  0.6147E+00
  0.4096E+02	  0.2852E-13	  0.6155E+00
  0.4111E+02	  0.2461E-13	  0.6163E+00
  0.4125E+02	  0.2124E-13	  0.6171E+00
  0.4140E+02	  0.1834E-13	  0.6179E+00
  0.4155E+02	  0.1583E-13	  0.6187E+00
  0.4170E+02	  0.1366E-13	  0.6195E+00
  0.4184E+02	  0.1180E-13	  0.6203E+00
  0.4199E+02	  0.1019E-13	  0.6211E+00
  0.4214E+02	  0.8797E-14	  0.6219E+00
  0.4228E+02	  0.7597E-14	  0.6226E+00
  0.4243E+02	  0.6562E-14	  0.6234E+00
  0.4258E+02	  0.5668E-14	  0.6241E+00
  0.4272E+02	  0.4896E-14	  0.6249E+00
  0.4287E+02	  0.4230E-14	  0.6256E+00
  0.4302E+02	  0.3655E-14	  0.6263E+00
  0.4317E+02	  0.3158E-14	  0.6270E+00
  0.4331E+02	  0.2729E-14	  0.6277E+00
  0.4346E+02	  0.2359E-14	  0.6284E+00
  0.4361E+02	  0.2039E-14	  0.6291E+00
  0.4375E+02	  0.1762E-14	  0.6298E+00
  0.4390E+02	  0.1523E-14	  0.6305E+00
  0.4405E+02	  0.1317E-14	  0.6312E+00
  0.4420E+02	  0.1139E-14	  0.6318E+00
  0.4434E+02	  0.9848E-15	  0.6325E+00
  0.4449E+02	  0.8516E-15	  0.6332E+00
  0.4464E+02	  0.7366E-15	  0.6338E+00
  0.4478E+02	  0.6371E-15	  0.6345E+00
  0.4493E+02	  0.5511E-15	  0.6352E+00
  0.4508E+02	  0.4768E-15	  0.6358E+00
  0.4522E+02	  0.4125E-15	  0.6365E+00
  0.4537E+02	  0.3569E-15	  0.6371E+00
  0.4552E+02	  0.3088E-15	  0.6377E+00
  0.4567E+02	  0.2673E-15	  0.6383E+00
  0.4581E+02	  0.2313E-15	  0.6389E+00
  0.4596E+02	  0.2002E-15	  0.6395E+00
  0.4611E+02	  0.1733E-15	  0.6400E+00
  0.4625E+02	  0.1501E-15	  0.6405E+00
  0.4640E+02	  0.1299E-15	  0.6411E+00
  0.4655E+02	  0.1125E-15	  0.6416E+00
  0.4670E+02	  0.9744E-16	  0.6422E+00
  0.4684E+02	  0.8439E-16	  0.6427E+00
  0.4699E+02	  0.7309E-16	  0.6432E+00
  0.4714E+02	  0.6332E-16	  0.6438E+00
  0.4728E+02	  0.5485E-16	  0.6443E+00
  0.4743E+02	  0.4752E-16	  0.6448E+00
  0.4758E+02	  0.4118E-16	  0.6453E+00
  0.4773E+02	  0.3568E-16	  0.6458E+00
  0.4787E+02	  0.3092E-16	  0.6463E+00
  0.4802E+02	  0.2680E-16	  0.6469E+00
  0.4817E+02	  0.2323E-16	  0.6474E+00
  0.4831E+02	  0.2014E-16	  0.6479E+00
  0.4846E+02	  0.1746E-16	  0.6484E+00
  0.4861E+02	  0.1514E-16	  0.6489E+00
  0.4875E+02	  0.1312E-16	  0.6494E+00
  0.4890E+02	  0.1138E-16	  0.6499E+00
  0.4905E+02	  0.9869E-17	  0.6504E+00
  0.4920E+02	  0.8559E-17	  0.6509E+00
  0.4934E+02	  0.7424E-17	  0.6514E+00
  0.4949E+02	  0.6439E-17	  0.6519E+00
  0.4964E+02	  0.5586E-17	  0.6525E+00
  0.4978E+02	  0.4846E-17	  0.6530E+00
  0.4993E+02	  0.4205E-17	  0.6536E+00
  0.5008E+02	  0.3648E-17	  0.6541E+00
  0.5023E+02	  0.3166E-17	  0.6547E+00
  0.5037E+02	  0.2747E-17	  0.6552E+00
  0.5052E+02	  0.2384E-17	  0.6558E+00
  0.5067E+02	  0.2069E-17	  0.6564E+00
  0.5081E+02	  0.1796E-17	  0.6570E+00
  0.5096E+02	  0.1559E-17	  0.6576E+00
  0.5111E+02	  0.1354E-17	  0.6581E+00
  0.5125E+02	  0.1176E-17	  0.6587E+00
  0.5140E+02	  0.1021E-17	  0.6593E+00
  0.5155E+02	  0.8864E-18	  0.6599E+00
  0.5170E+02	  0.7698E-18	  0.6605E+00
  0.5184E+02	  0.6686E-18	  0.6611E+00
  0.5199E+02	  0.5808E-18	  0.6617E+00
  0.5214E+02	  0.5045E-18	  0.6623E+00
  0.5228E+02	  0.4383E-18	  0.6630E+00
  0.5243E+02	  0.3808E-18	  0.6636E+00
  0.5258E+02	  0.3308E-18	  0.6642E+00
  0.5273E+02	  0.2875E-18	  0.6648E+00
  0.5287E+02	  0.2498E-18	  0.6654E+00
  0.5302E+02	  0.2171E-18	  0.6660E+00
  0.5317E+02	  0.1887E-18	  0.6666E+00
  0.5331E+02	  0.1640E-18	  0.6672E+00
  0.5346E+02	  0.1426E-18	  0.6677E+00
  0.5361E+02	  0.1239E-18	  0.6683E+00
  0.5376E+02	  0.1077E-18	  0.6689E+00
  0.5390E+02	  0.9368E-19	  0.6695E+00
  0.5405E+02	  0.8145E-19	  0.6701E+00
  0.5420E+02	  0.7083E-19	  0.6706E+00
  0.5434E+02	  0.6160E-19	  0.6712E+00
  0.5449E+02	  0.5357E-19	  0.6718E+00
  0.5464E+02	  0.4659E-19	  0.6724E+00
  0.5478E+02	  0.4053E-19	  0.6729E+00
  0.5493E+02	  0.3525E-19	  0.6735E+00
  0.5508E+02	  0.3067E-19	  0.6741E+00
  0.5523E+02	  0.2668E-19	  0.6746E+00
  0.5537E+02	  0.2322E-19	  0.6752E+00
  0.5552E+02	  0.2020E-19	  0.6757E+00
  0.5567E+02	  0.1758E-19	  0.6763E+00
  0.5581E+02	  0.1530E-19	  0.6768E+00
  0.5596E+02	  0.1331E-19	  0.6773E+00
  0.5611E+02	  0.1159E-19	  0.6779E+00
  0.5626E+02	  0.1009E-19	  0.6784E+00
  0.5640E+02	  0.8780E-20	  0.6789E+00
  0.5655E+02	  0.7643E-20	  0.6794E+00
  0.5670E+02	  0.6654E-20	  0.6800E+00
  0.5684E+02	  0.5794E-20	  0.6805E+00
  0.5699E+02	  0.5045E-20	  0.6810E+00
  0.5714E+02	  0.4393E-20	  0.6815E+00
  0.5728E+02	  0.3825E-20	  0.6820E+00
  0.5743E+02	  0.3332E-20	  0.6825E+00
  0.5758E+02	  0.2902E-20	  0.6830E+00
  0.5773E+02	  0.2527E-20	  0.6835E+00
  0.5787E+02	  0.2202E-20	  0.6840E+00
  0.5802E+02	  0.1918E-20	  0.6845E+00
  0.5817E+02	  0.1671E-20	  0.6850E+00
  0.5831E+02	  0.1456E-20	  0.6855E+00
  0.5846E+02	  0.1268E-20	  0.6860E+00
  0.5861E+02	  0.1105E-20	  0.6865E+00
  0.5876E+02	  0.9630E-21	  0.6870E+00
  0.5890E+02	  0.8392E-21	  0.6875E+00
  0.5905E+02	  0.7314E-21	  0.6880E+00
  0.5920E+02	  0.6375E-21	  0.6885E+00
  0.5934E+02	  0.5556E-21	  0.6891E+00
  0.5949E+02	  0.4843E-21	  0.6896E+00
  0.5964E+02	  0.4222E-21	  0.6901E+00
  0.5979E+02	  0.3680E-21	  0.6906E+00
  0.5993E+02	  0.3208E-21	  0.6912E+00
  0.6008E+02	  0.2797E-21	  0.6918E+00
  0.6023E+02	  0.2439E-21	  0.6923E+00
  0.6037E+02	  0.2127E-21	  0.6929E+00
  0.6052E+02	  0.1854E-21	  0.6935E+00
  0.6067E+02	  0.1617E-21	  0.6941E+00
  0.6081E+02	  0.1410E-21	  0.6947E+00
  0.6096E+02	  0.1230E-21	  0.6952E+00
  0.6111E+02	  0.1073E-21	  0.6958E+00
  0.6126E+02	  0.9357E-22	  0.6964E+00
  0.6140E+02	  0.8163E-22	  0.6970E+00
  0.6155E+02	  0.7121E-22	  0.6976E+00
  0.6170E+02	  0.6212E-22	  0.6981E+00
  0.6184E+02	  0.5420E-22	  0.6987E+00
  0.6199E+02	  0.4729E-22	  0.6993E+00
  0.6214E+02	  0.4126E-22	  0.6999E+00
  0.6229E+02	  0.3601E-22	  0.7004E+00
  0.6243E+02	  0.3142E-22	  0.7010E+00
  0.6258E+02	  0.2742E-22	  0.7016E+00
  0.6273E+02	  0.2393E-22	  0.7021E+00
  0.6287E+02	  0.2089E-22	  0.7027E+00
  0.6302E+02	  0.1824E-22	  0.7032E+00
  0.6317E+02	  0.1592E-22	  0.7038E+00
  0.6331E+02	  0.1390E-22	  0.7043E+00
  0.6346E+02	  0.1213E-22	  0.7049E+00
  0.6361E+02	  0.1059E-22	  0.7054E+00
  0.6376E+02	  0.9248E-23	  0.7059E+00
  0.6390E+02	  0.8075E-23	  0.7065E+00
  0.6405E+02	  0.7052E-23	  0.7070E+00
  0.6420E+02	  0.6158E-23	  0.7075E+00
  0.6434E+02	  0.5378E-23	  0.7079E+00
  0.6449E+02	  0.4697E-23	  0.7084E+00
  0.6464E+02	  0.4103E-23	  0.7089E+00
  0.6479E+02	  0.3584E-23	  0.7093E+00
  0.6493E+02	  0.3131E-23	  0.7098E+00
  0.6508E+02	  0.2735E-23	  0.7102E+00
  0.6523E+02	  0.2390E-23	  0.7107E+00
  0.6537E+02	  0.2088E-23	  0.7111E+00
  0.6552E+02	  0.1825E-23	  0.7116E+00
  0.6567E+02	  0.1594E-23	  0.7120E+00
  0.6582E+02	  0.1393E-23	  0.7125E+00
  0.6596E+02	  0.1218E-23	  0.7129E+00
  0.6611E+02	  0.1064E-23	  0.7134E+00
  0.6626E+02	  0.9303E-24	  0.7138E+00
  0.6640E+02	  0.8132E-24	  0.7143E+00
  0.6655E+02	  0.7108E-24	  0.7147E+00
  0.6670E+02	  0.6214E-24	  0.7152E+00
 
 
R13 
------------------------------------------------------------
Electric field / N (Td)                    250.0    
Angular frequency / N (m3/s)              0.4724E-12
Cosine of E-B field angle                  0.000    
Gas temperature (K)                        300.0    
Excitation temperature (K)                 300.0    
Transition energy (eV)                     0.000    
Ionization degree                          0.000    
Plasma density (1/m3)                     0.1000E+19
Ion charge parameter                       1.000    
Ion/neutral mass ratio                     1.000    
Coulomb collision model                    1.000    
Energy sharing                             0.000    
Growth model                               1.000    
Maxwellian mean energy (eV)                0.000    
# of grid points                           500.0    
Grid type                                  1.000    
Maximum energy                             30.00    
Precision                                 0.1000E-24
Convergence                               0.1000E-03
Maximum # of iterations                   0.2000E+05
Mole fraction Ar                           1.000    
------------------------------------------------------------
Mean energy (eV)                           2.374    
Mobility *N (1/m/V/s)                     0.2265E+27
Re/perp mobility *N (1/m/V/s)             0.5249E+23
Im/Hall mobility *N (1/m/V/s)            -0.3826E+24
Diffusion coefficient *N (1/m/s)          0.3594E+26
Energy mobility *N (1/m/V/s)              0.2398E+26
Energy diffusion coef. *N (1/m/s)         0.7979E+25
Total collision freq. /N (m3/s)           0.5115E-13
Momentum frequency /N (m3/s)              0.6797E-13
Total ionization freq. /N (m3/s)          0.4447E-16
Power /N (eV m3/s)                        0.3280E-14
Elastic power loss /N (eV m3/s)           0.1163E-16
Inelastic power loss /N (eV m3/s)         0.3167E-14
Growth power /N (eV m3/s)                 0.1060E-15
Maximum energy                             105.3    
# of iterations                            132.0    
# of grid trials                           8.000    
------------------------------------------------------------
Rate coefficients (m3/s)
C1    Ar    Elastic                       0.5091E-13
C2    Ar    Excitation    11.55 eV        0.2714E-16
C3    Ar    Excitation    11.62 eV        0.2654E-16
C4    Ar    Excitation    11.72 eV        0.4968E-17
C5    Ar    Excitation    11.83 eV        0.4180E-16
C6    Ar    Excitation    12.91 eV        0.4517E-17
C7    Ar    Excitation    13.08 eV        0.6151E-17
C8    Ar    Excitation    13.10 eV        0.4196E-17
C9    Ar    Excitation    13.15 eV        0.3107E-17
C10   Ar    Excitation    13.17 eV        0.4096E-17
C11   Ar    Excitation    13.27 eV        0.1647E-17
C12   Ar    Excitation    13.28 eV        0.3009E-17
C13   Ar    Excitation    13.30 eV        0.2270E-17
C14   Ar    Excitation    13.33 eV        0.1879E-17
C15   Ar    Excitation    13.48 eV        0.5441E-17
C16   Ar    Excitation    13.85 eV        0.2514E-17
C17   Ar    Excitation    13.86 eV        0.1221E-16
C18   Ar    Excitation    13.90 eV        0.8295E-17
C19   Ar    Excitation    13.98 eV        0.8828E-17
C20   Ar    Excitation    14.01 eV        0.2960E-17
C21   Ar    Excitation    14.06 eV        0.3186E-17
C22   Ar    Excitation    14.07 eV        0.3184E-17
C23   Ar    Excitation    14.09 eV        0.5603E-18
C24   Ar    Excitation    14.10 eV        0.5829E-18
C25   Ar    Excitation    14.15 eV        0.1541E-17
C26   Ar    Excitation    14.21 eV        0.4291E-17
C27   Ar    Excitation    14.23 eV        0.2719E-17
C28   Ar    Excitation    14.24 eV        0.8681E-18
C29   Ar    Excitation    14.24 eV        0.6251E-18
C30   Ar    Excitation    14.26 eV        0.2127E-18
C31   Ar    Excitation    14.30 eV        0.1717E-17
C32   Ar    Excitation    14.71 eV        0.2633E-19
C33   Ar    Excitation    14.85 eV        0.1804E-18
C34   Ar    Excitation    14.86 eV        0.6015E-18
C35   Ar    Excitation    15.00 eV        0.2334E-18
C36   Ar    Excitation    15.02 eV        0.2424E-18
C37   Ar    Excitation    15.12 eV        0.4208E-19
C38   Ar    Excitation    15.19 eV        0.4157E-18
C39   Ar    Excitation    15.19 eV        0.4145E-18
C40   Ar    Excitation    15.31 eV        0.6685E-20
C41   Ar    Excitation    15.35 eV        0.4402E-20
C42   Ar    Excitation    15.36 eV        0.6345E-20
C43   Ar    Excitation    15.37 eV        0.1110E-18
C44   Ar    Excitation    15.37 eV        0.2461E-18
C45   Ar    Excitation    15.66 eV        0.9317E-18
C46   Ar    Ionization    15.76 eV        0.4447E-16
------------------------------------------------------------
Energy (eV) EEDF (eV-3/2) Anisotropy
  0.1053E+00	  0.7019E+01	  0.1920E-02
  0.3158E+00	  0.8522E+00	  0.2607E-02
  0.5263E+00	  0.3138E+00	  0.3981E-02
  0.7368E+00	  0.1926E+00	  0.5028E-02
  0.9473E+00	  0.1415E+00	  0.6093E-02
  0.1158E+01	  0.1127E+00	  0.7276E-02
  0.1368E+01	  0.9315E-01	  0.8612E-02
  0.1579E+01	  0.7887E-01	  0.1003E-01
  0.1789E+01	  0.6807E-01	  0.1151E-01
  0.2000E+01	  0.5952E-01	  0.1309E-01
  0.2210E+01	  0.5259E-01	  0.1484E-01
  0.2421E+01	  0.4687E-01	  0.1671E-01
  0.2631E+01	  0.4207E-01	  0.1872E-01
  0.2842E+01	  0.3799E-01	  0.2083E-01
  0.3052E+01	  0.3447E-01	  0.2304E-01
  0.3263E+01	  0.3141E-01	  0.2533E-01
  0.3474E+01	  0.2873E-01	  0.2770E-01
  0.3684E+01	  0.2635E-01	  0.3013E-01
  0.3895E+01	  0.2424E-01	  0.3262E-01
  0.4105E+01	  0.2236E-01	  0.3517E-01
  0.4316E+01	  0.2069E-01	  0.3772E-01
  0.4526E+01	  0.1920E-01	  0.4027E-01
  0.4737E+01	  0.1787E-01	  0.4281E-01
  0.4947E+01	  0.1668E-01	  0.4534E-01
  0.5158E+01	  0.1560E-01	  0.4784E-01
  0.5368E+01	  0.1462E-01	  0.5032E-01
  0.5579E+01	  0.1373E-01	  0.5275E-01
  0.5789E+01	  0.1293E-01	  0.5515E-01
  0.6000E+01	  0.1219E-01	  0.5752E-01
  0.6210E+01	  0.1151E-01	  0.5984E-01
  0.6421E+01	  0.1089E-01	  0.6214E-01
  0.6631E+01	  0.1031E-01	  0.6441E-01
  0.6842E+01	  0.9774E-02	  0.6666E-01
  0.7052E+01	  0.9277E-02	  0.6888E-01
  0.7263E+01	  0.8813E-02	  0.7110E-01
  0.7473E+01	  0.8378E-02	  0.7331E-01
  0.7684E+01	  0.7969E-02	  0.7554E-01
  0.7894E+01	  0.7585E-02	  0.7778E-01
  0.8105E+01	  0.7223E-02	  0.8003E-01
  0.8315E+01	  0.6881E-02	  0.8232E-01
  0.8526E+01	  0.6558E-02	  0.8464E-01
  0.8736E+01	  0.6252E-02	  0.8700E-01
  0.8947E+01	  0.5961E-02	  0.8942E-01
  0.9157E+01	  0.5685E-02	  0.9190E-01
  0.9368E+01	  0.5421E-02	  0.9446E-01
  0.9579E+01	  0.5170E-02	  0.9710E-01
  0.9789E+01	  0.4930E-02	  0.9985E-01
  0.1000E+02	  0.4700E-02	  0.1027E+00
  0.1021E+02	  0.4479E-02	  0.1057E+00
  0.1042E+02	  0.4266E-02	  0.1089E+00
  0.1063E+02	  0.4061E-02	  0.1122E+00
  0.1084E+02	  0.3862E-02	  0.1158E+00
  0.1105E+02	  0.3670E-02	  0.1196E+00
  0.1126E+02	  0.3483E-02	  0.1238E+00
  0.1147E+02	  0.3302E-02	  0.1282E+00
  0.1168E+02	  0.3126E-02	  0.1328E+00
  0.1189E+02	  0.2955E-02	  0.1373E+00
  0.1210E+02	  0.2791E-02	  0.1420E+00
  0.1232E+02	  0.2632E-02	  0.1468E+00
  0.1253E+02	  0.2479E-02	  0.1516E+00
  0.1274E+02	  0.2332E-02	  0.1564E+00
  0.1295E+02	  0.2191E-02	  0.1615E+00
  0.1316E+02	  0.2055E-02	  0.1669E+00
  0.1337E+02	  0.1924E-02	  0.1732E+00
  0.1358E+02	  0.1797E-02	  0.1802E+00
  0.1379E+02	  0.1675E-02	  0.1874E+00
  0.1400E+02	  0.1558E-02	  0.1948E+00
  0.1421E+02	  0.1445E-02	  0.2022E+00
  0.1442E+02	  0.1338E-02	  0.2096E+00
  0.1463E+02	  0.1236E-02	  0.2168E+00
  0.1484E+02	  0.1139E-02	  0.2239E+00
  0.1505E+02	  0.1047E-02	  0.2309E+00
  0.1526E+02	  0.9615E-03	  0.2379E+00
  0.1547E+02	  0.8807E-03	  0.2452E+00
  0.1568E+02	  0.8049E-03	  0.2527E+00
  0.1589E+02	  0.7340E-03	  0.2603E+00
  0.1610E+02	  0.6678E-03	  0.2678E+00
  0.1632E+02	  0.6064E-03	  0.2750E+00
  0.1653E+02	  0.5495E-03	  0.2822E+00
  0.1674E+02	  0.4969E-03	  0.2892E+00
  0.1695E+02	  0.4485E-03	  0.2961E+00
  0.1716E+02	  0.4041E-03	  0.3027E+00
  0.1737E+02	  0.3634E-03	  0.3092E+00
  0.1758E+02	  0.3262E-03	  0.3156E+00
  0.1779E+02	  0.2924E-03	  0.3218E+00
  0.1800E+02	  0.2616E-03	  0.3278E+00
  0.1821E+02	  0.2337E-03	  0.3336E+00
  0.1842E+02	  0.2085E-03	  0.3393E+00
  0.1863E+02	  0.1858E-03	  0.3449E+00
  0.1884E+02	  0.1653E-03	  0.3503E+00
  0.1905E+02	  0.1469E-03	  0.3555E+00
  0.1926E+02	  0.1304E-03	  0.3606E+00
  0.1947E+02	  0.1156E-03	  0.3657E+00
  0.1968E+02	  0.1023E-03	  0.3706E+00
  0.1989E+02	  0.9047E-04	  0.3755E+00
  0.2010E+02	  0.7992E-04	  0.3803E+00
  0.2031E+02	  0.7054E-04	  0.3849E+00
  0.2053E+02	  0.6221E-04	  0.3894E+00
  0.2074E+02	  0.5481E-04	  0.3937E+00
  0.2095E+02	  0.4826E-04	  0.3979E+00
  0.2116E+02	  0.4247E-04	  0.4020E+00
  0.2137E+02	  0.3734E-04	  0.4060E+00
  0.2158E+02	  0.3282E-04	  0.4100E+00
  0.2179E+02	  0.2882E-04	  0.4138E+00
  0.2200E+02	  0.2529E-04	  0.4174E+00
  0.2221E+02	  0.2219E-04	  0.4209E+00
  0.2242E+02	  0.1945E-04	  0.4244E+00
  0.2263E+02	  0.1705E-04	  0.4278E+00
  0.2284E+02	  0.1493E-04	  0.4312E+00
  0.2305E+02	  0.1307E-04	  0.4345E+00
  0.2326E+02	  0.1144E-04	  0.4378E+00
  0.2347E+02	  0.1000E-04	  0.4411E+00
  0.2368E+02	  0.8744E-05	  0.4443E+00
  0.2389E+02	  0.7639E-05	  0.4475E+00
  0.2410E+02	  0.6671E-05	  0.4507E+00
  0.2431E+02	  0.5823E-05	  0.4538E+00
  0.2453E+02	  0.5080E-05	  0.4569E+00
  0.2474E+02	  0.4430E-05	  0.4600E+00
  0.2495E+02	  0.3861E-05	  0.4631E+00
  0.2516E+02	  0.3364E-05	  0.4661E+00
  0.2537E+02	  0.2930E-05	  0.4691E+00
  0.2558E+02	  0.2551E-05	  0.4721E+00
  0.2579E+02	  0.2220E-05	  0.4751E+00
  0.2600E+02	  0.1932E-05	  0.4779E+00
  0.2621E+02	  0.1681E-05	  0.4806E+00
  0.2642E+02	  0.1462E-05	  0.4833E+00
  0.2663E+02	  0.1271E-05	  0.4860E+00
  0.2684E+02	  0.1105E-05	  0.4887E+00
  0.2705E+02	  0.9606E-06	  0.4914E+00
  0.2726E+02	  0.8347E-06	  0.4941E+00
  0.2747E+02	  0.7251E-06	  0.4967E+00
  0.2768E+02	  0.6297E-06	  0.4994E+00
  0.2789E+02	  0.5468E-06	  0.5021E+00
  0.2810E+02	  0.4746E-06	  0.5048E+00
  0.2831E+02	  0.4118E-06	  0.5074E+00
  0.2852E+02	  0.3573E-06	  0.5101E+00
  0.2874E+02	  0.3099E-06	  0.5127E+00
  0.2895E+02	  0.2687E-06	  0.5154E+00
  0.2916E+02	  0.2329E-06	  0.5180E+00
  0.2937E+02	  0.2019E-06	  0.5206E+00
  0.2958E+02	  0.1749E-06	  0.5232E+00
  0.2979E+02	  0.1515E-06	  0.5257E+00
  0.3000E+02	  0.1312E-06	  0.5283E+00
  0.3021E+02	  0.1136E-06	  0.5308E+00
  0.3042E+02	  0.9833E-07	  0.5333E+00
  0.3063E+02	  0.8511E-07	  0.5358E+00
  0.3084E+02	  0.7367E-07	  0.5383E+00
  0.3105E+02	  0.6375E-07	  0.5408E+00
  0.3126E+02	  0.5517E-07	  0.5433E+00
  0.3147E+02	  0.4774E-07	  0.5457E+00
  0.3168E+02	  0.4130E-07	  0.5481E+00
  0.3189E+02	  0.3573E-07	  0.5505E+00
  0.3210E+02	  0.3091E-07	  0.5528E+00
  0.3231E+02	  0.2673E-07	  0.5551E+00
  0.3252E+02	  0.2312E-07	  0.5574E+00
  0.3274E+02	  0.2000E-07	  0.5597E+00
  0.3295E+02	  0.1729E-07	  0.5619E+00
  0.3316E+02	  0.1495E-07	  0.5642E+00
  0.3337E+02	  0.1293E-07	  0.5664E+00
  0.3358E+02	  0.1118E-07	  0.5685E+00
  0.3379E+02	  0.9664E-08	  0.5706E+00
  0.3400E+02	  0.8355E-08	  0.5727E+00
  0.3421E+02	  0.7222E-08	  0.5747E+00
  0.3442E+02	  0.6243E-08	  0.5767E+00
  0.3463E+02	  0.5397E-08	  0.5787E+00
  0.3484E+02	  0.4665E-08	  0.5806E+00
  0.3505E+02	  0.4032E-08	  0.5826E+00
  0.3526E+02	  0.3485E-08	  0.5845E+00
  0.3547E+02	  0.3012E-08	  0.5863E+00
  0.3568E+02	  0.2603E-08	  0.5881E+00
  0.3589E+02	  0.2250E-08	  0.5898E+00
  0.3610E+02	  0.1944E-08	  0.5913E+00
  0.3631E+02	  0.1681E-08	  0.5929E+00
  0.3652E+02	  0.1453E-08	  0.5944E+00
  0.3674E+02	  0.1255E-08	  0.5958E+00
  0.3695E+02	  0.1085E-08	  0.5973E+00
  0.3716E+02	  0.9381E-09	  0.5987E+00
  0.3737E+02	  0.8109E-09	  0.6000E+00
  0.3758E+02	  0.7010E-09	  0.6014E+00
  0.3779E+02	  0.6060E-09	  0.6027E+00
  0.3800E+02	  0.5239E-09	  0.6039E+00
  0.3821E+02	  0.4530E-09	  0.6051E+00
  0.3842E+02	  0.3916E-09	  0.6063E+00
  0.3863E+02	  0.3386E-09	  0.6074E+00
  0.3884E+02	  0.2928E-09	  0.6085E+00
  0.3905E+02	  0.2532E-09	  0.6096E+00
  0.3926E+02	  0.2190E-09	  0.6107E+00
  0.3947E+02	  0.1894E-09	  0.6119E+00
  0.3968E+02	  0.1638E-09	  0.6130E+00
  0.3989E+02	  0.1417E-09	  0.6142E+00
  0.4010E+02	  0.1225E-09	  0.6153E+00
  0.4031E+02	  0.1060E-09	  0.6165E+00
  0.4052E+02	  0.9168E-10	  0.6177E+00
  0.4073E+02	  0.7933E-10	  0.6188E+00
  0.4095E+02	  0.6865E-10	  0.6200E+00
  0.4116E+02	  0.5941E-10	  0.6211E+00
  0.4137E+02	  0.5142E-10	  0.6222E+00
  0.4158E+02	  0.4452E-10	  0.6234E+00
  0.4179E+02	  0.3854E-10	  0.6245E+00
  0.4200E+02	  0.3338E-10	  0.6256E+00
  0.4221E+02	  0.2891E-10	  0.6267E+00
  0.4242E+02	  0.2504E-10	  0.6277E+00
  0.4263E+02	  0.2169E-10	  0.6288E+00
  0.4284E+02	  0.1879E-10	  0.6298E+00
  0.4305E+02	  0.1628E-10	  0.6308E+00
  0.4326E+02	  0.1411E-10	  0.6318E+00
  0.4347E+02	  0.1223E-10	  0.6328E+00
  0.4368E+02	  0.1060E-10	  0.6337E+00
  0.4389E+02	  0.9193E-11	  0.6347E+00
  0.4410E+02	  0.7972E-11	  0.6356E+00
  0.4431E+02	  0.6913E-11	  0.6366E+00
  0.4452E+02	  0.5996E-11	  0.6375E+00
  0.4473E+02	  0.5201E-11	  0.6384E+00
  0.4495E+02	  0.4512E-11	  0.6393E+00
  0.4516E+02	  0.3915E-11	  0.6402E+00
  0.4537E+02	  0.3398E-11	  0.6411E+00
  0.4558E+02	  0.2949E-11	  0.6420E+00
  0.4579E+02	  0.2560E-11	  0.6428E+00
  0.4600E+02	  0.2222E-11	  0.6436E+00
  0.4621E+02	  0.1930E-11	  0.6443E+00
  0.4642E+02	  0.1676E-11	  0.6451E+00
  0.4663E+02	  0.1455E-11	  0.6458E+00
  0.4684E+02	  0.1264E-11	  0.6466E+00
  0.4705E+02	  0.1098E-11	  0.6473E+00
  0.4726E+02	  0.9542E-12	  0.6481E+00
  0.4747E+02	  0.8292E-12	  0.6488E+00
  0.4768E+02	  0.7206E-12	  0.6495E+00
  0.4789E+02	  0.6264E-12	  0.6503E+00
  0.4810E+02	  0.5445E-12	  0.6510E+00
  0.4831E+02	  0.4734E-12	  0.6517E+00
  0.4852E+02	  0.4116E-12	  0.6524E+00
  0.4873E+02	  0.3580E-12	  0.6532E+00
  0.4895E+02	  0.3113E-12	  0.6539E+00
  0.4916E+02	  0.2708E-12	  0.6546E+00
  0.4937E+02	  0.2356E-12	  0.6554E+00
  0.4958E+02	  0.2049E-12	  0.6561E+00
  0.4979E+02	  0.1783E-12	  0.6569E+00
  0.5000E+02	  0.1552E-12	  0.6577E+00
  0.5021E+02	  0.1351E-12	  0.6585E+00
  0.5042E+02	  0.1175E-12	  0.6593E+00
  0.5063E+02	  0.1023E-12	  0.6601E+00
  0.5084E+02	  0.8908E-13	  0.6610E+00
  0.5105E+02	  0.7756E-13	  0.6618E+00
  0.5126E+02	  0.6754E-13	  0.6626E+00
  0.5147E+02	  0.5882E-13	  0.6635E+00
  0.5168E+02	  0.5123E-13	  0.6643E+00
  0.5189E+02	  0.4463E-13	  0.6652E+00
  0.5210E+02	  0.3888E-13	  0.6661E+00
  0.5231E+02	  0.3388E-13	  0.6669E+00
  0.5252E+02	  0.2952E-13	  0.6678E+00
  0.5273E+02	  0.2573E-13	  0.6686E+00
  0.5294E+02	  0.2242E-13	  0.6695E+00
  0.5316E+02	  0.1955E-13	  0.6703E+00
  0.5337E+02	  0.1704E-13	  0.6711E+00
  0.5358E+02	  0.1486E-13	  0.6720E+00
  0.5379E+02	  0.1295E-13	  0.6728E+00
  0.5400E+02	  0.1130E-13	  0.6736E+00
  0.5421E+02	  0.9852E-14	  0.6744E+00
  0.5442E+02	  0.8593E-14	  0.6752E+00
  0.5463E+02	  0.7496E-14	  0.6760E+00
  0.5484E+02	  0.6539E-14	  0.6768E+00
  0.5505E+02	  0.5706E-14	  0.6776E+00
  0.5526E+02	  0.4979E-14	  0.6784E+00
  0.5547E+02	  0.4345E-14	  0.6792E+00
  0.5568E+02	  0.3792E-14	  0.6799E+00
  0.5589E+02	  0.3310E-14	  0.6807E+00
  0.5610E+02	  0.2889E-14	  0.6814E+00
  0.5631E+02	  0.2522E-14	  0.6822E+00
  0.5652E+02	  0.2202E-14	  0.6829E+00
  0.5673E+02	  0.1923E-14	  0.6837E+00
  0.5694E+02	  0.1679E-14	  0.6844E+00
  0.5716E+02	  0.1467E-14	  0.6851E+00
  0.5737E+02	  0.1281E-14	  0.6858E+00
  0.5758E+02	  0.1119E-14	  0.6866E+00
  0.5779E+02	  0.9777E-15	  0.6873E+00
  0.5800E+02	  0.8543E-15	  0.6880E+00
  0.5821E+02	  0.7464E-15	  0.6887E+00
  0.5842E+02	  0.6523E-15	  0.6894E+00
  0.5863E+02	  0.5701E-15	  0.6901E+00
  0.5884E+02	  0.4982E-15	  0.6909E+00
  0.5905E+02	  0.4355E-15	  0.6916E+00
  0.5926E+02	  0.3807E-15	  0.6923E+00
  0.5947E+02	  0.3328E-15	  0.6931E+00
  0.5968E+02	  0.2910E-15	  0.6938E+00
  0.5989E+02	  0.2544E-15	  0.6946E+00
  0.6010E+02	  0.2225E-15	  0.6954E+00
  0.6031E+02	  0.1945E-15	  0.6963E+00
  0.6052E+02	  0.1701E-15	  0.6971E+00
  0.6073E+02	  0.1488E-15	  0.6979E+00
  0.6094E+02	  0.1302E-15	  0.6987E+00
  0.6116E+02	  0.1139E-15	  0.6996E+00
  0.6137E+02	  0.9962E-16	  0.7004E+00
  0.6158E+02	  0.8716E-16	  0.7012E+00
  0.6179E+02	  0.7627E-16	  0.7020E+00
  0.6200E+02	  0.6674E-16	  0.7028E+00
  0.6221E+02	  0.5841E-16	  0.7036E+00
  0.6242E+02	  0.5112E-16	  0.7044E+00
  0.6263E+02	  0.4475E-16	  0.7052E+00
  0.6284E+02	  0.3917E-16	  0.7060E+00
  0.6305E+02	  0.3430E-16	  0.7068E+00
  0.6326E+02	  0.3003E-16	  0.7075E+00
  0.6347E+02	  0.2629E-16	  0.7083E+00
  0.6368E+02	  0.2302E-16	  0.7090E+00
  0.6389E+02	  0.2016E-16	  0.7097E+00
  0.6410E+02	  0.1766E-16	  0.7104E+00
  0.6431E+02	  0.1547E-16	  0.7111E+00
  0.6452E+02	  0.1355E-16	  0.7118E+00
  0.6473E+02	  0.1187E-16	  0.7124E+00
  0.6494E+02	  0.1040E-16	  0.7131E+00
  0.6515E+02	  0.9116E-17	  0.7137E+00
  0.6537E+02	  0.7989E-17	  0.7143E+00
  0.6558E+02	  0.7001E-17	  0.7150E+00
  0.6579E+02	  0.6137E-17	  0.7156E+00
  0.6600E+02	  0.5379E-17	  0.7163E+00
  0.6621E+02	  0.4716E-17	  0.7169E+00
  0.6642E+02	  0.4134E-17	  0.7175E+00
  0.6663E+02	  0.3625E-17	  0.7182E+00
  0.6684E+02	  0.3179E-17	  0.7188E+00
  0.6705E+02	  0.2788E-17	  0.7194E+00
  0.6726E+02	  0.2445E-17	  0.7200E+00
  0.6747E+02	  0.2144E-17	  0.7207E+00
  0.6768E+02	  0.1881E-17	  0.7213E+00
  0.6789E+02	  0.1650E-17	  0.7219E+00
  0.6810E+02	  0.1447E-17	  0.7225E+00
  0.6831E+02	  0.1270E-17	  0.7232E+00
  0.6852E+02	  0.1114E-17	  0.7238E+00
  0.6873E+02	  0.9778E-18	  0.7245E+00
  0.6894E+02	  0.8580E-18	  0.7251E+00
  0.6915E+02	  0.7530E-18	  0.7258E+00
  0.6937E+02	  0.6609E-18	  0.7264E+00
  0.6958E+02	  0.5801E-18	  0.7271E+00
  0.6979E+02	  0.5092E-18	  0.7278E+00
  0.7000E+02	  0.4470E-18	  0.7285E+00
  0.7021E+02	  0.3924E-18	  0.7293E+00
  0.7042E+02	  0.3446E-18	  0.7300E+00
  0.7063E+02	  0.3026E-18	  0.7307E+00
  0.7084E+02	  0.2657E-18	  0.7315E+00
  0.7105E+02	  0.2334E-18	  0.7322E+00
  0.7126E+02	  0.2050E-18	  0.7329E+00
  0.7147E+02	  0.1801E-18	  0.7336E+00
  0.7168E+02	  0.1582E-18	  0.7344E+00
  0.7189E+02	  0.1390E-18	  0.7351E+00
  0.7210E+02	  0.1221E-18	  0.7358E+00
  0.7231E+02	  0.1073E-18	  0.7365E+00
  0.7252E+02	  0.9434E-19	  0.7372E+00
  0.7273E+02	  0.8293E-19	  0.7379E+00
  0.7294E+02	  0.7290E-19	  0.7386E+00
  0.7315E+02	  0.6409E-19	  0.7393E+00
  0.7337E+02	  0.5636E-19	  0.7400E+00
  0.7358E+02	  0.4956E-19	  0.7407E+00
  0.7379E+02	  0.4358E-19	  0.7414E+00
  0.7400E+02	  0.3833E-19	  0.7420E+00
  0.7421E+02	  0.3372E-19	  0.7427E+00
  0.7442E+02	  0.2966E-19	  0.7434E+00
  0.7463E+02	  0.2610E-19	  0.7441E+00
  0.7484E+02	  0.2296E-19	  0.7448E+00
  0.7505E+02	  0.2021E-19	  0.7455E+00
  0.7526E+02	  0.1778E-19	  0.7461E+00
  0.7547E+02	  0.1565E-19	  0.7468E+00
  0.7568E+02	  0.1378E-19	  0.7475E+00
  0.7589E+02	  0.1213E-19	  0.7481E+00
  0.7610E+02	  0.1068E-19	  0.7488E+00
  0.7631E+02	  0.9402E-20	  0.7495E+00
  0.7652E+02	  0.8279E-20	  0.7501E+00
  0.7673E+02	  0.7291E-20	  0.7508E+00
  0.7694E+02	  0.6422E-20	  0.7514E+00
  0.7715E+02	  0.5657E-20	  0.7521E+00
  0.7736E+02	  0.4983E-20	  0.7527E+00
  0.7758E+02	  0.4390E-20	  0.7533E+00
  0.7779E+02	  0.3868E-20	  0.7539E+00
  0.7800E+02	  0.3408E-20	  0.7545E+00
  0.7821E+02	  0.3004E-20	  0.7550E+00
  0.7842E+02	  0.2647E-20	  0.7556E+00
  0.7863E+02	  0.2334E-20	  0.7561E+00
  0.7884E+02	  0.2057E-20	  0.7566E+00
  0.7905E+02	  0.1814E-20	  0.7570E+00
  0.7926E+02	  0.1599E-20	  0.7574E+00
  0.7947E+02	  0.1410E-20	  0.7578E+00
  0.7968E+02	  0.1244E-20	  0.7582E+00
  0.7989E+02	  0.1097E-20	  0.7586E+00
  0.8010E+02	  0.9679E-21	  0.7590E+00
  0.8031E+02	  0.8539E-21	  0.7594E+00
  0.8052E+02	  0.7534E-21	  0.7598E+00
  0.8073E+02	  0.6648E-21	  0.7602E+00
  0.8094E+02	  0.5867E-21	  0.7606E+00
  0.8115E+02	  0.5179E-21	  0.7609E+00
  0.8136E+02	  0.4571E-21	  0.7613E+00
  0.8158E+02	  0.4035E-21	  0.7617E+00
  0.8179E+02	  0.3563E-21	  0.7621E+00
  0.8200E+02	  0.3146E-21	  0.7624E+00
  0.8221E+02	  0.2778E-21	  0.7628E+00
  0.8242E+02	  0.2453E-21	  0.7632E+00
  0.8263E+02	  0.2167E-21	  0.7635E+00
  0.8284E+02	  0.1914E-21	  0.7639E+00
  0.8305E+02	  0.1691E-21	  0.7642E+00
  0.8326E+02	  0.1494E-21	  0.7646E+00
  0.8347E+02	  0.1320E-21	  0.7649E+00
  0.8368E+02	  0.1166E-21	  0.7653E+00
  0.8389E+02	  0.1031E-21	  0.7656E+00
  0.8410E+02	  0.9109E-22	  0.7660E+00
  0.8431E+02	  0.8052E-22	  0.7663E+00
  0.8452E+02	  0.7118E-22	  0.7667E+00
  0.8473E+02	  0.6292E-22	  0.7670E+00
  0.8494E+02	  0.5563E-22	  0.7674E+00
  0.8515E+02	  0.4919E-22	  0.7677E+00
  0.8536E+02	  0.4350E-22	  0.7680E+00
  0.8557E+02	  0.3847E-22	  0.7684E+00
  0.8579E+02	  0.3403E-22	  0.7687E+00
  0.8600E+02	  0.3010E-22	  0.7690E+00
  0.8621E+02	  0.2663E-22	  0.7694E+00
  0.8642E+02	  0.2356E-22	  0.7697E+00
  0.8663E+02	  0.2085E-22	  0.7700E+00
  0.8684E+02	  0.1845E-22	  0.7703E+00
  0.8705E+02	  0.1632E-22	  0.7706E+00
  0.8726E+02	  0.1445E-22	  0.7710E+00
  0.8747E+02	  0.1279E-22	  0.7713E+00
  0.8768E+02	  0.1132E-22	  0.7716E+00
  0.8789E+02	  0.1002E-22	  0.7719E+00
  0.8810E+02	  0.8873E-23	  0.7722E+00
  0.8831E+02	  0.7856E-23	  0.7725E+00
  0.8852E+02	  0.6957E-23	  0.7729E+00
  0.8873E+02	  0.6161E-23	  0.7732E+00
  0.8894E+02	  0.5456E-23	  0.7735E+00
  0.8915E+02	  0.4833E-23	  0.7738E+00
  0.8936E+02	  0.4281E-23	  0.7742E+00
  0.8957E+02	  0.3792E-23	  0.7745E+00
  0.8979E+02	  0.3360E-23	  0.7749E+00
  0.9000E+02	  0.2977E-23	  0.7753E+00
  0.9021E+02	  0.2638E-23	  0.7756E+00
  0.9042E+02	  0.2338E-23	  0.7760E+00
  0.9063E+02	  0.2072E-23	  0.7763E+00
  0.9084E+02	  0.1836E-23	  0.7767E+00
  0.9105E+02	  0.1628E-23	  0.7770E+00
  0.9126E+02	  0.1443E-23	  0.7774E+00
  0.9147E+02	  0.1279E-23	  0.7777E+00
  0.9168E+02	  0.1134E-23	  0.7781E+00
  0.9189E+02	  0.1006E-23	  0.7784E+00
  0.9210E+02	  0.8920E-24	  0.7788E+00
  0.9231E+02	  0.7912E-24	  0.7791E+00
 
 
R14 
------------------------------------------------------------
Electric field / N (Td)                    330.0    
Angular frequency / N (m3/s)              0.4724E-12
Cosine of E-B field angle                  0.000    
Gas temperature (K)                        300.0    
Excitation temperature (K)                 300.0    
Transition energy (eV)                     0.000    
Ionization degree                          0.000    
Plasma density (1/m3)                     0.1000E+19
Ion charge parameter                       1.000    
Ion/neutral mass ratio                     1.000    
Coulomb collision model                    1.000    
Energy sharing                             0.000    
Growth model                               1.000    
Maxwellian mean energy (eV)                0.000    
# of grid points                           500.0    
Grid type                                  1.000    
Maximum energy                             30.00    
Precision                                 0.1000E-24
Convergence                               0.1000E-03
Maximum # of iterations                   0.2000E+05
Mole fraction Ar                           1.000    
------------------------------------------------------------
Mean energy (eV)                           2.542    
Mobility *N (1/m/V/s)                     0.2178E+27
Re/perp mobility *N (1/m/V/s)             0.5432E+23
Im/Hall mobility *N (1/m/V/s)            -0.3911E+24
Diffusion coefficient *N (1/m/s)          0.3775E+26
Energy mobility *N (1/m/V/s)              0.2451E+26
Energy diffusion coef. *N (1/m/s)         0.7951E+25
Total collision freq. /N (m3/s)           0.5548E-13
Momentum frequency /N (m3/s)              0.7045E-13
Total ionization freq. /N (m3/s)          0.1024E-15
Power /N (eV m3/s)                        0.5915E-14
Elastic power loss /N (eV m3/s)           0.1352E-16
Inelastic power loss /N (eV m3/s)         0.5653E-14
Growth power /N (eV m3/s)                 0.2618E-15
Maximum energy                             125.9    
# of iterations                            170.0    
# of grid trials                           9.000    
------------------------------------------------------------
Rate coefficients (m3/s)
C1    Ar    Elastic                       0.5506E-13
C2    Ar    Excitation    11.55 eV        0.3909E-16
C3    Ar    Excitation    11.62 eV        0.4012E-16
C4    Ar    Excitation    11.72 eV        0.7265E-17
C5    Ar    Excitation    11.83 eV        0.6634E-16
C6    Ar    Excitation    12.91 eV        0.7342E-17
C7    Ar    Excitation    13.08 eV        0.1021E-16
C8    Ar    Excitation    13.10 eV        0.7055E-17
C9    Ar    Excitation    13.15 eV        0.5322E-17
C10   Ar    Excitation    13.17 eV        0.6900E-17
C11   Ar    Excitation    13.27 eV        0.2915E-17
C12   Ar    Excitation    13.28 eV        0.5171E-17
C13   Ar    Excitation    13.30 eV        0.4022E-17
C14   Ar    Excitation    13.33 eV        0.3056E-17
C15   Ar    Excitation    13.48 eV        0.9653E-17
C16   Ar    Excitation    13.85 eV        0.4129E-17
C17   Ar    Excitation    13.86 eV        0.2017E-16
C18   Ar    Excitation    13.90 eV        0.1416E-16
C19   Ar    Excitation    13.98 eV        0.1469E-16
C20   Ar    Excitation    14.01 eV        0.5085E-17
C21   Ar    Excitation    14.06 eV        0.5534E-17
C22   Ar    Excitation    14.07 eV        0.5532E-17
C23   Ar    Excitation    14.09 eV        0.1178E-17
C24   Ar    Excitation    14.10 eV        0.1076E-17
C25   Ar    Excitation    14.15 eV        0.3263E-17
C26   Ar    Excitation    14.21 eV        0.7366E-17
C27   Ar    Excitation    14.23 eV        0.4641E-17
C28   Ar    Excitation    14.24 eV        0.1607E-17
C29   Ar    Excitation    14.24 eV        0.1091E-17
C30   Ar    Excitation    14.26 eV        0.4552E-18
C31   Ar    Excitation    14.30 eV        0.3693E-17
C32   Ar    Excitation    14.71 eV        0.5917E-19
C33   Ar    Excitation    14.85 eV        0.4116E-18
C34   Ar    Excitation    14.86 eV        0.1374E-17
C35   Ar    Excitation    15.00 eV        0.5418E-18
C36   Ar    Excitation    15.02 eV        0.5640E-18
C37   Ar    Excitation    15.12 eV        0.9896E-19
C38   Ar    Excitation    15.19 eV        0.9853E-18
C39   Ar    Excitation    15.19 eV        0.9829E-18
C40   Ar    Excitation    15.31 eV        0.1607E-19
C41   Ar    Excitation    15.35 eV        0.1064E-19
C42   Ar    Excitation    15.36 eV        0.1535E-19
C43   Ar    Excitation    15.37 eV        0.2686E-18
C44   Ar    Excitation    15.37 eV        0.5961E-18
C45   Ar    Excitation    15.66 eV        0.2334E-17
C46   Ar    Ionization    15.76 eV        0.1024E-15
------------------------------------------------------------
Energy (eV) EEDF (eV-3/2) Anisotropy
  0.1259E+00	  0.6219E+01	  0.3999E-02
  0.3778E+00	  0.5855E+00	  0.4990E-02
  0.6297E+00	  0.2298E+00	  0.6970E-02
  0.8815E+00	  0.1417E+00	  0.8565E-02
  0.1133E+01	  0.1042E+00	  0.1014E-01
  0.1385E+01	  0.8210E-01	  0.1195E-01
  0.1637E+01	  0.6738E-01	  0.1391E-01
  0.1889E+01	  0.5694E-01	  0.1597E-01
  0.2141E+01	  0.4901E-01	  0.1829E-01
  0.2393E+01	  0.4284E-01	  0.2083E-01
  0.2645E+01	  0.3787E-01	  0.2359E-01
  0.2896E+01	  0.3379E-01	  0.2653E-01
  0.3148E+01	  0.3037E-01	  0.2964E-01
  0.3400E+01	  0.2745E-01	  0.3288E-01
  0.3652E+01	  0.2494E-01	  0.3626E-01
  0.3904E+01	  0.2274E-01	  0.3975E-01
  0.4156E+01	  0.2082E-01	  0.4332E-01
  0.4408E+01	  0.1915E-01	  0.4693E-01
  0.4659E+01	  0.1768E-01	  0.5054E-01
  0.4911E+01	  0.1638E-01	  0.5415E-01
  0.5163E+01	  0.1522E-01	  0.5775E-01
  0.5415E+01	  0.1419E-01	  0.6130E-01
  0.5667E+01	  0.1326E-01	  0.6480E-01
  0.5919E+01	  0.1242E-01	  0.6825E-01
  0.6171E+01	  0.1167E-01	  0.7165E-01
  0.6422E+01	  0.1097E-01	  0.7501E-01
  0.6674E+01	  0.1034E-01	  0.7831E-01
  0.6926E+01	  0.9759E-02	  0.8158E-01
  0.7178E+01	  0.9221E-02	  0.8481E-01
  0.7430E+01	  0.8722E-02	  0.8802E-01
  0.7682E+01	  0.8257E-02	  0.9123E-01
  0.7934E+01	  0.7823E-02	  0.9445E-01
  0.8186E+01	  0.7416E-02	  0.9767E-01
  0.8437E+01	  0.7035E-02	  0.1009E+00
  0.8689E+01	  0.6676E-02	  0.1042E+00
  0.8941E+01	  0.6338E-02	  0.1075E+00
  0.9193E+01	  0.6018E-02	  0.1109E+00
  0.9445E+01	  0.5715E-02	  0.1144E+00
  0.9697E+01	  0.5428E-02	  0.1180E+00
  0.9949E+01	  0.5155E-02	  0.1217E+00
  0.1020E+02	  0.4894E-02	  0.1255E+00
  0.1045E+02	  0.4645E-02	  0.1296E+00
  0.1070E+02	  0.4405E-02	  0.1339E+00
  0.1096E+02	  0.4173E-02	  0.1384E+00
  0.1121E+02	  0.3950E-02	  0.1433E+00
  0.1146E+02	  0.3734E-02	  0.1486E+00
  0.1171E+02	  0.3525E-02	  0.1541E+00
  0.1196E+02	  0.3324E-02	  0.1595E+00
  0.1222E+02	  0.3130E-02	  0.1652E+00
  0.1247E+02	  0.2944E-02	  0.1710E+00
  0.1272E+02	  0.2765E-02	  0.1768E+00
  0.1297E+02	  0.2593E-02	  0.1829E+00
  0.1322E+02	  0.2428E-02	  0.1896E+00
  0.1347E+02	  0.2269E-02	  0.1972E+00
  0.1373E+02	  0.2115E-02	  0.2053E+00
  0.1398E+02	  0.1968E-02	  0.2136E+00
  0.1423E+02	  0.1827E-02	  0.2220E+00
  0.1448E+02	  0.1692E-02	  0.2303E+00
  0.1473E+02	  0.1563E-02	  0.2385E+00
  0.1499E+02	  0.1441E-02	  0.2465E+00
  0.1524E+02	  0.1326E-02	  0.2546E+00
  0.1549E+02	  0.1218E-02	  0.2628E+00
  0.1574E+02	  0.1116E-02	  0.2713E+00
  0.1599E+02	  0.1020E-02	  0.2799E+00
  0.1625E+02	  0.9309E-03	  0.2882E+00
  0.1650E+02	  0.8476E-03	  0.2963E+00
  0.1675E+02	  0.7701E-03	  0.3042E+00
  0.1700E+02	  0.6984E-03	  0.3119E+00
  0.1725E+02	  0.6323E-03	  0.3194E+00
  0.1750E+02	  0.5714E-03	  0.3266E+00
  0.1776E+02	  0.5154E-03	  0.3337E+00
  0.1801E+02	  0.4642E-03	  0.3405E+00
  0.1826E+02	  0.4175E-03	  0.3472E+00
  0.1851E+02	  0.3749E-03	  0.3536E+00
  0.1876E+02	  0.3362E-03	  0.3599E+00
  0.1902E+02	  0.3011E-03	  0.3659E+00
  0.1927E+02	  0.2693E-03	  0.3718E+00
  0.1952E+02	  0.2406E-03	  0.3776E+00
  0.1977E+02	  0.2147E-03	  0.3832E+00
  0.2002E+02	  0.1914E-03	  0.3888E+00
  0.2027E+02	  0.1704E-03	  0.3941E+00
  0.2053E+02	  0.1516E-03	  0.3992E+00
  0.2078E+02	  0.1348E-03	  0.4042E+00
  0.2103E+02	  0.1197E-03	  0.4090E+00
  0.2128E+02	  0.1063E-03	  0.4137E+00
  0.2153E+02	  0.9432E-04	  0.4182E+00
  0.2179E+02	  0.8363E-04	  0.4226E+00
  0.2204E+02	  0.7412E-04	  0.4268E+00
  0.2229E+02	  0.6565E-04	  0.4309E+00
  0.2254E+02	  0.5811E-04	  0.4349E+00
  0.2279E+02	  0.5142E-04	  0.4389E+00
  0.2305E+02	  0.4547E-04	  0.4428E+00
  0.2330E+02	  0.4019E-04	  0.4466E+00
  0.2355E+02	  0.3551E-04	  0.4504E+00
  0.2380E+02	  0.3135E-04	  0.4542E+00
  0.2405E+02	  0.2767E-04	  0.4579E+00
  0.2430E+02	  0.2441E-04	  0.4616E+00
  0.2456E+02	  0.2152E-04	  0.4652E+00
  0.2481E+02	  0.1896E-04	  0.4688E+00
  0.2506E+02	  0.1671E-04	  0.4723E+00
  0.2531E+02	  0.1471E-04	  0.4759E+00
  0.2556E+02	  0.1295E-04	  0.4794E+00
  0.2582E+02	  0.1140E-04	  0.4828E+00
  0.2607E+02	  0.1003E-04	  0.4861E+00
  0.2632E+02	  0.8819E-05	  0.4893E+00
  0.2657E+02	  0.7755E-05	  0.4925E+00
  0.2682E+02	  0.6818E-05	  0.4957E+00
  0.2708E+02	  0.5993E-05	  0.4988E+00
  0.2733E+02	  0.5266E-05	  0.5020E+00
  0.2758E+02	  0.4626E-05	  0.5051E+00
  0.2783E+02	  0.4063E-05	  0.5083E+00
  0.2808E+02	  0.3567E-05	  0.5115E+00
  0.2833E+02	  0.3131E-05	  0.5146E+00
  0.2859E+02	  0.2748E-05	  0.5177E+00
  0.2884E+02	  0.2411E-05	  0.5208E+00
  0.2909E+02	  0.2114E-05	  0.5239E+00
  0.2934E+02	  0.1854E-05	  0.5270E+00
  0.2959E+02	  0.1625E-05	  0.5300E+00
  0.2985E+02	  0.1424E-05	  0.5330E+00
  0.3010E+02	  0.1248E-05	  0.5360E+00
  0.3035E+02	  0.1093E-05	  0.5390E+00
  0.3060E+02	  0.9576E-06	  0.5419E+00
  0.3085E+02	  0.8388E-06	  0.5449E+00
  0.3110E+02	  0.7346E-06	  0.5478E+00
  0.3136E+02	  0.6433E-06	  0.5506E+00
  0.3161E+02	  0.5633E-06	  0.5535E+00
  0.3186E+02	  0.4932E-06	  0.5563E+00
  0.3211E+02	  0.4318E-06	  0.5590E+00
  0.3236E+02	  0.3781E-06	  0.5617E+00
  0.3262E+02	  0.3310E-06	  0.5644E+00
  0.3287E+02	  0.2897E-06	  0.5670E+00
  0.3312E+02	  0.2536E-06	  0.5696E+00
  0.3337E+02	  0.2220E-06	  0.5722E+00
  0.3362E+02	  0.1943E-06	  0.5747E+00
  0.3388E+02	  0.1700E-06	  0.5771E+00
  0.3413E+02	  0.1488E-06	  0.5795E+00
  0.3438E+02	  0.1302E-06	  0.5818E+00
  0.3463E+02	  0.1140E-06	  0.5841E+00
  0.3488E+02	  0.9972E-07	  0.5864E+00
  0.3513E+02	  0.8726E-07	  0.5886E+00
  0.3539E+02	  0.7636E-07	  0.5907E+00
  0.3564E+02	  0.6682E-07	  0.5928E+00
  0.3589E+02	  0.5848E-07	  0.5947E+00
  0.3614E+02	  0.5118E-07	  0.5965E+00
  0.3639E+02	  0.4479E-07	  0.5983E+00
  0.3665E+02	  0.3920E-07	  0.6000E+00
  0.3690E+02	  0.3431E-07	  0.6017E+00
  0.3715E+02	  0.3003E-07	  0.6033E+00
  0.3740E+02	  0.2629E-07	  0.6049E+00
  0.3765E+02	  0.2301E-07	  0.6064E+00
  0.3791E+02	  0.2015E-07	  0.6079E+00
  0.3816E+02	  0.1764E-07	  0.6093E+00
  0.3841E+02	  0.1544E-07	  0.6107E+00
  0.3866E+02	  0.1352E-07	  0.6120E+00
  0.3891E+02	  0.1184E-07	  0.6133E+00
  0.3916E+02	  0.1037E-07	  0.6147E+00
  0.3942E+02	  0.9082E-08	  0.6160E+00
  0.3967E+02	  0.7954E-08	  0.6173E+00
  0.3992E+02	  0.6966E-08	  0.6187E+00
  0.4017E+02	  0.6101E-08	  0.6201E+00
  0.4042E+02	  0.5345E-08	  0.6215E+00
  0.4068E+02	  0.4683E-08	  0.6228E+00
  0.4093E+02	  0.4103E-08	  0.6242E+00
  0.4118E+02	  0.3596E-08	  0.6255E+00
  0.4143E+02	  0.3152E-08	  0.6268E+00
  0.4168E+02	  0.2764E-08	  0.6281E+00
  0.4194E+02	  0.2423E-08	  0.6294E+00
  0.4219E+02	  0.2125E-08	  0.6307E+00
  0.4244E+02	  0.1864E-08	  0.6319E+00
  0.4269E+02	  0.1635E-08	  0.6331E+00
  0.4294E+02	  0.1434E-08	  0.6343E+00
  0.4319E+02	  0.1259E-08	  0.6355E+00
  0.4345E+02	  0.1105E-08	  0.6366E+00
  0.4370E+02	  0.9697E-09	  0.6378E+00
  0.4395E+02	  0.8513E-09	  0.6389E+00
  0.4420E+02	  0.7475E-09	  0.6400E+00
  0.4445E+02	  0.6565E-09	  0.6411E+00
  0.4471E+02	  0.5766E-09	  0.6421E+00
  0.4496E+02	  0.5065E-09	  0.6432E+00
  0.4521E+02	  0.4450E-09	  0.6442E+00
  0.4546E+02	  0.3910E-09	  0.6452E+00
  0.4571E+02	  0.3437E-09	  0.6462E+00
  0.4596E+02	  0.3021E-09	  0.6471E+00
  0.4622E+02	  0.2656E-09	  0.6480E+00
  0.4647E+02	  0.2335E-09	  0.6489E+00
  0.4672E+02	  0.2053E-09	  0.6498E+00
  0.4697E+02	  0.1806E-09	  0.6507E+00
  0.4722E+02	  0.1589E-09	  0.6516E+00
  0.4748E+02	  0.1398E-09	  0.6524E+00
  0.4773E+02	  0.1230E-09	  0.6533E+00
  0.4798E+02	  0.1082E-09	  0.6542E+00
  0.4823E+02	  0.9527E-10	  0.6550E+00
  0.4848E+02	  0.8386E-10	  0.6559E+00
  0.4874E+02	  0.7383E-10	  0.6567E+00
  0.4899E+02	  0.6501E-10	  0.6576E+00
  0.4924E+02	  0.5725E-10	  0.6585E+00
  0.4949E+02	  0.5042E-10	  0.6594E+00
  0.4974E+02	  0.4441E-10	  0.6603E+00
  0.4999E+02	  0.3912E-10	  0.6613E+00
  0.5025E+02	  0.3447E-10	  0.6622E+00
  0.5050E+02	  0.3037E-10	  0.6632E+00
  0.5075E+02	  0.2677E-10	  0.6642E+00
  0.5100E+02	  0.2359E-10	  0.6652E+00
  0.5125E+02	  0.2080E-10	  0.6662E+00
  0.5151E+02	  0.1833E-10	  0.6672E+00
  0.5176E+02	  0.1616E-10	  0.6682E+00
  0.5201E+02	  0.1425E-10	  0.6692E+00
  0.5226E+02	  0.1257E-10	  0.6702E+00
  0.5251E+02	  0.1109E-10	  0.6712E+00
  0.5277E+02	  0.9782E-11	  0.6722E+00
  0.5302E+02	  0.8631E-11	  0.6732E+00
  0.5327E+02	  0.7615E-11	  0.6742E+00
  0.5352E+02	  0.6720E-11	  0.6752E+00
  0.5377E+02	  0.5931E-11	  0.6762E+00
  0.5402E+02	  0.5236E-11	  0.6771E+00
  0.5428E+02	  0.4622E-11	  0.6781E+00
  0.5453E+02	  0.4081E-11	  0.6790E+00
  0.5478E+02	  0.3603E-11	  0.6800E+00
  0.5503E+02	  0.3182E-11	  0.6809E+00
  0.5528E+02	  0.2811E-11	  0.6818E+00
  0.5554E+02	  0.2483E-11	  0.6827E+00
  0.5579E+02	  0.2193E-11	  0.6836E+00
  0.5604E+02	  0.1938E-11	  0.6845E+00
  0.5629E+02	  0.1712E-11	  0.6854E+00
  0.5654E+02	  0.1513E-11	  0.6863E+00
  0.5679E+02	  0.1337E-11	  0.6871E+00
  0.5705E+02	  0.1182E-11	  0.6880E+00
  0.5730E+02	  0.1045E-11	  0.6889E+00
  0.5755E+02	  0.9238E-12	  0.6897E+00
  0.5780E+02	  0.8168E-12	  0.6906E+00
  0.5805E+02	  0.7223E-12	  0.6914E+00
  0.5831E+02	  0.6388E-12	  0.6923E+00
  0.5856E+02	  0.5649E-12	  0.6931E+00
  0.5881E+02	  0.4997E-12	  0.6940E+00
  0.5906E+02	  0.4421E-12	  0.6949E+00
  0.5931E+02	  0.3911E-12	  0.6958E+00
  0.5957E+02	  0.3460E-12	  0.6967E+00
  0.5982E+02	  0.3062E-12	  0.6976E+00
  0.6007E+02	  0.2709E-12	  0.6986E+00
  0.6032E+02	  0.2398E-12	  0.6995E+00
  0.6057E+02	  0.2122E-12	  0.7005E+00
  0.6082E+02	  0.1878E-12	  0.7015E+00
  0.6108E+02	  0.1663E-12	  0.7024E+00
  0.6133E+02	  0.1472E-12	  0.7034E+00
  0.6158E+02	  0.1304E-12	  0.7044E+00
  0.6183E+02	  0.1154E-12	  0.7053E+00
  0.6208E+02	  0.1022E-12	  0.7063E+00
  0.6234E+02	  0.9054E-13	  0.7072E+00
  0.6259E+02	  0.8019E-13	  0.7081E+00
  0.6284E+02	  0.7104E-13	  0.7090E+00
  0.6309E+02	  0.6294E-13	  0.7099E+00
  0.6334E+02	  0.5577E-13	  0.7108E+00
  0.6360E+02	  0.4941E-13	  0.7117E+00
  0.6385E+02	  0.4379E-13	  0.7125E+00
  0.6410E+02	  0.3881E-13	  0.7134E+00
  0.6435E+02	  0.3440E-13	  0.7141E+00
  0.6460E+02	  0.3050E-13	  0.7149E+00
  0.6485E+02	  0.2704E-13	  0.7157E+00
  0.6511E+02	  0.2398E-13	  0.7164E+00
  0.6536E+02	  0.2126E-13	  0.7172E+00
  0.6561E+02	  0.1885E-13	  0.7180E+00
  0.6586E+02	  0.1672E-13	  0.7187E+00
  0.6611E+02	  0.1483E-13	  0.7195E+00
  0.6637E+02	  0.1316E-13	  0.7202E+00
  0.6662E+02	  0.1167E-13	  0.7210E+00
  0.6687E+02	  0.1036E-13	  0.7217E+00
  0.6712E+02	  0.9191E-14	  0.7225E+00
  0.6737E+02	  0.8157E-14	  0.7232E+00
  0.6762E+02	  0.7239E-14	  0.7240E+00
  0.6788E+02	  0.6425E-14	  0.7247E+00
  0.6813E+02	  0.5703E-14	  0.7255E+00
  0.6838E+02	  0.5063E-14	  0.7262E+00
  0.6863E+02	  0.4495E-14	  0.7270E+00
  0.6888E+02	  0.3991E-14	  0.7278E+00
  0.6914E+02	  0.3544E-14	  0.7286E+00
  0.6939E+02	  0.3147E-14	  0.7294E+00
  0.6964E+02	  0.2795E-14	  0.7302E+00
  0.6989E+02	  0.2482E-14	  0.7310E+00
  0.7014E+02	  0.2205E-14	  0.7319E+00
  0.7040E+02	  0.1958E-14	  0.7328E+00
  0.7065E+02	  0.1740E-14	  0.7336E+00
  0.7090E+02	  0.1546E-14	  0.7345E+00
  0.7115E+02	  0.1374E-14	  0.7354E+00
  0.7140E+02	  0.1221E-14	  0.7362E+00
  0.7165E+02	  0.1085E-14	  0.7371E+00
  0.7191E+02	  0.9645E-15	  0.7379E+00
  0.7216E+02	  0.8574E-15	  0.7387E+00
  0.7241E+02	  0.7623E-15	  0.7396E+00
  0.7266E+02	  0.6779E-15	  0.7404E+00
  0.7291E+02	  0.6029E-15	  0.7412E+00
  0.7317E+02	  0.5362E-15	  0.7421E+00
  0.7342E+02	  0.4770E-15	  0.7429E+00
  0.7367E+02	  0.4243E-15	  0.7437E+00
  0.7392E+02	  0.3775E-15	  0.7445E+00
  0.7417E+02	  0.3359E-15	  0.7453E+00
  0.7443E+02	  0.2990E-15	  0.7461E+00
  0.7468E+02	  0.2661E-15	  0.7469E+00
  0.7493E+02	  0.2368E-15	  0.7477E+00
  0.7518E+02	  0.2108E-15	  0.7485E+00
  0.7543E+02	  0.1877E-15	  0.7493E+00
  0.7568E+02	  0.1671E-15	  0.7501E+00
  0.7594E+02	  0.1488E-15	  0.7509E+00
  0.7619E+02	  0.1326E-15	  0.7516E+00
  0.7644E+02	  0.1181E-15	  0.7524E+00
  0.7669E+02	  0.1052E-15	  0.7532E+00
  0.7694E+02	  0.9370E-16	  0.7539E+00
  0.7720E+02	  0.8348E-16	  0.7546E+00
  0.7745E+02	  0.7439E-16	  0.7553E+00
  0.7770E+02	  0.6630E-16	  0.7560E+00
  0.7795E+02	  0.5909E-16	  0.7567E+00
  0.7820E+02	  0.5267E-16	  0.7573E+00
  0.7846E+02	  0.4696E-16	  0.7580E+00
  0.7871E+02	  0.4187E-16	  0.7585E+00
  0.7896E+02	  0.3734E-16	  0.7590E+00
  0.7921E+02	  0.3330E-16	  0.7595E+00
  0.7946E+02	  0.2970E-16	  0.7600E+00
  0.7971E+02	  0.2649E-16	  0.7605E+00
  0.7997E+02	  0.2364E-16	  0.7609E+00
  0.8022E+02	  0.2109E-16	  0.7614E+00
  0.8047E+02	  0.1882E-16	  0.7619E+00
  0.8072E+02	  0.1680E-16	  0.7623E+00
  0.8097E+02	  0.1499E-16	  0.7627E+00
  0.8123E+02	  0.1338E-16	  0.7632E+00
  0.8148E+02	  0.1195E-16	  0.7636E+00
  0.8173E+02	  0.1067E-16	  0.7641E+00
  0.8198E+02	  0.9528E-17	  0.7645E+00
  0.8223E+02	  0.8509E-17	  0.7649E+00
  0.8248E+02	  0.7600E-17	  0.7653E+00
  0.8274E+02	  0.6789E-17	  0.7658E+00
  0.8299E+02	  0.6065E-17	  0.7662E+00
  0.8324E+02	  0.5419E-17	  0.7666E+00
  0.8349E+02	  0.4842E-17	  0.7670E+00
  0.8374E+02	  0.4328E-17	  0.7674E+00
  0.8400E+02	  0.3868E-17	  0.7678E+00
  0.8425E+02	  0.3457E-17	  0.7682E+00
  0.8450E+02	  0.3090E-17	  0.7686E+00
  0.8475E+02	  0.2763E-17	  0.7690E+00
  0.8500E+02	  0.2470E-17	  0.7694E+00
  0.8526E+02	  0.2209E-17	  0.7698E+00
  0.8551E+02	  0.1976E-17	  0.7702E+00
  0.8576E+02	  0.1767E-17	  0.7706E+00
  0.8601E+02	  0.1581E-17	  0.7710E+00
  0.8626E+02	  0.1414E-17	  0.7714E+00
  0.8651E+02	  0.1265E-17	  0.7718E+00
  0.8677E+02	  0.1132E-17	  0.7721E+00
  0.8702E+02	  0.1013E-17	  0.7725E+00
  0.8727E+02	  0.9065E-18	  0.7729E+00
  0.8752E+02	  0.8113E-18	  0.7733E+00
  0.8777E+02	  0.7262E-18	  0.7736E+00
  0.8803E+02	  0.6501E-18	  0.7740E+00
  0.8828E+02	  0.5820E-18	  0.7744E+00
  0.8853E+02	  0.5211E-18	  0.7748E+00
  0.8878E+02	  0.4667E-18	  0.7751E+00
  0.8903E+02	  0.4179E-18	  0.7755E+00
  0.8929E+02	  0.3743E-18	  0.7759E+00
  0.8954E+02	  0.3352E-18	  0.7763E+00
  0.8979E+02	  0.3003E-18	  0.7767E+00
  0.9004E+02	  0.2690E-18	  0.7771E+00
  0.9029E+02	  0.2410E-18	  0.7776E+00
  0.9054E+02	  0.2160E-18	  0.7780E+00
  0.9080E+02	  0.1935E-18	  0.7784E+00
  0.9105E+02	  0.1735E-18	  0.7788E+00
  0.9130E+02	  0.1555E-18	  0.7792E+00
  0.9155E+02	  0.1394E-18	  0.7796E+00
  0.9180E+02	  0.1249E-18	  0.7800E+00
  0.9206E+02	  0.1120E-18	  0.7804E+00
  0.9231E+02	  0.1004E-18	  0.7808E+00
  0.9256E+02	  0.9008E-19	  0.7812E+00
  0.9281E+02	  0.8079E-19	  0.7816E+00
  0.9306E+02	  0.7246E-19	  0.7820E+00
  0.9331E+02	  0.6500E-19	  0.7824E+00
  0.9357E+02	  0.5831E-19	  0.7828E+00
  0.9382E+02	  0.5232E-19	  0.7832E+00
  0.9407E+02	  0.4695E-19	  0.7836E+00
  0.9432E+02	  0.4213E-19	  0.7840E+00
  0.9457E+02	  0.3781E-19	  0.7844E+00
  0.9483E+02	  0.3394E-19	  0.7848E+00
  0.9508E+02	  0.3046E-19	  0.7851E+00
  0.9533E+02	  0.2735E-19	  0.7855E+00
  0.9558E+02	  0.2455E-19	  0.7859E+00
  0.9583E+02	  0.2205E-19	  0.7863E+00
  0.9609E+02	  0.1980E-19	  0.7867E+00
  0.9634E+02	  0.1778E-19	  0.7870E+00
  0.9659E+02	  0.1597E-19	  0.7874E+00
  0.9684E+02	  0.1434E-19	  0.7878E+00
  0.9709E+02	  0.1288E-19	  0.7882E+00
  0.9734E+02	  0.1158E-19	  0.7885E+00
  0.9760E+02	  0.1040E-19	  0.7889E+00
  0.9785E+02	  0.9346E-20	  0.7893E+00
  0.9810E+02	  0.8398E-20	  0.7897E+00
  0.9835E+02	  0.7548E-20	  0.7900E+00
  0.9860E+02	  0.6784E-20	  0.7904E+00
  0.9886E+02	  0.6098E-20	  0.7908E+00
  0.9911E+02	  0.5482E-20	  0.7912E+00
  0.9936E+02	  0.4929E-20	  0.7916E+00
  0.9961E+02	  0.4431E-20	  0.7920E+00
  0.9986E+02	  0.3985E-20	  0.7924E+00
  0.1001E+03	  0.3583E-20	  0.7928E+00
  0.1004E+03	  0.3223E-20	  0.7933E+00
  0.1006E+03	  0.2899E-20	  0.7937E+00
  0.1009E+03	  0.2607E-20	  0.7941E+00
  0.1011E+03	  0.2346E-20	  0.7945E+00
  0.1014E+03	  0.2110E-20	  0.7949E+00
  0.1016E+03	  0.1899E-20	  0.7954E+00
  0.1019E+03	  0.1709E-20	  0.7958E+00
  0.1021E+03	  0.1538E-20	  0.7962E+00
  0.1024E+03	  0.1384E-20	  0.7966E+00
  0.1026E+03	  0.1246E-20	  0.7970E+00
  0.1029E+03	  0.1122E-20	  0.7974E+00
  0.1031E+03	  0.1010E-20	  0.7978E+00
  0.1034E+03	  0.9091E-21	  0.7982E+00
  0.1036E+03	  0.8186E-21	  0.7986E+00
  0.1039E+03	  0.7372E-21	  0.7991E+00
  0.1041E+03	  0.6640E-21	  0.7995E+00
  0.1044E+03	  0.5980E-21	  0.7999E+00
  0.1046E+03	  0.5387E-21	  0.8003E+00
  0.1049E+03	  0.4853E-21	  0.8007E+00
  0.1052E+03	  0.4372E-21	  0.8011E+00
  0.1054E+03	  0.3940E-21	  0.8015E+00
  0.1057E+03	  0.3550E-21	  0.8018E+00
  0.1059E+03	  0.3199E-21	  0.8022E+00
  0.1062E+03	  0.2883E-21	  0.8026E+00
  0.1064E+03	  0.2599E-21	  0.8030E+00
  0.1067E+03	  0.2343E-21	  0.8034E+00
  0.1069E+03	  0.2112E-21	  0.8038E+00
  0.1072E+03	  0.1904E-21	  0.8042E+00
  0.1074E+03	  0.1717E-21	  0.8046E+00
  0.1077E+03	  0.1548E-21	  0.8049E+00
  0.1079E+03	  0.1396E-21	  0.8053E+00
  0.1082E+03	  0.1260E-21	  0.8057E+00
  0.1084E+03	  0.1136E-21	  0.8061E+00
  0.1087E+03	  0.1025E-21	  0.8065E+00
  0.1089E+03	  0.9245E-22	  0.8070E+00
  0.1092E+03	  0.8341E-22	  0.8074E+00
  0.1094E+03	  0.7526E-22	  0.8079E+00
  0.1097E+03	  0.6791E-22	  0.8084E+00
  0.1099E+03	  0.6129E-22	  0.8090E+00
  0.1102E+03	  0.5531E-22	  0.8095E+00
  0.1104E+03	  0.4992E-22	  0.8100E+00
  0.1107E+03	  0.4505E-22	  0.8104E+00
  0.1109E+03	  0.4067E-22	  0.8107E+00
  0.1112E+03	  0.3671E-22	  0.8111E+00
  0.1114E+03	  0.3315E-22	  0.8115E+00
  0.1117E+03	  0.2993E-22	  0.8119E+00
  0.1120E+03	  0.2702E-22	  0.8123E+00
  0.1122E+03	  0.2440E-22	  0.8127E+00
  0.1125E+03	  0.2204E-22	  0.8130E+00
  0.1127E+03	  0.1990E-22	  0.8134E+00
  0.1130E+03	  0.1798E-22	  0.8138E+00
  0.1132E+03	  0.1624E-22	  0.8142E+00
  0.1135E+03	  0.1467E-22	  0.8146E+00
  0.1137E+03	  0.1326E-22	  0.8150E+00
  0.1140E+03	  0.1198E-22	  0.8154E+00
  0.1142E+03	  0.1082E-22	  0.8158E+00
  0.1145E+03	  0.9779E-23	  0.8161E+00
  0.1147E+03	  0.8838E-23	  0.8164E+00
  0.1150E+03	  0.7988E-23	  0.8167E+00
  0.1152E+03	  0.7220E-23	  0.8170E+00
  0.1155E+03	  0.6527E-23	  0.8173E+00
  0.1157E+03	  0.5901E-23	  0.8175E+00
  0.1160E+03	  0.5335E-23	  0.8178E+00
  0.1162E+03	  0.4824E-23	  0.8180E+00
  0.1165E+03	  0.4362E-23	  0.8181E+00
  0.1167E+03	  0.3945E-23	  0.8182E+00
  0.1170E+03	  0.3569E-23	  0.8183E+00
  0.1172E+03	  0.3228E-23	  0.8183E+00
  0.1175E+03	  0.2921E-23	  0.8182E+00
  0.1177E+03	  0.2643E-23	  0.8181E+00
  0.1180E+03	  0.2392E-23	  0.8178E+00
  0.1182E+03	  0.2165E-23	  0.8174E+00
  0.1185E+03	  0.1960E-23	  0.8168E+00
  0.1188E+03	  0.1774E-23	  0.8160E+00
  0.1190E+03	  0.1607E-23	  0.8149E+00
  0.1193E+03	  0.1456E-23	  0.8136E+00
  0.1195E+03	  0.1319E-23	  0.8119E+00
  0.1198E+03	  0.1196E-23	  0.8098E+00
  0.1200E+03	  0.1084E-23	  0.8071E+00
  0.1203E+03	  0.9838E-24	  0.8038E+00
  0.1205E+03	  0.8931E-24	  0.7998E+00
  0.1208E+03	  0.8113E-24	  0.7948E+00
  0.1210E+03	  0.7375E-24	  0.7887E+00
  0.1213E+03	  0.6710E-24	  0.7813E+00
 
 
R15 
------------------------------------------------------------
Electric field / N (Td)                    400.0    
Angular frequency / N (m3/s)              0.4724E-12
Cosine of E-B field angle                  0.000    
Gas temperature (K)                        300.0    
Excitation temperature (K)                 300.0    
Transition energy (eV)                     0.000    
Ionization degree                          0.000    
Plasma density (1/m3)                     0.1000E+19
Ion charge parameter                       1.000    
Ion/neutral mass ratio                     1.000    
Coulomb collision model                    1.000    
Energy sharing                             0.000    
Growth model                               1.000    
Maxwellian mean energy (eV)                0.000    
# of grid points                           500.0    
Grid type                                  1.000    
Maximum energy                             30.00    
Precision                                 0.1000E-24
Convergence                               0.1000E-03
Maximum # of iterations                   0.2000E+05
Mole fraction Ar                           1.000    
------------------------------------------------------------
Mean energy (eV)                           3.136    
Mobility *N (1/m/V/s)                     0.7459E+26
Re/perp mobility *N (1/m/V/s)             0.6520E+23
Im/Hall mobility *N (1/m/V/s)            -0.3744E+24
Diffusion coefficient *N (1/m/s)          0.2121E+26
Energy mobility *N (1/m/V/s)              0.1074E+26
Energy diffusion coef. *N (1/m/s)         0.6970E+25
Total collision freq. /N (m3/s)           0.6836E-13
Momentum frequency /N (m3/s)              0.8543E-13
Total ionization freq. /N (m3/s)          0.2057E-15
Power /N (eV m3/s)                        0.1043E-13
Elastic power loss /N (eV m3/s)           0.1760E-16
Inelastic power loss /N (eV m3/s)         0.9804E-14
Growth power /N (eV m3/s)                 0.6483E-15
Maximum energy                             180.3    
# of iterations                            204.0    
# of grid trials                           11.00    
------------------------------------------------------------
Rate coefficients (m3/s)
C1    Ar    Elastic                       0.6764E-13
C2    Ar    Excitation    11.55 eV        0.5805E-16
C3    Ar    Excitation    11.62 eV        0.6191E-16
C4    Ar    Excitation    11.72 eV        0.1089E-16
C5    Ar    Excitation    11.83 eV        0.1062E-15
C6    Ar    Excitation    12.91 eV        0.1183E-16
C7    Ar    Excitation    13.08 eV        0.1658E-16
C8    Ar    Excitation    13.10 eV        0.1162E-16
C9    Ar    Excitation    13.15 eV        0.8822E-17
C10   Ar    Excitation    13.17 eV        0.1135E-16
C11   Ar    Excitation    13.27 eV        0.4961E-17
C12   Ar    Excitation    13.28 eV        0.8585E-17
C13   Ar    Excitation    13.30 eV        0.6860E-17
C14   Ar    Excitation    13.33 eV        0.4905E-17
C15   Ar    Excitation    13.48 eV        0.1645E-16
C16   Ar    Excitation    13.85 eV        0.6628E-17
C17   Ar    Excitation    13.86 eV        0.3250E-16
C18   Ar    Excitation    13.90 eV        0.2330E-16
C19   Ar    Excitation    13.98 eV        0.2378E-16
C20   Ar    Excitation    14.01 eV        0.8427E-17
C21   Ar    Excitation    14.06 eV        0.9224E-17
C22   Ar    Excitation    14.07 eV        0.9220E-17
C23   Ar    Excitation    14.09 eV        0.2251E-17
C24   Ar    Excitation    14.10 eV        0.1874E-17
C25   Ar    Excitation    14.15 eV        0.6259E-17
C26   Ar    Excitation    14.21 eV        0.1214E-16
C27   Ar    Excitation    14.23 eV        0.7625E-17
C28   Ar    Excitation    14.24 eV        0.2804E-17
C29   Ar    Excitation    14.24 eV        0.1823E-17
C30   Ar    Excitation    14.26 eV        0.8787E-18
C31   Ar    Excitation    14.30 eV        0.7151E-17
C32   Ar    Excitation    14.71 eV        0.1176E-18
C33   Ar    Excitation    14.85 eV        0.8255E-18
C34   Ar    Excitation    14.86 eV        0.2758E-17
C35   Ar    Excitation    15.00 eV        0.1098E-17
C36   Ar    Excitation    15.02 eV        0.1144E-17
C37   Ar    Excitation    15.12 eV        0.2020E-18
C38   Ar    Excitation    15.19 eV        0.2021E-17
C39   Ar    Excitation    15.19 eV        0.2017E-17
C40   Ar    Excitation    15.31 eV        0.3323E-19
C41   Ar    Excitation    15.35 eV        0.2206E-19
C42   Ar    Excitation    15.36 eV        0.3185E-19
C43   Ar    Excitation    15.37 eV        0.5576E-18
C44   Ar    Excitation    15.37 eV        0.1238E-17
C45   Ar    Excitation    15.66 eV        0.4944E-17
C46   Ar    Ionization    15.76 eV        0.2056E-15
------------------------------------------------------------
Energy (eV) EEDF (eV-3/2) Anisotropy
  0.1803E+00	  0.3121E+01	  0.8683E-02
  0.5408E+00	  0.3668E+00	  0.9954E-02
  0.9013E+00	  0.1629E+00	  0.1249E-01
  0.1262E+01	  0.1043E+00	  0.1503E-01
  0.1622E+01	  0.7587E-01	  0.1800E-01
  0.1983E+01	  0.5927E-01	  0.2129E-01
  0.2343E+01	  0.4829E-01	  0.2507E-01
  0.2704E+01	  0.4049E-01	  0.2933E-01
  0.3064E+01	  0.3466E-01	  0.3399E-01
  0.3425E+01	  0.3009E-01	  0.3901E-01
  0.3785E+01	  0.2641E-01	  0.4432E-01
  0.4146E+01	  0.2338E-01	  0.4989E-01
  0.4506E+01	  0.2088E-01	  0.5555E-01
  0.4867E+01	  0.1880E-01	  0.6124E-01
  0.5227E+01	  0.1704E-01	  0.6692E-01
  0.5588E+01	  0.1553E-01	  0.7253E-01
  0.5948E+01	  0.1422E-01	  0.7804E-01
  0.6309E+01	  0.1308E-01	  0.8345E-01
  0.6669E+01	  0.1208E-01	  0.8878E-01
  0.7030E+01	  0.1118E-01	  0.9400E-01
  0.7390E+01	  0.1037E-01	  0.9918E-01
  0.7751E+01	  0.9640E-02	  0.1043E+00
  0.8111E+01	  0.8973E-02	  0.1095E+00
  0.8472E+01	  0.8361E-02	  0.1146E+00
  0.8832E+01	  0.7799E-02	  0.1198E+00
  0.9193E+01	  0.7279E-02	  0.1251E+00
  0.9553E+01	  0.6796E-02	  0.1306E+00
  0.9914E+01	  0.6346E-02	  0.1362E+00
  0.1027E+02	  0.5924E-02	  0.1420E+00
  0.1064E+02	  0.5525E-02	  0.1483E+00
  0.1100E+02	  0.5147E-02	  0.1550E+00
  0.1136E+02	  0.4785E-02	  0.1623E+00
  0.1172E+02	  0.4441E-02	  0.1700E+00
  0.1208E+02	  0.4113E-02	  0.1780E+00
  0.1244E+02	  0.3801E-02	  0.1863E+00
  0.1280E+02	  0.3505E-02	  0.1948E+00
  0.1316E+02	  0.3224E-02	  0.2040E+00
  0.1352E+02	  0.2956E-02	  0.2143E+00
  0.1388E+02	  0.2702E-02	  0.2256E+00
  0.1424E+02	  0.2460E-02	  0.2372E+00
  0.1460E+02	  0.2233E-02	  0.2486E+00
  0.1496E+02	  0.2019E-02	  0.2598E+00
  0.1532E+02	  0.1820E-02	  0.2710E+00
  0.1568E+02	  0.1635E-02	  0.2825E+00
  0.1604E+02	  0.1463E-02	  0.2941E+00
  0.1640E+02	  0.1305E-02	  0.3054E+00
  0.1676E+02	  0.1161E-02	  0.3163E+00
  0.1712E+02	  0.1030E-02	  0.3268E+00
  0.1748E+02	  0.9103E-03	  0.3369E+00
  0.1785E+02	  0.8027E-03	  0.3466E+00
  0.1821E+02	  0.7060E-03	  0.3559E+00
  0.1857E+02	  0.6196E-03	  0.3648E+00
  0.1893E+02	  0.5426E-03	  0.3734E+00
  0.1929E+02	  0.4742E-03	  0.3816E+00
  0.1965E+02	  0.4136E-03	  0.3895E+00
  0.2001E+02	  0.3600E-03	  0.3972E+00
  0.2037E+02	  0.3130E-03	  0.4046E+00
  0.2073E+02	  0.2717E-03	  0.4116E+00
  0.2109E+02	  0.2357E-03	  0.4183E+00
  0.2145E+02	  0.2041E-03	  0.4247E+00
  0.2181E+02	  0.1767E-03	  0.4309E+00
  0.2217E+02	  0.1528E-03	  0.4367E+00
  0.2253E+02	  0.1320E-03	  0.4424E+00
  0.2289E+02	  0.1140E-03	  0.4480E+00
  0.2325E+02	  0.9829E-04	  0.4534E+00
  0.2361E+02	  0.8472E-04	  0.4587E+00
  0.2397E+02	  0.7296E-04	  0.4640E+00
  0.2433E+02	  0.6278E-04	  0.4692E+00
  0.2469E+02	  0.5398E-04	  0.4743E+00
  0.2506E+02	  0.4638E-04	  0.4793E+00
  0.2542E+02	  0.3983E-04	  0.4842E+00
  0.2578E+02	  0.3419E-04	  0.4891E+00
  0.2614E+02	  0.2933E-04	  0.4937E+00
  0.2650E+02	  0.2516E-04	  0.4983E+00
  0.2686E+02	  0.2157E-04	  0.5028E+00
  0.2722E+02	  0.1848E-04	  0.5073E+00
  0.2758E+02	  0.1583E-04	  0.5117E+00
  0.2794E+02	  0.1356E-04	  0.5162E+00
  0.2830E+02	  0.1160E-04	  0.5207E+00
  0.2866E+02	  0.9927E-05	  0.5251E+00
  0.2902E+02	  0.8489E-05	  0.5295E+00
  0.2938E+02	  0.7257E-05	  0.5338E+00
  0.2974E+02	  0.6200E-05	  0.5381E+00
  0.3010E+02	  0.5296E-05	  0.5423E+00
  0.3046E+02	  0.4522E-05	  0.5465E+00
  0.3082E+02	  0.3861E-05	  0.5507E+00
  0.3118E+02	  0.3296E-05	  0.5547E+00
  0.3154E+02	  0.2814E-05	  0.5587E+00
  0.3191E+02	  0.2402E-05	  0.5627E+00
  0.3227E+02	  0.2050E-05	  0.5665E+00
  0.3263E+02	  0.1749E-05	  0.5703E+00
  0.3299E+02	  0.1493E-05	  0.5739E+00
  0.3335E+02	  0.1274E-05	  0.5775E+00
  0.3371E+02	  0.1087E-05	  0.5810E+00
  0.3407E+02	  0.9273E-06	  0.5844E+00
  0.3443E+02	  0.7912E-06	  0.5876E+00
  0.3479E+02	  0.6750E-06	  0.5908E+00
  0.3515E+02	  0.5759E-06	  0.5939E+00
  0.3551E+02	  0.4914E-06	  0.5968E+00
  0.3587E+02	  0.4193E-06	  0.5995E+00
  0.3623E+02	  0.3578E-06	  0.6021E+00
  0.3659E+02	  0.3054E-06	  0.6045E+00
  0.3695E+02	  0.2606E-06	  0.6068E+00
  0.3731E+02	  0.2225E-06	  0.6090E+00
  0.3767E+02	  0.1899E-06	  0.6112E+00
  0.3803E+02	  0.1622E-06	  0.6132E+00
  0.3839E+02	  0.1385E-06	  0.6152E+00
  0.3875E+02	  0.1183E-06	  0.6171E+00
  0.3912E+02	  0.1010E-06	  0.6189E+00
  0.3948E+02	  0.8628E-07	  0.6208E+00
  0.3984E+02	  0.7371E-07	  0.6227E+00
  0.4020E+02	  0.6297E-07	  0.6247E+00
  0.4056E+02	  0.5381E-07	  0.6266E+00
  0.4092E+02	  0.4600E-07	  0.6285E+00
  0.4128E+02	  0.3933E-07	  0.6304E+00
  0.4164E+02	  0.3363E-07	  0.6322E+00
  0.4200E+02	  0.2877E-07	  0.6340E+00
  0.4236E+02	  0.2462E-07	  0.6358E+00
  0.4272E+02	  0.2108E-07	  0.6375E+00
  0.4308E+02	  0.1805E-07	  0.6391E+00
  0.4344E+02	  0.1545E-07	  0.6407E+00
  0.4380E+02	  0.1324E-07	  0.6423E+00
  0.4416E+02	  0.1135E-07	  0.6438E+00
  0.4452E+02	  0.9725E-08	  0.6454E+00
  0.4488E+02	  0.8338E-08	  0.6468E+00
  0.4524E+02	  0.7150E-08	  0.6483E+00
  0.4560E+02	  0.6134E-08	  0.6497E+00
  0.4596E+02	  0.5263E-08	  0.6510E+00
  0.4633E+02	  0.4518E-08	  0.6522E+00
  0.4669E+02	  0.3879E-08	  0.6535E+00
  0.4705E+02	  0.3331E-08	  0.6547E+00
  0.4741E+02	  0.2861E-08	  0.6560E+00
  0.4777E+02	  0.2458E-08	  0.6572E+00
  0.4813E+02	  0.2113E-08	  0.6584E+00
  0.4849E+02	  0.1816E-08	  0.6597E+00
  0.4885E+02	  0.1561E-08	  0.6609E+00
  0.4921E+02	  0.1343E-08	  0.6622E+00
  0.4957E+02	  0.1155E-08	  0.6635E+00
  0.4993E+02	  0.9937E-09	  0.6648E+00
  0.5029E+02	  0.8551E-09	  0.6662E+00
  0.5065E+02	  0.7359E-09	  0.6675E+00
  0.5101E+02	  0.6336E-09	  0.6689E+00
  0.5137E+02	  0.5456E-09	  0.6703E+00
  0.5173E+02	  0.4699E-09	  0.6718E+00
  0.5209E+02	  0.4048E-09	  0.6732E+00
  0.5245E+02	  0.3488E-09	  0.6746E+00
  0.5281E+02	  0.3006E-09	  0.6760E+00
  0.5318E+02	  0.2591E-09	  0.6774E+00
  0.5354E+02	  0.2234E-09	  0.6788E+00
  0.5390E+02	  0.1927E-09	  0.6802E+00
  0.5426E+02	  0.1662E-09	  0.6815E+00
  0.5462E+02	  0.1434E-09	  0.6828E+00
  0.5498E+02	  0.1237E-09	  0.6842E+00
  0.5534E+02	  0.1068E-09	  0.6855E+00
  0.5570E+02	  0.9219E-10	  0.6867E+00
  0.5606E+02	  0.7960E-10	  0.6880E+00
  0.5642E+02	  0.6875E-10	  0.6892E+00
  0.5678E+02	  0.5938E-10	  0.6905E+00
  0.5714E+02	  0.5130E-10	  0.6917E+00
  0.5750E+02	  0.4433E-10	  0.6929E+00
  0.5786E+02	  0.3831E-10	  0.6941E+00
  0.5822E+02	  0.3312E-10	  0.6953E+00
  0.5858E+02	  0.2863E-10	  0.6966E+00
  0.5894E+02	  0.2476E-10	  0.6978E+00
  0.5930E+02	  0.2141E-10	  0.6991E+00
  0.5966E+02	  0.1852E-10	  0.7004E+00
  0.6002E+02	  0.1602E-10	  0.7017E+00
  0.6039E+02	  0.1386E-10	  0.7031E+00
  0.6075E+02	  0.1200E-10	  0.7044E+00
  0.6111E+02	  0.1038E-10	  0.7058E+00
  0.6147E+02	  0.8987E-11	  0.7072E+00
  0.6183E+02	  0.7781E-11	  0.7085E+00
  0.6219E+02	  0.6738E-11	  0.7098E+00
  0.6255E+02	  0.5836E-11	  0.7111E+00
  0.6291E+02	  0.5055E-11	  0.7124E+00
  0.6327E+02	  0.4380E-11	  0.7136E+00
  0.6363E+02	  0.3795E-11	  0.7149E+00
  0.6399E+02	  0.3289E-11	  0.7160E+00
  0.6435E+02	  0.2852E-11	  0.7171E+00
  0.6471E+02	  0.2472E-11	  0.7182E+00
  0.6507E+02	  0.2144E-11	  0.7193E+00
  0.6543E+02	  0.1860E-11	  0.7204E+00
  0.6579E+02	  0.1613E-11	  0.7214E+00
  0.6615E+02	  0.1400E-11	  0.7225E+00
  0.6651E+02	  0.1214E-11	  0.7236E+00
  0.6687E+02	  0.1054E-11	  0.7246E+00
  0.6723E+02	  0.9150E-12	  0.7257E+00
  0.6760E+02	  0.7943E-12	  0.7268E+00
  0.6796E+02	  0.6897E-12	  0.7278E+00
  0.6832E+02	  0.5990E-12	  0.7289E+00
  0.6868E+02	  0.5202E-12	  0.7300E+00
  0.6904E+02	  0.4519E-12	  0.7311E+00
  0.6940E+02	  0.3926E-12	  0.7323E+00
  0.6976E+02	  0.3411E-12	  0.7335E+00
  0.7012E+02	  0.2964E-12	  0.7347E+00
  0.7048E+02	  0.2576E-12	  0.7359E+00
  0.7084E+02	  0.2240E-12	  0.7371E+00
  0.7120E+02	  0.1947E-12	  0.7383E+00
  0.7156E+02	  0.1694E-12	  0.7395E+00
  0.7192E+02	  0.1473E-12	  0.7407E+00
  0.7228E+02	  0.1282E-12	  0.7419E+00
  0.7264E+02	  0.1115E-12	  0.7431E+00
  0.7300E+02	  0.9707E-13	  0.7442E+00
  0.7336E+02	  0.8450E-13	  0.7454E+00
  0.7372E+02	  0.7357E-13	  0.7465E+00
  0.7408E+02	  0.6407E-13	  0.7477E+00
  0.7445E+02	  0.5581E-13	  0.7488E+00
  0.7481E+02	  0.4862E-13	  0.7499E+00
  0.7517E+02	  0.4237E-13	  0.7510E+00
  0.7553E+02	  0.3692E-13	  0.7521E+00
  0.7589E+02	  0.3219E-13	  0.7532E+00
  0.7625E+02	  0.2806E-13	  0.7543E+00
  0.7661E+02	  0.2447E-13	  0.7554E+00
  0.7697E+02	  0.2134E-13	  0.7564E+00
  0.7733E+02	  0.1862E-13	  0.7574E+00
  0.7769E+02	  0.1625E-13	  0.7583E+00
  0.7805E+02	  0.1418E-13	  0.7592E+00
  0.7841E+02	  0.1238E-13	  0.7601E+00
  0.7877E+02	  0.1081E-13	  0.7608E+00
  0.7913E+02	  0.9436E-14	  0.7615E+00
  0.7949E+02	  0.8242E-14	  0.7622E+00
  0.7985E+02	  0.7201E-14	  0.7629E+00
  0.8021E+02	  0.6293E-14	  0.7635E+00
  0.8057E+02	  0.5500E-14	  0.7641E+00
  0.8093E+02	  0.4808E-14	  0.7647E+00
  0.8129E+02	  0.4204E-14	  0.7654E+00
  0.8166E+02	  0.3676E-14	  0.7660E+00
  0.8202E+02	  0.3216E-14	  0.7666E+00
  0.8238E+02	  0.2813E-14	  0.7672E+00
  0.8274E+02	  0.2462E-14	  0.7678E+00
  0.8310E+02	  0.2154E-14	  0.7683E+00
  0.8346E+02	  0.1886E-14	  0.7689E+00
  0.8382E+02	  0.1651E-14	  0.7695E+00
  0.8418E+02	  0.1446E-14	  0.7700E+00
  0.8454E+02	  0.1266E-14	  0.7706E+00
  0.8490E+02	  0.1109E-14	  0.7712E+00
  0.8526E+02	  0.9717E-15	  0.7717E+00
  0.8562E+02	  0.8515E-15	  0.7722E+00
  0.8598E+02	  0.7463E-15	  0.7728E+00
  0.8634E+02	  0.6542E-15	  0.7733E+00
  0.8670E+02	  0.5736E-15	  0.7738E+00
  0.8706E+02	  0.5029E-15	  0.7744E+00
  0.8742E+02	  0.4411E-15	  0.7749E+00
  0.8778E+02	  0.3869E-15	  0.7754E+00
  0.8814E+02	  0.3395E-15	  0.7759E+00
  0.8850E+02	  0.2979E-15	  0.7765E+00
  0.8887E+02	  0.2614E-15	  0.7770E+00
  0.8923E+02	  0.2295E-15	  0.7776E+00
  0.8959E+02	  0.2014E-15	  0.7781E+00
  0.8995E+02	  0.1769E-15	  0.7787E+00
  0.9031E+02	  0.1553E-15	  0.7793E+00
  0.9067E+02	  0.1364E-15	  0.7798E+00
  0.9103E+02	  0.1198E-15	  0.7804E+00
  0.9139E+02	  0.1053E-15	  0.7810E+00
  0.9175E+02	  0.9253E-16	  0.7816E+00
  0.9211E+02	  0.8132E-16	  0.7821E+00
  0.9247E+02	  0.7149E-16	  0.7827E+00
  0.9283E+02	  0.6286E-16	  0.7832E+00
  0.9319E+02	  0.5527E-16	  0.7838E+00
  0.9355E+02	  0.4862E-16	  0.7843E+00
  0.9391E+02	  0.4277E-16	  0.7849E+00
  0.9427E+02	  0.3763E-16	  0.7854E+00
  0.9463E+02	  0.3311E-16	  0.7860E+00
  0.9499E+02	  0.2914E-16	  0.7865E+00
  0.9535E+02	  0.2565E-16	  0.7870E+00
  0.9572E+02	  0.2258E-16	  0.7875E+00
  0.9608E+02	  0.1989E-16	  0.7881E+00
  0.9644E+02	  0.1751E-16	  0.7886E+00
  0.9680E+02	  0.1543E-16	  0.7891E+00
  0.9716E+02	  0.1359E-16	  0.7896E+00
  0.9752E+02	  0.1198E-16	  0.7902E+00
  0.9788E+02	  0.1055E-16	  0.7907E+00
  0.9824E+02	  0.9301E-17	  0.7912E+00
  0.9860E+02	  0.8199E-17	  0.7918E+00
  0.9896E+02	  0.7229E-17	  0.7923E+00
  0.9932E+02	  0.6374E-17	  0.7929E+00
  0.9968E+02	  0.5621E-17	  0.7935E+00
  0.1000E+03	  0.4958E-17	  0.7940E+00
  0.1004E+03	  0.4374E-17	  0.7946E+00
  0.1008E+03	  0.3859E-17	  0.7952E+00
  0.1011E+03	  0.3406E-17	  0.7958E+00
  0.1015E+03	  0.3006E-17	  0.7964E+00
  0.1018E+03	  0.2654E-17	  0.7969E+00
  0.1022E+03	  0.2343E-17	  0.7975E+00
  0.1026E+03	  0.2069E-17	  0.7981E+00
  0.1029E+03	  0.1827E-17	  0.7987E+00
  0.1033E+03	  0.1614E-17	  0.7992E+00
  0.1036E+03	  0.1426E-17	  0.7998E+00
  0.1040E+03	  0.1260E-17	  0.8004E+00
  0.1044E+03	  0.1113E-17	  0.8010E+00
  0.1047E+03	  0.9841E-18	  0.8015E+00
  0.1051E+03	  0.8699E-18	  0.8021E+00
  0.1054E+03	  0.7692E-18	  0.8026E+00
  0.1058E+03	  0.6802E-18	  0.8032E+00
  0.1062E+03	  0.6015E-18	  0.8038E+00
  0.1065E+03	  0.5321E-18	  0.8043E+00
  0.1069E+03	  0.4707E-18	  0.8049E+00
  0.1073E+03	  0.4165E-18	  0.8054E+00
  0.1076E+03	  0.3686E-18	  0.8059E+00
  0.1080E+03	  0.3263E-18	  0.8065E+00
  0.1083E+03	  0.2888E-18	  0.8070E+00
  0.1087E+03	  0.2557E-18	  0.8076E+00
  0.1091E+03	  0.2264E-18	  0.8081E+00
  0.1094E+03	  0.2005E-18	  0.8086E+00
  0.1098E+03	  0.1776E-18	  0.8091E+00
  0.1101E+03	  0.1573E-18	  0.8097E+00
  0.1105E+03	  0.1394E-18	  0.8102E+00
  0.1109E+03	  0.1235E-18	  0.8107E+00
  0.1112E+03	  0.1095E-18	  0.8112E+00
  0.1116E+03	  0.9704E-19	  0.8117E+00
  0.1119E+03	  0.8602E-19	  0.8122E+00
  0.1123E+03	  0.7627E-19	  0.8128E+00
  0.1127E+03	  0.6764E-19	  0.8133E+00
  0.1130E+03	  0.5998E-19	  0.8138E+00
  0.1134E+03	  0.5321E-19	  0.8143E+00
  0.1137E+03	  0.4720E-19	  0.8148E+00
  0.1141E+03	  0.4188E-19	  0.8153E+00
  0.1145E+03	  0.3716E-19	  0.8158E+00
  0.1148E+03	  0.3298E-19	  0.8162E+00
  0.1152E+03	  0.2927E-19	  0.8167E+00
  0.1155E+03	  0.2599E-19	  0.8172E+00
  0.1159E+03	  0.2307E-19	  0.8177E+00
  0.1163E+03	  0.2049E-19	  0.8182E+00
  0.1166E+03	  0.1820E-19	  0.8187E+00
  0.1170E+03	  0.1616E-19	  0.8192E+00
  0.1173E+03	  0.1436E-19	  0.8196E+00
  0.1177E+03	  0.1275E-19	  0.8201E+00
  0.1181E+03	  0.1133E-19	  0.8206E+00
  0.1184E+03	  0.1007E-19	  0.8210E+00
  0.1188E+03	  0.8951E-20	  0.8215E+00
  0.1191E+03	  0.7957E-20	  0.8220E+00
  0.1195E+03	  0.7074E-20	  0.8224E+00
  0.1199E+03	  0.6290E-20	  0.8229E+00
  0.1202E+03	  0.5593E-20	  0.8234E+00
  0.1206E+03	  0.4974E-20	  0.8238E+00
  0.1210E+03	  0.4424E-20	  0.8243E+00
  0.1213E+03	  0.3936E-20	  0.8247E+00
  0.1217E+03	  0.3502E-20	  0.8252E+00
  0.1220E+03	  0.3116E-20	  0.8256E+00
  0.1224E+03	  0.2773E-20	  0.8261E+00
  0.1228E+03	  0.2468E-20	  0.8265E+00
  0.1231E+03	  0.2197E-20	  0.8270E+00
  0.1235E+03	  0.1955E-20	  0.8274E+00
  0.1238E+03	  0.1741E-20	  0.8278E+00
  0.1242E+03	  0.1550E-20	  0.8283E+00
  0.1246E+03	  0.1381E-20	  0.8287E+00
  0.1249E+03	  0.1230E-20	  0.8291E+00
  0.1253E+03	  0.1096E-20	  0.8295E+00
  0.1256E+03	  0.9760E-21	  0.8298E+00
  0.1260E+03	  0.8697E-21	  0.8302E+00
  0.1264E+03	  0.7750E-21	  0.8305E+00
  0.1267E+03	  0.6908E-21	  0.8308E+00
  0.1271E+03	  0.6157E-21	  0.8311E+00
  0.1274E+03	  0.5489E-21	  0.8314E+00
  0.1278E+03	  0.4894E-21	  0.8317E+00
  0.1282E+03	  0.4365E-21	  0.8320E+00
  0.1285E+03	  0.3893E-21	  0.8323E+00
  0.1289E+03	  0.3472E-21	  0.8326E+00
  0.1292E+03	  0.3097E-21	  0.8329E+00
  0.1296E+03	  0.2764E-21	  0.8332E+00
  0.1300E+03	  0.2466E-21	  0.8335E+00
  0.1303E+03	  0.2201E-21	  0.8337E+00
  0.1307E+03	  0.1964E-21	  0.8340E+00
  0.1310E+03	  0.1753E-21	  0.8343E+00
  0.1314E+03	  0.1565E-21	  0.8346E+00
  0.1318E+03	  0.1398E-21	  0.8349E+00
  0.1321E+03	  0.1248E-21	  0.8351E+00
  0.1325E+03	  0.1115E-21	  0.8354E+00
  0.1328E+03	  0.9956E-22	  0.8357E+00
  0.1332E+03	  0.8894E-22	  0.8360E+00
  0.1336E+03	  0.7947E-22	  0.8362E+00
  0.1339E+03	  0.7101E-22	  0.8365E+00
  0.1343E+03	  0.6345E-22	  0.8368E+00
  0.1346E+03	  0.5671E-22	  0.8370E+00
  0.1350E+03	  0.5069E-22	  0.8373E+00
  0.1354E+03	  0.4532E-22	  0.8375E+00
  0.1357E+03	  0.4052E-22	  0.8378E+00
  0.1361E+03	  0.3623E-22	  0.8380E+00
  0.1365E+03	  0.3240E-22	  0.8383E+00
  0.1368E+03	  0.2898E-22	  0.8385E+00
  0.1372E+03	  0.2592E-22	  0.8388E+00
  0.1375E+03	  0.2319E-22	  0.8390E+00
  0.1379E+03	  0.2075E-22	  0.8393E+00
  0.1383E+03	  0.1857E-22	  0.8395E+00
  0.1386E+03	  0.1662E-22	  0.8397E+00
  0.1390E+03	  0.1487E-22	  0.8400E+00
  0.1393E+03	  0.1331E-22	  0.8402E+00
  0.1397E+03	  0.1192E-22	  0.8404E+00
  0.1401E+03	  0.1067E-22	  0.8406E+00
  0.1404E+03	  0.9556E-23	  0.8409E+00
  0.1408E+03	  0.8558E-23	  0.8411E+00
  0.1411E+03	  0.7665E-23	  0.8413E+00
  0.1415E+03	  0.6866E-23	  0.8414E+00
  0.1419E+03	  0.6151E-23	  0.8416E+00
  0.1422E+03	  0.5511E-23	  0.8418E+00
  0.1426E+03	  0.4939E-23	  0.8420E+00
  0.1429E+03	  0.4426E-23	  0.8421E+00
  0.1433E+03	  0.3967E-23	  0.8422E+00
  0.1437E+03	  0.3556E-23	  0.8423E+00
  0.1440E+03	  0.3188E-23	  0.8425E+00
  0.1444E+03	  0.2859E-23	  0.8426E+00
  0.1447E+03	  0.2563E-23	  0.8427E+00
  0.1451E+03	  0.2299E-23	  0.8428E+00
  0.1455E+03	  0.2062E-23	  0.8429E+00
  0.1458E+03	  0.1850E-23	  0.8431E+00
  0.1462E+03	  0.1659E-23	  0.8432E+00
  0.1465E+03	  0.1489E-23	  0.8433E+00
  0.1469E+03	  0.1336E-23	  0.8434E+00
  0.1473E+03	  0.1199E-23	  0.8435E+00
  0.1476E+03	  0.1076E-23	  0.8437E+00
  0.1480E+03	  0.9660E-24	  0.8438E+00
  0.1483E+03	  0.8672E-24	  0.8439E+00
  0.1487E+03	  0.7786E-24	  0.8441E+00
  0.1491E+03	  0.6991E-24	  0.8442E+00
  0.1494E+03	  0.6279E-24	  0.8443E+00
  0.1498E+03	  0.5639E-24	  0.8445E+00
  0.1502E+03	  0.5065E-24	  0.8446E+00
  0.1505E+03	  0.4550E-24	  0.8447E+00
  0.1509E+03	  0.4088E-24	  0.8449E+00
  0.1512E+03	  0.3674E-24	  0.8450E+00
  0.1516E+03	  0.3301E-24	  0.8451E+00
 
 
R16 
------------------------------------------------------------
Electric field / N (Td)                    500.0    
Angular frequency / N (m3/s)              0.4724E-12
Cosine of E-B field angle                  0.000    
Gas temperature (K)                        300.0    
Excitation temperature (K)                 300.0    
Transition energy (eV)                     0.000    
Ionization degree                          0.000    
Plasma density (1/m3)                     0.1000E+19
Ion charge parameter                       1.000    
Ion/neutral mass ratio                     1.000    
Coulomb collision model                    1.000    
Energy sharing                             0.000    
Growth model                               1.000    
Maxwellian mean energy (eV)                0.000    
# of grid points                           500.0    
Grid type                                  1.000    
Maximum energy                             30.00    
Precision                                 0.1000E-24
Convergence                               0.1000E-03
Maximum # of iterations                   0.2000E+05
Mole fraction Ar                           1.000    
------------------------------------------------------------
Mean energy (eV)                           3.649    
Mobility *N (1/m/V/s)                     0.3933E+26
Re/perp mobility *N (1/m/V/s)             0.7260E+23
Im/Hall mobility *N (1/m/V/s)            -0.3637E+24
Diffusion coefficient *N (1/m/s)          0.1516E+26
Energy mobility *N (1/m/V/s)              0.6502E+25
Energy diffusion coef. *N (1/m/s)         0.6552E+25
Total collision freq. /N (m3/s)           0.7906E-13
Momentum frequency /N (m3/s)              0.9591E-13
Total ionization freq. /N (m3/s)          0.4061E-15
Power /N (eV m3/s)                        0.1815E-13
Elastic power loss /N (eV m3/s)           0.2173E-16
Inelastic power loss /N (eV m3/s)         0.1673E-13
Growth power /N (eV m3/s)                 0.1489E-14
Maximum energy                             215.7    
# of iterations                            215.0    
# of grid trials                           12.00    
------------------------------------------------------------
Rate coefficients (m3/s)
C1    Ar    Elastic                       0.7786E-13
C2    Ar    Excitation    11.55 eV        0.8201E-16
C3    Ar    Excitation    11.62 eV        0.9203E-16
C4    Ar    Excitation    11.72 eV        0.1553E-16
C5    Ar    Excitation    11.83 eV        0.1652E-15
C6    Ar    Excitation    12.91 eV        0.1830E-16
C7    Ar    Excitation    13.08 eV        0.2578E-16
C8    Ar    Excitation    13.10 eV        0.1851E-16
C9    Ar    Excitation    13.15 eV        0.1404E-16
C10   Ar    Excitation    13.17 eV        0.1801E-16
C11   Ar    Excitation    13.27 eV        0.8185E-17
C12   Ar    Excitation    13.28 eV        0.1369E-16
C13   Ar    Excitation    13.30 eV        0.1136E-16
C14   Ar    Excitation    13.33 eV        0.7557E-17
C15   Ar    Excitation    13.48 eV        0.2717E-16
C16   Ar    Excitation    13.85 eV        0.1015E-16
C17   Ar    Excitation    13.86 eV        0.4994E-16
C18   Ar    Excitation    13.90 eV        0.3667E-16
C19   Ar    Excitation    13.98 eV        0.3670E-16
C20   Ar    Excitation    14.01 eV        0.1341E-16
C21   Ar    Excitation    14.06 eV        0.1474E-16
C22   Ar    Excitation    14.07 eV        0.1473E-16
C23   Ar    Excitation    14.09 eV        0.4239E-17
C24   Ar    Excitation    14.10 eV        0.3165E-17
C25   Ar    Excitation    14.15 eV        0.1183E-16
C26   Ar    Excitation    14.21 eV        0.1909E-16
C27   Ar    Excitation    14.23 eV        0.1195E-16
C28   Ar    Excitation    14.24 eV        0.4740E-17
C29   Ar    Excitation    14.24 eV        0.2920E-17
C30   Ar    Excitation    14.26 eV        0.1672E-17
C31   Ar    Excitation    14.30 eV        0.1365E-16
C32   Ar    Excitation    14.71 eV        0.2305E-18
C33   Ar    Excitation    14.85 eV        0.1633E-17
C34   Ar    Excitation    14.86 eV        0.5459E-17
C35   Ar    Excitation    15.00 eV        0.2195E-17
C36   Ar    Excitation    15.02 eV        0.2290E-17
C37   Ar    Excitation    15.12 eV        0.4070E-18
C38   Ar    Excitation    15.19 eV        0.4090E-17
C39   Ar    Excitation    15.19 eV        0.4082E-17
C40   Ar    Excitation    15.31 eV        0.6782E-19
C41   Ar    Excitation    15.35 eV        0.4515E-19
C42   Ar    Excitation    15.36 eV        0.6523E-19
C43   Ar    Excitation    15.37 eV        0.1142E-17
C44   Ar    Excitation    15.37 eV        0.2539E-17
C45   Ar    Excitation    15.66 eV        0.1034E-16
C46   Ar    Ionization    15.76 eV        0.4062E-15
------------------------------------------------------------
Energy (eV) EEDF (eV-3/2) Anisotropy
  0.2157E+00	  0.2168E+01	  0.1462E-01
  0.6470E+00	  0.3011E+00	  0.1632E-01
  0.1078E+01	  0.1358E+00	  0.1971E-01
  0.1510E+01	  0.8514E-01	  0.2356E-01
  0.1941E+01	  0.6137E-01	  0.2782E-01
  0.2372E+01	  0.4761E-01	  0.3274E-01
  0.2804E+01	  0.3872E-01	  0.3834E-01
  0.3235E+01	  0.3247E-01	  0.4454E-01
  0.3666E+01	  0.2778E-01	  0.5126E-01
  0.4097E+01	  0.2412E-01	  0.5841E-01
  0.4529E+01	  0.2123E-01	  0.6578E-01
  0.4960E+01	  0.1890E-01	  0.7322E-01
  0.5391E+01	  0.1698E-01	  0.8065E-01
  0.5823E+01	  0.1538E-01	  0.8798E-01
  0.6254E+01	  0.1401E-01	  0.9519E-01
  0.6685E+01	  0.1282E-01	  0.1023E+00
  0.7117E+01	  0.1179E-01	  0.1092E+00
  0.7548E+01	  0.1087E-01	  0.1161E+00
  0.7979E+01	  0.1004E-01	  0.1230E+00
  0.8411E+01	  0.9290E-02	  0.1299E+00
  0.8842E+01	  0.8610E-02	  0.1367E+00
  0.9273E+01	  0.7987E-02	  0.1437E+00
  0.9705E+01	  0.7413E-02	  0.1508E+00
  0.1014E+02	  0.6881E-02	  0.1582E+00
  0.1057E+02	  0.6384E-02	  0.1659E+00
  0.1100E+02	  0.5914E-02	  0.1742E+00
  0.1143E+02	  0.5469E-02	  0.1832E+00
  0.1186E+02	  0.5046E-02	  0.1927E+00
  0.1229E+02	  0.4646E-02	  0.2025E+00
  0.1272E+02	  0.4268E-02	  0.2126E+00
  0.1316E+02	  0.3910E-02	  0.2234E+00
  0.1359E+02	  0.3571E-02	  0.2356E+00
  0.1402E+02	  0.3249E-02	  0.2486E+00
  0.1445E+02	  0.2944E-02	  0.2618E+00
  0.1488E+02	  0.2659E-02	  0.2747E+00
  0.1531E+02	  0.2393E-02	  0.2876E+00
  0.1574E+02	  0.2146E-02	  0.3007E+00
  0.1617E+02	  0.1917E-02	  0.3138E+00
  0.1661E+02	  0.1707E-02	  0.3264E+00
  0.1704E+02	  0.1515E-02	  0.3385E+00
  0.1747E+02	  0.1341E-02	  0.3500E+00
  0.1790E+02	  0.1183E-02	  0.3611E+00
  0.1833E+02	  0.1041E-02	  0.3715E+00
  0.1876E+02	  0.9138E-03	  0.3816E+00
  0.1919E+02	  0.8005E-03	  0.3911E+00
  0.1962E+02	  0.6999E-03	  0.4002E+00
  0.2006E+02	  0.6106E-03	  0.4091E+00
  0.2049E+02	  0.5319E-03	  0.4174E+00
  0.2092E+02	  0.4628E-03	  0.4253E+00
  0.2135E+02	  0.4023E-03	  0.4329E+00
  0.2178E+02	  0.3493E-03	  0.4400E+00
  0.2221E+02	  0.3030E-03	  0.4468E+00
  0.2264E+02	  0.2626E-03	  0.4534E+00
  0.2308E+02	  0.2274E-03	  0.4598E+00
  0.2351E+02	  0.1967E-03	  0.4661E+00
  0.2394E+02	  0.1701E-03	  0.4722E+00
  0.2437E+02	  0.1469E-03	  0.4783E+00
  0.2480E+02	  0.1268E-03	  0.4842E+00
  0.2523E+02	  0.1093E-03	  0.4901E+00
  0.2566E+02	  0.9425E-04	  0.4958E+00
  0.2609E+02	  0.8120E-04	  0.5013E+00
  0.2653E+02	  0.6994E-04	  0.5066E+00
  0.2696E+02	  0.6021E-04	  0.5119E+00
  0.2739E+02	  0.5182E-04	  0.5172E+00
  0.2782E+02	  0.4457E-04	  0.5224E+00
  0.2825E+02	  0.3832E-04	  0.5277E+00
  0.2868E+02	  0.3294E-04	  0.5329E+00
  0.2911E+02	  0.2830E-04	  0.5380E+00
  0.2954E+02	  0.2430E-04	  0.5430E+00
  0.2998E+02	  0.2085E-04	  0.5480E+00
  0.3041E+02	  0.1789E-04	  0.5529E+00
  0.3084E+02	  0.1535E-04	  0.5578E+00
  0.3127E+02	  0.1317E-04	  0.5625E+00
  0.3170E+02	  0.1130E-04	  0.5671E+00
  0.3213E+02	  0.9692E-05	  0.5716E+00
  0.3256E+02	  0.8313E-05	  0.5760E+00
  0.3300E+02	  0.7131E-05	  0.5803E+00
  0.3343E+02	  0.6116E-05	  0.5844E+00
  0.3386E+02	  0.5246E-05	  0.5883E+00
  0.3429E+02	  0.4499E-05	  0.5921E+00
  0.3472E+02	  0.3859E-05	  0.5958E+00
  0.3515E+02	  0.3311E-05	  0.5993E+00
  0.3558E+02	  0.2840E-05	  0.6026E+00
  0.3601E+02	  0.2437E-05	  0.6057E+00
  0.3645E+02	  0.2091E-05	  0.6085E+00
  0.3688E+02	  0.1795E-05	  0.6112E+00
  0.3731E+02	  0.1541E-05	  0.6138E+00
  0.3774E+02	  0.1323E-05	  0.6163E+00
  0.3817E+02	  0.1136E-05	  0.6186E+00
  0.3860E+02	  0.9753E-06	  0.6208E+00
  0.3903E+02	  0.8377E-06	  0.6230E+00
  0.3947E+02	  0.7196E-06	  0.6253E+00
  0.3990E+02	  0.6182E-06	  0.6275E+00
  0.4033E+02	  0.5312E-06	  0.6297E+00
  0.4076E+02	  0.4566E-06	  0.6320E+00
  0.4119E+02	  0.3926E-06	  0.6341E+00
  0.4162E+02	  0.3377E-06	  0.6362E+00
  0.4205E+02	  0.2906E-06	  0.6383E+00
  0.4248E+02	  0.2501E-06	  0.6403E+00
  0.4292E+02	  0.2153E-06	  0.6422E+00
  0.4335E+02	  0.1855E-06	  0.6441E+00
  0.4378E+02	  0.1598E-06	  0.6459E+00
  0.4421E+02	  0.1377E-06	  0.6477E+00
  0.4464E+02	  0.1187E-06	  0.6494E+00
  0.4507E+02	  0.1024E-06	  0.6511E+00
  0.4550E+02	  0.8835E-07	  0.6527E+00
  0.4593E+02	  0.7625E-07	  0.6543E+00
  0.4637E+02	  0.6582E-07	  0.6558E+00
  0.4680E+02	  0.5684E-07	  0.6572E+00
  0.4723E+02	  0.4910E-07	  0.6587E+00
  0.4766E+02	  0.4243E-07	  0.6601E+00
  0.4809E+02	  0.3667E-07	  0.6616E+00
  0.4852E+02	  0.3171E-07	  0.6630E+00
  0.4895E+02	  0.2742E-07	  0.6645E+00
  0.4939E+02	  0.2372E-07	  0.6660E+00
  0.4982E+02	  0.2052E-07	  0.6676E+00
  0.5025E+02	  0.1776E-07	  0.6692E+00
  0.5068E+02	  0.1538E-07	  0.6708E+00
  0.5111E+02	  0.1331E-07	  0.6724E+00
  0.5154E+02	  0.1153E-07	  0.6741E+00
  0.5197E+02	  0.9990E-08	  0.6758E+00
  0.5240E+02	  0.8657E-08	  0.6774E+00
  0.5284E+02	  0.7504E-08	  0.6791E+00
  0.5327E+02	  0.6506E-08	  0.6807E+00
  0.5370E+02	  0.5643E-08	  0.6823E+00
  0.5413E+02	  0.4895E-08	  0.6838E+00
  0.5456E+02	  0.4247E-08	  0.6854E+00
  0.5499E+02	  0.3686E-08	  0.6869E+00
  0.5542E+02	  0.3200E-08	  0.6884E+00
  0.5585E+02	  0.2779E-08	  0.6899E+00
  0.5629E+02	  0.2413E-08	  0.6914E+00
  0.5672E+02	  0.2097E-08	  0.6928E+00
  0.5715E+02	  0.1822E-08	  0.6942E+00
  0.5758E+02	  0.1583E-08	  0.6957E+00
  0.5801E+02	  0.1376E-08	  0.6971E+00
  0.5844E+02	  0.1197E-08	  0.6986E+00
  0.5887E+02	  0.1041E-08	  0.7000E+00
  0.5931E+02	  0.9052E-09	  0.7015E+00
  0.5974E+02	  0.7875E-09	  0.7030E+00
  0.6017E+02	  0.6852E-09	  0.7046E+00
  0.6060E+02	  0.5963E-09	  0.7062E+00
  0.6103E+02	  0.5190E-09	  0.7078E+00
  0.6146E+02	  0.4519E-09	  0.7094E+00
  0.6189E+02	  0.3935E-09	  0.7109E+00
  0.6232E+02	  0.3427E-09	  0.7124E+00
  0.6276E+02	  0.2986E-09	  0.7139E+00
  0.6319E+02	  0.2602E-09	  0.7154E+00
  0.6362E+02	  0.2267E-09	  0.7168E+00
  0.6405E+02	  0.1977E-09	  0.7181E+00
  0.6448E+02	  0.1723E-09	  0.7194E+00
  0.6491E+02	  0.1503E-09	  0.7207E+00
  0.6534E+02	  0.1311E-09	  0.7219E+00
  0.6578E+02	  0.1144E-09	  0.7232E+00
  0.6621E+02	  0.9982E-10	  0.7244E+00
  0.6664E+02	  0.8712E-10	  0.7257E+00
  0.6707E+02	  0.7606E-10	  0.7269E+00
  0.6750E+02	  0.6641E-10	  0.7282E+00
  0.6793E+02	  0.5799E-10	  0.7295E+00
  0.6836E+02	  0.5065E-10	  0.7307E+00
  0.6879E+02	  0.4425E-10	  0.7320E+00
  0.6923E+02	  0.3866E-10	  0.7334E+00
  0.6966E+02	  0.3378E-10	  0.7347E+00
  0.7009E+02	  0.2952E-10	  0.7362E+00
  0.7052E+02	  0.2581E-10	  0.7376E+00
  0.7095E+02	  0.2256E-10	  0.7390E+00
  0.7138E+02	  0.1973E-10	  0.7404E+00
  0.7181E+02	  0.1726E-10	  0.7418E+00
  0.7224E+02	  0.1510E-10	  0.7432E+00
  0.7268E+02	  0.1322E-10	  0.7445E+00
  0.7311E+02	  0.1157E-10	  0.7459E+00
  0.7354E+02	  0.1013E-10	  0.7472E+00
  0.7397E+02	  0.8874E-11	  0.7485E+00
  0.7440E+02	  0.7773E-11	  0.7498E+00
  0.7483E+02	  0.6811E-11	  0.7511E+00
  0.7526E+02	  0.5969E-11	  0.7524E+00
  0.7570E+02	  0.5232E-11	  0.7536E+00
  0.7613E+02	  0.4588E-11	  0.7549E+00
  0.7656E+02	  0.4023E-11	  0.7560E+00
  0.7699E+02	  0.3529E-11	  0.7572E+00
  0.7742E+02	  0.3097E-11	  0.7583E+00
  0.7785E+02	  0.2718E-11	  0.7593E+00
  0.7828E+02	  0.2386E-11	  0.7603E+00
  0.7871E+02	  0.2095E-11	  0.7612E+00
  0.7915E+02	  0.1840E-11	  0.7620E+00
  0.7958E+02	  0.1616E-11	  0.7627E+00
  0.8001E+02	  0.1420E-11	  0.7635E+00
  0.8044E+02	  0.1248E-11	  0.7642E+00
  0.8087E+02	  0.1098E-11	  0.7649E+00
  0.8130E+02	  0.9652E-12	  0.7656E+00
  0.8173E+02	  0.8489E-12	  0.7663E+00
  0.8217E+02	  0.7468E-12	  0.7670E+00
  0.8260E+02	  0.6572E-12	  0.7676E+00
  0.8303E+02	  0.5784E-12	  0.7683E+00
  0.8346E+02	  0.5092E-12	  0.7690E+00
  0.8389E+02	  0.4484E-12	  0.7696E+00
  0.8432E+02	  0.3949E-12	  0.7702E+00
  0.8475E+02	  0.3478E-12	  0.7709E+00
  0.8518E+02	  0.3065E-12	  0.7715E+00
  0.8562E+02	  0.2701E-12	  0.7721E+00
  0.8605E+02	  0.2381E-12	  0.7727E+00
  0.8648E+02	  0.2099E-12	  0.7733E+00
  0.8691E+02	  0.1851E-12	  0.7739E+00
  0.8734E+02	  0.1632E-12	  0.7745E+00
  0.8777E+02	  0.1440E-12	  0.7751E+00
  0.8820E+02	  0.1270E-12	  0.7757E+00
  0.8863E+02	  0.1121E-12	  0.7764E+00
  0.8907E+02	  0.9896E-13	  0.7770E+00
  0.8950E+02	  0.8736E-13	  0.7776E+00
  0.8993E+02	  0.7714E-13	  0.7783E+00
  0.9036E+02	  0.6813E-13	  0.7789E+00
  0.9079E+02	  0.6018E-13	  0.7796E+00
  0.9122E+02	  0.5317E-13	  0.7802E+00
  0.9165E+02	  0.4698E-13	  0.7809E+00
  0.9209E+02	  0.4153E-13	  0.7815E+00
  0.9252E+02	  0.3671E-13	  0.7821E+00
  0.9295E+02	  0.3246E-13	  0.7828E+00
  0.9338E+02	  0.2871E-13	  0.7834E+00
  0.9381E+02	  0.2539E-13	  0.7840E+00
  0.9424E+02	  0.2247E-13	  0.7846E+00
  0.9467E+02	  0.1988E-13	  0.7852E+00
  0.9510E+02	  0.1760E-13	  0.7858E+00
  0.9554E+02	  0.1558E-13	  0.7864E+00
  0.9597E+02	  0.1379E-13	  0.7870E+00
  0.9640E+02	  0.1222E-13	  0.7876E+00
  0.9683E+02	  0.1082E-13	  0.7882E+00
  0.9726E+02	  0.9586E-14	  0.7888E+00
  0.9769E+02	  0.8494E-14	  0.7894E+00
  0.9812E+02	  0.7528E-14	  0.7900E+00
  0.9855E+02	  0.6673E-14	  0.7907E+00
  0.9899E+02	  0.5916E-14	  0.7913E+00
  0.9942E+02	  0.5246E-14	  0.7919E+00
  0.9985E+02	  0.4652E-14	  0.7926E+00
  0.1003E+03	  0.4127E-14	  0.7933E+00
  0.1007E+03	  0.3661E-14	  0.7939E+00
  0.1011E+03	  0.3249E-14	  0.7946E+00
  0.1016E+03	  0.2884E-14	  0.7953E+00
  0.1020E+03	  0.2560E-14	  0.7959E+00
  0.1024E+03	  0.2273E-14	  0.7966E+00
  0.1029E+03	  0.2018E-14	  0.7972E+00
  0.1033E+03	  0.1793E-14	  0.7979E+00
  0.1037E+03	  0.1593E-14	  0.7985E+00
  0.1042E+03	  0.1415E-14	  0.7992E+00
  0.1046E+03	  0.1258E-14	  0.7998E+00
  0.1050E+03	  0.1118E-14	  0.8005E+00
  0.1055E+03	  0.9938E-15	  0.8011E+00
  0.1059E+03	  0.8837E-15	  0.8017E+00
  0.1063E+03	  0.7859E-15	  0.8023E+00
  0.1067E+03	  0.6991E-15	  0.8030E+00
  0.1072E+03	  0.6219E-15	  0.8036E+00
  0.1076E+03	  0.5534E-15	  0.8042E+00
  0.1080E+03	  0.4925E-15	  0.8048E+00
  0.1085E+03	  0.4384E-15	  0.8054E+00
  0.1089E+03	  0.3903E-15	  0.8060E+00
  0.1093E+03	  0.3476E-15	  0.8066E+00
  0.1098E+03	  0.3095E-15	  0.8072E+00
  0.1102E+03	  0.2757E-15	  0.8078E+00
  0.1106E+03	  0.2456E-15	  0.8084E+00
  0.1111E+03	  0.2189E-15	  0.8090E+00
  0.1115E+03	  0.1951E-15	  0.8096E+00
  0.1119E+03	  0.1739E-15	  0.8101E+00
  0.1124E+03	  0.1550E-15	  0.8107E+00
  0.1128E+03	  0.1382E-15	  0.8113E+00
  0.1132E+03	  0.1233E-15	  0.8119E+00
  0.1137E+03	  0.1099E-15	  0.8124E+00
  0.1141E+03	  0.9807E-16	  0.8130E+00
  0.1145E+03	  0.8750E-16	  0.8135E+00
  0.1149E+03	  0.7808E-16	  0.8141E+00
  0.1154E+03	  0.6969E-16	  0.8146E+00
  0.1158E+03	  0.6221E-16	  0.8152E+00
  0.1162E+03	  0.5554E-16	  0.8157E+00
  0.1167E+03	  0.4959E-16	  0.8163E+00
  0.1171E+03	  0.4429E-16	  0.8168E+00
  0.1175E+03	  0.3956E-16	  0.8174E+00
  0.1180E+03	  0.3534E-16	  0.8179E+00
  0.1184E+03	  0.3158E-16	  0.8184E+00
  0.1188E+03	  0.2822E-16	  0.8189E+00
  0.1193E+03	  0.2522E-16	  0.8195E+00
  0.1197E+03	  0.2254E-16	  0.8200E+00
  0.1201E+03	  0.2015E-16	  0.8205E+00
  0.1206E+03	  0.1802E-16	  0.8210E+00
  0.1210E+03	  0.1612E-16	  0.8215E+00
  0.1214E+03	  0.1441E-16	  0.8220E+00
  0.1218E+03	  0.1289E-16	  0.8225E+00
  0.1223E+03	  0.1154E-16	  0.8230E+00
  0.1227E+03	  0.1032E-16	  0.8235E+00
  0.1231E+03	  0.9238E-17	  0.8240E+00
  0.1236E+03	  0.8269E-17	  0.8245E+00
  0.1240E+03	  0.7403E-17	  0.8249E+00
  0.1244E+03	  0.6628E-17	  0.8254E+00
  0.1249E+03	  0.5935E-17	  0.8258E+00
  0.1253E+03	  0.5316E-17	  0.8262E+00
  0.1257E+03	  0.4762E-17	  0.8266E+00
  0.1262E+03	  0.4266E-17	  0.8270E+00
  0.1266E+03	  0.3822E-17	  0.8273E+00
  0.1270E+03	  0.3426E-17	  0.8276E+00
  0.1275E+03	  0.3070E-17	  0.8280E+00
  0.1279E+03	  0.2753E-17	  0.8283E+00
  0.1283E+03	  0.2468E-17	  0.8286E+00
  0.1287E+03	  0.2213E-17	  0.8289E+00
  0.1292E+03	  0.1985E-17	  0.8292E+00
  0.1296E+03	  0.1780E-17	  0.8296E+00
  0.1300E+03	  0.1597E-17	  0.8299E+00
  0.1305E+03	  0.1433E-17	  0.8302E+00
  0.1309E+03	  0.1286E-17	  0.8305E+00
  0.1313E+03	  0.1154E-17	  0.8308E+00
  0.1318E+03	  0.1036E-17	  0.8311E+00
  0.1322E+03	  0.9303E-18	  0.8314E+00
  0.1326E+03	  0.8353E-18	  0.8317E+00
  0.1331E+03	  0.7502E-18	  0.8320E+00
  0.1335E+03	  0.6738E-18	  0.8322E+00
  0.1339E+03	  0.6053E-18	  0.8325E+00
  0.1344E+03	  0.5438E-18	  0.8328E+00
  0.1348E+03	  0.4886E-18	  0.8331E+00
  0.1352E+03	  0.4391E-18	  0.8333E+00
  0.1356E+03	  0.3947E-18	  0.8336E+00
  0.1361E+03	  0.3548E-18	  0.8339E+00
  0.1365E+03	  0.3190E-18	  0.8341E+00
  0.1369E+03	  0.2869E-18	  0.8344E+00
  0.1374E+03	  0.2580E-18	  0.8347E+00
  0.1378E+03	  0.2321E-18	  0.8349E+00
  0.1382E+03	  0.2088E-18	  0.8351E+00
  0.1387E+03	  0.1878E-18	  0.8354E+00
  0.1391E+03	  0.1690E-18	  0.8356E+00
  0.1395E+03	  0.1521E-18	  0.8358E+00
  0.1400E+03	  0.1369E-18	  0.8361E+00
  0.1404E+03	  0.1232E-18	  0.8363E+00
  0.1408E+03	  0.1110E-18	  0.8365E+00
  0.1413E+03	  0.9991E-19	  0.8367E+00
  0.1417E+03	  0.8998E-19	  0.8369E+00
  0.1421E+03	  0.8105E-19	  0.8370E+00
  0.1425E+03	  0.7301E-19	  0.8372E+00
  0.1430E+03	  0.6578E-19	  0.8373E+00
  0.1434E+03	  0.5927E-19	  0.8374E+00
  0.1438E+03	  0.5342E-19	  0.8375E+00
  0.1443E+03	  0.4815E-19	  0.8376E+00
  0.1447E+03	  0.4340E-19	  0.8378E+00
  0.1451E+03	  0.3913E-19	  0.8379E+00
  0.1456E+03	  0.3528E-19	  0.8380E+00
  0.1460E+03	  0.3182E-19	  0.8381E+00
  0.1464E+03	  0.2870E-19	  0.8382E+00
  0.1469E+03	  0.2589E-19	  0.8383E+00
  0.1473E+03	  0.2336E-19	  0.8384E+00
  0.1477E+03	  0.2108E-19	  0.8385E+00
  0.1482E+03	  0.1902E-19	  0.8387E+00
  0.1486E+03	  0.1717E-19	  0.8388E+00
  0.1490E+03	  0.1549E-19	  0.8389E+00
  0.1494E+03	  0.1399E-19	  0.8390E+00
  0.1499E+03	  0.1263E-19	  0.8392E+00
  0.1503E+03	  0.1140E-19	  0.8393E+00
  0.1507E+03	  0.1030E-19	  0.8394E+00
  0.1512E+03	  0.9304E-20	  0.8395E+00
  0.1516E+03	  0.8405E-20	  0.8396E+00
  0.1520E+03	  0.7594E-20	  0.8397E+00
  0.1525E+03	  0.6862E-20	  0.8399E+00
  0.1529E+03	  0.6202E-20	  0.8400E+00
  0.1533E+03	  0.5606E-20	  0.8401E+00
  0.1538E+03	  0.5067E-20	  0.8402E+00
  0.1542E+03	  0.4581E-20	  0.8403E+00
  0.1546E+03	  0.4143E-20	  0.8404E+00
  0.1551E+03	  0.3746E-20	  0.8405E+00
  0.1555E+03	  0.3389E-20	  0.8406E+00
  0.1559E+03	  0.3065E-20	  0.8407E+00
  0.1564E+03	  0.2773E-20	  0.8408E+00
  0.1568E+03	  0.2509E-20	  0.8408E+00
  0.1572E+03	  0.2271E-20	  0.8409E+00
  0.1576E+03	  0.2055E-20	  0.8410E+00
  0.1581E+03	  0.1860E-20	  0.8411E+00
  0.1585E+03	  0.1684E-20	  0.8412E+00
  0.1589E+03	  0.1525E-20	  0.8413E+00
  0.1594E+03	  0.1381E-20	  0.8413E+00
  0.1598E+03	  0.1251E-20	  0.8414E+00
  0.1602E+03	  0.1133E-20	  0.8415E+00
  0.1607E+03	  0.1026E-20	  0.8416E+00
  0.1611E+03	  0.9298E-21	  0.8416E+00
  0.1615E+03	  0.8426E-21	  0.8417E+00
  0.1620E+03	  0.7636E-21	  0.8418E+00
  0.1624E+03	  0.6921E-21	  0.8418E+00
  0.1628E+03	  0.6273E-21	  0.8419E+00
  0.1633E+03	  0.5687E-21	  0.8420E+00
  0.1637E+03	  0.5157E-21	  0.8421E+00
  0.1641E+03	  0.4676E-21	  0.8422E+00
  0.1645E+03	  0.4241E-21	  0.8422E+00
  0.1650E+03	  0.3847E-21	  0.8423E+00
  0.1654E+03	  0.3489E-21	  0.8424E+00
  0.1658E+03	  0.3166E-21	  0.8425E+00
  0.1663E+03	  0.2873E-21	  0.8426E+00
  0.1667E+03	  0.2607E-21	  0.8426E+00
  0.1671E+03	  0.2366E-21	  0.8427E+00
  0.1676E+03	  0.2147E-21	  0.8428E+00
  0.1680E+03	  0.1949E-21	  0.8428E+00
  0.1684E+03	  0.1770E-21	  0.8429E+00
  0.1689E+03	  0.1607E-21	  0.8430E+00
  0.1693E+03	  0.1459E-21	  0.8430E+00
  0.1697E+03	  0.1325E-21	  0.8431E+00
  0.1702E+03	  0.1204E-21	  0.8431E+00
  0.1706E+03	  0.1094E-21	  0.8432E+00
  0.1710E+03	  0.9937E-22	  0.8432E+00
  0.1714E+03	  0.9030E-22	  0.8433E+00
  0.1719E+03	  0.8206E-22	  0.8433E+00
  0.1723E+03	  0.7458E-22	  0.8434E+00
  0.1727E+03	  0.6779E-22	  0.8434E+00
  0.1732E+03	  0.6163E-22	  0.8434E+00
  0.1736E+03	  0.5603E-22	  0.8434E+00
  0.1740E+03	  0.5095E-22	  0.8434E+00
  0.1745E+03	  0.4633E-22	  0.8434E+00
  0.1749E+03	  0.4214E-22	  0.8434E+00
  0.1753E+03	  0.3833E-22	  0.8434E+00
  0.1758E+03	  0.3487E-22	  0.8434E+00
  0.1762E+03	  0.3173E-22	  0.8433E+00
  0.1766E+03	  0.2887E-22	  0.8433E+00
  0.1771E+03	  0.2627E-22	  0.8433E+00
  0.1775E+03	  0.2391E-22	  0.8432E+00
  0.1779E+03	  0.2177E-22	  0.8432E+00
  0.1783E+03	  0.1982E-22	  0.8431E+00
  0.1788E+03	  0.1804E-22	  0.8431E+00
  0.1792E+03	  0.1643E-22	  0.8430E+00
  0.1796E+03	  0.1496E-22	  0.8430E+00
  0.1801E+03	  0.1363E-22	  0.8429E+00
  0.1805E+03	  0.1241E-22	  0.8429E+00
  0.1809E+03	  0.1131E-22	  0.8428E+00
  0.1814E+03	  0.1030E-22	  0.8427E+00
  0.1818E+03	  0.9387E-23	  0.8427E+00
  0.1822E+03	  0.8554E-23	  0.8426E+00
  0.1827E+03	  0.7796E-23	  0.8425E+00
  0.1831E+03	  0.7106E-23	  0.8425E+00
  0.1835E+03	  0.6478E-23	  0.8424E+00
  0.1840E+03	  0.5906E-23	  0.8423E+00
  0.1844E+03	  0.5385E-23	  0.8422E+00
  0.1848E+03	  0.4911E-23	  0.8422E+00
  0.1852E+03	  0.4479E-23	  0.8421E+00
  0.1857E+03	  0.4085E-23	  0.8419E+00
  0.1861E+03	  0.3726E-23	  0.8418E+00
  0.1865E+03	  0.3400E-23	  0.8417E+00
  0.1870E+03	  0.3102E-23	  0.8415E+00
  0.1874E+03	  0.2831E-23	  0.8414E+00
  0.1878E+03	  0.2583E-23	  0.8412E+00
  0.1883E+03	  0.2358E-23	  0.8411E+00
  0.1887E+03	  0.2152E-23	  0.8409E+00
  0.1891E+03	  0.1965E-23	  0.8407E+00
  0.1896E+03	  0.1794E-23	  0.8405E+00
  0.1900E+03	  0.1638E-23	  0.8403E+00
  0.1904E+03	  0.1496E-23	  0.8400E+00
  0.1909E+03	  0.1366E-23	  0.8398E+00
  0.1913E+03	  0.1248E-23	  0.8395E+00
  0.1917E+03	  0.1140E-23	  0.8393E+00
  0.1921E+03	  0.1042E-23	  0.8390E+00
  0.1926E+03	  0.9521E-24	  0.8387E+00
  0.1930E+03	  0.8702E-24	  0.8384E+00
  0.1934E+03	  0.7954E-24	  0.8382E+00
  0.1939E+03	  0.7271E-24	  0.8379E+00
  0.1943E+03	  0.6647E-24	  0.8376E+00
  0.1947E+03	  0.6078E-24	  0.8374E+00
  0.1952E+03	  0.5558E-24	  0.8373E+00
  0.1956E+03	  0.5083E-24	  0.8372E+00
  0.1960E+03	  0.4649E-24	  0.8372E+00
  0.1965E+03	  0.4252E-24	  0.8373E+00
  0.1969E+03	  0.3889E-24	  0.8376E+00
  0.1973E+03	  0.3558E-24	  0.8382E+00
  0.1978E+03	  0.3255E-24	  0.8390E+00
  0.1982E+03	  0.2978E-24	  0.8403E+00
  0.1986E+03	  0.2724E-24	  0.8420E+00
  0.1991E+03	  0.2491E-24	  0.8445E+00
  0.1995E+03	  0.2278E-24	  0.8478E+00
 
 
R17 
------------------------------------------------------------
Electric field / N (Td)                    600.0    
Angular frequency / N (m3/s)              0.4724E-12
Cosine of E-B field angle                  0.000    
Gas temperature (K)                        300.0    
Excitation temperature (K)                 300.0    
Transition energy (eV)                     0.000    
Ionization degree                          0.000    
Plasma density (1/m3)                     0.1000E+19
Ion charge parameter                       1.000    
Ion/neutral mass ratio                     1.000    
Coulomb collision model                    1.000    
Energy sharing                             0.000    
Growth model                               1.000    
Maxwellian mean energy (eV)                0.000    
# of grid points                           500.0    
Grid type                                  1.000    
Maximum energy                             30.00    
Precision                                 0.1000E-24
Convergence                               0.1000E-03
Maximum # of iterations                   0.2000E+05
Mole fraction Ar                           1.000    
------------------------------------------------------------
Mean energy (eV)                           4.412    
Mobility *N (1/m/V/s)                     0.1588E+26
Re/perp mobility *N (1/m/V/s)             0.8433E+23
Im/Hall mobility *N (1/m/V/s)            -0.3500E+24
Diffusion coefficient *N (1/m/s)          0.1055E+26
Energy mobility *N (1/m/V/s)              0.3723E+25
Energy diffusion coef. *N (1/m/s)         0.6303E+25
Total collision freq. /N (m3/s)           0.9454E-13
Momentum frequency /N (m3/s)              0.1131E-12
Total ionization freq. /N (m3/s)          0.7356E-15
Power /N (eV m3/s)                        0.3036E-13
Elastic power loss /N (eV m3/s)           0.2751E-16
Inelastic power loss /N (eV m3/s)         0.2730E-13
Growth power /N (eV m3/s)                 0.3259E-14
Maximum energy                             308.7    
# of iterations                            228.0    
# of grid trials                           14.00    
------------------------------------------------------------
Rate coefficients (m3/s)
C1    Ar    Elastic                       0.9259E-13
C2    Ar    Excitation    11.55 eV        0.1137E-15
C3    Ar    Excitation    11.62 eV        0.1340E-15
C4    Ar    Excitation    11.72 eV        0.2168E-16
C5    Ar    Excitation    11.83 eV        0.2502E-15
C6    Ar    Excitation    12.91 eV        0.2728E-16
C7    Ar    Excitation    13.08 eV        0.3850E-16
C8    Ar    Excitation    13.10 eV        0.2837E-16
C9    Ar    Excitation    13.15 eV        0.2136E-16
C10   Ar    Excitation    13.17 eV        0.2744E-16
C11   Ar    Excitation    13.27 eV        0.1288E-16
C12   Ar    Excitation    13.28 eV        0.2084E-16
C13   Ar    Excitation    13.30 eV        0.1793E-16
C14   Ar    Excitation    13.33 eV        0.1124E-16
C15   Ar    Excitation    13.48 eV        0.4277E-16
C16   Ar    Excitation    13.85 eV        0.1493E-16
C17   Ar    Excitation    13.86 eV        0.7370E-16
C18   Ar    Excitation    13.90 eV        0.5513E-16
C19   Ar    Excitation    13.98 eV        0.5434E-16
C20   Ar    Excitation    14.01 eV        0.2039E-16
C21   Ar    Excitation    14.06 eV        0.2244E-16
C22   Ar    Excitation    14.07 eV        0.2244E-16
C23   Ar    Excitation    14.09 eV        0.7428E-17
C24   Ar    Excitation    14.10 eV        0.5061E-17
C25   Ar    Excitation    14.15 eV        0.2079E-16
C26   Ar    Excitation    14.21 eV        0.2865E-16
C27   Ar    Excitation    14.23 eV        0.1789E-16
C28   Ar    Excitation    14.24 eV        0.7582E-17
C29   Ar    Excitation    14.24 eV        0.4455E-17
C30   Ar    Excitation    14.26 eV        0.2952E-17
C31   Ar    Excitation    14.30 eV        0.2416E-16
C32   Ar    Excitation    14.71 eV        0.4159E-18
C33   Ar    Excitation    14.85 eV        0.2965E-17
C34   Ar    Excitation    14.86 eV        0.9919E-17
C35   Ar    Excitation    15.00 eV        0.4016E-17
C36   Ar    Excitation    15.02 eV        0.4194E-17
C37   Ar    Excitation    15.12 eV        0.7490E-18
C38   Ar    Excitation    15.19 eV        0.7551E-17
C39   Ar    Excitation    15.19 eV        0.7538E-17
C40   Ar    Excitation    15.31 eV        0.1259E-18
C41   Ar    Excitation    15.35 eV        0.8403E-19
C42   Ar    Excitation    15.36 eV        0.1214E-18
C43   Ar    Excitation    15.37 eV        0.2128E-17
C44   Ar    Excitation    15.37 eV        0.4730E-17
C45   Ar    Excitation    15.66 eV        0.1953E-16
C46   Ar    Ionization    15.76 eV        0.7355E-15
------------------------------------------------------------
Energy (eV) EEDF (eV-3/2) Anisotropy
  0.3087E+00	  0.1115E+01	  0.2552E-01
  0.9261E+00	  0.1958E+00	  0.2800E-01
  0.1543E+01	  0.9217E-01	  0.3295E-01
  0.2161E+01	  0.5811E-01	  0.3973E-01
  0.2778E+01	  0.4200E-01	  0.4783E-01
  0.3396E+01	  0.3271E-01	  0.5714E-01
  0.4013E+01	  0.2657E-01	  0.6754E-01
  0.4630E+01	  0.2227E-01	  0.7852E-01
  0.5248E+01	  0.1910E-01	  0.8967E-01
  0.5865E+01	  0.1668E-01	  0.1007E+00
  0.6482E+01	  0.1474E-01	  0.1116E+00
  0.7100E+01	  0.1315E-01	  0.1222E+00
  0.7717E+01	  0.1181E-01	  0.1327E+00
  0.8334E+01	  0.1065E-01	  0.1432E+00
  0.8952E+01	  0.9626E-02	  0.1536E+00
  0.9569E+01	  0.8721E-02	  0.1643E+00
  0.1019E+02	  0.7908E-02	  0.1752E+00
  0.1080E+02	  0.7164E-02	  0.1869E+00
  0.1142E+02	  0.6472E-02	  0.1997E+00
  0.1204E+02	  0.5827E-02	  0.2135E+00
  0.1266E+02	  0.5228E-02	  0.2278E+00
  0.1327E+02	  0.4671E-02	  0.2434E+00
  0.1389E+02	  0.4151E-02	  0.2607E+00
  0.1451E+02	  0.3666E-02	  0.2789E+00
  0.1513E+02	  0.3220E-02	  0.2967E+00
  0.1574E+02	  0.2812E-02	  0.3146E+00
  0.1636E+02	  0.2442E-02	  0.3324E+00
  0.1698E+02	  0.2109E-02	  0.3492E+00
  0.1760E+02	  0.1813E-02	  0.3650E+00
  0.1821E+02	  0.1552E-02	  0.3799E+00
  0.1883E+02	  0.1323E-02	  0.3937E+00
  0.1945E+02	  0.1124E-02	  0.4067E+00
  0.2006E+02	  0.9521E-03	  0.4190E+00
  0.2068E+02	  0.8045E-03	  0.4304E+00
  0.2130E+02	  0.6786E-03	  0.4411E+00
  0.2192E+02	  0.5714E-03	  0.4510E+00
  0.2253E+02	  0.4805E-03	  0.4604E+00
  0.2315E+02	  0.4036E-03	  0.4694E+00
  0.2377E+02	  0.3385E-03	  0.4781E+00
  0.2439E+02	  0.2835E-03	  0.4866E+00
  0.2500E+02	  0.2371E-03	  0.4949E+00
  0.2562E+02	  0.1982E-03	  0.5030E+00
  0.2624E+02	  0.1655E-03	  0.5107E+00
  0.2686E+02	  0.1381E-03	  0.5182E+00
  0.2747E+02	  0.1152E-03	  0.5257E+00
  0.2809E+02	  0.9604E-04	  0.5330E+00
  0.2871E+02	  0.8000E-04	  0.5403E+00
  0.2933E+02	  0.6660E-04	  0.5474E+00
  0.2994E+02	  0.5540E-04	  0.5545E+00
  0.3056E+02	  0.4607E-04	  0.5613E+00
  0.3118E+02	  0.3831E-04	  0.5680E+00
  0.3179E+02	  0.3185E-04	  0.5744E+00
  0.3241E+02	  0.2648E-04	  0.5806E+00
  0.3303E+02	  0.2202E-04	  0.5865E+00
  0.3365E+02	  0.1831E-04	  0.5921E+00
  0.3426E+02	  0.1522E-04	  0.5974E+00
  0.3488E+02	  0.1266E-04	  0.6024E+00
  0.3550E+02	  0.1053E-04	  0.6071E+00
  0.3612E+02	  0.8764E-05	  0.6113E+00
  0.3673E+02	  0.7295E-05	  0.6151E+00
  0.3735E+02	  0.6074E-05	  0.6187E+00
  0.3797E+02	  0.5059E-05	  0.6220E+00
  0.3859E+02	  0.4215E-05	  0.6252E+00
  0.3920E+02	  0.3512E-05	  0.6282E+00
  0.3982E+02	  0.2928E-05	  0.6313E+00
  0.4044E+02	  0.2441E-05	  0.6344E+00
  0.4106E+02	  0.2037E-05	  0.6374E+00
  0.4167E+02	  0.1701E-05	  0.6403E+00
  0.4229E+02	  0.1421E-05	  0.6432E+00
  0.4291E+02	  0.1187E-05	  0.6458E+00
  0.4352E+02	  0.9932E-06	  0.6484E+00
  0.4414E+02	  0.8312E-06	  0.6508E+00
  0.4476E+02	  0.6961E-06	  0.6532E+00
  0.4538E+02	  0.5833E-06	  0.6555E+00
  0.4599E+02	  0.4890E-06	  0.6576E+00
  0.4661E+02	  0.4102E-06	  0.6596E+00
  0.4723E+02	  0.3443E-06	  0.6617E+00
  0.4785E+02	  0.2892E-06	  0.6637E+00
  0.4846E+02	  0.2430E-06	  0.6657E+00
  0.4908E+02	  0.2042E-06	  0.6678E+00
  0.4970E+02	  0.1718E-06	  0.6699E+00
  0.5032E+02	  0.1445E-06	  0.6722E+00
  0.5093E+02	  0.1216E-06	  0.6744E+00
  0.5155E+02	  0.1024E-06	  0.6767E+00
  0.5217E+02	  0.8630E-07	  0.6790E+00
  0.5279E+02	  0.7274E-07	  0.6813E+00
  0.5340E+02	  0.6135E-07	  0.6835E+00
  0.5402E+02	  0.5176E-07	  0.6857E+00
  0.5464E+02	  0.4369E-07	  0.6879E+00
  0.5525E+02	  0.3689E-07	  0.6900E+00
  0.5587E+02	  0.3116E-07	  0.6921E+00
  0.5649E+02	  0.2634E-07	  0.6941E+00
  0.5711E+02	  0.2227E-07	  0.6961E+00
  0.5772E+02	  0.1884E-07	  0.6981E+00
  0.5834E+02	  0.1594E-07	  0.7001E+00
  0.5896E+02	  0.1349E-07	  0.7022E+00
  0.5958E+02	  0.1142E-07	  0.7043E+00
  0.6019E+02	  0.9673E-08	  0.7064E+00
  0.6081E+02	  0.8195E-08	  0.7086E+00
  0.6143E+02	  0.6946E-08	  0.7108E+00
  0.6205E+02	  0.5889E-08	  0.7129E+00
  0.6266E+02	  0.4995E-08	  0.7150E+00
  0.6328E+02	  0.4239E-08	  0.7170E+00
  0.6390E+02	  0.3598E-08	  0.7189E+00
  0.6452E+02	  0.3055E-08	  0.7207E+00
  0.6513E+02	  0.2595E-08	  0.7224E+00
  0.6575E+02	  0.2206E-08	  0.7242E+00
  0.6637E+02	  0.1875E-08	  0.7259E+00
  0.6698E+02	  0.1594E-08	  0.7276E+00
  0.6760E+02	  0.1356E-08	  0.7294E+00
  0.6822E+02	  0.1154E-08	  0.7312E+00
  0.6884E+02	  0.9823E-09	  0.7330E+00
  0.6945E+02	  0.8364E-09	  0.7349E+00
  0.7007E+02	  0.7123E-09	  0.7368E+00
  0.7069E+02	  0.6068E-09	  0.7388E+00
  0.7131E+02	  0.5172E-09	  0.7407E+00
  0.7192E+02	  0.4409E-09	  0.7426E+00
  0.7254E+02	  0.3761E-09	  0.7445E+00
  0.7316E+02	  0.3210E-09	  0.7463E+00
  0.7378E+02	  0.2740E-09	  0.7481E+00
  0.7439E+02	  0.2340E-09	  0.7499E+00
  0.7501E+02	  0.1999E-09	  0.7517E+00
  0.7563E+02	  0.1709E-09	  0.7534E+00
  0.7625E+02	  0.1461E-09	  0.7550E+00
  0.7686E+02	  0.1250E-09	  0.7566E+00
  0.7748E+02	  0.1070E-09	  0.7580E+00
  0.7810E+02	  0.9161E-10	  0.7594E+00
  0.7871E+02	  0.7847E-10	  0.7606E+00
  0.7933E+02	  0.6725E-10	  0.7616E+00
  0.7995E+02	  0.5766E-10	  0.7626E+00
  0.8057E+02	  0.4945E-10	  0.7636E+00
  0.8118E+02	  0.4244E-10	  0.7645E+00
  0.8180E+02	  0.3643E-10	  0.7654E+00
  0.8242E+02	  0.3128E-10	  0.7663E+00
  0.8304E+02	  0.2688E-10	  0.7672E+00
  0.8365E+02	  0.2310E-10	  0.7681E+00
  0.8427E+02	  0.1986E-10	  0.7689E+00
  0.8489E+02	  0.1708E-10	  0.7698E+00
  0.8551E+02	  0.1469E-10	  0.7706E+00
  0.8612E+02	  0.1265E-10	  0.7714E+00
  0.8674E+02	  0.1089E-10	  0.7722E+00
  0.8736E+02	  0.9379E-11	  0.7730E+00
  0.8798E+02	  0.8081E-11	  0.7738E+00
  0.8859E+02	  0.6964E-11	  0.7746E+00
  0.8921E+02	  0.6004E-11	  0.7755E+00
  0.8983E+02	  0.5178E-11	  0.7763E+00
  0.9044E+02	  0.4468E-11	  0.7772E+00
  0.9106E+02	  0.3856E-11	  0.7781E+00
  0.9168E+02	  0.3329E-11	  0.7789E+00
  0.9230E+02	  0.2875E-11	  0.7798E+00
  0.9291E+02	  0.2484E-11	  0.7806E+00
  0.9353E+02	  0.2147E-11	  0.7814E+00
  0.9415E+02	  0.1856E-11	  0.7822E+00
  0.9477E+02	  0.1605E-11	  0.7831E+00
  0.9538E+02	  0.1389E-11	  0.7839E+00
  0.9600E+02	  0.1202E-11	  0.7847E+00
  0.9662E+02	  0.1040E-11	  0.7855E+00
  0.9724E+02	  0.9011E-12	  0.7863E+00
  0.9785E+02	  0.7806E-12	  0.7871E+00
  0.9847E+02	  0.6764E-12	  0.7879E+00
  0.9909E+02	  0.5863E-12	  0.7888E+00
  0.9971E+02	  0.5084E-12	  0.7896E+00
  0.1003E+03	  0.4410E-12	  0.7905E+00
  0.1009E+03	  0.3826E-12	  0.7914E+00
  0.1016E+03	  0.3321E-12	  0.7923E+00
  0.1022E+03	  0.2883E-12	  0.7932E+00
  0.1028E+03	  0.2504E-12	  0.7940E+00
  0.1034E+03	  0.2176E-12	  0.7949E+00
  0.1040E+03	  0.1891E-12	  0.7958E+00
  0.1046E+03	  0.1644E-12	  0.7966E+00
  0.1053E+03	  0.1429E-12	  0.7975E+00
  0.1059E+03	  0.1244E-12	  0.7983E+00
  0.1065E+03	  0.1082E-12	  0.7991E+00
  0.1071E+03	  0.9419E-13	  0.8000E+00
  0.1077E+03	  0.8202E-13	  0.8008E+00
  0.1083E+03	  0.7144E-13	  0.8016E+00
  0.1090E+03	  0.6224E-13	  0.8024E+00
  0.1096E+03	  0.5425E-13	  0.8032E+00
  0.1102E+03	  0.4729E-13	  0.8040E+00
  0.1108E+03	  0.4124E-13	  0.8047E+00
  0.1114E+03	  0.3597E-13	  0.8055E+00
  0.1121E+03	  0.3139E-13	  0.8063E+00
  0.1127E+03	  0.2740E-13	  0.8070E+00
  0.1133E+03	  0.2392E-13	  0.8078E+00
  0.1139E+03	  0.2089E-13	  0.8085E+00
  0.1145E+03	  0.1825E-13	  0.8093E+00
  0.1151E+03	  0.1595E-13	  0.8100E+00
  0.1158E+03	  0.1394E-13	  0.8107E+00
  0.1164E+03	  0.1219E-13	  0.8114E+00
  0.1170E+03	  0.1066E-13	  0.8122E+00
  0.1176E+03	  0.9322E-14	  0.8129E+00
  0.1182E+03	  0.8157E-14	  0.8136E+00
  0.1188E+03	  0.7139E-14	  0.8142E+00
  0.1195E+03	  0.6250E-14	  0.8149E+00
  0.1201E+03	  0.5473E-14	  0.8156E+00
  0.1207E+03	  0.4794E-14	  0.8163E+00
  0.1213E+03	  0.4201E-14	  0.8169E+00
  0.1219E+03	  0.3681E-14	  0.8176E+00
  0.1225E+03	  0.3227E-14	  0.8182E+00
  0.1232E+03	  0.2830E-14	  0.8188E+00
  0.1238E+03	  0.2482E-14	  0.8194E+00
  0.1244E+03	  0.2177E-14	  0.8200E+00
  0.1250E+03	  0.1911E-14	  0.8205E+00
  0.1256E+03	  0.1677E-14	  0.8210E+00
  0.1263E+03	  0.1473E-14	  0.8215E+00
  0.1269E+03	  0.1293E-14	  0.8219E+00
  0.1275E+03	  0.1136E-14	  0.8223E+00
  0.1281E+03	  0.9985E-15	  0.8227E+00
  0.1287E+03	  0.8776E-15	  0.8231E+00
  0.1293E+03	  0.7716E-15	  0.8235E+00
  0.1300E+03	  0.6786E-15	  0.8239E+00
  0.1306E+03	  0.5969E-15	  0.8242E+00
  0.1312E+03	  0.5252E-15	  0.8246E+00
  0.1318E+03	  0.4623E-15	  0.8250E+00
  0.1324E+03	  0.4069E-15	  0.8253E+00
  0.1330E+03	  0.3583E-15	  0.8257E+00
  0.1337E+03	  0.3156E-15	  0.8260E+00
  0.1343E+03	  0.2781E-15	  0.8264E+00
  0.1349E+03	  0.2451E-15	  0.8267E+00
  0.1355E+03	  0.2160E-15	  0.8270E+00
  0.1361E+03	  0.1904E-15	  0.8273E+00
  0.1367E+03	  0.1680E-15	  0.8276E+00
  0.1374E+03	  0.1482E-15	  0.8279E+00
  0.1380E+03	  0.1307E-15	  0.8282E+00
  0.1386E+03	  0.1154E-15	  0.8285E+00
  0.1392E+03	  0.1018E-15	  0.8288E+00
  0.1398E+03	  0.8992E-16	  0.8290E+00
  0.1405E+03	  0.7942E-16	  0.8292E+00
  0.1411E+03	  0.7016E-16	  0.8295E+00
  0.1417E+03	  0.6200E-16	  0.8297E+00
  0.1423E+03	  0.5479E-16	  0.8298E+00
  0.1429E+03	  0.4844E-16	  0.8299E+00
  0.1435E+03	  0.4284E-16	  0.8301E+00
  0.1442E+03	  0.3789E-16	  0.8302E+00
  0.1448E+03	  0.3352E-16	  0.8303E+00
  0.1454E+03	  0.2966E-16	  0.8304E+00
  0.1460E+03	  0.2625E-16	  0.8305E+00
  0.1466E+03	  0.2324E-16	  0.8306E+00
  0.1472E+03	  0.2058E-16	  0.8307E+00
  0.1479E+03	  0.1823E-16	  0.8308E+00
  0.1485E+03	  0.1615E-16	  0.8309E+00
  0.1491E+03	  0.1431E-16	  0.8310E+00
  0.1497E+03	  0.1269E-16	  0.8311E+00
  0.1503E+03	  0.1125E-16	  0.8312E+00
  0.1509E+03	  0.9973E-17	  0.8313E+00
  0.1516E+03	  0.8846E-17	  0.8314E+00
  0.1522E+03	  0.7848E-17	  0.8315E+00
  0.1528E+03	  0.6964E-17	  0.8316E+00
  0.1534E+03	  0.6182E-17	  0.8317E+00
  0.1540E+03	  0.5488E-17	  0.8318E+00
  0.1547E+03	  0.4874E-17	  0.8319E+00
  0.1553E+03	  0.4329E-17	  0.8320E+00
  0.1559E+03	  0.3846E-17	  0.8320E+00
  0.1565E+03	  0.3418E-17	  0.8321E+00
  0.1571E+03	  0.3038E-17	  0.8322E+00
  0.1577E+03	  0.2701E-17	  0.8322E+00
  0.1584E+03	  0.2402E-17	  0.8323E+00
  0.1590E+03	  0.2136E-17	  0.8323E+00
  0.1596E+03	  0.1901E-17	  0.8324E+00
  0.1602E+03	  0.1691E-17	  0.8324E+00
  0.1608E+03	  0.1505E-17	  0.8325E+00
  0.1614E+03	  0.1340E-17	  0.8325E+00
  0.1621E+03	  0.1193E-17	  0.8326E+00
  0.1627E+03	  0.1063E-17	  0.8326E+00
  0.1633E+03	  0.9468E-18	  0.8327E+00
  0.1639E+03	  0.8436E-18	  0.8327E+00
  0.1645E+03	  0.7519E-18	  0.8328E+00
  0.1651E+03	  0.6702E-18	  0.8329E+00
  0.1658E+03	  0.5976E-18	  0.8329E+00
  0.1664E+03	  0.5329E-18	  0.8330E+00
  0.1670E+03	  0.4754E-18	  0.8330E+00
  0.1676E+03	  0.4241E-18	  0.8330E+00
  0.1682E+03	  0.3785E-18	  0.8331E+00
  0.1689E+03	  0.3378E-18	  0.8331E+00
  0.1695E+03	  0.3016E-18	  0.8331E+00
  0.1701E+03	  0.2693E-18	  0.8331E+00
  0.1707E+03	  0.2405E-18	  0.8331E+00
  0.1713E+03	  0.2148E-18	  0.8331E+00
  0.1719E+03	  0.1919E-18	  0.8331E+00
  0.1726E+03	  0.1715E-18	  0.8331E+00
  0.1732E+03	  0.1533E-18	  0.8331E+00
  0.1738E+03	  0.1371E-18	  0.8330E+00
  0.1744E+03	  0.1226E-18	  0.8330E+00
  0.1750E+03	  0.1096E-18	  0.8329E+00
  0.1756E+03	  0.9807E-19	  0.8328E+00
  0.1763E+03	  0.8775E-19	  0.8327E+00
  0.1769E+03	  0.7853E-19	  0.8326E+00
  0.1775E+03	  0.7030E-19	  0.8325E+00
  0.1781E+03	  0.6294E-19	  0.8323E+00
  0.1787E+03	  0.5636E-19	  0.8322E+00
  0.1793E+03	  0.5048E-19	  0.8321E+00
  0.1800E+03	  0.4522E-19	  0.8319E+00
  0.1806E+03	  0.4052E-19	  0.8318E+00
  0.1812E+03	  0.3632E-19	  0.8316E+00
  0.1818E+03	  0.3255E-19	  0.8315E+00
  0.1824E+03	  0.2919E-19	  0.8313E+00
  0.1830E+03	  0.2617E-19	  0.8311E+00
  0.1837E+03	  0.2348E-19	  0.8309E+00
  0.1843E+03	  0.2106E-19	  0.8307E+00
  0.1849E+03	  0.1890E-19	  0.8305E+00
  0.1855E+03	  0.1696E-19	  0.8303E+00
  0.1861E+03	  0.1522E-19	  0.8301E+00
  0.1868E+03	  0.1367E-19	  0.8298E+00
  0.1874E+03	  0.1227E-19	  0.8296E+00
  0.1880E+03	  0.1102E-19	  0.8293E+00
  0.1886E+03	  0.9903E-20	  0.8291E+00
  0.1892E+03	  0.8898E-20	  0.8288E+00
  0.1898E+03	  0.7996E-20	  0.8285E+00
  0.1905E+03	  0.7188E-20	  0.8283E+00
  0.1911E+03	  0.6462E-20	  0.8280E+00
  0.1917E+03	  0.5810E-20	  0.8277E+00
  0.1923E+03	  0.5226E-20	  0.8275E+00
  0.1929E+03	  0.4701E-20	  0.8273E+00
  0.1935E+03	  0.4229E-20	  0.8270E+00
  0.1942E+03	  0.3805E-20	  0.8268E+00
  0.1948E+03	  0.3425E-20	  0.8266E+00
  0.1954E+03	  0.3083E-20	  0.8264E+00
  0.1960E+03	  0.2776E-20	  0.8263E+00
  0.1966E+03	  0.2499E-20	  0.8261E+00
  0.1972E+03	  0.2251E-20	  0.8259E+00
  0.1979E+03	  0.2028E-20	  0.8258E+00
  0.1985E+03	  0.1827E-20	  0.8256E+00
  0.1991E+03	  0.1646E-20	  0.8255E+00
  0.1997E+03	  0.1484E-20	  0.8253E+00
  0.2003E+03	  0.1337E-20	  0.8252E+00
  0.2010E+03	  0.1206E-20	  0.8251E+00
  0.2016E+03	  0.1087E-20	  0.8249E+00
  0.2022E+03	  0.9804E-21	  0.8248E+00
  0.2028E+03	  0.8843E-21	  0.8247E+00
  0.2034E+03	  0.7978E-21	  0.8245E+00
  0.2040E+03	  0.7199E-21	  0.8244E+00
  0.2047E+03	  0.6496E-21	  0.8244E+00
  0.2053E+03	  0.5864E-21	  0.8243E+00
  0.2059E+03	  0.5293E-21	  0.8242E+00
  0.2065E+03	  0.4779E-21	  0.8241E+00
  0.2071E+03	  0.4316E-21	  0.8241E+00
  0.2077E+03	  0.3898E-21	  0.8240E+00
  0.2084E+03	  0.3521E-21	  0.8239E+00
  0.2090E+03	  0.3181E-21	  0.8238E+00
  0.2096E+03	  0.2874E-21	  0.8238E+00
  0.2102E+03	  0.2598E-21	  0.8237E+00
  0.2108E+03	  0.2348E-21	  0.8236E+00
  0.2114E+03	  0.2123E-21	  0.8235E+00
  0.2121E+03	  0.1919E-21	  0.8234E+00
  0.2127E+03	  0.1736E-21	  0.8233E+00
  0.2133E+03	  0.1570E-21	  0.8232E+00
  0.2139E+03	  0.1420E-21	  0.8231E+00
  0.2145E+03	  0.1285E-21	  0.8230E+00
  0.2152E+03	  0.1163E-21	  0.8229E+00
  0.2158E+03	  0.1052E-21	  0.8228E+00
  0.2164E+03	  0.9524E-22	  0.8227E+00
  0.2170E+03	  0.8622E-22	  0.8226E+00
  0.2176E+03	  0.7807E-22	  0.8224E+00
  0.2182E+03	  0.7070E-22	  0.8223E+00
  0.2189E+03	  0.6403E-22	  0.8222E+00
  0.2195E+03	  0.5800E-22	  0.8221E+00
  0.2201E+03	  0.5255E-22	  0.8219E+00
  0.2207E+03	  0.4762E-22	  0.8218E+00
  0.2213E+03	  0.4315E-22	  0.8217E+00
  0.2219E+03	  0.3911E-22	  0.8215E+00
  0.2226E+03	  0.3546E-22	  0.8214E+00
  0.2232E+03	  0.3215E-22	  0.8212E+00
  0.2238E+03	  0.2915E-22	  0.8211E+00
  0.2244E+03	  0.2644E-22	  0.8209E+00
  0.2250E+03	  0.2398E-22	  0.8208E+00
  0.2256E+03	  0.2176E-22	  0.8206E+00
  0.2263E+03	  0.1974E-22	  0.8205E+00
  0.2269E+03	  0.1791E-22	  0.8203E+00
  0.2275E+03	  0.1626E-22	  0.8201E+00
  0.2281E+03	  0.1476E-22	  0.8200E+00
  0.2287E+03	  0.1340E-22	  0.8198E+00
  0.2294E+03	  0.1217E-22	  0.8196E+00
  0.2300E+03	  0.1105E-22	  0.8194E+00
  0.2306E+03	  0.1003E-22	  0.8193E+00
  0.2312E+03	  0.9114E-23	  0.8191E+00
  0.2318E+03	  0.8280E-23	  0.8189E+00
  0.2324E+03	  0.7524E-23	  0.8187E+00
  0.2331E+03	  0.6837E-23	  0.8185E+00
  0.2337E+03	  0.6214E-23	  0.8183E+00
  0.2343E+03	  0.5649E-23	  0.8181E+00
  0.2349E+03	  0.5136E-23	  0.8179E+00
  0.2355E+03	  0.4670E-23	  0.8177E+00
  0.2361E+03	  0.4247E-23	  0.8175E+00
  0.2368E+03	  0.3863E-23	  0.8173E+00
  0.2374E+03	  0.3514E-23	  0.8171E+00
  0.2380E+03	  0.3197E-23	  0.8169E+00
  0.2386E+03	  0.2909E-23	  0.8167E+00
  0.2392E+03	  0.2647E-23	  0.8165E+00
  0.2398E+03	  0.2409E-23	  0.8163E+00
  0.2405E+03	  0.2193E-23	  0.8161E+00
  0.2411E+03	  0.1996E-23	  0.8159E+00
  0.2417E+03	  0.1818E-23	  0.8157E+00
  0.2423E+03	  0.1655E-23	  0.8155E+00
  0.2429E+03	  0.1507E-23	  0.8153E+00
  0.2436E+03	  0.1373E-23	  0.8151E+00
  0.2442E+03	  0.1251E-23	  0.8149E+00
  0.2448E+03	  0.1140E-23	  0.8147E+00
  0.2454E+03	  0.1039E-23	  0.8145E+00
  0.2460E+03	  0.9465E-24	  0.8143E+00
  0.2466E+03	  0.8627E-24	  0.8141E+00
  0.2473E+03	  0.7865E-24	  0.8138E+00
  0.2479E+03	  0.7170E-24	  0.8136E+00
  0.2485E+03	  0.6538E-24	  0.8134E+00
  0.2491E+03	  0.5963E-24	  0.8132E+00
  0.2497E+03	  0.5438E-24	  0.8130E+00
  0.2503E+03	  0.4961E-24	  0.8128E+00
  0.2510E+03	  0.4526E-24	  0.8126E+00
  0.2516E+03	  0.4129E-24	  0.8124E+00
  0.2522E+03	  0.3768E-24	  0.8122E+00
  0.2528E+03	  0.3439E-24	  0.8120E+00
  0.2534E+03	  0.3139E-24	  0.8118E+00
  0.2540E+03	  0.2866E-24	  0.8116E+00
  0.2547E+03	  0.2616E-24	  0.8114E+00
  0.2553E+03	  0.2389E-24	  0.8112E+00
  0.2559E+03	  0.2182E-24	  0.8110E+00
  0.2565E+03	  0.1993E-24	  0.8109E+00
  0.2571E+03	  0.1820E-24	  0.8107E+00
  0.2578E+03	  0.1663E-24	  0.8105E+00
  0.2584E+03	  0.1519E-24	  0.8103E+00
  0.2590E+03	  0.1388E-24	  0.8101E+00
  0.2596E+03	  0.1269E-24	  0.8099E+00
  0.2602E+03	  0.1160E-24	  0.8097E+00
 
 
R18 
------------------------------------------------------------
Electric field / N (Td)                    700.0    
Angular frequency / N (m3/s)              0.4724E-12
Cosine of E-B field angle                  0.000    
Gas temperature (K)                        300.0    
Excitation temperature (K)                 300.0    
Transition energy (eV)                     0.000    
Ionization degree                          0.000    
Plasma density (1/m3)                     0.1000E+19
Ion charge parameter                       1.000    
Ion/neutral mass ratio                     1.000    
Coulomb collision model                    1.000    
Energy sharing                             0.000    
Growth model                               1.000    
Maxwellian mean energy (eV)                0.000    
# of grid points                           500.0    
Grid type                                  1.000    
Maximum energy                             30.00    
Precision                                 0.1000E-24
Convergence                               0.1000E-03
Maximum # of iterations                   0.2000E+05
Mole fraction Ar                           1.000    
------------------------------------------------------------
Mean energy (eV)                           4.957    
Mobility *N (1/m/V/s)                     0.1071E+26
Re/perp mobility *N (1/m/V/s)             0.9072E+23
Im/Hall mobility *N (1/m/V/s)            -0.3440E+24
Diffusion coefficient *N (1/m/s)          0.9188E+25
Energy mobility *N (1/m/V/s)              0.2939E+25
Energy diffusion coef. *N (1/m/s)         0.6328E+25
Total collision freq. /N (m3/s)           0.1045E-12
Momentum frequency /N (m3/s)              0.1229E-12
Total ionization freq. /N (m3/s)          0.1142E-14
Power /N (eV m3/s)                        0.4445E-13
Elastic power loss /N (eV m3/s)           0.3205E-16
Inelastic power loss /N (eV m3/s)         0.3916E-13
Growth power /N (eV m3/s)                 0.5684E-14
Maximum energy                             369.3    
# of iterations                            241.0    
# of grid trials                           15.00    
------------------------------------------------------------
Rate coefficients (m3/s)
C1    Ar    Elastic                       0.1017E-12
C2    Ar    Excitation    11.55 eV        0.1410E-15
C3    Ar    Excitation    11.62 eV        0.1742E-15
C4    Ar    Excitation    11.72 eV        0.2701E-16
C5    Ar    Excitation    11.83 eV        0.3371E-15
C6    Ar    Excitation    12.91 eV        0.3589E-16
C7    Ar    Excitation    13.08 eV        0.5068E-16
C8    Ar    Excitation    13.10 eV        0.3840E-16
C9    Ar    Excitation    13.15 eV        0.2858E-16
C10   Ar    Excitation    13.17 eV        0.3689E-16
C11   Ar    Excitation    13.27 eV        0.1779E-16
C12   Ar    Excitation    13.28 eV        0.2790E-16
C13   Ar    Excitation    13.30 eV        0.2484E-16
C14   Ar    Excitation    13.33 eV        0.1479E-16
C15   Ar    Excitation    13.48 eV        0.5914E-16
C16   Ar    Excitation    13.85 eV        0.1941E-16
C17   Ar    Excitation    13.86 eV        0.9603E-16
C18   Ar    Excitation    13.90 eV        0.7292E-16
C19   Ar    Excitation    13.98 eV        0.7095E-16
C20   Ar    Excitation    14.01 eV        0.2729E-16
C21   Ar    Excitation    14.06 eV        0.3003E-16
C22   Ar    Excitation    14.07 eV        0.3003E-16
C23   Ar    Excitation    14.09 eV        0.1125E-16
C24   Ar    Excitation    14.10 eV        0.7077E-17
C25   Ar    Excitation    14.15 eV        0.3156E-16
C26   Ar    Excitation    14.21 eV        0.3781E-16
C27   Ar    Excitation    14.23 eV        0.2358E-16
C28   Ar    Excitation    14.24 eV        0.1061E-16
C29   Ar    Excitation    14.24 eV        0.5968E-17
C30   Ar    Excitation    14.26 eV        0.4498E-17
C31   Ar    Excitation    14.30 eV        0.3687E-16
C32   Ar    Excitation    14.71 eV        0.6444E-18
C33   Ar    Excitation    14.85 eV        0.4618E-17
C34   Ar    Excitation    14.86 eV        0.1545E-16
C35   Ar    Excitation    15.00 eV        0.6290E-17
C36   Ar    Excitation    15.02 eV        0.6572E-17
C37   Ar    Excitation    15.12 eV        0.1178E-17
C38   Ar    Excitation    15.19 eV        0.1191E-16
C39   Ar    Excitation    15.19 eV        0.1189E-16
C40   Ar    Excitation    15.31 eV        0.1995E-18
C41   Ar    Excitation    15.35 eV        0.1333E-18
C42   Ar    Excitation    15.36 eV        0.1927E-18
C43   Ar    Excitation    15.37 eV        0.3377E-17
C44   Ar    Excitation    15.37 eV        0.7510E-17
C45   Ar    Excitation    15.66 eV        0.3135E-16
C46   Ar    Ionization    15.76 eV        0.1142E-14
------------------------------------------------------------
Energy (eV) EEDF (eV-3/2) Anisotropy
  0.3693E+00	  0.8199E+00	  0.3596E-01
  0.1108E+01	  0.1561E+00	  0.3940E-01
  0.1847E+01	  0.7327E-01	  0.4629E-01
  0.2585E+01	  0.4625E-01	  0.5570E-01
  0.3324E+01	  0.3360E-01	  0.6677E-01
  0.4062E+01	  0.2622E-01	  0.7944E-01
  0.4801E+01	  0.2145E-01	  0.9287E-01
  0.5540E+01	  0.1812E-01	  0.1065E+00
  0.6278E+01	  0.1566E-01	  0.1199E+00
  0.7017E+01	  0.1374E-01	  0.1330E+00
  0.7756E+01	  0.1217E-01	  0.1460E+00
  0.8494E+01	  0.1084E-01	  0.1590E+00
  0.9233E+01	  0.9701E-02	  0.1720E+00
  0.9971E+01	  0.8699E-02	  0.1853E+00
  0.1071E+02	  0.7801E-02	  0.1994E+00
  0.1145E+02	  0.6977E-02	  0.2147E+00
  0.1219E+02	  0.6216E-02	  0.2312E+00
  0.1293E+02	  0.5515E-02	  0.2486E+00
  0.1366E+02	  0.4866E-02	  0.2680E+00
  0.1440E+02	  0.4265E-02	  0.2888E+00
  0.1514E+02	  0.3713E-02	  0.3096E+00
  0.1588E+02	  0.3211E-02	  0.3302E+00
  0.1662E+02	  0.2760E-02	  0.3503E+00
  0.1736E+02	  0.2359E-02	  0.3691E+00
  0.1810E+02	  0.2005E-02	  0.3865E+00
  0.1883E+02	  0.1697E-02	  0.4026E+00
  0.1957E+02	  0.1430E-02	  0.4175E+00
  0.2031E+02	  0.1201E-02	  0.4315E+00
  0.2105E+02	  0.1007E-02	  0.4443E+00
  0.2179E+02	  0.8421E-03	  0.4561E+00
  0.2253E+02	  0.7033E-03	  0.4672E+00
  0.2327E+02	  0.5865E-03	  0.4777E+00
  0.2401E+02	  0.4884E-03	  0.4878E+00
  0.2474E+02	  0.4061E-03	  0.4976E+00
  0.2548E+02	  0.3372E-03	  0.5072E+00
  0.2622E+02	  0.2797E-03	  0.5164E+00
  0.2696E+02	  0.2320E-03	  0.5252E+00
  0.2770E+02	  0.1922E-03	  0.5338E+00
  0.2844E+02	  0.1591E-03	  0.5424E+00
  0.2918E+02	  0.1317E-03	  0.5508E+00
  0.2991E+02	  0.1089E-03	  0.5590E+00
  0.3065E+02	  0.8998E-04	  0.5670E+00
  0.3139E+02	  0.7436E-04	  0.5747E+00
  0.3213E+02	  0.6146E-04	  0.5820E+00
  0.3287E+02	  0.5080E-04	  0.5889E+00
  0.3361E+02	  0.4200E-04	  0.5954E+00
  0.3435E+02	  0.3473E-04	  0.6015E+00
  0.3508E+02	  0.2872E-04	  0.6071E+00
  0.3582E+02	  0.2377E-04	  0.6122E+00
  0.3656E+02	  0.1967E-04	  0.6167E+00
  0.3730E+02	  0.1629E-04	  0.6209E+00
  0.3804E+02	  0.1350E-04	  0.6247E+00
  0.3878E+02	  0.1119E-04	  0.6283E+00
  0.3952E+02	  0.9280E-05	  0.6318E+00
  0.4025E+02	  0.7697E-05	  0.6354E+00
  0.4099E+02	  0.6390E-05	  0.6389E+00
  0.4173E+02	  0.5308E-05	  0.6422E+00
  0.4247E+02	  0.4413E-05	  0.6454E+00
  0.4321E+02	  0.3672E-05	  0.6484E+00
  0.4395E+02	  0.3058E-05	  0.6512E+00
  0.4469E+02	  0.2549E-05	  0.6540E+00
  0.4543E+02	  0.2126E-05	  0.6566E+00
  0.4616E+02	  0.1774E-05	  0.6590E+00
  0.4690E+02	  0.1482E-05	  0.6613E+00
  0.4764E+02	  0.1239E-05	  0.6637E+00
  0.4838E+02	  0.1036E-05	  0.6660E+00
  0.4912E+02	  0.8672E-06	  0.6684E+00
  0.4986E+02	  0.7261E-06	  0.6710E+00
  0.5060E+02	  0.6083E-06	  0.6736E+00
  0.5133E+02	  0.5100E-06	  0.6762E+00
  0.5207E+02	  0.4278E-06	  0.6789E+00
  0.5281E+02	  0.3590E-06	  0.6815E+00
  0.5355E+02	  0.3015E-06	  0.6840E+00
  0.5429E+02	  0.2534E-06	  0.6865E+00
  0.5503E+02	  0.2130E-06	  0.6890E+00
  0.5577E+02	  0.1792E-06	  0.6914E+00
  0.5650E+02	  0.1509E-06	  0.6937E+00
  0.5724E+02	  0.1270E-06	  0.6961E+00
  0.5798E+02	  0.1070E-06	  0.6984E+00
  0.5872E+02	  0.9022E-07	  0.7008E+00
  0.5946E+02	  0.7608E-07	  0.7032E+00
  0.6020E+02	  0.6418E-07	  0.7057E+00
  0.6094E+02	  0.5417E-07	  0.7082E+00
  0.6167E+02	  0.4574E-07	  0.7106E+00
  0.6241E+02	  0.3864E-07	  0.7130E+00
  0.6315E+02	  0.3266E-07	  0.7153E+00
  0.6389E+02	  0.2762E-07	  0.7175E+00
  0.6463E+02	  0.2337E-07	  0.7196E+00
  0.6537E+02	  0.1978E-07	  0.7216E+00
  0.6611E+02	  0.1675E-07	  0.7236E+00
  0.6685E+02	  0.1419E-07	  0.7256E+00
  0.6758E+02	  0.1203E-07	  0.7277E+00
  0.6832E+02	  0.1020E-07	  0.7297E+00
  0.6906E+02	  0.8650E-08	  0.7318E+00
  0.6980E+02	  0.7339E-08	  0.7340E+00
  0.7054E+02	  0.6230E-08	  0.7363E+00
  0.7128E+02	  0.5291E-08	  0.7385E+00
  0.7202E+02	  0.4495E-08	  0.7407E+00
  0.7275E+02	  0.3822E-08	  0.7428E+00
  0.7349E+02	  0.3251E-08	  0.7449E+00
  0.7423E+02	  0.2767E-08	  0.7469E+00
  0.7497E+02	  0.2356E-08	  0.7489E+00
  0.7571E+02	  0.2007E-08	  0.7507E+00
  0.7645E+02	  0.1711E-08	  0.7526E+00
  0.7719E+02	  0.1459E-08	  0.7542E+00
  0.7792E+02	  0.1245E-08	  0.7558E+00
  0.7866E+02	  0.1063E-08	  0.7571E+00
  0.7940E+02	  0.9084E-09	  0.7583E+00
  0.8014E+02	  0.7765E-09	  0.7593E+00
  0.8088E+02	  0.6641E-09	  0.7604E+00
  0.8162E+02	  0.5683E-09	  0.7614E+00
  0.8236E+02	  0.4865E-09	  0.7624E+00
  0.8309E+02	  0.4167E-09	  0.7634E+00
  0.8383E+02	  0.3571E-09	  0.7643E+00
  0.8457E+02	  0.3062E-09	  0.7652E+00
  0.8531E+02	  0.2626E-09	  0.7662E+00
  0.8605E+02	  0.2254E-09	  0.7671E+00
  0.8679E+02	  0.1935E-09	  0.7679E+00
  0.8753E+02	  0.1662E-09	  0.7688E+00
  0.8827E+02	  0.1428E-09	  0.7697E+00
  0.8900E+02	  0.1228E-09	  0.7706E+00
  0.8974E+02	  0.1056E-09	  0.7716E+00
  0.9048E+02	  0.9083E-10	  0.7725E+00
  0.9122E+02	  0.7818E-10	  0.7735E+00
  0.9196E+02	  0.6732E-10	  0.7744E+00
  0.9270E+02	  0.5800E-10	  0.7753E+00
  0.9344E+02	  0.4999E-10	  0.7763E+00
  0.9417E+02	  0.4311E-10	  0.7772E+00
  0.9491E+02	  0.3718E-10	  0.7780E+00
  0.9565E+02	  0.3209E-10	  0.7789E+00
  0.9639E+02	  0.2771E-10	  0.7798E+00
  0.9713E+02	  0.2393E-10	  0.7807E+00
  0.9787E+02	  0.2068E-10	  0.7816E+00
  0.9861E+02	  0.1787E-10	  0.7825E+00
  0.9934E+02	  0.1546E-10	  0.7835E+00
  0.1001E+03	  0.1337E-10	  0.7844E+00
  0.1008E+03	  0.1157E-10	  0.7854E+00
  0.1016E+03	  0.1002E-10	  0.7864E+00
  0.1023E+03	  0.8679E-11	  0.7873E+00
  0.1030E+03	  0.7520E-11	  0.7883E+00
  0.1038E+03	  0.6519E-11	  0.7892E+00
  0.1045E+03	  0.5654E-11	  0.7902E+00
  0.1053E+03	  0.4905E-11	  0.7911E+00
  0.1060E+03	  0.4257E-11	  0.7920E+00
  0.1067E+03	  0.3696E-11	  0.7929E+00
  0.1075E+03	  0.3211E-11	  0.7938E+00
  0.1082E+03	  0.2790E-11	  0.7947E+00
  0.1089E+03	  0.2425E-11	  0.7956E+00
  0.1097E+03	  0.2109E-11	  0.7965E+00
  0.1104E+03	  0.1835E-11	  0.7973E+00
  0.1112E+03	  0.1597E-11	  0.7982E+00
  0.1119E+03	  0.1390E-11	  0.7990E+00
  0.1126E+03	  0.1211E-11	  0.7998E+00
  0.1134E+03	  0.1055E-11	  0.8007E+00
  0.1141E+03	  0.9193E-12	  0.8015E+00
  0.1149E+03	  0.8015E-12	  0.8023E+00
  0.1156E+03	  0.6990E-12	  0.8031E+00
  0.1163E+03	  0.6098E-12	  0.8038E+00
  0.1171E+03	  0.5322E-12	  0.8046E+00
  0.1178E+03	  0.4647E-12	  0.8054E+00
  0.1185E+03	  0.4058E-12	  0.8061E+00
  0.1193E+03	  0.3546E-12	  0.8068E+00
  0.1200E+03	  0.3099E-12	  0.8076E+00
  0.1208E+03	  0.2709E-12	  0.8083E+00
  0.1215E+03	  0.2369E-12	  0.8089E+00
  0.1222E+03	  0.2072E-12	  0.8096E+00
  0.1230E+03	  0.1813E-12	  0.8103E+00
  0.1237E+03	  0.1587E-12	  0.8109E+00
  0.1245E+03	  0.1390E-12	  0.8115E+00
  0.1252E+03	  0.1218E-12	  0.8120E+00
  0.1259E+03	  0.1067E-12	  0.8125E+00
  0.1267E+03	  0.9354E-13	  0.8130E+00
  0.1274E+03	  0.8202E-13	  0.8134E+00
  0.1282E+03	  0.7195E-13	  0.8138E+00
  0.1289E+03	  0.6313E-13	  0.8142E+00
  0.1296E+03	  0.5541E-13	  0.8145E+00
  0.1304E+03	  0.4865E-13	  0.8149E+00
  0.1311E+03	  0.4273E-13	  0.8153E+00
  0.1318E+03	  0.3755E-13	  0.8156E+00
  0.1326E+03	  0.3300E-13	  0.8160E+00
  0.1333E+03	  0.2901E-13	  0.8163E+00
  0.1341E+03	  0.2552E-13	  0.8167E+00
  0.1348E+03	  0.2245E-13	  0.8170E+00
  0.1355E+03	  0.1975E-13	  0.8173E+00
  0.1363E+03	  0.1739E-13	  0.8176E+00
  0.1370E+03	  0.1531E-13	  0.8179E+00
  0.1378E+03	  0.1349E-13	  0.8181E+00
  0.1385E+03	  0.1188E-13	  0.8184E+00
  0.1392E+03	  0.1047E-13	  0.8186E+00
  0.1400E+03	  0.9235E-14	  0.8188E+00
  0.1407E+03	  0.8145E-14	  0.8190E+00
  0.1414E+03	  0.7185E-14	  0.8192E+00
  0.1422E+03	  0.6341E-14	  0.8193E+00
  0.1429E+03	  0.5597E-14	  0.8194E+00
  0.1437E+03	  0.4943E-14	  0.8194E+00
  0.1444E+03	  0.4366E-14	  0.8195E+00
  0.1451E+03	  0.3857E-14	  0.8195E+00
  0.1459E+03	  0.3409E-14	  0.8196E+00
  0.1466E+03	  0.3014E-14	  0.8196E+00
  0.1474E+03	  0.2665E-14	  0.8197E+00
  0.1481E+03	  0.2358E-14	  0.8197E+00
  0.1488E+03	  0.2086E-14	  0.8198E+00
  0.1496E+03	  0.1846E-14	  0.8199E+00
  0.1503E+03	  0.1635E-14	  0.8199E+00
  0.1510E+03	  0.1448E-14	  0.8200E+00
  0.1518E+03	  0.1283E-14	  0.8200E+00
  0.1525E+03	  0.1137E-14	  0.8200E+00
  0.1533E+03	  0.1007E-14	  0.8201E+00
  0.1540E+03	  0.8932E-15	  0.8201E+00
  0.1547E+03	  0.7922E-15	  0.8201E+00
  0.1555E+03	  0.7029E-15	  0.8201E+00
  0.1562E+03	  0.6238E-15	  0.8202E+00
  0.1570E+03	  0.5537E-15	  0.8202E+00
  0.1577E+03	  0.4917E-15	  0.8202E+00
  0.1584E+03	  0.4367E-15	  0.8202E+00
  0.1592E+03	  0.3880E-15	  0.8201E+00
  0.1599E+03	  0.3448E-15	  0.8201E+00
  0.1606E+03	  0.3066E-15	  0.8201E+00
  0.1614E+03	  0.2726E-15	  0.8201E+00
  0.1621E+03	  0.2425E-15	  0.8201E+00
  0.1629E+03	  0.2157E-15	  0.8201E+00
  0.1636E+03	  0.1920E-15	  0.8201E+00
  0.1643E+03	  0.1709E-15	  0.8201E+00
  0.1651E+03	  0.1522E-15	  0.8201E+00
  0.1658E+03	  0.1355E-15	  0.8200E+00
  0.1666E+03	  0.1208E-15	  0.8200E+00
  0.1673E+03	  0.1076E-15	  0.8200E+00
  0.1680E+03	  0.9593E-16	  0.8200E+00
  0.1688E+03	  0.8553E-16	  0.8199E+00
  0.1695E+03	  0.7628E-16	  0.8199E+00
  0.1703E+03	  0.6805E-16	  0.8198E+00
  0.1710E+03	  0.6072E-16	  0.8198E+00
  0.1717E+03	  0.5420E-16	  0.8197E+00
  0.1725E+03	  0.4838E-16	  0.8196E+00
  0.1732E+03	  0.4321E-16	  0.8195E+00
  0.1739E+03	  0.3860E-16	  0.8193E+00
  0.1747E+03	  0.3448E-16	  0.8192E+00
  0.1754E+03	  0.3082E-16	  0.8190E+00
  0.1762E+03	  0.2755E-16	  0.8188E+00
  0.1769E+03	  0.2463E-16	  0.8186E+00
  0.1776E+03	  0.2203E-16	  0.8184E+00
  0.1784E+03	  0.1971E-16	  0.8181E+00
  0.1791E+03	  0.1764E-16	  0.8179E+00
  0.1799E+03	  0.1579E-16	  0.8177E+00
  0.1806E+03	  0.1414E-16	  0.8174E+00
  0.1813E+03	  0.1266E-16	  0.8172E+00
  0.1821E+03	  0.1134E-16	  0.8169E+00
  0.1828E+03	  0.1016E-16	  0.8166E+00
  0.1835E+03	  0.9105E-17	  0.8163E+00
  0.1843E+03	  0.8162E-17	  0.8160E+00
  0.1850E+03	  0.7318E-17	  0.8157E+00
  0.1858E+03	  0.6563E-17	  0.8153E+00
  0.1865E+03	  0.5888E-17	  0.8150E+00
  0.1872E+03	  0.5283E-17	  0.8146E+00
  0.1880E+03	  0.4742E-17	  0.8143E+00
  0.1887E+03	  0.4257E-17	  0.8139E+00
  0.1895E+03	  0.3823E-17	  0.8135E+00
  0.1902E+03	  0.3434E-17	  0.8131E+00
  0.1909E+03	  0.3085E-17	  0.8128E+00
  0.1917E+03	  0.2772E-17	  0.8124E+00
  0.1924E+03	  0.2491E-17	  0.8120E+00
  0.1931E+03	  0.2240E-17	  0.8117E+00
  0.1939E+03	  0.2014E-17	  0.8114E+00
  0.1946E+03	  0.1811E-17	  0.8111E+00
  0.1954E+03	  0.1630E-17	  0.8108E+00
  0.1961E+03	  0.1466E-17	  0.8105E+00
  0.1968E+03	  0.1320E-17	  0.8103E+00
  0.1976E+03	  0.1188E-17	  0.8101E+00
  0.1983E+03	  0.1070E-17	  0.8098E+00
  0.1991E+03	  0.9633E-18	  0.8096E+00
  0.1998E+03	  0.8677E-18	  0.8093E+00
  0.2005E+03	  0.7818E-18	  0.8091E+00
  0.2013E+03	  0.7045E-18	  0.8089E+00
  0.2020E+03	  0.6350E-18	  0.8087E+00
  0.2028E+03	  0.5725E-18	  0.8085E+00
  0.2035E+03	  0.5162E-18	  0.8083E+00
  0.2042E+03	  0.4656E-18	  0.8081E+00
  0.2050E+03	  0.4200E-18	  0.8079E+00
  0.2057E+03	  0.3789E-18	  0.8078E+00
  0.2064E+03	  0.3420E-18	  0.8076E+00
  0.2072E+03	  0.3087E-18	  0.8075E+00
  0.2079E+03	  0.2787E-18	  0.8073E+00
  0.2087E+03	  0.2516E-18	  0.8072E+00
  0.2094E+03	  0.2273E-18	  0.8070E+00
  0.2101E+03	  0.2053E-18	  0.8069E+00
  0.2109E+03	  0.1855E-18	  0.8067E+00
  0.2116E+03	  0.1676E-18	  0.8065E+00
  0.2124E+03	  0.1515E-18	  0.8063E+00
  0.2131E+03	  0.1370E-18	  0.8062E+00
  0.2138E+03	  0.1239E-18	  0.8060E+00
  0.2146E+03	  0.1120E-18	  0.8058E+00
  0.2153E+03	  0.1013E-18	  0.8056E+00
  0.2160E+03	  0.9168E-19	  0.8054E+00
  0.2168E+03	  0.8297E-19	  0.8052E+00
  0.2175E+03	  0.7510E-19	  0.8050E+00
  0.2183E+03	  0.6798E-19	  0.8048E+00
  0.2190E+03	  0.6156E-19	  0.8046E+00
  0.2197E+03	  0.5575E-19	  0.8044E+00
  0.2205E+03	  0.5050E-19	  0.8041E+00
  0.2212E+03	  0.4575E-19	  0.8039E+00
  0.2220E+03	  0.4145E-19	  0.8037E+00
  0.2227E+03	  0.3757E-19	  0.8035E+00
  0.2234E+03	  0.3406E-19	  0.8032E+00
  0.2242E+03	  0.3088E-19	  0.8030E+00
  0.2249E+03	  0.2800E-19	  0.8027E+00
  0.2256E+03	  0.2539E-19	  0.8025E+00
  0.2264E+03	  0.2304E-19	  0.8022E+00
  0.2271E+03	  0.2090E-19	  0.8020E+00
  0.2279E+03	  0.1897E-19	  0.8017E+00
  0.2286E+03	  0.1722E-19	  0.8015E+00
  0.2293E+03	  0.1563E-19	  0.8012E+00
  0.2301E+03	  0.1419E-19	  0.8009E+00
  0.2308E+03	  0.1289E-19	  0.8007E+00
  0.2316E+03	  0.1170E-19	  0.8004E+00
  0.2323E+03	  0.1063E-19	  0.8001E+00
  0.2330E+03	  0.9661E-20	  0.7998E+00
  0.2338E+03	  0.8780E-20	  0.7995E+00
  0.2345E+03	  0.7980E-20	  0.7993E+00
  0.2353E+03	  0.7255E-20	  0.7990E+00
  0.2360E+03	  0.6596E-20	  0.7987E+00
  0.2367E+03	  0.5999E-20	  0.7984E+00
  0.2375E+03	  0.5456E-20	  0.7981E+00
  0.2382E+03	  0.4964E-20	  0.7978E+00
  0.2389E+03	  0.4516E-20	  0.7975E+00
  0.2397E+03	  0.4110E-20	  0.7972E+00
  0.2404E+03	  0.3741E-20	  0.7969E+00
  0.2412E+03	  0.3405E-20	  0.7966E+00
  0.2419E+03	  0.3100E-20	  0.7963E+00
  0.2426E+03	  0.2823E-20	  0.7960E+00
  0.2434E+03	  0.2571E-20	  0.7957E+00
  0.2441E+03	  0.2342E-20	  0.7954E+00
  0.2449E+03	  0.2134E-20	  0.7951E+00
  0.2456E+03	  0.1945E-20	  0.7948E+00
  0.2463E+03	  0.1772E-20	  0.7945E+00
  0.2471E+03	  0.1616E-20	  0.7942E+00
  0.2478E+03	  0.1473E-20	  0.7939E+00
  0.2485E+03	  0.1343E-20	  0.7936E+00
  0.2493E+03	  0.1225E-20	  0.7932E+00
  0.2500E+03	  0.1117E-20	  0.7929E+00
  0.2508E+03	  0.1019E-20	  0.7926E+00
  0.2515E+03	  0.9300E-21	  0.7923E+00
  0.2522E+03	  0.8487E-21	  0.7921E+00
  0.2530E+03	  0.7746E-21	  0.7918E+00
  0.2537E+03	  0.7071E-21	  0.7915E+00
  0.2545E+03	  0.6456E-21	  0.7912E+00
  0.2552E+03	  0.5895E-21	  0.7909E+00
  0.2559E+03	  0.5384E-21	  0.7907E+00
  0.2567E+03	  0.4918E-21	  0.7904E+00
  0.2574E+03	  0.4493E-21	  0.7901E+00
  0.2581E+03	  0.4105E-21	  0.7898E+00
  0.2589E+03	  0.3751E-21	  0.7895E+00
  0.2596E+03	  0.3429E-21	  0.7892E+00
  0.2604E+03	  0.3134E-21	  0.7889E+00
  0.2611E+03	  0.2866E-21	  0.7886E+00
  0.2618E+03	  0.2620E-21	  0.7883E+00
  0.2626E+03	  0.2396E-21	  0.7880E+00
  0.2633E+03	  0.2192E-21	  0.7877E+00
  0.2641E+03	  0.2005E-21	  0.7874E+00
  0.2648E+03	  0.1835E-21	  0.7871E+00
  0.2655E+03	  0.1679E-21	  0.7868E+00
  0.2663E+03	  0.1537E-21	  0.7865E+00
  0.2670E+03	  0.1407E-21	  0.7861E+00
  0.2677E+03	  0.1288E-21	  0.7858E+00
  0.2685E+03	  0.1179E-21	  0.7855E+00
  0.2692E+03	  0.1080E-21	  0.7852E+00
  0.2700E+03	  0.9893E-22	  0.7848E+00
  0.2707E+03	  0.9063E-22	  0.7845E+00
  0.2714E+03	  0.8303E-22	  0.7841E+00
  0.2722E+03	  0.7609E-22	  0.7838E+00
  0.2729E+03	  0.6973E-22	  0.7835E+00
  0.2737E+03	  0.6392E-22	  0.7831E+00
  0.2744E+03	  0.5860E-22	  0.7828E+00
  0.2751E+03	  0.5373E-22	  0.7824E+00
  0.2759E+03	  0.4927E-22	  0.7820E+00
  0.2766E+03	  0.4519E-22	  0.7817E+00
  0.2774E+03	  0.4145E-22	  0.7813E+00
  0.2781E+03	  0.3803E-22	  0.7810E+00
  0.2788E+03	  0.3489E-22	  0.7806E+00
  0.2796E+03	  0.3202E-22	  0.7802E+00
  0.2803E+03	  0.2939E-22	  0.7798E+00
  0.2810E+03	  0.2698E-22	  0.7795E+00
  0.2818E+03	  0.2477E-22	  0.7791E+00
  0.2825E+03	  0.2274E-22	  0.7787E+00
  0.2833E+03	  0.2088E-22	  0.7783E+00
  0.2840E+03	  0.1918E-22	  0.7779E+00
  0.2847E+03	  0.1762E-22	  0.7776E+00
  0.2855E+03	  0.1619E-22	  0.7772E+00
  0.2862E+03	  0.1487E-22	  0.7768E+00
  0.2870E+03	  0.1367E-22	  0.7764E+00
  0.2877E+03	  0.1256E-22	  0.7760E+00
  0.2884E+03	  0.1155E-22	  0.7756E+00
  0.2892E+03	  0.1062E-22	  0.7752E+00
  0.2899E+03	  0.9762E-23	  0.7749E+00
  0.2906E+03	  0.8977E-23	  0.7745E+00
  0.2914E+03	  0.8257E-23	  0.7741E+00
  0.2921E+03	  0.7595E-23	  0.7737E+00
  0.2929E+03	  0.6987E-23	  0.7734E+00
  0.2936E+03	  0.6429E-23	  0.7730E+00
  0.2943E+03	  0.5916E-23	  0.7726E+00
  0.2951E+03	  0.5445E-23	  0.7723E+00
  0.2958E+03	  0.5011E-23	  0.7719E+00
  0.2966E+03	  0.4613E-23	  0.7716E+00
  0.2973E+03	  0.4248E-23	  0.7712E+00
  0.2980E+03	  0.3911E-23	  0.7709E+00
  0.2988E+03	  0.3602E-23	  0.7705E+00
  0.2995E+03	  0.3318E-23	  0.7701E+00
  0.3002E+03	  0.3056E-23	  0.7698E+00
  0.3010E+03	  0.2815E-23	  0.7694E+00
  0.3017E+03	  0.2594E-23	  0.7691E+00
  0.3025E+03	  0.2391E-23	  0.7687E+00
  0.3032E+03	  0.2203E-23	  0.7683E+00
  0.3039E+03	  0.2031E-23	  0.7680E+00
  0.3047E+03	  0.1872E-23	  0.7676E+00
  0.3054E+03	  0.1726E-23	  0.7673E+00
  0.3062E+03	  0.1592E-23	  0.7669E+00
  0.3069E+03	  0.1468E-23	  0.7666E+00
  0.3076E+03	  0.1354E-23	  0.7662E+00
  0.3084E+03	  0.1249E-23	  0.7659E+00
  0.3091E+03	  0.1152E-23	  0.7656E+00
  0.3099E+03	  0.1063E-23	  0.7652E+00
  0.3106E+03	  0.9810E-24	  0.7649E+00
  0.3113E+03	  0.9054E-24	  0.7645E+00
  0.3121E+03	  0.8357E-24	  0.7642E+00
  0.3128E+03	  0.7714E-24	  0.7638E+00
  0.3135E+03	  0.7122E-24	  0.7635E+00
  0.3143E+03	  0.6576E-24	  0.7631E+00
  0.3150E+03	  0.6073E-24	  0.7628E+00
  0.3158E+03	  0.5609E-24	  0.7624E+00
  0.3165E+03	  0.5181E-24	  0.7620E+00
  0.3172E+03	  0.4786E-24	  0.7617E+00
  0.3180E+03	  0.4422E-24	  0.7613E+00
  0.3187E+03	  0.4086E-24	  0.7609E+00
  0.3195E+03	  0.3776E-24	  0.7606E+00
  0.3202E+03	  0.3490E-24	  0.7602E+00
  0.3209E+03	  0.3226E-24	  0.7598E+00
  0.3217E+03	  0.2982E-24	  0.7595E+00
  0.3224E+03	  0.2757E-24	  0.7591E+00
  0.3231E+03	  0.2549E-24	  0.7587E+00
  0.3239E+03	  0.2357E-24	  0.7583E+00
  0.3246E+03	  0.2180E-24	  0.7579E+00
  0.3254E+03	  0.2017E-24	  0.7575E+00
  0.3261E+03	  0.1866E-24	  0.7571E+00
  0.3268E+03	  0.1726E-24	  0.7567E+00
  0.3276E+03	  0.1597E-24	  0.7563E+00
  0.3283E+03	  0.1478E-24	  0.7559E+00
  0.3291E+03	  0.1368E-24	  0.7556E+00
  0.3298E+03	  0.1266E-24	  0.7552E+00
  0.3305E+03	  0.1172E-24	  0.7548E+00
  0.3313E+03	  0.1085E-24	  0.7544E+00
  0.3320E+03	  0.1005E-24	  0.7540E+00
  0.3327E+03	  0.9308E-25	  0.7536E+00
  0.3335E+03	  0.8621E-25	  0.7533E+00
 
 
R19 
------------------------------------------------------------
Electric field / N (Td)                    850.0    
Angular frequency / N (m3/s)              0.4724E-12
Cosine of E-B field angle                  0.000    
Gas temperature (K)                        300.0    
Excitation temperature (K)                 300.0    
Transition energy (eV)                     0.000    
Ionization degree                          0.000    
Plasma density (1/m3)                     0.1000E+19
Ion charge parameter                       1.000    
Ion/neutral mass ratio                     1.000    
Coulomb collision model                    1.000    
Energy sharing                             0.000    
Growth model                               1.000    
Maxwellian mean energy (eV)                0.000    
# of grid points                           500.0    
Grid type                                  1.000    
Maximum energy                             30.00    
Precision                                 0.1000E-24
Convergence                               0.1000E-03
Maximum # of iterations                   0.2000E+05
Mole fraction Ar                           1.000    
------------------------------------------------------------
Mean energy (eV)                           5.972    
Mobility *N (1/m/V/s)                     0.5590E+25
Re/perp mobility *N (1/m/V/s)             0.1029E+24
Im/Hall mobility *N (1/m/V/s)            -0.3342E+24
Diffusion coefficient *N (1/m/s)          0.7641E+25
Energy mobility *N (1/m/V/s)              0.2118E+25
Energy diffusion coef. *N (1/m/s)         0.6484E+25
Total collision freq. /N (m3/s)           0.1222E-12
Momentum frequency /N (m3/s)              0.1424E-12
Total ionization freq. /N (m3/s)          0.2016E-14
Power /N (eV m3/s)                        0.7432E-13
Elastic power loss /N (eV m3/s)           0.4036E-16
Inelastic power loss /N (eV m3/s)         0.6325E-13
Growth power /N (eV m3/s)                 0.1209E-13
Maximum energy                             528.6    
# of iterations                            254.0    
# of grid trials                           17.00    
------------------------------------------------------------
Rate coefficients (m3/s)
C1    Ar    Elastic                       0.1178E-12
C2    Ar    Excitation    11.55 eV        0.1872E-15
C3    Ar    Excitation    11.62 eV        0.2479E-15
C4    Ar    Excitation    11.72 eV        0.3607E-16
C5    Ar    Excitation    11.83 eV        0.5035E-15
C6    Ar    Excitation    12.91 eV        0.5124E-16
C7    Ar    Excitation    13.08 eV        0.7237E-16
C8    Ar    Excitation    13.10 eV        0.5728E-16
C9    Ar    Excitation    13.15 eV        0.4169E-16
C10   Ar    Excitation    13.17 eV        0.5442E-16
C11   Ar    Excitation    13.27 eV        0.2720E-16
C12   Ar    Excitation    13.28 eV        0.4074E-16
C13   Ar    Excitation    13.30 eV        0.3807E-16
C14   Ar    Excitation    13.33 eV        0.2122E-16
C15   Ar    Excitation    13.48 eV        0.9042E-16
C16   Ar    Excitation    13.85 eV        0.2727E-16
C17   Ar    Excitation    13.86 eV        0.1353E-15
C18   Ar    Excitation    13.90 eV        0.1046E-15
C19   Ar    Excitation    13.98 eV        0.1002E-15
C20   Ar    Excitation    14.01 eV        0.3987E-16
C21   Ar    Excitation    14.06 eV        0.4376E-16
C22   Ar    Excitation    14.07 eV        0.4375E-16
C23   Ar    Excitation    14.09 eV        0.1933E-16
C24   Ar    Excitation    14.10 eV        0.1095E-16
C25   Ar    Excitation    14.15 eV        0.5436E-16
C26   Ar    Excitation    14.21 eV        0.5404E-16
C27   Ar    Excitation    14.23 eV        0.3363E-16
C28   Ar    Excitation    14.24 eV        0.1641E-16
C29   Ar    Excitation    14.24 eV        0.8706E-17
C30   Ar    Excitation    14.26 eV        0.7782E-17
C31   Ar    Excitation    14.30 eV        0.6391E-16
C32   Ar    Excitation    14.71 eV        0.1136E-17
C33   Ar    Excitation    14.85 eV        0.8188E-17
C34   Ar    Excitation    14.86 eV        0.2741E-16
C35   Ar    Excitation    15.00 eV        0.1123E-16
C36   Ar    Excitation    15.02 eV        0.1174E-16
C37   Ar    Excitation    15.12 eV        0.2113E-17
C38   Ar    Excitation    15.19 eV        0.2142E-16
C39   Ar    Excitation    15.19 eV        0.2139E-16
C40   Ar    Excitation    15.31 eV        0.3608E-18
C41   Ar    Excitation    15.35 eV        0.2415E-18
C42   Ar    Excitation    15.36 eV        0.3493E-18
C43   Ar    Excitation    15.37 eV        0.6123E-17
C44   Ar    Excitation    15.37 eV        0.1362E-16
C45   Ar    Excitation    15.66 eV        0.5757E-16
C46   Ar    Ionization    15.76 eV        0.2016E-14
------------------------------------------------------------
Energy (eV) EEDF (eV-3/2) Anisotropy
  0.5286E+00	  0.4577E+00	  0.6005E-01
  0.1586E+01	  0.9787E-01	  0.6578E-01
  0.2643E+01	  0.4707E-01	  0.7726E-01
  0.3700E+01	  0.3049E-01	  0.9329E-01
  0.4758E+01	  0.2251E-01	  0.1119E+00
  0.5815E+01	  0.1793E-01	  0.1309E+00
  0.6872E+01	  0.1490E-01	  0.1497E+00
  0.7929E+01	  0.1268E-01	  0.1683E+00
  0.8987E+01	  0.1092E-01	  0.1870E+00
  0.1004E+02	  0.9469E-02	  0.2062E+00
  0.1110E+02	  0.8219E-02	  0.2268E+00
  0.1216E+02	  0.7097E-02	  0.2495E+00
  0.1322E+02	  0.6091E-02	  0.2745E+00
  0.1427E+02	  0.5178E-02	  0.3020E+00
  0.1533E+02	  0.4358E-02	  0.3305E+00
  0.1639E+02	  0.3631E-02	  0.3581E+00
  0.1744E+02	  0.2998E-02	  0.3838E+00
  0.1850E+02	  0.2457E-02	  0.4070E+00
  0.1956E+02	  0.2001E-02	  0.4278E+00
  0.2062E+02	  0.1620E-02	  0.4467E+00
  0.2167E+02	  0.1309E-02	  0.4636E+00
  0.2273E+02	  0.1055E-02	  0.4789E+00
  0.2379E+02	  0.8478E-03	  0.4932E+00
  0.2485E+02	  0.6801E-03	  0.5069E+00
  0.2590E+02	  0.5445E-03	  0.5200E+00
  0.2696E+02	  0.4357E-03	  0.5324E+00
  0.2802E+02	  0.3482E-03	  0.5444E+00
  0.2907E+02	  0.2781E-03	  0.5561E+00
  0.3013E+02	  0.2218E-03	  0.5674E+00
  0.3119E+02	  0.1769E-03	  0.5780E+00
  0.3225E+02	  0.1411E-03	  0.5880E+00
  0.3330E+02	  0.1126E-03	  0.5972E+00
  0.3436E+02	  0.8996E-04	  0.6054E+00
  0.3542E+02	  0.7189E-04	  0.6128E+00
  0.3647E+02	  0.5751E-04	  0.6191E+00
  0.3753E+02	  0.4604E-04	  0.6246E+00
  0.3859E+02	  0.3689E-04	  0.6296E+00
  0.3965E+02	  0.2959E-04	  0.6343E+00
  0.4070E+02	  0.2375E-04	  0.6391E+00
  0.4176E+02	  0.1909E-04	  0.6435E+00
  0.4282E+02	  0.1536E-04	  0.6477E+00
  0.4388E+02	  0.1239E-04	  0.6515E+00
  0.4493E+02	  0.9999E-05	  0.6551E+00
  0.4599E+02	  0.8083E-05	  0.6584E+00
  0.4705E+02	  0.6543E-05	  0.6615E+00
  0.4810E+02	  0.5302E-05	  0.6647E+00
  0.4916E+02	  0.4302E-05	  0.6680E+00
  0.5022E+02	  0.3493E-05	  0.6714E+00
  0.5128E+02	  0.2840E-05	  0.6749E+00
  0.5233E+02	  0.2311E-05	  0.6785E+00
  0.5339E+02	  0.1883E-05	  0.6819E+00
  0.5445E+02	  0.1535E-05	  0.6853E+00
  0.5551E+02	  0.1253E-05	  0.6885E+00
  0.5656E+02	  0.1024E-05	  0.6917E+00
  0.5762E+02	  0.8376E-06	  0.6949E+00
  0.5868E+02	  0.6856E-06	  0.6980E+00
  0.5973E+02	  0.5617E-06	  0.7013E+00
  0.6079E+02	  0.4604E-06	  0.7046E+00
  0.6185E+02	  0.3778E-06	  0.7079E+00
  0.6291E+02	  0.3102E-06	  0.7110E+00
  0.6396E+02	  0.2550E-06	  0.7140E+00
  0.6502E+02	  0.2098E-06	  0.7167E+00
  0.6608E+02	  0.1727E-06	  0.7194E+00
  0.6713E+02	  0.1423E-06	  0.7221E+00
  0.6819E+02	  0.1173E-06	  0.7249E+00
  0.6925E+02	  0.9681E-07	  0.7277E+00
  0.7031E+02	  0.7993E-07	  0.7307E+00
  0.7136E+02	  0.6604E-07	  0.7336E+00
  0.7242E+02	  0.5463E-07	  0.7364E+00
  0.7348E+02	  0.4522E-07	  0.7391E+00
  0.7454E+02	  0.3748E-07	  0.7417E+00
  0.7559E+02	  0.3108E-07	  0.7441E+00
  0.7665E+02	  0.2581E-07	  0.7464E+00
  0.7771E+02	  0.2145E-07	  0.7484E+00
  0.7876E+02	  0.1784E-07	  0.7501E+00
  0.7982E+02	  0.1486E-07	  0.7515E+00
  0.8088E+02	  0.1238E-07	  0.7527E+00
  0.8194E+02	  0.1033E-07	  0.7540E+00
  0.8299E+02	  0.8626E-08	  0.7552E+00
  0.8405E+02	  0.7209E-08	  0.7563E+00
  0.8511E+02	  0.6029E-08	  0.7575E+00
  0.8617E+02	  0.5047E-08	  0.7586E+00
  0.8722E+02	  0.4228E-08	  0.7597E+00
  0.8828E+02	  0.3544E-08	  0.7607E+00
  0.8934E+02	  0.2973E-08	  0.7619E+00
  0.9039E+02	  0.2496E-08	  0.7630E+00
  0.9145E+02	  0.2098E-08	  0.7642E+00
  0.9251E+02	  0.1764E-08	  0.7653E+00
  0.9357E+02	  0.1484E-08	  0.7664E+00
  0.9462E+02	  0.1250E-08	  0.7675E+00
  0.9568E+02	  0.1053E-08	  0.7686E+00
  0.9674E+02	  0.8885E-09	  0.7697E+00
  0.9779E+02	  0.7499E-09	  0.7708E+00
  0.9885E+02	  0.6334E-09	  0.7719E+00
  0.9991E+02	  0.5353E-09	  0.7731E+00
  0.1010E+03	  0.4527E-09	  0.7743E+00
  0.1020E+03	  0.3832E-09	  0.7755E+00
  0.1031E+03	  0.3246E-09	  0.7767E+00
  0.1041E+03	  0.2751E-09	  0.7778E+00
  0.1052E+03	  0.2333E-09	  0.7790E+00
  0.1063E+03	  0.1981E-09	  0.7801E+00
  0.1073E+03	  0.1682E-09	  0.7812E+00
  0.1084E+03	  0.1430E-09	  0.7822E+00
  0.1094E+03	  0.1216E-09	  0.7833E+00
  0.1105E+03	  0.1035E-09	  0.7843E+00
  0.1115E+03	  0.8814E-10	  0.7854E+00
  0.1126E+03	  0.7511E-10	  0.7864E+00
  0.1137E+03	  0.6405E-10	  0.7874E+00
  0.1147E+03	  0.5465E-10	  0.7883E+00
  0.1158E+03	  0.4666E-10	  0.7893E+00
  0.1168E+03	  0.3986E-10	  0.7902E+00
  0.1179E+03	  0.3407E-10	  0.7911E+00
  0.1189E+03	  0.2914E-10	  0.7919E+00
  0.1200E+03	  0.2494E-10	  0.7928E+00
  0.1211E+03	  0.2136E-10	  0.7936E+00
  0.1221E+03	  0.1830E-10	  0.7944E+00
  0.1232E+03	  0.1569E-10	  0.7951E+00
  0.1242E+03	  0.1346E-10	  0.7958E+00
  0.1253E+03	  0.1155E-10	  0.7963E+00
  0.1263E+03	  0.9918E-11	  0.7968E+00
  0.1274E+03	  0.8523E-11	  0.7972E+00
  0.1285E+03	  0.7329E-11	  0.7976E+00
  0.1295E+03	  0.6305E-11	  0.7980E+00
  0.1306E+03	  0.5427E-11	  0.7984E+00
  0.1316E+03	  0.4675E-11	  0.7987E+00
  0.1327E+03	  0.4029E-11	  0.7991E+00
  0.1337E+03	  0.3474E-11	  0.7994E+00
  0.1348E+03	  0.2997E-11	  0.7996E+00
  0.1359E+03	  0.2587E-11	  0.7999E+00
  0.1369E+03	  0.2235E-11	  0.8001E+00
  0.1380E+03	  0.1931E-11	  0.8003E+00
  0.1390E+03	  0.1670E-11	  0.8005E+00
  0.1401E+03	  0.1444E-11	  0.8006E+00
  0.1411E+03	  0.1250E-11	  0.8007E+00
  0.1422E+03	  0.1083E-11	  0.8007E+00
  0.1433E+03	  0.9382E-12	  0.8006E+00
  0.1443E+03	  0.8134E-12	  0.8005E+00
  0.1454E+03	  0.7055E-12	  0.8005E+00
  0.1464E+03	  0.6123E-12	  0.8004E+00
  0.1475E+03	  0.5316E-12	  0.8003E+00
  0.1485E+03	  0.4619E-12	  0.8002E+00
  0.1496E+03	  0.4014E-12	  0.8001E+00
  0.1507E+03	  0.3491E-12	  0.8000E+00
  0.1517E+03	  0.3037E-12	  0.7999E+00
  0.1528E+03	  0.2644E-12	  0.7998E+00
  0.1538E+03	  0.2303E-12	  0.7997E+00
  0.1549E+03	  0.2007E-12	  0.7996E+00
  0.1559E+03	  0.1749E-12	  0.7994E+00
  0.1570E+03	  0.1526E-12	  0.7993E+00
  0.1581E+03	  0.1332E-12	  0.7991E+00
  0.1591E+03	  0.1163E-12	  0.7990E+00
  0.1602E+03	  0.1016E-12	  0.7988E+00
  0.1612E+03	  0.8879E-13	  0.7986E+00
  0.1623E+03	  0.7764E-13	  0.7984E+00
  0.1633E+03	  0.6792E-13	  0.7983E+00
  0.1644E+03	  0.5945E-13	  0.7981E+00
  0.1655E+03	  0.5206E-13	  0.7979E+00
  0.1665E+03	  0.4560E-13	  0.7978E+00
  0.1676E+03	  0.3997E-13	  0.7976E+00
  0.1686E+03	  0.3505E-13	  0.7974E+00
  0.1697E+03	  0.3075E-13	  0.7971E+00
  0.1707E+03	  0.2698E-13	  0.7969E+00
  0.1718E+03	  0.2369E-13	  0.7966E+00
  0.1729E+03	  0.2081E-13	  0.7963E+00
  0.1739E+03	  0.1829E-13	  0.7960E+00
  0.1750E+03	  0.1608E-13	  0.7956E+00
  0.1760E+03	  0.1415E-13	  0.7951E+00
  0.1771E+03	  0.1245E-13	  0.7947E+00
  0.1781E+03	  0.1096E-13	  0.7942E+00
  0.1792E+03	  0.9655E-14	  0.7937E+00
  0.1803E+03	  0.8508E-14	  0.7932E+00
  0.1813E+03	  0.7501E-14	  0.7927E+00
  0.1824E+03	  0.6615E-14	  0.7922E+00
  0.1834E+03	  0.5837E-14	  0.7916E+00
  0.1845E+03	  0.5152E-14	  0.7910E+00
  0.1855E+03	  0.4550E-14	  0.7904E+00
  0.1866E+03	  0.4020E-14	  0.7898E+00
  0.1877E+03	  0.3553E-14	  0.7891E+00
  0.1887E+03	  0.3142E-14	  0.7885E+00
  0.1898E+03	  0.2779E-14	  0.7878E+00
  0.1908E+03	  0.2459E-14	  0.7872E+00
  0.1919E+03	  0.2177E-14	  0.7865E+00
  0.1929E+03	  0.1928E-14	  0.7859E+00
  0.1940E+03	  0.1709E-14	  0.7853E+00
  0.1951E+03	  0.1514E-14	  0.7848E+00
  0.1961E+03	  0.1343E-14	  0.7843E+00
  0.1972E+03	  0.1191E-14	  0.7838E+00
  0.1982E+03	  0.1057E-14	  0.7834E+00
  0.1993E+03	  0.9381E-15	  0.7829E+00
  0.2003E+03	  0.8330E-15	  0.7825E+00
  0.2014E+03	  0.7400E-15	  0.7820E+00
  0.2025E+03	  0.6575E-15	  0.7816E+00
  0.2035E+03	  0.5845E-15	  0.7812E+00
  0.2046E+03	  0.5198E-15	  0.7808E+00
  0.2056E+03	  0.4624E-15	  0.7805E+00
  0.2067E+03	  0.4114E-15	  0.7802E+00
  0.2077E+03	  0.3663E-15	  0.7798E+00
  0.2088E+03	  0.3261E-15	  0.7795E+00
  0.2099E+03	  0.2905E-15	  0.7791E+00
  0.2109E+03	  0.2589E-15	  0.7788E+00
  0.2120E+03	  0.2308E-15	  0.7784E+00
  0.2130E+03	  0.2058E-15	  0.7780E+00
  0.2141E+03	  0.1836E-15	  0.7776E+00
  0.2151E+03	  0.1638E-15	  0.7772E+00
  0.2162E+03	  0.1462E-15	  0.7768E+00
  0.2173E+03	  0.1305E-15	  0.7764E+00
  0.2183E+03	  0.1166E-15	  0.7760E+00
  0.2194E+03	  0.1042E-15	  0.7756E+00
  0.2204E+03	  0.9311E-16	  0.7751E+00
  0.2215E+03	  0.8325E-16	  0.7747E+00
  0.2225E+03	  0.7445E-16	  0.7742E+00
  0.2236E+03	  0.6661E-16	  0.7738E+00
  0.2247E+03	  0.5961E-16	  0.7733E+00
  0.2257E+03	  0.5336E-16	  0.7729E+00
  0.2268E+03	  0.4779E-16	  0.7724E+00
  0.2278E+03	  0.4280E-16	  0.7719E+00
  0.2289E+03	  0.3836E-16	  0.7714E+00
  0.2299E+03	  0.3438E-16	  0.7709E+00
  0.2310E+03	  0.3082E-16	  0.7704E+00
  0.2321E+03	  0.2765E-16	  0.7699E+00
  0.2331E+03	  0.2480E-16	  0.7694E+00
  0.2342E+03	  0.2226E-16	  0.7689E+00
  0.2352E+03	  0.1998E-16	  0.7683E+00
  0.2363E+03	  0.1794E-16	  0.7678E+00
  0.2374E+03	  0.1612E-16	  0.7673E+00
  0.2384E+03	  0.1448E-16	  0.7667E+00
  0.2395E+03	  0.1301E-16	  0.7662E+00
  0.2405E+03	  0.1170E-16	  0.7657E+00
  0.2416E+03	  0.1052E-16	  0.7651E+00
  0.2426E+03	  0.9464E-17	  0.7646E+00
  0.2437E+03	  0.8516E-17	  0.7641E+00
  0.2448E+03	  0.7665E-17	  0.7635E+00
  0.2458E+03	  0.6900E-17	  0.7630E+00
  0.2469E+03	  0.6214E-17	  0.7625E+00
  0.2479E+03	  0.5598E-17	  0.7619E+00
  0.2490E+03	  0.5044E-17	  0.7614E+00
  0.2500E+03	  0.4546E-17	  0.7609E+00
  0.2511E+03	  0.4099E-17	  0.7603E+00
  0.2522E+03	  0.3696E-17	  0.7598E+00
  0.2532E+03	  0.3334E-17	  0.7593E+00
  0.2543E+03	  0.3008E-17	  0.7588E+00
  0.2553E+03	  0.2715E-17	  0.7583E+00
  0.2564E+03	  0.2451E-17	  0.7578E+00
  0.2574E+03	  0.2213E-17	  0.7573E+00
  0.2585E+03	  0.1999E-17	  0.7568E+00
  0.2596E+03	  0.1806E-17	  0.7563E+00
  0.2606E+03	  0.1632E-17	  0.7558E+00
  0.2617E+03	  0.1476E-17	  0.7552E+00
  0.2627E+03	  0.1334E-17	  0.7547E+00
  0.2638E+03	  0.1207E-17	  0.7541E+00
  0.2648E+03	  0.1092E-17	  0.7536E+00
  0.2659E+03	  0.9880E-18	  0.7530E+00
  0.2670E+03	  0.8943E-18	  0.7525E+00
  0.2680E+03	  0.8096E-18	  0.7519E+00
  0.2691E+03	  0.7332E-18	  0.7514E+00
  0.2701E+03	  0.6642E-18	  0.7508E+00
  0.2712E+03	  0.6018E-18	  0.7502E+00
  0.2722E+03	  0.5454E-18	  0.7496E+00
  0.2733E+03	  0.4945E-18	  0.7490E+00
  0.2744E+03	  0.4484E-18	  0.7485E+00
  0.2754E+03	  0.4067E-18	  0.7479E+00
  0.2765E+03	  0.3689E-18	  0.7472E+00
  0.2775E+03	  0.3348E-18	  0.7466E+00
  0.2786E+03	  0.3039E-18	  0.7460E+00
  0.2796E+03	  0.2759E-18	  0.7454E+00
  0.2807E+03	  0.2505E-18	  0.7448E+00
  0.2818E+03	  0.2276E-18	  0.7441E+00
  0.2828E+03	  0.2068E-18	  0.7435E+00
  0.2839E+03	  0.1879E-18	  0.7429E+00
  0.2849E+03	  0.1708E-18	  0.7423E+00
  0.2860E+03	  0.1553E-18	  0.7416E+00
  0.2870E+03	  0.1412E-18	  0.7410E+00
  0.2881E+03	  0.1285E-18	  0.7404E+00
  0.2892E+03	  0.1169E-18	  0.7397E+00
  0.2902E+03	  0.1064E-18	  0.7391E+00
  0.2913E+03	  0.9684E-19	  0.7385E+00
  0.2923E+03	  0.8817E-19	  0.7379E+00
  0.2934E+03	  0.8029E-19	  0.7373E+00
  0.2944E+03	  0.7314E-19	  0.7367E+00
  0.2955E+03	  0.6663E-19	  0.7361E+00
  0.2966E+03	  0.6072E-19	  0.7355E+00
  0.2976E+03	  0.5535E-19	  0.7349E+00
  0.2987E+03	  0.5046E-19	  0.7343E+00
  0.2997E+03	  0.4602E-19	  0.7337E+00
  0.3008E+03	  0.4197E-19	  0.7331E+00
  0.3018E+03	  0.3829E-19	  0.7325E+00
  0.3029E+03	  0.3494E-19	  0.7319E+00
  0.3040E+03	  0.3189E-19	  0.7314E+00
  0.3050E+03	  0.2911E-19	  0.7308E+00
  0.3061E+03	  0.2658E-19	  0.7302E+00
  0.3071E+03	  0.2428E-19	  0.7296E+00
  0.3082E+03	  0.2218E-19	  0.7291E+00
  0.3092E+03	  0.2026E-19	  0.7285E+00
  0.3103E+03	  0.1852E-19	  0.7279E+00
  0.3114E+03	  0.1692E-19	  0.7273E+00
  0.3124E+03	  0.1547E-19	  0.7268E+00
  0.3135E+03	  0.1415E-19	  0.7262E+00
  0.3145E+03	  0.1294E-19	  0.7256E+00
  0.3156E+03	  0.1184E-19	  0.7250E+00
  0.3166E+03	  0.1083E-19	  0.7244E+00
  0.3177E+03	  0.9912E-20	  0.7238E+00
  0.3188E+03	  0.9073E-20	  0.7232E+00
  0.3198E+03	  0.8307E-20	  0.7226E+00
  0.3209E+03	  0.7607E-20	  0.7220E+00
  0.3219E+03	  0.6967E-20	  0.7214E+00
  0.3230E+03	  0.6383E-20	  0.7208E+00
  0.3240E+03	  0.5849E-20	  0.7202E+00
  0.3251E+03	  0.5360E-20	  0.7196E+00
  0.3262E+03	  0.4913E-20	  0.7190E+00
  0.3272E+03	  0.4505E-20	  0.7183E+00
  0.3283E+03	  0.4131E-20	  0.7177E+00
  0.3293E+03	  0.3789E-20	  0.7171E+00
  0.3304E+03	  0.3476E-20	  0.7164E+00
  0.3314E+03	  0.3189E-20	  0.7158E+00
  0.3325E+03	  0.2927E-20	  0.7152E+00
  0.3336E+03	  0.2686E-20	  0.7145E+00
  0.3346E+03	  0.2466E-20	  0.7139E+00
  0.3357E+03	  0.2265E-20	  0.7132E+00
  0.3367E+03	  0.2080E-20	  0.7126E+00
  0.3378E+03	  0.1911E-20	  0.7119E+00
  0.3388E+03	  0.1755E-20	  0.7113E+00
  0.3399E+03	  0.1613E-20	  0.7106E+00
  0.3410E+03	  0.1483E-20	  0.7100E+00
  0.3420E+03	  0.1363E-20	  0.7094E+00
  0.3431E+03	  0.1253E-20	  0.7088E+00
  0.3441E+03	  0.1153E-20	  0.7082E+00
  0.3452E+03	  0.1060E-20	  0.7076E+00
  0.3462E+03	  0.9752E-21	  0.7070E+00
  0.3473E+03	  0.8973E-21	  0.7064E+00
  0.3484E+03	  0.8257E-21	  0.7059E+00
  0.3494E+03	  0.7600E-21	  0.7053E+00
  0.3505E+03	  0.6996E-21	  0.7048E+00
  0.3515E+03	  0.6442E-21	  0.7044E+00
  0.3526E+03	  0.5932E-21	  0.7039E+00
  0.3536E+03	  0.5464E-21	  0.7034E+00
  0.3547E+03	  0.5033E-21	  0.7029E+00
  0.3558E+03	  0.4637E-21	  0.7025E+00
  0.3568E+03	  0.4273E-21	  0.7020E+00
  0.3579E+03	  0.3938E-21	  0.7015E+00
  0.3589E+03	  0.3630E-21	  0.7010E+00
  0.3600E+03	  0.3347E-21	  0.7005E+00
  0.3610E+03	  0.3086E-21	  0.7000E+00
  0.3621E+03	  0.2846E-21	  0.6996E+00
  0.3632E+03	  0.2625E-21	  0.6991E+00
  0.3642E+03	  0.2422E-21	  0.6986E+00
  0.3653E+03	  0.2235E-21	  0.6981E+00
  0.3663E+03	  0.2063E-21	  0.6976E+00
  0.3674E+03	  0.1904E-21	  0.6971E+00
  0.3684E+03	  0.1757E-21	  0.6966E+00
  0.3695E+03	  0.1623E-21	  0.6961E+00
  0.3706E+03	  0.1498E-21	  0.6956E+00
  0.3716E+03	  0.1384E-21	  0.6950E+00
  0.3727E+03	  0.1278E-21	  0.6945E+00
  0.3737E+03	  0.1181E-21	  0.6940E+00
  0.3748E+03	  0.1091E-21	  0.6935E+00
  0.3758E+03	  0.1009E-21	  0.6930E+00
  0.3769E+03	  0.9324E-22	  0.6924E+00
  0.3780E+03	  0.8620E-22	  0.6919E+00
  0.3790E+03	  0.7970E-22	  0.6914E+00
  0.3801E+03	  0.7371E-22	  0.6909E+00
  0.3811E+03	  0.6817E-22	  0.6903E+00
  0.3822E+03	  0.6306E-22	  0.6898E+00
  0.3832E+03	  0.5835E-22	  0.6893E+00
  0.3843E+03	  0.5399E-22	  0.6887E+00
  0.3854E+03	  0.4997E-22	  0.6882E+00
  0.3864E+03	  0.4625E-22	  0.6876E+00
  0.3875E+03	  0.4282E-22	  0.6871E+00
  0.3885E+03	  0.3964E-22	  0.6865E+00
  0.3896E+03	  0.3671E-22	  0.6860E+00
  0.3907E+03	  0.3400E-22	  0.6854E+00
  0.3917E+03	  0.3150E-22	  0.6849E+00
  0.3928E+03	  0.2918E-22	  0.6843E+00
  0.3938E+03	  0.2704E-22	  0.6838E+00
  0.3949E+03	  0.2506E-22	  0.6832E+00
  0.3959E+03	  0.2323E-22	  0.6826E+00
  0.3970E+03	  0.2153E-22	  0.6821E+00
  0.3981E+03	  0.1996E-22	  0.6815E+00
  0.3991E+03	  0.1851E-22	  0.6810E+00
  0.4002E+03	  0.1717E-22	  0.6804E+00
  0.4012E+03	  0.1593E-22	  0.6798E+00
  0.4023E+03	  0.1477E-22	  0.6793E+00
  0.4033E+03	  0.1371E-22	  0.6787E+00
  0.4044E+03	  0.1272E-22	  0.6782E+00
  0.4055E+03	  0.1181E-22	  0.6776E+00
  0.4065E+03	  0.1096E-22	  0.6770E+00
  0.4076E+03	  0.1017E-22	  0.6764E+00
  0.4086E+03	  0.9447E-23	  0.6759E+00
  0.4097E+03	  0.8773E-23	  0.6753E+00
  0.4107E+03	  0.8148E-23	  0.6747E+00
  0.4118E+03	  0.7569E-23	  0.6742E+00
  0.4129E+03	  0.7031E-23	  0.6736E+00
  0.4139E+03	  0.6533E-23	  0.6730E+00
  0.4150E+03	  0.6072E-23	  0.6724E+00
  0.4160E+03	  0.5643E-23	  0.6718E+00
  0.4171E+03	  0.5246E-23	  0.6712E+00
  0.4181E+03	  0.4877E-23	  0.6706E+00
  0.4192E+03	  0.4535E-23	  0.6701E+00
  0.4203E+03	  0.4217E-23	  0.6695E+00
  0.4213E+03	  0.3922E-23	  0.6689E+00
  0.4224E+03	  0.3649E-23	  0.6683E+00
  0.4234E+03	  0.3395E-23	  0.6677E+00
  0.4245E+03	  0.3159E-23	  0.6671E+00
  0.4255E+03	  0.2939E-23	  0.6664E+00
  0.4266E+03	  0.2736E-23	  0.6658E+00
  0.4277E+03	  0.2547E-23	  0.6652E+00
  0.4287E+03	  0.2371E-23	  0.6646E+00
  0.4298E+03	  0.2208E-23	  0.6640E+00
  0.4308E+03	  0.2056E-23	  0.6634E+00
  0.4319E+03	  0.1915E-23	  0.6628E+00
  0.4329E+03	  0.1784E-23	  0.6621E+00
  0.4340E+03	  0.1662E-23	  0.6615E+00
  0.4351E+03	  0.1548E-23	  0.6609E+00
  0.4361E+03	  0.1443E-23	  0.6603E+00
  0.4372E+03	  0.1345E-23	  0.6597E+00
  0.4382E+03	  0.1253E-23	  0.6591E+00
  0.4393E+03	  0.1168E-23	  0.6585E+00
  0.4403E+03	  0.1089E-23	  0.6580E+00
  0.4414E+03	  0.1016E-23	  0.6574E+00
  0.4425E+03	  0.9474E-24	  0.6568E+00
  0.4435E+03	  0.8837E-24	  0.6563E+00
  0.4446E+03	  0.8243E-24	  0.6557E+00
  0.4456E+03	  0.7690E-24	  0.6552E+00
  0.4467E+03	  0.7175E-24	  0.6547E+00
  0.4477E+03	  0.6696E-24	  0.6541E+00
  0.4488E+03	  0.6249E-24	  0.6536E+00
  0.4499E+03	  0.5833E-24	  0.6531E+00
  0.4509E+03	  0.5445E-24	  0.6525E+00
  0.4520E+03	  0.5084E-24	  0.6520E+00
  0.4530E+03	  0.4747E-24	  0.6515E+00
  0.4541E+03	  0.4433E-24	  0.6510E+00
  0.4551E+03	  0.4140E-24	  0.6504E+00
  0.4562E+03	  0.3867E-24	  0.6499E+00
  0.4573E+03	  0.3613E-24	  0.6494E+00
  0.4583E+03	  0.3375E-24	  0.6489E+00
  0.4594E+03	  0.3154E-24	  0.6484E+00
  0.4604E+03	  0.2947E-24	  0.6480E+00
  0.4615E+03	  0.2755E-24	  0.6475E+00
  0.4625E+03	  0.2575E-24	  0.6470E+00
  0.4636E+03	  0.2407E-24	  0.6465E+00
  0.4647E+03	  0.2250E-24	  0.6460E+00
  0.4657E+03	  0.2104E-24	  0.6455E+00
  0.4668E+03	  0.1968E-24	  0.6450E+00
  0.4678E+03	  0.1840E-24	  0.6445E+00
  0.4689E+03	  0.1722E-24	  0.6440E+00
  0.4699E+03	  0.1610E-24	  0.6435E+00
  0.4710E+03	  0.1507E-24	  0.6430E+00
  0.4721E+03	  0.1410E-24	  0.6425E+00
  0.4731E+03	  0.1319E-24	  0.6420E+00
  0.4742E+03	  0.1235E-24	  0.6414E+00
  0.4752E+03	  0.1156E-24	  0.6409E+00
  0.4763E+03	  0.1082E-24	  0.6404E+00
  0.4773E+03	  0.1013E-24	  0.6399E+00
  0.4784E+03	  0.9484E-25	  0.6394E+00
  0.4795E+03	  0.8881E-25	  0.6388E+00
  0.4805E+03	  0.8317E-25	  0.6383E+00
  0.4816E+03	  0.7790E-25	  0.6378E+00
  0.4826E+03	  0.7297E-25	  0.6373E+00
  0.4837E+03	  0.6836E-25	  0.6368E+00
  0.4847E+03	  0.6405E-25	  0.6363E+00
  0.4858E+03	  0.6002E-25	  0.6358E+00
  0.4869E+03	  0.5625E-25	  0.6353E+00
  0.4879E+03	  0.5272E-25	  0.6348E+00
  0.4890E+03	  0.4941E-25	  0.6344E+00
  0.4900E+03	  0.4632E-25	  0.6339E+00
 
 
R20 
------------------------------------------------------------
Electric field / N (Td)                    1000.    
Angular frequency / N (m3/s)              0.4724E-12
Cosine of E-B field angle                  0.000    
Gas temperature (K)                        300.0    
Excitation temperature (K)                 300.0    
Transition energy (eV)                     0.000    
Ionization degree                          0.000    
Plasma density (1/m3)                     0.1000E+19
Ion charge parameter                       1.000    
Ion/neutral mass ratio                     1.000    
Coulomb collision model                    1.000    
Energy sharing                             0.000    
Growth model                               1.000    
Maxwellian mean energy (eV)                0.000    
# of grid points                           500.0    
Grid type                                  1.000    
Maximum energy                             30.00    
Precision                                 0.1000E-24
Convergence                               0.1000E-03
Maximum # of iterations                   0.2000E+05
Mole fraction Ar                           1.000    
------------------------------------------------------------
Mean energy (eV)                           7.054    
Mobility *N (1/m/V/s)                     0.3425E+25
Re/perp mobility *N (1/m/V/s)             0.1145E+24
Im/Hall mobility *N (1/m/V/s)            -0.3267E+24
Diffusion coefficient *N (1/m/s)          0.6933E+25
Energy mobility *N (1/m/V/s)              0.1713E+25
Energy diffusion coef. *N (1/m/s)         0.6811E+25
Total collision freq. /N (m3/s)           0.1394E-12
Momentum frequency /N (m3/s)              0.1625E-12
Total ionization freq. /N (m3/s)          0.3210E-14
Power /N (eV m3/s)                        0.1145E-12
Elastic power loss /N (eV m3/s)           0.4938E-16
Inelastic power loss /N (eV m3/s)         0.9417E-13
Growth power /N (eV m3/s)                 0.2276E-13
Maximum energy                             756.7    
# of iterations                            278.0    
# of grid trials                           19.00    
------------------------------------------------------------
Rate coefficients (m3/s)
C1    Ar    Elastic                       0.1329E-12
C2    Ar    Excitation    11.55 eV        0.2337E-15
C3    Ar    Excitation    11.62 eV        0.3314E-15
C4    Ar    Excitation    11.72 eV        0.4521E-16
C5    Ar    Excitation    11.83 eV        0.7029E-15
C6    Ar    Excitation    12.91 eV        0.6778E-16
C7    Ar    Excitation    13.08 eV        0.9572E-16
C8    Ar    Excitation    13.10 eV        0.7930E-16
C9    Ar    Excitation    13.15 eV        0.5624E-16
C10   Ar    Excitation    13.17 eV        0.7444E-16
C11   Ar    Excitation    13.27 eV        0.3836E-16
C12   Ar    Excitation    13.28 eV        0.5498E-16
C13   Ar    Excitation    13.30 eV        0.5379E-16
C14   Ar    Excitation    13.33 eV        0.2833E-16
C15   Ar    Excitation    13.48 eV        0.1276E-15
C16   Ar    Excitation    13.85 eV        0.3559E-16
C17   Ar    Excitation    13.86 eV        0.1770E-15
C18   Ar    Excitation    13.90 eV        0.1389E-15
C19   Ar    Excitation    13.98 eV        0.1313E-15
C20   Ar    Excitation    14.01 eV        0.5390E-16
C21   Ar    Excitation    14.06 eV        0.5888E-16
C22   Ar    Excitation    14.07 eV        0.5888E-16
C23   Ar    Excitation    14.09 eV        0.3013E-16
C24   Ar    Excitation    14.10 eV        0.1556E-16
C25   Ar    Excitation    14.15 eV        0.8492E-16
C26   Ar    Excitation    14.21 eV        0.7145E-16
C27   Ar    Excitation    14.23 eV        0.4441E-16
C28   Ar    Excitation    14.24 eV        0.2333E-16
C29   Ar    Excitation    14.24 eV        0.1172E-16
C30   Ar    Excitation    14.26 eV        0.1219E-16
C31   Ar    Excitation    14.30 eV        0.1003E-15
C32   Ar    Excitation    14.71 eV        0.1807E-17
C33   Ar    Excitation    14.85 eV        0.1308E-16
C34   Ar    Excitation    14.86 eV        0.4380E-16
C35   Ar    Excitation    15.00 eV        0.1802E-16
C36   Ar    Excitation    15.02 eV        0.1886E-16
C37   Ar    Excitation    15.12 eV        0.3404E-17
C38   Ar    Excitation    15.19 eV        0.3458E-16
C39   Ar    Excitation    15.19 eV        0.3454E-16
C40   Ar    Excitation    15.31 eV        0.5849E-18
C41   Ar    Excitation    15.35 eV        0.3921E-18
C42   Ar    Excitation    15.36 eV        0.5673E-18
C43   Ar    Excitation    15.37 eV        0.9946E-17
C44   Ar    Excitation    15.37 eV        0.2213E-16
C45   Ar    Excitation    15.66 eV        0.9440E-16
C46   Ar    Ionization    15.76 eV        0.3210E-14
------------------------------------------------------------
Energy (eV) EEDF (eV-3/2) Anisotropy
  0.7567E+00	  0.2708E+00	  0.9568E-01
  0.2270E+01	  0.6014E-01	  0.1041E+00
  0.3783E+01	  0.3055E-01	  0.1210E+00
  0.5297E+01	  0.2056E-01	  0.1451E+00
  0.6810E+01	  0.1569E-01	  0.1700E+00
  0.8323E+01	  0.1264E-01	  0.1954E+00
  0.9836E+01	  0.1041E-01	  0.2215E+00
  0.1135E+02	  0.8641E-02	  0.2500E+00
  0.1286E+02	  0.7115E-02	  0.2828E+00
  0.1438E+02	  0.5785E-02	  0.3195E+00
  0.1589E+02	  0.4631E-02	  0.3578E+00
  0.1740E+02	  0.3652E-02	  0.3936E+00
  0.1892E+02	  0.2845E-02	  0.4249E+00
  0.2043E+02	  0.2197E-02	  0.4522E+00
  0.2194E+02	  0.1687E-02	  0.4755E+00
  0.2346E+02	  0.1292E-02	  0.4962E+00
  0.2497E+02	  0.9854E-03	  0.5153E+00
  0.2648E+02	  0.7501E-03	  0.5332E+00
  0.2800E+02	  0.5703E-03	  0.5498E+00
  0.2951E+02	  0.4331E-03	  0.5658E+00
  0.3102E+02	  0.3285E-03	  0.5808E+00
  0.3254E+02	  0.2495E-03	  0.5942E+00
  0.3405E+02	  0.1897E-03	  0.6059E+00
  0.3556E+02	  0.1445E-03	  0.6158E+00
  0.3708E+02	  0.1102E-03	  0.6239E+00
  0.3859E+02	  0.8423E-04	  0.6307E+00
  0.4010E+02	  0.6448E-04	  0.6370E+00
  0.4162E+02	  0.4946E-04	  0.6430E+00
  0.4313E+02	  0.3805E-04	  0.6484E+00
  0.4464E+02	  0.2935E-04	  0.6532E+00
  0.4616E+02	  0.2270E-04	  0.6576E+00
  0.4767E+02	  0.1759E-04	  0.6618E+00
  0.4918E+02	  0.1366E-04	  0.6661E+00
  0.5070E+02	  0.1063E-04	  0.6707E+00
  0.5221E+02	  0.8289E-05	  0.6754E+00
  0.5372E+02	  0.6475E-05	  0.6799E+00
  0.5524E+02	  0.5067E-05	  0.6843E+00
  0.5675E+02	  0.3973E-05	  0.6886E+00
  0.5826E+02	  0.3120E-05	  0.6928E+00
  0.5978E+02	  0.2454E-05	  0.6971E+00
  0.6129E+02	  0.1932E-05	  0.7014E+00
  0.6280E+02	  0.1524E-05	  0.7056E+00
  0.6432E+02	  0.1204E-05	  0.7094E+00
  0.6583E+02	  0.9531E-06	  0.7131E+00
  0.6734E+02	  0.7552E-06	  0.7167E+00
  0.6886E+02	  0.5992E-06	  0.7203E+00
  0.7037E+02	  0.4760E-06	  0.7242E+00
  0.7188E+02	  0.3788E-06	  0.7279E+00
  0.7340E+02	  0.3019E-06	  0.7314E+00
  0.7491E+02	  0.2410E-06	  0.7346E+00
  0.7642E+02	  0.1928E-06	  0.7375E+00
  0.7794E+02	  0.1545E-06	  0.7400E+00
  0.7945E+02	  0.1240E-06	  0.7418E+00
  0.8096E+02	  0.9969E-07	  0.7434E+00
  0.8248E+02	  0.8029E-07	  0.7448E+00
  0.8399E+02	  0.6476E-07	  0.7462E+00
  0.8550E+02	  0.5231E-07	  0.7475E+00
  0.8702E+02	  0.4232E-07	  0.7488E+00
  0.8853E+02	  0.3428E-07	  0.7501E+00
  0.9004E+02	  0.2781E-07	  0.7514E+00
  0.9156E+02	  0.2259E-07	  0.7528E+00
  0.9307E+02	  0.1837E-07	  0.7541E+00
  0.9458E+02	  0.1496E-07	  0.7554E+00
  0.9609E+02	  0.1220E-07	  0.7567E+00
  0.9761E+02	  0.9966E-08	  0.7580E+00
  0.9912E+02	  0.8149E-08	  0.7593E+00
  0.1006E+03	  0.6671E-08	  0.7607E+00
  0.1021E+03	  0.5469E-08	  0.7622E+00
  0.1037E+03	  0.4488E-08	  0.7635E+00
  0.1052E+03	  0.3689E-08	  0.7649E+00
  0.1067E+03	  0.3035E-08	  0.7662E+00
  0.1082E+03	  0.2501E-08	  0.7674E+00
  0.1097E+03	  0.2063E-08	  0.7687E+00
  0.1112E+03	  0.1703E-08	  0.7699E+00
  0.1127E+03	  0.1408E-08	  0.7711E+00
  0.1143E+03	  0.1166E-08	  0.7722E+00
  0.1158E+03	  0.9658E-09	  0.7733E+00
  0.1173E+03	  0.8012E-09	  0.7743E+00
  0.1188E+03	  0.6653E-09	  0.7753E+00
  0.1203E+03	  0.5530E-09	  0.7762E+00
  0.1218E+03	  0.4602E-09	  0.7771E+00
  0.1233E+03	  0.3833E-09	  0.7778E+00
  0.1248E+03	  0.3196E-09	  0.7785E+00
  0.1264E+03	  0.2668E-09	  0.7789E+00
  0.1279E+03	  0.2230E-09	  0.7793E+00
  0.1294E+03	  0.1865E-09	  0.7796E+00
  0.1309E+03	  0.1562E-09	  0.7799E+00
  0.1324E+03	  0.1309E-09	  0.7801E+00
  0.1339E+03	  0.1098E-09	  0.7803E+00
  0.1354E+03	  0.9226E-10	  0.7804E+00
  0.1370E+03	  0.7756E-10	  0.7805E+00
  0.1385E+03	  0.6527E-10	  0.7805E+00
  0.1400E+03	  0.5498E-10	  0.7805E+00
  0.1415E+03	  0.4635E-10	  0.7803E+00
  0.1430E+03	  0.3912E-10	  0.7801E+00
  0.1445E+03	  0.3304E-10	  0.7797E+00
  0.1460E+03	  0.2794E-10	  0.7794E+00
  0.1475E+03	  0.2364E-10	  0.7790E+00
  0.1491E+03	  0.2003E-10	  0.7787E+00
  0.1506E+03	  0.1698E-10	  0.7784E+00
  0.1521E+03	  0.1441E-10	  0.7780E+00
  0.1536E+03	  0.1224E-10	  0.7776E+00
  0.1551E+03	  0.1040E-10	  0.7772E+00
  0.1566E+03	  0.8852E-11	  0.7768E+00
  0.1581E+03	  0.7539E-11	  0.7764E+00
  0.1597E+03	  0.6426E-11	  0.7759E+00
  0.1612E+03	  0.5483E-11	  0.7755E+00
  0.1627E+03	  0.4681E-11	  0.7750E+00
  0.1642E+03	  0.4000E-11	  0.7746E+00
  0.1657E+03	  0.3421E-11	  0.7742E+00
  0.1672E+03	  0.2929E-11	  0.7737E+00
  0.1687E+03	  0.2509E-11	  0.7732E+00
  0.1702E+03	  0.2151E-11	  0.7726E+00
  0.1718E+03	  0.1846E-11	  0.7720E+00
  0.1733E+03	  0.1585E-11	  0.7714E+00
  0.1748E+03	  0.1362E-11	  0.7707E+00
  0.1763E+03	  0.1172E-11	  0.7699E+00
  0.1778E+03	  0.1008E-11	  0.7690E+00
  0.1793E+03	  0.8687E-12	  0.7682E+00
  0.1808E+03	  0.7490E-12	  0.7672E+00
  0.1824E+03	  0.6462E-12	  0.7663E+00
  0.1839E+03	  0.5580E-12	  0.7653E+00
  0.1854E+03	  0.4821E-12	  0.7643E+00
  0.1869E+03	  0.4169E-12	  0.7632E+00
  0.1884E+03	  0.3608E-12	  0.7621E+00
  0.1899E+03	  0.3125E-12	  0.7610E+00
  0.1914E+03	  0.2708E-12	  0.7599E+00
  0.1929E+03	  0.2349E-12	  0.7589E+00
  0.1945E+03	  0.2038E-12	  0.7580E+00
  0.1960E+03	  0.1770E-12	  0.7571E+00
  0.1975E+03	  0.1538E-12	  0.7563E+00
  0.1990E+03	  0.1338E-12	  0.7555E+00
  0.2005E+03	  0.1164E-12	  0.7547E+00
  0.2020E+03	  0.1013E-12	  0.7539E+00
  0.2035E+03	  0.8828E-13	  0.7532E+00
  0.2051E+03	  0.7696E-13	  0.7525E+00
  0.2066E+03	  0.6713E-13	  0.7519E+00
  0.2081E+03	  0.5859E-13	  0.7512E+00
  0.2096E+03	  0.5117E-13	  0.7506E+00
  0.2111E+03	  0.4472E-13	  0.7499E+00
  0.2126E+03	  0.3910E-13	  0.7492E+00
  0.2141E+03	  0.3421E-13	  0.7485E+00
  0.2156E+03	  0.2995E-13	  0.7478E+00
  0.2172E+03	  0.2624E-13	  0.7471E+00
  0.2187E+03	  0.2299E-13	  0.7463E+00
  0.2202E+03	  0.2017E-13	  0.7456E+00
  0.2217E+03	  0.1769E-13	  0.7448E+00
  0.2232E+03	  0.1554E-13	  0.7440E+00
  0.2247E+03	  0.1365E-13	  0.7432E+00
  0.2262E+03	  0.1199E-13	  0.7424E+00
  0.2278E+03	  0.1055E-13	  0.7416E+00
  0.2293E+03	  0.9282E-14	  0.7407E+00
  0.2308E+03	  0.8172E-14	  0.7399E+00
  0.2323E+03	  0.7198E-14	  0.7391E+00
  0.2338E+03	  0.6344E-14	  0.7382E+00
  0.2353E+03	  0.5594E-14	  0.7373E+00
  0.2368E+03	  0.4935E-14	  0.7364E+00
  0.2383E+03	  0.4356E-14	  0.7356E+00
  0.2399E+03	  0.3847E-14	  0.7347E+00
  0.2414E+03	  0.3400E-14	  0.7338E+00
  0.2429E+03	  0.3006E-14	  0.7329E+00
  0.2444E+03	  0.2658E-14	  0.7320E+00
  0.2459E+03	  0.2353E-14	  0.7311E+00
  0.2474E+03	  0.2083E-14	  0.7303E+00
  0.2489E+03	  0.1845E-14	  0.7294E+00
  0.2505E+03	  0.1635E-14	  0.7285E+00
  0.2520E+03	  0.1450E-14	  0.7277E+00
  0.2535E+03	  0.1286E-14	  0.7268E+00
  0.2550E+03	  0.1141E-14	  0.7260E+00
  0.2565E+03	  0.1013E-14	  0.7252E+00
  0.2580E+03	  0.9003E-15	  0.7243E+00
  0.2595E+03	  0.8001E-15	  0.7235E+00
  0.2610E+03	  0.7115E-15	  0.7226E+00
  0.2626E+03	  0.6329E-15	  0.7217E+00
  0.2641E+03	  0.5633E-15	  0.7209E+00
  0.2656E+03	  0.5015E-15	  0.7200E+00
  0.2671E+03	  0.4468E-15	  0.7191E+00
  0.2686E+03	  0.3981E-15	  0.7181E+00
  0.2701E+03	  0.3550E-15	  0.7172E+00
  0.2716E+03	  0.3166E-15	  0.7163E+00
  0.2732E+03	  0.2826E-15	  0.7154E+00
  0.2747E+03	  0.2523E-15	  0.7144E+00
  0.2762E+03	  0.2253E-15	  0.7134E+00
  0.2777E+03	  0.2013E-15	  0.7125E+00
  0.2792E+03	  0.1800E-15	  0.7115E+00
  0.2807E+03	  0.1610E-15	  0.7105E+00
  0.2822E+03	  0.1440E-15	  0.7095E+00
  0.2837E+03	  0.1289E-15	  0.7085E+00
  0.2853E+03	  0.1154E-15	  0.7075E+00
  0.2868E+03	  0.1034E-15	  0.7065E+00
  0.2883E+03	  0.9266E-16	  0.7056E+00
  0.2898E+03	  0.8308E-16	  0.7046E+00
  0.2913E+03	  0.7451E-16	  0.7036E+00
  0.2928E+03	  0.6686E-16	  0.7027E+00
  0.2943E+03	  0.6001E-16	  0.7017E+00
  0.2959E+03	  0.5389E-16	  0.7008E+00
  0.2974E+03	  0.4841E-16	  0.6999E+00
  0.2989E+03	  0.4350E-16	  0.6989E+00
  0.3004E+03	  0.3911E-16	  0.6980E+00
  0.3019E+03	  0.3517E-16	  0.6971E+00
  0.3034E+03	  0.3164E-16	  0.6962E+00
  0.3049E+03	  0.2848E-16	  0.6953E+00
  0.3064E+03	  0.2564E-16	  0.6943E+00
  0.3080E+03	  0.2309E-16	  0.6934E+00
  0.3095E+03	  0.2081E-16	  0.6926E+00
  0.3110E+03	  0.1875E-16	  0.6917E+00
  0.3125E+03	  0.1691E-16	  0.6908E+00
  0.3140E+03	  0.1525E-16	  0.6899E+00
  0.3155E+03	  0.1376E-16	  0.6889E+00
  0.3170E+03	  0.1242E-16	  0.6880E+00
  0.3186E+03	  0.1122E-16	  0.6871E+00
  0.3201E+03	  0.1013E-16	  0.6862E+00
  0.3216E+03	  0.9155E-17	  0.6852E+00
  0.3231E+03	  0.8275E-17	  0.6843E+00
  0.3246E+03	  0.7482E-17	  0.6833E+00
  0.3261E+03	  0.6768E-17	  0.6824E+00
  0.3276E+03	  0.6124E-17	  0.6814E+00
  0.3291E+03	  0.5543E-17	  0.6804E+00
  0.3307E+03	  0.5019E-17	  0.6795E+00
  0.3322E+03	  0.4546E-17	  0.6785E+00
  0.3337E+03	  0.4119E-17	  0.6775E+00
  0.3352E+03	  0.3733E-17	  0.6765E+00
  0.3367E+03	  0.3385E-17	  0.6755E+00
  0.3382E+03	  0.3070E-17	  0.6745E+00
  0.3397E+03	  0.2785E-17	  0.6736E+00
  0.3413E+03	  0.2527E-17	  0.6726E+00
  0.3428E+03	  0.2294E-17	  0.6717E+00
  0.3443E+03	  0.2084E-17	  0.6708E+00
  0.3458E+03	  0.1893E-17	  0.6699E+00
  0.3473E+03	  0.1720E-17	  0.6690E+00
  0.3488E+03	  0.1563E-17	  0.6682E+00
  0.3503E+03	  0.1421E-17	  0.6674E+00
  0.3518E+03	  0.1293E-17	  0.6666E+00
  0.3534E+03	  0.1176E-17	  0.6659E+00
  0.3549E+03	  0.1070E-17	  0.6652E+00
  0.3564E+03	  0.9739E-18	  0.6644E+00
  0.3579E+03	  0.8868E-18	  0.6637E+00
  0.3594E+03	  0.8076E-18	  0.6629E+00
  0.3609E+03	  0.7358E-18	  0.6622E+00
  0.3624E+03	  0.6705E-18	  0.6614E+00
  0.3640E+03	  0.6112E-18	  0.6606E+00
  0.3655E+03	  0.5573E-18	  0.6599E+00
  0.3670E+03	  0.5083E-18	  0.6591E+00
  0.3685E+03	  0.4637E-18	  0.6583E+00
  0.3700E+03	  0.4231E-18	  0.6575E+00
  0.3715E+03	  0.3862E-18	  0.6568E+00
  0.3730E+03	  0.3527E-18	  0.6560E+00
  0.3745E+03	  0.3221E-18	  0.6552E+00
  0.3761E+03	  0.2943E-18	  0.6544E+00
  0.3776E+03	  0.2689E-18	  0.6536E+00
  0.3791E+03	  0.2458E-18	  0.6528E+00
  0.3806E+03	  0.2247E-18	  0.6520E+00
  0.3821E+03	  0.2055E-18	  0.6512E+00
  0.3836E+03	  0.1880E-18	  0.6503E+00
  0.3851E+03	  0.1720E-18	  0.6495E+00
  0.3866E+03	  0.1574E-18	  0.6487E+00
  0.3882E+03	  0.1441E-18	  0.6479E+00
  0.3897E+03	  0.1320E-18	  0.6470E+00
  0.3912E+03	  0.1209E-18	  0.6462E+00
  0.3927E+03	  0.1108E-18	  0.6454E+00
  0.3942E+03	  0.1015E-18	  0.6445E+00
  0.3957E+03	  0.9307E-19	  0.6437E+00
  0.3972E+03	  0.8534E-19	  0.6428E+00
  0.3988E+03	  0.7827E-19	  0.6420E+00
  0.4003E+03	  0.7181E-19	  0.6412E+00
  0.4018E+03	  0.6589E-19	  0.6403E+00
  0.4033E+03	  0.6048E-19	  0.6395E+00
  0.4048E+03	  0.5552E-19	  0.6386E+00
  0.4063E+03	  0.5099E-19	  0.6378E+00
  0.4078E+03	  0.4683E-19	  0.6369E+00
  0.4093E+03	  0.4303E-19	  0.6361E+00
  0.4109E+03	  0.3954E-19	  0.6352E+00
  0.4124E+03	  0.3635E-19	  0.6343E+00
  0.4139E+03	  0.3342E-19	  0.6335E+00
  0.4154E+03	  0.3074E-19	  0.6326E+00
  0.4169E+03	  0.2827E-19	  0.6317E+00
  0.4184E+03	  0.2602E-19	  0.6309E+00
  0.4199E+03	  0.2394E-19	  0.6300E+00
  0.4215E+03	  0.2204E-19	  0.6291E+00
  0.4230E+03	  0.2029E-19	  0.6282E+00
  0.4245E+03	  0.1869E-19	  0.6273E+00
  0.4260E+03	  0.1722E-19	  0.6264E+00
  0.4275E+03	  0.1587E-19	  0.6255E+00
  0.4290E+03	  0.1462E-19	  0.6246E+00
  0.4305E+03	  0.1348E-19	  0.6237E+00
  0.4320E+03	  0.1243E-19	  0.6228E+00
  0.4336E+03	  0.1146E-19	  0.6219E+00
  0.4351E+03	  0.1058E-19	  0.6210E+00
  0.4366E+03	  0.9758E-20	  0.6201E+00
  0.4381E+03	  0.9006E-20	  0.6192E+00
  0.4396E+03	  0.8313E-20	  0.6184E+00
  0.4411E+03	  0.7676E-20	  0.6175E+00
  0.4426E+03	  0.7089E-20	  0.6167E+00
  0.4442E+03	  0.6548E-20	  0.6159E+00
  0.4457E+03	  0.6050E-20	  0.6151E+00
  0.4472E+03	  0.5590E-20	  0.6143E+00
  0.4487E+03	  0.5167E-20	  0.6136E+00
  0.4502E+03	  0.4777E-20	  0.6128E+00
  0.4517E+03	  0.4417E-20	  0.6120E+00
  0.4532E+03	  0.4085E-20	  0.6112E+00
  0.4547E+03	  0.3779E-20	  0.6105E+00
  0.4563E+03	  0.3497E-20	  0.6097E+00
  0.4578E+03	  0.3236E-20	  0.6090E+00
  0.4593E+03	  0.2995E-20	  0.6083E+00
  0.4608E+03	  0.2773E-20	  0.6076E+00
  0.4623E+03	  0.2568E-20	  0.6069E+00
  0.4638E+03	  0.2378E-20	  0.6062E+00
  0.4653E+03	  0.2203E-20	  0.6054E+00
  0.4669E+03	  0.2041E-20	  0.6047E+00
  0.4684E+03	  0.1891E-20	  0.6040E+00
  0.4699E+03	  0.1753E-20	  0.6033E+00
  0.4714E+03	  0.1625E-20	  0.6025E+00
  0.4729E+03	  0.1507E-20	  0.6018E+00
  0.4744E+03	  0.1397E-20	  0.6011E+00
  0.4759E+03	  0.1296E-20	  0.6003E+00
  0.4774E+03	  0.1203E-20	  0.5996E+00
  0.4790E+03	  0.1116E-20	  0.5988E+00
  0.4805E+03	  0.1036E-20	  0.5981E+00
  0.4820E+03	  0.9614E-21	  0.5974E+00
  0.4835E+03	  0.8926E-21	  0.5967E+00
  0.4850E+03	  0.8288E-21	  0.5960E+00
  0.4865E+03	  0.7698E-21	  0.5953E+00
  0.4880E+03	  0.7151E-21	  0.5946E+00
  0.4896E+03	  0.6644E-21	  0.5940E+00
  0.4911E+03	  0.6174E-21	  0.5934E+00
  0.4926E+03	  0.5738E-21	  0.5927E+00
  0.4941E+03	  0.5334E-21	  0.5921E+00
  0.4956E+03	  0.4959E-21	  0.5915E+00
  0.4971E+03	  0.4611E-21	  0.5909E+00
  0.4986E+03	  0.4289E-21	  0.5902E+00
  0.5001E+03	  0.3990E-21	  0.5896E+00
  0.5017E+03	  0.3712E-21	  0.5889E+00
  0.5032E+03	  0.3454E-21	  0.5883E+00
  0.5047E+03	  0.3214E-21	  0.5877E+00
  0.5062E+03	  0.2992E-21	  0.5870E+00
  0.5077E+03	  0.2786E-21	  0.5864E+00
  0.5092E+03	  0.2594E-21	  0.5857E+00
  0.5107E+03	  0.2416E-21	  0.5851E+00
  0.5123E+03	  0.2250E-21	  0.5844E+00
  0.5138E+03	  0.2096E-21	  0.5838E+00
  0.5153E+03	  0.1953E-21	  0.5832E+00
  0.5168E+03	  0.1820E-21	  0.5825E+00
  0.5183E+03	  0.1697E-21	  0.5819E+00
  0.5198E+03	  0.1582E-21	  0.5812E+00
  0.5213E+03	  0.1475E-21	  0.5806E+00
  0.5228E+03	  0.1375E-21	  0.5800E+00
  0.5244E+03	  0.1283E-21	  0.5794E+00
  0.5259E+03	  0.1196E-21	  0.5788E+00
  0.5274E+03	  0.1116E-21	  0.5782E+00
  0.5289E+03	  0.1042E-21	  0.5776E+00
  0.5304E+03	  0.9720E-22	  0.5769E+00
  0.5319E+03	  0.9073E-22	  0.5763E+00
  0.5334E+03	  0.8470E-22	  0.5757E+00
  0.5350E+03	  0.7908E-22	  0.5751E+00
  0.5365E+03	  0.7385E-22	  0.5745E+00
  0.5380E+03	  0.6898E-22	  0.5738E+00
  0.5395E+03	  0.6443E-22	  0.5732E+00
  0.5410E+03	  0.6020E-22	  0.5726E+00
  0.5425E+03	  0.5625E-22	  0.5720E+00
  0.5440E+03	  0.5257E-22	  0.5713E+00
  0.5455E+03	  0.4913E-22	  0.5707E+00
  0.5471E+03	  0.4593E-22	  0.5701E+00
  0.5486E+03	  0.4295E-22	  0.5694E+00
  0.5501E+03	  0.4016E-22	  0.5688E+00
  0.5516E+03	  0.3756E-22	  0.5681E+00
  0.5531E+03	  0.3513E-22	  0.5675E+00
  0.5546E+03	  0.3287E-22	  0.5669E+00
  0.5561E+03	  0.3075E-22	  0.5662E+00
  0.5577E+03	  0.2878E-22	  0.5656E+00
  0.5592E+03	  0.2694E-22	  0.5649E+00
  0.5607E+03	  0.2521E-22	  0.5643E+00
  0.5622E+03	  0.2361E-22	  0.5636E+00
  0.5637E+03	  0.2210E-22	  0.5630E+00
  0.5652E+03	  0.2070E-22	  0.5623E+00
  0.5667E+03	  0.1939E-22	  0.5616E+00
  0.5682E+03	  0.1816E-22	  0.5610E+00
  0.5698E+03	  0.1702E-22	  0.5603E+00
  0.5713E+03	  0.1594E-22	  0.5597E+00
  0.5728E+03	  0.1494E-22	  0.5590E+00
  0.5743E+03	  0.1401E-22	  0.5583E+00
  0.5758E+03	  0.1313E-22	  0.5577E+00
  0.5773E+03	  0.1231E-22	  0.5570E+00
  0.5788E+03	  0.1154E-22	  0.5563E+00
  0.5804E+03	  0.1082E-22	  0.5557E+00
  0.5819E+03	  0.1015E-22	  0.5550E+00
  0.5834E+03	  0.9524E-23	  0.5543E+00
  0.5849E+03	  0.8936E-23	  0.5536E+00
  0.5864E+03	  0.8385E-23	  0.5529E+00
  0.5879E+03	  0.7869E-23	  0.5523E+00
  0.5894E+03	  0.7386E-23	  0.5516E+00
  0.5909E+03	  0.6933E-23	  0.5510E+00
  0.5925E+03	  0.6509E-23	  0.5503E+00
  0.5940E+03	  0.6112E-23	  0.5497E+00
  0.5955E+03	  0.5739E-23	  0.5491E+00
  0.5970E+03	  0.5391E-23	  0.5485E+00
  0.5985E+03	  0.5063E-23	  0.5479E+00
  0.6000E+03	  0.4757E-23	  0.5474E+00
  0.6015E+03	  0.4469E-23	  0.5469E+00
  0.6031E+03	  0.4200E-23	  0.5463E+00
  0.6046E+03	  0.3947E-23	  0.5458E+00
  0.6061E+03	  0.3710E-23	  0.5453E+00
  0.6076E+03	  0.3487E-23	  0.5447E+00
  0.6091E+03	  0.3278E-23	  0.5442E+00
  0.6106E+03	  0.3083E-23	  0.5436E+00
  0.6121E+03	  0.2899E-23	  0.5431E+00
  0.6136E+03	  0.2726E-23	  0.5426E+00
  0.6152E+03	  0.2564E-23	  0.5420E+00
  0.6167E+03	  0.2412E-23	  0.5415E+00
  0.6182E+03	  0.2270E-23	  0.5409E+00
  0.6197E+03	  0.2136E-23	  0.5404E+00
  0.6212E+03	  0.2010E-23	  0.5398E+00
  0.6227E+03	  0.1892E-23	  0.5393E+00
  0.6242E+03	  0.1780E-23	  0.5387E+00
  0.6258E+03	  0.1676E-23	  0.5382E+00
  0.6273E+03	  0.1578E-23	  0.5376E+00
  0.6288E+03	  0.1486E-23	  0.5370E+00
  0.6303E+03	  0.1399E-23	  0.5365E+00
  0.6318E+03	  0.1318E-23	  0.5359E+00
  0.6333E+03	  0.1242E-23	  0.5353E+00
  0.6348E+03	  0.1170E-23	  0.5348E+00
  0.6363E+03	  0.1102E-23	  0.5342E+00
  0.6379E+03	  0.1039E-23	  0.5336E+00
  0.6394E+03	  0.9788E-24	  0.5331E+00
  0.6409E+03	  0.9225E-24	  0.5325E+00
  0.6424E+03	  0.8696E-24	  0.5319E+00
  0.6439E+03	  0.8198E-24	  0.5314E+00
  0.6454E+03	  0.7730E-24	  0.5308E+00
  0.6469E+03	  0.7289E-24	  0.5302E+00
  0.6485E+03	  0.6874E-24	  0.5296E+00
  0.6500E+03	  0.6484E-24	  0.5290E+00
  0.6515E+03	  0.6116E-24	  0.5285E+00
  0.6530E+03	  0.5770E-24	  0.5279E+00
  0.6545E+03	  0.5444E-24	  0.5273E+00
  0.6560E+03	  0.5137E-24	  0.5267E+00
  0.6575E+03	  0.4848E-24	  0.5261E+00
  0.6590E+03	  0.4576E-24	  0.5255E+00
  0.6606E+03	  0.4320E-24	  0.5249E+00
  0.6621E+03	  0.4078E-24	  0.5243E+00
  0.6636E+03	  0.3850E-24	  0.5237E+00
  0.6651E+03	  0.3636E-24	  0.5231E+00
  0.6666E+03	  0.3434E-24	  0.5225E+00
  0.6681E+03	  0.3243E-24	  0.5219E+00
  0.6696E+03	  0.3063E-24	  0.5212E+00
  0.6712E+03	  0.2894E-24	  0.5206E+00
  0.6727E+03	  0.2734E-24	  0.5200E+00
  0.6742E+03	  0.2584E-24	  0.5194E+00
  0.6757E+03	  0.2442E-24	  0.5188E+00
  0.6772E+03	  0.2308E-24	  0.5181E+00
  0.6787E+03	  0.2182E-24	  0.5175E+00
  0.6802E+03	  0.2062E-24	  0.5169E+00
  0.6817E+03	  0.1950E-24	  0.5163E+00
  0.6833E+03	  0.1844E-24	  0.5157E+00
  0.6848E+03	  0.1744E-24	  0.5151E+00
  0.6863E+03	  0.1649E-24	  0.5145E+00
  0.6878E+03	  0.1560E-24	  0.5139E+00
  0.6893E+03	  0.1475E-24	  0.5133E+00
  0.6908E+03	  0.1396E-24	  0.5127E+00
  0.6923E+03	  0.1321E-24	  0.5121E+00
  0.6939E+03	  0.1250E-24	  0.5115E+00
  0.6954E+03	  0.1183E-24	  0.5109E+00
  0.6969E+03	  0.1119E-24	  0.5103E+00
  0.6984E+03	  0.1060E-24	  0.5096E+00
  0.6999E+03	  0.1003E-24	  0.5090E+00
  0.7014E+03	  0.9498E-25	  0.5084E+00
  0.7029E+03	  0.8994E-25	  0.5077E+00
  0.7044E+03	  0.8517E-25	  0.5071E+00
  0.7060E+03	  0.8067E-25	  0.5064E+00
  0.7075E+03	  0.7641E-25	  0.5058E+00
  0.7090E+03	  0.7239E-25	  0.5051E+00
  0.7105E+03	  0.6858E-25	  0.5044E+00
  0.7120E+03	  0.6498E-25	  0.5037E+00
  0.7135E+03	  0.6158E-25	  0.5030E+00
  0.7150E+03	  0.5836E-25	  0.5023E+00
  0.7166E+03	  0.5532E-25	  0.5016E+00
  0.7181E+03	  0.5244E-25	  0.5009E+00
  0.7196E+03	  0.4972E-25	  0.5002E+00
  0.7211E+03	  0.4715E-25	  0.4994E+00
  0.7226E+03	  0.4471E-25	  0.4986E+00
  0.7241E+03	  0.4240E-25	  0.4978E+00
  0.7256E+03	  0.4022E-25	  0.4968E+00
  0.7271E+03	  0.3816E-25	  0.4958E+00
  0.7287E+03	  0.3621E-25	  0.4948E+00
  0.7302E+03	  0.3436E-25	  0.4940E+00
  0.7317E+03	  0.3261E-25	  0.4934E+00
  0.7332E+03	  0.3095E-25	  0.4934E+00
  0.7347E+03	  0.2937E-25	  0.4942E+00
  0.7362E+03	  0.2788E-25	  0.4961E+00
 
 
