species,wl_air,wl_vac,Aki,acc,Ei,Ek,gi,gk,lower,upper,lower_in_model,upper_in_model,lower_desc,upper_desc,source,group,status,centre_fit,shift,fwhm_group,height,area,sigma,snr,pedestal_frac,blended,n_resid_peaks,resid_peaks_nm,fwhm_free,centre_free,asym,height_free,area_free,A_branch_dev,A_branch_partner
Ar I,340.61804,340.7157737641212,390000.0,D,11.82807116,15.4670046,3.0,1.0,4s4,7p'[1/2]0,True,False,4s'[1/2]1,7p'[1/2]0,NIST-csv,0,not_detected,340.6093785830481,-0.00866141695192352,0.016,488647.68852670846,8322.389576927737,445085.9754403237,1.097872580782374,-0.5686346492999035,False,0.0,,,,,,,,
Ar I,346.107,346.20613966126814,67000.0,D,11.62359272,15.2048089,3.0,5.0,4s2,6p'[3/2]2,True,False,4s[3/2]1,6p'[3/2]2,NIST-csv,1,weak,346.09833858304813,-0.00866141695192352,0.016,354553.01657287264,6038.559884506814,83289.17091051603,4.2568921349186715,0.4268823932908816,False,0.0,,,,,,,,
Ar I,355.4306,355.53213571608427,270000.0,D,11.54835442,15.0356402,5.0,5.0,4s1,6p[3/2]2,True,False,4s[3/2]2,6p[3/2]2,NIST-csv,2,weak,355.42332218996074,-0.007277810039294544,0.016251801289277723,2900593.3260452375,50178.83303624307,356254.61826925917,8.141910805638885,0.007144384951847972,False,0.0,,,,,,,,
Ar I,356.32859,356.4303569887415,120000.0,D,11.72316039,15.2016576,1.0,3.0,4s3,6p'[3/2]1,True,False,4s'[1/2]0,6p'[3/2]1,NIST-csv,3,weak,356.314037978358,-0.01455202164204726,0.016282110361340838,1071059.7299889443,18563.360346320038,137628.79423719936,7.782235802654806,-0.05770216698288468,False,0.0,,,,,,,,
Ar I,356.7656,356.8674795689208,110000.0,D,11.54835442,15.0225909,5.0,7.0,4s1,6p[5/2]3,True,False,4s[3/2]2,6p[5/2]3,NIST-csv,4,not_detected,356.77140983507013,0.005809835070126054,0.016296860378136463,32444.897827584828,562.8369044615062,144217.18077925983,0.224972486996853,1.6149289278335566,False,0.0,,,,,,,,
Ar I,357.22953,357.33152910581157,510000.0,D,11.82807116,15.2977958,3.0,1.0,4s4,7p[1/2]0,True,False,4s'[1/2]1,7p[1/2]0,NIST-csv,5,not_detected,357.23534962171016,0.005819621710151445,0.02650784337853777,18865.54122934138,532.323789461426,223889.4756478576,0.0842627424748355,12.74678601555465,False,2.0,357.193;357.249,,,,,,,
Ar I,360.6522,360.75508167664606,760000.0,D,11.62359272,15.0603901,3.0,1.0,4s2,6p[1/2]0,True,False,4s[3/2]1,6p[1/2]0,NIST-csv,6,weak,360.65075787615393,-0.00144212384604196,0.016428041392936753,3070266.8223856343,53690.08829980372,487259.7023212142,6.3010891476546425,-0.02784972792332081,False,0.0,,,,,,,,
Ar I,363.26829,363.37184705196796,66000.0,D,11.62359272,15.0356402,3.0,5.0,4s2,6p[3/2]2,True,False,4s[3/2]1,6p[3/2]2,NIST-csv,7,not_detected,363.25949027769263,-0.008799722307329425,0.016516339993515376,98916.61498862549,1739.0628211190274,288465.6238378798,0.3429060755059587,-0.5106251103774898,False,0.0,,,,,,,,
Ar I,363.446,363.54960295421716,130000.0,D,11.62359272,15.0339719,3.0,3.0,4s2,6p[3/2]1,True,False,4s[3/2]1,6p[3/2]1,NIST-csv,8,not_detected,363.43719867106137,-0.008801328938685985,0.016522338083913197,89650.46580400453,1576.7261306091193,144663.2920120778,0.619718136903173,-0.6125567212331795,False,0.0,,,,,,,,
Ar I,364.31163,364.4154565888143,24000.0,D,11.62359272,15.0258688,3.0,5.0,4s2,6p[5/2]2,True,False,4s[3/2]1,6p[5/2]2,NIST-csv,9,not_detected,364.29690957549803,-0.014720424501936252,0.03724099860861726,360904.0167574325,14306.890189105407,169734.1168762505,2.1262903616516873,-0.3483484274168095,False,0.0,,,,,,,,
Ar I,364.98317,365.0871701299456,800000.0,D,11.82807116,15.2240875,3.0,1.0,4s4,6p'[1/2]0,True,False,4s'[1/2]1,6p'[1/2]0,NIST-csv,10,weak,364.97287493274797,-0.01029506725198909,0.0165742208401836,278334.9390457716,4910.583018026632,52149.94947076586,5.3372043860138385,-0.044266870561968,False,2.0,364.940;365.004,,,,,,,
Ar I,365.95291,366.05716080832093,44000.0,D,11.62359272,15.0106102,3.0,3.0,4s2,6p[1/2]1,True,False,4s[3/2]1,6p[1/2]1,NIST-csv,11,not_detected,365.93815495256666,-0.014755047433285538,0.016606951627322085,0.0,0.0,330596.2050843819,0.0,1.3601897323548507e+35,False,0.0,,,,,,,,
Ar I,367.06701,367.1715489130723,31000.0,D,11.82807116,15.2048089,3.0,5.0,4s4,6p'[3/2]2,True,False,4s'[1/2]1,6p'[3/2]2,NIST-csv,12,ok,367.05966205539244,-0.0073479446075378225,0.01664455487144008,3025658.3184649874,53607.34244400844,193636.65547882483,15.625441944259665,-0.05478888628293025,False,0.0,,0.013154170115365906,367.05935357823176,-0.20580214789689646,3420937.150808125,47900.57862936063,,
Ar I,367.52352,367.62817699937335,49000.0,D,11.82807116,15.2006146,3.0,3.0,4s4,6p'[1/2]1,True,False,4s'[1/2]1,6p'[1/2]1,NIST-csv,13,weak,367.5176568006325,-0.005863199367521931,0.01665996305470218,1255934.0197900843,22272.71031633819,130648.40308482232,9.61308359027305,-0.09736972165482306,False,0.0,,,,,,,,
Ar I,377.0369,377.14402209973827,70000.0,D,11.72316039,15.0106102,1.0,3.0,4s3,6p[1/2]1,True,False,4s'[1/2]0,6p[1/2]1,NIST-csv,14,not_detected,377.0219111349214,-0.014988865078566158,0.016981059859771077,0.0,0.0,277035.8706315907,0.0,4.966398509556673e+34,False,0.0,,,,,,,,
N I,381.82679,381.9351561761767,895000.0,C+,10.6796703,13.925881,2.0,4.0,other8,other121,True,True,(3P).3s 2P 0.5,(1D).3p 2P* 1.5,NIST-json,15,not_detected,381.82088369654514,-0.005906303454861456,0.017142728832904856,200080.7202313406,3651.0468653807375,133258.95641208903,1.5014429470137258,-0.34183410345587856,False,0.0,,,,,,,,
N I,382.20339,382.3118540693448,3700000.0,C+,10.6796703,13.9226824,2.0,2.0,other8,other120,True,True,(3P).3s 2P 0.5,(1D).3p 2P* 0.5,NIST-json,16,not_detected,382.18829214740646,-0.015097852593546401,0.038599739738413796,550375.7106781806,22613.91970726165,204326.2325324275,2.693612581491872,-0.04975491401123379,False,1.0,382.172,,,,,,,
N I,383.04343,383.15211246948115,4670000.0,C+,10.6899808,13.925881,4.0,4.0,other9,other121,True,True,(3P).3s 2P 1.5,(1D).3p 2P* 1.5,NIST-json,17,not_detected,383.0390542973338,-0.004375702666209236,0.01718379302007272,294618.13754639163,5389.0315089093865,249287.0995531667,1.1818426949267664,-0.007861262791993374,False,0.0,,,,,,,,
N I,383.42244,383.53122102573747,1890000.0,C+,10.6899808,13.9226824,4.0,2.0,other9,other120,True,True,(3P).3s 2P 1.5,(1D).3p 2P* 0.5,NIST-json,18,not_detected,383.4134578636018,-0.00898213639818259,0.017197352599367183,0.0,0.0,285032.47404368053,0.0,7.000988738671862e+34,False,0.0,,,,,,,,
Ar I,383.4679,383.57669284773596,750000.0,D,11.82807116,15.0603901,3.0,1.0,4s4,6p[1/2]0,True,False,4s'[1/2]1,6p[1/2]0,NIST-csv,18,not_detected,383.4589178636018,-0.00898213639818259,0.017197352599367183,328531.6481741428,6014.105168918158,285032.47404368053,1.1526112920164884,0.3508788068345888,False,0.0,,,,,,,,
N I,388.75717,388.8673394286197,2090000.0,C,10.6796703,13.8680121,2.0,4.0,other8,5p12,True,True,(3P).3s 2P 0.5,(3P).5p 2D* 1.5,NIST-json,19,not_detected,388.7636546997683,0.006484699768328604,0.039097448764336226,384769.69733035367,16013.32400633022,494526.0692087224,0.778057460036461,0.8065371244779029,False,1.0,388.788,,,,,,,
N I,389.22051,389.33080011827843,2500000.0,C,10.6899808,13.8745272,4.0,6.0,other9,5p13,True,True,(3P).3s 2P 1.5,(3P).5p 2D* 2.5,NIST-json,20,not_detected,389.2145814149583,-0.005928585041704463,0.017392282605546545,430667.01423225156,7973.158602756474,201367.37531604304,2.13871295464981,0.5535117474229001,False,0.0,,,,,,,,
Ar I,389.46601,389.5763640719906,57000.0,D,11.82807116,15.0106102,3.0,3.0,4s4,6p[1/2]1,True,False,4s'[1/2]1,6p[1/2]1,NIST-csv,21,ok,389.4647415417539,-0.0012684582461023005,0.017400568752598846,3556715.601787187,65878.66562843256,130071.91825108122,27.3442234850536,-0.03485452862856434,False,0.0,,0.012188932953787321,389.4643746301779,-0.14351218128404378,4270533.097035324,55408.95893416563,,
N I,390.01845,390.1289480011208,414000.0,C,10.6899808,13.8680121,4.0,4.0,other9,5p12,True,True,(3P).3s 2P 1.5,(3P).5p 2D* 1.5,NIST-json,22,not_detected,390.02029544546855,0.001845445468560314,0.017419214777354742,151578.03966814574,2810.5872402302057,252532.2653785803,0.6002323680932794,0.12067284749018153,False,0.0,,,,,,,,
Ar I,394.7505,394.8622317696901,56000.0,C+,11.54835442,14.6882903,5.0,5.0,4s1,5p9,True,True,4s[3/2]2,5p'[3/2]2,NIST-csv,23,ok,394.7367070125869,-0.013792987413080259,0.017578931527492576,7374536.160148837,137993.74279218982,373594.07346589933,19.73943561720329,2.2182983314406017e-05,False,0.0,,0.014688570163094062,394.7371170419252,0.2563841209702922,7918920.656043829,123816.2720488152,0.508095985810225,404.44
Ar I,394.8979,395.00967022645796,460000.0,B,11.54835442,14.68711824,5.0,3.0,4s1,5p8,True,True,4s[3/2]2,5p'[1/2]1,NIST-csv,24,ok,394.8919543056739,-0.00594569432611429,0.017583906590936605,13587086.267590793,254316.13284818083,165277.7416399753,82.20759875330072,-0.013783616212034555,False,1.0,394.892,0.013185494248396051,394.89243984526985,-0.06671653888225197,15065131.164603986,211447.00644323247,,
N I,401.11348,401.22687324331247,575000.0,C,10.6796703,13.7697973,2.0,2.0,other8,5p1,True,True,(3P).3s 2P 0.5,(3P).5p 2S* 0.5,NIST-json,25,not_detected,401.09798323756297,-0.01549676243700932,0.017793695633280135,0.0,0.0,337811.115944105,0.0,1.2585349840793725e+35,False,0.0,,,,,,,,
N I,402.45635,402.5700942371561,1140000.0,C,10.6899808,13.7697973,4.0,2.0,other9,5p1,True,True,(3P).3s 2P 1.5,(3P).5p 2S* 0.5,NIST-json,26,not_detected,402.4631236850534,0.006773685053399715,0.04013779579059222,175503.86984462038,7498.465994486263,73982.37138743102,2.372239042265101,0.08803886139661454,False,0.0,,,,,,,,
Ar I,404.4418,404.5560634024932,330000.0,B,11.62359272,14.6882903,3.0,5.0,4s2,5p9,True,True,4s[3/2]1,5p'[3/2]2,NIST-csv,27,ok,404.43582554434175,-0.0059744556582544016,0.029097304455222007,17408900.962686345,539207.9950704644,394744.57278224383,44.10168540123225,-0.0017936165430609697,False,0.0,,0.0280652132956657,404.43593103198015,-0.030716458529300845,17683621.176153358,528289.2337798803,-0.3369122327696208,394.75
Ar I,404.596541,404.7108448756777,41000.0,B,11.62359272,14.68711824,3.0,3.0,4s2,5p8,True,True,4s[3/2]1,5p'[1/2]1,NIST-csv,28,weak,404.59056607801693,-0.005974921983058381,0.01791125634871041,2052038.3090828247,39124.04268460756,235651.96130858146,8.707919499960036,0.1286091068387845,False,1.0,404.560,,,,,,,
Ar I,405.452576,405.5671038031719,27000.0,C+,11.62359272,14.68065033,3.0,3.0,4s2,5p7,True,True,4s[3/2]1,5p'[3/2]1,NIST-csv,29,ok,405.45140389543207,-0.0011721045679401638,0.01794014935030681,3488636.541742256,66621.4360520428,118397.43377385067,29.465474297406253,0.0025142223207825134,False,1.0,405.431,0.00717655264178983,405.4483335708535,1.0217800466357139,8173670.898713963,62440.33615791844,,
N I,409.505,409.6205884933759,80500.0,C+,12.0001429,15.02695,4.0,6.0,other22,other321,True,True,(3P).3p 2D* 1.5,2s.2p4 2D 2.5,NIST-json,30,not_detected,409.4893262177852,-0.015673782214790176,0.018076927277729506,88897.36380439645,1710.5891123442539,238760.43246459143,0.3723287099405806,0.016011932472863963,False,0.0,,,,,,,,
N I,409.994,410.1097165544255,3480000.0,C+,10.6796703,13.7028638,2.0,4.0,other8,other103,True,True,(3P).3s 2P 0.5,(1D).3p 2D* 1.5,NIST-json,31,not_detected,410.00093269237607,0.0069326923760289726,0.026009308597147878,84034.56946759437,2326.5853928390993,154829.71184603233,0.5427548011660777,-0.8117200626082559,False,0.0,,,,,,,,
N I,410.79,410.90592504505616,1230000.0,C+,12.0096116,15.02695,6.0,6.0,other23,other321,True,True,(3P).3p 2D* 2.5,2s.2p4 2D 2.5,NIST-json,32,weak,410.77429911060864,-0.015700889391374203,0.029445485485428916,2180388.603821717,68341.55131175424,262674.52455634,8.300723518980062,-0.00951495641740333,False,1.0,410.767,,,,,,,
N I,410.995,411.11097874550984,3900000.0,C+,10.6899808,13.7058146,4.0,6.0,other9,other104,True,True,(3P).3s 2P 1.5,(1D).3p 2D* 2.5,NIST-json,33,not_detected,410.9792947861174,-0.015705213882580216,0.01812721794619357,191461.6239052216,3694.4101150277093,80077.3228038191,2.3909593528030673,0.13644512539785647,False,0.0,,,,,,,,
N I,411.39741,411.5134941656142,662000.0,C+,10.6899808,13.7028638,4.0,4.0,other9,other103,True,True,(3P).3s 2P 1.5,(1D).3p 2D* 1.5,NIST-json,34,not_detected,411.38169629724666,-0.01571370275334222,0.01814080013941278,0.0,0.0,219575.9228983668,0.0,6.7409488775139905e+34,False,0.0,,,,,,,,
N I,413.764,413.8807043429259,280000.0,C+,10.3259087,13.3215593,2.0,4.0,other5,4p11,True,True,(3P).3s 4P 0.5,(3P).4p 4S* 1.5,NIST-json,35,not_detected,413.74823637384355,-0.01576362615647996,0.01822067758443316,0.0,0.0,269350.74328129133,0.0,2.177543066413292e+35,False,1.0,413.719,,,,,,,
N I,414.34296,414.4598161132607,609000.0,C+,10.3300944,13.3215593,4.0,4.0,other6,4p11,True,True,(3P).3s 4P 1.5,(3P).4p 4S* 1.5,NIST-json,36,not_detected,414.3402128882905,-0.002747111709460713,0.018240218715583466,267537.3994117116,5194.5359105003145,177765.6426165117,1.505000603456663,-0.3061963150771239,False,0.0,,,,,,,,
N I,415.14805,415.26511719484915,1010000.0,C+,10.3358956,13.3215593,6.0,4.0,other7,4p11,True,True,(3P).3s 4P 2.5,(3P).4p 4S* 1.5,NIST-json,37,ok,415.1469363316579,-0.001113668342084945,0.01826739221509604,8567322.51515644,166591.8993913179,148042.39398890414,57.87073745780257,-0.007962246635709427,False,0.0,,0.016265319663617248,415.14612371480547,-0.19965359907179456,9193511.460549368,159175.50445086427,,
Ar I,415.859,415.97625362602895,1400000.0,B,11.54835442,14.52891349,5.0,5.0,4s1,5p5,True,True,4s[3/2]2,5p[3/2]2,NIST-csv,38,ok,415.85625745700247,-0.002742542997510913,0.020577811825598872,225627906.99600282,4942244.381864546,418513.3027175629,539.1176469921427,0.0022899097442068603,False,0.0,,0.019326223295415147,415.8562679937159,0.1274958138744613,229144639.9313013,4713992.704643002,-0.16904529823537284,426.63
Ar I,416.418,416.53540023229743,290000.0,B,11.54835442,14.5249133,5.0,3.0,4s1,5p4,True,True,4s[3/2]2,5p[3/2]1,NIST-csv,39,ok,416.4168939858567,-0.0011060141433294392,0.020599037694142727,12349378.522078106,270784.77663526207,176893.5749215907,69.81247638616638,-0.0010696873495782524,False,0.0,,0.021160470210056424,416.4175575467329,0.1363347083309705,12284376.83658929,276700.95278693066,-0.5512977257845677,427.22
Ar I,418.1884,418.3062646657038,560000.0,B,11.72316039,14.68711824,1.0,3.0,4s3,5p8,True,True,4s'[1/2]0,5p'[1/2]1,NIST-csv,40,ok,418.17910375880894,-0.009296241191081805,0.02066626180446479,42961314.661487766,945086.8050363514,361670.0521571365,118.78593321523387,-0.0007489357613889221,False,0.0,,0.019731020925554784,418.178311148546,-0.031539021441624085,43748308.444112875,918846.6424956408,,
Ar I,419.0713,419.189396346025,280000.0,B,11.54835442,14.50606764,5.0,5.0,4s1,5p3,True,True,4s[3/2]2,5p[5/2]2,NIST-csv,41,ok,419.0669242973338,-0.004375702666209236,0.04140077294009366,30355496.488604587,1337759.3652107168,489391.7134968516,62.026993206945406,-0.0008707524745683508,False,2.0,419.071;419.104,0.04026726290451826,419.0671021954693,-0.10441213619631382,30627969.75940232,1312811.9763786693,0.12089555182696476,430.01
Ar I,419.1029,419.22100463894833,540000.0,C+,11.72316039,14.68065033,1.0,3.0,4s3,5p7,True,True,4s'[1/2]0,5p'[3/2]1,NIST-csv,41,weak,419.09852429733377,-0.004375702666209236,0.04140077294009366,4030439.799203808,177620.50406017754,489391.7134968516,8.235611041317185,-0.013907054740509678,False,2.0,419.071;419.104,,,,,,,
Ar I,419.8317,419.9499959167012,2570000.0,B,11.62359272,14.57594878,3.0,1.0,4s2,5p6,True,True,4s[3/2]1,5p[1/2]0,NIST-csv,42,ok,419.8207437704187,-0.010956229581320646,0.026486620833323427,54825509.23810897,1545757.7723482372,1288153.9404103362,42.5613022777732,0.02718878711598558,False,1.0,419.847,0.02453913614114225,419.8205159888544,-0.08280559255026448,55218527.62161847,1442368.7430159273,,
Ar I,420.0674,420.1857577839226,970000.0,B+,11.54835442,14.49905364,5.0,7.0,4s1,5p2,True,True,4s[3/2]2,5p[5/2]3,NIST-csv,43,ok,420.05973261327335,-0.007667386726660074,0.02649805668662924,220689557.26274928,6224837.496964034,369286.5812787358,597.6105508588026,-0.00010834530757555631,False,1.0,420.067,0.026354074435808776,420.06044356194315,0.08017265485250255,221374700.06028193,6210233.994193823,,
N I,424.987,425.1066497969264,2590000.0,C,12.0001429,14.91669,4.0,2.0,other22,3d24,True,True,(3P).3p 2D* 1.5,(1D).3d 2P 0.5,NIST-json,44,not_detected,424.9709993178927,-0.016000682107346117,0.030224946546955893,123998.19115132141,3989.4506897316082,382746.70701433835,0.32396932195337275,1.1243940378920554,False,0.0,,,,,,,,
N I,425.016,425.13565741698346,224000.0,C,12.0001429,14.91649,4.0,4.0,other22,3d23,True,True,(3P).3p 2D* 1.5,(1D).3d 2P 1.5,NIST-json,44,not_detected,424.9999993178927,-0.016000682107346117,0.030224946546955893,0.0,0.0,382746.70701433835,0.0,3.0994360102282153e+35,False,0.0,,,,,,,,
Ar I,425.1185,425.23818435030626,111000.0,C+,11.54835442,14.46399577,5.0,3.0,4s1,5p1,True,True,4s[3/2]2,5p[1/2]1,NIST-csv,45,ok,425.11578536127166,-0.0027146387282969272,0.018603916104617865,12851844.52346935,254508.35593320924,255476.19145257422,50.30544901423867,-0.012238107465542374,False,1.0,425.117,0.01244882595780981,425.1140115575636,0.3997874891758885,16092212.12272798,213243.77106823892,,
Ar I,425.9362,426.05609923270424,3980000.0,B+,11.82807116,14.73811536,3.0,1.0,4s4,5p10,True,True,4s'[1/2]1,5p'[1/2]0,NIST-csv,46,ok,425.92683371290025,-0.009366287099721402,0.02328939402305678,68074515.20849904,1687621.1361484414,336257.92259511916,202.44731985234466,0.010020897701065783,False,0.0,,0.023702056349465834,425.9266425582871,0.11454210494632207,67063599.35245128,1692018.4528444672,,
N I,426.4,426.52002113002,2260000.0,C,12.0096116,14.91649,6.0,4.0,other23,3d23,True,True,(3P).3p 2D* 2.5,(1D).3d 2P 1.5,NIST-json,47,weak,426.407278778243,0.007278778242984268,0.041956131273096615,767306.3636351125,34268.60658959406,134067.845267934,5.723269156013168,0.06552362536370242,False,1.0,426.425,,,,,,,
Ar I,426.6286,426.7486812155708,310000.0,C+,11.62359272,14.52891349,3.0,5.0,4s2,5p5,True,True,4s[3/2]1,5p[3/2]2,NIST-csv,48,ok,426.6242242973338,-0.004375702666209236,0.023318606488530368,53057370.32260456,1316984.0796413613,461500.11799499113,114.9671869058556,0.006985121678304351,False,0.0,,0.024892122321874596,426.62423001533375,-0.09882767872144355,51651428.25168839,1368599.7982965012,0.2034350342760991,415.86
Ar I,427.2169,427.33713585791656,800000.0,B,11.62359272,14.5249133,3.0,3.0,4s2,5p4,True,True,4s[3/2]1,5p[3/2]1,NIST-csv,49,ok,427.20918952205403,-0.0077104779460013765,0.01867474156683598,83747365.23382235,1664784.268312044,1312125.4314454691,63.82573131104107,0.008641551141692027,False,0.0,,0.017233135100075115,427.209840222538,0.07657079900706686,87637892.36907184,1607638.6080532675,1.2286492791874664,416.42
N I,427.328,427.44826506405724,828000.0,C+,12.1263787,15.02695,4.0,6.0,other25,other321,True,True,(3P).3p 2P* 1.5,2s.2p4 2D 2.5,NIST-json,50,weak,427.3119502401912,-0.01604975980876459,0.04202660571319928,2674242.648916208,119634.74724250882,690696.985083432,3.8718029854917866,0.10441353288396876,False,0.0,,,,,,,,
N I,427.813,427.9333925692257,5010000.0,C+,12.0001429,14.89742,4.0,4.0,other22,3d22,True,True,(3P).3p 2D* 1.5,(1D).3d 2D 1.5,NIST-json,51,not_detected,427.7969400090779,-0.016059990922105645,0.03505286476768922,125831.88089421604,4695.11696465167,115211.91281291354,1.0921776908482346,0.056866858593781516,False,0.0,,,,,,,,
N I,427.917,428.0374199121503,361000.0,C+,12.0001429,14.89671,4.0,6.0,other22,3d21,True,True,(3P).3p 2D* 1.5,(1D).3d 2D 2.5,NIST-json,52,not_detected,427.90093781518965,-0.01606218481032723,0.01869837143058879,0.0,0.0,120384.21769685273,0.0,-1.8209171575736487e+34,False,0.0,,,,,,,,
N I,429.216,429.33676148344557,557000.0,C+,12.0096116,14.89742,6.0,4.0,other23,3d22,True,True,(3P).3p 2D* 2.5,(1D).3d 2D 1.5,NIST-json,53,not_detected,429.21999135779936,0.0039913577993684595,0.01874221544289404,171004.0295171052,3411.610796677008,85803.68289408741,1.9929684105539578,-0.23389426211816236,False,0.0,,,,,,,,
N I,429.321,429.44178909697274,5210000.0,C+,12.0096116,14.89671,6.0,6.0,other23,3d21,True,True,(3P).3p 2D* 2.5,(1D).3d 2D 2.5,NIST-json,54,not_detected,429.3049081976987,-0.016091802301318653,0.018745759416175064,137528.71468273582,2744.2813444947296,50127.20842233032,2.7435941280438527,-0.24357406450258498,False,0.0,,,,,,,,
Ar I,430.0101,430.1310703347699,377000.0,B+,11.62359272,14.50606764,3.0,5.0,4s2,5p3,True,True,4s[3/2]1,5p[5/2]2,NIST-csv,55,ok,430.007400102513,-0.0026998974870541892,0.030499654260621865,49495879.61621745,1606927.0933228869,697038.781717719,71.00878877104127,0.003093322322827797,False,1.0,430.011,0.028395530132627095,430.00786768849736,-0.13154806327844124,50793134.46054445,1535278.6320140152,-0.1078562151753708,419.07
Ar I,433.3561,433.4779507000512,570000.0,B+,11.82807116,14.6882903,3.0,5.0,4s4,5p9,True,True,4s'[1/2]1,5p'[3/2]2,NIST-csv,56,ok,433.3432948541991,-0.01280514580092286,0.03068317301035759,29725452.467323933,970869.7126949554,390409.0019911049,76.1392598934007,0.0015891746834158383,False,0.0,,0.03195251060669788,433.3435694938694,0.18342884956252034,29368132.024202984,998880.4694882266,,
Ar I,433.5338,433.65569747049074,390000.0,C+,11.82807116,14.68711824,3.0,3.0,4s4,5p8,True,True,4s'[1/2]1,5p'[1/2]1,NIST-csv,57,ok,433.524365024912,-0.009434975087986486,0.035414906952440754,17265307.52118976,650867.5706531103,972410.1722790583,17.75516959137181,0.025048490066256767,False,1.0,433.499,0.03560906240508482,433.52407035568746,0.1926276111138079,17364957.27556686,658213.0189076576,,
Ar I,434.5168,434.6389562234752,300000.0,B,11.82807116,14.68065033,3.0,3.0,4s4,5p7,True,True,4s'[1/2]1,5p'[3/2]1,NIST-csv,58,ok,434.5158030703186,-0.0009969296813930307,0.01892112871497076,13276483.132100575,267400.5512878167,423186.0660500922,31.372684965787712,0.006638308851526685,False,0.0,,0.016815624999529852,434.51636114759685,0.43279419031167154,13776359.797930067,246592.40746891266,,
N I,435.629,435.75144904332876,5100000.0,C+,12.0096116,14.85491,6.0,8.0,other23,3d18,True,True,(3P).3p 2D* 2.5,(1D).3d 2F 3.5,NIST-json,59,weak,435.6364734647276,0.007473464727571032,0.01895866783004843,4194004.717824955,84638.69182725977,451578.78793790546,9.287426313748053,0.08891454643052357,False,0.0,,,,,,,,
Ar I,436.37949,436.50213666664746,12000.0,B,11.62359272,14.46399577,3.0,3.0,4s2,5p1,True,True,4s[3/2]1,5p[1/2]1,NIST-csv,60,not_detected,436.37002929774536,-0.009460702254634646,0.018983998463454867,83853.3199789208,1694.494495512096,124399.12665312208,0.6740667899762648,0.06750246158242677,False,0.0,,,,,,,,
N I,438.554,438.6772194259448,884000.0,C,12.1219574,14.94828,2.0,2.0,other24,3d25,True,True,(3P).3p 2P* 0.5,(1D).3d 2S 0.5,NIST-json,61,not_detected,438.53771342683376,-0.016286573166221625,0.019057392800019828,0.0,0.0,800913.430140363,0.0,3.2387842353771425e+35,False,0.0,,,,,,,,
N I,439.241,439.36440042705016,1760000.0,C,12.1263787,14.94828,4.0,2.0,other25,3d25,True,True,(3P).3p 2P* 1.5,(1D).3d 2S 0.5,NIST-json,62,not_detected,439.22469893451444,-0.01630106548553153,0.019080580510915674,0.0,0.0,195449.32043177256,0.0,5.017290471672731e+34,False,0.0,,,,,,,,
Ar I,442.39944,442.5236728565454,7300.0,C+,11.72316039,14.5249133,1.0,3.0,4s3,5p4,True,True,4s'[1/2]0,5p[3/2]1,NIST-csv,63,not_detected,442.3916380143736,-0.0078019856264403,0.019187184577293955,22520.007091970616,459.951443861911,117740.73023562423,0.1912677715426369,-2.046639040586333,False,0.0,,,,,,,,
N I,443.511,443.6355259272406,2990000.0,C,12.1219574,14.91669,2.0,2.0,other24,3d24,True,True,(3P).3p 2P* 0.5,(1D).3d 2P 0.5,NIST-json,64,not_detected,443.5100573762847,-0.0009426237153102282,0.01922524212503445,58810.57820789281,1203.5370867175209,97035.25353109636,0.6060743499685515,-0.6453200633305031,False,0.0,,,,,,,,
N I,443.543,443.6675343651147,751000.0,C,12.1219574,14.91649,2.0,4.0,other24,3d23,True,True,(3P).3p 2P* 0.5,(1D).3d 2P 1.5,NIST-json,64,not_detected,443.5420573762847,-0.0009426237153102282,0.01922524212503445,17344.444585278077,354.94774822835393,97035.25353109636,0.1787437447125317,-1.004247458848208,False,0.0,,,,,,,,
N I,444.214,444.3387113076469,1410000.0,C,12.1263787,14.91669,4.0,2.0,other25,3d24,True,True,(3P).3p 2P* 1.5,(1D).3d 2P 0.5,NIST-json,65,not_detected,444.1975937017126,-0.016406298287391007,0.01924895299389083,0.0,0.0,139692.75923928816,0.0,8.326606149584812e+33,False,0.0,,,,,,,,
N I,444.245,444.36971948283934,3810000.0,C,12.1263787,14.91649,4.0,4.0,other25,3d23,True,True,(3P).3p 2P* 1.5,(1D).3d 2P 1.5,NIST-json,65,not_detected,444.2285937017126,-0.016406298287391007,0.01924895299389083,0.0,0.0,139692.75923928816,0.0,8.0536830759710175e+34,False,0.0,,,,,,,,
N I,446.59,446.7153380235673,20400.0,C,12.1219574,14.89742,2.0,4.0,other24,3d22,True,True,(3P).3p 2P* 0.5,(1D).3d 2D 1.5,NIST-json,66,not_detected,446.57354390677847,-0.016456093221497305,0.024160781110576138,167435.24759369373,4306.159079513922,76235.34855766663,2.196294117643351,0.606311375142969,False,0.0,,,,,,,,
N I,447.417,447.5425562206646,27600.0,C,12.1263787,14.89671,4.0,6.0,other25,3d21,True,True,(3P).3p 2P* 1.5,(1D).3d 2D 2.5,NIST-json,67,not_detected,447.4005264611481,-0.016473538851874726,0.01935653789706479,10673.238448351376,219.91563374607557,184315.83009286542,0.0579073346167488,-2.9121842077295854,False,0.0,,,,,,,,
Ar I,451.0733,451.199821268912,1180000.0,B+,11.82807116,14.57594878,3.0,1.0,4s4,5p6,True,True,4s'[1/2]1,5p[1/2]0,NIST-csv,68,ok,451.07066357820855,-0.0026364217914650076,0.028002422083382085,24267023.697936524,723343.0647308911,1314655.0363461508,18.458852723359573,0.024636502347422564,False,1.0,451.039,0.02063938840125842,451.0721248693718,0.278606184668538,26544509.26262896,583181.4949376292,,
Ar I,452.2323,452.35912729880243,90000.0,B,11.72316039,14.46399577,1.0,3.0,4s3,5p1,True,True,4s'[1/2]0,5p[1/2]1,NIST-csv,69,ok,452.22618152371666,-0.006118476283328216,0.036598245959498586,8889945.43370498,346331.1675257421,229715.81354669383,38.69975382386089,-0.02067745036834596,False,1.0,452.235,0.03609989465937524,452.22560392393075,-0.11656122271817168,8962717.400456734,344411.6614853659,,
Ar I,454.4746,454.60201953396387,83000.0,E,12.9070153,15.634328,3.0,3.0,4p1,11d[1/2]1,True,False,4p[1/2]1,11d[1/2]1,NIST-csv,70,not_detected,454.4824710141494,0.007871014149385777,0.044088180536142045,1391868.2117230347,65320.95158699935,1035408.6643554036,1.3442694267867132,0.6183321681944458,False,1.0,454.509,,,,,,,
Ar I,455.4324,455.560072572669,38000.0,E,12.9070153,15.628593,3.0,5.0,4p1,7d'[3/2]2,True,False,4p[1/2]1,7d'[3/2]2,NIST-csv,71,not_detected,455.43152913210014,-0.0008708678998341907,0.01962707469170026,52966.99715619885,1106.6062982073315,80034.69480206902,0.6618004515065581,-0.6478047153053101,False,1.0,455.466,,,,,,,
Ar I,458.4956,458.62408208873904,160000.0,E,12.9070153,15.61041,3.0,5.0,4p1,10d[3/2]2,True,False,4p[1/2]1,10d[3/2]2,NIST-csv,72,not_detected,458.47889275720536,-0.01670724279467925,0.019730464205552023,71239.76963385544,1496.2081627398788,129998.68961642013,0.5480037517613342,-0.10987859992173171,False,0.0,,,,,,,,
Ar I,458.6611,458.78962583668863,230000.0,E,12.9070153,15.609435,3.0,3.0,4p1,10d[1/2]1,True,False,4p[1/2]1,10d[1/2]1,NIST-csv,73,not_detected,458.6549620598899,-0.006137940110054538,0.019737059371067376,0.0,0.0,150453.11291389485,0.0,-3.7934938744406278e+34,False,0.0,,,,,,,,
Ar I,458.7209,458.8494416443809,490000.0,E,12.9070153,15.609082,3.0,1.0,4p1,10d[1/2]0,True,False,4p[1/2]1,10d[1/2]0,NIST-csv,73,not_detected,458.7147620598899,-0.006137940110054538,0.019737059371067376,350770.4070582058,7369.492893984566,150453.11291389485,2.3314267167004625,-0.12052603265131813,False,0.0,,,,,,,,
Ar I,458.92893,459.0575266367283,6200.0,C,11.82807116,14.52891349,3.0,5.0,4s4,5p5,True,True,4s'[1/2]1,5p[3/2]2,NIST-csv,74,not_detected,458.9368949785929,0.007964978592867124,0.01974509001452218,260742.264409487,5480.280161419545,123258.13206999806,2.115416322076112,-0.28289784110719685,False,0.0,,,,,,,,
Ar I,459.6097,459.7384766093728,95000.0,B,11.82807116,14.5249133,3.0,3.0,4s4,5p4,True,True,4s'[1/2]1,5p[3/2]1,NIST-csv,75,ok,459.6017942852892,-0.007905714710793169,0.019768067449670017,7803750.956829587,164210.0848803494,423981.8591430003,18.40586050687028,-0.0024624619916370316,False,0.0,,0.013632323946775042,459.60248534885795,-0.5113359793344366,9084964.459960006,131833.3659640826,,
Ar I,462.8441,462.9737319314691,38300.0,B+,11.82807116,14.50606764,3.0,5.0,4s4,5p3,True,True,4s'[1/2]1,5p[5/2]2,NIST-csv,76,not_detected,462.8273010252541,-0.016798974745944342,0.01987723532757617,0.0,0.0,245080.9023290098,0.0,9.435141847554337e+34,False,1.0,462.770,,,,,,,
Ar I,464.2137,464.3436942414903,96000.0,E,12.9070153,15.577111,3.0,5.0,4p1,9d[3/2]2,True,False,4p[1/2]1,9d[3/2]2,NIST-csv,77,not_detected,464.1968721334338,-0.016827866566216314,0.019923462240011326,0.0,0.0,458566.9795173234,0.0,4.119003676329634e+35,False,1.0,464.152,,,,,,,
Ar I,464.7489,464.8790358417999,120000.0,E,12.9070153,15.574036,3.0,3.0,4p1,9d[1/2]1,True,False,4p[1/2]1,9d[1/2]1,NIST-csv,78,not_detected,464.7534267644669,0.004526764466874068,0.019941526378106603,107127.97690802388,2274.0159729466636,173487.083398363,0.617498287535536,-0.1159503829880122,False,0.0,,,,,,,,
N I,465.1823,465.3125505166261,240000.0,C+,10.6796703,13.3442064,2.0,4.0,other8,4p13,True,True,(3P).3s 2P 0.5,(3P).4p 2P* 1.5,NIST-json,79,not_detected,465.188615094414,0.006315094414000912,0.019956154549725616,308171.36292060476,6546.382058369825,300423.7335118733,1.0257890058091075,0.07839881909539698,False,0.0,,,,,,,,
N I,466.0457,466.1761789884514,672000.0,C+,10.6796703,13.3392701,2.0,2.0,other8,4p12,True,True,(3P).3s 2P 0.5,(3P).4p 2P* 0.5,NIST-json,80,not_detected,466.0395398958931,-0.006160104106899735,0.019985296135733584,89901.77623417058,1912.5423930965637,209147.74330448027,0.4298481772442091,-0.12022063518649777,False,0.0,,,,,,,,
N I,466.291,466.42154390470216,1510000.0,C+,12.1219574,14.78016,2.0,4.0,other24,4s6,True,True,(3P).3p 2P* 0.5,(1D).4s 2D 1.5,NIST-json,81,not_detected,466.2741283126261,-0.016871687373934602,0.04498554494781132,185991.11640845786,8906.301587975715,148438.71419024363,1.25298253506889,-0.9035691035242833,False,0.0,,,,,,,,
N I,466.9893,467.1200287156979,749000.0,C+,10.6899808,13.3442064,4.0,4.0,other9,4p13,True,True,(3P).3s 2P 1.5,(3P).4p 2P* 1.5,NIST-json,82,not_detected,466.97956208782387,-0.009737912176170491,0.020018915503855355,0.0,0.0,121951.1892623326,0.0,6.655884197110138e+34,False,0.0,,,,,,,,
N I,467.068,467.1987495454949,302000.0,C+,12.1263787,14.78016,4.0,4.0,other25,4s6,True,True,(3P).3p 2P* 1.5,(1D).4s 2D 1.5,NIST-json,82,not_detected,467.05826208782383,-0.009737912176170491,0.020018915503855355,126242.2065636979,2690.1551849390753,121951.1892623326,1.0351863505991301,0.07150715424380244,True,0.0,,,,,,,,
N I,467.068,467.1987495454949,1800000.0,C+,12.1263787,14.78016,4.0,6.0,other25,4s7,True,True,(3P).3p 2P* 1.5,(1D).4s 2D 2.5,NIST-json,82,not_detected,467.05826208782383,-0.009737912176170491,0.020018915503855355,126242.20656369792,2690.155184939076,121951.1892623326,1.0351863505991303,0.07150715424380243,True,0.0,,,,,,,,
N I,467.8595,467.99045904770276,269000.0,C+,10.6899808,13.3392701,4.0,2.0,other9,4p12,True,True,(3P).3s 2P 1.5,(3P).4p 2P* 0.5,NIST-json,83,not_detected,467.84259522499457,-0.016904775005430358,0.02255233021059802,360057.9035501981,8643.626264266892,148461.06555490475,2.4252682156389302,0.0030045694849809576,False,0.0,,,,,,,,
Ar I,470.2316,470.3631870617995,109000.0,B,11.82807116,14.46399577,3.0,3.0,4s4,5p1,True,True,4s'[1/2]1,5p[1/2]1,NIST-csv,84,ok,470.2182392173508,-0.013360782649240984,0.020126579161991117,11431052.367006008,244899.77733039024,263606.97653455654,43.36399786258122,-0.02086395426986098,False,1.0,470.217,0.013995101925298927,470.21833832092636,-0.19125561693266838,13095295.370610533,195084.86368272285,,
Ar I,474.6821,474.8148658995534,360000.0,E,12.9070153,15.518227,3.0,1.0,4p1,8d[1/2]0,True,False,4p[1/2]1,8d[1/2]0,NIST-csv,85,not_detected,474.6795347252803,-0.002565274719698805,0.02027679300091683,230804.5517397309,4981.680230716247,197040.54911695872,1.171355605605477,0.5289027600715112,False,0.0,,,,,,,,
Ar I,475.29388,475.42680800312036,450000.0,E,12.9070153,15.5148657,3.0,3.0,4p1,8d[1/2]1,True,False,4p[1/2]1,8d[1/2]1,NIST-csv,86,not_detected,475.3021901985068,0.008310198506827265,0.04566924422293141,270536.5920703291,13151.704722215442,193881.34178508612,1.3953719815402037,-0.4088000033508668,False,0.0,,,,,,,,
Ar I,476.86729,477.00063497211664,860000.0,D,12.9070153,15.5062613,3.0,5.0,4p1,6d'[3/2]2,True,False,4p[1/2]1,6d'[3/2]2,NIST-csv,87,ok,476.85019520495246,-0.017094795047579648,0.02035054781019266,7934247.519902264,171875.53352701917,148063.67428031375,53.58672583581283,-0.011969909599534426,False,1.0,476.850,0.00814027161007619,476.84517097899004,1.1864520599053998,22655605.305816673,196311.9676656913,,
Ar I,479.8742,480.0083420777605,88000.0,E,13.07571571,15.658675,7.0,9.0,4p2,12d[7/2]4,True,False,4p[5/2]3,12d[7/2]4,NIST-csv,88,weak,479.8734764468725,-0.0007235531274870015,0.020452037416844523,430506.727506509,9372.355024439463,106741.65609245941,4.033165150947301,-0.3107024224365943,False,0.0,,,,,,,,
Ar I,483.597,483.7321293967067,93000.0,E,13.07571571,15.638792,7.0,9.0,4p2,11d[7/2]4,True,False,4p[5/2]3,11d[7/2]4,NIST-csv,89,not_detected,483.5797624743818,-0.017237525618161845,0.020578916723124174,203482.3426098326,4457.3983576531455,212726.74172779455,0.9565433144752854,0.05744206974868808,False,0.0,,,,,,,,
Ar I,483.6697,483.80484868211494,102000.0,C,12.9070153,15.469706,3.0,5.0,4p1,9s[3/2]2,True,False,4p[1/2]1,9s[3/2]2,NIST-csv,89,not_detected,483.6524624743818,-0.017237525618161845,0.020578916723124174,482786.9702325966,10575.727704970543,212726.74172779455,2.26951706358748,0.08419010574165946,False,0.0,,,,,,,,
Ar I,487.62607,487.76226847213036,780000.0,D,12.9070153,15.4489134,3.0,5.0,4p1,7d[3/2]2,True,False,4p[1/2]1,7d[3/2]2,NIST-csv,90,ok,487.60874824763783,-0.01732175236220121,0.020713679513587158,1766218.794027599,38943.40886812806,119746.35013672146,14.74966704213534,-0.04625144236060003,False,0.0,,,,,,,,
Ar I,488.629,488.765464674099,120000.0,E,13.07571571,15.612397,7.0,9.0,4p2,10d[7/2]4,True,False,4p[5/2]3,10d[7/2]4,NIST-csv,91,not_detected,488.6246242973338,-0.004375702666209236,0.02074753053380371,75677.71627313056,1671.3470549930103,140128.15958366718,0.540060730819384,-0.506435818096915,False,0.0,,,,,,,,
Ar I,488.79471,488.93121866074034,1300000.0,D,12.9070153,15.4428362,3.0,3.0,4p1,7d[1/2]1,True,False,4p[1/2]1,7d[1/2]1,NIST-csv,92,ok,488.7958931697263,0.001183169726295322,0.020753123598683695,1516615.022517922,33503.56615345435,140154.03267695176,10.82105875621607,-0.01509170999158127,False,0.0,,,,,,,,
Ar I,489.46909,489.6057776798005,1800000.0,D,12.9070153,15.4393425,3.0,1.0,4p1,7d[1/2]0,True,False,4p[1/2]1,7d[1/2]0,NIST-csv,93,weak,489.45358435874925,-0.01550564125071457,0.020775885357743287,2425497.6183433016,53640.47350125507,262045.31877655946,9.256023460626947,0.038975998435243124,False,0.0,,,,,,,,
N I,491.494,491.6312252957362,808000.0,B,10.6796703,13.2015647,2.0,2.0,other8,4p1,True,True,(3P).3s 2P 0.5,(3P).4p 2S* 0.5,NIST-json,94,not_detected,491.4765966533487,-0.017403346651325452,0.02084423037618595,3641.0083063206316,80.78667693877841,161489.15894640813,0.022546456555197852,42.64869063924468,False,0.0,,,,,,,,
Ar I,492.1034,492.2407871180447,59000.0,E,13.09487256,15.613644,5.0,7.0,4p3,10d[7/2]3,True,False,4p[5/2]2,10d[7/2]3,NIST-csv,95,not_detected,492.1120647966601,0.00866479666008232,0.023472898787324798,102139.66171345579,2552.07451942947,282457.0937109486,0.3616112464074987,0.6525087545580103,False,0.0,,,,,,,,
N I,493.512,493.64976120828936,1760000.0,B,10.6899808,13.2015647,4.0,2.0,other9,4p1,True,True,(3P).3s 2P 1.5,(3P).4p 2S* 0.5,NIST-json,96,not_detected,493.49455408347916,-0.017445916520855857,0.020912342167434594,0.0,0.0,425409.9811267033,0.0,1.834029051520723e+35,False,0.0,,,,,,,,
Ar I,493.772,493.9098302649278,36000.0,E,13.07571571,15.585975,7.0,5.0,4p2,11s[3/2]2,True,False,4p[5/2]3,11s[3/2]2,NIST-csv,97,not_detected,493.780699995909,0.008699995908991351,0.02092111772032094,167861.61276320356,3738.2512286535407,279730.98451912816,0.6000823006853039,-0.20265377518551247,False,0.0,,,,,,,,
Ar I,495.675,495.8133357713084,180000.0,E,13.07571571,15.576338,7.0,9.0,4p2,9d[7/2]4,True,False,4p[5/2]3,9d[7/2]4,NIST-csv,98,weak,495.6575084548232,-0.017491545176849047,0.047217033038303324,683167.9046101929,34336.684581367255,144238.7273791266,4.736369469029696,-0.17811938938319508,False,0.0,,,,,,,,
Ar I,498.9943,499.13351776865477,110000.0,E,13.09487256,15.578861,5.0,7.0,4p3,9d[7/2]3,True,False,4p[5/2]2,9d[7/2]3,NIST-csv,99,not_detected,499.00311016074033,0.008810160740333584,0.030327485835048483,84068.03014030856,2713.93530049148,130643.88858680449,0.6434899561677602,-1.224375977410464,False,0.0,,,,,,,,
Ar I,503.2024,503.34273641866025,82000.0,E,13.07571571,15.538932,7.0,5.0,4p2,10s[3/2]2,True,False,4p[5/2]3,10s[3/2]2,NIST-csv,100,not_detected,503.1847496637251,-0.017650336274918008,0.021239413773934034,0.0,0.0,298254.3808682635,0.0,3.1282520955257947e+35,False,1.0,503.134,,,,,,,
Ar I,504.8811,505.021882819203,460000.0,D,12.9070153,15.3620414,3.0,5.0,4p1,8s[3/2]2,True,False,4p[1/2]1,8s[3/2]2,NIST-csv,101,weak,504.86531568654704,-0.01578431345299459,0.021296073468665994,4886498.584362971,110771.87931180277,565084.5021472498,8.647376747716303,0.028237079383201122,False,0.0,,,,,,,,
Ar I,505.4176,505.55852550295856,450000.0,D,12.9070153,15.3594356,3.0,3.0,4p1,7s'[1/2]1,True,False,4p[1/2]1,7s'[1/2]1,NIST-csv,102,weak,505.40180598582424,-0.015794014175776576,0.021314181484525706,512644.3811300017,11631.000412876501,110696.96771557734,4.631060739144909,-0.0929640050230075,False,0.0,,,,,,,,
Ar I,505.6529,505.79388808434175,570000.0,D,12.9070153,15.3582946,3.0,1.0,4p1,7s'[1/2]0,True,False,4p[1/2]1,7s'[1/2]0,NIST-csv,103,ok,505.6618506244337,0.00895062443372067,0.03997898129978972,2673807.151928179,113787.3581875992,113406.95126326906,23.57710106959015,-0.035143907765372726,False,1.0,505.672,0.01599159251991589,505.67279217576476,-0.09907403077853709,5851472.665378867,99606.8270099826,,
Ar I,506.0079,506.14898250469895,370000.0,E,13.07571571,15.525275,7.0,9.0,4p2,8d[7/2]4,True,False,4p[5/2]3,8d[7/2]4,NIST-csv,104,not_detected,505.9901904814808,-0.01770951851920321,0.04800173707077831,247977.9908439485,12670.749379146928,193405.77763459497,1.2821643379881742,0.4844990544201155,False,1.0,505.964,,,,,,,
Ar I,507.0977,507.2390723847706,260000.0,E,13.09487256,15.539168,5.0,3.0,4p3,10s[3/2]1,True,False,4p[5/2]2,10s[3/2]1,NIST-csv,105,not_detected,507.09904864244953,0.0013486424495679251,0.021370888432234746,116755.15996039973,2656.017122138449,151657.1940758409,0.7698623245133539,-0.850381275538718,False,0.0,,,,,,,,
Ar I,507.3076,507.4490282208231,59000.0,D,12.9070153,15.3502992,3.0,5.0,4p1,6d[3/2]2,True,False,4p[1/2]1,6d[3/2]2,NIST-csv,106,not_detected,507.28986306420654,-0.01773693579344933,0.02137797300358415,66193.58907383218,1506.3110569653534,184967.70824080025,0.3578656496498191,-0.4583394672118889,False,0.0,,,,,,,,
Ar I,507.8033,507.94486008832877,47000.0,E,13.07571571,15.5166146,7.0,7.0,4p2,6d'[5/2]3,True,False,4p[5/2]3,6d'[5/2]3,NIST-csv,107,not_detected,507.8122959872917,0.008995987291717784,0.021394703932683234,286977.5230322292,6535.613691110815,133492.49066851984,2.149765290879423,-0.4971316072480498,False,0.0,,,,,,,,
Ar I,508.7084,508.8502008837815,160000.0,E,13.09487256,15.531429,5.0,7.0,4p3,8d[7/2]3,True,False,4p[5/2]2,8d[7/2]3,NIST-csv,108,not_detected,508.7174150804478,0.009015080447769304,0.021425252982365667,56513.92482482617,1288.8834239943021,138610.86570558354,0.4077164119648787,-1.5653044822635742,False,0.0,,,,,,,,
Ar I,510.4729,510.61517038370135,87000.0,E,13.15314387,15.581278,3.0,5.0,4p4,9d[5/2]2,True,False,4p[3/2]1,9d[5/2]2,NIST-csv,109,not_detected,510.4550962919528,-0.01780370804717806,0.02148480860955012,53028.731492437815,1212.7602052361183,137956.85546301003,0.3843863453864839,0.24925776107887682,False,0.0,,,,,,,,
Ar I,511.8202,511.96282893388303,270000.0,D+,13.09487256,15.5166146,5.0,7.0,4p3,6d'[5/2]3,True,False,4p[5/2]2,6d'[5/2]3,NIST-csv,110,not_detected,511.8023678705528,-0.017832129447187137,0.02153028284956464,348970.0855992991,7997.792741831166,170580.6122027105,2.0457781285519037,-0.3471687185221313,False,0.0,,,,,,,,
Ar I,512.7801,512.9229844182661,33000.0,D,13.09487256,15.5120816,5.0,5.0,4p3,6d'[5/2]2,True,False,4p[5/2]2,6d'[5/2]2,NIST-csv,111,not_detected,512.7892009732811,0.009100973281152325,0.0215626815157785,407093.2312986433,9343.914588818687,179751.90246550937,2.2647506130109303,-0.11320931031860591,False,0.0,,,,,,,,
Ar I,515.1391,515.2826123918364,2390000.0,C,12.9070153,15.3131553,3.0,1.0,4p1,6d[1/2]0,True,False,4p[1/2]1,6d[1/2]0,NIST-csv,112,not_detected,515.1463192127165,0.0072192127165875,0.021643842047887246,267316.88503735815,6158.755424832984,281291.4451976241,0.9503199958660385,0.30610230748863787,False,0.0,,,,,,,,
Ar I,515.23031,515.3738466753132,110000.0,D,12.9070153,15.31272913,3.0,5.0,4p1,5d'[5/2]2,True,False,4p[1/2]1,5d'[5/2]2,NIST-csv,112,not_detected,515.2375292127166,0.0072192127165875,0.021643842047887246,315737.6866182983,7274.329827735744,281291.4451976241,1.1224574796310411,0.20049838080564383,False,0.0,,,,,,,,
Ar I,516.2285,516.3723024452706,1900000.0,C,12.9070153,15.3080777,3.0,3.0,4p1,6d[1/2]1,True,False,4p[1/2]1,6d[1/2]1,NIST-csv,113,ok,516.2105748771158,-0.01792512288417964,0.03116366650133193,13318406.765816405,441807.4481284041,731904.3697037663,18.19692205309137,0.01731701749451818,False,1.0,516.204,0.018511723478868845,516.2010556136704,0.3181104485450409,21838178.68752931,430323.91231614817,,
Ar I,517.7536,517.8978085582379,240000.0,D,13.07571571,15.469706,7.0,5.0,4p2,9s[3/2]2,True,False,4p[5/2]3,9s[3/2]2,NIST-csv,114,not_detected,517.7356427050107,-0.017957294989244463,0.02173054771685637,0.0,0.0,103105.45917843613,0.0,1.2602911326133044e+35,False,0.0,,,,,,,,
Ar I,518.7746,518.9190804713825,1380000.0,C,12.9070153,15.29629325,3.0,5.0,4p1,5d'[3/2]2,True,False,4p[1/2]1,5d'[3/2]2,NIST-csv,115,ok,518.7702242973337,-0.004375702666209236,0.02176500863799852,20243971.092624478,469015.0323907171,254308.4034052811,79.60401945649619,-0.0037490018115527188,False,0.0,,0.016631540982710826,518.7707475188902,-0.08989171730636497,21330197.64494896,377623.9929421722,,
Ar I,519.2733,519.4179132955132,12000.0,D,13.07571571,15.4626994,7.0,7.0,4p2,7d[5/2]3,True,False,4p[5/2]3,7d[5/2]3,NIST-csv,116,not_detected,519.2708691045501,-0.002430895449827356,0.02178184082347706,121875.53911198207,2825.812487329849,114223.47016985333,1.066992089548233,0.008585628367213754,False,0.0,,,,,,,,
Ar I,519.4052,519.5498484269668,780000.0,D,13.15314387,15.539521,3.0,1.0,4p4,8s'[1/2]0,True,False,4p[3/2]1,8s'[1/2]0,NIST-csv,117,not_detected,519.4066599114576,0.0014599114576194835,0.02178629272896056,175630.05333016266,4072.9996995118163,163248.2692840955,1.0758463418960942,-0.14494594160816177,False,0.0,,,,,,,,
N I,519.9837,520.1285025154162,1870000.0,D+,11.6026335,13.9863558,2.0,2.0,other13,other132,True,True,(3P).3p 2S* 0.5,(3P).5d 2P 0.5,NIST-json,118,not_detected,519.965695660875,-0.018004339125042162,0.021805818334132684,22013.366028880904,510.9648844390946,202819.11075004557,0.10853694184671875,0.5598449523684766,False,0.0,,,,,,,,
N I,520.1606,520.3054496360255,1870000.0,D+,11.6026335,13.9855454,2.0,4.0,other13,other131,True,True,(3P).3p 2S* 0.5,(3P).5d 2P 1.5,NIST-json,119,not_detected,520.1698566655122,0.009256665512108294,0.04907652544194311,119845.78259774913,6260.78476139378,151064.59316488606,0.7933413123943491,-0.24570013933303442,False,0.0,,,,,,,,
Ar I,521.0486,521.1936861838656,110000.0,D,13.07571571,15.4545665,7.0,7.0,4p2,7d[7/2]3,True,False,4p[5/2]3,7d[7/2]3,NIST-csv,120,not_detected,521.0520249262529,0.0034249262529434665,0.02184176097362757,526188.0550294835,12233.78503889068,206333.3525175526,2.55018419760674,0.2962981306076571,False,0.0,,,,,,,,
Ar I,521.4774,521.62260041621,210000.0,D,13.09487256,15.471767,5.0,3.0,4p3,7d[3/2]1,True,False,4p[5/2]2,7d[3/2]1,NIST-csv,121,not_detected,521.4613156006094,-0.01608439939056535,0.021856233885464746,37425.279498638745,870.7081148444113,135811.15608166682,0.2755685216031439,1.7612616892828887,False,0.0,,,,,,,,
Ar I,521.63,521.7752410700243,130000.0,D,13.09487256,15.471072,5.0,3.0,4p3,9s[3/2]1,True,False,4p[5/2]2,9s[3/2]1,NIST-csv,122,not_detected,521.633431934641,0.0034319346409216562,0.0218613844599665,191478.29857392315,4455.838400046178,122217.42673560204,1.5667020955052178,0.31151615903589636,False,0.0,,,,,,,,
Ar I,522.1271,522.2724735055224,880000.0,D,13.07571571,15.4496531,7.0,9.0,4p2,7d[7/2]4,True,False,4p[5/2]3,7d[7/2]4,NIST-csv,123,ok,522.1246777047126,-0.002422295287455427,0.02734770330255333,6433488.565326968,187283.53714945752,77498.51117166693,83.01435044443821,0.0028755095854177274,False,0.0,,0.026091413401918208,522.1245053337124,0.3445322197321092,6485112.785256896,180113.94956820732,,
Ar I,524.1093,524.2552016597781,130000.0,D,13.09487256,15.4598316,5.0,5.0,4p3,7d[5/2]2,True,False,4p[5/2]2,7d[5/2]2,NIST-csv,124,not_detected,524.0990461546264,-0.010253845373485069,0.02194506610716311,110015.59576141229,2569.9422159880087,184118.0198738858,0.5975275849521356,-0.6391847084196971,False,0.0,,,,,,,,
Ar I,524.6198,524.7658376982235,120000.0,E,13.1717777,15.534435,5.0,7.0,4p5,8d[5/2]3,True,False,4p[3/2]2,8d[5/2]3,NIST-csv,125,not_detected,524.601697861979,-0.0181021380210431,0.02196229656773419,92295.77361546738,2157.703550892847,156090.18789347578,0.5912977289671463,0.9069937990776902,False,0.0,,,,,,,,
Ar I,524.9165,525.0626167661574,79000.0,E,13.1717777,15.5331,5.0,5.0,4p5,8d[3/2]2,True,False,4p[3/2]2,8d[3/2]2,NIST-csv,126,not_detected,524.8983916030691,-0.01810839693099834,0.02197231082366257,0.0,0.0,258481.40679459617,0.0,9.350746533812167e+34,False,0.0,,,,,,,,
Ar I,525.2787,525.4249132923273,540000.0,D,13.09487256,15.4545665,5.0,7.0,4p3,7d[7/2]3,True,False,4p[5/2]2,7d[7/2]3,NIST-csv,127,ok,525.2880646322361,0.009364632236213125,0.02748066980484472,3430372.7254986917,100346.17777512493,314914.0806444456,10.893043329401841,0.0014682177506531264,False,1.0,525.295,,,,,,,
Ar I,525.4471,525.593358172012,360000.0,E,13.15314387,15.5120816,3.0,5.0,4p4,6d'[5/2]2,True,False,4p[3/2]1,6d'[5/2]2,NIST-csv,128,not_detected,525.42898041002,-0.018119589979944242,0.04947799432944603,122551.5035141005,6454.504982311174,236259.59662623168,0.5187154522572893,0.3119616484325378,False,0.0,,,,,,,,
N I,528.12,528.2669706137277,245000.0,C,10.923908,13.2709052,6.0,6.0,other10,4p8,True,True,2s.2p4 4P 2.5,(3P).4p 4P* 2.5,NIST-json,129,weak,528.1018240249832,-0.018175975016746927,0.022080435760860308,441419.58485223376,10375.079856748494,118667.33745174376,3.719806935347628,-0.15291772390750008,False,0.0,,,,,,,,
Ar I,528.6069,528.7540004127601,96000.0,E,13.1717777,15.5166146,5.0,7.0,4p5,6d'[5/2]3,True,False,4p[3/2]2,6d'[5/2]3,NIST-csv,130,weak,528.6064701669179,-0.00042983308205811043,0.022096869671246314,719099.4019451977,16914.216761174925,96394.63075428832,7.4599528658208705,-0.15156839048042647,False,0.0,,,,,,,,
Ar I,529.0015,529.148705610587,90000.0,E,13.1717777,15.5148657,5.0,3.0,4p5,8d[1/2]1,True,False,4p[3/2]2,8d[1/2]1,NIST-csv,131,not_detected,529.0109431649964,0.009443164996514307,0.027637735325447086,336216.3648804018,9891.303140014446,228019.4397739826,1.474507459599349,-0.014673367436140465,False,0.0,,,,,,,,
Ar I,530.9513,531.0990254717273,120000.0,E,13.1717777,15.5062613,5.0,5.0,4p5,6d'[3/2]2,True,False,4p[3/2]2,6d'[3/2]2,NIST-csv,132,not_detected,530.9330633734667,-0.018236626533288225,0.02217747818732638,220760.21431162293,5211.529229819706,201350.71845693467,1.0963964569058124,-0.4641871358009263,False,0.0,,,,,,,,
N I,531.039,531.1867488567628,94000.0,D+,11.9955753,14.32967,4.0,6.0,other21,other228,True,True,(3P).3p 4S* 1.5,(3P).9s 4P 2.5,NIST-json,132,not_detected,531.0207633734667,-0.018236626533288225,0.02217747818732638,0.0,0.0,201350.71845693467,0.0,-6.343917334648407e+34,False,0.0,,,,,,,,
Ar I,531.7715,531.9194441838781,260000.0,E,13.30222747,15.633111,5.0,7.0,4p8,7d'[5/2]3,True,False,4p'[3/2]2,7d'[5/2]3,NIST-csv,133,not_detected,531.7631593541818,-0.00834064581812419,0.022203681650723745,194632.00955352042,4600.144445139309,122973.90463282831,1.5827098451061359,-0.49443904857068216,False,0.0,,,,,,,,
N I,532.8617,533.0099349190201,205000.0,D+,10.923908,13.250022,6.0,8.0,other10,4p5,True,True,2s.2p4 4P 2.5,(3P).4p 4D* 3.5,NIST-json,134,not_detected,532.8612958113015,-0.0004041886985273217,0.022240478219018728,33557.055225106335,794.4383012577837,126782.42245640492,0.2646822372923595,-3.246367885112405,False,0.0,,,,,,,,
N I,533.337,533.4853616813789,92800.0,D+,11.9955753,14.31962,4.0,4.0,other21,other227,True,True,(3P).3p 4S* 1.5,(3P).9s 4P 1.5,NIST-json,135,not_detected,533.3187139719558,-0.01828602804417017,0.050077171360659374,49193.37994575488,2622.2775838355774,96621.69014805743,0.5091339208657375,-3.15122905769726,False,0.0,,,,,,,,
N I,534.4049,534.5535465099919,61000.0,D+,10.923908,13.2433051,6.0,6.0,other10,4p4,True,True,2s.2p4 4P 2.5,(3P).4p 4D* 2.5,NIST-json,136,not_detected,534.392562667155,-0.01233733284499918,0.022292564500611844,191446.18121340201,4542.96038688503,132039.99288753554,1.449910568962734,0.17571796208506493,False,0.0,,,,,,,,
N I,534.649,534.7977116198373,92100.0,D+,11.9955753,14.31391,4.0,2.0,other21,other226,True,True,(3P).3p 4S* 1.5,(3P).9s 4P 0.5,NIST-json,137,ok,534.6306862952121,-0.01831370478788865,0.022300803394687065,9048509.46215245,214797.76788264074,221423.91149448225,40.86509628106688,-0.02374916199141292,False,1.0,534.629,0.013571398943843857,534.6276799384151,0.12085144476632649,10929934.509411614,157897.18485797447,,
N I,535.4388,535.5877222964368,10100.0,D,10.923908,13.2388265,6.0,4.0,other10,4p3,True,True,2s.2p4 4P 2.5,(3P).4p 4D* 1.5,NIST-json,138,weak,535.4244566808944,-0.014343319105577837,0.05023678685441775,159000.69470352746,8502.626189778031,50120.59187335524,3.172362670921576,-0.44511678869673693,False,0.0,,,,,,,,
N I,535.6623,535.8112819170617,141000.0,D+,10.9293522,13.2433051,4.0,6.0,other11,4p4,True,True,2s.2p4 4P 1.5,(3P).4p 4D* 2.5,NIST-json,139,not_detected,535.6559301005101,-0.006369899489821315,0.022335004424455275,232775.30762662308,5534.203978940413,245791.19893575346,0.9470449252638514,0.16093184369739438,False,0.0,,,,,,,,
N I,536.701,536.8502590152709,107000.0,D+,10.9293522,13.2388265,4.0,4.0,other11,4p3,True,True,2s.2p4 4P 1.5,(3P).4p 4D* 1.5,NIST-json,140,not_detected,536.68264300811,-0.01835699189010688,0.022370062758236234,82821.53197667364,1972.162389186809,193331.44424400767,0.4283914202396525,-0.39576809505825367,False,0.0,,,,,,,,
N I,537.2606,537.4100083126932,83400.0,D+,10.9317574,13.2388265,2.0,4.0,other12,4p3,True,True,2s.2p4 4P 0.5,(3P).4p 4D* 1.5,NIST-json,141,not_detected,537.2422305374023,-0.018369462597674135,0.05037753575327364,305379.1987465245,16376.028343748125,171873.93655391625,1.7767626952020623,-0.6741585641896384,False,0.0,,,,,,,,
N I,537.2665,537.4159098868122,33300.0,D,10.9293522,13.2363957,4.0,2.0,other11,4p2,True,True,2s.2p4 4P 1.5,(3P).4p 4D* 0.5,NIST-json,141,not_detected,537.2481305374023,-0.018369462597674135,0.05037753575327364,0.0,0.0,171873.93655391625,0.0,-2.0079308571709674e+35,True,0.0,,,,,,,,
Ar I,537.3494,537.498832004605,270000.0,D,13.15314387,15.4598316,3.0,5.0,4p4,7d[5/2]2,True,False,4p[3/2]1,7d[5/2]2,NIST-csv,141,not_detected,537.3310305374023,-0.018369462597674135,0.05037753575327364,97423.67245351372,5224.366387754599,171873.93655391625,0.5668321469029265,-1.328238820907306,False,0.0,,,,,,,,
N I,537.8273,537.976859511921,166000.0,D+,10.9317574,13.2363957,2.0,2.0,other12,4p2,True,True,2s.2p4 4P 0.5,(3P).4p 4D* 0.5,NIST-json,142,not_detected,537.8209235761036,-0.006376423896414358,0.022408077778297356,291843.8355454889,6961.251713442747,215355.3773464769,1.355173198558923,-0.04454607301075689,False,0.0,,,,,,,,
Ar I,539.3979,539.547878597778,96000.0,D,13.1717777,15.469706,5.0,5.0,4p5,9s[3/2]2,True,False,4p[3/2]2,9s[3/2]2,NIST-csv,143,not_detected,539.3794861167912,-0.018413883208806853,0.03228781524797451,123957.42151354611,4260.331599768529,174741.71114297825,0.7093751154360672,0.452784898155713,False,0.0,,,,,,,,
Ar I,541.0475,541.1979188255287,200000.0,D,13.1717777,15.4626994,5.0,7.0,4p5,7d[5/2]3,True,False,4p[3/2]2,7d[5/2]3,NIST-csv,144,ok,541.0491555740417,0.0016555740416498883,0.02251676637600741,3743214.6828937912,89718.69907762841,252473.43137509533,14.826172649163084,-0.008210791026489958,False,0.0,,,,,,,,
Ar I,542.1352,542.2859091339134,600000.0,D,13.07571571,15.3620414,7.0,5.0,4p2,8s[3/2]2,True,False,4p[5/2]3,8s[3/2]2,NIST-csv,145,not_detected,542.1449202214363,0.009720221436282123,0.042287772307474075,429496.45492925134,19333.32719993351,235884.8097278594,1.8207889495926506,-0.07374336615324723,False,0.0,,,,,,,,
Ar I,543.99888,544.1500866154693,190000.0,D+,12.9070153,15.185508,3.0,3.0,4p1,7s[3/2]1,True,False,4p[1/2]1,7s[3/2]1,NIST-csv,146,weak,543.9924849775367,-0.00639502246326955,0.022616381727075505,1086582.6352949487,26158.816788554323,128700.8816578673,8.442697682394062,-0.1057354715104625,False,0.0,,,,,,,,
Ar I,544.2246,544.3758668734384,93000.0,D,13.07571571,15.3532632,7.0,7.0,4p2,6d[5/2]3,True,False,4p[5/2]3,6d[5/2]3,NIST-csv,147,weak,544.2060842971731,-0.01851570282687543,0.03676400041773211,481992.961078319,18862.344324843998,149726.70711093026,3.219151548702782,-0.3253448705894982,False,0.0,,,,,,,,
Ar I,545.1652,545.3167179874531,470000.0,D+,12.9070153,15.18063359,3.0,5.0,4p1,7s[3/2]2,True,False,4p[1/2]1,7s[3/2]2,NIST-csv,148,ok,545.1588014627349,-0.006398537265069826,0.0226557475072386,9979275.767720891,240663.16849969502,201235.24989217767,49.59009802242803,-0.016610425934402366,False,0.0,,0.018766698988741077,545.1592147047961,-0.02288146639432256,10610154.868846225,211954.0997172019,,
Ar I,545.7416,545.8932718800921,360000.0,D,13.09487256,15.3660895,5.0,3.0,4p3,8s[3/2]1,True,False,4p[5/2]2,8s[3/2]1,NIST-csv,149,not_detected,545.7351997257058,-0.006400274294150763,0.0226752022329451,96024.08655127455,2317.7338510537247,285106.39884461527,0.33680088184765106,-0.35721490336195966,False,0.0,,,,,,,,
Ar I,545.96506,546.1167915435371,38000.0,D,13.07571571,15.34600299,7.0,7.0,4p2,6d[7/2]3,True,False,4p[5/2]3,6d[7/2]3,NIST-csv,150,not_detected,545.9606842973337,-0.004375702666209236,0.02268274448312965,269903.40439317585,6516.8267172145515,108871.42428303388,2.479102355559397,-0.151987489066933,False,0.0,,,,,,,,
Ar I,546.716,546.8679320514734,76000.0,D,13.09487256,15.3620414,5.0,5.0,4p3,8s[3/2]2,True,False,4p[5/2]2,8s[3/2]2,NIST-csv,151,not_detected,546.6974317408932,-0.018568259106829865,0.022708090304993007,149038.80659090192,3602.568000813404,142811.69566703084,1.043603648110094,0.4472225059576246,False,0.0,,,,,,,,
N I,547.18,547.3320559500833,139000.0,D+,11.9955753,14.26082,4.0,6.0,other21,other207,True,True,(3P).3p 4S* 1.5,(3P).8s 4P 2.5,NIST-json,152,not_detected,547.1614219527764,-0.018578047223510787,0.022723751291682484,318882.79975854885,7713.355215090785,241956.91318235613,1.3179321705026705,-0.14307950993238214,False,0.0,,,,,,,,
Ar I,547.3451,547.4972000367181,200000.0,D,13.09487256,15.3594356,5.0,3.0,4p3,7s'[1/2]1,True,False,4p[5/2]2,7s'[1/2]1,NIST-csv,153,not_detected,547.338694893426,-0.006405106574045426,0.02272932376776532,197101.8579559505,4768.803672460174,93646.54109407877,2.104742531365242,-0.176357826855749,False,0.0,,,,,,,,
Ar I,549.012,549.1645451827748,85000.0,D,13.09487256,15.3525603,5.0,5.0,4p3,6d[5/2]2,True,False,4p[5/2]2,6d[5/2]2,NIST-csv,154,not_detected,548.9933833065916,-0.0186166934083372,0.05126756667166067,133479.8909711621,7284.349221442696,322177.97123894485,0.4143048342438226,-1.2528120234619562,False,0.0,,,,,,,,
Ar I,549.208,549.3605975286639,560000.0,E,13.28263902,15.539521,3.0,1.0,4p7,8s'[1/2]0,True,False,4p'[3/2]1,8s'[1/2]0,NIST-csv,155,not_detected,549.2178694227114,0.009869422711413257,0.02279220060419599,326308.8877127227,7916.758038359928,251623.13796618048,1.296815906320111,0.07283470732229042,False,0.0,,,,,,,,
Ar I,549.5874,549.7400988577538,1690000.0,C,13.07571571,15.33104,7.0,9.0,4p2,6d[7/2]4,True,False,4p[5/2]3,6d[7/2]4,NIST-csv,156,ok,549.5809880387307,-0.0064119612693047945,0.022806096354670256,22710985.096155696,551339.5371422141,718717.0246439468,31.599342046206214,0.04663509219588315,False,1.0,549.550,0.013493468133702724,549.5818180676383,-0.7882432574959106,30935862.909872353,444342.6823989346,,
N I,549.652,549.8047161112565,137000.0,D+,11.9955753,14.25063,4.0,4.0,other21,other206,True,True,(3P).3p 4S* 1.5,(3P).8s 4P 1.5,NIST-json,156,not_detected,549.6455880387307,-0.0064119612693047945,0.022806096354670256,0.0,0.0,718717.0246439468,0.0,5.682966068642785e+35,False,0.0,,,,,,,,
Ar I,550.6113,550.7642723338756,360000.0,D+,13.09487256,15.34600299,5.0,7.0,4p3,6d[7/2]3,True,False,4p[5/2]2,6d[7/2]3,NIST-csv,157,not_detected,550.5926495692318,-0.018650430768267813,0.022839564963293726,245600.0813443194,5971.020248012954,392287.6668275426,0.6260713810620256,0.7950716363344001,False,0.0,,,,,,,,
N I,551.019,551.1720812339172,136000.0,D+,11.9955753,14.24504,4.0,2.0,other21,other205,True,True,(3P).3p 4S* 1.5,(3P).8s 4P 0.5,NIST-json,158,weak,551.0289076258996,0.00990762589957954,0.022853325705262044,4186549.245413828,101844.55700863253,706215.1729650693,5.928149671206374,0.021739496915997553,False,0.0,,,,,,,,
N I,551.1696,551.3227214613393,129000.0,C,11.7500916,13.9989413,2.0,4.0,other14,other146,True,True,(3P).3p 4D* 0.5,(3P).5d 4D 1.5,NIST-json,159,not_detected,551.1693061560436,-0.00029384395629659076,0.022858408775510826,706312.1468091127,17186.00287740243,522541.4255698735,1.351686416132123,-0.008134572119100724,False,0.0,,,,,,,,
N I,551.309,551.4621586975209,257000.0,C,11.7500916,13.99837,2.0,2.0,other14,other145,True,True,(3P).3p 4D* 0.5,(3P).5d 4D 0.5,NIST-json,160,not_detected,551.2903348511951,-0.018665148804923593,0.02286311382194297,452095.74244133435,11002.66792920901,404827.73524109065,1.1167607925185605,0.18808375905550728,False,0.0,,,,,,,,
N I,551.8102,551.9634925803098,120000.0,C,11.7528949,13.999134,4.0,6.0,other15,other147,True,True,(3P).3p 4D* 1.5,(3P).5d 4D 2.5,NIST-json,161,gap,,,,,,,,,,,,,,,,,,
N I,551.8576,552.0109052422924,205000.0,C,11.7528949,13.9989413,4.0,4.0,other15,other146,True,True,(3P).3p 4D* 1.5,(3P).5d 4D 1.5,NIST-json,161,edge,,,,,,,,,,,,,,,,,,
N I,551.997,552.1503424805572,256000.0,C,11.7528949,13.99837,4.0,2.0,other15,other145,True,True,(3P).3p 4D* 1.5,(3P).5d 4D 0.5,NIST-json,162,edge,,,,,,,,,,,,,,,,,,
Ar I,552.49567,552.6491456949459,170000.0,D+,13.07571571,15.31916801,7.0,7.0,4p2,5d'[5/2]3,True,False,4p[5/2]3,5d'[5/2]3,NIST-csv,163,ok,552.4769798182977,-0.01869018170238427,0.022903166457880052,10479998.376285098,255498.85312472153,429968.03961226845,24.37390087350592,-0.00832212768688542,False,0.0,,0.014477301991944845,552.4769585348938,0.07480193567985824,11510110.819146855,177377.8346545857,7.370539339815814,557.25
Ar I,552.8961,553.0496826694523,120000.0,E,13.2730381,15.5148657,1.0,3.0,4p6,8d[1/2]1,True,False,4p[1/2]0,8d[1/2]1,NIST-csv,164,not_detected,552.9060482813908,0.009948281390685819,0.032945163330858625,0.0,0.0,218435.28053801658,0.0,-1.1564608250217473e+35,False,0.0,,,,,,,,
N I,552.938,553.0915938631985,72600.0,C,11.7575319,13.9991896,6.0,8.0,other16,other148,True,True,(3P).3p 4D* 2.5,(3P).5d 4D 3.5,NIST-json,164,not_detected,552.9479482813907,0.009948281390685819,0.032945163330858625,421530.67011433694,14782.675853683122,218435.28053801658,1.9297737484351734,-0.27278341110307264,False,0.0,,,,,,,,
N I,552.9517,553.1052975232144,292000.0,C,11.7575319,13.999134,6.0,6.0,other16,other147,True,True,(3P).3p 4D* 2.5,(3P).5d 4D 2.5,NIST-json,164,not_detected,552.9616482813907,0.009948281390685819,0.032945163330858625,0.0,0.0,218435.28053801658,0.0,-1.1477093528583844e+35,True,0.0,,,,,,,,
N I,552.9992,553.152810213082,178000.0,C,11.7575319,13.9989413,6.0,4.0,other16,other146,True,True,(3P).3p 4D* 2.5,(3P).5d 4D 1.5,NIST-json,164,not_detected,553.0091482813907,0.009948281390685819,0.032945163330858625,284244.0718240827,9968.16667211121,218435.28053801658,1.3012736364014819,-0.40114568372998904,False,0.0,,,,,,,,
Ar I,553.4479,553.6016300879749,270000.0,D+,13.30222747,15.54182,5.0,3.0,4p8,8s'[1/2]1,True,False,4p'[3/2]2,8s'[1/2]1,NIST-csv,165,not_detected,553.4291897309305,-0.01871026906951159,0.022935306245283768,0.0,0.0,1850088.9178727283,0.0,1.4855493483411553e+36,False,0.0,,,,,,,,
Ar I,554.08596,554.2398605598136,41000.0,D,13.07571571,15.31272913,7.0,5.0,4p2,5d'[5/2]2,True,False,4p[5/2]3,5d'[5/2]2,NIST-csv,166,not_detected,554.0815842973338,-0.004375702666209236,0.02295684212710939,471198.93340654427,11514.594715305908,184856.32656614244,2.5490008492511462,-0.2537381576866806,False,0.0,,,,,,,,
N I,554.5,554.6540111844172,433000.0,C,11.7638464,13.9991896,8.0,8.0,other17,other148,True,True,(3P).3p 4D* 3.5,(3P).5d 4D 3.5,NIST-json,167,not_detected,554.5099812034258,0.009981203425811004,0.05168486193127286,0.0,0.0,85846.44863402467,0.0,-1.840436072344702e+35,True,0.0,,,,,,,,
N I,554.5138,554.6678148716109,95900.0,C,11.7638464,13.999134,8.0,6.0,other17,other147,True,True,(3P).3p 4D* 3.5,(3P).5d 4D 2.5,NIST-json,167,not_detected,554.5237812034258,0.009981203425811004,0.05168486193127286,162473.5586701731,8938.780307903035,85846.44863402467,1.8926066395922847,-1.2422831866771393,False,0.0,,,,,,,,
Ar I,555.2741,555.4283180208736,79000.0,E,13.28263902,15.5148657,3.0,3.0,4p7,8d[1/2]1,True,False,4p'[3/2]1,8d[1/2]1,NIST-csv,168,not_detected,555.2553512070971,-0.018748792902879487,0.022996944378672404,0.0,0.0,876107.8807499411,0.0,7.10750717629865e+35,False,1.0,555.216,,,,,,,
N I,555.7383,555.8926420593855,994000.0,C,11.7500916,13.980454,2.0,4.0,other14,other127,True,True,(3P).3p 4D* 0.5,(3P).5d 4F 1.5,NIST-json,169,not_detected,555.7195414147614,-0.018758585238576223,0.023012612115787184,0.0,0.0,2059460.1575328237,0.0,3.8216684960833875e+35,False,0.0,,,,,,,,
Ar I,555.8702,556.0245773051125,1420000.0,C,12.9070153,15.13684847,3.0,5.0,4p1,5d[3/2]2,True,False,4p[1/2]1,5d[3/2]2,NIST-csv,170,ok,555.8514367977517,-0.018763202248211777,0.02301999933120407,13823060.18933909,338720.6826135689,248330.04118585406,55.66406755835754,-0.003965039494751426,False,0.0,,0.021079424946799468,555.8520852229608,-0.10296513909038532,13916508.499657078,312263.5252947059,,
Ar I,555.9676,556.1220033321405,220000.0,D+,13.28263902,15.5120816,3.0,5.0,4p7,6d'[5/2]2,True,False,4p'[3/2]1,6d'[5/2]2,NIST-csv,170,not_detected,555.9488367977517,-0.018763202248211777,0.02301999933120407,0.0,0.0,248330.04118585406,0.0,-2.329776793763164e+34,False,0.0,,,,,,,,
N I,556.0337,556.188120995361,1420000.0,C,11.7638464,13.9930238,8.0,10.0,other17,other130,True,True,(3P).3p 4D* 3.5,(3P).5d 4F 4.5,NIST-json,170,not_detected,556.0149367977517,-0.018763202248211777,0.02301999933120407,0.0,0.0,248330.04118585406,0.0,-1.912849147493536e+33,False,0.0,,,,,,,,
N I,556.4265,556.5810259611544,1060000.0,C,11.7528949,13.9804985,4.0,6.0,other15,other128,True,True,(3P).3p 4D* 1.5,(3P).5d 4F 2.5,NIST-json,171,not_detected,556.4221242973338,-0.004375702666209236,0.023035966337173697,90231.19230114523,2212.5614509244615,173517.31179775964,0.520012622177508,-0.9521793291139665,True,0.0,,,,,,,,
N I,556.4265,556.5810259611544,1210000.0,C,11.7575319,13.9851355,6.0,8.0,other16,other129,True,True,(3P).3p 4D* 2.5,(3P).5d 4F 3.5,NIST-json,171,not_detected,556.4221242973338,-0.004375702666209236,0.023035966337173697,90231.19230114491,2212.5614509244533,173517.31179775964,0.5200126221775061,-0.9521793291139699,True,0.0,,,,,,,,
N I,556.4377,556.5922289541166,396000.0,C,11.7528949,13.980454,4.0,4.0,other15,other127,True,True,(3P).3p 4D* 1.5,(3P).5d 4F 1.5,NIST-json,171,not_detected,556.4333242973337,-0.004375702666209236,0.023035966337173697,0.0,0.0,173517.31179775964,0.0,-7.908591371369202e+34,True,0.0,,,,,,,,
Ar I,557.2541,557.4088471268145,660000.0,C,13.09487256,15.31916801,5.0,7.0,4p3,5d'[5/2]3,True,False,4p[5/2]2,5d'[5/2]3,NIST-csv,172,ok,557.2517835628328,-0.0023164371671811493,0.023063773589114583,4826896.10568579,118503.32262076251,411750.67415116465,11.722861451621347,-0.029114859626695893,False,0.0,,,,,,,-0.8805333850779078,552.50
Ar I,557.4228,557.5775922115278,46000.0,D,13.28263902,15.5062613,3.0,5.0,4p7,6d'[3/2]2,True,False,4p'[3/2]1,6d'[3/2]2,NIST-csv,173,not_detected,557.4307829406764,0.007982940676390457,0.023069467572852765,220045.18770059998,5403.580885408157,93265.57198804652,2.3593399258710632,0.005263911714991653,False,0.0,,,,,,,,
N I,557.5872,557.7420361476493,342000.0,C,11.7575319,13.9804985,6.0,6.0,other16,other128,True,True,(3P).3p 4D* 2.5,(3P).5d 4F 2.5,NIST-json,174,not_detected,557.5890051559323,0.001805155932278808,0.023075205434355373,0.0,0.0,170528.35634451982,0.0,-7.434645687277715e+34,True,1.0,557.602,,,,,,,
N I,557.5984,557.753239140885,28100.0,D+,11.7575319,13.980454,6.0,4.0,other16,other127,True,True,(3P).3p 4D* 2.5,(3P).5d 4F 1.5,NIST-json,174,ok,557.6002051559323,0.001805155932278808,0.023075205434355373,4984150.87031444,122424.67683156197,170528.35634451982,29.227695482180803,-0.015864747260052353,False,1.0,557.602,0.015115907027112872,557.6007757045656,0.09583221609383151,5692315.077729102,91591.53829097227,,
N I,558.0083,558.1632486897729,200000.0,C,11.7638464,13.9851355,8.0,8.0,other17,other129,True,True,(3P).3p 4D* 3.5,(3P).5d 4F 3.5,NIST-json,175,not_detected,558.0162935273925,0.0079935273924927,0.023089229442910284,409554.70076812885,10065.922089601341,218278.3769767732,1.8762953364442012,0.37606347701747533,False,0.0,,,,,,,,
Ar I,558.18714,558.3421364872216,56000.0,D+,13.07571571,15.29629325,7.0,5.0,4p2,5d'[3/2]2,True,False,4p[5/2]3,5d'[3/2]2,NIST-csv,176,not_detected,558.1971988383796,0.01005883837954766,0.023095265673211032,204502.81874157197,5027.527687952372,237288.49244220945,0.8618320114759789,-0.05322605279454518,False,0.0,,,,,,,,
Ar I,558.87196,559.027139520948,150000.0,D+,13.09487256,15.31272913,5.0,5.0,4p3,5d'[5/2]2,True,False,4p[5/2]2,5d'[5/2]2,NIST-csv,177,ok,558.8593277331179,-0.012632266882091785,0.023118379804471137,8795023.993339865,216434.57171393905,320807.1786605315,27.41529672141936,-0.011122705300303858,False,0.0,,0.014347770628081895,558.857996716463,0.6277328588027037,12434126.838627975,189903.0450314378,,
N I,559.1756,559.3308606787684,13500.0,D+,11.7638464,13.9804985,8.0,6.0,other17,other128,True,True,(3P).3p 4D* 3.5,(3P).5d 4F 2.5,NIST-json,178,not_detected,559.1567689046462,-0.01883109535380757,0.023128628300157335,0.0,0.0,345160.6222975166,0.0,1.6807360711228658e+35,False,0.0,,,,,,,,
Ar I,559.7476,559.9030135698574,420000.0,E,13.30222747,15.5166146,5.0,7.0,4p8,6d'[5/2]3,True,False,4p'[3/2]2,6d'[5/2]3,NIST-csv,179,weak,559.728756838261,-0.018843161739026296,0.023147934516507297,565059.4855457934,13923.186002848774,111686.67091488796,5.059327858168529,-0.1167817633729019,False,0.0,,,,,,,,
Ar I,560.6733,560.8289610164917,2200000.0,C,12.9070153,15.11774638,3.0,3.0,4p1,5d[1/2]1,True,False,4p[1/2]1,5d[1/2]1,NIST-csv,180,ok,560.6627155887106,-0.010584411289422273,0.02317917885999534,27978661.902296025,690330.7152067967,340315.3163992677,82.21393676407634,-0.0075493366295541825,False,0.0,,0.02014798643594999,560.6622128847671,-0.021132113397902295,29103137.110660456,624171.1129036946,,
Ar I,561.8014,561.9573625899949,210000.0,D,13.15314387,15.3594356,3.0,3.0,4p4,7s'[1/2]1,True,False,4p[3/2]1,7s'[1/2]1,NIST-csv,181,ok,561.8073891431525,0.005989143152489038,0.023217254633884136,7176761.183451337,177366.48908951497,395310.2742770005,18.154755012571368,0.0004939903995865993,False,0.0,,0.013305489558892112,561.8093925308232,-0.28447368505960835,9094009.977492455,128800.78058161847,,
Ar I,562.0921,562.2481403066669,360000.0,D,13.15314387,15.3582946,3.0,1.0,4p4,7s'[1/2]0,True,False,4p[3/2]1,7s'[1/2]0,NIST-csv,182,not_detected,562.0732073808481,-0.018892619151867737,0.0232270663770536,132541.04499905385,3277.0039253054974,311064.06533022155,0.4260892201043859,1.241523902860395,False,0.0,,,,,,,,
Ar I,562.377,562.53311647442,140000.0,D,13.30222747,15.5062613,5.0,5.0,4p8,6d'[3/2]2,True,False,4p'[3/2]2,6d'[3/2]2,NIST-csv,183,not_detected,562.3871472238075,0.010147223807471668,0.05228253530525125,366287.0204335174,20384.98419413188,355773.0804554269,1.0295523763760641,0.11692019761024733,False,0.0,,,,,,,,
Ar I,563.5576,563.7140321243243,96000.0,D,13.15314387,15.3525603,3.0,5.0,4p4,6d[5/2]2,True,False,4p[3/2]1,6d[5/2]2,NIST-csv,184,not_detected,563.5386764660097,-0.01892353399022096,0.02909566264802345,561688.9028580816,17396.27668737862,456427.70633070415,1.2306196470271036,-0.048513201919424986,False,0.0,,,,,,,,
Ar I,563.734,563.8904792897531,91000.0,D,13.2730381,15.471767,1.0,3.0,4p6,7d[3/2]1,True,False,4p[1/2]0,7d[3/2]1,NIST-csv,185,not_detected,563.7150727448379,-0.018927255162166035,0.023282483993530882,871047.4839392126,21587.549868673945,832780.1533380586,1.0459512999292382,-0.028079536406149054,False,0.0,,,,,,,,
Ar I,563.912,564.0685268836232,210000.0,D,13.2730381,15.471072,1.0,3.0,4p6,9s[3/2]1,True,False,4p[1/2]0,9s[3/2]1,NIST-csv,186,weak,563.9117829565967,-0.00021704340334399112,0.05239910671210211,733823.7214183687,40930.57446016728,239465.51348459706,3.0644233933316243,-0.4520769819091909,False,0.0,,,,,,,,
Ar I,564.1376,564.2941872057611,87000.0,D,13.15314387,15.3502992,3.0,5.0,4p4,6d[3/2]2,True,False,4p[3/2]1,6d[3/2]2,NIST-csv,187,not_detected,564.1207442403596,-0.016855759640377423,0.023296106351780612,1665460.6820701926,41299.98889113776,888682.2127600849,1.8740790106483345,-0.10244066955067403,False,0.0,,,,,,,,
Ar I,564.8687,565.0254826982383,120000.0,D,13.1717777,15.3660895,5.0,3.0,4p5,8s[3/2]1,True,False,4p[3/2]2,8s[3/2]1,NIST-csv,188,gap,,,,,,,,,,,,,,,,,,
Ar I,565.0704,565.2272366336966,3200000.0,C,12.9070153,15.10054371,3.0,1.0,4p1,5d[1/2]0,True,False,4p[1/2]1,5d[1/2]0,NIST-csv,189,edge,,,,,,,,,,,,,,,,,,
Ar I,565.9127,566.0697618771827,260000.0,D,13.1717777,15.3620414,5.0,5.0,4p5,8s[3/2]2,True,False,4p[3/2]2,8s[3/2]2,NIST-csv,190,not_detected,565.8937267849891,-0.018973215010900372,0.05255104444088809,2071.894745906828,115.899416957034,271011.52158685704,0.007645043036455564,57.567598995126524,False,0.0,,,,,,,,
Ar I,568.1899,568.3475709047741,200000.0,D,13.1717777,15.3532632,5.0,7.0,4p5,6d[5/2]3,True,False,4p[3/2]2,6d[5/2]3,NIST-csv,191,not_detected,568.1980776259555,0.008177625955544129,0.02343288009393962,176875.6750683614,4411.903358943293,193679.71251648664,0.9132380091348244,-1.3476340608049828,False,0.0,,,,,,,,
Ar I,568.373,568.5307198785501,200000.0,D,13.1717777,15.3525603,5.0,5.0,4p5,6d[5/2]2,True,False,4p[3/2]2,6d[5/2]2,NIST-csv,192,not_detected,568.3832737099016,0.010273709901477763,0.0527378852436732,150690.43744698036,8459.420525016807,156975.15494730274,0.9599636165198742,-1.8217790697911422,False,0.0,,,,,,,,
Ar I,570.08724,570.2454184183588,590000.0,D,13.1717777,15.34600299,5.0,7.0,4p5,6d[7/2]3,True,False,4p[3/2]2,6d[7/2]3,NIST-csv,193,not_detected,570.0681787227377,-0.01906127726221328,0.02349691935360647,0.0,0.0,397479.3815939652,0.0,7.641547887126663e+34,False,0.0,,,,,,,,
Ar I,571.2504,571.4088895830891,87000.0,D,13.2730381,15.4428362,1.0,3.0,4p6,7d[1/2]1,True,False,4p[1/2]0,7d[1/2]1,NIST-csv,194,not_detected,571.2376181359786,-0.012781864021449277,0.02353725179467212,283852.8127367463,7111.826704661502,385985.038788641,0.7353984849453695,0.32560785069205966,False,0.0,,,,,,,,
N I,571.314,571.4725065979068,89400.0,D+,11.9955753,14.16513,4.0,2.0,other21,other181,True,True,(3P).3p 4S* 1.5,(3P).6d 4P 0.5,NIST-json,194,not_detected,571.3012181359785,-0.012781864021449277,0.02353725179467212,313957.8314869688,7866.096758313329,385985.038788641,0.813393784568129,0.1975144588217486,False,0.0,,,,,,,,
N I,572.935,573.0939402880277,88700.0,D+,11.9955753,14.159,4.0,4.0,other21,other180,True,True,(3P).3p 4S* 1.5,(3P).6d 4P 1.5,NIST-json,195,not_detected,572.9411569032754,0.006156903275455091,0.023593037309328095,263121.1609069229,6608.027493590092,248433.28575763892,1.0591220097761491,-0.2745826688159161,False,0.0,,,,,,,,
N I,573.211,573.3700141354144,88500.0,D+,11.9955753,14.15795,4.0,6.0,other21,other179,True,True,(3P).3p 4S* 1.5,(3P).6d 4P 2.5,NIST-json,196,not_detected,573.1918728267736,-0.01912717322635812,0.023602352896238216,0.0,0.0,249279.68516134587,0.0,-6.6331519825294e+34,False,0.0,,,,,,,,
N I,573.4405,573.5995755422298,447000.0,C,11.8374298,13.9989413,2.0,4.0,other18,other146,True,True,(3P).3p 4P* 0.5,(3P).5d 4D 1.5,NIST-json,197,not_detected,573.421367985453,-0.01913201454700095,0.023610099009266746,0.0,0.0,275703.85237406025,0.0,-1.4469737364140129e+35,False,0.0,,,,,,,,
N I,573.591,573.7501158117326,894000.0,C,11.8374298,13.99837,2.0,2.0,other18,other145,True,True,(3P).3p 4P* 0.5,(3P).5d 4D 0.5,NIST-json,198,not_detected,573.5718648106437,-0.019135189356398533,0.02361517870430288,0.0,0.0,320886.47390317364,0.0,-2.5397630885668284e+35,False,0.0,,,,,,,,
Ar I,573.952,574.1112124067843,870000.0,D,13.15314387,15.31272913,3.0,5.0,4p4,5d'[5/2]2,True,False,4p[3/2]1,5d'[5/2]2,NIST-csv,199,weak,573.9497340201524,-0.002265979847592561,0.02362889556850677,2544508.8781118016,63999.94541121929,280710.27216247754,9.06453781869093,0.004137577377321318,False,0.0,,,,,,,,
N I,573.9945,574.1537237789411,749000.0,C,11.8397086,13.999134,4.0,6.0,other19,other147,True,True,(3P).3p 4P* 1.5,(3P).5d 4D 2.5,NIST-json,199,not_detected,573.9922340201524,-0.002265979847592561,0.02362889556850677,0.0,0.0,280710.27216247754,0.0,4.599039021230121e+34,False,0.0,,,,,,,,
N I,574.0457,574.204937479091,571000.0,C,11.8397086,13.9989413,4.0,4.0,other19,other146,True,True,(3P).3p 4P* 1.5,(3P).5d 4D 1.5,NIST-json,199,not_detected,574.0434340201524,-0.002265979847592561,0.02362889556850677,104783.3891611562,2635.5306692004738,280710.27216247754,0.3732794968775017,0.846622901656565,False,0.0,,,,,,,,
N I,574.197,574.356277964395,178000.0,C,11.8397086,13.99837,4.0,2.0,other19,other145,True,True,(3P).3p 4P* 1.5,(3P).5d 4D 0.5,NIST-json,200,not_detected,574.1778520270257,-0.019147972974305087,0.023635632492953362,161473.93393197696,4062.5794250898894,336581.9816053516,0.4797462215945595,0.7439589689711633,False,0.0,,,,,,,,
N I,574.6958,574.8552114378604,221000.0,D+,11.9955753,14.1523654,4.0,6.0,other21,other166,True,True,(3P).3p 4S* 1.5,(3P).7s 4P 2.5,NIST-json,201,not_detected,574.6766415048003,-0.01915849519973708,0.023652468053644553,0.0,0.0,326258.23543000786,0.0,2.5613390242362534e+35,False,0.0,,,,,,,,
N I,575.25,575.4095597412895,1060000.0,C,11.844477,13.9991896,6.0,8.0,other20,other148,True,True,(3P).3p 4P* 2.5,(3P).5d 4D 3.5,NIST-json,202,weak,575.2435107183347,-0.006489281665276932,0.023672084789558186,1249377.706485281,31482.011277049707,342039.47169790574,3.6527296112442533,-0.016356293660802785,False,0.0,,,,,,,,
N I,575.2648,575.424363701836,319000.0,C,11.844477,13.999134,6.0,6.0,other20,other147,True,True,(3P).3p 4P* 2.5,(3P).5d 4D 2.5,NIST-json,202,not_detected,575.2583107183348,-0.006489281665276932,0.023672084789558186,0.0,0.0,342039.47169790574,0.0,-2.010127392587948e+34,False,0.0,,,,,,,,
N I,575.3162,575.4757774567389,53100.0,C,11.844477,13.9989413,6.0,4.0,other20,other146,True,True,(3P).3p 4P* 2.5,(3P).5d 4D 1.5,NIST-json,202,not_detected,575.3097107183347,-0.006489281665276932,0.023672084789558186,0.0,0.0,342039.47169790574,0.0,-1.8941597077152685e+34,False,0.0,,,,,,,,
N I,577.1967,577.3567807223149,218000.0,D+,11.9955753,14.1430205,4.0,4.0,other21,other165,True,True,(3P).3p 4S* 1.5,(3P).7s 4P 1.5,NIST-json,203,not_detected,577.2071600019158,0.01046000191578128,0.023737127331184826,0.0,0.0,300413.34881153255,0.0,3.823923484807383e+35,False,0.0,,,,,,,,
Ar I,577.21143,577.3715146646672,200000.0,D,13.1717777,15.31916801,5.0,7.0,4p5,5d'[5/2]3,True,False,4p[3/2]2,5d'[5/2]3,NIST-csv,203,not_detected,577.2218900019158,0.01046000191578128,0.023737127331184826,730370.989001455,18454.568024943936,300413.34881153255,2.431220156796897,0.4878550082297417,False,0.0,,,,,,,,
Ar I,577.4008,577.5609353482098,110000.0,D,13.30222747,15.4489134,5.0,5.0,4p8,7d[3/2]2,True,False,4p'[3/2]2,7d[3/2]2,NIST-csv,204,ok,577.4112641520562,0.010464152056158917,0.023743767555789046,9750980.7284376,246450.74781093726,837338.1066387033,11.645213147626372,0.012212131483316542,False,0.0,,,,,,,,
Ar I,578.35365,578.5140403819117,81000.0,D,13.15314387,15.29629325,3.0,5.0,4p4,5d'[3/2]2,True,False,4p[3/2]1,5d'[3/2]2,NIST-csv,205,gap,,,,,,,,,,,,,,,,,,
N I,578.6835,578.8439786713684,216000.0,D+,11.9955753,14.1375033,4.0,2.0,other21,other164,True,True,(3P).3p 4S* 1.5,(3P).7s 4P 0.5,NIST-json,206,gap,,,,,,,,,,,,,,,,,,
Ar I,578.94741,579.107959312414,46000.0,D,13.1717777,15.31272913,5.0,5.0,4p5,5d'[5/2]2,True,False,4p[3/2]2,5d'[5/2]2,NIST-csv,207,edge,,,,,,,,,,,,,,,,,,
Ar I,579.0401,579.2006741231417,34000.0,D,13.30222747,15.4428362,5.0,3.0,4p8,7d[1/2]1,True,False,4p'[3/2]2,7d[1/2]1,NIST-csv,207,edge,,,,,,,,,,,,,,,,,,
Ar I,580.20798,580.3688667481301,420000.0,D,13.1717777,15.3080777,5.0,3.0,4p5,6d[1/2]1,True,False,4p[3/2]2,6d[1/2]1,NIST-csv,208,not_detected,580.2185033697402,0.010523369740176933,0.023838515850217873,109976.95075916979,2790.6996489004378,115682.56304465773,0.950678718249998,0.578807316907311,False,1.0,580.150,,,,,,,
Ar I,583.4263,583.5880483759478,520000.0,C,13.1717777,15.29629325,5.0,5.0,4p5,5d'[3/2]2,True,False,4p[3/2]2,5d'[3/2]2,NIST-csv,209,ok,583.4197861597451,-0.006513840254952998,0.023947140993930128,31020983.7585546,790754.0914969647,419180.63734698476,74.00385655904329,-0.024210900090896027,False,1.0,583.418,0.016868814771473367,583.4201970812701,-0.20120930759932532,34630021.22049207,621826.9454979098,,
Ar I,584.3779,584.539903179866,33000.0,D,13.32785705,15.4489134,3.0,5.0,4p9,7d[3/2]2,True,False,4p'[1/2]1,7d[3/2]2,NIST-csv,210,not_detected,584.3585372601353,-0.019362739864643083,0.023979259517494158,0.0,0.0,266870.07138663146,0.0,1.983414925079735e+34,False,0.0,,,,,,,,
Ar I,586.031,586.1934458585256,285000.0,C,12.9070153,15.02208834,3.0,3.0,4p1,6s'[1/2]1,True,False,4p[1/2]1,6s'[1/2]1,NIST-csv,211,ok,586.0416462068074,0.010646206807408312,0.024035055157788077,4349301.708394069,111274.81187866999,415131.0908096781,10.476935610655238,0.10009243677277427,False,0.0,,,,,,,,
Ar I,588.2624,588.4254434752356,1230000.0,C,12.9070153,15.0140655,3.0,1.0,4p1,6s'[1/2]0,True,False,4p[1/2]1,6s'[1/2]0,NIST-csv,212,ok,588.2429553163007,-0.01944468369922725,0.04520694309905404,11744360.221830359,565153.8812872913,772055.1172333505,15.211815788380655,0.009845073937314448,False,1.0,588.221,0.03623961186392284,588.231188325393,0.21035957125382992,14997514.325968843,578542.1873496864,,
Ar I,588.8584,589.0216031116131,1290000.0,C,13.07571571,15.18063359,7.0,5.0,4p2,7s[3/2]2,True,False,4p[5/2]3,7s[3/2]2,NIST-csv,213,ok,588.8561788050052,-0.002221194994761518,0.02413048592021445,12692242.106593179,326014.28152077587,312412.8766462646,40.6265011956092,-0.016556195746140017,False,1.0,588.858,0.01626214842128317,588.8565712124686,0.1142269160669413,14416333.770923305,249554.24357655807,,
Ar I,591.2085,591.3723326374068,1050000.0,C,12.9070153,15.00356588,3.0,3.0,4p1,4d'[3/2]1,True,False,4p[1/2]1,4d'[3/2]1,NIST-csv,214,ok,591.2127706569025,0.004270656902601148,0.024209806792669077,16551350.505329482,426537.25477705087,1305311.6061282486,12.679999494085008,0.05929318885657707,False,1.0,591.285,,,,,,,
Ar I,591.6598,591.8237535389395,59000.0,D,13.09487256,15.1898239,5.0,3.0,4p3,5d[3/2]1,True,False,4p[5/2]2,5d[3/2]1,NIST-csv,215,edge,,,,,,,,,,,,,,,,,,
Ar I,592.7125,592.8767355668145,37000.0,D+,13.07571571,15.1669463,7.0,7.0,4p2,5d[5/2]3,True,False,4p[5/2]3,5d[5/2]3,NIST-csv,216,gap,,,,,,,,,,,,,,,,,,
Ar I,592.8813,593.0455807916304,1100000.0,D+,13.09487256,15.185508,5.0,3.0,4p3,7s[3/2]1,True,False,4p[5/2]2,7s[3/2]1,NIST-csv,217,gap,,,,,,,,,,,,,,,,,,
Ar I,594.0855,594.2501034344143,120000.0,D,13.2730381,15.3594356,1.0,3.0,4p6,7s'[1/2]1,True,False,4p[1/2]0,7s'[1/2]1,NIST-csv,218,not_detected,594.065932477546,-0.019567522454064956,0.024306911660569155,0.0,0.0,3507212.0635163365,0.0,1.1448089704584166e+36,False,0.0,,,,,,,,
Ar I,594.2669,594.4315520392748,180000.0,D,13.09487256,15.18063359,5.0,5.0,4p3,7s[3/2]2,True,False,4p[5/2]2,7s[3/2]2,NIST-csv,219,not_detected,594.2733783305017,0.006478330501787951,0.024313034296313703,9412275.201158283,243593.6650170632,4042701.089142444,2.3282144768103192,0.2832330765803965,False,0.0,,,,,,,,
Ar I,594.3888,594.5534847018401,36000.0,D,13.07571571,15.1610486,7.0,5.0,4p2,5d[5/2]2,True,False,4p[5/2]3,5d[5/2]2,NIST-csv,220,not_detected,594.3865954713231,-0.002204528676875992,0.02431714868053234,864651.7479665948,22381.33996693149,1526978.3476833685,0.5662501693481036,1.5719882620402017,False,0.0,,,,,,,,
Ar I,594.9259,595.0907286184023,150000.0,D,13.28263902,15.3660895,3.0,3.0,4p7,8s[3/2]1,True,False,4p'[3/2]1,8s[3/2]1,NIST-csv,221,not_detected,594.9063147492415,-0.019585250758501697,0.024335276947667944,0.0,0.0,314887.39139579085,0.0,-8.32739740750036e+34,False,0.0,,,,,,,,
Ar I,596.448,596.6132364932607,77000.0,D,13.2730381,15.351173,1.0,3.0,4p6,5d'[3/2]1,True,False,4p[1/2]0,5d'[3/2]1,NIST-csv,222,not_detected,596.4588659542459,0.010865954245910891,0.04572497073636038,247855.05593158954,12063.780559164119,290821.121529373,0.852259473549125,-0.4663239916816579,False,0.0,,,,,,,,
Ar I,596.832,596.9973393993065,180000.0,D,13.28263902,15.3594356,3.0,3.0,4p7,7s'[1/2]1,True,False,4p'[3/2]1,7s'[1/2]1,NIST-csv,223,ok,596.8232672237845,-0.00873277621548831,0.02439961187596281,10225616.316704033,265585.6596040608,451619.05615370214,22.642127645791565,-0.02859047786479538,False,0.0,,0.019466296005986417,596.8234675299526,0.15744855075752454,10793161.419876311,223647.58116744607,,
Ar I,597.1601,597.3255273269712,1100000.0,D+,13.28263902,15.3582946,3.0,1.0,4p7,7s'[1/2]0,True,False,4p'[3/2]1,7s'[1/2]0,NIST-csv,224,ok,597.1709809760517,0.010880976051705047,0.024410685948662855,12411981.443718057,322517.5196822269,572962.4452651361,21.66281847316269,-0.03205427234113156,False,0.0,,0.013795563775811226,597.1701583217084,0.774405218719949,18922089.968970157,277869.4276427829,,
Ar I,598.1923,598.3580039584003,12000.0,D,13.09487256,15.1669463,5.0,7.0,4p3,5d[5/2]3,True,False,4p[5/2]2,5d[5/2]3,NIST-csv,225,not_detected,598.1726458442753,-0.019654155724722767,0.05500243101064871,427017.99744049663,25001.16663140781,191858.5366233404,2.225691934046307,-0.4758177239791165,False,0.0,,,,,,,,
Ar I,598.7302,598.8960481235627,120000.0,D,13.07571571,15.1459283,7.0,7.0,4p2,5d[7/2]3,True,False,4p[5/2]3,5d[7/2]3,NIST-csv,226,ok,598.7214555292753,-0.008744470724599147,0.024465101126983496,21297923.631765995,554646.7734037135,569802.877515328,37.37770459257302,-0.0023666497988269765,False,0.0,,0.01937758227578132,598.7227972744986,-0.18550038627179546,23287859.80930249,480353.96264692384,5.8653740011986715,604.32
Ar I,598.8144,598.9802706908423,61000.0,D,13.28263902,15.3525603,3.0,5.0,4p7,6d[5/2]2,True,False,4p'[3/2]1,6d[5/2]2,NIST-csv,226,not_detected,598.8056555292753,-0.008744470724599147,0.024465101126983496,528327.0939163411,13758.849125808476,569802.877515328,0.9272102945849529,0.15688474979761796,False,0.0,,,,,,,,
Ar I,599.4692,599.6352461942998,26000.0,D,13.28263902,15.3502992,3.0,5.0,4p7,6d[3/2]2,True,False,4p'[3/2]1,6d[3/2]2,NIST-csv,227,not_detected,599.4801296866988,0.010929686698747986,0.024488622983931556,237388.35656924554,6188.080989127905,269928.51810336584,0.8794489675905254,-1.174381441446239,False,0.0,,,,,,,,
Ar I,599.8999,600.0660616369703,140000.0,D,13.09487256,15.1610486,5.0,5.0,4p3,5d[5/2]2,True,False,4p[5/2]2,5d[5/2]2,NIST-csv,228,weak,599.9064635327727,0.006563532772690239,0.024503887383134828,1535773.2063424417,40058.46323912231,333275.10510198714,4.608124587861047,0.05758483227488519,False,0.0,,,,,,,,
N I,599.943,600.1091731894462,3640000.0,C+,11.6026335,13.6686606,2.0,2.0,other13,4d4,True,True,(3P).3p 2S* 0.5,(3P).4d 2P 0.5,NIST-json,228,not_detected,599.9495635327727,0.006563532772690239,0.024503887383134828,0.0,0.0,333275.10510198714,0.0,1.278666457533831e+35,False,0.0,,,,,,,,
Ar I,600.5725,600.7388419233978,140000.0,D+,13.30222747,15.3660895,5.0,3.0,4p8,8s[3/2]1,True,False,4p'[3/2]2,8s[3/2]1,NIST-csv,229,ok,600.5834529608994,0.010952960899467953,0.03525592620105753,8551633.636302205,320932.29768066655,666439.608116698,12.83182081639535,0.11252889675409376,False,1.0,600.594,,,,,,,
N I,600.847,601.0134155036183,3580000.0,C+,11.6026335,13.6655516,2.0,4.0,other13,4d3,True,True,(3P).3p 2S* 0.5,(3P).4d 2P 1.5,NIST-json,230,ok,600.8513868425708,0.004386842570863582,0.024535126663803895,6919876.159850781,180725.25109369901,230446.94208908227,30.028066752024042,0.12355160708493736,False,0.0,,0.02010465874636046,600.8501565600944,0.38234321249590214,8007953.943791526,171376.1897115142,,
Ar I,601.36772,601.5342750869364,140000.0,D+,13.07571571,15.13684847,7.0,5.0,4p2,5d[3/2]2,True,False,4p[5/2]3,5d[3/2]2,NIST-csv,231,ok,601.372113119502,0.004393119502043498,0.02762178982999611,15393856.772906523,452617.6319539362,430513.26471464627,35.75698598534452,0.026171302568240497,False,0.0,,0.027793496004053654,601.3725280452642,-0.03799775775895343,15662942.908722645,463392.2359860733,,
Ar I,602.515,602.6818626404377,900000.0,D+,13.30222747,15.3594356,5.0,3.0,4p8,7s'[1/2]1,True,False,4p'[3/2]2,7s'[1/2]1,NIST-csv,232,not_detected,602.5237982751253,0.008798275125281363,0.024591425210782458,788863.8348468402,20649.900143391358,514295.4594480584,1.5338728358470217,-0.25852865414041953,False,0.0,,,,,,,,
Ar I,603.2127,603.3797496846166,2460000.0,C,13.07571571,15.13054437,7.0,9.0,4p2,5d[7/2]4,True,False,4p[5/2]3,5d[7/2]4,NIST-csv,233,ok,603.2105220628757,-0.002177937124295692,0.024614974069431705,131526478.62395987,3446234.1810128526,644318.8101013706,204.13260727754763,0.0009874747708258594,False,0.0,,0.022122174517313464,603.2106191330237,0.07963656336241,137639665.32684767,3241183.5956518697,,
Ar I,604.3223,604.4896471699226,1470000.0,C,13.09487256,15.1459283,5.0,7.0,4p3,5d[7/2]3,True,False,4p[5/2]2,5d[7/2]3,NIST-csv,234,ok,604.3157231879205,-0.0065768120795110675,0.024652425428980513,37713471.83256845,989665.3806492126,349068.28630810295,108.04038439424683,-0.0005187567325342705,False,0.0,,0.02068737305384806,604.3161996083228,0.17405706104527366,41292362.38274184,909300.1994437246,-0.8543415115002615,598.73
Ar I,605.2723,605.4399018819377,190000.0,D+,12.9070153,14.95485204,3.0,5.0,4p1,4d'[5/2]2,True,False,4p[1/2]1,4d'[5/2]2,NIST-csv,235,weak,605.2613123803831,-0.010987619616872314,0.02468448994914216,1072131.962185265,28171.152289537156,285841.7366685847,3.7507887220414347,0.17765009651823307,False,0.0,,,,,,,,
Ar I,605.9372,606.104980162105,420000.0,C,12.9070153,14.95260474,3.0,5.0,4p1,4d'[3/2]2,True,False,4p[1/2]1,4d'[3/2]2,NIST-csv,236,not_detected,605.9284123452377,-0.008787654762288285,0.02470693173804267,399538.8693044871,10507.75798919164,783373.7205668142,0.5100233245192328,0.8734638944541672,False,0.0,,,,,,,,
Ar I,606.47502,606.6429443733524,58000.0,D,13.30222747,15.34600299,5.0,7.0,4p8,6d[7/2]3,True,False,4p'[3/2]2,6d[7/2]3,NIST-csv,237,edge,,,,,,,,,,,,,,,,,,
Ar I,608.1244,608.2927666672252,75000.0,D,13.32785705,15.3660895,3.0,3.0,4p9,8s[3/2]1,True,False,4p'[1/2]1,8s[3/2]1,NIST-csv,238,gap,,,,,,,,,,,,,,,,,,
Ar I,608.5879,608.7563909660057,9000.0,,13.15314387,15.1898239,3.0,3.0,4p4,5d[3/2]1,True,False,4p[3/2]1,5d[3/2]1,NIST-csv,239,gap,,,,,,,,,,,,,,,,,,
Ar I,609.07849,609.2471125332941,300000.0,D,13.2730381,15.3080777,1.0,3.0,4p6,6d[1/2]1,True,False,4p[1/2]0,6d[1/2]1,NIST-csv,240,not_detected,609.089622395431,0.011132395430948086,0.05582915314976636,99917.23974476608,5937.910924435341,418698.8080302238,0.2386375070300022,2.9389529797627736,False,0.0,,,,,,,,
Ar I,609.8803,610.0491375722012,520000.0,D+,13.15314387,15.185508,3.0,3.0,4p4,7s[3/2]1,True,False,4p[3/2]1,7s[3/2]1,NIST-csv,241,not_detected,609.8603992849913,-0.01990071500870262,0.05589004443297618,796477.9833380145,47384.95148954047,815855.0349949041,0.9762493937945598,0.7007182243672772,False,0.0,,,,,,,,
Ar I,610.1161,610.2850008137447,330000.0,D+,13.32785705,15.3594356,3.0,3.0,4p9,7s'[1/2]1,True,False,4p'[1/2]1,7s'[1/2]1,NIST-csv,242,not_detected,610.0961943107716,-0.019905689228343487,0.0248479784994148,0.0,0.0,447096.99782901135,0.0,1.504876091788091e+35,False,0.0,,,,,,,,
Ar I,610.459,610.6279927810418,340000.0,D,13.32785705,15.3582946,3.0,1.0,4p9,7s'[1/2]0,True,False,4p'[1/2]1,7s'[1/2]0,NIST-csv,243,not_detected,610.4390859750512,-0.019914024948831564,0.05593796021744038,0.0,0.0,303503.09249167854,0.0,3.9952758172028564e+34,False,0.0,,,,,,,,
Ar I,610.5635,610.732520808767,1210000.0,C,13.28263902,15.31272913,3.0,5.0,4p7,5d'[5/2]2,True,False,4p'[3/2]1,5d'[5/2]2,NIST-csv,243,weak,610.5435859750512,-0.019914024948831564,0.05593796021744038,1121089.0431422158,66754.25354878548,303503.09249167854,3.69383070840688,0.022713798685457115,False,0.0,,,,,,,,
Ar I,611.34657,611.515800839705,47000.0,D+,13.15314387,15.18063359,3.0,5.0,4p4,7s[3/2]2,True,False,4p[3/2]1,7s[3/2]2,NIST-csv,244,weak,611.3310829091738,-0.015487090826250292,0.02488950947849197,2772280.6653838526,73448.9757460133,407802.6240031687,6.798094230414543,-0.011531186107449775,False,0.0,,,,,,,,
Ar I,611.96565,612.1350468928046,51000.0,D+,13.28263902,15.3080777,3.0,3.0,4p7,6d[1/2]1,True,False,4p'[3/2]1,6d[1/2]1,NIST-csv,245,not_detected,611.9457052943682,-0.019944705631807287,0.024910404744956885,311948.59070209716,8271.723754420582,152254.26783512294,2.048865986731539,-0.2790755975558721,False,0.0,,,,,,,,
Ar I,612.1879,612.357356507382,13000.0,D,13.32785705,15.3525603,3.0,5.0,4p9,6d[5/2]2,True,False,4p'[1/2]1,6d[5/2]2,NIST-csv,246,not_detected,612.1679506059869,-0.01994939401312698,0.024917906155068392,526336.4108310168,13960.699227559478,286841.6474981377,1.83493720462763,-0.19136018900828702,False,0.0,,,,,,,,
Ar I,612.74159,612.9111950280952,110000.0,D+,13.09487256,15.11774638,5.0,3.0,4p3,5d[1/2]1,True,False,4p[5/2]2,5d[1/2]1,NIST-csv,247,not_detected,612.752799668815,0.01120966881502976,0.024936594369982395,585179.3195041274,15533.106525616276,267106.5969379726,2.1908081874893472,-0.06725139793093325,False,0.0,,,,,,,,
Ar I,612.8724,613.042040116998,86000.0,D,13.32785705,15.3502992,3.0,5.0,4p9,6d[3/2]2,True,False,4p'[1/2]1,6d[3/2]2,NIST-csv,248,not_detected,612.8524361664053,-0.019963833594739248,0.024941009485648022,159367.99106593817,4231.041993975439,270885.75203647045,0.5883217920021198,-0.42339331507911027,False,0.0,,,,,,,,
Ar I,614.5441,614.7141885622841,760000.0,C,13.30222747,15.31916801,5.0,7.0,4p8,5d'[5/2]3,True,False,4p'[3/2]2,5d'[5/2]3,NIST-csv,249,ok,614.5508838655996,0.0067838655996365575,0.024997432915494583,9037728.351671904,240484.39773658486,168038.94920575572,53.78353289156572,-0.016345936761634847,False,0.0,,0.022264820065561727,614.5515750808314,-0.32114167739808885,9355751.734597601,221732.87527743488,,
Ar I,615.52382,615.6941713987998,510000.0,D,13.1717777,15.185508,5.0,3.0,4p5,7s[3/2]1,True,False,4p[3/2]2,7s[3/2]1,NIST-csv,250,weak,615.5127396989725,-0.011080301027509789,0.025030500548855396,2791330.509590095,74372.60734324064,328982.51166978694,8.48473827809992,0.2365657064442443,False,0.0,,,,,,,,
Ar I,616.51229,616.6829065974239,98900.0,C,13.30222747,15.31272913,5.0,5.0,4p8,5d'[5/2]2,True,False,4p'[3/2]2,5d'[5/2]2,NIST-csv,251,weak,616.5191035221166,0.006813522116524227,0.02506386351332296,3363347.432872787,89732.95281840723,357048.94982755894,9.419849671864757,0.26625337430442214,False,0.0,,,,,,,,
Ar I,617.0174,617.1881521200806,500000.0,C,13.1717777,15.18063359,5.0,5.0,4p5,7s[3/2]2,True,False,4p[3/2]2,7s[3/2]2,NIST-csv,252,weak,617.021981765923,0.004581765923052291,0.03135114006241534,1455056.6563255673,48558.52121852735,289181.7191541149,5.031634297568158,0.12387110582910081,False,0.0,,,,,,,,
Ar I,617.3096,617.4804305200366,670000.0,C,13.15314387,15.1610486,3.0,5.0,4p4,5d[5/2]2,True,False,4p[3/2]1,5d[5/2]2,NIST-csv,253,ok,617.3029840496176,-0.006615950382395975,0.025090774421291474,27439790.306746922,732870.202582459,467712.2371211822,58.66810429344698,-0.009565832521677661,False,0.0,,0.019429909519332385,617.3039563294521,-0.4587082042447405,31718584.966031395,656019.5661218604,,
Ar I,617.94195,618.112950189744,66000.0,D,13.30222747,15.3080777,5.0,3.0,4p8,6d[1/2]1,True,False,4p'[3/2]2,6d[1/2]1,NIST-csv,254,not_detected,617.9286056839129,-0.013344316087093114,0.025112117578474865,667781.8769030677,17850.491341770394,252485.86792440756,2.644828728010222,0.0839529031693315,False,0.0,,,,,,,,
N I,618.7123,618.8835068951273,9020.0,D+,12.0001429,14.0034956,4.0,6.0,other22,other150,True,True,(3P).3p 2D* 1.5,(3P).5d 2D 2.5,NIST-json,255,weak,618.6922129732532,-0.020087026746905056,0.05656076669050496,5908477.542196247,355732.12532381713,1298948.8203171028,4.548660770756044,0.10483677007507221,False,1.0,618.666,,,,,,,
N I,619.4313,619.6026998298873,121000.0,C,12.0001429,14.0011704,4.0,4.0,other22,other149,True,True,(3P).3p 2D* 1.5,(3P).5d 2D 1.5,NIST-json,256,not_detected,619.4111978058912,-0.020102194108744677,0.05661536919312759,216285.8968034563,13034.511378709372,276503.60831225815,0.7822172669775889,0.9534173497396161,False,0.0,,,,,,,,
N I,620.198,620.3696055727725,280000.0,D+,11.9955753,13.99413,4.0,2.0,other21,other137,True,True,(3P).3p 4S* 1.5,(3P).5d 4P 0.5,NIST-json,257,not_detected,620.1891263930368,-0.008873606963250931,0.025188264063433486,420728.4137320192,11280.602360958372,343077.85915042844,1.2263350796634869,0.32807745111124825,False,0.0,,,,,,,,
Ar I,621.2503,621.4221879701082,390000.0,D+,13.1717777,15.1669463,5.0,7.0,4p5,5d[5/2]3,True,False,4p[3/2]2,5d[5/2]3,NIST-csv,258,ok,621.2571849140419,0.006884914041886589,0.025223781426134653,9821774.565932974,263713.5022050449,725417.1396982281,13.539485116134436,0.01179130244076538,False,0.0,,,,,,,,
N I,621.441,621.6129391484802,278000.0,D+,11.9955753,13.990131,4.0,4.0,other21,other136,True,True,(3P).3p 4S* 1.5,(3P).5d 4P 1.5,NIST-json,259,not_detected,621.4208554111109,-0.020144588889118936,0.02523021795665552,0.0,0.0,1003821.9828215453,0.0,9.72339187521015e+35,False,0.0,,,,,,,,
Ar I,621.5938,621.7657801559709,570000.0,D+,13.30222747,15.29629325,5.0,5.0,4p8,5d'[3/2]2,True,False,4p'[3/2]2,5d'[3/2]2,NIST-csv,260,weak,621.5736515897373,-0.020148410262689515,0.056781747347329006,6074244.431727935,367141.28816104395,1277639.9582606251,4.754269301343229,0.10797816002784176,False,0.0,,,,,,,,
N I,621.6505,621.8224953728426,125000.0,C,12.0096116,14.0034956,6.0,6.0,other23,other150,True,True,(3P).3p 2D* 2.5,(3P).5d 2D 2.5,NIST-json,260,not_detected,621.6303515897373,-0.020148410262689515,0.056781747347329006,749754.353311536,45316.8755674923,1277639.9582606251,0.5868275709944523,0.5203039376480881,False,0.0,,,,,,,,
N I,621.9654,622.1374798850355,277000.0,D+,11.9955753,13.9884501,4.0,6.0,other21,other135,True,True,(3P).3p 4S* 1.5,(3P).5d 4P 2.5,NIST-json,261,edge,,,,,,,,,,,,,,,,,,
N I,622.3763,622.5484901636794,13300.0,D+,12.0096116,14.0011704,6.0,4.0,other23,other149,True,True,(3P).3p 2D* 2.5,(3P).5d 2D 1.5,NIST-json,262,gap,,,,,,,,,,,,,,,,,,
Ar I,623.0921,623.2644822782175,12000.0,D,13.1717777,15.1610486,5.0,5.0,4p5,5d[5/2]2,True,False,4p[3/2]2,5d[5/2]2,NIST-csv,263,gap,,,,,,,,,,,,,,,,,,
N I,623.7672,623.9397634760367,281000.0,C,12.0096116,13.9967297,6.0,8.0,other23,other134,True,True,(3P).3p 2D* 2.5,(3P).5d 2F 3.5,NIST-json,264,gap,,,,,,,,,,,,,,,,,,
N I,623.8587,624.0312880352767,262000.0,C,12.0001429,13.9869696,4.0,6.0,other22,other133,True,True,(3P).3p 2D* 1.5,(3P).5d 2F 2.5,NIST-json,264,gap,,,,,,,,,,,,,,,,,,
Ar I,624.339,624.5117169531383,130000.0,D,13.32785705,15.3131553,3.0,1.0,4p9,6d[1/2]0,True,False,4p'[1/2]1,6d[1/2]0,NIST-csv,265,gap,,,,,,,,,,,,,,,,,,
Ar I,624.47304,624.6457929315584,20000.0,D,13.32785705,15.31272913,3.0,5.0,4p9,5d'[5/2]2,True,False,4p'[1/2]1,5d'[5/2]2,NIST-csv,266,gap,,,,,,,,,,,,,,,,,,
Ar I,624.84057,625.0134215836517,68000.0,D,13.15314387,15.13684847,3.0,5.0,4p4,5d[3/2]2,True,False,4p[3/2]1,5d[3/2]2,NIST-csv,267,edge,,,,,,,,,,,,,,,,,,
N I,626.8461,627.0194899404221,18500.0,C,12.0096116,13.9869696,6.0,6.0,other23,other133,True,True,(3P).3p 2D* 2.5,(3P).5d 2F 2.5,NIST-json,268,weak,626.8258413900991,-0.020258609900912185,0.04129555881022767,599531.1193799081,26354.045299526617,175900.35969759594,3.4083564150216,-0.2656484346534027,False,0.0,,,,,,,,
N I,627.5512,627.7247792283774,375000.0,D+,11.9955753,13.9707117,4.0,6.0,other21,6s3,True,True,(3P).3p 4S* 1.5,(3P).6s 4P 2.5,NIST-json,269,not_detected,627.5309265159589,-0.02027348404115296,0.05723201294979741,82824.25905080476,5045.785571884388,354489.66118933033,0.23364365204030288,1.986669724622803,False,0.0,,,,,,,,
Ar I,627.86454,628.0382033484779,20000.0,D,13.1717777,15.1459283,5.0,7.0,4p5,5d[7/2]3,True,False,4p[3/2]2,5d[7/2]3,NIST-csv,270,not_detected,627.8510760737298,-0.013463926270217474,0.02544702609122307,450029.7094101483,12190.188761762867,323703.6911857934,1.390252016470979,-0.10205666251316604,False,0.0,,,,,,,,
Ar I,629.6872,629.8613526921519,900000.0,D+,13.32785705,15.29629325,3.0,5.0,4p9,5d'[3/2]2,True,False,4p'[1/2]1,5d'[3/2]2,NIST-csv,271,not_detected,629.66688145687,-0.020318543130011704,0.02550854474208395,0.0,0.0,3524811.672557476,0.0,1.3411735242235948e+36,False,0.0,,,,,,,,
N I,630.3915,630.5658417935298,370000.0,D+,11.9955753,13.9618125,4.0,4.0,other21,6s2,True,True,(3P).3p 4S* 1.5,(3P).6s 4P 1.5,NIST-json,272,not_detected,630.3711665996058,-0.020333400394189235,0.025532316364768,215816.2877548587,5865.521691085201,230597.67704096093,0.9358996609342399,1.3646198317470726,False,0.0,,,,,,,,
Ar I,630.7657,630.9401422673631,600000.0,D+,13.1717777,15.13684847,5.0,5.0,4p5,5d[3/2]2,True,False,4p[3/2]2,5d[3/2]2,NIST-csv,273,ok,630.7499203034006,-0.01577969659946774,0.02554494641049905,9572597.318910569,260295.7015494771,555258.7956255806,17.239884166311374,-0.011504398031226742,False,0.0,,0.021548069230172065,630.7503045284828,-0.2603043876352403,9768274.622627366,224056.95686151562,,
Ar I,630.91603,631.0905126319727,76000.0,D,13.15314387,15.11774638,3.0,3.0,4p4,5d[1/2]1,True,False,4p[3/2]1,5d[1/2]1,NIST-csv,274,not_detected,630.9207793046079,0.0047493046079599335,0.025550020367673676,274525.00531233917,7466.2988537933925,258044.5855293169,1.06386655914216,-0.36216997204294016,False,0.0,,,,,,,,
N I,632.1511,632.3259142684103,367000.0,D+,11.9955753,13.9563396,4.0,2.0,other21,6s1,True,True,(3P).3p 4S* 1.5,(3P).6s 4P 0.5,NIST-json,275,not_detected,632.1627191139629,0.011619113962873687,0.025591706606532677,61748.35656592159,1682.1195629557867,155058.3074509684,0.3982266902110181,16.647792878894343,False,0.0,,,,,,,,
Ar I,636.48937,636.6653493309988,560000.0,D+,13.15314387,15.10054371,3.0,1.0,4p4,5d[1/2]0,True,False,4p[3/2]1,5d[1/2]0,NIST-csv,276,not_detected,636.4941864874925,0.004816487492470363,0.025738132444302876,522863.56931280275,14325.098761145053,514436.5257416372,1.016381114383386,0.1924865108787995,False,0.0,,,,,,,,
Ar I,636.9575,637.1336050648074,420000.0,D+,13.1717777,15.11774638,5.0,3.0,4p5,5d[1/2]1,True,False,4p[3/2]2,5d[1/2]1,NIST-csv,277,not_detected,636.9370280893168,-0.020471910683255948,0.028973174430684083,390205.28283706243,12034.316691223321,398944.2840188605,0.9780946825612749,0.8550347300562242,False,0.0,,,,,,,,
Ar I,638.4717,638.6482117800306,421000.0,C,12.9070153,14.84836899,3.0,3.0,4p1,6s2,True,True,4p[1/2]1,6s[3/2]1,NIST-csv,278,gap,,,,,,,,,,,,,,,,,,
N I,639.8402,640.0170793865467,395000.0,C,11.7500916,13.687293,2.0,4.0,other14,4d13,True,True,(3P).3p 4D* 0.5,(3P).4d 4D 1.5,NIST-json,279,gap,,,,,,,,,,,,,,,,,,
N I,640.2364,640.4133858184604,789000.0,C,11.7500916,13.6860943,2.0,2.0,other14,4d12,True,True,(3P).3p 4D* 0.5,(3P).4d 4D 0.5,NIST-json,280,gap,,,,,,,,,,,,,,,,,,
N I,640.5255,640.7025634812246,368000.0,C,11.7528949,13.6880236,4.0,6.0,other15,4d14,True,True,(3P).3p 4D* 1.5,(3P).4d 4D 2.5,NIST-json,281,gap,,,,,,,,,,,,,,,,,,
N I,640.7675,640.944628492069,630000.0,C,11.7528949,13.687293,4.0,4.0,other15,4d13,True,True,(3P).3p 4D* 1.5,(3P).4d 4D 1.5,NIST-json,282,gap,,,,,,,,,,,,,,,,,,
N I,641.165,641.3422352780924,786000.0,C,11.7528949,13.6860943,4.0,2.0,other15,4d12,True,True,(3P).3p 4D* 1.5,(3P).4d 4D 0.5,NIST-json,283,gap,,,,,,,,,,,,,,,,,,
Ar I,641.6307,641.8080603882967,1160000.0,C,12.9070153,14.838811,3.0,5.0,4p1,6s1,True,True,4p[1/2]1,6s[3/2]2,NIST-csv,284,gap,,,,,,,,,,,,,,,,,,
N I,641.9872,642.164656163876,223000.0,C,11.7575319,13.6882547,6.0,8.0,other16,4d15,True,True,(3P).3p 4D* 2.5,(3P).4d 4D 3.5,NIST-json,285,not_detected,641.9781948344803,-0.009005165519694627,0.025924991979518176,232399.48473808076,6413.3656546166785,327900.4599198586,0.7087501029882086,-0.2163283973016786,False,0.0,,,,,,,,
N I,642.064,642.2414767968145,897000.0,C,11.7575319,13.6880236,6.0,6.0,other16,4d14,True,True,(3P).3p 4D* 2.5,(3P).4d 4D 2.5,NIST-json,285,not_detected,642.0549948344802,-0.009005165519694627,0.025924991979518176,0.0,0.0,327900.4599198586,0.0,-3.39601710860708e+33,False,0.0,,,,,,,,
N I,642.302,642.4795407379235,547000.0,C,11.7575319,13.687293,6.0,4.0,other16,4d13,True,True,(3P).3p 4D* 2.5,(3P).4d 4D 1.5,NIST-json,286,weak,642.2814153466668,-0.020584653333258544,0.032417901334098616,1329962.199382936,45894.05204076539,389384.4792511936,3.415550106004538,0.149530320974132,False,0.0,,,,,,,,
Ar I,643.15549,643.333260042761,51000.0,D,13.09487256,15.02208834,5.0,3.0,4p3,6s'[1/2]1,True,False,4p[5/2]2,6s'[1/2]1,NIST-csv,287,not_detected,643.1348873422277,-0.0206026577722801,0.025963128169713384,0.0,0.0,3399309.700656188,0.0,3.594237086303072e+36,False,1.0,643.093,,,,,,,
N I,644.094,644.2720222006841,1330000.0,C,11.7638464,13.6882547,8.0,8.0,other17,4d15,True,True,(3P).3p 4D* 3.5,(3P).4d 4D 3.5,NIST-json,288,not_detected,644.087303216439,-0.006696783561067964,0.02599610602241775,576361.9997005096,15949.087811638186,231780.19257973597,2.4866749539101884,0.02378800078982682,False,0.0,,,,,,,,
N I,644.1711,644.3491429163447,294000.0,C,11.7638464,13.6880236,8.0,6.0,other17,4d14,True,True,(3P).3p 4D* 3.5,(3P).4d 4D 2.5,NIST-json,288,not_detected,644.1644032164389,-0.006696783561067964,0.02599610602241775,332016.41143084643,9187.557305247654,231780.19257973597,1.4324624021383003,-0.0215705002853006,False,1.0,644.212,,,,,,,
Ar I,646.6552,646.8339103994876,150000.0,D,13.2730381,15.1898239,1.0,3.0,4p6,5d[3/2]1,True,False,4p[1/2]0,5d[3/2]1,NIST-csv,289,not_detected,646.6345235155686,-0.02067648443139519,0.026081250824297526,0.0,0.0,1885495.0885811206,0.0,1.0715122501040223e+36,False,0.0,,,,,,,,
Ar I,648.1145,648.2936025536388,94000.0,D,13.2730381,15.185508,1.0,3.0,4p6,7s[3/2]1,True,False,4p[1/2]0,7s[3/2]1,NIST-csv,290,not_detected,648.0937891959845,-0.020710804015507685,0.02613616215887752,155937.52866384253,4338.350870485115,801979.7619708384,0.19444072788150074,-0.8213983472602845,False,0.0,,,,,,,,
N I,648.171,648.3501177372942,3430000.0,C,11.7500916,13.6623958,2.0,4.0,other14,4d1,True,True,(3P).3p 4D* 0.5,(3P).4d 4F 1.5,NIST-json,290,not_detected,648.1502891959846,-0.020710804015507685,0.02613616215887752,733110.6186498018,20395.931100315778,801979.7619708384,0.9141260832420597,0.15604440133348055,False,0.0,,,,,,,,
N I,648.27,648.4491443423814,4900000.0,C,11.7638464,13.6758579,8.0,10.0,other17,4d8,True,True,(3P).3p 4D* 3.5,(3P).4d 4F 4.5,NIST-json,290,not_detected,648.2492891959845,-0.020710804015507685,0.02613616215887752,0.0,0.0,801979.7619708384,0.0,5.392823908892027e+35,False,0.0,,,,,,,,
N I,648.375,648.5541725600347,3670000.0,C,11.7528949,13.6645956,4.0,6.0,other15,4d2,True,True,(3P).3p 4D* 1.5,(3P).4d 4F 2.5,NIST-json,290,weak,648.3542891959845,-0.020710804015507685,0.02613616215887752,3058611.3331405045,85093.87864040535,801979.7619708384,3.8138260816258875,0.3236493451325322,False,0.0,,,,,,,,
N I,648.48,648.6592007778283,4200000.0,C,11.7575319,13.6689216,6.0,8.0,other16,4d5,True,True,(3P).3p 4D* 2.5,(3P).4d 4F 3.5,NIST-json,290,not_detected,648.4592891959845,-0.020710804015507685,0.02613616215887752,0.0,0.0,801979.7619708384,0.0,1.4405527190825281e+36,False,0.0,,,,,,,,
N I,649.122,649.3013733125299,1370000.0,C,11.7528949,13.6623958,4.0,4.0,other15,4d1,True,True,(3P).3p 4D* 1.5,(3P).4d 4F 1.5,NIST-json,291,not_detected,649.1012714782275,-0.0207285217724049,0.026164510569913063,150862.73849394894,4201.717140067781,418882.1251578301,0.36015558896695715,11.396640771683082,False,0.0,,,,,,,,
Ar I,649.39688,649.5763271869317,31000.0,D,13.09487256,15.00356588,5.0,3.0,4p3,4d'[3/2]1,True,False,4p[5/2]2,4d'[3/2]1,NIST-csv,292,weak,649.4065259696665,0.009645969666527292,0.026173788354441525,8472093.335672785,236042.13172582534,1313724.7349909586,6.448910574657858,0.34215394261107873,False,1.0,649.358,,,,,,,
N I,649.954,650.1335969166811,1180000.0,C,11.7575319,13.6645956,6.0,6.0,other16,4d2,True,True,(3P).3p 4D* 2.5,(3P).4d 4F 2.5,NIST-json,293,weak,649.9402698000698,-0.013730199930191153,0.026192592339149376,2547166.538441217,71017.9341122817,418724.9763949533,6.0831492794417334,0.5500428113384427,False,0.0,,,,,,,,
N I,650.631,650.8107788702646,691000.0,C,11.7638464,13.6689216,8.0,8.0,other17,4d5,True,True,(3P).3p 4D* 3.5,(3P).4d 4F 3.5,NIST-json,294,not_detected,650.6102388926589,-0.02076110734101918,0.02621664747969591,0.0,0.0,1962959.013052952,0.0,1.6791064867813715e+36,False,0.0,,,,,,,,
N I,650.7024,650.8821980603884,97000.0,C,11.7575319,13.6623958,6.0,4.0,other16,4d1,True,True,(3P).3p 4D* 2.5,(3P).4d 4F 1.5,NIST-json,294,not_detected,650.681638892659,-0.02076110734101918,0.02621664747969591,0.0,0.0,1962959.013052952,0.0,5.048829391229612e+35,False,0.0,,,,,,,,
Ar I,651.38458,651.5645614126223,54000.0,D,13.28263902,15.185508,3.0,3.0,4p7,7s[3/2]1,True,False,4p'[3/2]1,7s[3/2]1,NIST-csv,295,weak,651.396604845744,0.012024845743951792,0.0590419742765797,2352520.528967346,147851.76158718608,488430.52261737816,4.816489592748568,-0.060148375604890496,False,1.0,651.420,,,,,,,
N I,652.111,652.2911766618346,46600.0,C,11.7638464,13.6645956,8.0,6.0,other17,4d2,True,True,(3P).3p 4D* 3.5,(3P).4d 4F 2.5,NIST-json,296,not_detected,652.0902084250363,-0.020791574963696463,0.026265395675979564,0.0,0.0,1111420.211099712,0.0,1.0050596967427462e+36,False,1.0,652.017,,,,,,,
Ar I,653.8112,653.9918336721202,110000.0,D+,13.07571571,14.97152236,7.0,7.0,4p2,4d'[5/2]3,True,False,4p[5/2]3,4d'[5/2]3,NIST-csv,297,not_detected,653.8021238007192,-0.009076199280750482,0.026322781041430977,222531.28012869172,6235.266892756175,415803.56112398196,0.5351836803108538,1.71315482043061,False,0.0,,,,,,,,
N I,659.5844,659.7665857620774,90800.0,C,12.1219574,14.0011704,2.0,4.0,other24,other149,True,True,(3P).3p 2P* 0.5,(3P).5d 2D 1.5,NIST-json,298,gap,,,,,,,,,,,,,,,,,,
Ar I,659.61134,659.7935330056839,23000.0,D,13.07571571,14.95485204,7.0,5.0,4p2,4d'[5/2]2,True,False,4p[5/2]3,4d'[5/2]2,NIST-csv,298,edge,,,,,,,,,,,,,,,,,,
Ar I,659.86776,660.0500219521325,36000.0,D,13.30222747,15.18063359,5.0,5.0,4p8,7s[3/2]2,True,False,4p'[3/2]2,7s[3/2]2,NIST-csv,299,not_detected,659.8468047955708,-0.02095520442909718,0.02652720282062071,0.0,0.0,843325.5233755851,0.0,2.5741757470358854e+35,False,0.0,,,,,,,,
N I,660.321,660.5033838216601,109000.0,C,12.1263787,14.0034956,4.0,6.0,other25,other150,True,True,(3P).3p 2P* 1.5,(3P).5d 2D 2.5,NIST-json,300,not_detected,660.3047729286075,-0.01622707139257428,0.02986544919043991,379174.56777245936,12054.257420772292,390302.39783793164,0.9714892090668298,0.4851735307421782,False,0.0,,,,,,,,
Ar I,660.40114,660.5835453703766,280000.0,D+,13.07571571,14.95260474,7.0,5.0,4p2,4d'[3/2]2,True,False,4p[5/2]3,4d'[3/2]2,NIST-csv,300,not_detected,660.3849129286075,-0.01622707139257428,0.02986544919043991,0.0,0.0,390302.39783793164,0.0,2.348615905482428e+35,False,0.0,,,,,,,,
Ar I,660.4853,660.6677280001074,13000.0,D,13.09487256,14.97152236,5.0,7.0,4p3,4d'[5/2]3,True,False,4p[5/2]2,4d'[5/2]3,NIST-csv,300,ok,660.4690729286075,-0.01622707139257428,0.02986544919043991,26741291.13071884,850126.6552427064,390302.39783793164,68.51428861019409,0.010781483152116071,False,0.0,,0.02895974415065092,660.4691861507364,0.159797631606409,26395732.735888503,813693.1374049548,,
N I,660.6176,660.8000635743451,88700.0,D+,11.7528949,13.629169,4.0,6.0,other15,5s3,True,True,(3P).3p 4D* 1.5,(3P).5s 4P 2.5,NIST-json,300,not_detected,660.6013729286075,-0.01622707139257428,0.02986544919043991,0.0,0.0,390302.39783793164,0.0,3.723332101256321e+35,False,0.0,,,,,,,,
N I,661.1399,661.3225040179973,18000.0,C,12.1263787,14.0011704,4.0,4.0,other25,other149,True,True,(3P).3p 2P* 1.5,(3P).5d 2D 1.5,NIST-json,301,not_detected,661.118917959677,-0.020982040322964576,0.026570140250808547,0.0,0.0,673482.8605352979,0.0,9.926440322925299e+35,False,1.0,661.059,,,,,,,
N I,662.254,662.4369036043628,793000.0,D+,11.7575319,13.629169,6.0,6.0,other16,5s3,True,True,(3P).3p 4D* 2.5,(3P).5s 4P 2.5,NIST-json,302,not_detected,662.2662541370181,0.012254137018119855,0.05986742286358473,1919549.6356544439,122326.94225678618,850056.9802940137,2.2581423129900293,0.3289250716466423,False,1.0,662.298,,,,,,,
N I,662.699,662.8820232709387,220000.0,D+,11.7500916,13.6204726,2.0,4.0,other14,5s2,True,True,(3P).3p 4D* 0.5,(3P).5s 4P 1.5,NIST-json,303,not_detected,662.7112635243283,0.012263524328298758,0.02662276319121279,24102.424948829914,683.0399072888271,486664.51267943805,0.04952574991780012,7.587444404978087,False,0.0,,,,,,,,
Ar I,663.20841,663.3915702611268,53000.0,D,13.15314387,15.02208834,3.0,3.0,4p4,6s'[1/2]1,True,False,4p[3/2]1,6s'[1/2]1,NIST-csv,304,not_detected,663.2064128649107,-0.001997135089247987,0.026639956861965998,14422.233341487712,408.97639766036565,465416.96319727984,0.030987768994088963,-9.47568315083988,False,0.0,,,,,,,,
N I,663.694,663.8772908485156,1400000.0,D+,11.7528949,13.6204726,4.0,4.0,other15,5s2,True,True,(3P).3p 4D* 1.5,(3P).5s 4P 1.5,NIST-json,305,not_detected,663.6729640807356,-0.021035919264375678,0.026656346557066307,0.0,0.0,3755577.7834176365,0.0,1.2363839354382773e+36,False,0.0,,,,,,,,
N I,664.496,664.6795065326196,3490000.0,D+,11.7638464,13.629169,8.0,6.0,other17,5s3,True,True,(3P).3p 4D* 3.5,(3P).5s 4P 2.5,NIST-json,306,not_detected,664.4820945059901,-0.013905494009962107,0.02668341576250804,413220.83114575554,11736.96582964376,229386.605112884,1.8014165689509396,0.7965767567953427,False,0.0,,,,,,,,
N I,664.65,664.833547949137,2180000.0,D+,11.7500916,13.6149817,2.0,2.0,other14,5s1,True,True,(3P).3p 4D* 0.5,(3P).5s 4P 0.5,NIST-json,307,weak,664.62894391384,-0.021056086159951033,0.060049380577470474,729301.4918480711,46617.37811844198,227731.46881046073,3.2024625127898485,0.46332378837561905,False,0.0,,,,,,,,
N I,664.8256,665.0091951750644,137000.0,D+,12.1219574,13.9863558,2.0,2.0,other24,other132,True,True,(3P).3p 2P* 0.5,(3P).5d 2P 0.5,NIST-json,308,not_detected,664.8164574151082,-0.009142584891815988,0.02669454046339781,420909.941761981,11960.348739156105,368786.8178291735,1.141336732803046,0.8096093223166584,False,0.0,,,,,,,,
N I,665.1147,665.2983729265113,34200.0,D+,12.1219574,13.9855454,2.0,4.0,other24,other131,True,True,(3P).3p 2P* 0.5,(3P).5d 2P 1.5,NIST-json,309,not_detected,665.0936341109568,-0.021065889043187295,0.026704298203164896,0.0,0.0,3134406.0223603533,0.0,2.0209369504663005e+36,False,0.0,,,,,,,,
N I,665.346,665.5297351337533,2740000.0,D+,11.7575319,13.6204726,6.0,4.0,other16,5s2,True,True,(3P).3p 4D* 2.5,(3P).5s 4P 1.5,NIST-json,310,not_detected,665.324929231665,-0.02107076833497242,0.0267121050700211,0.0,0.0,1093759.8802152248,0.0,1.21642528112437e+36,False,0.0,,,,,,,,
N I,665.651,665.8348171632834,2170000.0,D+,11.7528949,13.6149817,4.0,2.0,other15,5s1,True,True,(3P).3p 4D* 1.5,(3P).5s 4P 0.5,NIST-json,311,not_detected,665.6633262484363,0.01232624843635708,0.026723121764106107,0.0,0.0,767998.7600822344,0.0,7.711225968063432e+35,False,0.0,,,,,,,,
Ar I,665.6938,665.8776286743996,31000.0,D,13.32785705,15.1898239,3.0,3.0,4p9,5d[3/2]1,True,False,4p'[1/2]1,5d[3/2]1,NIST-csv,311,weak,665.7061262484364,0.01232624843635708,0.026723121764106107,4483743.151038696,127544.02758003768,767998.7600822344,5.838216653577141,0.21218362871710686,False,1.0,665.778,,,,,,,
Ar I,666.0676,666.2515292093102,780000.0,D,13.15314387,15.0140655,3.0,1.0,4p4,6s'[1/2]0,True,False,4p[3/2]1,6s'[1/2]0,NIST-csv,312,weak,666.0489011934385,-0.018698806561473533,0.050130863633425046,8022036.891502619,428077.154897315,909594.390703938,8.8193561586218,0.005473562585357763,False,0.0,,,,,,,,
Ar I,666.4051,666.5891199826008,150000.0,D+,13.09487256,14.95485204,5.0,5.0,4p3,4d'[5/2]2,True,False,4p[5/2]2,4d'[5/2]2,NIST-csv,313,blend,666.4150535109666,0.009953510966665559,0.026747865448032954,10705511.362385778,304809.6812485892,814926.7237275691,13.136777885277256,-0.004010961599471264,True,0.0,,,,,,,,
N I,666.4059,666.5899201977686,67900.0,D+,12.1263787,13.9863558,4.0,2.0,other25,other132,True,True,(3P).3p 2P* 1.5,(3P).5d 2P 0.5,NIST-json,313,weak,666.4158535109666,0.009953510966665559,0.026747865448032954,5799270.166429686,165118.0995533454,814926.7237275691,7.116308739886641,-0.007375527342317385,True,0.0,,,,,,,,
N I,666.6964,666.8804983311035,170000.0,D+,12.1263787,13.9855454,4.0,4.0,other25,other131,True,True,(3P).3p 2P* 1.5,(3P).5d 2P 1.5,NIST-json,314,not_detected,666.7087478497973,0.012347849797308089,0.02675768394162772,2211013.656913508,62975.57693708341,1889967.0579929291,1.1698688861072097,1.1950956149001604,False,0.0,,,,,,,,
Ar I,667.7282,667.9125758535733,236000.0,B,11.62359272,13.47988682,3.0,1.0,4s2,4p10,True,True,4s[3/2]1,4p'[1/2]0,NIST-csv,315,ok,667.7286086740098,0.00040867400981503457,0.03851423224199539,64990148.85147931,2664409.5812041713,1915034.515261886,33.936802879290006,0.04097441602402787,False,1.0,667.696,0.03884264341352429,667.7283730292093,0.08377240310067618,64397911.12806937,2662641.9402749157,,
Ar I,668.47883,668.6634077577071,39000.0,D,13.28263902,15.13684847,3.0,5.0,4p7,5d[3/2]2,True,False,4p'[3/2]1,5d[3/2]2,NIST-csv,316,weak,668.4912154502991,0.01238545029906581,0.04357899770971512,18344553.67097316,850974.5999431161,5908367.395138774,3.1048430884759304,0.14544439359465208,False,0.0,,,,,,,,
Ar I,669.84708,670.0320258057046,25000.0,D,13.15314387,15.00356588,3.0,3.0,4p4,4d'[3/2]1,True,False,4p[3/2]1,4d'[3/2]1,NIST-csv,317,not_detected,669.8594947389178,0.012414738917774781,0.06044558970234246,0.0,0.0,2609837.878977612,0.0,1.1886727224546407e+36,False,1.0,669.925,,,,,,,
Ar I,669.8874,670.0723566517788,160000.0,D+,13.1717777,15.02208834,5.0,3.0,4p5,6s'[1/2]1,True,False,4p[3/2]2,6s'[1/2]1,NIST-csv,317,weak,669.8998147389177,0.012414738917774781,0.06044558970234246,8352965.435278864,537449.3145487969,2609837.878977612,3.2005687029690466,0.21430299509157888,False,1.0,669.925,,,,,,,
N I,670.0494,670.2344002299443,1500000.0,C,11.8374298,13.687293,2.0,4.0,other18,4d13,True,True,(3P).3p 4P* 0.5,(3P).4d 4D 1.5,NIST-json,318,not_detected,670.0282300130702,-0.021169986929793678,0.02687085482173511,0.0,0.0,5317182.039644331,0.0,4.259957053580727e+36,False,0.0,,,,,,,,
N I,670.4839,670.6690171123707,2990000.0,C,11.8374298,13.6860943,2.0,2.0,other18,4d12,True,True,(3P).3p 4P* 0.5,(3P).4d 4D 0.5,NIST-json,319,weak,670.4867263491209,0.0028263491209815986,0.02688766000551246,5102846.940908169,146048.721631765,1124998.14345506,4.535871432850957,0.14623883002456092,False,0.0,,,,,,,,
N I,670.6107,670.7958512225395,2510000.0,C,11.8397086,13.6880236,4.0,6.0,other19,4d14,True,True,(3P).3p 4P* 1.5,(3P).4d 4D 2.5,NIST-json,319,not_detected,670.6135263491209,0.0028263491209815986,0.02688766000551246,0.0,0.0,1124998.14345506,0.0,9.809118762660602e+34,False,0.0,,,,,,,,
N I,670.8759,671.0611225639591,1910000.0,C,11.8397086,13.687293,4.0,4.0,other19,4d13,True,True,(3P).3p 4P* 1.5,(3P).4d 4D 1.5,NIST-json,320,not_detected,670.8547125779874,-0.021187422012631574,0.02689875095427574,0.0,0.0,532033.339817627,0.0,-2.3699839861989746e+34,False,0.0,,,,,,,,
N I,671.3114,671.4967397194998,596000.0,C,11.8397086,13.6860943,4.0,2.0,other19,4d12,True,True,(3P).3p 4P* 1.5,(3P).4d 4D 0.5,NIST-json,321,not_detected,671.3238452035872,0.012445203587140997,0.026913450005360374,121476.21185055212,3480.10881472125,446287.09761227365,0.27219297286539196,-0.04195751139381459,False,0.0,,,,,,,,
Ar I,671.92185,672.107353942648,240000.0,D,13.2730381,15.11774638,1.0,3.0,4p6,5d[1/2]1,True,False,4p[1/2]0,5d[1/2]1,NIST-csv,322,not_detected,671.9294984285797,0.007648428579761172,0.02693405399097372,585840.7272418278,16796.295117736587,596860.6979491743,0.9815367794441627,0.03458157635832169,False,0.0,,,,,,,,
N I,672.0967,672.2822509815429,195000.0,D+,11.8374298,13.681658,2.0,2.0,other18,4d10,True,True,(3P).3p 4P* 0.5,(3P).4d 4P 0.5,NIST-json,323,not_detected,672.0971350036821,0.00043500368205679624,0.04377742776922091,820142.9264798097,38218.35532661054,745448.5649859353,1.1002005570904596,-0.2335624812111956,False,0.0,,,,,,,,
N I,672.262,672.4475954515742,3560000.0,C,11.844477,13.6882547,6.0,8.0,other20,4d15,True,True,(3P).3p 4P* 2.5,(3P).4d 4D 3.5,NIST-json,324,not_detected,672.2744660322353,0.012466032235346265,0.0606302456455998,0.0,0.0,847834.5151073942,0.0,3.7224201359884674e+35,False,1.0,672.407,,,,,,,
Ar I,672.28901,672.4746127180014,32000.0,D,13.30222747,15.1459283,5.0,7.0,4p8,5d[7/2]3,True,False,4p'[3/2]2,5d[7/2]3,NIST-csv,324,not_detected,672.3014760322353,0.012466032235346265,0.0606302456455998,0.0,0.0,847834.5151073942,0.0,6.4260936172341295e+35,False,1.0,672.407,,,,,,,
N I,672.3453,672.5309178615742,1070000.0,C,11.844477,13.6880236,6.0,6.0,other20,4d14,True,True,(3P).3p 4P* 2.5,(3P).4d 4D 2.5,NIST-json,324,not_detected,672.3577660322353,0.012466032235346265,0.0606302456455998,224246.32213699276,14472.610257821167,847834.5151073942,0.2644930327100304,5.3783112927022705,False,1.0,672.407,,,,,,,
N I,672.6118,672.7974895579601,178000.0,C,11.844477,13.687293,6.0,4.0,other20,4d13,True,True,(3P).3p 4P* 2.5,(3P).4d 4D 1.5,NIST-json,325,not_detected,672.6122381082749,0.0004381082749769583,0.0269573412706427,374557.037446943,10747.989368437957,587584.4155958205,0.6374523004786229,0.3815658413479291,False,0.0,,,,,,,,
N I,672.9283,673.1140747068686,973000.0,D+,11.8397086,13.681658,4.0,2.0,other19,4d10,True,True,(3P).3p 4P* 1.5,(3P).4d 4P 0.5,NIST-json,326,not_detected,672.9070692824472,-0.021230717552881428,0.02696802381867551,464187.51621115487,13325.232325080497,777863.3501655681,0.5967468657732141,-0.06578079942574096,False,0.0,,,,,,,,
N I,673.3322,673.5180833708932,485000.0,D+,11.8374298,13.6782741,2.0,4.0,other18,4d9,True,True,(3P).3p 4P* 0.5,(3P).4d 4P 1.5,NIST-json,327,not_detected,673.3109607621446,-0.021239237855311222,0.02698165630256318,0.0,0.0,642108.4589696968,0.0,5.9575833288687355e+35,False,0.0,,,,,,,,
N I,674.1668,674.352907914952,155000.0,D+,11.8397086,13.6782741,4.0,4.0,other19,4d9,True,True,(3P).3p 4P* 1.5,(3P).4d 4P 1.5,NIST-json,328,gap,,,,,,,,,,,,,,,,,,
N I,675.2025,675.3888865746086,347000.0,D+,11.8397086,13.6754539,4.0,6.0,other19,4d7,True,True,(3P).3p 4P* 1.5,(3P).4d 4P 2.5,NIST-json,329,gap,,,,,,,,,,,,,,,,,,
Ar I,675.2834,675.4698083416159,1930000.0,C,12.9070153,14.74254085,3.0,5.0,4p1,4d3,True,True,4p[1/2]1,4d[3/2]2,NIST-csv,329,gap,,,,,,,,,,,,,,,,,,
Ar I,675.43724,675.6236897341089,210000.0,D,13.28263902,15.11774638,3.0,3.0,4p7,5d[1/2]1,True,False,4p'[3/2]1,5d[1/2]1,NIST-csv,330,gap,,,,,,,,,,,,,,,,,,
Ar I,675.6163,675.8027979126772,360000.0,D+,13.30222747,15.13684847,5.0,5.0,4p8,5d[3/2]2,True,False,4p'[3/2]2,5d[3/2]2,NIST-csv,331,gap,,,,,,,,,,,,,,,,,,
N I,675.9198,676.1063795743637,518000.0,D+,11.844477,13.6782741,6.0,4.0,other20,4d9,True,True,(3P).3p 4P* 2.5,(3P).4d 4P 1.5,NIST-json,332,gap,,,,,,,,,,,,,,,,,,
Ar I,676.6612,676.847979064583,400000.0,D+,13.1717777,15.00356588,5.0,3.0,4p5,4d'[3/2]1,True,False,4p[3/2]2,4d'[3/2]1,NIST-csv,333,gap,,,,,,,,,,,,,,,,,,
N I,676.961,677.147859734197,802000.0,D+,11.844477,13.6754539,6.0,6.0,other20,4d7,True,True,(3P).3p 4P* 2.5,(3P).4d 4P 2.5,NIST-json,334,gap,,,,,,,,,,,,,,,,,,
Ar I,677.99259,678.1797273200674,121000.0,C,13.47988682,15.3080777,1.0,3.0,4p10,6d[1/2]1,True,False,4p'[1/2]0,6d[1/2]1,NIST-csv,335,gap,,,,,,,,,,,,,,,,,,
Ar I,681.82888,682.0170497123539,200000.0,D,13.28263902,15.10054371,3.0,1.0,4p7,5d[1/2]0,True,False,4p'[3/2]1,5d[1/2]0,NIST-csv,336,weak,681.8415470706592,0.012667070659186895,0.06135398397142607,1076877.905560491,70330.13406535765,205537.56647945236,5.23932400293426,0.19799419481938438,False,1.0,681.875,,,,,,,
Ar I,682.72488,682.9132908598932,240000.0,D,13.30222747,15.11774638,5.0,3.0,4p8,5d[1/2]1,True,False,4p'[3/2]2,5d[1/2]1,NIST-csv,337,weak,682.7253790614812,0.0004990614812845507,0.027298679225965218,1786122.591852775,51902.12140690155,364519.4090283317,4.899938240912575,0.08716914542856403,False,0.0,,,,,,,,
Ar I,685.18842,685.3774939362952,67000.0,D,13.32785705,15.13684847,3.0,5.0,4p9,5d[3/2]2,True,False,4p'[1/2]1,5d[3/2]2,NIST-csv,338,ok,685.1815994911784,-0.006820508821534987,0.02738182893964841,26353340.012715444,768122.2201607679,870282.8223931781,30.281351457962568,-0.0038898227269469165,False,0.0,,0.015419193598697931,685.1794513392781,0.7845625237364523,43997957.65997321,722148.2929073095,,
Ar I,687.1289,687.3184962735359,2780000.0,C,12.9070153,14.7108981,3.0,3.0,4p1,4d2,True,True,4p[1/2]1,4d[1/2]1,NIST-csv,339,ok,687.1245242973339,-0.004375702666209236,0.02744732426605187,143721978.73491696,4199092.205448948,1554691.2878449825,92.4440625985211,0.024825693533980352,False,0.0,,0.0277091430052723,687.1245522615801,0.03231701679177499,144235066.67340603,4254280.918424316,,
Ar I,687.9582,688.1480195161516,180000.0,D+,13.15314387,14.95485204,3.0,5.0,4p4,4d'[5/2]2,True,False,4p[3/2]1,4d'[5/2]2,NIST-csv,340,ok,687.9489179911009,-0.009282008899163998,0.027475314904546667,36792463.32065502,1076053.2275749412,1065724.7256474257,34.52342095028683,0.011224152050359665,False,0.0,,0.020017830541682394,687.9495416519601,-0.25393880268836544,40678256.858679384,866785.3309538628,,
N I,688.4314,688.6213469020116,290.0,C,10.3259087,12.1263787,2.0,4.0,other5,other25,True,True,(3P).3s 4P 0.5,(3P).3p 2P* 1.5,NIST-json,341,not_detected,688.4098422433271,-0.02155775667295912,0.027491286410799814,0.0,0.0,467224.60821687075,0.0,-1.6689213085149592e+35,False,0.0,,,,,,,,
Ar I,688.70882,688.8988415848139,130000.0,D+,13.1717777,14.97152236,5.0,7.0,4p5,4d'[5/2]3,True,False,4p[3/2]2,4d'[5/2]3,NIST-csv,342,not_detected,688.7019887185544,-0.006831281445555349,0.02750248232867647,592518.2588450857,17346.259630937053,736552.593699448,0.8044479972150694,-0.11370737403120117,False,0.0,,,,,,,,
Ar I,688.8174,689.0074508152934,250000.0,D+,13.15314387,14.95260474,3.0,5.0,4p4,4d'[3/2]2,True,False,4p[3/2]1,4d'[3/2]2,NIST-csv,342,weak,688.8105687185545,-0.006831281445555349,0.02750248232867647,3101116.1350466916,90786.68010848947,736552.593699448,4.210311879387813,0.25392136554260164,False,0.0,,,,,,,,
N I,690.0355,690.2258787445978,1270.0,C,10.3300944,12.1263787,4.0,4.0,other6,other25,True,True,(3P).3s 4P 1.5,(3P).3p 2P* 1.5,NIST-json,343,not_detected,690.0139074491036,-0.021592550896350322,0.02754695716822574,0.0,0.0,439418.57460923056,0.0,-1.5763720649703946e+35,False,0.0,,,,,,,,
N I,690.1261,690.3165031359845,81.0,D,10.3259087,12.1219574,2.0,2.0,other5,other24,True,True,(3P).3s 4P 0.5,(3P).3p 2P* 0.5,NIST-json,343,not_detected,690.1045074491036,-0.021592550896350322,0.02754695716822574,0.0,0.0,439418.57460923056,0.0,-1.3433877444046857e+35,False,0.0,,,,,,,,
N I,691.7382,691.9290371607648,87.0,C,10.3300944,12.1219574,4.0,2.0,other6,other24,True,True,(3P).3s 4P 1.5,(3P).3p 2P* 0.5,NIST-json,344,not_detected,691.7436824751704,0.005482475170456318,0.027602897942663553,213625.3319850714,6276.819507219896,421692.28490660636,0.5065905629086473,2.2063269352178025,False,0.0,,,,,,,,
N I,692.2713,692.4622806928942,700.0,C,10.3358956,12.1263787,6.0,4.0,other7,other25,True,True,(3P).3s 4P 2.5,(3P).3p 2P* 1.5,NIST-json,345,not_detected,692.249661240333,-0.02163875966701749,0.02762089120129321,0.0,0.0,1303614.0781392588,0.0,8.757500492219098e+35,False,0.0,,,,,,,,
Ar I,692.50094,692.6919825221934,120000.0,D+,13.32785705,15.11774638,3.0,3.0,4p9,5d[1/2]1,True,False,4p'[1/2]1,5d[1/2]1,NIST-csv,346,not_detected,692.479296396059,-0.02164360394097139,0.027628642039619445,0.0,0.0,1528208.9269380062,0.0,1.655969749426547e+36,False,0.0,,,,,,,,
N I,692.667,692.8580872332676,775000.0,B,11.8397086,13.629169,4.0,6.0,other19,5s3,True,True,(3P).3p 4P* 1.5,(3P).5s 4P 2.5,NIST-json,347,not_detected,692.6527549234346,-0.014245076565403414,0.0276342469177437,1686299.0257406542,49603.7412087479,770101.1186867707,2.1897111753535006,0.17298374482684253,False,0.0,,,,,,,,
Ar I,693.7664,693.9577832500145,3080000.0,C,12.9070153,14.6936397,3.0,1.0,4p1,4d1,True,True,4p[1/2]1,4d[1/2]0,NIST-csv,348,gap,,,,,,,,,,,,,,,,,,
N I,694.5177,694.7092855469085,1830000.0,B,11.844477,13.629169,6.0,6.0,other20,5s3,True,True,(3P).3p 4P* 2.5,(3P).5s 4P 2.5,NIST-json,349,gap,,,,,,,,,,,,,,,,,,
Ar I,695.1478,695.3395552136285,220000.0,D,13.1717777,14.95485204,5.0,5.0,4p5,4d'[5/2]2,True,False,4p[3/2]2,4d'[5/2]2,NIST-csv,350,gap,,,,,,,,,,,,,,,,,,
N I,695.16,695.3517584987565,1030000.0,B,11.8374298,13.6204726,2.0,4.0,other18,5s2,True,True,(3P).3p 4P* 0.5,(3P).5s 4P 1.5,NIST-json,350,gap,,,,,,,,,,,,,,,,,,
Ar I,696.025,696.2169914235626,240000.0,D,13.1717777,14.95260474,5.0,5.0,4p5,4d'[3/2]2,True,False,4p[3/2]2,4d'[3/2]2,NIST-csv,351,gap,,,,,,,,,,,,,,,,,,
N I,696.0496,696.2415980478937,467000.0,B,11.8397086,13.6204726,4.0,4.0,other19,5s2,True,True,(3P).3p 4P* 1.5,(3P).5s 4P 1.5,NIST-json,351,gap,,,,,,,,,,,,,,,,,,
Ar I,696.5431,696.7352309397262,6400000.0,B+,11.54835442,13.32785705,5.0,3.0,4s1,4p9,True,True,4s[3/2]2,4p'[1/2]1,NIST-csv,352,gap,,,,,,,,,,,,,,,,,,
N I,697.3074,697.4997367586163,383000.0,B,11.8374298,13.6149817,2.0,2.0,other18,5s1,True,True,(3P).3p 4P* 0.5,(3P).5s 4P 0.5,NIST-json,353,gap,,,,,,,,,,,,,,,,,,
N I,697.9185,698.1110013264,983000.0,B,11.844477,13.6204726,6.0,4.0,other20,5s2,True,True,(3P).3p 4P* 2.5,(3P).5s 4P 1.5,NIST-json,354,gap,,,,,,,,,,,,,,,,,,
N I,698.2025,698.3950778082041,2040000.0,B,11.8397086,13.6149817,4.0,2.0,other19,5s1,True,True,(3P).3p 4P* 1.5,(3P).5s 4P 0.5,NIST-json,355,gap,,,,,,,,,,,,,,,,,,
Ar I,699.22122,699.4140721583098,750000.0,D+,13.32785705,15.10054371,3.0,1.0,4p9,5d[1/2]0,True,False,4p'[1/2]1,5d[1/2]0,NIST-csv,356,not_detected,699.1994346312212,-0.021785368778834507,0.05222899833787581,329126.7179486518,18298.14421297463,1533992.7877649216,0.21455558368576189,-1.7424892257657394,False,0.0,,,,,,,,
Ar I,703.0251,703.2189766671971,2670000.0,C,13.07571571,14.838811,7.0,5.0,4p2,6s1,True,True,4p[5/2]3,6s[3/2]2,NIST-csv,357,ok,703.0107300634697,-0.014369936530172737,0.027983854819097806,366463447.33481,10916173.052998547,1885096.2388719637,194.40039175617937,0.004935134462012011,False,0.0,,0.028167822370584777,703.0102373831504,-0.05235641866148057,363304765.39730245,10893227.605639819,,
Ar I,706.7218,706.9166724449472,3800000.0,B,11.54835442,13.30222747,5.0,5.0,4s1,4p8,True,True,4s[3/2]2,4p'[3/2]2,NIST-csv,358,ok,706.7124048997794,-0.009395100220687524,0.05270367432202202,7687284557.679678,431266834.8752948,24386127.92640639,315.2318638235118,-0.0034208139395772797,False,0.0,,0.05166671123001538,706.7128521398042,-0.11040531655090971,7743348521.518009,425864888.572881,,
Ar I,706.8736,707.0685133380482,2000000.0,D+,13.09487256,14.84836899,5.0,3.0,4p3,6s2,True,True,4p[5/2]2,6s[3/2]1,NIST-csv,359,not_detected,706.8516532036601,-0.021946796339883598,0.02811374987787898,0.0,0.0,311679014.30476636,0.0,2.5666957584754197e+38,False,0.0,,,,,,,,
Ar I,708.67047,708.8658674101181,150000.0,D+,13.2730381,15.02208834,1.0,3.0,4p6,6s'[1/2]1,True,False,4p[1/2]0,6s'[1/2]1,NIST-csv,360,weak,708.6484852985454,-0.02198470145458285,0.028174398061397782,1322150.05681943,39652.228884606375,222650.61691461407,5.938227682191742,-0.4030445205999705,False,0.0,,,,,,,,
Ar I,710.7478,710.9437570758067,450000.0,D+,13.09487256,14.838811,5.0,5.0,4p3,6s1,True,True,4p[5/2]2,6s[3/2]2,NIST-csv,361,weak,710.7610771175628,0.013277117562735037,0.02824451236631084,2528719.0774568566,76026.82890444556,707419.546967286,3.574567720523836,0.08321353390021713,False,0.0,,,,,,,,
Ar I,712.582,712.778451272378,600000.0,D+,13.28263902,15.02208834,3.0,3.0,4p7,6s'[1/2]1,True,False,4p'[3/2]1,6s'[1/2]1,NIST-csv,362,not_detected,712.5675148614349,-0.014485138565034724,0.028306420516711367,1933048.4173577842,58245.16720970648,989017.9573159413,1.9545129621344912,0.1739022692820754,False,0.0,,,,,,,,
Ar I,714.7042,714.9012231054458,630000.0,B,11.54835442,13.28263902,5.0,3.0,4s1,4p7,True,True,4s[3/2]2,4p'[3/2]1,NIST-csv,363,gap,,,,,,,,,,,,,,,,,,
Ar I,715.8839,716.0812409972345,2100000.0,D+,13.28263902,15.0140655,3.0,1.0,4p7,6s'[1/2]0,True,False,4p'[3/2]1,6s'[1/2]0,NIST-csv,364,gap,,,,,,,,,,,,,,,,,,
Ar I,716.25567,716.4531111801458,58000.0,D,13.2730381,15.00356588,1.0,3.0,4p6,4d'[3/2]1,True,False,4p[1/2]0,4d'[3/2]1,NIST-csv,365,gap,,,,,,,,,,,,,,,,,,
Ar I,720.698,720.896638377435,2480000.0,C,13.30222747,15.02208834,5.0,3.0,4p8,6s'[1/2]1,True,False,4p'[3/2]2,6s'[1/2]1,NIST-csv,366,ok,720.698727931758,0.0007279317579463552,0.028580352775271323,140644277.09616688,4278798.751520051,4650223.440572032,30.244627789082323,0.03047109556839875,False,1.0,720.664,0.011448465296724383,720.6949324873327,1.5840573268495433,680733469.2988439,8295767.7710788725,1.7772232863661328,731.60
Ar I,722.994,723.1932572141802,66000.0,D,13.09487256,14.809272,5.0,5.0,4p3,4d6,True,True,4p[5/2]2,4d[5/2]2,NIST-csv,367,not_detected,722.9717131425477,-0.022286857452261152,0.028657847657683068,0.0,0.0,3183726.4630409507,0.0,8.69709675172096e+36,False,0.0,,,,,,,,
Ar I,726.5172,726.717406907619,170000.0,D,13.15314387,14.85923,3.0,3.0,4p4,4d8,True,True,4p[3/2]1,4d[3/2]1,NIST-csv,368,ok,726.5231017127444,0.005901712744404463,0.02877676314971836,35998304.83919784,1102697.0247368158,1338368.6692511362,26.89715148468033,0.029226053872660522,False,0.0,,0.024197980959519985,726.5240384191667,-0.16847845033888562,38699254.84076389,996813.5744843142,,
Ar I,727.0664,727.2667549567067,110000.0,D,13.07571571,14.780512,7.0,7.0,4p2,4d5,True,True,4p[5/2]3,4d[7/2]3,NIST-csv,369,ok,727.0465982438601,-0.019801756139915187,0.03599412477198055,41828284.742518276,1602632.2716340509,2914909.291193682,14.349772347594808,0.045084789578192806,False,0.0,,,,,,,,
Ar I,727.2936,727.4940162043018,1830000.0,B+,11.62359272,13.32785705,3.0,3.0,4s2,4p9,True,True,4s[3/2]1,4p'[1/2]1,NIST-csv,370,ok,727.2840809101372,-0.009519089862766745,0.03600371037590256,3976398154.2781086,152394513.9627294,11567480.572360361,343.7566313082399,0.004259238679351304,False,0.0,,0.034413041265167206,727.2851055250387,0.34257216128392387,4006565786.2168274,146766704.7698327,,
Ar I,728.54433,728.7450833788091,120000.0,D,13.30222747,15.00356588,5.0,3.0,4p8,4d'[3/2]1,True,False,4p'[3/2]2,4d'[3/2]1,NIST-csv,371,not_detected,728.5476806856635,0.0033506856635805325,0.028845183097881817,6392905.657523968,196292.54490945066,3811768.0842652027,1.6771496891202742,1.341576145175482,False,0.0,,,,,,,,
N I,730.6559,730.8572226514309,40300.0,C,12.0001429,13.6965647,4.0,6.0,other22,4d17,True,True,(3P).3p 2D* 1.5,(3P).4d 2D 2.5,NIST-json,372,not_detected,730.6334515141615,-0.02244848583846283,0.028916453075605753,0.0,0.0,2266930.185476942,0.0,2.4607752973412562e+36,False,0.0,,,,,,,,
Ar I,731.1716,731.3730616884092,1700000.0,D+,13.15314387,14.84836899,3.0,3.0,4p4,6s2,True,True,4p[3/2]1,6s[3/2]1,NIST-csv,373,ok,731.1853079592383,0.013707959238312362,0.041592422380399674,46716656.70521526,2068322.134898653,1516591.6793124194,30.803714237965025,0.002468239629255438,False,1.0,731.208,0.04180289020664098,731.1902211305721,-0.010579678631588202,47927310.21697479,2132659.7659324533,,
Ar I,731.6005,731.8020773251417,960000.0,D+,13.32785705,15.02208834,3.0,3.0,4p9,6s'[1/2]1,True,False,4p'[1/2]1,6s'[1/2]1,NIST-csv,374,ok,731.6012936429292,0.0007936429291986874,0.028948335334284384,19354181.506160613,596390.3594888826,1566123.35398255,12.358018579407673,-0.02570867551437186,False,0.0,,,,,,,-0.6399281235652992,720.70
N I,731.8975,732.0991574009366,541000.0,C,12.0001429,13.6936867,4.0,4.0,other22,4d16,True,True,(3P).3p 2D* 1.5,(3P).4d 2D 1.5,NIST-json,375,not_detected,731.9112232721562,0.013723272156197456,0.028958359715850708,1545766.5417310481,47648.59194658959,931643.3632356031,1.6591826902116187,0.04990354391815376,False,0.0,,,,,,,,
N I,734.757,734.9594284051173,555000.0,C,12.0096116,13.6965647,6.0,6.0,other23,4d17,True,True,(3P).3p 2D* 2.5,(3P).4d 2D 2.5,NIST-json,376,gap,,,,,,,,,,,,,,,,,,
Ar I,735.0814,735.2839158771817,1200000.0,D+,13.32785705,15.0140655,3.0,1.0,4p9,6s'[1/2]0,True,False,4p'[1/2]1,6s'[1/2]0,NIST-csv,377,gap,,,,,,,,,,,,,,,,,,
N I,735.1363,735.3388306806498,1320000.0,D+,11.9955753,13.681658,4.0,2.0,other21,4d10,True,True,(3P).3p 4S* 1.5,(3P).4d 4P 0.5,NIST-json,377,gap,,,,,,,,,,,,,,,,,,
Ar I,735.31749,735.5200695376692,210000.0,E,13.15314387,14.838811,3.0,5.0,4p4,6s1,True,True,4p[3/2]1,6s[3/2]2,NIST-csv,378,gap,,,,,,,,,,,,,,,,,,
Ar I,735.3293,735.5318827221889,960000.0,D+,13.09487256,14.780512,5.0,7.0,4p3,4d5,True,True,4p[5/2]2,4d[7/2]3,NIST-csv,378,gap,,,,,,,,,,,,,,,,,,
N I,736.0126,736.2153669733485,59100.0,C,12.0096116,13.6936867,6.0,4.0,other23,4d16,True,True,(3P).3p 2D* 2.5,(3P).4d 2D 1.5,NIST-json,379,gap,,,,,,,,,,,,,,,,,,
N I,736.6146,736.8175293053192,1310000.0,D+,11.9955753,13.6782741,4.0,4.0,other21,4d9,True,True,(3P).3p 4S* 1.5,(3P).4d 4P 1.5,NIST-json,380,gap,,,,,,,,,,,,,,,,,,
Ar I,737.2118,737.4148903459709,1900000.0,D+,13.07571571,14.7570516,7.0,9.0,4p2,4d4,True,True,4p[5/2]3,4d[7/2]4,NIST-csv,381,gap,,,,,,,,,,,,,,,,,,
N I,737.8513,738.0545627965487,1300000.0,D+,11.9955753,13.6754539,4.0,6.0,other21,4d7,True,True,(3P).3p 4S* 1.5,(3P).4d 4P 2.5,NIST-json,382,gap,,,,,,,,,,,,,,,,,,
N I,738.01,738.213305592869,1940.0,C,10.3300944,12.0096116,4.0,6.0,other6,other23,True,True,(3P).3s 4P 1.5,(3P).3p 2D* 2.5,NIST-json,383,gap,,,,,,,,,,,,,,,,,,
Ar I,738.398,738.6014102249644,8500000.0,B,11.62359272,13.30222747,3.0,5.0,4s2,4p8,True,True,4s[3/2]1,4p'[3/2]2,NIST-csv,384,gap,,,,,,,,,,,,,,,,,,
Ar I,739.298,739.5016529331292,720000.0,D+,13.1717777,14.84836899,5.0,3.0,4p5,6s2,True,True,4p[3/2]2,6s[3/2]1,NIST-csv,385,gap,,,,,,,,,,,,,,,,,,
N I,740.3388,740.5427336200631,11400.0,B,10.3259087,12.0001429,2.0,4.0,other5,other22,True,True,(3P).3s 4P 0.5,(3P).3p 2D* 1.5,NIST-json,386,gap,,,,,,,,,,,,,,,,,,
N I,740.568,740.771995432808,4390.0,B,10.3358956,12.0096116,6.0,6.0,other7,other23,True,True,(3P).3s 4P 2.5,(3P).3p 2D* 2.5,NIST-json,387,gap,,,,,,,,,,,,,,,,,,
N I,740.612,740.8160072991789,1520000.0,C,12.0001429,13.6737591,4.0,6.0,other22,4d6,True,True,(3P).3p 2D* 1.5,(3P).4d 2F 2.5,NIST-json,387,gap,,,,,,,,,,,,,,,,,,
N I,740.624,740.8280105354645,1630000.0,C,12.0096116,13.6832014,6.0,8.0,other23,4d11,True,True,(3P).3p 2D* 2.5,(3P).4d 2F 3.5,NIST-json,387,gap,,,,,,,,,,,,,,,,,,
Ar I,741.2337,741.437874967321,390000.0,D+,13.28263902,14.95485204,3.0,5.0,4p7,4d'[5/2]2,True,False,4p'[3/2]1,4d'[5/2]2,NIST-csv,388,gap,,,,,,,,,,,,,,,,,,
N I,742.1943,742.3987340407085,16300.0,B,10.3300944,12.0001429,4.0,4.0,other6,other22,True,True,(3P).3s 4P 1.5,(3P).3p 2D* 1.5,NIST-json,389,gap,,,,,,,,,,,,,,,,,,
Ar I,742.23116,742.4356039819857,66000.0,D,13.28263902,14.95260474,3.0,5.0,4p7,4d'[3/2]2,True,False,4p'[3/2]1,4d'[3/2]2,NIST-csv,389,gap,,,,,,,,,,,,,,,,,,
N I,742.364,742.5684798095133,5640000.0,B+,10.3259087,11.9955753,2.0,4.0,other5,other21,True,True,(3P).3s 4P 0.5,(3P).3p 4S* 1.5,NIST-json,389,edge,,,,,,,,,,,,,,,,,,
Ar I,742.5294,742.7339244188182,310000.0,D,13.30222747,14.97152236,5.0,7.0,4p8,4d'[5/2]3,True,False,4p'[3/2]2,4d'[5/2]3,NIST-csv,390,edge,,,,,,,,,,,,,,,,,,
N I,742.8753,743.0799177107097,906000.0,D+,12.0001429,13.6686606,4.0,2.0,other22,4d4,True,True,(3P).3p 2D* 1.5,(3P).4d 2P 0.5,NIST-json,391,weak,742.8604496959731,-0.01485030402691929,0.029328883809988156,3121252.5353436423,97444.34783068889,1008190.3227822364,3.0958961466026844,0.08302055167799757,False,0.0,,,,,,,,
Ar I,743.5368,743.7415961250854,900000.0,D+,13.1717777,14.838811,5.0,5.0,4p5,6s1,True,True,4p[3/2]2,6s[3/2]2,NIST-csv,392,ok,743.5140788106913,-0.02272118930866791,0.02935277862793388,104132672.29975614,3253632.0915226834,5345249.810490097,19.481348111251023,0.08275254167114292,False,0.0,,0.03263145570130814,743.5149325062465,-0.02650854748683661,109202713.97052266,3793168.106256306,,
Ar I,743.6297,743.8345211816016,270000.0,D,13.07571571,14.74254085,7.0,5.0,4p2,4d3,True,True,4p[5/2]3,4d[3/2]2,NIST-csv,392,not_detected,743.6069788106913,-0.02272118930866791,0.02935277862793388,0.0,0.0,5345249.810490097,0.0,5.500416013983305e+36,False,0.0,,,,,,,,
N I,744.229,744.4339828234525,11900000.0,B+,10.3300944,11.9955753,4.0,4.0,other6,other21,True,True,(3P).3s 4P 1.5,(3P).3p 4S* 1.5,NIST-json,393,not_detected,744.21937873793,-0.009621262070013795,0.029375132661305526,3854815.1629813244,120535.67530780437,1970548.0560797525,1.9562147449731169,-0.0022054876165481197,False,0.0,,,,,,,,
N I,744.2621,744.4670917511959,90100.0,D+,12.0001429,13.6655516,4.0,4.0,other22,4d3,True,True,(3P).3p 2D* 1.5,(3P).4d 2P 1.5,NIST-json,393,ok,744.25247873793,-0.009621262070013795,0.029375132661305526,22579670.862083856,706040.5649863364,1970548.0560797525,11.458574071522165,-0.005695082014023134,False,0.0,,,,,,,,
N I,744.7815,744.9866318451117,14900.0,B,10.3358956,12.0001429,6.0,4.0,other7,other22,True,True,(3P).3s 4P 2.5,(3P).3p 2D* 1.5,NIST-json,394,not_detected,744.7954955326298,0.013995532629742409,0.029393976473522633,0.0,0.0,1842083.2506493856,0.0,6.77748475216639e+35,False,0.0,,,,,,,,
N I,744.8262,745.0313439018145,107000.0,C,12.0096116,13.6737591,6.0,6.0,other23,4d6,True,True,(3P).3p 2D* 2.5,(3P).4d 2F 2.5,NIST-json,394,not_detected,744.8401955326298,0.013995532629742409,0.029393976473522633,1492074.896825788,46685.40988147526,1842083.2506493856,0.8099931945528467,0.4360240489923565,False,0.0,,,,,,,,
N I,746.831,747.0366846629747,19600000.0,B+,10.3358956,11.9955753,6.0,4.0,other7,other21,True,True,(3P).3s 4P 2.5,(3P).3p 4S* 1.5,NIST-json,395,ok,746.8134714414871,-0.017528558512963085,0.029462397096728623,26932610.77744862,844653.8066651652,2184139.00806967,12.330996643501878,-0.007324129838930343,False,0.0,,,,,,,,
Ar I,747.11636,747.3221216366925,22000.0,B,11.62359272,13.28263902,3.0,3.0,4s2,4p7,True,True,4s[3/2]1,4p'[3/2]1,NIST-csv,396,ok,747.1067214350832,-0.009638564916841855,0.02947202860354265,92685773.26252091,2907738.3053348265,2199388.9181855465,42.14160237698428,-0.004283312774930944,False,1.0,747.074,0.011788839558734386,747.1046422945476,1.5875532796605343,456992562.62643874,5734722.394447771,,
Ar I,748.433,748.6391167989443,340000.0,D+,13.15314387,14.809272,3.0,5.0,4p4,4d6,True,True,4p[3/2]1,4d[5/2]2,NIST-csv,397,weak,748.4101756104003,-0.022824389599660558,0.029517899093522117,34474240.60082784,1083209.255640344,7017988.228404146,4.912268228279304,0.21784696158477676,False,1.0,748.392,,,,,,,
N I,748.5178,748.7239396741323,797000.0,D+,12.0096116,13.6655516,6.0,4.0,other23,4d3,True,True,(3P).3p 2D* 2.5,(3P).4d 2P 1.5,NIST-json,397,weak,748.4949756104003,-0.022824389599660558,0.029517899093522117,57678500.43514146,1812306.3607469434,7017988.228404146,8.218665885146013,0.10277587201366371,False,0.0,,,,,,,,
Ar I,750.3869,750.5935438870197,45000000.0,B,11.82807116,13.47988682,3.0,1.0,4s4,4p10,True,True,4s'[1/2]1,4p'[1/2]0,NIST-csv,398,ok,750.3746004358293,-0.012299564170664594,0.05546703053118751,15159052347.027843,895033269.8318279,189958402.91432163,79.80195724147642,-0.008005106733463541,False,0.0,,0.05336770451071218,750.3757562445071,-0.23445807026717838,15357315477.643862,872420855.6244816,,
N I,750.7609,750.9676447814987,230000.0,C+,12.0001429,13.6511356,4.0,4.0,other22,5s5,True,True,(3P).3p 2D* 1.5,(3P).5s 2P 1.5,NIST-json,399,not_detected,750.7644515400781,0.003551540078060158,0.02959503957860575,2407293.5157837737,75836.83178461483,7707847.8136873115,0.3123172088983115,14.375622115115688,False,1.0,750.848,,,,,,,
Ar I,751.0408,751.2476202912225,450000.0,D,13.30222747,14.95260474,5.0,5.0,4p8,4d'[3/2]2,True,False,4p'[3/2]2,4d'[3/2]2,NIST-csv,400,not_detected,751.0390675550836,-0.0017324449163155613,0.029604486798809167,71125808.93464349,2241387.6044762265,24571918.93926624,2.8945972477950654,0.40108886171461,False,0.0,,,,,,,,
Ar I,751.4652,751.6721347844647,40000000.0,B,11.62359272,13.2730381,3.0,1.0,4s2,4p6,True,True,4s[3/2]1,4p[1/2]0,NIST-csv,401,ok,751.4581797606194,-0.007020239380610112,0.04813056820209593,16920428067.568014,866891101.2792692,208209151.11499357,81.26649562210112,0.009945782246471633,False,0.0,,0.0517789811064644,751.4577380063932,0.04874540131123863,16558631316.999527,912662375.1812443,,
N I,754.6209,754.828686163444,2850000.0,B,12.0001429,13.6426905,4.0,2.0,other22,5s4,True,True,(3P).3p 2D* 1.5,(3P).5s 2P 0.5,NIST-json,402,not_detected,754.597945970592,-0.02295402940798518,0.04830364952861746,1508517.9817828024,77564.43729858649,2316598.2802227926,0.651178063396354,0.3133371361908357,False,0.0,,,,,,,,
N I,755.0914,755.2993131067298,1790000.0,B,12.0096116,13.6511356,6.0,4.0,other23,5s5,True,True,(3P).3p 2D* 2.5,(3P).5s 2P 1.5,NIST-json,403,not_detected,755.0684360453573,-0.022963954642679956,0.0669177071152946,5373772.298338338,382782.89452409174,3301545.8796655107,1.6276533763882663,0.6152534456294619,False,1.0,755.031,,,,,,,
N I,758.7571,758.9660021900409,701000.0,D+,11.9955753,13.629169,4.0,6.0,other21,5s3,True,True,(3P).3p 4S* 1.5,(3P).5s 4P 2.5,NIST-json,404,gap,,,,,,,,,,,,,,,,,,
Ar I,761.83441,762.0441425930469,290000.0,D,13.32785705,14.95485204,3.0,5.0,4p9,4d'[5/2]2,True,False,4p'[1/2]1,4d'[5/2]2,NIST-csv,405,gap,,,,,,,,,,,,,,,,,,
N I,762.818,763.0279980270864,690000.0,D+,11.9955753,13.6204726,4.0,4.0,other21,5s2,True,True,(3P).3p 4S* 1.5,(3P).5s 4P 1.5,NIST-json,406,gap,,,,,,,,,,,,,,,,,,
Ar I,762.88816,763.0981769609175,290000.0,D,13.32785705,14.95260474,3.0,5.0,4p9,4d'[3/2]2,True,False,4p'[1/2]1,4d'[3/2]2,NIST-csv,406,gap,,,,,,,,,,,,,,,,,,
Ar I,763.5106,763.7207849382266,24500000.0,B,11.54835442,13.1717777,5.0,5.0,4s1,4p5,True,True,4s[3/2]2,4p[3/2]2,NIST-csv,407,gap,,,,,,,,,,,,,,,,,,
N I,765.4044,765.6150960341937,683000.0,D+,11.9955753,13.6149817,4.0,2.0,other21,5s1,True,True,(3P).3p 4S* 1.5,(3P).5s 4P 0.5,NIST-json,408,gap,,,,,,,,,,,,,,,,,,
Ar I,767.00571,767.2168382143002,280000.0,D,13.09487256,14.7108981,5.0,3.0,4p3,4d2,True,True,4p[5/2]2,4d[1/2]1,NIST-csv,409,not_detected,767.0094084053143,0.003698405314272712,0.030143336460465953,5351682.531776263,171717.2299232392,2977580.6408319143,1.797325808204154,-0.06995819673405486,False,0.0,,,,,,,,
N I,770.351,770.5630311411942,693000.0,C,13.3392701,14.94828,2.0,2.0,4p12,3d25,True,True,(3P).4p 2P* 0.5,(1D).3d 2S 0.5,NIST-json,410,not_detected,770.3277127611614,-0.023287238838686088,0.030258457875962964,4780831.564535336,153986.42760675054,2676195.9348373557,1.7864280796114012,-0.28522033385027484,False,0.0,,,,,,,,
Ar I,770.482,770.694066501065,63000.0,D,13.1717777,14.780512,5.0,7.0,4p5,4d5,True,True,4p[3/2]2,4d[7/2]3,NIST-csv,410,not_detected,770.4587127611613,-0.023287238838686088,0.030258457875962964,0.0,0.0,2676195.9348373557,0.0,-2.0031643091587406e+36,False,0.0,,,,,,,,
Ar I,772.3761,772.5886777756037,5200000.0,B+,11.54835442,13.15314387,5.0,3.0,4s1,4p4,True,True,4s[3/2]2,4p[3/2]1,NIST-csv,411,ok,772.3608938147568,-0.015206185243154044,0.04927869572509889,17624426213.089363,924498906.2883033,337396379.9679145,52.23655990252592,0.02477870282602735,False,2.0,772.345;772.426,0.04943328201005415,772.3566430754049,-0.04624719858491508,17701487571.460278,931454017.1629972,,
Ar I,772.4207,772.6332898147994,11700000.0,B+,11.72316039,13.32785705,1.0,3.0,4s3,4p9,True,True,4s'[1/2]0,4p'[1/2]1,NIST-csv,411,ok,772.4054938147568,-0.015206185243154044,0.04927869572509889,19330343583.194157,1013983733.9820867,337396379.9679145,57.29268223041522,0.018497956294315634,False,2.0,772.345;772.426,0.046213046324273276,772.4089291118972,-0.14840449483279533,19786739017.553658,973354483.1116483,,
N I,772.721,772.9336708772918,1370000.0,C,13.3442064,14.94828,4.0,2.0,4p13,3d25,True,True,(3P).4p 2P* 1.5,(1D).3d 2S 0.5,NIST-json,412,not_detected,772.6976641475517,-0.02333585244836538,0.030336239651449833,0.0,0.0,3877466.867824138,0.0,5.473534392157097e+36,False,0.0,,,,,,,,
Ar I,779.85609,780.0706871023142,87000.0,D+,13.15314387,14.74254085,3.0,5.0,4p4,4d3,True,True,4p[3/2]1,4d[3/2]2,NIST-csv,413,not_detected,779.8708249624035,0.0147349624035523,0.06879839425114154,927495.3251471404,67923.84174267425,1701450.8444168011,0.545120259095733,-0.2644466599610294,False,1.0,779.930,,,,,,,
Ar I,786.81945,787.0359273118548,350000.0,C,13.2730381,14.84836899,1.0,3.0,4p6,6s2,True,True,4p[1/2]0,6s[3/2]1,NIST-csv,414,gap,,,,,,,,,,,,,,,,,,
N I,788.6224,788.8393641893091,686000.0,C,12.1219574,13.6936867,2.0,4.0,other24,4d16,True,True,(3P).3p 2P* 0.5,(3P).4d 2D 1.5,NIST-json,415,gap,,,,,,,,,,,,,,,,,,
Ar I,789.1075,789.3245951918676,950000.0,C,13.1717777,14.74254085,5.0,5.0,4p5,4d3,True,True,4p[3/2]2,4d[3/2]2,NIST-csv,416,gap,,,,,,,,,,,,,,,,,,
N I,789.3976,789.6147735349144,821000.0,C,12.1263787,13.6965647,4.0,6.0,other25,4d17,True,True,(3P).3p 2P* 1.5,(3P).4d 2D 2.5,NIST-json,417,gap,,,,,,,,,,,,,,,,,,
N I,789.8982,790.1155087259455,28200000.0,C,12.3566901,13.925881,6.0,4.0,other26,other121,True,True,(1D).3s 2D 2.5,(1D).3p 2P* 1.5,NIST-json,418,gap,,,,,,,,,,,,,,,,,,
N I,789.9284,790.1457168817511,3280000.0,C,12.3567502,13.925881,4.0,4.0,other27,other121,True,True,(1D).3s 2D 1.5,(1D).3p 2P* 1.5,NIST-json,418,gap,,,,,,,,,,,,,,,,,,
N I,790.8471,791.0646649886196,136000.0,C,12.1263787,13.6936867,4.0,4.0,other25,4d16,True,True,(3P).3p 2P* 1.5,(3P).4d 2D 1.5,NIST-json,419,gap,,,,,,,,,,,,,,,,,,
N I,791.5419,791.7596526321604,31300000.0,C,12.3567502,13.9226824,4.0,2.0,other27,other120,True,True,(1D).3s 2D 1.5,(1D).3p 2P* 0.5,NIST-json,420,gap,,,,,,,,,,,,,,,,,,
Ar I,791.64418,791.8619602550325,120000.0,D+,13.28263902,14.84836899,3.0,3.0,4p7,6s2,True,True,4p'[3/2]1,6s[3/2]1,NIST-csv,420,gap,,,,,,,,,,,,,,,,,,
Ar I,794.8176,795.0362373388097,18600000.0,B,11.72316039,13.28263902,1.0,3.0,4s3,4p7,True,True,4s'[1/2]0,4p'[3/2]1,NIST-csv,421,ok,794.7993483835438,-0.01825161645619104,0.04468044240374141,38665050639.575775,1838942957.9913812,96825751.03013304,399.32611137240616,0.004547712675515292,False,0.0,,0.04418397015201528,794.7999813842814,-0.31601434897693986,38758905333.230576,1822923525.8139658,,
N I,795.4953685872335,795.7141889878502,,,13.3392701,14.89742,2.0,4.0,4p12,3d22,True,True,(3P).4p 2P* 0.5,(1D).3d 2D 1.5,ritz,422,not_detected,795.4715523076794,-0.023816279554111582,0.031104923020643757,2549412.080110099,84411.45385404359,2139756.0537533355,1.1914498737546217,-0.09070789703994772,False,0.0,,,,,,,,
N I,795.9706085743761,796.1895573366788,,,13.2976904,14.85491,6.0,8.0,4p10,3d18,True,True,(3P).4p 2D* 2.5,(1D).3d 2F 3.5,ritz,423,not_detected,795.946782269597,-0.023826304779209842,0.07002216760680219,1838908.1179349662,137065.38516949653,3684537.121973126,0.49908796059305344,-0.6529484432092559,False,0.0,,,,,,,,
Ar I,796.50647,796.725563499545,34000.0,E,13.28263902,14.838811,3.0,5.0,4p7,6s1,True,True,4p'[3/2]1,6s[3/2]2,NIST-csv,424,not_detected,796.5215562034859,0.015086203485926746,0.031139049843417574,2492483.237780904,82617.07464129312,5969320.46596866,0.41754890728193483,-1.3545951910376164,False,0.0,,,,,,,,
N I,798.0235612935279,798.243064572702,,,13.3442064,14.89742,4.0,4.0,4p13,3d22,True,True,(3P).4p 2P* 1.5,(1D).3d 2D 1.5,ritz,425,not_detected,797.9996916815488,-0.023869611979113893,0.031190254900647453,0.0,0.0,137751389.8097147,0.0,2.8066516301647847e+38,False,0.0,,,,,,,,
N I,798.3885198861285,798.6081217460616,,,13.3442064,14.89671,4.0,6.0,4p13,3d21,True,True,(3P).4p 2P* 1.5,(1D).3d 2D 2.5,ritz,426,weak,798.3952879595441,0.006768073415657565,0.031202573029227045,46677705.71478383,1550358.4480044455,7838611.791519934,5.954843402920055,0.2055256917338412,False,0.0,,,,,,,,
Ar I,800.6157,800.8359034733126,4900000.0,C+,11.62359272,13.1717777,3.0,5.0,4s2,4p5,True,True,4s[3/2]1,4p[3/2]2,NIST-csv,427,ok,800.6113242973338,-0.004375702666209236,0.0351874632309046,27915774573.856216,1045610296.3461757,78568567.71907943,355.30461333683195,0.005933445281714365,False,0.0,,0.03627344756460097,800.6116501723893,0.26740373117692984,27543185947.996292,1063494427.8873107,,
N I,801.0319062387492,801.2522221426613,,,12.1263787,13.6737591,4.0,6.0,other25,4d6,True,True,(3P).3p 2P* 1.5,(3P).4d 2F 2.5,ritz,428,not_detected,801.0470879066704,0.01518166792113572,0.07040653411444184,16612352.539380586,1245019.9628058127,15132842.164586032,1.097768175911919,3.342845679009027,False,1.0,801.076,,,,,,,
N I,801.382627351448,801.6030379972052,,,12.1219574,13.6686606,2.0,2.0,other24,4d4,True,True,(3P).3p 2P* 0.5,(3P).4d 2P 0.5,ritz,429,not_detected,801.3782516487818,-0.004375702666209236,0.03913156270449449,217613584.74439287,9064532.385346778,190259874.2984447,1.1437702539582293,1.4493875573405244,False,0.0,,,,,,,,
Ar I,801.4786,801.6990365714116,9300000.0,B,11.54835442,13.09487256,5.0,5.0,4s1,4p3,True,True,4s[3/2]2,4p[5/2]2,NIST-csv,429,ok,801.4742242973339,-0.004375702666209236,0.03913156270449449,54573480562.624504,2273217834.8242984,190259874.2984447,286.83652169884056,0.006173527913316868,False,0.0,,0.03800600338866626,801.4741094322947,-0.08469358265166495,58182402062.338936,2353835237.41234,,
Ar I,801.67376,801.8942492913102,4200.0,E,13.30222747,14.84836899,5.0,3.0,4p8,6s2,True,True,4p'[3/2]2,6s[3/2]1,NIST-csv,430,not_detected,801.6498133867906,-0.023946613209388703,0.031313456869087146,0.0,0.0,149342600.17256105,0.0,1.6679589008616519e+38,False,0.0,,,,,,,,
N I,802.996724363817,803.2175710429588,,,12.1219574,13.6655516,2.0,4.0,other24,4d3,True,True,(3P).3p 2P* 0.5,(3P).4d 2P 1.5,ritz,431,not_detected,802.9755496737956,-0.021174690021368757,0.0313581097296311,2990420.9688909473,99819.27586487938,3542262.3234259714,0.8442121717283492,0.406243866065617,False,0.0,,,,,,,,
N I,803.6799832041044,803.9010144643462,,,12.1263787,13.6686606,4.0,2.0,other25,4d4,True,True,(3P).3p 2P* 1.5,(3P).4d 2P 0.5,ritz,432,not_detected,803.692419221914,0.012436017809545227,0.03138187822140833,0.0,0.0,7191792.591558127,0.0,6.469940686740734e+35,False,0.0,,,,,,,,
Ar I,803.72188,803.9429225786804,359000.0,C,13.47988682,15.02208834,1.0,3.0,4p10,6s'[1/2]1,True,False,4p'[1/2]0,6s'[1/2]1,NIST-csv,432,ok,803.7343160178096,0.012436017809545227,0.03138187822140833,114023820.82455108,3808962.812726279,7191792.591558127,15.854714853483758,0.005755514525540178,False,0.0,,0.022139671186802917,803.7336841016861,0.11887243517000295,125723623.84930673,2962922.3318557004,,
Ar I,804.6118,804.8330829936231,1120000.0,C,13.15314387,14.6936397,3.0,1.0,4p4,4d1,True,True,4p[3/2]1,4d[1/2]0,NIST-csv,433,not_detected,804.5877914086045,-0.024008591395451688,0.03141262196678792,0.0,0.0,30289228.787432056,0.0,7.352890401405258e+36,False,0.0,,,,,,,,
N I,805.30335717921,805.524827002866,,,12.1263787,13.6655516,4.0,4.0,other25,4d3,True,True,(3P).3p 2P* 1.5,(3P).4d 2P 1.5,ritz,434,not_detected,805.2961746527385,-0.007182526471472817,0.0314364266189521,0.0,0.0,5792486.863618783,0.0,1.6563605409156973e+36,False,0.0,,,,,,,,
Ar I,805.3308,805.5522772376291,860000.0,C,13.1717777,14.7108981,5.0,3.0,4p5,4d2,True,True,4p[3/2]2,4d[1/2]1,NIST-csv,434,weak,805.3236174735284,-0.007182526471472817,0.0314364266189521,25313127.431631804,847054.1791806925,5792486.863618783,4.369993066469856,0.08939089012742367,False,0.0,,,,,,,,
Ar I,806.66043,806.88226645721,140000.0,D+,13.30222747,14.838811,5.0,5.0,4p8,6s1,True,True,4p'[3/2]2,6s[3/2]2,NIST-csv,435,not_detected,806.6363781925928,-0.024051807407253507,0.03148176758567083,0.0,0.0,6245555.086071803,0.0,5.576816270642494e+34,False,0.0,,,,,,,,
Ar I,810.3693,810.5921385232361,25000000.0,B+,11.62359272,13.15314387,3.0,3.0,4s2,4p4,True,True,4s[3/2]1,4p[3/2]1,NIST-csv,436,gap,,,,,,,,,,,,,,,,,,
N I,810.5668407838438,810.7897326812529,,,12.1219574,13.6511356,2.0,4.0,other24,5s5,True,True,(3P).3p 2P* 0.5,(3P).5s 2P 1.5,ritz,437,gap,,,,,,,,,,,,,,,,,,
Ar I,811.5311,811.7542524371603,33000000.0,B,11.54835442,13.07571571,5.0,7.0,4s1,4p2,True,True,4s[3/2]2,4p[5/2]3,NIST-csv,438,gap,,,,,,,,,,,,,,,,,,
N I,812.9172327085003,813.1407596843799,,,12.1263787,13.6511356,4.0,4.0,other25,5s5,True,True,(3P).3p 2P* 1.5,(3P).5s 2P 1.5,ritz,439,gap,,,,,,,,,,,,,,,,,,
N I,815.0681899717888,815.2922981685604,,,12.1219574,13.6426905,2.0,2.0,other24,5s4,True,True,(3P).3p 2P* 0.5,(3P).5s 2P 0.5,ritz,440,gap,,,,,,,,,,,,,,,,,,
Ar I,815.18675,815.4108902342938,33000.0,E,13.32785705,14.84836899,3.0,3.0,4p9,6s2,True,True,4p'[1/2]1,6s[3/2]1,NIST-csv,440,gap,,,,,,,,,,,,,,,,,,
N I,816.6233296110191,816.847858047481,,,12.3566901,13.8745272,6.0,6.0,other26,5p13,True,True,(1D).3s 2D 2.5,(3P).5p 2D* 2.5,ritz,441,gap,,,,,,,,,,,,,,,,,,
N I,816.6556659117499,816.8802030864882,,,12.3567502,13.8745272,4.0,6.0,other27,5p13,True,True,(1D).3s 2D 1.5,(3P).5p 2D* 2.5,ritz,441,gap,,,,,,,,,,,,,,,,,,
N I,817.4447974875808,817.669547912243,,,12.1263787,13.6426905,4.0,2.0,other25,5s4,True,True,(3P).3p 2P* 1.5,(3P).5s 2P 0.5,ritz,442,gap,,,,,,,,,,,,,,,,,,
N I,818.4861604289263,818.7111922706986,,,10.3300944,11.844477,4.0,6.0,other6,other20,True,True,(3P).3s 4P 1.5,(3P).3p 4P* 2.5,ritz,443,gap,,,,,,,,,,,,,,,,,,
N I,818.8012180025685,819.0263349865459,,,10.3259087,11.8397086,2.0,4.0,other5,other19,True,True,(3P).3s 4P 0.5,(3P).3p 4P* 1.5,ritz,444,gap,,,,,,,,,,,,,,,,,,
N I,820.0356651818677,820.2611157727132,,,10.3259087,11.8374298,2.0,2.0,other5,other18,True,True,(3P).3s 4P 0.5,(3P).3p 4P* 0.5,ritz,445,not_detected,820.0483980549261,0.012732873058387602,0.03193600801924744,0.0,0.0,12189791.20757215,0.0,-6.714827258206076e+36,False,0.0,,,,,,,,
N I,820.1436963387886,820.3691761252732,,,12.3566901,13.8680121,6.0,4.0,other26,5p12,True,True,(1D).3s 2D 2.5,(3P).5p 2D* 1.5,ritz,445,not_detected,820.156429211847,0.012732873058387602,0.03193600801924744,0.0,0.0,12189791.20757215,0.0,-4.769680922184059e+36,False,0.0,,,,,,,,
N I,820.176312039951,820.4018006409085,,,12.3567502,13.8680121,4.0,4.0,other27,5p12,True,True,(1D).3s 2D 1.5,(3P).5p 2D* 1.5,ritz,445,not_detected,820.1890449130094,0.012732873058387602,0.03193600801924744,14295358.099010823,485968.229321229,12189791.20757215,1.1727319898745043,-0.2925720013764945,False,0.0,,,,,,,,
Ar I,820.34348,820.5690137786079,160000.0,E,13.32785705,14.838811,3.0,5.0,4p9,6s1,True,True,4p'[1/2]1,6s[3/2]2,NIST-csv,446,not_detected,820.3590690470962,0.01558904709628101,0.03194359961998439,10041095.270043464,341426.4414718148,9022172.145479225,1.112935455911778,-0.32082121476149206,False,0.0,,,,,,,,
N I,821.0715148149885,821.2972453491761,,,10.3300944,11.8397086,4.0,4.0,other6,other19,True,True,(3P).3s 4P 1.5,(3P).3p 4P* 1.5,ritz,447,weak,821.0671391123224,-0.004375702666209236,0.031968172343146056,24983826.715291884,850176.2665106001,6487049.201709179,3.851339174167086,-0.3942061081917259,False,0.0,,,,,,,,
N I,821.6336366952397,821.8595191482547,,,10.3358956,11.844477,6.0,6.0,other7,other20,True,True,(3P).3s 4P 2.5,(3P).3p 4P* 2.5,ritz,448,not_detected,821.6092690268536,-0.024367668386177245,0.07197107659188484,4351498.9801084045,333371.980746166,9614332.96505664,0.45260539612305484,-0.9957458492306642,False,0.0,,,,,,,,
N I,822.312822147951,822.5388881598611,,,10.3300944,11.8374298,4.0,2.0,other6,other18,True,True,(3P).3s 4P 1.5,(3P).3p 4P* 0.5,ritz,449,not_detected,822.288440152094,-0.024381995856994326,0.032010069105256146,0.0,0.0,197452457.10794064,0.0,3.7631823232637876e+38,False,0.0,,,,,,,,
N I,823.3238642446919,823.5502035092491,,,13.6511356,15.15662,4.0,6.0,5s5,4p14,True,True,(3P).5s 2P 1.5,(1D).4p 2F* 2.5,ritz,450,not_detected,823.3395161632294,0.01565191853753324,0.07209943633347292,9193065.740947936,705544.5564352744,7890351.18612483,1.1651022272765157,-0.919189931718849,False,0.0,,,,,,,,
N I,824.2389446991001,824.4655312861377,,,10.3358956,11.8397086,6.0,4.0,other7,other19,True,True,(3P).3s 4P 2.5,(3P).3p 4P* 1.5,ritz,451,weak,824.2317051500198,-0.007239549080247626,0.06014077469480618,13962772.031961413,893866.9413369151,3441882.822352178,4.056724982409271,-0.3981799505202311,False,1.0,824.337,,,,,,,
Ar I,826.4522,826.679384792882,15300000.0,B+,11.82807116,13.32785705,3.0,3.0,4s4,4p9,True,True,4s'[1/2]1,4p'[1/2]1,NIST-csv,452,ok,826.4420832648498,-0.010116735150154172,0.040187227387614544,25521298665.043404,1091749556.8187137,91661577.9426146,278.4296238170938,0.00707987282863338,False,0.0,,0.03929725234671574,826.4415353558637,0.3290125263353422,25470173767.19555,1065433391.3910866,,
N I,831.2173724525617,831.4458452888466,,,13.2889721,14.78016,4.0,4.0,4p9,4s6,True,True,(3P).4p 2D* 1.5,(1D).4s 2D 1.5,ritz,453,not_detected,831.1928021460798,-0.02457030648190125,0.07270057373649126,0.0,0.0,13708177.180209992,0.0,-4.2474744071666575e+36,False,0.0,,,,,,,,
N I,831.2173724525617,831.4458452888466,,,13.2889721,14.78016,4.0,6.0,4p9,4s7,True,True,(3P).4p 2D* 1.5,(1D).4s 2D 2.5,ritz,453,not_detected,831.1928021460798,-0.02457030648190125,0.07270057373649126,0.0,0.0,13708177.180209992,0.0,-4.2474744071666575e+36,False,0.0,,,,,,,,
N I,831.2839897369287,831.5124805810385,,,13.6655516,15.15662,4.0,6.0,4d3,4p14,True,True,(3P).4d 2P 1.5,(1D).4p 2F* 2.5,ritz,453,not_detected,831.2594194304468,-0.02457030648190125,0.07270057373649126,23421069.136472773,1812494.779960695,13708177.180209992,1.7085473019917583,-0.08780709568629913,False,0.0,,,,,,,,
N I,835.8850917498496,836.1148264142643,,,13.6737591,15.15662,6.0,6.0,4d6,4p14,True,True,(3P).4d 2F 2.5,(1D).4p 2F* 2.5,ritz,454,gap,,,,,,,,,,,,,,,,,,
N I,835.8850917498496,836.1148264142643,,,13.6737591,15.15662,6.0,8.0,4d6,4p15,True,True,(3P).4d 2F 2.5,(1D).4p 2F* 3.5,ritz,454,gap,,,,,,,,,,,,,,,,,,
N I,836.1057258231226,836.3355201347805,,,13.2976904,14.78016,6.0,6.0,4p10,4s7,True,True,(3P).4p 2D* 2.5,(1D).4s 2D 2.5,ritz,455,gap,,,,,,,,,,,,,,,,,,
N I,836.1057258231226,836.3355201347805,,,13.2976904,14.78016,6.0,4.0,4p10,4s6,True,True,(3P).4p 2D* 2.5,(1D).4s 2D 1.5,ritz,455,gap,,,,,,,,,,,,,,,,,,
Ar I,838.473,838.703434308838,240000.0,D,13.30222747,14.780512,5.0,7.0,4p8,4d5,True,True,4p'[3/2]2,4d[7/2]3,NIST-csv,456,gap,,,,,,,,,,,,,,,,,,
Ar I,840.821,841.0520691261936,22300000.0,B+,11.82807116,13.30222747,3.0,5.0,4s4,4p8,True,True,4s'[1/2]1,4p'[3/2]2,NIST-csv,457,gap,,,,,,,,,,,,,,,,,,
N I,841.2418268683326,841.4730097746829,,,13.6832014,15.15662,8.0,6.0,4d11,4p14,True,True,(3P).4d 2F 3.5,(1D).4p 2F* 2.5,ritz,458,gap,,,,,,,,,,,,,,,,,,
N I,841.2418268683326,841.4730097746829,,,13.6832014,15.15662,8.0,8.0,4d11,4p15,True,True,(3P).4d 2F 3.5,(1D).4p 2F* 3.5,ritz,458,gap,,,,,,,,,,,,,,,,,,
Ar I,842.4648,842.696313570635,21500000.0,B+,11.62359272,13.09487256,3.0,5.0,4s2,4p3,True,True,4s[3/2]1,4p[5/2]2,NIST-csv,459,gap,,,,,,,,,,,,,,,,,,
N I,847.2712965043992,847.5041097225692,,,13.6936867,15.15662,4.0,6.0,4d16,4p14,True,True,(3P).4d 2D 1.5,(1D).4p 2F* 2.5,ritz,460,gap,,,,,,,,,,,,,,,,,,
N I,848.9414095752699,849.1746744113045,,,13.6965647,15.15662,6.0,8.0,4d17,4p15,True,True,(3P).4d 2D 2.5,(1D).4p 2F* 3.5,ritz,461,edge,,,,,,,,,,,,,,,,,,
N I,848.9414095752699,849.1746744113045,,,13.6965647,15.15662,6.0,6.0,4d17,4p14,True,True,(3P).4d 2D 2.5,(1D).4p 2F* 2.5,ritz,461,edge,,,,,,,,,,,,,,,,,,
Ar I,849.03066,849.2639489708039,96000.0,D,13.28263902,14.74254085,3.0,5.0,4p7,4d3,True,True,4p'[3/2]1,4d[3/2]2,NIST-csv,461,not_detected,849.0262842973339,-0.004375702666209236,0.03290984468678663,26940518.608576376,943765.2766100122,16097893.88822662,1.673543060703092,-0.4909407060887715,False,0.0,,,,,,,,
Ar I,852.1442,852.3783309494852,13900000.0,B,11.82807116,13.28263902,3.0,3.0,4s4,4p7,True,True,4s'[1/2]1,4p'[3/2]1,NIST-csv,462,ok,852.1309804737059,-0.013219526294004405,0.06190676539456618,10759652489.621399,709036459.9157132,235086666.60055158,45.76887598607923,-0.00014003178610745933,False,0.0,,0.05813920729582661,852.1305267778303,0.10227941893277047,10991660228.255903,680243830.0302677,,
N I,856.7735236344027,857.0089065633404,,,10.6796703,12.1263787,2.0,4.0,other8,other25,True,True,(3P).3s 2P 0.5,(3P).3p 2P* 1.5,ritz,463,not_detected,856.7484146873237,-0.0251089470790976,0.03317319106062138,0.0,0.0,21344157.93629741,0.0,2.589444552895848e+37,False,0.0,,,,,,,,
N I,859.3999555983168,859.6360488837487,,,10.6796703,12.1219574,2.0,2.0,other8,other24,True,True,(3P).3s 2P 0.5,(3P).3p 2P* 0.5,ritz,464,weak,859.3777610534767,-0.022194544840034674,0.03326183872447415,78057795.38093622,2763724.47636154,16293366.514796041,4.790771465801851,0.535759886159827,False,0.0,,,,,,,,
N I,860.2333008207132,860.4696195038912,,,13.3392701,14.78016,2.0,4.0,4p12,4s6,True,True,(3P).4p 2P* 0.5,(1D).4s 2D 1.5,ritz,465,not_detected,860.2081188893609,-0.02518193135235107,0.0624186860584255,10052189.512009652,667893.935631789,22470547.74369088,0.44734955403265747,-0.838091366635987,False,0.0,,,,,,,,
Ar I,860.5776,860.8140118080078,1040000.0,C,13.30222747,14.74254085,5.0,5.0,4p8,4d3,True,True,4p'[3/2]2,4d[3/2]2,NIST-csv,466,weak,860.5761976532915,-0.0014023467084168057,0.047871030920458135,105729352.84584562,5387664.75851304,24453152.704121053,4.32375138392798,-0.17744351206389028,False,0.0,,,,,,,,
Ar I,862.04603,862.2828389906388,920000.0,C,13.2730381,14.7108981,1.0,3.0,4p6,4d2,True,True,4p[1/2]0,4d[1/2]1,NIST-csv,467,not_detected,862.0208098289822,-0.025220171017691105,0.03335114936237099,0.0,0.0,52760717.20032977,0.0,1.721087165518413e+37,False,0.0,,,,,,,,
N I,862.9234915655751,863.1605378983083,,,10.6899808,12.1263787,4.0,4.0,other9,other25,True,True,(3P).3s 2P 1.5,(3P).3p 2P* 1.5,ritz,468,weak,862.9071941609245,-0.016297404650537393,0.033380765556118845,105445086.72842498,3746751.165759843,32931563.256009277,3.201945984425249,-0.08454662282855889,False,0.0,,,,,,,,
N I,863.1904908066952,863.4276093600788,,,13.3442064,14.78016,4.0,6.0,4p13,4s7,True,True,(3P).4p 2P* 1.5,(1D).4s 2D 2.5,ritz,469,not_detected,863.1652464931863,-0.025244313508882222,0.07512699903362276,12795211.128506795,1023235.756001606,23601257.471968774,0.5421410763262794,0.047432487227992835,True,0.0,,,,,,,,
N I,863.1904908066952,863.4276093600788,,,13.3442064,14.78016,4.0,4.0,4p13,4s6,True,True,(3P).4p 2P* 1.5,(1D).4s 2D 1.5,ritz,469,not_detected,863.1652464931863,-0.025244313508882222,0.07512699903362276,12795211.128506817,1023235.7560016079,23601257.471968774,0.5421410763262803,0.04743248722799275,True,0.0,,,,,,,,
N I,865.5747661602601,865.8125296526206,,,12.3566901,13.7886883,6.0,4.0,other26,5p6,True,True,(1D).3s 2D 2.5,(3P).5p 2P* 1.5,ritz,470,gap,,,,,,,,,,,,,,,,,,
N I,865.5878225839376,865.8255896080991,,,10.6899808,12.1219574,4.0,2.0,other9,other24,True,True,(3P).3s 2P 1.5,(3P).3p 2P* 0.5,ritz,470,gap,,,,,,,,,,,,,,,,,,
N I,865.6110954269552,865.8488687464911,,,12.3567502,13.7886883,4.0,4.0,other27,5p6,True,True,(1D).3s 2D 1.5,(3P).5p 2P* 1.5,ritz,470,gap,,,,,,,,,,,,,,,,,,
N I,866.4385471608413,866.6765443103604,,,11.6026335,13.0332041,2.0,4.0,other13,3d16,True,True,(3P).3p 2S* 0.5,(3P).3d 2D 1.5,ritz,471,gap,,,,,,,,,,,,,,,,,,
N I,866.6934846946357,866.9315508067763,,,12.3567502,13.7869,4.0,2.0,other27,5p4,True,True,(1D).3s 2D 1.5,(3P).5p 2P* 0.5,ritz,472,gap,,,,,,,,,,,,,,,,,,
Ar I,866.7944,867.0324934106203,2430000.0,B,11.72316039,13.15314387,1.0,3.0,4s3,4p4,True,True,4s'[1/2]0,4p[3/2]1,NIST-csv,472,gap,,,,,,,,,,,,,,,,,,
N I,868.0281713802698,868.2665985410704,,,10.3358956,11.7638464,6.0,8.0,other7,other17,True,True,(3P).3s 4P 2.5,(3P).3p 4D* 3.5,ritz,473,gap,,,,,,,,,,,,,,,,,,
N I,868.3403116411932,868.5788232409475,,,10.3300944,11.7575319,4.0,6.0,other6,other16,True,True,(3P).3s 4P 1.5,(3P).3p 4D* 2.5,ritz,474,gap,,,,,,,,,,,,,,,,,,
N I,868.6149349077264,868.8535207978886,,,10.3259087,11.7528949,2.0,4.0,other5,other15,True,True,(3P).3s 4P 0.5,(3P).3p 4D* 1.5,ritz,475,gap,,,,,,,,,,,,,,,,,,
