run_id,timestamp,date,pressure,Measured Pressure,Argon_Gas_Flow,Nitrogen_Gas_Flow,Nitrogen_Percent,power,frequency,Temperaure3,forward_power,forward_power_error,reverse_power,reverse_power_error,delivered_power,delivered_power_error,gamma,gamma_error,ScopeFileLocation,Laser_On?,row_uid,T_gas_K,T_gas_K_stat,T_gas_K_sys,T_gas_K_err,N_s_cm3,N_s_cm3_stat,N_s_cm3_sys,N_s_cm3_err,fwhm_GHz,fwhm_GHz_err,area_GHz,area_GHz_err,n_periods_used,chi2_median,fwhm_birge,source_files,ScopeFileLocation_Off_Loop,SpectraFileLocation
4fd181c1,2026-07-25 15:55:03.085518,2026-07-25,0.7,0.7070000000000001,79.99,-0.002,0.0,30,2420,47.6,38.46666666666667,0.0471404520791038,8.366666666666667,0.047140452079103,30.100000000000005,0.0816496580927723,0.4663724094942164,0.0014788231707054,Data\NafisaData\LAS_0.7Torr_SmallAdmixture_1kHzLaserFreq\OscopeData_Laser_True\Scope_TrialNumber_0_30.00W_0.70Torr_0.00NitrogenFlow_2420.00MHz.csv,True,4fd181c1|Scope_TrialNumber_0_30.00W_0.70Torr_0.00NitrogenFlow_2420.00MHz.csv,576.8339824747419,34.64948789690715,5.768339824747419,35.126354149721855,58564754815.036354,1691602129.8369346,7154734118.762833,7351988715.705283,1.1702471527937863,0.0217857869222184,0.5209606599311828,0.0086989575886029,1.0,199.55188602933129,,LAS_DataFrame_4fd181c1_Laser_True_20260725_155329_LAS.csv,,
4fd181c1,2026-07-25 15:55:26.323727,2026-07-25,0.7,0.7070000000000001,80.0,-0.01,0.0,35,2420,49.6,48.29999999999999,7.105427357601002e-15,13.4,0.0,34.9,0.0,0.5267188170317451,0.0,Data\NafisaData\LAS_0.7Torr_SmallAdmixture_1kHzLaserFreq\OscopeData_Laser_True\Scope_TrialNumber_0_35.00W_0.70Torr_0.00NitrogenFlow_2420.00MHz.csv,True,4fd181c1|Scope_TrialNumber_0_35.00W_0.70Torr_0.00NitrogenFlow_2420.00MHz.csv,640.2082902418308,25.821927193568445,6.402082902418308,26.60373262306225,42027849430.06169,824411857.5408177,5134454830.472302,5200219352.778713,1.2328573286971871,0.0129067647264988,0.3738572157216967,0.0035007206604854,1.0,17.39351239753548,,LAS_DataFrame_4fd181c1_Laser_True_20260725_155329_LAS.csv,,
4fd181c1,2026-07-25 15:55:49.436563,2026-07-25,0.7,0.7070000000000001,80.01,-0.008,0.0,40,2420,50.5,51.06666666666666,0.4988876515698602,11.433333333333332,1.6739839372652965,39.63333333333333,2.148384405909604,0.4721291446968359,0.0361611628399005,Data\NafisaData\LAS_0.7Torr_SmallAdmixture_1kHzLaserFreq\OscopeData_Laser_True\Scope_TrialNumber_0_40.00W_0.70Torr_0.00NitrogenFlow_2420.00MHz.csv,True,4fd181c1|Scope_TrialNumber_0_40.00W_0.70Torr_0.00NitrogenFlow_2420.00MHz.csv,645.3812732832148,28.55647805331593,6.453812732832148,29.27668248965345,44728544250.18833,962858607.0660253,5464393091.71753,5548575362.9207735,1.237828147598686,0.014229000613972,0.3978811488912191,0.0040979490712442,1.0,21.917928631580843,,LAS_DataFrame_4fd181c1_Laser_True_20260725_155329_LAS.csv,,
4fd181c1,2026-07-25 15:56:12.523260,2026-07-25,0.7,0.7070000000000001,79.99,-0.002,0.0,45,2420,51.7,59.23333333333333,0.0471404520791004,14.233333333333334,0.0471404520791038,45.0,0.0,0.4901956421334383,0.000616080524567,Data\NafisaData\LAS_0.7Torr_SmallAdmixture_1kHzLaserFreq\OscopeData_Laser_True\Scope_TrialNumber_0_45.00W_0.70Torr_0.00NitrogenFlow_2420.00MHz.csv,True,4fd181c1|Scope_TrialNumber_0_45.00W_0.70Torr_0.00NitrogenFlow_2420.00MHz.csv,629.8138801066513,26.532314074137947,6.2981388010665125,27.26958456753968,45137511756.55014,924828198.9595964,5514355800.1839695,5591370770.089696,1.2228080472227592,0.013405294128237,0.4015191045640047,0.0039404047702393,1.0,21.622662723365902,,LAS_DataFrame_4fd181c1_Laser_True_20260725_155329_LAS.csv,,
4fd181c1,2026-07-25 15:56:35.676844,2026-07-25,0.7,0.7070000000000001,79.99,-0.004,0.0,50,2420,53.3,69.30000000000001,0.0816496580927737,19.3,0.0816496580927723,50.0,0.0816496580927766,0.5277290729712839,0.0009977763051715,Data\NafisaData\LAS_0.7Torr_SmallAdmixture_1kHzLaserFreq\OscopeData_Laser_True\Scope_TrialNumber_0_50.00W_0.70Torr_0.00NitrogenFlow_2420.00MHz.csv,True,4fd181c1|Scope_TrialNumber_0_50.00W_0.70Torr_0.00NitrogenFlow_2420.00MHz.csv,603.400930125496,24.2948132068494,6.03400930125496,25.032922662033204,43562523309.386345,854062927.2819235,5321942741.934694,5390036923.082136,1.1968925451639552,0.0121955602811315,0.3875088517522269,0.0035285998131245,1.0,18.22987129447689,,LAS_DataFrame_4fd181c1_Laser_True_20260725_155329_LAS.csv,,
4fd181c1,2026-07-25 15:56:58.814708,2026-07-25,0.7,0.7070000000000001,80.01,0.013,0.0,55,2420,54.9,78.89999999999999,0.1414213562373081,24.03333333333333,0.0471404520791038,54.86666666666667,0.0942809041582043,0.5519102199293825,4.65895549245338e-05,Data\NafisaData\LAS_0.7Torr_SmallAdmixture_1kHzLaserFreq\OscopeData_Laser_True\Scope_TrialNumber_0_55.00W_0.70Torr_0.00NitrogenFlow_2420.00MHz.csv,True,4fd181c1|Scope_TrialNumber_0_55.00W_0.70Torr_0.00NitrogenFlow_2420.00MHz.csv,630.4873394789926,30.568799704398565,6.304873394789926,31.212224270179263,44313023509.439865,1052640511.7546132,5413629788.25496,5515019449.763388,1.223461646276845,0.0132366719903583,0.3941848991587804,0.0038146589767024,1.0,20.74452396481214,,LAS_DataFrame_4fd181c1_Laser_True_20260725_155329_LAS.csv,,
4fd181c1,2026-07-25 15:57:21.849878,2026-07-25,0.7,0.7070000000000001,80.01,-0.008,0.0,60,2420,56.1,85.03333333333335,0.1247219128924639,25.100000000000005,0.0816496580927723,59.93333333333334,0.0471404520791021,0.543302278079796,0.0004982693709425,Data\NafisaData\LAS_0.7Torr_SmallAdmixture_1kHzLaserFreq\OscopeData_Laser_True\Scope_TrialNumber_0_60.00W_0.70Torr_0.00NitrogenFlow_2420.00MHz.csv,True,4fd181c1|Scope_TrialNumber_0_60.00W_0.70Torr_0.00NitrogenFlow_2420.00MHz.csv,730.2572222905161,33.36381812022354,7.3025722229051615,34.153651644152234,43025543856.0847,958181256.6599576,5256341080.530224,5342961058.765457,1.3167099116748475,0.0152433824606496,0.3827321704317805,0.0039799812744499,1.0,19.76769930244245,,LAS_DataFrame_4fd181c1_Laser_True_20260725_155329_LAS.csv,,
4fd181c1,2026-07-25 15:57:44.854764,2026-07-25,0.7,0.7070000000000001,80.02,0.005,0.0,65,2420,57.6,96.36666666666667,0.1699673171197563,31.399999999999995,0.163299316185546,64.96666666666667,0.0471404520791004,0.570820402459013,0.0010106239284147,Data\NafisaData\LAS_0.7Torr_SmallAdmixture_1kHzLaserFreq\OscopeData_Laser_True\Scope_TrialNumber_0_65.00W_0.70Torr_0.00NitrogenFlow_2420.00MHz.csv,True,4fd181c1|Scope_TrialNumber_0_65.00W_0.70Torr_0.00NitrogenFlow_2420.00MHz.csv,704.5041601574294,41.84977681683734,7.045041601574294,42.43861956740592,41758929984.03778,1216949859.210677,5101601501.849264,5244740684.10475,1.2932841508442012,0.0168006693792038,0.3714650525083202,0.0043295368475256,1.0,24.38377792552815,,LAS_DataFrame_4fd181c1_Laser_True_20260725_155329_LAS.csv,,
4fd181c1,2026-07-25 15:58:07.881198,2026-07-25,0.7,0.7070000000000001,79.99,-0.004,0.0,70,2420,59.3,108.83333333333331,0.2494438257849279,38.833333333333336,0.2054804667656327,70.00000000000001,0.0816496580927737,0.5973370470992473,0.0009488104395073,Data\NafisaData\LAS_0.7Torr_SmallAdmixture_1kHzLaserFreq\OscopeData_Laser_True\Scope_TrialNumber_0_70.00W_0.70Torr_0.00NitrogenFlow_2420.00MHz.csv,True,4fd181c1|Scope_TrialNumber_0_70.00W_0.70Torr_0.00NitrogenFlow_2420.00MHz.csv,753.138983824275,42.38916011454902,7.53138983824275,43.0530222877844,42553995914.36005,1175449372.6573582,5198733050.61624,5329963091.734333,1.3371795876394013,0.0165195602385417,0.378537532757877,0.0042096673959473,1.0,22.488213705643947,,LAS_DataFrame_4fd181c1_Laser_True_20260725_155329_LAS.csv,,
4fd181c1,2026-07-25 15:58:30.914003,2026-07-25,0.7,0.7070000000000001,80.0,0.007,0.0,75,2420,61.2,121.8,0.2160246899469295,46.76666666666667,0.0471404520791004,75.03333333333335,0.2357022603955158,0.6196480470647826,0.0007160650892962,Data\NafisaData\LAS_0.7Torr_SmallAdmixture_1kHzLaserFreq\OscopeData_Laser_True\Scope_TrialNumber_0_75.00W_0.70Torr_0.00NitrogenFlow_2420.00MHz.csv,True,4fd181c1|Scope_TrialNumber_0_75.00W_0.70Torr_0.00NitrogenFlow_2420.00MHz.csv,633.8729534600072,28.61166838500024,6.3387295346000725,29.305410078789777,39285411811.675446,851800814.5602305,4799416938.504402,4874419716.980518,1.22674214279396,0.0173984242491667,0.3494619609988376,0.0044467632807319,1.0,31.40776847534924,,LAS_DataFrame_4fd181c1_Laser_True_20260725_155329_LAS.csv,,
4fd181c1,2026-07-25 15:58:53.939717,2026-07-25,0.7,0.7070000000000001,80.01,-0.007,0.0,80,2420,63.0,134.6,0.2160246899469295,54.6,0.1632993161855446,80.0,0.1414213562373048,0.6369030543847336,0.000658073275289,Data\NafisaData\LAS_0.7Torr_SmallAdmixture_1kHzLaserFreq\OscopeData_Laser_True\Scope_TrialNumber_0_80.00W_0.70Torr_0.00NitrogenFlow_2420.00MHz.csv,True,4fd181c1|Scope_TrialNumber_0_80.00W_0.70Torr_0.00NitrogenFlow_2420.00MHz.csv,653.5267919637,31.13216903000404,6.5352679196370005,31.810716359336816,38850889444.02288,895171793.4524598,4746332245.859002,4830010592.935987,1.2456151238234143,0.016869317335512,0.3455966829809909,0.0041899152287724,1.0,25.624821336765496,,LAS_DataFrame_4fd181c1_Laser_True_20260725_155329_LAS.csv,,
4fd181c1,2026-07-25 15:59:16.961928,2026-07-25,0.7,0.7070000000000001,80.0,-0.004,0.0,85,2420,65.0,147.7,0.3741657386773855,62.66666666666666,0.3858612300930097,85.03333333333332,0.0471404520791004,0.6513664127704288,0.0011879334803517,Data\NafisaData\LAS_0.7Torr_SmallAdmixture_1kHzLaserFreq\OscopeData_Laser_True\Scope_TrialNumber_0_85.00W_0.70Torr_0.00NitrogenFlow_2420.00MHz.csv,True,4fd181c1|Scope_TrialNumber_0_85.00W_0.70Torr_0.00NitrogenFlow_2420.00MHz.csv,648.9640702115487,38.77536404889796,6.489640702115487,39.31468292593903,37164670264.25783,1087222074.7832766,4540330360.676008,4668688426.525417,1.241259258082656,0.0168356104691539,0.3305969812072292,0.0040119081281667,1.0,23.199445299774915,,LAS_DataFrame_4fd181c1_Laser_True_20260725_155329_LAS.csv,,
4fd181c1,2026-07-25 15:59:40.105311,2026-07-25,0.7,0.7070000000000001,80.0,-0.005,0.0,90,2420,66.8,158.93333333333334,0.7586537784493997,68.93333333333334,0.6847546194724724,90.0,0.1414213562373014,0.6585677381875897,0.001734208656309,Data\NafisaData\LAS_0.7Torr_SmallAdmixture_1kHzLaserFreq\OscopeData_Laser_True\Scope_TrialNumber_0_90.00W_0.70Torr_0.00NitrogenFlow_2420.00MHz.csv,True,4fd181c1|Scope_TrialNumber_0_90.00W_0.70Torr_0.00NitrogenFlow_2420.00MHz.csv,637.7630606380519,34.26260495574561,6.377630606380519,34.8511157713053,36959516043.49227,960903264.725211,4515267096.814402,4616380837.813787,1.230500671243569,0.0185462975332324,0.3287720392506678,0.0044300741364123,1.0,27.628791747198957,,LAS_DataFrame_4fd181c1_Laser_True_20260725_155329_LAS.csv,,
4fd181c1,2026-07-25 16:01:05.818438,2026-07-25,0.7,0.706,78.39,1.587,2.0,30,2420,58.8,37.766666666666666,0.0471404520791004,7.8,0.0,29.966666666666665,0.0471404520791004,0.4544574504354459,0.0002838154876852,Data\NafisaData\LAS_0.7Torr_SmallAdmixture_1kHzLaserFreq\OscopeData_Laser_True\Scope_TrialNumber_0_30.00W_0.70Torr_2.00NitrogenFlow_2420.00MHz.csv,True,4fd181c1|Scope_TrialNumber_0_30.00W_0.70Torr_2.00NitrogenFlow_2420.00MHz.csv,701.2315922566962,30.164996850821524,7.0123159225669625,30.969333373644947,35771867347.9338,743737186.9759675,4370174529.278634,4433009183.347882,1.2902768678962453,0.0159387987625564,0.3182073532008647,0.0035182895069513,1.0,17.0981875701676,,LAS_DataFrame_4fd181c1_Laser_True_20260725_155329_LAS.csv,,
4fd181c1,2026-07-25 16:01:28.953513,2026-07-25,0.7,0.706,78.4,1.596,2.0,35,2420,56.9,44.03333333333333,0.0471404520791038,9.033333333333331,0.047140452079103,35.0,0.0,0.4529302654375962,0.0009379751242632,Data\NafisaData\LAS_0.7Torr_SmallAdmixture_1kHzLaserFreq\OscopeData_Laser_True\Scope_TrialNumber_0_35.00W_0.70Torr_2.00NitrogenFlow_2420.00MHz.csv,True,4fd181c1|Scope_TrialNumber_0_35.00W_0.70Torr_2.00NitrogenFlow_2420.00MHz.csv,746.8812076852167,37.27912094687333,7.468812076852167,38.01994229889023,40296800260.22341,982959695.9740642,4922976158.772678,5020149800.92762,1.331612736710724,0.0159625315654297,0.3584587303913911,0.0038588385578263,1.0,20.787299661315075,,LAS_DataFrame_4fd181c1_Laser_True_20260725_155329_LAS.csv,,
4fd181c1,2026-07-25 16:01:52.040340,2026-07-25,0.7,0.706,78.41,1.602,2.0,40,2420,56.4,50.29999999999999,7.105427357601002e-15,10.266666666666667,0.0471404520791038,40.03333333333333,0.0471404520791004,0.4517826952129544,0.0010380520107059,Data\NafisaData\LAS_0.7Torr_SmallAdmixture_1kHzLaserFreq\OscopeData_Laser_True\Scope_TrialNumber_0_40.00W_0.70Torr_2.00NitrogenFlow_2420.00MHz.csv,True,4fd181c1|Scope_TrialNumber_0_40.00W_0.70Torr_2.00NitrogenFlow_2420.00MHz.csv,651.5343128075822,28.90234845463257,6.515343128075822,29.62761283447531,42382448134.65301,918286461.566973,5177775415.664221,5258574738.515559,1.2437148522720538,0.0131662777101969,0.3770115356832174,0.0035677144848178,1.0,19.322415058142987,,LAS_DataFrame_4fd181c1_Laser_True_20260725_155329_LAS.csv,,
4fd181c1,2026-07-25 16:02:15.245956,2026-07-25,0.7,0.706,78.4,1.591,2.0,45,2420,56.4,57.03333333333333,0.0942809041582076,12.1,0.0,44.93333333333334,0.0942809041582076,0.4606051115554874,0.0003810438707423,Data\NafisaData\LAS_0.7Torr_SmallAdmixture_1kHzLaserFreq\OscopeData_Laser_True\Scope_TrialNumber_0_45.00W_0.70Torr_2.00NitrogenFlow_2420.00MHz.csv,True,4fd181c1|Scope_TrialNumber_0_45.00W_0.70Torr_2.00NitrogenFlow_2420.00MHz.csv,645.5161356553145,34.881357865535136,6.455161356553146,35.473627312169064,42707097598.79156,1134409449.0991893,5217437164.527444,5339338476.253186,1.237957472485441,0.0137454259346014,0.3798994432586539,0.0037774672492022,1.0,20.105346300012663,,LAS_DataFrame_4fd181c1_Laser_True_20260725_155329_LAS.csv,,
4fd181c1,2026-07-25 16:02:38.268937,2026-07-25,0.7,0.706,78.39,1.604,2.0,50,2420,56.8,64.53333333333335,0.1247219128924639,14.6,0.0,49.93333333333334,0.1247219128924639,0.47564724621053,0.000459382359766,Data\NafisaData\LAS_0.7Torr_SmallAdmixture_1kHzLaserFreq\OscopeData_Laser_True\Scope_TrialNumber_0_50.00W_0.70Torr_2.00NitrogenFlow_2420.00MHz.csv,True,4fd181c1|Scope_TrialNumber_0_50.00W_0.70Torr_2.00NitrogenFlow_2420.00MHz.csv,638.9152858566745,30.805868526214923,6.389152858566745,31.46144958365032,42188732558.96742,993433938.7993598,5154109587.247953,5248976722.002077,1.2316117218758282,0.0142106542086779,0.3752883457805731,0.0038714284826847,1.0,22.66852306977797,,LAS_DataFrame_4fd181c1_Laser_True_20260725_155329_LAS.csv,,
4fd181c1,2026-07-25 16:03:01.282969,2026-07-25,0.7,0.706,78.4,1.598,2.0,55,2420,58.2,77.23333333333333,0.1885618083164153,22.23333333333333,0.0471404520791038,55.0,0.2160246899469295,0.5365385189631082,0.001059740910287,Data\NafisaData\LAS_0.7Torr_SmallAdmixture_1kHzLaserFreq\OscopeData_Laser_True\Scope_TrialNumber_0_55.00W_0.70Torr_2.00NitrogenFlow_2420.00MHz.csv,True,4fd181c1|Scope_TrialNumber_0_55.00W_0.70Torr_2.00NitrogenFlow_2420.00MHz.csv,680.0482392936826,28.60946093294746,6.800482392936827,29.406594764618543,35368832945.91953,715269373.4450192,4320936655.813034,4379737875.733793,1.2706385713902946,0.0166045577488528,0.3146221752433808,0.0036863135604149,1.0,19.559854955099688,,LAS_DataFrame_4fd181c1_Laser_True_20260725_155329_LAS.csv,,
4fd181c1,2026-07-25 16:03:24.369941,2026-07-25,0.7,0.706,78.4,1.6,2.0,60,2420,59.1,84.89999999999999,0.1414213562373081,24.73333333333333,0.0471404520791038,60.16666666666666,0.1699673171197563,0.5397441036766637,0.0008349133293016,Data\NafisaData\LAS_0.7Torr_SmallAdmixture_1kHzLaserFreq\OscopeData_Laser_True\Scope_TrialNumber_0_60.00W_0.70Torr_2.00NitrogenFlow_2420.00MHz.csv,True,4fd181c1|Scope_TrialNumber_0_60.00W_0.70Torr_2.00NitrogenFlow_2420.00MHz.csv,676.3112945736011,37.645580813593085,6.763112945736012,38.2482607645047,34065069879.076195,910811638.145412,4161658637.377073,4260162022.063988,1.267142608210963,0.0219389412634071,0.3030245980001781,0.0046950085492804,1.0,38.13467221398637,,LAS_DataFrame_4fd181c1_Laser_True_20260725_155329_LAS.csv,,
4fd181c1,2026-07-25 16:03:47.471058,2026-07-25,0.7,0.706,78.41,1.592,2.0,65,2420,59.2,87.06666666666668,1.510702559149956,19.3,0.7071067811865476,67.76666666666667,0.805536398239639,0.4707186194716775,0.0044837727289918,Data\NafisaData\LAS_0.7Torr_SmallAdmixture_1kHzLaserFreq\OscopeData_Laser_True\Scope_TrialNumber_0_65.00W_0.70Torr_2.00NitrogenFlow_2420.00MHz.csv,True,4fd181c1|Scope_TrialNumber_0_65.00W_0.70Torr_2.00NitrogenFlow_2420.00MHz.csv,647.6424977113119,32.07395103353372,6.476424977113119,32.721283828506685,35298082757.50863,849666892.2143322,4312293252.651335,4395202717.120951,1.2399947426982971,0.0160745209027091,0.3139928194992782,0.0036389423348148,1.0,22.13963248815153,,LAS_DataFrame_4fd181c1_Laser_True_20260725_155329_LAS.csv,,
4fd181c1,2026-07-25 16:04:10.646713,2026-07-25,0.7,0.706,78.4,1.602,2.0,70,2420,59.5,91.83333333333331,0.1247219128924639,21.8,0.0816496580927723,70.03333333333333,0.0471404520791004,0.4872222008100857,0.0005909407122415,Data\NafisaData\LAS_0.7Torr_SmallAdmixture_1kHzLaserFreq\OscopeData_Laser_True\Scope_TrialNumber_0_70.00W_0.70Torr_2.00NitrogenFlow_2420.00MHz.csv,True,4fd181c1|Scope_TrialNumber_0_70.00W_0.70Torr_2.00NitrogenFlow_2420.00MHz.csv,665.7119661514117,29.75949741689625,6.657119661514117,30.494998420953763,37835828655.41185,813068213.8391002,4622324383.453864,4693289105.331958,1.2571738998588138,0.0171881154902227,0.3365672464201244,0.0041100085246234,1.0,26.817336640428028,,LAS_DataFrame_4fd181c1_Laser_True_20260725_155329_LAS.csv,,
4fd181c1,2026-07-25 16:04:33.785021,2026-07-25,0.7,0.706,78.39,1.595,2.0,75,2420,60.3,101.56666666666668,0.2357022603955158,26.7,0.1414213562373081,74.86666666666667,0.0942809041582009,0.512717398442638,0.0007612887050218,Data\NafisaData\LAS_0.7Torr_SmallAdmixture_1kHzLaserFreq\OscopeData_Laser_True\Scope_TrialNumber_0_75.00W_0.70Torr_2.00NitrogenFlow_2420.00MHz.csv,True,4fd181c1|Scope_TrialNumber_0_75.00W_0.70Torr_2.00NitrogenFlow_2420.00MHz.csv,688.4602836536902,30.08400119419455,6.884602836536902,30.861705786769967,39131748199.930565,815324065.6972048,4780644175.103689,4849671335.364681,1.27847317500675,0.0190511459817336,0.3480950518939528,0.0046545696293736,1.0,34.9611548881345,,LAS_DataFrame_4fd181c1_Laser_True_20260725_155329_LAS.csv,,
4fd181c1,2026-07-25 16:04:56.771205,2026-07-25,0.7,0.705,78.41,1.6,2.0,80,2420,61.3,112.7,0.0,32.63333333333333,0.0942809041582076,80.06666666666666,0.0942809041582076,0.5381065852901522,0.0007777204089503,Data\NafisaData\LAS_0.7Torr_SmallAdmixture_1kHzLaserFreq\OscopeData_Laser_True\Scope_TrialNumber_0_80.00W_0.70Torr_2.00NitrogenFlow_2420.00MHz.csv,True,4fd181c1|Scope_TrialNumber_0_80.00W_0.70Torr_2.00NitrogenFlow_2420.00MHz.csv,696.9786044003489,33.013929116181195,6.969786044003489,33.74162760133871,39058483427.335625,898880240.6221286,4771693570.429531,4855619962.173669,1.28635813566488,0.0162286835368058,0.347443327757118,0.0039290388337927,1.0,23.05652166635893,,LAS_DataFrame_4fd181c1_Laser_True_20260725_155329_LAS.csv,,
4fd181c1,2026-07-25 16:05:19.873987,2026-07-25,0.7,0.706,78.39,1.603,2.0,85,2420,62.5,122.96666666666664,0.3299831645537235,37.9,0.2828427124746197,85.06666666666666,0.0471404520791004,0.5551647302123163,0.0013303471907531,Data\NafisaData\LAS_0.7Torr_SmallAdmixture_1kHzLaserFreq\OscopeData_Laser_True\Scope_TrialNumber_0_85.00W_0.70Torr_2.00NitrogenFlow_2420.00MHz.csv,True,4fd181c1|Scope_TrialNumber_0_85.00W_0.70Torr_2.00NitrogenFlow_2420.00MHz.csv,751.7539170900544,30.972229191224905,7.517539170900545,31.87149786658588,40586636207.30641,803814298.9748801,4958384812.765819,5023116301.530674,1.3359494459852728,0.0172660089276284,0.361036955584018,0.0041934498429891,1.0,22.083300375109427,,LAS_DataFrame_4fd181c1_Laser_True_20260725_155329_LAS.csv,,
4fd181c1,2026-07-25 16:05:42.930272,2026-07-25,0.7,0.706,78.37,1.605,2.0,90,2420,63.9,133.63333333333333,0.0942809041582009,43.6,0.0,90.03333333333335,0.0942809041582009,0.5711970094221729,0.0002015707225624,Data\NafisaData\LAS_0.7Torr_SmallAdmixture_1kHzLaserFreq\OscopeData_Laser_True\Scope_TrialNumber_0_90.00W_0.70Torr_2.00NitrogenFlow_2420.00MHz.csv,True,4fd181c1|Scope_TrialNumber_0_90.00W_0.70Torr_2.00NitrogenFlow_2420.00MHz.csv,673.8047818258827,32.74216497013743,6.738047818258828,33.42829124159411,39931554536.6016,950851507.5477102,4878354849.441112,4970157404.597098,1.2647923167267368,0.013763402849631,0.3552097002568672,0.003464176079245,1.0,16.092627931705234,,LAS_DataFrame_4fd181c1_Laser_True_20260725_155329_LAS.csv,,
4fd181c1,2026-07-25 16:07:08.639989,2026-07-25,0.7,0.705,76.82,3.207,4.0,30,2420,56.5,38.16666666666666,0.1247219128924639,8.2,0.0,29.96666666666667,0.1247219128924639,0.4635179436610164,0.0007580613554275,Data\NafisaData\LAS_0.7Torr_SmallAdmixture_1kHzLaserFreq\OscopeData_Laser_True\Scope_TrialNumber_0_30.00W_0.70Torr_4.00NitrogenFlow_2420.00MHz.csv,True,4fd181c1|Scope_TrialNumber_0_30.00W_0.70Torr_4.00NitrogenFlow_2420.00MHz.csv,686.8005378218562,43.7899978798429,6.868005378218562,44.325313447192734,23034925170.503204,692241854.3903213,2814128831.599476,2898019990.5813594,1.2769311681432716,0.030508440939519,0.2049063443736934,0.0043833921168894,1.0,32.21324338567345,,LAS_DataFrame_4fd181c1_Laser_True_20260725_155329_LAS.csv,,
4fd181c1,2026-07-25 16:07:31.723812,2026-07-25,0.7,0.705,76.81,3.208,4.0,35,2420,55.0,44.1,0.0816496580927737,9.1,0.0,35.0,0.0816496580927737,0.4542573465163166,0.0004205220683212,Data\NafisaData\LAS_0.7Torr_SmallAdmixture_1kHzLaserFreq\OscopeData_Laser_True\Scope_TrialNumber_0_35.00W_0.70Torr_4.00NitrogenFlow_2420.00MHz.csv,True,4fd181c1|Scope_TrialNumber_0_35.00W_0.70Torr_4.00NitrogenFlow_2420.00MHz.csv,640.4101376852918,30.46637790176577,6.404101376852919,31.132181049489787,24492826776.551605,556175754.0726889,2992237634.334795,3043487724.592924,1.2330516634881437,0.0196561346386584,0.2178750554218391,0.0031115241967332,1.0,14.676586553995568,,LAS_DataFrame_4fd181c1_Laser_True_20260725_155329_LAS.csv,,
4fd181c1,2026-07-25 16:07:54.869768,2026-07-25,0.7,0.705,76.79,3.205,4.0,40,2420,54.7,50.26666666666667,0.0471404520791004,10.2,0.0,40.06666666666666,0.0471404520791004,0.4504641004613032,0.0002113294403526,Data\NafisaData\LAS_0.7Torr_SmallAdmixture_1kHzLaserFreq\OscopeData_Laser_True\Scope_TrialNumber_0_40.00W_0.70Torr_4.00NitrogenFlow_2420.00MHz.csv,True,4fd181c1|Scope_TrialNumber_0_40.00W_0.70Torr_4.00NitrogenFlow_2420.00MHz.csv,712.2648855447326,39.75753974194002,7.122648855447326,40.39051984129377,27000074962.13152,716796868.507801,3298542923.142545,3375527094.620388,1.3003879650101893,0.025444533206939,0.2401781910448984,0.0042201111870186,1.0,32.41067108081395,,LAS_DataFrame_4fd181c1_Laser_True_20260725_155329_LAS.csv,,
4fd181c1,2026-07-25 16:08:17.987838,2026-07-25,0.7,0.705,76.8,3.203,4.0,45,2420,54.8,56.5,0.0816496580927737,11.4,0.0,45.1,0.0816496580927737,0.4491884098417327,0.000324567556974,Data\NafisaData\LAS_0.7Torr_SmallAdmixture_1kHzLaserFreq\OscopeData_Laser_True\Scope_TrialNumber_0_45.00W_0.70Torr_4.00NitrogenFlow_2420.00MHz.csv,True,4fd181c1|Scope_TrialNumber_0_45.00W_0.70Torr_4.00NitrogenFlow_2420.00MHz.csv,707.0579978701243,31.34904706489873,7.070579978701243,32.13651899494478,28438338947.668976,607879472.5620531,3474252638.6807146,3527031166.6530857,1.2956261171721255,0.0175606778946145,0.2529722163494912,0.0030896014316419,1.0,14.129004754434764,,LAS_DataFrame_4fd181c1_Laser_True_20260725_155329_LAS.csv,,
4fd181c1,2026-07-25 16:08:41.014255,2026-07-25,0.7,0.705,76.8,3.207,4.0,50,2420,55.0,62.4,0.0816496580927737,12.300000000000002,1.7763568394002505e-15,50.1,0.0816496580927737,0.443977068926942,0.0002904697076859,Data\NafisaData\LAS_0.7Torr_SmallAdmixture_1kHzLaserFreq\OscopeData_Laser_True\Scope_TrialNumber_0_50.00W_0.70Torr_4.00NitrogenFlow_2420.00MHz.csv,True,4fd181c1|Scope_TrialNumber_0_50.00W_0.70Torr_4.00NitrogenFlow_2420.00MHz.csv,721.8045726308515,42.15882270102704,7.218045726308515,42.772263391638674,31792326366.863567,901656017.0738536,3884002296.095001,3987286973.5193033,1.309067343251796,0.0211785014218825,0.2828074902240757,0.0041295051011312,1.0,27.645278003557724,,LAS_DataFrame_4fd181c1_Laser_True_20260725_155329_LAS.csv,,
4fd181c1,2026-07-25 16:09:04.121074,2026-07-25,0.7,0.705,76.79,3.207,4.0,55,2420,55.4,68.76666666666667,0.0942809041582076,13.800000000000002,1.7763568394002505e-15,54.96666666666668,0.0942809041582076,0.447971992483688,0.0003068677170527,Data\NafisaData\LAS_0.7Torr_SmallAdmixture_1kHzLaserFreq\OscopeData_Laser_True\Scope_TrialNumber_0_55.00W_0.70Torr_4.00NitrogenFlow_2420.00MHz.csv,True,4fd181c1|Scope_TrialNumber_0_55.00W_0.70Torr_4.00NitrogenFlow_2420.00MHz.csv,743.7922094328451,38.11953252646606,7.437922094328451,38.83840168077985,31390524295.17716,774422418.1017619,3834914973.858893,3912327049.006223,1.328856199757937,0.020771879255136,0.2792332744164869,0.0039125671410678,1.0,21.122718666625328,,LAS_DataFrame_4fd181c1_Laser_True_20260725_155329_LAS.csv,,
4fd181c1,2026-07-25 16:09:27.123540,2026-07-25,0.7,0.705,76.82,3.214,4.0,60,2420,55.8,75.8,0.1414213562373148,15.699999999999998,0.081649658092773,60.1,0.1632993161855504,0.455107846889697,0.0012570546827442,Data\NafisaData\LAS_0.7Torr_SmallAdmixture_1kHzLaserFreq\OscopeData_Laser_True\Scope_TrialNumber_0_60.00W_0.70Torr_4.00NitrogenFlow_2420.00MHz.csv,True,4fd181c1|Scope_TrialNumber_0_60.00W_0.70Torr_4.00NitrogenFlow_2420.00MHz.csv,692.8043516958904,32.86068859078897,6.928043516958905,33.583070759441945,31222730540.836784,707543253.2396464,3814415960.3671446,3879482771.4411297,1.2825003072035115,0.0204727932600082,0.2777406711388061,0.0039855231897345,1.0,24.96951410804555,,LAS_DataFrame_4fd181c1_Laser_True_20260725_155329_LAS.csv,,
4fd181c1,2026-07-25 16:09:50.253463,2026-07-25,0.7,0.705,76.8,3.194,4.0,65,2420,57.0,87.46666666666665,0.0942809041582009,22.399999999999995,3.552713678800501e-15,65.06666666666666,0.0942809041582009,0.50606104770147,0.0002725875569204,Data\NafisaData\LAS_0.7Torr_SmallAdmixture_1kHzLaserFreq\OscopeData_Laser_True\Scope_TrialNumber_0_65.00W_0.70Torr_4.00NitrogenFlow_2420.00MHz.csv,True,4fd181c1|Scope_TrialNumber_0_65.00W_0.70Torr_4.00NitrogenFlow_2420.00MHz.csv,724.0571501777649,39.05081186378082,7.24057150177765,39.716391866492096,27936719441.05382,696258695.3653463,3412970828.31625,3483266576.908745,1.311108393416453,0.0303204292983958,0.2485100781568885,0.0051456769276613,1.0,42.296383633951805,,LAS_DataFrame_4fd181c1_Laser_True_20260725_155329_LAS.csv,,
4fd181c1,2026-07-25 16:10:13.331540,2026-07-25,0.7,0.705,76.81,3.195,4.0,70,2420,58.4,97.3,0.0,27.166666666666668,0.0471404520791021,70.13333333333333,0.0471404520791004,0.5283985209667948,0.000458587903098,Data\NafisaData\LAS_0.7Torr_SmallAdmixture_1kHzLaserFreq\OscopeData_Laser_True\Scope_TrialNumber_0_70.00W_0.70Torr_4.00NitrogenFlow_2420.00MHz.csv,True,4fd181c1|Scope_TrialNumber_0_70.00W_0.70Torr_4.00NitrogenFlow_2420.00MHz.csv,756.1237354579837,44.27873858730776,7.561237354579837,44.91969502585064,27742856895.206303,746792230.8565859,3389287044.861404,3470585729.8924494,1.33982664385872,0.0349771181563548,0.2467855808864802,0.0057812249896155,1.0,55.363711539159205,,LAS_DataFrame_4fd181c1_Laser_True_20260725_155329_LAS.csv,,
4fd181c1,2026-07-25 16:10:36.412104,2026-07-25,0.7,0.7040000000000001,76.81,3.193,4.0,75,2420,59.5,104.6,0.0816496580927737,29.5,0.0816496580927737,75.10000000000001,0.1632993161855475,0.5310618250810583,0.0009422044241257,Data\NafisaData\LAS_0.7Torr_SmallAdmixture_1kHzLaserFreq\OscopeData_Laser_True\Scope_TrialNumber_0_75.00W_0.70Torr_4.00NitrogenFlow_2420.00MHz.csv,True,4fd181c1|Scope_TrialNumber_0_75.00W_0.70Torr_4.00NitrogenFlow_2420.00MHz.csv,746.2062169345007,31.99464609536014,7.462062169345008,32.85330653962419,27136746586.32688,545671580.7710323,3315239810.814757,3359847091.3528523,1.3310108809932426,0.0225150977872691,0.2413939485386257,0.0036679773336056,1.0,19.59669628307501,,LAS_DataFrame_4fd181c1_Laser_True_20260725_155329_LAS.csv,,
4fd181c1,2026-07-25 16:10:59.531799,2026-07-25,0.7,0.705,76.79,3.199,4.0,80,2420,60.5,111.3,0.0816496580927737,31.166666666666668,0.0471404520791021,80.13333333333333,0.0942809041582043,0.5291728565539504,0.0004449912302269,Data\NafisaData\LAS_0.7Torr_SmallAdmixture_1kHzLaserFreq\OscopeData_Laser_True\Scope_TrialNumber_0_80.00W_0.70Torr_4.00NitrogenFlow_2420.00MHz.csv,True,4fd181c1|Scope_TrialNumber_0_80.00W_0.70Torr_4.00NitrogenFlow_2420.00MHz.csv,796.9231150909098,37.15498396997062,7.969231150909098,38.00001945980283,29719517244.325367,663874157.1172664,3630771522.781848,3690966099.428682,1.375499339850622,0.0213103571960878,0.2643688915857078,0.0036972517187282,1.0,17.823685862521046,,LAS_DataFrame_4fd181c1_Laser_True_20260725_155329_LAS.csv,,
4fd181c1,2026-07-25 16:11:22.566424,2026-07-25,0.7,0.7040000000000001,76.8,3.195,4.0,85,2420,61.1,112.43333333333334,1.405544576153869,24.53333333333333,0.684754619472471,87.90000000000002,0.7257180352359105,0.4670644167373405,0.0035785697719864,Data\NafisaData\LAS_0.7Torr_SmallAdmixture_1kHzLaserFreq\OscopeData_Laser_True\Scope_TrialNumber_0_85.00W_0.70Torr_4.00NitrogenFlow_2420.00MHz.csv,True,4fd181c1|Scope_TrialNumber_0_85.00W_0.70Torr_4.00NitrogenFlow_2420.00MHz.csv,729.3898777310785,40.34162653555634,7.293898777310785,40.99570454215856,30095601741.576256,791054795.1656688,3676716982.512993,3760853022.713604,1.3159277348934697,0.0254734112467555,0.2677143376393368,0.0046434821480273,1.0,37.33988874762797,,LAS_DataFrame_4fd181c1_Laser_True_20260725_155329_LAS.csv,,
4fd181c1,2026-07-25 16:11:45.712587,2026-07-25,0.7,0.7040000000000001,76.79,3.199,4.0,90,2420,61.4,116.33333333333331,0.1699673171197628,26.4,0.0816496580927723,89.93333333333334,0.0942809041582076,0.4763752988915732,0.0004135713812755,Data\NafisaData\LAS_0.7Torr_SmallAdmixture_1kHzLaserFreq\OscopeData_Laser_True\Scope_TrialNumber_0_90.00W_0.70Torr_4.00NitrogenFlow_2420.00MHz.csv,True,4fd181c1|Scope_TrialNumber_0_90.00W_0.70Torr_4.00NitrogenFlow_2420.00MHz.csv,731.7300840608601,37.76625930709898,7.317300840608602,38.46860061976536,31012881745.1145,766742691.021893,3788779170.060801,3865584296.548467,1.3180370843160552,0.0219600668220107,0.2758739687603787,0.0041185957235335,1.0,26.33383255196386,,LAS_DataFrame_4fd181c1_Laser_True_20260725_155329_LAS.csv,,
4fd181c1,2026-07-25 16:13:11.346822,2026-07-25,0.7,0.703,75.21,4.801,6.0,30,2420,56.9,38.9,0.0816496580927737,8.9,0.0,30.0,0.0816496580927737,0.4783226210046478,0.0005019922807786,Data\NafisaData\LAS_0.7Torr_SmallAdmixture_1kHzLaserFreq\OscopeData_Laser_True\Scope_TrialNumber_0_30.00W_0.70Torr_6.00NitrogenFlow_2420.00MHz.csv,True,4fd181c1|Scope_TrialNumber_0_30.00W_0.70Torr_6.00NitrogenFlow_2420.00MHz.csv,703.6026564421387,49.717372353251214,7.036026564421388,50.21277510282689,15701996227.146112,509511264.4794379,1918280175.403443,1984792321.623928,1.292456424230497,0.0406071474493322,0.1396765399695783,0.0039303591943233,1.0,26.437013730551275,,LAS_DataFrame_4fd181c1_Laser_True_20260725_155329_LAS.csv,,
4fd181c1,2026-07-25 16:13:34.442113,2026-07-25,0.7,0.703,75.2,4.804,6.0,35,2420,55.3,44.56666666666666,0.1247219128924664,9.566666666666668,0.047140452079103,35.0,0.0816496580927737,0.4633122500578542,0.0005710357228992,Data\NafisaData\LAS_0.7Torr_SmallAdmixture_1kHzLaserFreq\OscopeData_Laser_True\Scope_TrialNumber_0_35.00W_0.70Torr_6.00NitrogenFlow_2420.00MHz.csv,True,4fd181c1|Scope_TrialNumber_0_35.00W_0.70Torr_6.00NitrogenFlow_2420.00MHz.csv,755.524018914265,47.96066274425584,7.5552401891426495,48.55210423023792,17247194644.42052,516351768.2002497,2107053847.7469504,2169399701.7213664,1.339295199363601,0.0316574280312864,0.1534217966470845,0.0032458782388277,1.0,14.03183805666676,,LAS_DataFrame_4fd181c1_Laser_True_20260725_155329_LAS.csv,,
4fd181c1,2026-07-25 16:13:57.643764,2026-07-25,0.7,0.703,75.19,4.804,6.0,40,2420,55.0,50.29999999999999,7.105427357601002e-15,10.4,0.0,39.9,0.0,0.4547080858528472,0.0,Data\NafisaData\LAS_0.7Torr_SmallAdmixture_1kHzLaserFreq\OscopeData_Laser_True\Scope_TrialNumber_0_40.00W_0.70Torr_6.00NitrogenFlow_2420.00MHz.csv,True,4fd181c1|Scope_TrialNumber_0_40.00W_0.70Torr_6.00NitrogenFlow_2420.00MHz.csv,735.1413889403979,51.38789444172431,7.351413889403979,51.91106800410797,19554845212.188526,630151059.5078224,2388974711.302809,2470686246.580729,1.321105837600029,0.0403492423597864,0.1739494188743414,0.0047627805425895,1.0,37.13841743432654,,LAS_DataFrame_4fd181c1_Laser_True_20260725_155329_LAS.csv,,
4fd181c1,2026-07-25 16:14:20.768086,2026-07-25,0.7,0.703,75.22,4.801,6.0,45,2420,55.1,56.56666666666666,0.1247219128924664,11.6,0.0,44.96666666666667,0.1247219128924664,0.4528449126010945,0.0004995479529291,Data\NafisaData\LAS_0.7Torr_SmallAdmixture_1kHzLaserFreq\OscopeData_Laser_True\Scope_TrialNumber_0_45.00W_0.70Torr_6.00NitrogenFlow_2420.00MHz.csv,True,4fd181c1|Scope_TrialNumber_0_45.00W_0.70Torr_6.00NitrogenFlow_2420.00MHz.csv,727.3608187297639,60.42909308101007,7.273608187297639,60.86526650443339,20217419253.82762,777839965.4999077,2469920001.9796634,2589505711.155725,1.3140960981784762,0.0469255854226082,0.1798433223163644,0.0057713227593444,1.0,56.95453159646316,,LAS_DataFrame_4fd181c1_Laser_True_20260725_155329_LAS.csv,,
4fd181c1,2026-07-25 16:14:43.939196,2026-07-25,0.7,0.703,75.19,4.804,6.0,50,2420,55.4,62.73333333333333,0.0942809041582043,12.699999999999998,1.7763568394002505e-15,50.03333333333333,0.0942809041582009,0.449938386374332,0.0003383724397738,Data\NafisaData\LAS_0.7Torr_SmallAdmixture_1kHzLaserFreq\OscopeData_Laser_True\Scope_TrialNumber_0_50.00W_0.70Torr_6.00NitrogenFlow_2420.00MHz.csv,True,4fd181c1|Scope_TrialNumber_0_50.00W_0.70Torr_6.00NitrogenFlow_2420.00MHz.csv,802.2488859082955,48.9569675034637,8.022488859082955,49.60992838766562,22518337269.271767,646485507.4776398,2751018363.640483,2825959226.256773,1.3800878602155782,0.0331373618187846,0.2003110553677383,0.0043414928977464,1.0,26.831839620452172,,LAS_DataFrame_4fd181c1_Laser_True_20260725_155329_LAS.csv,,
4fd181c1,2026-07-25 16:15:07.048694,2026-07-25,0.7,0.703,75.21,4.802,6.0,55,2420,55.7,68.46666666666667,0.0942809041582009,13.5,0.0,54.96666666666667,0.0942809041582009,0.4440456301671935,0.0003055099425906,Data\NafisaData\LAS_0.7Torr_SmallAdmixture_1kHzLaserFreq\OscopeData_Laser_True\Scope_TrialNumber_0_55.00W_0.70Torr_6.00NitrogenFlow_2420.00MHz.csv,True,4fd181c1|Scope_TrialNumber_0_55.00W_0.70Torr_6.00NitrogenFlow_2420.00MHz.csv,777.4659111328472,49.10303381856031,7.774659111328471,49.714718690585386,23726491134.697006,710257178.3856854,2898616005.071295,2984365930.026656,1.358603885595126,0.0313169806076076,0.2110581444150358,0.0043777706638053,1.0,27.93004345336896,,LAS_DataFrame_4fd181c1_Laser_True_20260725_155329_LAS.csv,,
4fd181c1,2026-07-25 16:15:30.292008,2026-07-25,0.7,0.703,75.21,4.805,6.0,60,2420,56.1,74.60000000000001,0.0816496580927737,14.533333333333331,0.047140452079103,60.06666666666666,0.0942809041582093,0.4413801804739428,0.0007548785091822,Data\NafisaData\LAS_0.7Torr_SmallAdmixture_1kHzLaserFreq\OscopeData_Laser_True\Scope_TrialNumber_0_60.00W_0.70Torr_6.00NitrogenFlow_2420.00MHz.csv,True,4fd181c1|Scope_TrialNumber_0_60.00W_0.70Torr_6.00NitrogenFlow_2420.00MHz.csv,769.0952952771016,40.20805101037543,7.690952952771016,40.93700188551538,23844235337.595604,582278053.233857,2913000569.1051707,2970626204.5038347,1.351270363202194,0.0284223564354528,0.2121055337166534,0.0039990190681263,1.0,21.38989141927835,,LAS_DataFrame_4fd181c1_Laser_True_20260725_155329_LAS.csv,,
4fd181c1,2026-07-25 16:15:53.357366,2026-07-25,0.7,0.703,75.19,4.802,6.0,65,2420,56.5,80.8,0.1414213562373081,15.766666666666666,0.0471404520791038,65.03333333333333,0.1885618083164086,0.4417380840333451,0.0010465341478446,Data\NafisaData\LAS_0.7Torr_SmallAdmixture_1kHzLaserFreq\OscopeData_Laser_True\Scope_TrialNumber_0_65.00W_0.70Torr_6.00NitrogenFlow_2420.00MHz.csv,True,4fd181c1|Scope_TrialNumber_0_65.00W_0.70Torr_6.00NitrogenFlow_2420.00MHz.csv,684.299309727012,41.11732116484913,6.84299309727012,41.68285803903851,22985561080.91993,657051282.9602555,2808098123.589196,2883943733.87292,1.274603848076617,0.026592723753952,0.20446722789882,0.0038241756008688,1.0,20.485466295335826,,LAS_DataFrame_4fd181c1_Laser_True_20260725_155329_LAS.csv,,
4fd181c1,2026-07-25 16:16:16.526071,2026-07-25,0.7,0.703,75.21,4.797,6.0,70,2420,57.2,88.26666666666667,0.124721912892469,18.3,0.0,69.96666666666667,0.124721912892469,0.455331302009592,0.0003218250242428,Data\NafisaData\LAS_0.7Torr_SmallAdmixture_1kHzLaserFreq\OscopeData_Laser_True\Scope_TrialNumber_0_70.00W_0.70Torr_6.00NitrogenFlow_2420.00MHz.csv,True,4fd181c1|Scope_TrialNumber_0_70.00W_0.70Torr_6.00NitrogenFlow_2420.00MHz.csv,774.361296086065,49.52862769947978,7.743612960860649,50.13031521426217,24706217953.96061,735159013.6778611,3018307190.0338345,3106547451.561258,1.3558885502619704,0.0360526547138424,0.2197732689285393,0.0052456007977671,1.0,44.91960603219491,,LAS_DataFrame_4fd181c1_Laser_True_20260725_155329_LAS.csv,,
4fd181c1,2026-07-25 16:16:39.636758,2026-07-25,0.7,0.703,75.2,4.807,6.0,75,2420,58.2,98.3,0.1632993161855475,23.266666666666666,0.0471404520791038,75.03333333333333,0.124721912892469,0.4865082785314046,0.0002474843264597,Data\NafisaData\LAS_0.7Torr_SmallAdmixture_1kHzLaserFreq\OscopeData_Laser_True\Scope_TrialNumber_0_75.00W_0.70Torr_6.00NitrogenFlow_2420.00MHz.csv,True,4fd181c1|Scope_TrialNumber_0_75.00W_0.70Torr_6.00NitrogenFlow_2420.00MHz.csv,704.5123979176908,57.2920865455447,7.045123979176908,57.7236256018639,24227781715.948883,915734264.568274,2959857631.309204,3098277979.930744,1.293291712001568,0.0434176435949031,0.2155173566639568,0.0064739289919247,1.0,78.07696615122468,,LAS_DataFrame_4fd181c1_Laser_True_20260725_155329_LAS.csv,,
4fd181c1,2026-07-25 16:17:02.604052,2026-07-25,0.7,0.703,75.2,4.793,6.0,80,2420,59.8,110.46666666666664,0.1885618083164086,30.366666666666664,0.0471404520791021,80.10000000000001,0.2160246899469207,0.5243043060946628,0.0007407036496964,Data\NafisaData\LAS_0.7Torr_SmallAdmixture_1kHzLaserFreq\OscopeData_Laser_True\Scope_TrialNumber_0_80.00W_0.70Torr_6.00NitrogenFlow_2420.00MHz.csv,True,4fd181c1|Scope_TrialNumber_0_80.00W_0.70Torr_6.00NitrogenFlow_2420.00MHz.csv,818.2906768014727,48.98578069433324,8.182906768014728,49.66454140941334,21920077045.697166,617146526.0207578,2677930158.1655936,2748122953.325104,1.3938177018600588,0.0320556797839979,0.1949892531700113,0.0040230625564742,1.0,20.366489257540312,,LAS_DataFrame_4fd181c1_Laser_True_20260725_155329_LAS.csv,,
4fd181c1,2026-07-25 16:17:25.648507,2026-07-25,0.7,0.703,75.2,4.802,6.0,85,2420,61.1,117.93333333333334,0.2054804667656324,33.06666666666667,0.0471404520791038,84.86666666666666,0.2054804667656331,0.529513790146731,0.0005619484385524,Data\NafisaData\LAS_0.7Torr_SmallAdmixture_1kHzLaserFreq\OscopeData_Laser_True\Scope_TrialNumber_0_85.00W_0.70Torr_6.00NitrogenFlow_2420.00MHz.csv,True,4fd181c1|Scope_TrialNumber_0_85.00W_0.70Torr_6.00NitrogenFlow_2420.00MHz.csv,858.4565279271341,65.05971696863547,8.584565279271342,65.62363547589409,23532754258.016502,844914186.9964285,2874947574.356843,2996531918.5164924,1.4276157416577795,0.0408617011831582,0.209334765030161,0.0054282164511009,1.0,44.46200075940487,,LAS_DataFrame_4fd181c1_Laser_True_20260725_155329_LAS.csv,,
4fd181c1,2026-07-25 16:17:48.714739,2026-07-25,0.7,0.703,75.2,4.795,6.0,90,2420,62.3,125.63333333333333,0.1247219128924639,35.56666666666666,0.0471404520791038,90.06666666666668,0.1699673171197563,0.532070696427244,0.0006082121635703,Data\NafisaData\LAS_0.7Torr_SmallAdmixture_1kHzLaserFreq\OscopeData_Laser_True\Scope_TrialNumber_0_90.00W_0.70Torr_6.00NitrogenFlow_2420.00MHz.csv,True,4fd181c1|Scope_TrialNumber_0_90.00W_0.70Torr_6.00NitrogenFlow_2420.00MHz.csv,748.3090055135165,48.1006821600701,7.483090055135165,48.67927958626081,21289577702.284256,647837448.5797898,2600903366.5667715,2680371556.706409,1.3328849376744214,0.0305674200043381,0.1893806690468821,0.0038763155492307,1.0,20.60024935017944,,LAS_DataFrame_4fd181c1_Laser_True_20260725_155329_LAS.csv,,
4fd181c1,2026-07-25 16:19:14.338672,2026-07-25,0.7,0.701,73.6,6.403,8.0,30,2420,57.4,40.16666666666666,0.0942809041582043,10.2,0.0,29.96666666666667,0.0942809041582043,0.5039275310978665,0.0005906856617977,Data\NafisaData\LAS_0.7Torr_SmallAdmixture_1kHzLaserFreq\OscopeData_Laser_True\Scope_TrialNumber_0_30.00W_0.70Torr_8.00NitrogenFlow_2420.00MHz.csv,True,4fd181c1|Scope_TrialNumber_0_30.00W_0.70Torr_8.00NitrogenFlow_2420.00MHz.csv,763.6869754989614,106.2345855314976,7.636869754989614,106.50872707296692,11538512826.688726,726347382.097106,1409636079.9532728,1585766186.2283952,1.3465108780050403,0.0892892160952621,0.1026404238487964,0.0060914973120739,1.0,67.3986566618136,,LAS_DataFrame_4fd181c1_Laser_True_20260725_155329_LAS.csv,,
4fd181c1,2026-07-25 16:19:37.313329,2026-07-25,0.7,0.7019999999999998,73.59,6.397,8.0,35,2420,55.8,45.13333333333333,0.0471404520791038,10.1,0.0,35.03333333333333,0.0471404520791038,0.4730555691055162,0.0002469096905922,Data\NafisaData\LAS_0.7Torr_SmallAdmixture_1kHzLaserFreq\OscopeData_Laser_True\Scope_TrialNumber_0_35.00W_0.70Torr_8.00NitrogenFlow_2420.00MHz.csv,True,4fd181c1|Scope_TrialNumber_0_35.00W_0.70Torr_8.00NitrogenFlow_2420.00MHz.csv,510.7000371746319,528.8957340526289,5.107000371746318,528.9203899944358,13005630641.730452,9748451869.785212,1588870807.7460508,9877085820.282536,1.1011211869208728,0.5699258495494159,0.1156911173509691,0.0866988119275262,1.0,188.70244206122769,,LAS_DataFrame_4fd181c1_Laser_True_20260725_155329_LAS.csv,,
4fd181c1,2026-07-25 16:20:00.232621,2026-07-25,0.7,0.7019999999999998,73.6,6.411,8.0,40,2420,55.4,50.93333333333334,0.0471404520791038,10.9,0.0,40.03333333333333,0.0471404520791038,0.4626071476064513,0.0002139739851787,Data\NafisaData\LAS_0.7Torr_SmallAdmixture_1kHzLaserFreq\OscopeData_Laser_True\Scope_TrialNumber_0_40.00W_0.70Torr_8.00NitrogenFlow_2420.00MHz.csv,True,4fd181c1|Scope_TrialNumber_0_40.00W_0.70Torr_8.00NitrogenFlow_2420.00MHz.csv,779.6538630932463,79.59597878324615,7.796538630932463,79.97690824911022,14134459397.673643,657325420.3432951,1726777465.767502,1847657198.8634489,1.3605142404918902,0.0648013938319493,0.1257325727536728,0.0053723125475569,1.0,49.10197110987273,,LAS_DataFrame_4fd181c1_Laser_True_20260725_155329_LAS.csv,,
4fd181c1,2026-07-25 16:20:23.194346,2026-07-25,0.7,0.701,73.58,6.408,8.0,45,2420,55.4,56.66666666666666,0.0471404520791038,11.733333333333334,0.0471404520791038,44.93333333333334,0.0471404520791004,0.4550361784601079,0.0008348502336848,Data\NafisaData\LAS_0.7Torr_SmallAdmixture_1kHzLaserFreq\OscopeData_Laser_True\Scope_TrialNumber_0_45.00W_0.70Torr_8.00NitrogenFlow_2420.00MHz.csv,True,4fd181c1|Scope_TrialNumber_0_45.00W_0.70Torr_8.00NitrogenFlow_2420.00MHz.csv,838.4711419995391,77.32261998270096,8.38471141999539,77.77590209432346,16158768738.838224,684442191.5204735,1974083121.8041933,2089369590.40892,1.410900002700221,0.0599409590131997,0.1437397433396102,0.0055166546198302,1.0,47.45339579506565,,LAS_DataFrame_4fd181c1_Laser_True_20260725_155329_LAS.csv,,
4fd181c1,2026-07-25 16:20:46.245772,2026-07-25,0.7,0.7019999999999998,73.6,6.398,8.0,50,2420,55.6,62.833333333333336,0.0471404520791038,12.9,0.0,49.93333333333334,0.0471404520791038,0.4531060873784618,0.0001699029233298,Data\NafisaData\LAS_0.7Torr_SmallAdmixture_1kHzLaserFreq\OscopeData_Laser_True\Scope_TrialNumber_0_50.00W_0.70Torr_8.00NitrogenFlow_2420.00MHz.csv,True,4fd181c1|Scope_TrialNumber_0_50.00W_0.70Torr_8.00NitrogenFlow_2420.00MHz.csv,719.0867560764868,45.80422652957145,7.190867560764868,46.36524284686491,16043428939.366297,473872504.8928306,1959992298.729131,2016463478.957878,1.306600498063271,0.0349565939178747,0.1427137423217796,0.0034187103621235,1.0,16.125674748949113,,LAS_DataFrame_4fd181c1_Laser_True_20260725_155329_LAS.csv,,
4fd181c1,2026-07-25 16:21:09.380651,2026-07-25,0.7,0.7019999999999998,73.6,6.401,8.0,55,2420,55.9,69.2,0.1414213562373081,14.066666666666668,0.047140452079103,55.133333333333326,0.0942809041582043,0.4508601764466572,0.0002952594970916,Data\NafisaData\LAS_0.7Torr_SmallAdmixture_1kHzLaserFreq\OscopeData_Laser_True\Scope_TrialNumber_0_55.00W_0.70Torr_8.00NitrogenFlow_2420.00MHz.csv,True,4fd181c1|Scope_TrialNumber_0_55.00W_0.70Torr_8.00NitrogenFlow_2420.00MHz.csv,531.704386608639,484.56308493988655,5.31704386608639,484.59225565616873,18172456913.154835,11988743488.37459,2220091212.008529,12192570500.910858,1.123536785114371,0.5117369433069006,0.1616524337196996,0.1066231119202986,1.0,292.0019867293152,,LAS_DataFrame_4fd181c1_Laser_True_20260725_155329_LAS.csv,,
4fd181c1,2026-07-25 16:21:32.448132,2026-07-25,0.7,0.701,73.59,6.395,8.0,60,2420,56.2,74.83333333333333,0.1247219128924639,15.0,0.0,59.833333333333336,0.1247219128924639,0.4477117953226925,0.0003729148645297,Data\NafisaData\LAS_0.7Torr_SmallAdmixture_1kHzLaserFreq\OscopeData_Laser_True\Scope_TrialNumber_0_60.00W_0.70Torr_8.00NitrogenFlow_2420.00MHz.csv,True,4fd181c1|Scope_TrialNumber_0_60.00W_0.70Torr_8.00NitrogenFlow_2420.00MHz.csv,719.203202121919,68.5820706395871,7.192032021219191,68.95814482573873,17366780178.868618,756543731.086498,2121663363.4211564,2252512784.5874376,1.3067062866211838,0.0571081082061937,0.1544855654469551,0.0060514764273718,1.0,64.18812856365803,,LAS_DataFrame_4fd181c1_Laser_True_20260725_155329_LAS.csv,,
4fd181c1,2026-07-25 16:21:55.521697,2026-07-25,0.7,0.701,73.61,6.4,8.0,65,2420,56.5,80.60000000000001,0.1414213562373081,15.6,0.0,65.00000000000001,0.1414213562373081,0.4399418534999648,0.0003863224311904,Data\NafisaData\LAS_0.7Torr_SmallAdmixture_1kHzLaserFreq\OscopeData_Laser_True\Scope_TrialNumber_0_65.00W_0.70Torr_8.00NitrogenFlow_2420.00MHz.csv,True,4fd181c1|Scope_TrialNumber_0_65.00W_0.70Torr_8.00NitrogenFlow_2420.00MHz.csv,827.0884127547017,62.00978799595303,8.270884127547017,62.5589428583504,20210336169.744453,707461990.1778636,2469054676.349667,2568410688.0229616,1.401290386678424,0.0435961009686941,0.1797803149978847,0.0050466942269845,1.0,37.5637842729585,,LAS_DataFrame_4fd181c1_Laser_True_20260725_155329_LAS.csv,,
4fd181c1,2026-07-25 16:22:18.677233,2026-07-25,0.7,0.701,73.61,6.398,8.0,70,2420,56.9,86.7,0.1632993161855475,16.6,0.0,70.10000000000001,0.1632993161855475,0.4375675155339484,0.0004120798979645,Data\NafisaData\LAS_0.7Torr_SmallAdmixture_1kHzLaserFreq\OscopeData_Laser_True\Scope_TrialNumber_0_70.00W_0.70Torr_8.00NitrogenFlow_2420.00MHz.csv,True,4fd181c1|Scope_TrialNumber_0_70.00W_0.70Torr_8.00NitrogenFlow_2420.00MHz.csv,747.6365100341486,749.6379614247908,7.476365100341487,749.6752425178717,21937967104.399883,15957271414.054506,2680115749.376404,16180776601.011972,1.332285879955232,0.6675405036039892,0.1951483935406559,0.1419083953010202,1.0,403.9536388369638,,LAS_DataFrame_4fd181c1_Laser_True_20260725_155329_LAS.csv,,
4fd181c1,2026-07-25 16:22:41.991890,2026-07-25,0.7,0.701,73.6,6.395,8.0,75,2420,57.4,93.53333333333336,0.0942809041582009,18.466666666666665,0.0471404520791038,75.06666666666666,0.1247219128924576,0.4443354876557202,0.000706540684209,Data\NafisaData\LAS_0.7Torr_SmallAdmixture_1kHzLaserFreq\OscopeData_Laser_True\Scope_TrialNumber_0_75.00W_0.70Torr_8.00NitrogenFlow_2420.00MHz.csv,True,4fd181c1|Scope_TrialNumber_0_75.00W_0.70Torr_8.00NitrogenFlow_2420.00MHz.csv,1183.8707975134198,958.2551707720434,11.8387079751342,958.3282982975502,32924121097.31016,19757520959.481457,4022271301.0440874,20162794967.056328,1.6765029745914777,0.6779086497995641,0.2928753293457842,0.1756824119702172,1.0,394.05336211456057,,LAS_DataFrame_4fd181c1_Laser_True_20260725_155329_LAS.csv,,
4fd181c1,2026-07-25 16:23:05.084859,2026-07-25,0.7,0.701,73.6,6.4,8.0,80,2420,58.0,101.4,0.1414213562373081,21.53333333333333,0.1247219128924649,79.86666666666666,0.2494438257849266,0.4608247690396875,0.0015904982877858,Data\NafisaData\LAS_0.7Torr_SmallAdmixture_1kHzLaserFreq\OscopeData_Laser_True\Scope_TrialNumber_0_80.00W_0.70Torr_8.00NitrogenFlow_2420.00MHz.csv,True,4fd181c1|Scope_TrialNumber_0_80.00W_0.70Torr_8.00NitrogenFlow_2420.00MHz.csv,1364.2158520108671,967.0860165995772,13.642158520108673,967.1822330830552,38231613157.87447,20312677360.94437,4670676551.7911215,20842746484.599224,1.79967349342055,0.6362118379058413,0.3400879331581575,0.1804792899897891,1.0,423.4490994328097,,LAS_DataFrame_4fd181c1_Laser_True_20260725_155329_LAS.csv,,
4fd181c1,2026-07-25 16:23:28.170734,2026-07-25,0.7,0.701,73.59,6.399,8.0,85,2420,59.1,112.46666666666664,0.7930251502246847,27.666666666666668,0.7717224601860139,84.80000000000001,0.0816496580927737,0.4959188892942863,0.0052186920247943,Data\NafisaData\LAS_0.7Torr_SmallAdmixture_1kHzLaserFreq\OscopeData_Laser_True\Scope_TrialNumber_0_85.00W_0.70Torr_8.00NitrogenFlow_2420.00MHz.csv,True,4fd181c1|Scope_TrialNumber_0_85.00W_0.70Torr_8.00NitrogenFlow_2420.00MHz.csv,546.4206816425534,481.8359892125165,5.464206816425534,481.8669713277067,21334071136.8255,13607648882.111904,2606339036.7950277,13855003113.444723,1.1389790573981078,0.501519773538168,0.1897764587858543,0.1209705411925435,1.0,404.18093956422695,,LAS_DataFrame_4fd181c1_Laser_True_20260725_155329_LAS.csv,,
4fd181c1,2026-07-25 16:23:51.162595,2026-07-25,0.7,0.701,73.6,6.396,8.0,90,2420,60.5,123.8,0.0816496580927737,33.63333333333333,0.188561808316412,90.16666666666669,0.1247219128924639,0.5212218987968301,0.0013133452431302,Data\NafisaData\LAS_0.7Torr_SmallAdmixture_1kHzLaserFreq\OscopeData_Laser_True\Scope_TrialNumber_0_90.00W_0.70Torr_8.00NitrogenFlow_2420.00MHz.csv,True,4fd181c1|Scope_TrialNumber_0_90.00W_0.70Torr_8.00NitrogenFlow_2420.00MHz.csv,908.0419158752928,108.17651944430465,9.080419158752928,108.55695910987312,19418509990.416245,1055603038.8307868,2372318921.213976,2596573673.0427337,1.4682672859585268,0.0832008589939135,0.172736653836211,0.0088383663280561,1.0,123.78504046850423,,LAS_DataFrame_4fd181c1_Laser_True_20260725_155329_LAS.csv,,
4fd181c1,2026-07-25 16:25:16.907884,2026-07-25,0.7,0.7,72.02,7.995,10.0,30,2420,55.2,40.63333333333333,0.0471404520791038,10.6,0.0,30.03333333333333,0.0471404520791038,0.5107541760690967,0.0002960917220672,Data\NafisaData\LAS_0.7Torr_SmallAdmixture_1kHzLaserFreq\OscopeData_Laser_True\Scope_TrialNumber_0_30.00W_0.70Torr_10.00NitrogenFlow_2420.00MHz.csv,True,4fd181c1|Scope_TrialNumber_0_30.00W_0.70Torr_10.00NitrogenFlow_2420.00MHz.csv,567.623871643328,324.46928510073406,5.67623871643328,324.5189311269026,18010362427.68829,7450402684.161269,2200288466.3248224,7768511407.676473,1.1608670921364577,0.3313458213392163,0.1602105280823149,0.0662322922107705,1.0,114.13540901514622,,LAS_DataFrame_4fd181c1_Laser_True_20260725_155329_LAS.csv,,
4fd181c1,2026-07-25 16:25:39.922967,2026-07-25,0.7,0.7,72.02,8.0,10.0,35,2420,54.1,45.93333333333334,0.0471404520791038,10.933333333333332,0.047140452079103,35.0,0.0816496580927737,0.4878785413846471,0.0011960093134913,Data\NafisaData\LAS_0.7Torr_SmallAdmixture_1kHzLaserFreq\OscopeData_Laser_True\Scope_TrialNumber_0_35.00W_0.70Torr_10.00NitrogenFlow_2420.00MHz.csv,True,4fd181c1|Scope_TrialNumber_0_35.00W_0.70Torr_10.00NitrogenFlow_2420.00MHz.csv,1218.3971001290367,964.6251148348614,12.183971001290368,964.7020583162088,18798129096.335518,11146050714.96288,2296528279.4956503,11380179641.774015,1.70077397876932,0.6725944239790014,0.1672180780134362,0.0991052585264042,1.0,122.56364975133997,,LAS_DataFrame_4fd181c1_Laser_True_20260725_155329_LAS.csv,,
4fd181c1,2026-07-25 16:26:03.046787,2026-07-25,0.7,0.7,72.0,8.007,10.0,40,2420,53.9,51.13333333333333,0.0471404520791038,11.133333333333333,0.047140452079103,40.0,0.0,0.4666156458694021,0.0007718264810789,Data\NafisaData\LAS_0.7Torr_SmallAdmixture_1kHzLaserFreq\OscopeData_Laser_True\Scope_TrialNumber_0_40.00W_0.70Torr_10.00NitrogenFlow_2420.00MHz.csv,True,4fd181c1|Scope_TrialNumber_0_40.00W_0.70Torr_10.00NitrogenFlow_2420.00MHz.csv,452.9808275947136,323.0860207183072,4.529808275947135,323.1177741112477,14826161371.58962,7640622263.431146,1811281255.2638016,7852378515.972705,1.0370318257864402,0.3693856313558205,0.1318855826645834,0.0679279117052039,1.0,145.59996043439816,,LAS_DataFrame_4fd181c1_Laser_True_20260725_155329_LAS.csv,,
4fd181c1,2026-07-25 16:26:26.115303,2026-07-25,0.7,0.7,72.01,7.991,10.0,45,2420,54.1,57.03333333333333,0.0942809041582076,12.0,0.0,45.03333333333333,0.0942809041582076,0.4586978358202253,0.0003794660425539,Data\NafisaData\LAS_0.7Torr_SmallAdmixture_1kHzLaserFreq\OscopeData_Laser_True\Scope_TrialNumber_0_45.00W_0.70Torr_10.00NitrogenFlow_2420.00MHz.csv,True,4fd181c1|Scope_TrialNumber_0_45.00W_0.70Torr_10.00NitrogenFlow_2420.00MHz.csv,436.7731096006361,418.4217135104445,4.367731096006361,418.444509358103,12331807393.25434,8540083655.323845,1506551224.8994431,8671950497.620216,1.0183102627467622,0.4872523082406007,0.109697146996073,0.0759299988888169,1.0,168.97682482858363,,LAS_DataFrame_4fd181c1_Laser_True_20260725_155329_LAS.csv,,
4fd181c1,2026-07-25 16:26:49.233440,2026-07-25,0.7,0.7,71.99,8.006,10.0,50,2420,54.4,62.833333333333336,0.0471404520791038,12.733333333333334,0.0471404520791038,50.1,0.0,0.4501684471342944,0.0006637274866826,Data\NafisaData\LAS_0.7Torr_SmallAdmixture_1kHzLaserFreq\OscopeData_Laser_True\Scope_TrialNumber_0_50.00W_0.70Torr_10.00NitrogenFlow_2420.00MHz.csv,True,4fd181c1|Scope_TrialNumber_0_50.00W_0.70Torr_10.00NitrogenFlow_2420.00MHz.csv,634.4232734520464,594.313983998392,6.344232734520464,594.347845007476,15389777656.51037,10447139646.945969,1880137082.9087508,10614972550.756737,1.2272745477954647,0.5745498368857573,0.1368992109580444,0.0929096609863714,1.0,183.62666352136247,,LAS_DataFrame_4fd181c1_Laser_True_20260725_155329_LAS.csv,,
4fd181c1,2026-07-25 16:27:12.347887,2026-07-25,0.7,0.7,71.98,7.998,10.0,55,2420,54.9,68.96666666666667,0.0471404520791004,13.9,0.0,55.06666666666667,0.0471404520791004,0.4489395410751359,0.0001534863945729,Data\NafisaData\LAS_0.7Torr_SmallAdmixture_1kHzLaserFreq\OscopeData_Laser_True\Scope_TrialNumber_0_55.00W_0.70Torr_10.00NitrogenFlow_2420.00MHz.csv,True,4fd181c1|Scope_TrialNumber_0_55.00W_0.70Torr_10.00NitrogenFlow_2420.00MHz.csv,835.0861457565989,84.45245408857366,8.350861457565989,84.86432636076306,14347177079.002665,666723059.0682529,1752764741.8531878,1875287678.671462,1.4080491465901366,0.0645431710614709,0.1276247952003336,0.0052681088718563,1.0,40.80198975369391,,LAS_DataFrame_4fd181c1_Laser_True_20260725_155329_LAS.csv,,
4fd181c1,2026-07-25 16:27:35.340860,2026-07-25,0.7,0.7,71.98,8.013,10.0,60,2420,55.4,75.13333333333333,0.0471404520791071,14.933333333333332,0.047140452079103,60.2,0.0816496580927766,0.4458221914199918,0.0007826648690056,Data\NafisaData\LAS_0.7Torr_SmallAdmixture_1kHzLaserFreq\OscopeData_Laser_True\Scope_TrialNumber_0_60.00W_0.70Torr_10.00NitrogenFlow_2420.00MHz.csv,True,4fd181c1|Scope_TrialNumber_0_60.00W_0.70Torr_10.00NitrogenFlow_2420.00MHz.csv,745.0297019774342,488.9217802774402,7.450297019774342,488.9785416103087,24197070004.95149,11506472392.084896,2956105645.5421224,11880129102.725183,1.329961189965389,0.4352831473240759,0.2152441617486984,0.1022318880985137,1.0,229.5354214411902,,LAS_DataFrame_4fd181c1_Laser_True_20260725_155329_LAS.csv,,
4fd181c1,2026-07-25 16:27:58.444080,2026-07-25,0.7,0.7,72.0,8.004,10.0,65,2420,55.9,81.03333333333335,0.2357022603955158,15.9,0.0,65.13333333333333,0.2357022603955158,0.4429636513046595,0.0006452226777324,Data\NafisaData\LAS_0.7Torr_SmallAdmixture_1kHzLaserFreq\OscopeData_Laser_True\Scope_TrialNumber_0_65.00W_0.70Torr_10.00NitrogenFlow_2420.00MHz.csv,True,4fd181c1|Scope_TrialNumber_0_65.00W_0.70Torr_10.00NitrogenFlow_2420.00MHz.csv,885.7040003745151,114.6929616209748,8.857040003745151,115.03444094278174,15566256394.036772,921593439.1603092,1901697122.7075024,2113240737.2605045,1.4500950746981942,0.0888136543350968,0.1384690711897818,0.0076649895131445,1.0,86.80720706699108,,LAS_DataFrame_4fd181c1_Laser_True_20260725_155329_LAS.csv,,
4fd181c1,2026-07-25 16:28:21.563701,2026-07-25,0.7,0.7,72.0,7.997,10.0,70,2420,56.4,86.33333333333333,0.1247219128924639,16.3,0.0,70.03333333333335,0.1247219128924639,0.4345151138869605,0.0003137328897378,Data\NafisaData\LAS_0.7Torr_SmallAdmixture_1kHzLaserFreq\OscopeData_Laser_True\Scope_TrialNumber_0_70.00W_0.70Torr_10.00NitrogenFlow_2420.00MHz.csv,True,4fd181c1|Scope_TrialNumber_0_70.00W_0.70Torr_10.00NitrogenFlow_2420.00MHz.csv,813.3169118788744,493.2921703226767,8.133169118788745,493.3592136988743,29736714502.66663,13085283199.734924,3632872476.0154433,13580220868.758198,1.389575268024465,0.420859045479486,0.2645218691757749,0.116328469038222,1.0,276.2851391422416,,LAS_DataFrame_4fd181c1_Laser_True_20260725_155329_LAS.csv,,
4fd181c1,2026-07-25 16:28:44.734532,2026-07-25,0.7,0.7,72.0,7.993,10.0,75,2420,56.8,92.13333333333333,0.2624669291337253,17.3,0.0,74.83333333333333,0.2624669291337253,0.4333272286278102,0.0006163963491396,Data\NafisaData\LAS_0.7Torr_SmallAdmixture_1kHzLaserFreq\OscopeData_Laser_True\Scope_TrialNumber_0_75.00W_0.70Torr_10.00NitrogenFlow_2420.00MHz.csv,True,4fd181c1|Scope_TrialNumber_0_75.00W_0.70Torr_10.00NitrogenFlow_2420.00MHz.csv,814.8792917842152,829.6415429972242,8.148792917842153,829.6815610177395,18421400004.53086,13613628882.033104,2250504070.9904137,13798393381.523457,1.390909313094369,0.7075684128433036,0.1638668979922499,0.1210601901942725,1.0,284.2010623453466,,LAS_DataFrame_4fd181c1_Laser_True_20260725_155329_LAS.csv,,
4fd181c1,2026-07-25 16:29:07.828907,2026-07-25,0.7,0.7,72.0,7.991,10.0,80,2420,57.4,98.66666666666669,0.1247219128924639,18.566666666666663,0.094280904158206,80.1,0.0816496580927737,0.4337905419770547,0.0009106437495296,Data\NafisaData\LAS_0.7Torr_SmallAdmixture_1kHzLaserFreq\OscopeData_Laser_True\Scope_TrialNumber_0_80.00W_0.70Torr_10.00NitrogenFlow_2420.00MHz.csv,True,4fd181c1|Scope_TrialNumber_0_80.00W_0.70Torr_10.00NitrogenFlow_2420.00MHz.csv,755.1940126939651,676.9241763396719,7.551940126939651,676.9663007217008,21146051963.869743,13746556997.38299,2583369126.035959,13987195048.459682,1.3390026712580338,0.5995936102408655,0.1881039410278256,0.1222317224510098,1.0,292.8938942575276,,LAS_DataFrame_4fd181c1_Laser_True_20260725_155329_LAS.csv,,
4fd181c1,2026-07-25 16:29:30.895323,2026-07-25,0.7,0.7,72.0,8.002,10.0,85,2420,58.0,105.83333333333331,0.1247219128924639,20.73333333333333,0.0471404520791038,85.10000000000001,0.1414213562373081,0.442612146509138,0.000608539312079,Data\NafisaData\LAS_0.7Torr_SmallAdmixture_1kHzLaserFreq\OscopeData_Laser_True\Scope_TrialNumber_0_85.00W_0.70Torr_10.00NitrogenFlow_2420.00MHz.csv,True,4fd181c1|Scope_TrialNumber_0_85.00W_0.70Torr_10.00NitrogenFlow_2420.00MHz.csv,681.164512100002,538.2693196966037,6.811645121000019,538.3124176868847,22278804135.05365,12754742480.992216,2721755099.525791,13041909621.60918,1.2716809957548891,0.5013929264629414,0.1981802970290111,0.1133453562822497,1.0,304.3073867339924,,LAS_DataFrame_4fd181c1_Laser_True_20260725_155329_LAS.csv,,
4fd181c1,2026-07-25 16:29:53.961419,2026-07-25,0.7,0.7,72.0,8.005,10.0,90,2420,58.9,114.53333333333336,0.1247219128924639,24.53333333333333,0.0471404520791038,90.0,0.0816496580927679,0.4628199891910173,0.0002222283650835,Data\NafisaData\LAS_0.7Torr_SmallAdmixture_1kHzLaserFreq\OscopeData_Laser_True\Scope_TrialNumber_0_90.00W_0.70Torr_10.00NitrogenFlow_2420.00MHz.csv,True,4fd181c1|Scope_TrialNumber_0_90.00W_0.70Torr_10.00NitrogenFlow_2420.00MHz.csv,467.6273800414756,376.80450134167006,4.676273800414756,376.8335173097015,19414328150.86078,11310231694.436665,2371808034.5853,11556245685.116035,1.0536639955260838,0.4241772731633647,0.1726994544335768,0.1005720090649878,1.0,324.9139551099829,,LAS_DataFrame_4fd181c1_Laser_True_20260725_155329_LAS.csv,,
15e46242,2026-07-25 17:33:33.801039,2026-07-25,0.7,0.706,80.0,-0.001,0.0,95,2420,53.8,170.20000000000002,0.4966554808583764,75.13333333333333,0.4109609335312655,95.06666666666666,0.1699673171197563,0.6644077194121903,0.0009507922826629,Data\NafisaData\LAS_0.7Torr_SmallAdmixture_1kHzLaserFreq\OscopeData_Laser_True\Scope_TrialNumber_0_95.00W_0.70Torr_0.00NitrogenFlow_2420.00MHz.csv,True,15e46242|Scope_TrialNumber_0_95.00W_0.70Torr_0.00NitrogenFlow_2420.00MHz.csv,10830.568665216097,698.478623023005,108.30568665216094,706.8256564254789,80010752723.97386,2505188903.1583114,9774747016.188915,10090671467.796469,5.07081544424133,0.1069836312071774,0.711732759273334,0.0139777782642774,1.0,37.08774077457765,,LAS_DataFrame_15e46242_Laser_True_20260725_173304_LAS.csv,,
15e46242,2026-07-25 17:33:49.852670,2026-07-25,0.7,0.706,79.99,-0.005,0.0,100,2420,60.1,178.36666666666667,0.4496912521077323,78.53333333333335,0.5436502143433359,99.83333333333331,0.124721912892469,0.6635394168381986,0.0014808676484208,Data\NafisaData\LAS_0.7Torr_SmallAdmixture_1kHzLaserFreq\OscopeData_Laser_True\Scope_TrialNumber_0_100.00W_0.70Torr_0.00NitrogenFlow_2420.00MHz.csv,True,15e46242|Scope_TrialNumber_0_100.00W_0.70Torr_0.00NitrogenFlow_2420.00MHz.csv,873.7718973738533,45.23161928097967,8.737718973738534,46.06785338653759,39634800769.10429,1011475583.3249131,4842101059.736194,4946617584.608784,1.4402941961866755,0.0155591156869866,0.3525699378427544,0.0034908986790976,1.0,17.328856187754827,,LAS_DataFrame_15e46242_Laser_True_20260725_173304_LAS.csv,,
15e46242,2026-07-25 17:34:06.088205,2026-07-25,0.7,0.706,80.02,0.01,0.0,105,2420,63.6,188.0333333333333,0.2357022603955158,83.23333333333333,0.1699673171197609,104.8,0.0816496580927737,0.6653206158519281,0.0002923148283592,Data\NafisaData\LAS_0.7Torr_SmallAdmixture_1kHzLaserFreq\OscopeData_Laser_True\Scope_TrialNumber_0_105.00W_0.70Torr_0.00NitrogenFlow_2420.00MHz.csv,True,15e46242|Scope_TrialNumber_0_105.00W_0.70Torr_0.00NitrogenFlow_2420.00MHz.csv,522.8584986857675,31.271409834797197,5.228584986857675,31.70550699832198,34471664314.29341,1017411953.8394964,4211331432.684342,4332486528.511156,1.114151527723804,0.0124855099597952,0.3066414441043596,0.0031032601644688,1.0,19.04379436096975,,LAS_DataFrame_15e46242_Laser_True_20260725_173304_LAS.csv,,
15e46242,2026-07-25 17:34:22.381926,2026-07-25,0.7,0.706,80.0,-0.001,0.0,110,2420,66.3,200.2,0.4898979485566425,89.96666666666665,0.4496912521077323,110.23333333333332,0.0471404520791138,0.6703584227267161,0.0008578125363957,Data\NafisaData\LAS_0.7Torr_SmallAdmixture_1kHzLaserFreq\OscopeData_Laser_True\Scope_TrialNumber_0_110.00W_0.70Torr_0.00NitrogenFlow_2420.00MHz.csv,True,15e46242|Scope_TrialNumber_0_110.00W_0.70Torr_0.00NitrogenFlow_2420.00MHz.csv,741.9591489299423,40.547224843299496,7.419591489299424,41.220477682350655,43577281827.48133,1173863482.7865736,5323745759.351741,5451625847.986587,1.3272177203377191,0.0158745585419976,0.3876401356165691,0.0042827678234551,1.0,27.50491959318792,,LAS_DataFrame_15e46242_Laser_True_20260725_173304_LAS.csv,,
15e46242,2026-07-25 17:34:45.892053,2026-07-25,0.7,0.705,78.39,1.606,2.0,95,2420,65.5,135.4,0.1414213562373148,40.46666666666667,0.188561808316412,94.93333333333334,0.0471404520790937,0.546685873549098,0.000989564216162,Data\NafisaData\LAS_0.7Torr_SmallAdmixture_1kHzLaserFreq\OscopeData_Laser_True\Scope_TrialNumber_0_95.00W_0.70Torr_2.00NitrogenFlow_2420.00MHz.csv,True,15e46242|Scope_TrialNumber_0_95.00W_0.70Torr_2.00NitrogenFlow_2420.00MHz.csv,552.86137157348,35.12889992094145,5.5286137157348,35.561287649258865,35857103774.7907,1108407026.180331,4380587686.019758,4518640792.383686,1.145671996338494,0.0200502961815148,0.3189655707555321,0.005068261891477,1.0,47.41481593027997,,LAS_DataFrame_15e46242_Laser_True_20260725_173304_LAS.csv,,
15e46242,2026-07-25 17:35:01.921549,2026-07-25,0.7,0.705,78.42,1.608,2.0,100,2420,65.4,148.1,0.2160246899469295,48.1,0.2160246899469284,100.0,0.0,0.5698933001679216,0.0008629758223764,Data\NafisaData\LAS_0.7Torr_SmallAdmixture_1kHzLaserFreq\OscopeData_Laser_True\Scope_TrialNumber_0_100.00W_0.70Torr_2.00NitrogenFlow_2420.00MHz.csv,True,15e46242|Scope_TrialNumber_0_100.00W_0.70Torr_2.00NitrogenFlow_2420.00MHz.csv,660.9867149695202,34.00185755535783,6.609867149695202,34.638369779068185,36138830919.58228,884317216.5141267,4415005704.525735,4502698336.599741,1.2527042179621917,0.0239058134655061,0.321471664390427,0.0055811233212552,1.0,48.52853840348528,,LAS_DataFrame_15e46242_Laser_True_20260725_173304_LAS.csv,,
15e46242,2026-07-25 17:35:17.994030,2026-07-25,0.7,0.705,78.41,1.598,2.0,105,2420,66.4,160.4,0.2828427124746163,55.36666666666667,0.188561808316412,105.03333333333336,0.0942809041582009,0.5875180724810595,0.0004831963035608,Data\NafisaData\LAS_0.7Torr_SmallAdmixture_1kHzLaserFreq\OscopeData_Laser_True\Scope_TrialNumber_0_105.00W_0.70Torr_2.00NitrogenFlow_2420.00MHz.csv,True,15e46242|Scope_TrialNumber_0_105.00W_0.70Torr_2.00NitrogenFlow_2420.00MHz.csv,640.0429258274803,40.63437364956168,6.400429258274803,41.13535968704264,35659305734.16126,1097252294.8376925,4356423111.3641405,4492480931.929951,1.2326980962256715,0.0230259006127224,0.3172060654335197,0.0053839735938974,1.0,44.63380481654346,,LAS_DataFrame_15e46242_Laser_True_20260725_173304_LAS.csv,,
15e46242,2026-07-25 17:35:34.006973,2026-07-25,0.7,0.705,78.39,1.603,2.0,110,2420,67.9,172.19999999999996,0.3741657386773855,62.2,0.2943920288775958,110.0,0.0816496580927679,0.601003579613241,0.0007699110233319,Data\NafisaData\LAS_0.7Torr_SmallAdmixture_1kHzLaserFreq\OscopeData_Laser_True\Scope_TrialNumber_0_110.00W_0.70Torr_2.00NitrogenFlow_2420.00MHz.csv,True,15e46242|Scope_TrialNumber_0_110.00W_0.70Torr_2.00NitrogenFlow_2420.00MHz.csv,692.4703167219542,34.757705655241935,6.924703167219542,35.44079028986991,36428869859.45468,866398514.5568101,4450439157.725169,4533988871.03175,1.2821910917617685,0.0254399104478277,0.3240516952980758,0.0058818285733678,1.0,51.77076453178407,,LAS_DataFrame_15e46242_Laser_True_20260725_173304_LAS.csv,,
15e46242,2026-07-25 17:35:57.578192,2026-07-25,0.7,0.703,76.8,3.202,4.0,95,2420,66.7,127.63333333333333,0.1247219128924639,32.7,0.0816496580927708,94.93333333333332,0.205480466765627,0.5061647507206929,0.0008759391778893,Data\NafisaData\LAS_0.7Torr_SmallAdmixture_1kHzLaserFreq\OscopeData_Laser_True\Scope_TrialNumber_0_95.00W_0.70Torr_4.00NitrogenFlow_2420.00MHz.csv,True,15e46242|Scope_TrialNumber_0_95.00W_0.70Torr_4.00NitrogenFlow_2420.00MHz.csv,653.833872753696,44.588867094413466,6.53833872753696,45.06569584594559,27134993260.07371,873418829.6125069,3315025610.598185,3428156246.562217,1.245907735816123,0.0344764734068449,0.2413783518883057,0.006102216915843,1.0,60.74890142333452,,LAS_DataFrame_15e46242_Laser_True_20260725_173304_LAS.csv,,
15e46242,2026-07-25 17:36:13.665918,2026-07-25,0.7,0.7040000000000001,76.79,3.193,4.0,100,2420,66.3,138.76666666666668,0.0471404520791138,38.93333333333333,0.1247219128924664,99.83333333333331,0.0942809041581976,0.5296848953377387,0.0007823340615619,Data\NafisaData\LAS_0.7Torr_SmallAdmixture_1kHzLaserFreq\OscopeData_Laser_True\Scope_TrialNumber_0_100.00W_0.70Torr_4.00NitrogenFlow_2420.00MHz.csv,True,15e46242|Scope_TrialNumber_0_100.00W_0.70Torr_4.00NitrogenFlow_2420.00MHz.csv,642.8530905964528,39.31383371731485,6.428530905964529,39.83595776633999,27758472102.183807,787601743.9828881,3391194722.174941,3481453453.7793355,1.2354012670626315,0.0344208258279008,0.2469244853958162,0.0062776756930848,1.0,63.09157486073696,,LAS_DataFrame_15e46242_Laser_True_20260725_173304_LAS.csv,,
15e46242,2026-07-25 17:36:29.717124,2026-07-25,0.7,0.7040000000000001,76.8,3.194,4.0,105,2420,66.9,150.43333333333334,0.2867441755680944,45.5,0.1632993161855475,104.93333333333334,0.124721912892469,0.5499621626921939,0.0004666343701422,Data\NafisaData\LAS_0.7Torr_SmallAdmixture_1kHzLaserFreq\OscopeData_Laser_True\Scope_TrialNumber_0_105.00W_0.70Torr_4.00NitrogenFlow_2420.00MHz.csv,True,15e46242|Scope_TrialNumber_0_105.00W_0.70Torr_4.00NitrogenFlow_2420.00MHz.csv,696.248065606373,42.00380315288017,6.96248065606373,42.57693760936744,29739138795.42674,840707086.0878984,3633168646.812699,3729169186.398121,1.2856838101618009,0.0337836143954922,0.2645434343844087,0.0063695981556085,1.0,60.44662125784844,,LAS_DataFrame_15e46242_Laser_True_20260725_173304_LAS.csv,,
15e46242,2026-07-25 17:36:45.782178,2026-07-25,0.7,0.7040000000000001,76.81,3.188,4.0,110,2420,68.0,162.33333333333334,0.3858612300929986,52.29999999999999,0.3741657386773963,110.03333333333332,0.0471404520791004,0.5676011853460129,0.0013647893516595,Data\NafisaData\LAS_0.7Torr_SmallAdmixture_1kHzLaserFreq\OscopeData_Laser_True\Scope_TrialNumber_0_110.00W_0.70Torr_4.00NitrogenFlow_2420.00MHz.csv,True,15e46242|Scope_TrialNumber_0_110.00W_0.70Torr_4.00NitrogenFlow_2420.00MHz.csv,733.2610754835365,48.06211866885619,7.332610754835365,48.61825203996069,30379309776.9412,943443027.9233888,3711377002.294577,3829413009.8617377,1.319415221629137,0.0345488460951658,0.2702380522147379,0.0064859005549751,1.0,58.94864920245899,,LAS_DataFrame_15e46242_Laser_True_20260725_173304_LAS.csv,,
15e46242,2026-07-25 17:37:09.324149,2026-07-25,0.7,0.703,75.2,4.799,6.0,95,2420,67.2,133.76666666666668,0.0942809041582143,38.7,0.2160246899469284,95.06666666666663,0.2054804667656339,0.5378730398422551,0.0014517588469784,Data\NafisaData\LAS_0.7Torr_SmallAdmixture_1kHzLaserFreq\OscopeData_Laser_True\Scope_TrialNumber_0_95.00W_0.70Torr_6.00NitrogenFlow_2420.00MHz.csv,True,15e46242|Scope_TrialNumber_0_95.00W_0.70Torr_6.00NitrogenFlow_2420.00MHz.csv,816.6616740418929,68.60819792923947,8.16661674041893,69.09253542954254,22759210544.123047,902040322.1070457,2780445349.9451213,2923106752.5388856,1.3924296474176885,0.0523586902543262,0.2024537348790352,0.0070724396896429,1.0,67.48432485658535,,LAS_DataFrame_15e46242_Laser_True_20260725_173304_LAS.csv,,
15e46242,2026-07-25 17:37:25.312650,2026-07-25,0.7,0.703,75.21,4.793,6.0,100,2420,67.1,138.46666666666667,0.3399346342395219,38.4,0.1414213562373115,100.06666666666666,0.3299831645537273,0.5266146874408473,0.0010037798071194,Data\NafisaData\LAS_0.7Torr_SmallAdmixture_1kHzLaserFreq\OscopeData_Laser_True\Scope_TrialNumber_0_100.00W_0.70Torr_6.00NitrogenFlow_2420.00MHz.csv,True,15e46242|Scope_TrialNumber_0_100.00W_0.70Torr_6.00NitrogenFlow_2420.00MHz.csv,682.1550109105668,57.50004962655026,6.821550109105669,57.90327497600444,23021365548.829903,905039252.7138976,2812472280.86124,2954504421.991234,1.2726052518782869,0.0470204061425261,0.2047857252491424,0.006897368088044,1.0,73.98728489723416,,LAS_DataFrame_15e46242_Laser_True_20260725_173304_LAS.csv,,
15e46242,2026-07-25 17:37:41.285509,2026-07-25,0.7,0.703,75.19,4.805,6.0,105,2420,66.8,138.43333333333334,0.0471404520791004,33.36666666666667,0.0471404520791038,105.06666666666668,0.0471404520791038,0.4909485226934114,0.0003136013824917,Data\NafisaData\LAS_0.7Torr_SmallAdmixture_1kHzLaserFreq\OscopeData_Laser_True\Scope_TrialNumber_0_105.00W_0.70Torr_6.00NitrogenFlow_2420.00MHz.csv,True,15e46242|Scope_TrialNumber_0_105.00W_0.70Torr_6.00NitrogenFlow_2420.00MHz.csv,787.2832278215129,65.37174121789363,7.872832278215129,65.8441040484276,24103111613.67977,941689838.415542,2944626944.574297,3091538062.920793,1.3671547447615535,0.0491198770418502,0.2144083582747903,0.0070903339110601,1.0,69.53113602838,,LAS_DataFrame_15e46242_Laser_True_20260725_173304_LAS.csv,,
15e46242,2026-07-25 17:37:57.313982,2026-07-25,0.7,0.703,75.2,4.797,6.0,110,2420,67.0,147.9333333333333,0.0471404520791004,37.96666666666667,0.0471404520791038,109.96666666666664,0.0471404520791004,0.5066034282825213,0.0002830149846229,Data\NafisaData\LAS_0.7Torr_SmallAdmixture_1kHzLaserFreq\OscopeData_Laser_True\Scope_TrialNumber_0_110.00W_0.70Torr_6.00NitrogenFlow_2420.00MHz.csv,True,15e46242|Scope_TrialNumber_0_110.00W_0.70Torr_6.00NitrogenFlow_2420.00MHz.csv,699.2911600230314,58.287801940065954,6.992911600230314,58.70578053014023,22719592643.86353,885626619.2574854,2775605313.5854416,2913472046.466412,1.2884904186724644,0.0470557943130014,0.2021013152790647,0.0067524161608337,1.0,69.99366807700447,,LAS_DataFrame_15e46242_Laser_True_20260725_173304_LAS.csv,,
15e46242,2026-07-25 17:38:20.867750,2026-07-25,0.7,0.7019999999999998,73.59,6.396,8.0,95,2420,67.0,134.73333333333332,0.1247219128924702,39.73333333333333,0.0471404520791004,95.0,0.1414213562373148,0.5430503009640653,0.0004442557423206,Data\NafisaData\LAS_0.7Torr_SmallAdmixture_1kHzLaserFreq\OscopeData_Laser_True\Scope_TrialNumber_0_95.00W_0.70Torr_8.00NitrogenFlow_2420.00MHz.csv,True,15e46242|Scope_TrialNumber_0_95.00W_0.70Torr_8.00NitrogenFlow_2420.00MHz.csv,686.7039203628303,79.87255486282042,6.867039203628304,80.16720805752453,14716099301.453268,786429310.4679868,1797835201.3893638,1962315589.2256184,1.2768413471710154,0.0728205014681712,0.1309065294973207,0.0068351341019178,1.0,71.56637547042521,,LAS_DataFrame_15e46242_Laser_True_20260725_173304_LAS.csv,,
15e46242,2026-07-25 17:38:36.857838,2026-07-25,0.7,0.7019999999999998,73.59,6.404,8.0,100,2420,67.2,142.83333333333334,0.0942809041582143,42.86666666666667,0.0471404520791038,99.96666666666664,0.0471404520791071,0.5478289737388244,0.0001204848460712,Data\NafisaData\LAS_0.7Torr_SmallAdmixture_1kHzLaserFreq\OscopeData_Laser_True\Scope_TrialNumber_0_100.00W_0.70Torr_8.00NitrogenFlow_2420.00MHz.csv,True,15e46242|Scope_TrialNumber_0_100.00W_0.70Torr_8.00NitrogenFlow_2420.00MHz.csv,648.3271900584906,76.12927685279634,6.483271900584906,76.4048402175322,14655029078.39704,792812015.8224804,1790374379.4338918,1958058045.8622255,1.2406500352680592,0.0689847399761418,0.1303632815351974,0.00661044512318,1.0,70.36560064602816,,LAS_DataFrame_15e46242_Laser_True_20260725_173304_LAS.csv,,
15e46242,2026-07-25 17:38:52.970070,2026-07-25,0.7,0.701,73.61,6.395,8.0,105,2420,67.8,150.6,0.0,45.6,0.0,105.0,0.0,0.5502625233663601,0.0,Data\NafisaData\LAS_0.7Torr_SmallAdmixture_1kHzLaserFreq\OscopeData_Laser_True\Scope_TrialNumber_0_105.00W_0.70Torr_8.00NitrogenFlow_2420.00MHz.csv,True,15e46242|Scope_TrialNumber_0_105.00W_0.70Torr_8.00NitrogenFlow_2420.00MHz.csv,612.5051919672779,70.75727054634568,6.12505191967278,71.02188110848265,15049383466.19223,795102042.2701823,1838551833.640832,2003112603.576314,1.2058882446184986,0.0661239834045927,0.1338712467398907,0.0066422620928107,1.0,73.63799895856889,,LAS_DataFrame_15e46242_Laser_True_20260725_173304_LAS.csv,,
15e46242,2026-07-25 17:39:08.945974,2026-07-25,0.7,0.7019999999999998,73.59,6.408,8.0,110,2420,68.4,155.4,0.1414213562373148,45.4,0.0816496580927737,110.0,0.2160246899469339,0.5405085055638515,0.0007099524520716,Data\NafisaData\LAS_0.7Torr_SmallAdmixture_1kHzLaserFreq\OscopeData_Laser_True\Scope_TrialNumber_0_110.00W_0.70Torr_8.00NitrogenFlow_2420.00MHz.csv,True,15e46242|Scope_TrialNumber_0_110.00W_0.70Torr_8.00NitrogenFlow_2420.00MHz.csv,685.1067650091744,75.14691466861044,6.8510676500917445,75.45857083299121,17595996237.280533,903551058.3545152,2149666211.8727136,2331838188.537264,1.27535562596908,0.0619335417707113,0.1565245486107066,0.0069776800987403,1.0,75.24444070246284,,LAS_DataFrame_15e46242_Laser_True_20260725_173304_LAS.csv,,
15e46242,2026-07-25 17:39:32.507884,2026-07-25,0.7,0.7,71.98,7.991,10.0,95,2420,67.4,130.26666666666665,0.2494438257849279,35.233333333333334,0.188561808316412,95.03333333333336,0.0942809041582009,0.5200656998515122,0.0009336873471199,Data\NafisaData\LAS_0.7Torr_SmallAdmixture_1kHzLaserFreq\OscopeData_Laser_True\Scope_TrialNumber_0_95.00W_0.70Torr_10.00NitrogenFlow_2420.00MHz.csv,True,15e46242|Scope_TrialNumber_0_95.00W_0.70Torr_10.00NitrogenFlow_2420.00MHz.csv,721.1409449401206,103.35138330986383,7.211409449401206,103.60266820072404,12517223303.035982,829568605.886157,1529203100.418532,1739725896.284111,1.3084654260976698,0.0896087478303933,0.1113465075206181,0.0069957157893262,1.0,72.12746173431458,,LAS_DataFrame_15e46242_Laser_True_20260725_173304_LAS.csv,,
15e46242,2026-07-25 17:39:48.632628,2026-07-25,0.7,0.7,72.01,7.996,10.0,100,2420,67.4,141.0666666666667,0.1699673171197628,41.03333333333333,0.0471404520791038,100.03333333333336,0.1247219128924702,0.5393320334850628,7.830781066758747e-05,Data\NafisaData\LAS_0.7Torr_SmallAdmixture_1kHzLaserFreq\OscopeData_Laser_True\Scope_TrialNumber_0_100.00W_0.70Torr_10.00NitrogenFlow_2420.00MHz.csv,True,15e46242|Scope_TrialNumber_0_100.00W_0.70Torr_10.00NitrogenFlow_2420.00MHz.csv,627.5610308548484,91.10116768861626,6.275610308548484,91.31706324107309,11441545754.835892,759448516.0937064,1397789814.7452457,1590779184.802995,1.2206190909417531,0.0859083887253239,0.1017778567655125,0.0065097611967125,1.0,70.05228687829037,,LAS_DataFrame_15e46242_Laser_True_20260725_173304_LAS.csv,,
15e46242,2026-07-25 17:40:04.614510,2026-07-25,0.7,0.7,72.0,7.997,10.0,105,2420,67.9,149.56666666666666,0.2054804667656316,44.43333333333334,0.0942809041582076,105.13333333333334,0.1247219128924652,0.5450505875123688,0.0002780610082921,Data\NafisaData\LAS_0.7Torr_SmallAdmixture_1kHzLaserFreq\OscopeData_Laser_True\Scope_TrialNumber_0_105.00W_0.70Torr_10.00NitrogenFlow_2420.00MHz.csv,True,15e46242|Scope_TrialNumber_0_105.00W_0.70Torr_10.00NitrogenFlow_2420.00MHz.csv,730.9449140630902,100.55115578660674,7.309449140630902,100.81648167220442,12823447519.746132,816570333.3210226,1566613875.179003,1766653939.8431654,1.317329746349564,0.0877889535308204,0.1140705139734424,0.0069993823923557,1.0,71.70222547955188,,LAS_DataFrame_15e46242_Laser_True_20260725_173304_LAS.csv,,
15e46242,2026-07-25 17:40:20.626266,2026-07-25,0.7,0.701,72.01,7.995,10.0,110,2420,68.6,156.86666666666667,0.0942809041582009,46.76666666666667,0.0471404520791004,110.1,0.0816496580927679,0.5460128263946226,0.0002398752125388,Data\NafisaData\LAS_0.7Torr_SmallAdmixture_1kHzLaserFreq\OscopeData_Laser_True\Scope_TrialNumber_0_110.00W_0.70Torr_10.00NitrogenFlow_2420.00MHz.csv,True,15e46242|Scope_TrialNumber_0_110.00W_0.70Torr_10.00NitrogenFlow_2420.00MHz.csv,647.7409230239487,92.45724642655922,6.477409230239487,92.68386724299698,12071803087.706087,789778629.8197747,1474787040.4201171,1672945635.3124957,1.2400889630698684,0.0846495557938513,0.1073842880926052,0.0066597620818938,1.0,71.71997500486582,,LAS_DataFrame_15e46242_Laser_True_20260725_173304_LAS.csv,,
15e46242,2026-07-25 17:40:44.286693,2026-07-25,0.7,0.6990000000000001,70.41,9.607,12.0,95,2420,67.0,121.43333333333334,0.3858612300930031,26.46666666666667,0.1885618083164137,94.96666666666664,0.205480466765627,0.4668497609661514,0.0009539068576429,Data\NafisaData\LAS_0.7Torr_SmallAdmixture_1kHzLaserFreq\OscopeData_Laser_True\Scope_TrialNumber_0_95.00W_0.70Torr_12.00NitrogenFlow_2420.00MHz.csv,True,15e46242|Scope_TrialNumber_0_95.00W_0.70Torr_12.00NitrogenFlow_2420.00MHz.csv,651.6280994374333,120.78537652479643,6.516280994374333,120.96102306211904,9849021788.170414,836866434.0535907,1203234478.6009269,1465646150.6583426,1.2438043637719534,0.1134686192746552,0.0876116173737398,0.0073052898253266,1.0,85.68587144802055,,LAS_DataFrame_15e46242_Laser_True_20260725_173304_LAS.csv,,
15e46242,2026-07-25 17:41:00.380136,2026-07-25,0.7,0.6990000000000001,70.39,9.595,12.0,100,2420,66.3,131.43333333333334,0.0942809041582009,31.5,0.0,99.93333333333334,0.0942809041582009,0.4895562501403884,0.0001756532256125,Data\NafisaData\LAS_0.7Torr_SmallAdmixture_1kHzLaserFreq\OscopeData_Laser_True\Scope_TrialNumber_0_100.00W_0.70Torr_12.00NitrogenFlow_2420.00MHz.csv,True,15e46242|Scope_TrialNumber_0_100.00W_0.70Torr_12.00NitrogenFlow_2420.00MHz.csv,596.4423617433935,95.85063402516852,5.964423617433935,96.03602653231232,10586341677.13524,777513883.8624446,1293311313.7670605,1509033463.4847376,1.189971102302808,0.0936386005407035,0.0941704197993394,0.006744742883349,1.0,76.75196633331228,,LAS_DataFrame_15e46242_Laser_True_20260725_173304_LAS.csv,,
15e46242,2026-07-25 17:41:16.450923,2026-07-25,0.7,0.6990000000000001,70.4,9.603,12.0,105,2420,67.0,146.73333333333335,0.1699673171197628,41.83333333333333,0.0471404520791038,104.90000000000002,0.2160246899469361,0.5339457464322762,0.0006058188280748,Data\NafisaData\LAS_0.7Torr_SmallAdmixture_1kHzLaserFreq\OscopeData_Laser_True\Scope_TrialNumber_0_105.00W_0.70Torr_12.00NitrogenFlow_2420.00MHz.csv,True,15e46242|Scope_TrialNumber_0_105.00W_0.70Torr_12.00NitrogenFlow_2420.00MHz.csv,589.0709276455617,107.98133273638916,5.890709276455617,108.14189139878454,9222191027.59569,771034269.4273046,1126655870.126627,1365227927.6084578,1.1825948111728837,0.1055113273014893,0.0820356669966654,0.0066392300673019,1.0,71.88588989562493,,LAS_DataFrame_15e46242_Laser_True_20260725_173304_LAS.csv,,
15e46242,2026-07-25 17:41:32.434759,2026-07-25,0.7,0.6990000000000001,70.39,9.602,12.0,110,2420,67.9,155.36666666666667,0.0942809041582009,45.26666666666667,0.0942809041582043,110.1,0.1632993161855417,0.5397718438687628,0.0006592354256179,Data\NafisaData\LAS_0.7Torr_SmallAdmixture_1kHzLaserFreq\OscopeData_Laser_True\Scope_TrialNumber_0_110.00W_0.70Torr_12.00NitrogenFlow_2420.00MHz.csv,True,15e46242|Scope_TrialNumber_0_110.00W_0.70Torr_12.00NitrogenFlow_2420.00MHz.csv,781.3507417599114,163.37340496134436,7.813507417599115,163.56014290415712,9723500722.965376,938179857.0395108,1187899831.4964988,1513699921.9872105,1.3619939822791434,0.139571143942584,0.0864950492745306,0.0081512111321471,1.0,99.29911886538108,,LAS_DataFrame_15e46242_Laser_True_20260725_173304_LAS.csv,,
85eb2111,2026-07-25 17:54:50.010474,2026-07-25,0.7,0.6990000000000001,70.42,9.593,12.0,30,2420,47.7,40.43333333333333,0.0471404520791038,10.333333333333334,0.0942809041582068,30.100000000000005,0.0816496580927723,0.5055283963865024,0.0021782941700558,Data\NafisaData\LAS_0.7Torr_SmallAdmixture_1kHzLaserFreq\OscopeData_Laser_True\Scope_TrialNumber_0_30.00W_0.70Torr_12.00NitrogenFlow_2420.00MHz.csv,True,85eb2111|Scope_TrialNumber_0_30.00W_0.70Torr_12.00NitrogenFlow_2420.00MHz.csv,766.4369787913155,52.95763248401892,7.664369787913155,53.509376772284426,7092183161.0355,234376090.81740707,866437245.3882086,897577658.0011092,1.3489330627163802,0.033175384932636,0.0630882589980084,0.0014154926763862,1.0,5.011637844629731,,LAS_DataFrame_85eb2111_Laser_True_20260725_175420_LAS.csv,,
85eb2111,2026-07-25 17:55:06.110720,2026-07-25,0.7,0.6990000000000001,70.41,9.608,12.0,35,2420,49.5,46.5,0.1414213562373115,11.5,0.0,35.0,0.1414213562373115,0.4973062906380223,0.000757457334851,Data\NafisaData\LAS_0.7Torr_SmallAdmixture_1kHzLaserFreq\OscopeData_Laser_True\Scope_TrialNumber_0_35.00W_0.70Torr_12.00NitrogenFlow_2420.00MHz.csv,True,85eb2111|Scope_TrialNumber_0_35.00W_0.70Torr_12.00NitrogenFlow_2420.00MHz.csv,727.5188282907999,47.35857607245889,7.275188282907999,47.91412205355157,7240473908.67316,221874815.72330377,884553617.1713892,911955884.6255878,1.3142388254650994,0.0346074438182143,0.0644073739844024,0.0015418449374202,1.0,5.894875321568306,,LAS_DataFrame_85eb2111_Laser_True_20260725_175420_LAS.csv,,
85eb2111,2026-07-25 17:55:22.260544,2026-07-25,0.7,0.7,70.41,9.603,12.0,40,2420,50.6,51.6,0.1414213562373115,11.633333333333333,0.047140452079103,39.96666666666666,0.1247219128924664,0.4748177734245958,0.0008490316727233,Data\NafisaData\LAS_0.7Torr_SmallAdmixture_1kHzLaserFreq\OscopeData_Laser_True\Scope_TrialNumber_0_40.00W_0.70Torr_12.00NitrogenFlow_2420.00MHz.csv,True,85eb2111|Scope_TrialNumber_0_40.00W_0.70Torr_12.00NitrogenFlow_2420.00MHz.csv,684.1489151593537,43.73999476998616,6.841489151593537,44.27180949870683,7832124475.5393715,240255442.80029464,956834334.6526176,986536680.395252,1.2744637748472225,0.027157453885696,0.0696703802197524,0.0013459085119298,1.0,4.660432199603383,,LAS_DataFrame_85eb2111_Laser_True_20260725_175420_LAS.csv,,
85eb2111,2026-07-25 17:55:38.724990,2026-07-25,0.7,0.6990000000000001,70.42,9.598,12.0,45,2420,51.5,57.20000000000001,0.0816496580927708,12.199999999999998,1.7763568394002505e-15,45.0,0.0816496580927679,0.4618300977963994,0.0003296182133392,Data\NafisaData\LAS_0.7Torr_SmallAdmixture_1kHzLaserFreq\OscopeData_Laser_True\Scope_TrialNumber_0_45.00W_0.70Torr_12.00NitrogenFlow_2420.00MHz.csv,True,85eb2111|Scope_TrialNumber_0_45.00W_0.70Torr_12.00NitrogenFlow_2420.00MHz.csv,706.2200164681469,40.13325762216162,7.062200164681469,40.7498839082128,8345117363.223922,228736325.31294096,1019505607.2941788,1044850223.6310904,1.2948581232656278,0.0232086152617,0.0742336899126247,0.0012088503363652,1.0,4.089325688193083,,LAS_DataFrame_85eb2111_Laser_True_20260725_175420_LAS.csv,,
85eb2111,2026-07-25 17:55:55.101085,2026-07-25,0.7,0.7,70.39,9.605,12.0,50,2420,52.3,63.13333333333333,0.0471404520791038,13.1,0.0,50.03333333333333,0.0471404520791038,0.4555188764598312,0.0001699963250967,Data\NafisaData\LAS_0.7Torr_SmallAdmixture_1kHzLaserFreq\OscopeData_Laser_True\Scope_TrialNumber_0_50.00W_0.70Torr_12.00NitrogenFlow_2420.00MHz.csv,True,85eb2111|Scope_TrialNumber_0_50.00W_0.70Torr_12.00NitrogenFlow_2420.00MHz.csv,771.8661312972649,46.988530801750166,7.71866131297265,47.61827127659513,9373561999.002958,275349878.7695084,1145148546.432339,1177787225.7477078,1.35370230004953,0.0254267073049416,0.0833821820022829,0.0014180276744411,1.0,4.650905859220609,,LAS_DataFrame_85eb2111_Laser_True_20260725_175420_LAS.csv,,
85eb2111,2026-07-25 17:56:11.109845,2026-07-25,0.7,0.7,70.39,9.601,12.0,55,2420,53.1,69.06666666666666,0.0942809041582076,14.0,0.0,55.06666666666666,0.0942809041582076,0.4502254832475996,0.00030707273587,Data\NafisaData\LAS_0.7Torr_SmallAdmixture_1kHzLaserFreq\OscopeData_Laser_True\Scope_TrialNumber_0_55.00W_0.70Torr_12.00NitrogenFlow_2420.00MHz.csv,True,85eb2111|Scope_TrialNumber_0_55.00W_0.70Torr_12.00NitrogenFlow_2420.00MHz.csv,752.3747540129921,39.19795420749333,7.52374754012992,39.91348633106804,9979334901.385958,247827946.86171463,1219154560.2300584,1244088635.4980662,1.3365009799070895,0.0247845934418249,0.0887708129628423,0.0014908522781979,1.0,5.559178164104749,,LAS_DataFrame_85eb2111_Laser_True_20260725_175420_LAS.csv,,
85eb2111,2026-07-25 17:56:27.140887,2026-07-25,0.7,0.7,70.39,9.602,12.0,60,2420,53.8,75.23333333333333,0.0942809041582076,15.199999999999998,1.7763568394002505e-15,60.03333333333333,0.0942809041582076,0.4494867537794845,0.0002818313209416,Data\NafisaData\LAS_0.7Torr_SmallAdmixture_1kHzLaserFreq\OscopeData_Laser_True\Scope_TrialNumber_0_60.00W_0.70Torr_12.00NitrogenFlow_2420.00MHz.csv,True,85eb2111|Scope_TrialNumber_0_60.00W_0.70Torr_12.00NitrogenFlow_2420.00MHz.csv,765.9116272733072,50.14687611658903,7.659116272733073,50.728406700110064,11013117730.804558,346811335.41841024,1345449655.3669276,1389428975.335438,1.3484706727670082,0.0299657917765952,0.0979667907610993,0.0019928332931914,1.0,7.438878885696901,,LAS_DataFrame_85eb2111_Laser_True_20260725_175420_LAS.csv,,
85eb2111,2026-07-25 17:56:43.194140,2026-07-25,0.7,0.7,70.39,9.602,12.0,65,2420,54.6,81.3,0.1414213562373081,16.3,0.0,65.0,0.1414213562373081,0.4477638433941109,0.0003890840172892,Data\NafisaData\LAS_0.7Torr_SmallAdmixture_1kHzLaserFreq\OscopeData_Laser_True\Scope_TrialNumber_0_65.00W_0.70Torr_12.00NitrogenFlow_2420.00MHz.csv,True,85eb2111|Scope_TrialNumber_0_65.00W_0.70Torr_12.00NitrogenFlow_2420.00MHz.csv,754.5875196448724,36.05816677328761,7.545875196448724,36.83926741305536,11098955368.50155,253925845.18860093,1355936260.7842016,1379507694.1301153,1.338464889633481,0.0219454564475627,0.0987303563650669,0.001469025636099,1.0,5.062901557278787,,LAS_DataFrame_85eb2111_Laser_True_20260725_175420_LAS.csv,,
85eb2111,2026-07-25 17:56:59.267665,2026-07-25,0.7,0.7,70.4,9.605,12.0,70,2420,55.3,87.16666666666667,0.0942809041582076,17.2,0.0,69.96666666666665,0.0942809041582076,0.4442108832306665,0.0002400952654777,Data\NafisaData\LAS_0.7Torr_SmallAdmixture_1kHzLaserFreq\OscopeData_Laser_True\Scope_TrialNumber_0_70.00W_0.70Torr_12.00NitrogenFlow_2420.00MHz.csv,True,85eb2111|Scope_TrialNumber_0_70.00W_0.70Torr_12.00NitrogenFlow_2420.00MHz.csv,769.316935041614,43.57834733860031,7.69316935041614,44.25220007432257,11741214569.640797,322058312.6852871,1434399729.7083557,1470110248.0280511,1.351465055376702,0.022884487225949,0.1044435498776003,0.0016076889458513,1.0,5.383210697880022,,LAS_DataFrame_85eb2111_Laser_True_20260725_175420_LAS.csv,,
85eb2111,2026-07-25 17:57:15.221697,2026-07-25,0.7,0.7,70.39,9.608,12.0,75,2420,55.9,92.73333333333332,0.0942809041582076,17.7,0.0,75.03333333333333,0.0942809041582076,0.4368867425830804,0.0002222087165483,Data\NafisaData\LAS_0.7Torr_SmallAdmixture_1kHzLaserFreq\OscopeData_Laser_True\Scope_TrialNumber_0_75.00W_0.70Torr_12.00NitrogenFlow_2420.00MHz.csv,True,85eb2111|Scope_TrialNumber_0_75.00W_0.70Torr_12.00NitrogenFlow_2420.00MHz.csv,796.1198705883651,37.088200064446525,7.961198705883651,37.93303664162645,12756836633.877993,288982998.06068057,1558476161.9877334,1585042308.7893126,1.3748059600194702,0.0181872465110108,0.1134779792455149,0.0013692969172306,1.0,4.355094208469543,,LAS_DataFrame_85eb2111_Laser_True_20260725_175420_LAS.csv,,
85eb2111,2026-07-25 17:57:31.164413,2026-07-25,0.7,0.6990000000000001,70.38,9.601,12.0,80,2420,56.5,98.56666666666666,0.0471404520791004,18.4,0.0,80.16666666666666,0.0471404520791004,0.4320598533175512,0.0001033445993476,Data\NafisaData\LAS_0.7Torr_SmallAdmixture_1kHzLaserFreq\OscopeData_Laser_True\Scope_TrialNumber_0_80.00W_0.70Torr_12.00NitrogenFlow_2420.00MHz.csv,True,85eb2111|Scope_TrialNumber_0_80.00W_0.70Torr_12.00NitrogenFlow_2420.00MHz.csv,761.8956585824412,42.18932035870524,7.618956585824413,42.87175354223498,12900277193.09518,347914641.5031732,1575999996.353418,1613945657.7835126,1.3449307516732594,0.0200784272919151,0.1147539495561,0.0015551450799787,1.0,5.2366913668289365,,LAS_DataFrame_85eb2111_Laser_True_20260725_175420_LAS.csv,,
85eb2111,2026-07-25 17:57:47.311870,2026-07-25,0.7,0.7,70.39,9.606,12.0,85,2420,57.2,104.46666666666664,0.2624669291337296,19.6,0.0,84.86666666666666,0.2624669291337254,0.4331518726948614,0.0005447844123547,Data\NafisaData\LAS_0.7Torr_SmallAdmixture_1kHzLaserFreq\OscopeData_Laser_True\Scope_TrialNumber_0_85.00W_0.70Torr_12.00NitrogenFlow_2420.00MHz.csv,True,85eb2111|Scope_TrialNumber_0_85.00W_0.70Torr_12.00NitrogenFlow_2420.00MHz.csv,774.7694413310204,36.98920413440235,7.747694413310204,37.79190377870009,13011011040.121157,301273884.78481245,1589528119.8113036,1617827431.255939,1.3562458295874944,0.0192215366865431,0.1157389784904064,0.0014965775591257,1.0,5.0490681913532365,,LAS_DataFrame_85eb2111_Laser_True_20260725_175420_LAS.csv,,
85eb2111,2026-07-25 17:58:03.537761,2026-07-25,0.7,0.7,70.4,9.599,12.0,90,2420,57.9,111.3,0.1632993161855475,21.46666666666667,0.0471404520791038,89.83333333333333,0.124721912892469,0.43917186473939,0.0002594633851225,Data\NafisaData\LAS_0.7Torr_SmallAdmixture_1kHzLaserFreq\OscopeData_Laser_True\Scope_TrialNumber_0_90.00W_0.70Torr_12.00NitrogenFlow_2420.00MHz.csv,True,85eb2111|Scope_TrialNumber_0_90.00W_0.70Torr_12.00NitrogenFlow_2420.00MHz.csv,699.7991021513063,39.784013740180846,6.997991021513063,40.39479703645107,11962310430.396544,331543740.18617743,1461410550.5247736,1498546645.534186,1.288958292283731,0.0187832366672375,0.1064103001165648,0.0013976527846394,1.0,4.804712443045368,,LAS_DataFrame_85eb2111_Laser_True_20260725_175420_LAS.csv,,
4a0055ce,2026-07-25 18:20:34.755969,2026-07-25,0.8,0.795,80.02,0.004,0.0,30,2420,44.2,41.06666666666667,0.0471404520791038,11.066666666666668,0.047140452079103,30.0,0.0816496580927737,0.5191145264509821,0.0012816625817295,Data\NafisaData\LAS_0.8Torr_SmallAdmixture_1kHzLaserFreq\OscopeData_Laser_True\Scope_TrialNumber_0_30.00W_0.80Torr_0.00NitrogenFlow_2420.00MHz.csv,True,4a0055ce|Scope_TrialNumber_0_30.00W_0.80Torr_0.00NitrogenFlow_2420.00MHz.csv,587.2097891115582,24.858075218603847,5.872097891115581,25.54222850920825,39206050680.99861,816064144.6561068,4789721554.460697,4858743999.992045,1.1807251602650772,0.01038693254382,0.3487560069290072,0.0027600611401341,1.0,7.630997781319137,,LAS_DataFrame_4a0055ce_Laser_True_20260725_181938_LAS.csv,,
4a0055ce,2026-07-25 18:20:52.825409,2026-07-25,0.8,0.795,80.0,-0.005,0.0,35,2420,45.8,44.96666666666666,0.6548960901462811,10.9,1.202774570177915,34.06666666666667,1.820866704499684,0.4917827376521453,0.0309298651108531,Data\NafisaData\LAS_0.8Torr_SmallAdmixture_1kHzLaserFreq\OscopeData_Laser_True\Scope_TrialNumber_0_35.00W_0.80Torr_0.00NitrogenFlow_2420.00MHz.csv,True,4a0055ce|Scope_TrialNumber_0_35.00W_0.80Torr_0.00NitrogenFlow_2420.00MHz.csv,557.7745296829848,23.350517304815565,5.577745296829849,24.007455112918542,39379930068.51479,813682564.1090204,4810964037.082553,4879288296.589645,1.1507514046495988,0.00882381767885,0.350302744736669,0.0024165031435927,1.0,6.670587047225503,,LAS_DataFrame_4a0055ce_Laser_True_20260725_181938_LAS.csv,,
4a0055ce,2026-07-25 18:21:10.835654,2026-07-25,0.8,0.794,79.99,0.006,0.0,40,2420,47.3,52.333333333333336,0.0942809041582043,12.4,0.0816496580927723,39.93333333333334,0.1247219128924607,0.4867655347318373,0.0016611301457814,Data\NafisaData\LAS_0.8Torr_SmallAdmixture_1kHzLaserFreq\OscopeData_Laser_True\Scope_TrialNumber_0_40.00W_0.80Torr_0.00NitrogenFlow_2420.00MHz.csv,True,4a0055ce|Scope_TrialNumber_0_40.00W_0.80Torr_0.00NitrogenFlow_2420.00MHz.csv,559.2147560072368,31.83746759727031,5.592147560072369,32.32485819521658,39078445623.07632,1099101484.6888978,4774132310.306482,4899016573.758212,1.152236121056461,0.0114357944004268,0.347620900747897,0.0030940548884101,1.0,9.933081796952743,,LAS_DataFrame_4a0055ce_Laser_True_20260725_181938_LAS.csv,,
4a0055ce,2026-07-25 18:21:28.824919,2026-07-25,0.8,0.794,80.0,-0.012,0.0,45,2420,49.1,61.96666666666667,0.1247219128924665,17.066666666666666,0.0471404520791038,44.9,0.0816496580927737,0.5248013699529266,0.0002845399471805,Data\NafisaData\LAS_0.8Torr_SmallAdmixture_1kHzLaserFreq\OscopeData_Laser_True\Scope_TrialNumber_0_45.00W_0.80Torr_0.00NitrogenFlow_2420.00MHz.csv,True,4a0055ce|Scope_TrialNumber_0_45.00W_0.80Torr_0.00NitrogenFlow_2420.00MHz.csv,623.1708650446648,20.038122763595293,6.231708650446648,20.98476963402189,40861688064.960205,643265814.7530404,4991987325.345269,5033262199.094908,1.2163421164908343,0.0091728984571788,0.3634836694434232,0.0024709300038325,1.0,6.455477667216007,,LAS_DataFrame_4a0055ce_Laser_True_20260725_181938_LAS.csv,,
4a0055ce,2026-07-25 18:21:46.915998,2026-07-25,0.8,0.795,80.0,0.003,0.0,50,2420,50.5,68.1,0.0,18.166666666666668,0.0471404520791021,49.93333333333333,0.0471404520791038,0.5164921223452921,0.0006704282234643,Data\NafisaData\LAS_0.8Torr_SmallAdmixture_1kHzLaserFreq\OscopeData_Laser_True\Scope_TrialNumber_0_50.00W_0.80Torr_0.00NitrogenFlow_2420.00MHz.csv,True,4a0055ce|Scope_TrialNumber_0_50.00W_0.80Torr_0.00NitrogenFlow_2420.00MHz.csv,558.1566162756778,27.789205035541983,5.581566162756778,28.34420218204463,37300985263.164665,913412041.403692,4556983680.17949,4647625395.705152,1.1511454809179684,0.0116864790316981,0.3318095663535908,0.0030230947914533,1.0,10.14863587596504,,LAS_DataFrame_4a0055ce_Laser_True_20260725_181938_LAS.csv,,
4a0055ce,2026-07-25 18:22:05.022257,2026-07-25,0.8,0.794,80.01,-0.005,0.0,55,2420,52.2,78.86666666666667,0.2867441755680888,23.866666666666664,0.2054804667656324,55.0,0.0816496580927737,0.5501028138674173,0.0013707511688132,Data\NafisaData\LAS_0.8Torr_SmallAdmixture_1kHzLaserFreq\OscopeData_Laser_True\Scope_TrialNumber_0_55.00W_0.80Torr_0.00NitrogenFlow_2420.00MHz.csv,True,4a0055ce|Scope_TrialNumber_0_55.00W_0.80Torr_0.00NitrogenFlow_2420.00MHz.csv,665.476625096564,28.32307889419184,6.654766250965641,29.09437594968496,37473656911.79857,782444850.7639695,4578078615.857541,4644461621.91692,1.2569516635165636,0.0119436363358947,0.3333455607636729,0.0028560334534455,1.0,7.881088246589587,,LAS_DataFrame_4a0055ce_Laser_True_20260725_181938_LAS.csv,,
4a0055ce,2026-07-25 18:22:23.055851,2026-07-25,0.8,0.794,79.98,-0.001,0.0,60,2420,53.9,90.16666666666669,0.3299831645537235,30.23333333333333,0.3771236166328257,59.93333333333334,0.0471404520791004,0.5790402226980756,0.0025626473942278,Data\NafisaData\LAS_0.8Torr_SmallAdmixture_1kHzLaserFreq\OscopeData_Laser_True\Scope_TrialNumber_0_60.00W_0.80Torr_0.00NitrogenFlow_2420.00MHz.csv,True,4a0055ce|Scope_TrialNumber_0_60.00W_0.80Torr_0.00NitrogenFlow_2420.00MHz.csv,585.0882528517651,27.739680832435816,5.850882528517651,28.35000386327875,34032340178.70622,795236822.3017006,4157660118.051353,4233029560.584157,1.1785903032478149,0.0108296690053217,0.302733452133386,0.0025055520365055,1.0,7.114127257566757,,LAS_DataFrame_4a0055ce_Laser_True_20260725_181938_LAS.csv,,
4a0055ce,2026-07-25 18:22:41.135154,2026-07-25,0.8,0.795,80.0,0.001,0.0,65,2420,55.7,101.4,0.0816496580927737,36.43333333333333,0.0942809041582076,64.96666666666667,0.0471404520791004,0.5994183333060604,0.0005797734158747,Data\NafisaData\LAS_0.8Torr_SmallAdmixture_1kHzLaserFreq\OscopeData_Laser_True\Scope_TrialNumber_0_65.00W_0.80Torr_0.00NitrogenFlow_2420.00MHz.csv,True,4a0055ce|Scope_TrialNumber_0_65.00W_0.80Torr_0.00NitrogenFlow_2420.00MHz.csv,620.0282713629794,34.33561861354607,6.200282713629794,34.89094741195527,34388205604.49324,938720696.4927074,4201135455.93346,4304734099.235979,1.2132712890944115,0.0129418227411598,0.3058990401675239,0.0029385838206082,1.0,8.639369848564137,,LAS_DataFrame_4a0055ce_Laser_True_20260725_181938_LAS.csv,,
4a0055ce,2026-07-25 18:22:59.174772,2026-07-25,0.8,0.795,80.0,0.0,0.0,70,2420,57.4,112.63333333333333,0.3299831645537168,42.73333333333333,0.2624669291337274,69.9,0.0816496580927679,0.6159526716000528,0.0010080000349219,Data\NafisaData\LAS_0.8Torr_SmallAdmixture_1kHzLaserFreq\OscopeData_Laser_True\Scope_TrialNumber_0_70.00W_0.80Torr_0.00NitrogenFlow_2420.00MHz.csv,True,4a0055ce|Scope_TrialNumber_0_70.00W_0.80Torr_0.00NitrogenFlow_2420.00MHz.csv,598.6185682635069,22.926108215349288,5.986185682635068,23.69474323407813,33350533878.329784,619738941.301088,4074365262.380954,4121229021.37962,1.1921400168395138,0.0126165666882202,0.2966684688288175,0.0028241799099254,1.0,8.038886642326798,,LAS_DataFrame_4a0055ce_Laser_True_20260725_181938_LAS.csv,,
4a0055ce,2026-07-25 18:23:17.200289,2026-07-25,0.8,0.794,79.99,0.005,0.0,75,2420,59.2,123.73333333333332,0.3299831645537211,48.76666666666667,0.2624669291337274,74.96666666666667,0.0942809041582009,0.6277926707955682,0.0008948968976506,Data\NafisaData\LAS_0.8Torr_SmallAdmixture_1kHzLaserFreq\OscopeData_Laser_True\Scope_TrialNumber_0_75.00W_0.80Torr_0.00NitrogenFlow_2420.00MHz.csv,True,4a0055ce|Scope_TrialNumber_0_75.00W_0.80Torr_0.00NitrogenFlow_2420.00MHz.csv,631.1362095681463,26.478717441936848,6.311362095681464,27.22050272997792,33889632337.5162,694332308.0082283,4140225798.3209634,4198043236.440818,1.2240910510795553,0.0126655139636687,0.3014639996895312,0.0028083481135012,1.0,7.710974917420518,,LAS_DataFrame_4a0055ce_Laser_True_20260725_181938_LAS.csv,,
4a0055ce,2026-07-25 18:23:35.254984,2026-07-25,0.8,0.794,79.99,0.004,0.0,80,2420,60.8,134.10000000000002,0.2449489742783155,54.20000000000001,0.0816496580927708,79.89999999999999,0.1632993161855417,0.6357485462666363,0.0001017721026714,Data\NafisaData\LAS_0.8Torr_SmallAdmixture_1kHzLaserFreq\OscopeData_Laser_True\Scope_TrialNumber_0_80.00W_0.80Torr_0.00NitrogenFlow_2420.00MHz.csv,True,4a0055ce|Scope_TrialNumber_0_80.00W_0.80Torr_0.00NitrogenFlow_2420.00MHz.csv,692.1705194222918,38.74100724329748,6.921705194222918,39.35448697443483,34187490248.59573,937378701.8904293,4176614478.9476414,4280512508.6270766,1.2819135065484886,0.0170054661243689,0.3041135839729759,0.0036569305848406,1.0,10.796926207822246,,LAS_DataFrame_4a0055ce_Laser_True_20260725_181938_LAS.csv,,
4a0055ce,2026-07-25 18:23:53.317911,2026-07-25,0.8,0.795,80.0,-0.004,0.0,85,2420,62.5,145.36666666666667,0.0471404520791004,60.29999999999999,0.0816496580927708,85.06666666666668,0.0471404520791071,0.6440596866346402,0.0003495189341251,Data\NafisaData\LAS_0.8Torr_SmallAdmixture_1kHzLaserFreq\OscopeData_Laser_True\Scope_TrialNumber_0_85.00W_0.80Torr_0.00NitrogenFlow_2420.00MHz.csv,True,4a0055ce|Scope_TrialNumber_0_85.00W_0.80Torr_0.00NitrogenFlow_2420.00MHz.csv,647.1452876426379,24.66602627638876,6.471452876426379,25.50083439025688,33486975213.990448,618860931.6418402,4091034016.18252,4137577573.2033215,1.2395186650386476,0.0134457410506567,0.2978821777992069,0.0029188327059718,1.0,8.119352696242984,,LAS_DataFrame_4a0055ce_Laser_True_20260725_181938_LAS.csv,,
4a0055ce,2026-07-25 18:24:11.334339,2026-07-25,0.8,0.795,80.0,-0.013,0.0,90,2420,64.0,155.03333333333333,0.1699673171197498,65.03333333333332,0.1699673171197609,90.0,0.0816496580927737,0.6476718390175394,0.0005577242897549,Data\NafisaData\LAS_0.8Torr_SmallAdmixture_1kHzLaserFreq\OscopeData_Laser_True\Scope_TrialNumber_0_90.00W_0.80Torr_0.00NitrogenFlow_2420.00MHz.csv,True,4a0055ce|Scope_TrialNumber_0_90.00W_0.80Torr_0.00NitrogenFlow_2420.00MHz.csv,653.525105192083,30.31221973553445,6.53525105192083,31.008711221315803,32685615088.307392,737188559.8755924,3993133518.677687,4060611071.107241,1.2456135163379842,0.0155064974936219,0.2907537077622899,0.0032613238540748,1.0,9.7590972761411,,LAS_DataFrame_4a0055ce_Laser_True_20260725_181938_LAS.csv,,
4a0055ce,2026-07-25 18:24:29.455229,2026-07-25,0.8,0.794,80.0,0.002,0.0,95,2420,65.4,163.73333333333332,0.4027681991198228,68.5,0.5715476066494064,95.23333333333332,0.1699673171197545,0.6468025568199639,0.0018991313503689,Data\NafisaData\LAS_0.8Torr_SmallAdmixture_1kHzLaserFreq\OscopeData_Laser_True\Scope_TrialNumber_0_95.00W_0.80Torr_0.00NitrogenFlow_2420.00MHz.csv,True,4a0055ce|Scope_TrialNumber_0_95.00W_0.80Torr_0.00NitrogenFlow_2420.00MHz.csv,674.7165153101035,34.63084225988285,6.747165153101036,35.281999280541186,36638984029.648125,927734393.2031144,4476108368.27794,4571240228.74534,1.265647730426673,0.0124414230293271,0.3259207583055208,0.0029001301275405,1.0,7.715839860439724,,LAS_DataFrame_4a0055ce_Laser_True_20260725_181938_LAS.csv,,
4a0055ce,2026-07-25 18:24:47.503027,2026-07-25,0.8,0.794,80.01,-0.008,0.0,100,2420,66.0,161.70000000000002,11.812140647091306,68.23333333333333,5.3977361509762165,93.46666666666664,6.415779159402402,0.6494401853256577,0.0021272167558356,Data\NafisaData\LAS_0.8Torr_SmallAdmixture_1kHzLaserFreq\OscopeData_Laser_True\Scope_TrialNumber_0_100.00W_0.80Torr_0.00NitrogenFlow_2420.00MHz.csv,True,4a0055ce|Scope_TrialNumber_0_100.00W_0.80Torr_0.00NitrogenFlow_2420.00MHz.csv,667.8481256834632,33.41307161365669,6.678481256834632,34.073970513534846,33880785039.96679,829471781.2580972,4139144942.4062495,4221438651.7099495,1.2591893158683622,0.0150762952915151,0.3013852988739211,0.0032592993585111,1.0,9.51554701924234,,LAS_DataFrame_4a0055ce_Laser_True_20260725_181938_LAS.csv,,
4a0055ce,2026-07-25 18:25:05.526747,2026-07-25,0.8,0.794,79.99,-0.007,0.0,105,2420,66.2,174.9,24.14994824011016,62.93333333333333,2.9578520735305336,111.96666666666664,21.40238823641469,0.6034250073109613,0.0316014178559965,Data\NafisaData\LAS_0.8Torr_SmallAdmixture_1kHzLaserFreq\OscopeData_Laser_True\Scope_TrialNumber_0_105.00W_0.80Torr_0.00NitrogenFlow_2420.00MHz.csv,True,4a0055ce|Scope_TrialNumber_0_105.00W_0.80Torr_0.00NitrogenFlow_2420.00MHz.csv,654.7578821034931,31.70096712970406,6.547578821034931,32.37008040422888,33476832376.380684,788202302.00996,4089794886.8369465,4165055231.961688,1.2467877941897418,0.016289868547046,0.2977919525538107,0.0035112292190328,1.0,11.632379332462412,,LAS_DataFrame_4a0055ce_Laser_True_20260725_181938_LAS.csv,,
4a0055ce,2026-07-25 18:25:23.510167,2026-07-25,0.8,0.794,79.99,-0.007,0.0,110,2420,66.2,158.9,16.74295871901579,55.0,2.48327740429189,103.9,17.866915421153895,0.5910955965392642,0.0406373695542632,Data\NafisaData\LAS_0.8Torr_SmallAdmixture_1kHzLaserFreq\OscopeData_Laser_True\Scope_TrialNumber_0_110.00W_0.80Torr_0.00NitrogenFlow_2420.00MHz.csv,True,4a0055ce|Scope_TrialNumber_0_110.00W_0.80Torr_0.00NitrogenFlow_2420.00MHz.csv,654.6498337431574,61.61376186127608,6.546498337431574,61.960570455573055,32550461268.88985,1393910863.2823205,3976622058.053942,4213847468.451799,1.2466849172801229,0.0565394958774028,0.2895514518461104,0.0118542935633433,1.0,109.08471858415054,,LAS_DataFrame_4a0055ce_Laser_True_20260725_181938_LAS.csv,,
4a0055ce,2026-07-25 18:26:14.118755,2026-07-25,0.8,0.7929999999999999,78.4,1.593,2.0,30,2420,61.1,37.36666666666667,0.0471404520791038,7.366666666666667,0.0471404520791034,30.0,2.0511601988091347e-15,0.4440076816225437,0.0011426399675963,Data\NafisaData\LAS_0.8Torr_SmallAdmixture_1kHzLaserFreq\OscopeData_Laser_True\Scope_TrialNumber_0_30.00W_0.80Torr_2.00NitrogenFlow_2420.00MHz.csv,True,4a0055ce|Scope_TrialNumber_0_30.00W_0.80Torr_2.00NitrogenFlow_2420.00MHz.csv,666.4145308354193,32.93207997885772,6.664145308354193,33.59959411101183,30484832950.05719,735907906.8861891,3724268548.5735216,3796279319.1902432,1.2578371094120624,0.0153663372464573,0.2711767297875914,0.0029888919471177,1.0,8.207944001489171,,LAS_DataFrame_4a0055ce_Laser_True_20260725_181938_LAS.csv,,
4a0055ce,2026-07-25 18:26:32.259711,2026-07-25,0.8,0.7929999999999999,78.4,1.609,2.0,35,2420,57.9,43.63333333333333,0.1247219128924633,8.7,0.0,34.93333333333333,0.1247219128924626,0.4465311491704383,0.0006376654175779,Data\NafisaData\LAS_0.8Torr_SmallAdmixture_1kHzLaserFreq\OscopeData_Laser_True\Scope_TrialNumber_0_35.00W_0.80Torr_2.00NitrogenFlow_2420.00MHz.csv,True,4a0055ce|Scope_TrialNumber_0_35.00W_0.80Torr_2.00NitrogenFlow_2420.00MHz.csv,695.913119575157,30.77624653696988,6.95913119575157,31.55323846935577,33163528968.21977,714156149.1325213,4051519262.0012727,4113979501.129184,1.285374519181321,0.0150513145428496,0.2950049734092776,0.0031206407005492,1.0,8.594241376992883,,LAS_DataFrame_4a0055ce_Laser_True_20260725_181938_LAS.csv,,
4a0055ce,2026-07-25 18:26:50.180083,2026-07-25,0.8,0.792,78.41,1.592,2.0,40,2420,57.0,50.23333333333333,0.0471404520791004,10.2,0.0,40.03333333333333,0.0471404520791004,0.4506135329416409,0.0002113294403526,Data\NafisaData\LAS_0.8Torr_SmallAdmixture_1kHzLaserFreq\OscopeData_Laser_True\Scope_TrialNumber_0_40.00W_0.80Torr_2.00NitrogenFlow_2420.00MHz.csv,True,4a0055ce|Scope_TrialNumber_0_40.00W_0.80Torr_2.00NitrogenFlow_2420.00MHz.csv,664.5881625939546,31.69554173207521,6.645881625939547,32.38479748702656,37312921895.454926,872889556.8630052,4558441953.685116,4641263752.858381,1.2561123196795347,0.0134670415699897,0.3319157482347398,0.0032108539430361,1.0,9.50341981822325,,LAS_DataFrame_4a0055ce_Laser_True_20260725_181938_LAS.csv,,
4a0055ce,2026-07-25 18:27:08.217827,2026-07-25,0.8,0.7929999999999999,78.4,1.603,2.0,45,2420,56.8,57.20000000000001,0.0816496580927708,12.166666666666666,0.047140452079103,45.03333333333333,0.1247219128924607,0.4611984365702293,0.0011901335840151,Data\NafisaData\LAS_0.8Torr_SmallAdmixture_1kHzLaserFreq\OscopeData_Laser_True\Scope_TrialNumber_0_45.00W_0.80Torr_2.00NitrogenFlow_2420.00MHz.csv,True,4a0055ce|Scope_TrialNumber_0_45.00W_0.80Torr_2.00NitrogenFlow_2420.00MHz.csv,655.0179646629952,22.36958173710038,6.550179646629951,23.308861844713483,37265379520.701805,614808005.3605933,4552633800.781421,4593959447.739276,1.2470353937792698,0.0127149464149071,0.3314928367583015,0.003048549339614,1.0,8.904187967814586,,LAS_DataFrame_4a0055ce_Laser_True_20260725_181938_LAS.csv,,
4a0055ce,2026-07-25 18:27:26.216237,2026-07-25,0.8,0.7929999999999999,78.39,1.601,2.0,50,2420,57.5,68.60000000000001,0.0816496580927737,18.7,0.0,49.9,0.0816496580927737,0.5221063510571959,0.000310713174304,Data\NafisaData\LAS_0.8Torr_SmallAdmixture_1kHzLaserFreq\OscopeData_Laser_True\Scope_TrialNumber_0_50.00W_0.80Torr_2.00NitrogenFlow_2420.00MHz.csv,True,4a0055ce|Scope_TrialNumber_0_50.00W_0.80Torr_2.00NitrogenFlow_2420.00MHz.csv,713.9553497529504,26.013018671282733,7.139553497529504,26.97499517213284,29862503651.151463,531895366.2726484,3648239874.295808,3686809848.780408,1.3019301978115585,0.0117717827521177,0.2656408220001111,0.00217637639258,1.0,5.277290112369628,,LAS_DataFrame_4a0055ce_Laser_True_20260725_181938_LAS.csv,,
4a0055ce,2026-07-25 18:27:44.356308,2026-07-25,0.8,0.7929999999999999,78.41,1.591,2.0,55,2420,58.3,76.43333333333332,0.1247219128924626,21.5,0.0,54.93333333333334,0.1247219128924626,0.5303691608260291,0.0004325198266165,Data\NafisaData\LAS_0.8Torr_SmallAdmixture_1kHzLaserFreq\OscopeData_Laser_True\Scope_TrialNumber_0_55.00W_0.80Torr_2.00NitrogenFlow_2420.00MHz.csv,True,4a0055ce|Scope_TrialNumber_0_55.00W_0.80Torr_2.00NitrogenFlow_2420.00MHz.csv,707.0674022651144,36.51181349463018,7.070674022651144,37.19014595025478,29230404226.667404,747382574.6792728,3571017604.125127,3648389705.3228536,1.2956347335368976,0.0109848519026608,0.2600180044136402,0.001997387067043,1.0,4.442869575861517,,LAS_DataFrame_4a0055ce_Laser_True_20260725_181938_LAS.csv,,
4a0055ce,2026-07-25 18:28:02.495454,2026-07-25,0.8,0.792,78.39,1.608,2.0,60,2420,58.8,82.06666666666666,1.291854825005071,21.133333333333333,1.037089945740271,60.93333333333334,2.1791945504908194,0.5074280359108875,0.0156064947417004,Data\NafisaData\LAS_0.8Torr_SmallAdmixture_1kHzLaserFreq\OscopeData_Laser_True\Scope_TrialNumber_0_60.00W_0.80Torr_2.00NitrogenFlow_2420.00MHz.csv,True,4a0055ce|Scope_TrialNumber_0_60.00W_0.80Torr_2.00NitrogenFlow_2420.00MHz.csv,703.968561770443,36.39597799596249,7.03968561770443,37.07053260851131,31262744688.391285,794962386.2939192,3819304405.43356,3901160255.230016,1.292792448561376,0.0141830206436126,0.2780966155422688,0.0027630014852578,1.0,7.044815449763105,,LAS_DataFrame_4a0055ce_Laser_True_20260725_181938_LAS.csv,,
4a0055ce,2026-07-25 18:28:20.493527,2026-07-25,0.8,0.792,78.4,1.602,2.0,65,2420,58.8,82.13333333333334,0.0471404520791071,17.366666666666667,0.0471404520791021,64.76666666666667,0.0471404520791105,0.4598308223548699,0.0005700791423923,Data\NafisaData\LAS_0.8Torr_SmallAdmixture_1kHzLaserFreq\OscopeData_Laser_True\Scope_TrialNumber_0_65.00W_0.80Torr_2.00NitrogenFlow_2420.00MHz.csv,True,4a0055ce|Scope_TrialNumber_0_65.00W_0.80Torr_2.00NitrogenFlow_2420.00MHz.csv,604.4940402152624,26.87770930717466,6.0449404021526245,27.54909367051048,31580895714.49123,682234892.1498727,3858172253.6563663,3918027257.045386,1.1979761889314906,0.0144746202725564,0.280926716496986,0.0030571372592809,1.0,9.269709484485588,,LAS_DataFrame_4a0055ce_Laser_True_20260725_181938_LAS.csv,,
4a0055ce,2026-07-25 18:28:38.640875,2026-07-25,0.8,0.7929999999999999,78.41,1.591,2.0,70,2420,59.3,92.23333333333332,0.0942809041582076,22.3,0.0,69.93333333333334,0.0942809041582076,0.4917095571704009,0.000251449115545,Data\NafisaData\LAS_0.8Torr_SmallAdmixture_1kHzLaserFreq\OscopeData_Laser_True\Scope_TrialNumber_0_70.00W_0.80Torr_2.00NitrogenFlow_2420.00MHz.csv,True,4a0055ce|Scope_TrialNumber_0_70.00W_0.80Torr_2.00NitrogenFlow_2420.00MHz.csv,711.1631763330666,27.30448171527624,7.111631763330666,28.21542181285029,33675090851.82958,635628647.9255587,4114015711.855477,4162829453.0832505,1.2993818759468738,0.0107271559977601,0.2995555536571195,0.0022397847840971,1.0,5.331408817978097,,LAS_DataFrame_4a0055ce_Laser_True_20260725_181938_LAS.csv,,
4a0055ce,2026-07-25 18:28:56.733996,2026-07-25,0.8,0.792,78.39,1.6,2.0,75,2420,60.1,102.16666666666669,0.1699673171197628,27.23333333333333,0.0471404520791038,74.93333333333334,0.1247219128924702,0.5162924492026318,0.0001075089377752,Data\NafisaData\LAS_0.8Torr_SmallAdmixture_1kHzLaserFreq\OscopeData_Laser_True\Scope_TrialNumber_0_75.00W_0.80Torr_2.00NitrogenFlow_2420.00MHz.csv,True,4a0055ce|Scope_TrialNumber_0_75.00W_0.80Torr_2.00NitrogenFlow_2420.00MHz.csv,703.1644775065041,40.067628389108,7.0316447750650415,40.6799566490717,34379124581.11425,968927017.730439,4200026046.220944,4310340862.927471,1.2920539133994515,0.0126749967694694,0.3058182602522435,0.0027150116345802,1.0,6.815726045852945,,LAS_DataFrame_4a0055ce_Laser_True_20260725_181938_LAS.csv,,
4a0055ce,2026-07-25 18:29:14.870526,2026-07-25,0.8,0.792,78.39,1.6,2.0,80,2420,61.1,112.36666666666667,0.1247219128924639,32.56666666666667,0.0471404520791038,79.8,0.1414213562373148,0.5383541008384026,0.0005342448703293,Data\NafisaData\LAS_0.8Torr_SmallAdmixture_1kHzLaserFreq\OscopeData_Laser_True\Scope_TrialNumber_0_80.00W_0.80Torr_2.00NitrogenFlow_2420.00MHz.csv,True,4a0055ce|Scope_TrialNumber_0_80.00W_0.80Torr_2.00NitrogenFlow_2420.00MHz.csv,677.7091526360553,25.84817006369052,6.777091526360553,26.72184247386648,33550766463.726044,628333684.1787138,4098827260.300135,4146708107.457421,1.2684514516451189,0.0106487163544573,0.2984496305558188,0.0022637886803239,1.0,5.606191390407565,,LAS_DataFrame_4a0055ce_Laser_True_20260725_181938_LAS.csv,,
4a0055ce,2026-07-25 18:29:32.951216,2026-07-25,0.8,0.7929999999999999,78.39,1.591,2.0,85,2420,62.3,124.2,0.2160246899469295,39.2,0.0816496580927708,85.0,0.1414213562373115,0.5618004994152069,0.0002022716753215,Data\NafisaData\LAS_0.8Torr_SmallAdmixture_1kHzLaserFreq\OscopeData_Laser_True\Scope_TrialNumber_0_85.00W_0.80Torr_2.00NitrogenFlow_2420.00MHz.csv,True,4a0055ce|Scope_TrialNumber_0_85.00W_0.80Torr_2.00NitrogenFlow_2420.00MHz.csv,698.00841310798,32.71508664459677,6.9800841310798,33.45143447806724,34953209109.31004,813682074.2369698,4270160757.3438473,4346993376.05821,1.287308103023346,0.0082495990129091,0.3109250084254362,0.0018078576858267,1.0,4.220178821220743,,LAS_DataFrame_4a0055ce_Laser_True_20260725_181938_LAS.csv,,
4a0055ce,2026-07-25 18:29:50.975681,2026-07-25,0.8,0.7929999999999999,78.39,1.6,2.0,90,2420,63.2,128.23333333333332,0.1247219128924702,38.26666666666667,0.0942809041582043,89.96666666666665,0.1699673171197674,0.5462729861526209,0.0007683214745961,Data\NafisaData\LAS_0.8Torr_SmallAdmixture_1kHzLaserFreq\OscopeData_Laser_True\Scope_TrialNumber_0_90.00W_0.80Torr_2.00NitrogenFlow_2420.00MHz.csv,True,4a0055ce|Scope_TrialNumber_0_90.00W_0.80Torr_2.00NitrogenFlow_2420.00MHz.csv,633.4039676065215,24.10738072574557,6.334039676065215,24.92560659390293,35513136488.377304,662878968.8457472,4338565919.043824,4388913619.704378,1.2262882417685426,0.0105298593647161,0.3159058221901943,0.002447013358529,1.0,6.815651379994635,,LAS_DataFrame_4a0055ce_Laser_True_20260725_181938_LAS.csv,,
4a0055ce,2026-07-25 18:30:09.087057,2026-07-25,0.8,0.7929999999999999,78.41,1.594,2.0,95,2420,64.2,139.70000000000002,0.0816496580927795,44.66666666666666,0.0471404520791038,95.03333333333332,0.094280904158211,0.5654491608958703,0.0003412060774511,Data\NafisaData\LAS_0.8Torr_SmallAdmixture_1kHzLaserFreq\OscopeData_Laser_True\Scope_TrialNumber_0_95.00W_0.80Torr_2.00NitrogenFlow_2420.00MHz.csv,True,4a0055ce|Scope_TrialNumber_0_95.00W_0.80Torr_2.00NitrogenFlow_2420.00MHz.csv,631.6472540402917,35.96014396670917,6.316472540402917,36.51068034781211,34171268579.726105,965849341.9434068,4174632711.447867,4284906443.182054,1.2245865371358842,0.0095456693926137,0.3039692847037961,0.0021362935934331,1.0,5.603219103077856,,LAS_DataFrame_4a0055ce_Laser_True_20260725_181938_LAS.csv,,
4a0055ce,2026-07-25 18:30:27.068013,2026-07-25,0.8,0.792,78.41,1.594,2.0,100,2420,65.5,151.16666666666666,0.0471404520791004,51.36666666666667,0.0471404520791038,99.8,0.0816496580927737,0.5829249703759841,0.0003227202721428,Data\NafisaData\LAS_0.8Torr_SmallAdmixture_1kHzLaserFreq\OscopeData_Laser_True\Scope_TrialNumber_0_100.00W_0.80Torr_2.00NitrogenFlow_2420.00MHz.csv,True,4a0055ce|Scope_TrialNumber_0_100.00W_0.80Torr_2.00NitrogenFlow_2420.00MHz.csv,748.9849767049292,34.79470130282024,7.489849767049292,35.591699710542755,35725070922.61299,818625500.3637843,4364457507.463442,4440567198.489384,1.3334868203398362,0.0121303899467147,0.3177910772906429,0.0026262294747998,1.0,6.627524493785885,,LAS_DataFrame_4a0055ce_Laser_True_20260725_181938_LAS.csv,,
4a0055ce,2026-07-25 18:30:45.134416,2026-07-25,0.8,0.7929999999999999,78.39,1.604,2.0,105,2420,67.0,160.63333333333335,0.4027681991198095,55.66666666666666,0.2494438257849298,104.96666666666664,0.1699673171197498,0.5886789689983237,0.00062397542981,Data\NafisaData\LAS_0.8Torr_SmallAdmixture_1kHzLaserFreq\OscopeData_Laser_True\Scope_TrialNumber_0_105.00W_0.80Torr_2.00NitrogenFlow_2420.00MHz.csv,True,4a0055ce|Scope_TrialNumber_0_105.00W_0.80Torr_2.00NitrogenFlow_2420.00MHz.csv,654.0782884346718,24.973598135225377,6.540782884346718,25.815933927710137,33433769014.790916,625844455.8638147,4084533925.6426578,4132202641.77125,1.2461405861982215,0.0108823772018963,0.2974088839770957,0.0023457116012248,1.0,6.020239909121686,,LAS_DataFrame_4a0055ce_Laser_True_20260725_181938_LAS.csv,,
4a0055ce,2026-07-25 18:31:03.185240,2026-07-25,0.8,0.792,78.4,1.613,2.0,110,2420,68.9,175.5,0.2449489742783271,65.43333333333334,0.3299831645537211,110.06666666666666,0.0942809041581976,0.6106032913493377,0.0011204079818512,Data\NafisaData\LAS_0.8Torr_SmallAdmixture_1kHzLaserFreq\OscopeData_Laser_True\Scope_TrialNumber_0_110.00W_0.80Torr_2.00NitrogenFlow_2420.00MHz.csv,True,4a0055ce|Scope_TrialNumber_0_110.00W_0.80Torr_2.00NitrogenFlow_2420.00MHz.csv,685.0645068046274,25.20081933530671,6.8506450680462745,26.1153715849328,33628069330.808468,604023593.6554216,4108271190.567402,4152437438.052319,1.27531629263247,0.0117901477725419,0.2991372754162306,0.0024990731217946,1.0,6.347157856681747,,LAS_DataFrame_4a0055ce_Laser_True_20260725_181938_LAS.csv,,
4a0055ce,2026-07-25 18:31:53.691767,2026-07-25,0.8,0.7909999999999999,76.8,3.202,4.0,30,2420,61.9,37.93333333333333,0.0942809041582076,8.0,0.0,29.933333333333334,0.0942809041582076,0.4592355472368277,0.0005714547031017,Data\NafisaData\LAS_0.8Torr_SmallAdmixture_1kHzLaserFreq\OscopeData_Laser_True\Scope_TrialNumber_0_30.00W_0.80Torr_4.00NitrogenFlow_2420.00MHz.csv,True,4a0055ce|Scope_TrialNumber_0_30.00W_0.80Torr_4.00NitrogenFlow_2420.00MHz.csv,602.382462558783,28.092030579033796,6.02382462558783,28.7306220812082,17977499421.44409,410460391.25728816,2196273661.298095,2234299829.499798,1.195882013864442,0.0130817147773787,0.1599181963979363,0.0015770690652031,1.0,3.82766208957984,,LAS_DataFrame_4a0055ce_Laser_True_20260725_181938_LAS.csv,,
4a0055ce,2026-07-25 18:32:11.652147,2026-07-25,0.8,0.7909999999999999,76.8,3.199,4.0,35,2420,58.8,43.96666666666667,0.0471404520791038,8.9,0.0,35.06666666666666,0.0471404520791038,0.4499180536538292,0.0002413352624127,Data\NafisaData\LAS_0.8Torr_SmallAdmixture_1kHzLaserFreq\OscopeData_Laser_True\Scope_TrialNumber_0_35.00W_0.80Torr_4.00NitrogenFlow_2420.00MHz.csv,True,4a0055ce|Scope_TrialNumber_0_35.00W_0.80Torr_4.00NitrogenFlow_2420.00MHz.csv,634.8835010315174,32.92476450195524,6.348835010315175,33.531296179799185,20107305645.46057,513921224.12665707,2456467651.786924,2509651041.257211,1.227719615954497,0.0124934867800096,0.1788638106926331,0.0016438013485797,1.0,3.885768769376488,,LAS_DataFrame_4a0055ce_Laser_True_20260725_181938_LAS.csv,,
4a0055ce,2026-07-25 18:32:29.810270,2026-07-25,0.8,0.7909999999999999,76.8,3.202,4.0,40,2420,57.9,50.0,0.0816496580927737,10.0,0.0,40.0,0.0816496580927737,0.4472140427148578,0.0003651494214749,Data\NafisaData\LAS_0.8Torr_SmallAdmixture_1kHzLaserFreq\OscopeData_Laser_True\Scope_TrialNumber_0_40.00W_0.80Torr_4.00NitrogenFlow_2420.00MHz.csv,True,4a0055ce|Scope_TrialNumber_0_40.00W_0.80Torr_4.00NitrogenFlow_2420.00MHz.csv,700.5593061070396,29.01318943926881,7.005593061070396,29.847001450333615,21796963445.89971,440332317.45832753,2662889626.0958104,2699050520.195372,1.289658211175606,0.0137440268156881,0.1938941005923296,0.0018687387676041,1.0,4.228352617056438,,LAS_DataFrame_4a0055ce_Laser_True_20260725_181938_LAS.csv,,
4a0055ce,2026-07-25 18:32:47.833764,2026-07-25,0.8,0.7909999999999999,76.79,3.204,4.0,45,2420,57.6,56.26666666666667,0.0471404520791004,11.300000000000002,1.7763568394002505e-15,44.96666666666667,0.0471404520791004,0.4481400335414767,0.000187810294409,Data\NafisaData\LAS_0.8Torr_SmallAdmixture_1kHzLaserFreq\OscopeData_Laser_True\Scope_TrialNumber_0_45.00W_0.80Torr_4.00NitrogenFlow_2420.00MHz.csv,True,4a0055ce|Scope_TrialNumber_0_45.00W_0.80Torr_4.00NitrogenFlow_2420.00MHz.csv,653.8421093862694,26.693107186435626,6.538421093862694,27.482229197559825,22626207661.553707,454052209.83290046,2764196664.796211,2801240191.580264,1.2459155834149929,0.0108382379391106,0.2012706125438542,0.0015810771611573,1.0,3.741390168344053,,LAS_DataFrame_4a0055ce_Laser_True_20260725_181938_LAS.csv,,
4a0055ce,2026-07-25 18:33:05.934081,2026-07-25,0.8,0.7909999999999999,76.81,3.208,4.0,50,2420,57.5,62.4,0.0816496580927737,12.433333333333332,0.047140452079103,49.96666666666667,0.0471404520791038,0.4463756824922664,0.0006102170872309,Data\NafisaData\LAS_0.8Torr_SmallAdmixture_1kHzLaserFreq\OscopeData_Laser_True\Scope_TrialNumber_0_50.00W_0.80Torr_4.00NitrogenFlow_2420.00MHz.csv,True,4a0055ce|Scope_TrialNumber_0_50.00W_0.80Torr_4.00NitrogenFlow_2420.00MHz.csv,754.6796605736306,27.819251270492696,7.546796605736306,28.82472688958497,26138340694.09372,473919484.2218765,3193266642.411764,3228242792.459209,1.3385466055579127,0.010494796661457,0.2325126650065819,0.0016523961148113,1.0,3.627124521718471,,LAS_DataFrame_4a0055ce_Laser_True_20260725_181938_LAS.csv,,
4a0055ce,2026-07-25 18:33:23.871903,2026-07-25,0.8,0.7909999999999999,76.8,3.204,4.0,55,2420,57.6,69.0,0.1632993161855475,14.0,0.0,55.0,0.1632993161855475,0.4504435625765022,0.00053302474954,Data\NafisaData\LAS_0.8Torr_SmallAdmixture_1kHzLaserFreq\OscopeData_Laser_True\Scope_TrialNumber_0_55.00W_0.80Torr_4.00NitrogenFlow_2420.00MHz.csv,True,4a0055ce|Scope_TrialNumber_0_55.00W_0.80Torr_4.00NitrogenFlow_2420.00MHz.csv,775.4856348329878,45.20777024646191,7.754856348329878,45.86807481942226,25556006923.88477,734881269.5416996,3122124138.5733967,3207445964.780372,1.3568725386623317,0.015367326931026,0.2273325359991882,0.0023355705629837,1.0,5.6385585481746165,,LAS_DataFrame_4a0055ce_Laser_True_20260725_181938_LAS.csv,,
4a0055ce,2026-07-25 18:33:41.928798,2026-07-25,0.8,0.7909999999999999,76.81,3.193,4.0,60,2420,57.9,76.23333333333333,0.0471404520791004,16.3,0.0,59.93333333333334,0.0471404520791004,0.4624038160601293,0.0001429216081859,Data\NafisaData\LAS_0.8Torr_SmallAdmixture_1kHzLaserFreq\OscopeData_Laser_True\Scope_TrialNumber_0_60.00W_0.80Torr_4.00NitrogenFlow_2420.00MHz.csv,True,4a0055ce|Scope_TrialNumber_0_60.00W_0.80Torr_4.00NitrogenFlow_2420.00MHz.csv,676.3739747235409,33.023617926810175,6.763739747235409,33.70916071847934,25691991569.04956,619575946.8855275,3138737099.448263,3199303820.1164947,1.2672013258822048,0.0112704240281397,0.2285421824957764,0.0018383543774377,1.0,4.305781280978655,,LAS_DataFrame_4a0055ce_Laser_True_20260725_181938_LAS.csv,,
4a0055ce,2026-07-25 18:33:59.996949,2026-07-25,0.8,0.7909999999999999,76.8,3.204,4.0,65,2420,59.0,89.5,0.0816496580927679,24.33333333333333,0.0471404520791021,65.16666666666667,0.1247219128924639,0.5214220384752231,0.0007209201827038,Data\NafisaData\LAS_0.8Torr_SmallAdmixture_1kHzLaserFreq\OscopeData_Laser_True\Scope_TrialNumber_0_65.00W_0.80Torr_4.00NitrogenFlow_2420.00MHz.csv,True,4a0055ce|Scope_TrialNumber_0_65.00W_0.80Torr_4.00NitrogenFlow_2420.00MHz.csv,708.4652816073683,21.550296556718816,7.084652816073684,22.684963901378104,21518117355.45221,315537309.5197413,2628823579.9984717,2647692808.551426,1.2969148425803252,0.0122685058420214,0.1914136352722313,0.0016376337730157,1.0,3.8452514500832855,,LAS_DataFrame_4a0055ce_Laser_True_20260725_181938_LAS.csv,,
4a0055ce,2026-07-25 18:34:18.057784,2026-07-25,0.8,0.79,76.79,3.204,4.0,70,2420,59.9,97.36666666666667,0.1247219128924639,27.399999999999995,0.0816496580927723,69.96666666666667,0.0942809041582009,0.5304807681787617,0.0006230989531256,Data\NafisaData\LAS_0.8Torr_SmallAdmixture_1kHzLaserFreq\OscopeData_Laser_True\Scope_TrialNumber_0_70.00W_0.80Torr_4.00NitrogenFlow_2420.00MHz.csv,True,4a0055ce|Scope_TrialNumber_0_70.00W_0.80Torr_4.00NitrogenFlow_2420.00MHz.csv,725.4949598453184,36.925577085704106,7.254949598453184,37.63153646595329,22234184401.206768,559528495.7183355,2716303999.5744185,2773333653.8586206,1.3124095264802305,0.0117338830396761,0.19778338379913,0.0016018899811392,1.0,3.64851226971464,,LAS_DataFrame_4a0055ce_Laser_True_20260725_181938_LAS.csv,,
4a0055ce,2026-07-25 18:34:36.205362,2026-07-25,0.8,0.7909999999999999,76.8,3.205,4.0,75,2420,60.7,104.33333333333331,0.0471404520791071,29.266666666666666,0.0471404520791038,75.06666666666666,0.0471404520791038,0.5296328841397887,0.0003812517370532,Data\NafisaData\LAS_0.8Torr_SmallAdmixture_1kHzLaserFreq\OscopeData_Laser_True\Scope_TrialNumber_0_75.00W_0.80Torr_4.00NitrogenFlow_2420.00MHz.csv,True,4a0055ce|Scope_TrialNumber_0_75.00W_0.80Torr_4.00NitrogenFlow_2420.00MHz.csv,702.825778258857,32.280120050908195,7.02825778258857,33.03638233765256,21860546995.84614,494971888.7607483,2670657495.962773,2716138551.5848656,1.2917426985892273,0.0115533797537098,0.1944597057629732,0.0015713681094397,1.0,3.553244324724373,,LAS_DataFrame_4a0055ce_Laser_True_20260725_181938_LAS.csv,,
4a0055ce,2026-07-25 18:34:54.273274,2026-07-25,0.8,0.7909999999999999,76.79,3.2,4.0,80,2420,61.3,109.56666666666666,0.2624669291337254,28.666666666666668,0.4027681991198181,80.89999999999999,0.5887840577551805,0.5114951803562596,0.0039685658431729,Data\NafisaData\LAS_0.8Torr_SmallAdmixture_1kHzLaserFreq\OscopeData_Laser_True\Scope_TrialNumber_0_80.00W_0.80Torr_4.00NitrogenFlow_2420.00MHz.csv,True,4a0055ce|Scope_TrialNumber_0_80.00W_0.80Torr_4.00NitrogenFlow_2420.00MHz.csv,750.5136929404712,34.81557409824833,7.505136929404712,35.61532367001224,26189936457.796497,598806860.7023985,3199569989.401157,3255121775.525576,1.334846983689944,0.0124069744920662,0.2329716332579328,0.0019653911218575,1.0,4.422527889901991,,LAS_DataFrame_4a0055ce_Laser_True_20260725_181938_LAS.csv,,
4a0055ce,2026-07-25 18:35:12.401431,2026-07-25,0.8,0.7909999999999999,76.81,3.189,4.0,85,2420,61.3,108.6,0.2943920288775958,23.53333333333333,0.0471404520791038,85.06666666666668,0.2867441755680883,0.4655085355475832,0.0006880934685898,Data\NafisaData\LAS_0.8Torr_SmallAdmixture_1kHzLaserFreq\OscopeData_Laser_True\Scope_TrialNumber_0_85.00W_0.80Torr_4.00NitrogenFlow_2420.00MHz.csv,True,4a0055ce|Scope_TrialNumber_0_85.00W_0.80Torr_4.00NitrogenFlow_2420.00MHz.csv,763.5054007950582,38.2489461608624,7.635054007950583,39.00353743086482,26535327279.69962,656277452.9426366,3241765666.7429724,3307528493.19766,1.3463507948451787,0.0126860969353582,0.2360440448317729,0.0020174898929081,1.0,4.596553959031828,,LAS_DataFrame_4a0055ce_Laser_True_20260725_181938_LAS.csv,,
4a0055ce,2026-07-25 18:35:30.506638,2026-07-25,0.8,0.79,76.81,3.201,4.0,90,2420,61.7,118.13333333333333,0.1247219128924639,28.03333333333333,0.0471404520791038,90.09999999999998,0.0816496580927679,0.4871368543181211,0.0001865330630537,Data\NafisaData\LAS_0.8Torr_SmallAdmixture_1kHzLaserFreq\OscopeData_Laser_True\Scope_TrialNumber_0_90.00W_0.80Torr_4.00NitrogenFlow_2420.00MHz.csv,True,4a0055ce|Scope_TrialNumber_0_90.00W_0.80Torr_4.00NitrogenFlow_2420.00MHz.csv,768.5437717509905,34.97888932628956,7.685437717509905,35.81324687054411,26886830275.905125,605913897.0271308,3284708055.689049,3340125545.802004,1.3507857736752211,0.0102207439168623,0.2391708270312263,0.0016439863054612,1.0,3.64387644945118,,LAS_DataFrame_4a0055ce_Laser_True_20260725_181938_LAS.csv,,
4a0055ce,2026-07-25 18:35:48.555879,2026-07-25,0.8,0.7909999999999999,76.8,3.207,4.0,95,2420,62.5,128.4333333333333,0.1699673171197628,33.46666666666667,0.1247219128924665,94.96666666666664,0.0471404520791071,0.5104654454296177,0.000615994974747,Data\NafisaData\LAS_0.8Torr_SmallAdmixture_1kHzLaserFreq\OscopeData_Laser_True\Scope_TrialNumber_0_95.00W_0.80Torr_4.00NitrogenFlow_2420.00MHz.csv,True,4a0055ce|Scope_TrialNumber_0_95.00W_0.80Torr_4.00NitrogenFlow_2420.00MHz.csv,707.6574734730186,29.259422574902505,7.076574734730187,30.103018443221536,25434898800.74464,520080117.9276686,3107328611.409889,3150551448.294436,1.2961752458788922,0.0092813409970009,0.2262552230666339,0.0014660042198437,1.0,3.4040461838036986,,LAS_DataFrame_4a0055ce_Laser_True_20260725_181938_LAS.csv,,
4a0055ce,2026-07-25 18:36:06.596462,2026-07-25,0.8,0.79,76.82,3.203,4.0,100,2420,63.5,139.63333333333333,0.0942809041582009,39.63333333333333,0.0471404520791038,100.0,0.0816496580927679,0.5327650182955115,0.0002751093180486,Data\NafisaData\LAS_0.8Torr_SmallAdmixture_1kHzLaserFreq\OscopeData_Laser_True\Scope_TrialNumber_0_100.00W_0.80Torr_4.00NitrogenFlow_2420.00MHz.csv,True,4a0055ce|Scope_TrialNumber_0_100.00W_0.80Torr_4.00NitrogenFlow_2420.00MHz.csv,752.1687870436585,33.51874179277223,7.521687870436586,34.35231927819152,28034124723.39784,615355193.6542152,3424870628.787293,3479712752.2666416,1.3363180299230617,0.0122036051284254,0.24937654332576,0.0020677166617674,1.0,4.788591906834517,,LAS_DataFrame_4a0055ce_Laser_True_20260725_181938_LAS.csv,,
4a0055ce,2026-07-25 18:36:24.724677,2026-07-25,0.8,0.7909999999999999,76.8,3.193,4.0,105,2420,64.7,150.03333333333333,0.0471404520791004,45.0,0.0816496580927737,105.03333333333336,0.0471404520791004,0.5476614369060083,0.0004245288748897,Data\NafisaData\LAS_0.8Torr_SmallAdmixture_1kHzLaserFreq\OscopeData_Laser_True\Scope_TrialNumber_0_105.00W_0.80Torr_4.00NitrogenFlow_2420.00MHz.csv,True,4a0055ce|Scope_TrialNumber_0_105.00W_0.80Torr_4.00NitrogenFlow_2420.00MHz.csv,741.2530480237276,28.873091995115853,7.412530480237276,29.809412095492085,28192880137.452976,543730802.2888579,3444265447.07119,3486919507.996448,1.3265860327932737,0.0085148671396107,0.2507887463740783,0.0014589614818507,1.0,3.3513540121863614,,LAS_DataFrame_4a0055ce_Laser_True_20260725_181938_LAS.csv,,
4a0055ce,2026-07-25 18:36:42.717417,2026-07-25,0.8,0.7909999999999999,76.81,3.202,4.0,110,2420,66.2,161.0,0.2828427124746163,50.93333333333334,0.3771236166328273,110.06666666666663,0.0942809041582076,0.5624503810829423,0.001591813129336,Data\NafisaData\LAS_0.8Torr_SmallAdmixture_1kHzLaserFreq\OscopeData_Laser_True\Scope_TrialNumber_0_110.00W_0.80Torr_4.00NitrogenFlow_2420.00MHz.csv,True,4a0055ce|Scope_TrialNumber_0_110.00W_0.80Torr_4.00NitrogenFlow_2420.00MHz.csv,755.5711493592274,44.53290027403529,7.555711493592274,45.16932568670441,28302394193.65561,826358438.803723,3457644551.224733,3555020972.089505,1.339336972088712,0.0128473457038179,0.2517629247031989,0.0021954283823668,1.0,5.122488588599511,,LAS_DataFrame_4a0055ce_Laser_True_20260725_181938_LAS.csv,,
4a0055ce,2026-07-25 18:37:33.443901,2026-07-25,0.8,0.79,75.2,4.795,6.0,30,2420,59.2,38.53333333333333,0.0471404520791038,8.5,0.0,30.03333333333333,0.0471404520791038,0.4696684817190311,0.0002871025787547,Data\NafisaData\LAS_0.8Torr_SmallAdmixture_1kHzLaserFreq\OscopeData_Laser_True\Scope_TrialNumber_0_30.00W_0.80Torr_6.00NitrogenFlow_2420.00MHz.csv,True,4a0055ce|Scope_TrialNumber_0_30.00W_0.80Torr_6.00NitrogenFlow_2420.00MHz.csv,703.1496129786451,40.799799165592006,7.031496129786452,41.40127473612189,12315553042.315086,342577408.9429448,1504565464.69929,1543073724.3190465,1.2920402566566078,0.025043059442877,0.1095525570047239,0.0019218391863756,1.0,4.347882164506582,,LAS_DataFrame_4a0055ce_Laser_True_20260725_181938_LAS.csv,,
4a0055ce,2026-07-25 18:37:51.388065,2026-07-25,0.8,0.7889999999999999,75.2,4.798,6.0,35,2420,56.8,44.333333333333336,0.0471404520791038,9.3,0.0,35.03333333333333,0.0471404520791004,0.4580115870417713,0.0002433689287613,Data\NafisaData\LAS_0.8Torr_SmallAdmixture_1kHzLaserFreq\OscopeData_Laser_True\Scope_TrialNumber_0_35.00W_0.80Torr_6.00NitrogenFlow_2420.00MHz.csv,True,4a0055ce|Scope_TrialNumber_0_35.00W_0.80Torr_6.00NitrogenFlow_2420.00MHz.csv,766.2634223275099,38.12403394792992,7.6626342232750995,38.8864748685532,14213469732.225073,340947532.6164504,1736429993.7791934,1769585924.2470412,1.3487803239303444,0.0211891145800765,0.1264354063292473,0.0018030285968285,1.0,4.026808164634647,,LAS_DataFrame_4a0055ce_Laser_True_20260725_181938_LAS.csv,,
4a0055ce,2026-07-25 18:38:09.522440,2026-07-25,0.8,0.7889999999999999,75.2,4.792,6.0,40,2420,56.1,50.23333333333333,0.0942809041582043,10.166666666666666,0.047140452079103,40.06666666666666,0.1247219128924601,0.4498763594936412,0.0013072495986427,Data\NafisaData\LAS_0.8Torr_SmallAdmixture_1kHzLaserFreq\OscopeData_Laser_True\Scope_TrialNumber_0_40.00W_0.80Torr_6.00NitrogenFlow_2420.00MHz.csv,True,4a0055ce|Scope_TrialNumber_0_40.00W_0.80Torr_6.00NitrogenFlow_2420.00MHz.csv,778.5159039159429,41.65902292321792,7.785159039159429,42.38021817053567,15376296537.198336,399805839.280813,1878490122.640488,1920564981.9729896,1.3595209952315388,0.0205170309287829,0.1367792901484109,0.0018752849636855,1.0,4.002176405851255,,LAS_DataFrame_4a0055ce_Laser_True_20260725_181938_LAS.csv,,
4a0055ce,2026-07-25 18:38:27.551200,2026-07-25,0.8,0.7889999999999999,75.19,4.803,6.0,45,2420,56.0,56.3,0.1414213562373081,11.366666666666667,0.047140452079103,44.93333333333334,0.1247219128924633,0.449326352779786,0.0008141139563038,Data\NafisaData\LAS_0.8Torr_SmallAdmixture_1kHzLaserFreq\OscopeData_Laser_True\Scope_TrialNumber_0_45.00W_0.80Torr_6.00NitrogenFlow_2420.00MHz.csv,True,4a0055ce|Scope_TrialNumber_0_45.00W_0.80Torr_6.00NitrogenFlow_2420.00MHz.csv,762.2538706095014,37.07101822071374,7.622538706095014,37.84657828980589,16310021737.155056,384906029.4901314,1992561385.5831573,2029397330.9470303,1.345246880103404,0.0186377241976558,0.1450852089198652,0.0018212343233033,1.0,4.041275686993751,,LAS_DataFrame_4a0055ce_Laser_True_20260725_181938_LAS.csv,,
4a0055ce,2026-07-25 18:38:45.590801,2026-07-25,0.8,0.79,75.18,4.812,6.0,50,2420,56.1,62.43333333333334,0.0942809041582076,12.5,0.0,49.93333333333334,0.0942809041582076,0.4474526833817357,0.0003381213250092,Data\NafisaData\LAS_0.8Torr_SmallAdmixture_1kHzLaserFreq\OscopeData_Laser_True\Scope_TrialNumber_0_50.00W_0.80Torr_6.00NitrogenFlow_2420.00MHz.csv,True,4a0055ce|Scope_TrialNumber_0_50.00W_0.80Torr_6.00NitrogenFlow_2420.00MHz.csv,768.5225755168838,34.40717141519765,7.685225755168838,35.255015809139906,17380491575.877743,378803728.0238549,2123338456.236057,2156863107.407536,1.3507671463894668,0.0164862577613487,0.1546075346835209,0.0017138165706063,1.0,3.6864197818616433,,LAS_DataFrame_4a0055ce_Laser_True_20260725_181938_LAS.csv,,
4a0055ce,2026-07-25 18:39:03.530277,2026-07-25,0.8,0.79,75.23,4.809,6.0,55,2420,56.3,68.43333333333334,0.0471404520791004,13.4,0.0,55.03333333333334,0.0471404520791004,0.4425054552648039,0.0001523547899516,Data\NafisaData\LAS_0.8Torr_SmallAdmixture_1kHzLaserFreq\OscopeData_Laser_True\Scope_TrialNumber_0_55.00W_0.80Torr_6.00NitrogenFlow_2420.00MHz.csv,True,4a0055ce|Scope_TrialNumber_0_55.00W_0.80Torr_6.00NitrogenFlow_2420.00MHz.csv,685.4770966429603,28.91142063625008,6.854770966429603,29.712928637352345,17769233310.798462,364066347.225613,2170830224.331196,2201147011.912659,1.2757002735104708,0.0149233601008394,0.1580655727374101,0.0016720814470166,1.0,3.8518022235753433,,LAS_DataFrame_4a0055ce_Laser_True_20260725_181938_LAS.csv,,
4a0055ce,2026-07-25 18:39:21.751693,2026-07-25,0.8,0.7889999999999999,75.19,4.782,6.0,60,2420,56.5,74.3,0.0816496580927737,14.5,0.0,59.8,0.0816496580927737,0.44176346010341,0.0002427312658317,Data\NafisaData\LAS_0.8Torr_SmallAdmixture_1kHzLaserFreq\OscopeData_Laser_True\Scope_TrialNumber_0_60.00W_0.80Torr_6.00NitrogenFlow_2420.00MHz.csv,True,4a0055ce|Scope_TrialNumber_0_60.00W_0.80Torr_6.00NitrogenFlow_2420.00MHz.csv,726.058193643356,37.16650690345883,7.26058193643356,37.86905445691136,18889944839.752728,474422648.26442593,2307745217.637737,2356006120.2628646,1.3129188683996251,0.0151943653173752,0.1680348216407898,0.0017592510902583,1.0,4.066963558773798,,LAS_DataFrame_4a0055ce_Laser_True_20260725_181938_LAS.csv,,
4a0055ce,2026-07-25 18:39:39.816821,2026-07-25,0.8,0.7889999999999999,75.19,4.801,6.0,65,2420,56.9,81.03333333333333,0.0942809041582009,16.033333333333335,0.0471404520791038,65.0,0.0816496580927679,0.4448152056743273,0.0005698502513117,Data\NafisaData\LAS_0.8Torr_SmallAdmixture_1kHzLaserFreq\OscopeData_Laser_True\Scope_TrialNumber_0_65.00W_0.80Torr_6.00NitrogenFlow_2420.00MHz.csv,True,4a0055ce|Scope_TrialNumber_0_65.00W_0.80Torr_6.00NitrogenFlow_2420.00MHz.csv,724.9007007388964,25.770868443221534,7.249007007388964,26.770987335378685,19241205233.00627,332088928.4822693,2350657968.2864585,2373999987.4239936,1.3118719134511367,0.0131701219832406,0.1711594457744517,0.0015565223111716,1.0,3.3886607277830247,,LAS_DataFrame_4a0055ce_Laser_True_20260725_181938_LAS.csv,,
4a0055ce,2026-07-25 18:39:57.805520,2026-07-25,0.8,0.7889999999999999,75.2,4.796,6.0,70,2420,57.4,88.66666666666667,0.0942809041582076,18.566666666666663,0.0471404520791038,70.10000000000001,0.1414213562373081,0.4576009381036319,0.0008241142264522,Data\NafisaData\LAS_0.8Torr_SmallAdmixture_1kHzLaserFreq\OscopeData_Laser_True\Scope_TrialNumber_0_70.00W_0.80Torr_6.00NitrogenFlow_2420.00MHz.csv,True,4a0055ce|Scope_TrialNumber_0_70.00W_0.80Torr_6.00NitrogenFlow_2420.00MHz.csv,735.4165589385188,36.078545207046446,7.354165589385189,36.82044507842065,19417861698.11504,467631508.5908845,2372239720.693782,2417891751.146916,1.3213530653338184,0.0145027909865161,0.1727308869754749,0.0017164561595581,1.0,3.796223546017891,,LAS_DataFrame_4a0055ce_Laser_True_20260725_181938_LAS.csv,,
4a0055ce,2026-07-25 18:40:15.867923,2026-07-25,0.8,0.7889999999999999,75.2,4.795,6.0,75,2420,58.5,101.56666666666668,0.1247219128924626,26.53333333333333,0.0471404520791038,75.03333333333333,0.0942809041582009,0.5111168542603597,0.0002985483925449,Data\NafisaData\LAS_0.8Torr_SmallAdmixture_1kHzLaserFreq\OscopeData_Laser_True\Scope_TrialNumber_0_75.00W_0.80Torr_6.00NitrogenFlow_2420.00MHz.csv,True,4a0055ce|Scope_TrialNumber_0_75.00W_0.80Torr_6.00NitrogenFlow_2420.00MHz.csv,705.2480014806678,27.368101649441087,7.052480014806678,28.26217370007812,17627123404.870255,333003712.8201077,2153468953.1063786,2179064020.3410864,1.2939667191342137,0.0135417369458341,0.1568014392050674,0.0014869687703048,1.0,3.344107443497121,,LAS_DataFrame_4a0055ce_Laser_True_20260725_181938_LAS.csv,,
4a0055ce,2026-07-25 18:40:33.937025,2026-07-25,0.8,0.7889999999999999,75.2,4.793,6.0,80,2420,59.7,109.93333333333332,0.1247219128924626,30.066666666666663,0.0471404520791038,79.86666666666667,0.0942809041582043,0.5229713205953374,0.0002688151565626,Data\NafisaData\LAS_0.8Torr_SmallAdmixture_1kHzLaserFreq\OscopeData_Laser_True\Scope_TrialNumber_0_80.00W_0.80Torr_6.00NitrogenFlow_2420.00MHz.csv,True,4a0055ce|Scope_TrialNumber_0_80.00W_0.80Torr_6.00NitrogenFlow_2420.00MHz.csv,701.8073244837676,31.902956927139464,7.018073244837677,32.665762087617395,16998570655.955715,379037288.3551621,2076679972.9031117,2110987677.799305,1.2908064372775252,0.013332862499149,0.1512101709429487,0.0014127060261701,1.0,3.2986313197459047,,LAS_DataFrame_4a0055ce_Laser_True_20260725_181938_LAS.csv,,
4a0055ce,2026-07-25 18:40:51.900600,2026-07-25,0.8,0.7889999999999999,75.2,4.807,6.0,85,2420,60.7,117.33333333333331,0.1699673171197628,32.4,0.0,84.93333333333332,0.1699673171197628,0.5254872010788483,0.0003808252944116,Data\NafisaData\LAS_0.8Torr_SmallAdmixture_1kHzLaserFreq\OscopeData_Laser_True\Scope_TrialNumber_0_85.00W_0.80Torr_6.00NitrogenFlow_2420.00MHz.csv,True,4a0055ce|Scope_TrialNumber_0_85.00W_0.80Torr_6.00NitrogenFlow_2420.00MHz.csv,760.7026791130476,25.29518016037946,7.607026791130476,26.41425743697959,17524397396.257385,279615294.1568559,2140919130.5889263,2159101534.5388618,1.3438773900206609,0.0148719162216168,0.1558876437079621,0.0015637176473749,1.0,3.464404152543469,,LAS_DataFrame_4a0055ce_Laser_True_20260725_181938_LAS.csv,,
4a0055ce,2026-07-25 18:41:09.954381,2026-07-25,0.8,0.7889999999999999,75.21,4.807,6.0,90,2420,61.7,124.5,0.2160246899469273,34.5,0.0816496580927737,90.0,0.1414213562373014,0.5264106134353929,0.0002425579809219,Data\NafisaData\LAS_0.8Torr_SmallAdmixture_1kHzLaserFreq\OscopeData_Laser_True\Scope_TrialNumber_0_90.00W_0.80Torr_6.00NitrogenFlow_2420.00MHz.csv,True,4a0055ce|Scope_TrialNumber_0_90.00W_0.80Torr_6.00NitrogenFlow_2420.00MHz.csv,707.9255831454477,36.28767928569528,7.079255831454478,36.971766674973225,17469513987.85996,437447431.2101794,2134214138.8946,2178584459.168385,1.296420763112832,0.0165689630373325,0.1553994303320452,0.0017955138035533,1.0,4.160529743402543,,LAS_DataFrame_4a0055ce_Laser_True_20260725_181938_LAS.csv,,
4a0055ce,2026-07-25 18:41:27.995172,2026-07-25,0.8,0.7889999999999999,75.21,4.795,6.0,95,2420,62.4,128.33333333333334,0.0942809041582143,33.8,0.0816496580927708,94.53333333333336,0.0471404520791105,0.5132018543213733,0.0004661766823525,Data\NafisaData\LAS_0.8Torr_SmallAdmixture_1kHzLaserFreq\OscopeData_Laser_True\Scope_TrialNumber_0_95.00W_0.80Torr_6.00NitrogenFlow_2420.00MHz.csv,True,4a0055ce|Scope_TrialNumber_0_95.00W_0.80Torr_6.00NitrogenFlow_2420.00MHz.csv,700.1546251680807,27.031858791466984,7.001546251680807,27.92387938013335,19821704866.29088,371515252.802911,2421576399.4368663,2449909353.70573,1.2892856692062895,0.014012891488509,0.1763232592831204,0.0017345338399228,1.0,4.093926039591099,,LAS_DataFrame_4a0055ce_Laser_True_20260725_181938_LAS.csv,,
4a0055ce,2026-07-25 18:41:46.217878,2026-07-25,0.8,0.7889999999999999,75.2,4.8,6.0,100,2420,63.0,132.9,0.5099019513592755,33.2,0.0816496580927708,99.7,0.4320493798938547,0.4998130984351243,0.0004048784549361,Data\NafisaData\LAS_0.8Torr_SmallAdmixture_1kHzLaserFreq\OscopeData_Laser_True\Scope_TrialNumber_0_100.00W_0.80Torr_6.00NitrogenFlow_2420.00MHz.csv,True,4a0055ce|Scope_TrialNumber_0_100.00W_0.80Torr_6.00NitrogenFlow_2420.00MHz.csv,831.0698603544233,37.528813831820045,8.310698603544234,38.43799655162011,23257906892.98987,514241250.86452097,2841370044.215741,2887529704.134188,1.4046591112377893,0.0155467601192555,0.2068898702275303,0.0020851349150623,1.0,4.540891068849624,,LAS_DataFrame_4a0055ce_Laser_True_20260725_181938_LAS.csv,,
4a0055ce,2026-07-25 18:42:04.355239,2026-07-25,0.8,0.7889999999999999,75.2,4.803,6.0,105,2420,63.3,135.23333333333332,0.2054804667656331,30.33333333333333,0.1699673171197586,104.9,0.0816496580927795,0.4736047046531089,0.0010059958107295,Data\NafisaData\LAS_0.8Torr_SmallAdmixture_1kHzLaserFreq\OscopeData_Laser_True\Scope_TrialNumber_0_105.00W_0.80Torr_6.00NitrogenFlow_2420.00MHz.csv,True,4a0055ce|Scope_TrialNumber_0_105.00W_0.80Torr_6.00NitrogenFlow_2420.00MHz.csv,783.2785032609936,37.60097205715414,7.832785032609936,38.4081452430336,22283167532.056496,525904191.4267725,2722288166.649671,2772621157.10767,1.3636731142857703,0.0141309843619323,0.198219111469357,0.0018623652971715,1.0,3.9762599098803375,,LAS_DataFrame_4a0055ce_Laser_True_20260725_181938_LAS.csv,,
4a0055ce,2026-07-25 18:42:22.394951,2026-07-25,0.8,0.7889999999999999,75.2,4.802,6.0,110,2420,63.9,144.70000000000002,0.1414213562373148,34.766666666666666,0.0471404520791004,109.93333333333334,0.1885618083164153,0.4901708276026366,0.0005716866799557,Data\NafisaData\LAS_0.8Torr_SmallAdmixture_1kHzLaserFreq\OscopeData_Laser_True\Scope_TrialNumber_0_110.00W_0.80Torr_6.00NitrogenFlow_2420.00MHz.csv,True,4a0055ce|Scope_TrialNumber_0_110.00W_0.80Torr_6.00NitrogenFlow_2420.00MHz.csv,743.3081690051973,34.56480838898874,7.433081690051973,35.355009296823724,21701656400.319504,493841698.47534543,2651246162.840055,2696847388.920465,1.3284237370372949,0.0150335179196075,0.1930463002127606,0.0019810547567377,1.0,4.676742177152437,,LAS_DataFrame_4a0055ce_Laser_True_20260725_181938_LAS.csv,,
4a0055ce,2026-07-25 18:43:13.076972,2026-07-25,0.8,0.787,73.59,6.396,8.0,30,2420,59.0,39.5,0.0816496580927737,9.533333333333331,0.047140452079103,29.96666666666667,0.0942809041582076,0.4912733559843388,0.0013146547360299,Data\NafisaData\LAS_0.8Torr_SmallAdmixture_1kHzLaserFreq\OscopeData_Laser_True\Scope_TrialNumber_0_30.00W_0.80Torr_8.00NitrogenFlow_2420.00MHz.csv,True,4a0055ce|Scope_TrialNumber_0_30.00W_0.80Torr_8.00NitrogenFlow_2420.00MHz.csv,739.9606219624866,50.50464110321988,7.399606219624866,51.04383356655882,9144969997.86752,292310557.3540788,1117221937.7584803,1154829130.2826867,1.325429030901868,0.0375082950736457,0.0813487501174809,0.0020865786725239,1.0,4.753928899146382,,LAS_DataFrame_4a0055ce_Laser_True_20260725_181938_LAS.csv,,
4a0055ce,2026-07-25 18:43:31.026199,2026-07-25,0.8,0.7879999999999999,73.6,6.389,8.0,35,2420,56.7,44.7,0.0816496580927708,9.7,0.0,35.0,0.0816496580927679,0.4658355720240433,0.000425451950939,Data\NafisaData\LAS_0.8Torr_SmallAdmixture_1kHzLaserFreq\OscopeData_Laser_True\Scope_TrialNumber_0_35.00W_0.80Torr_8.00NitrogenFlow_2420.00MHz.csv,True,4a0055ce|Scope_TrialNumber_0_35.00W_0.80Torr_8.00NitrogenFlow_2420.00MHz.csv,734.7008553566333,50.953116617034176,7.347008553566333,51.48007991131386,10243317131.288168,336108769.66675264,1251404719.442601,1295755716.5184004,1.320709941848761,0.0349665657988917,0.0911190573486388,0.0021853086838651,1.0,4.991342262140268,,LAS_DataFrame_4a0055ce_Laser_True_20260725_181938_LAS.csv,,
4a0055ce,2026-07-25 18:43:49.197408,2026-07-25,0.8,0.787,73.59,6.396,8.0,40,2420,56.0,50.46666666666667,0.0942809041582076,10.6,0.0,39.86666666666667,0.0942809041582076,0.4583014066212949,0.0004276718575093,Data\NafisaData\LAS_0.8Torr_SmallAdmixture_1kHzLaserFreq\OscopeData_Laser_True\Scope_TrialNumber_0_40.00W_0.80Torr_8.00NitrogenFlow_2420.00MHz.csv,True,4a0055ce|Scope_TrialNumber_0_40.00W_0.80Torr_8.00NitrogenFlow_2420.00MHz.csv,749.6084612608645,55.01852356096704,7.496084612608645,55.52683332721283,10952422183.10296,386155704.9259029,1338034606.7191677,1392642393.8775306,1.33404172832303,0.0321149973957578,0.0974268757100524,0.0021253156099893,1.0,4.974727271617738,,LAS_DataFrame_4a0055ce_Laser_True_20260725_181938_LAS.csv,,
4a0055ce,2026-07-25 18:44:07.695262,2026-07-25,0.8,0.7879999999999999,73.6,6.404,8.0,45,2420,56.0,56.46666666666667,0.0471404520791038,11.4,0.0,45.06666666666666,0.0471404520791038,0.4493207380626228,0.0001876378580458,Data\NafisaData\LAS_0.8Torr_SmallAdmixture_1kHzLaserFreq\OscopeData_Laser_True\Scope_TrialNumber_0_45.00W_0.80Torr_8.00NitrogenFlow_2420.00MHz.csv,True,4a0055ce|Scope_TrialNumber_0_45.00W_0.80Torr_8.00NitrogenFlow_2420.00MHz.csv,759.0433144229906,41.62569649618555,7.590433144229906,42.31209382800121,12245987653.730402,318896801.8755396,1496066806.0646937,1529676782.3481731,1.3424108511377826,0.0274826287099629,0.1089337406046569,0.0020245528687835,1.0,4.429735880499708,,LAS_DataFrame_4a0055ce_Laser_True_20260725_181938_LAS.csv,,
4a0055ce,2026-07-25 18:44:25.997718,2026-07-25,0.8,0.787,73.61,6.395,8.0,50,2420,56.1,62.5,0.0816496580927737,12.6,0.0,49.9,0.0816496580927737,0.4489991737726966,0.0002932853841224,Data\NafisaData\LAS_0.8Torr_SmallAdmixture_1kHzLaserFreq\OscopeData_Laser_True\Scope_TrialNumber_0_50.00W_0.80Torr_8.00NitrogenFlow_2420.00MHz.csv,True,4a0055ce|Scope_TrialNumber_0_50.00W_0.80Torr_8.00NitrogenFlow_2420.00MHz.csv,738.7982165190089,45.87280411438419,7.387982165190088,46.46392619860949,12258980655.071035,364729555.2630217,1497654133.9770286,1541426467.1079335,1.3243875623311152,0.0275620969556454,0.1090493193785164,0.0020530913983136,1.0,4.655704174653247,,LAS_DataFrame_4a0055ce_Laser_True_20260725_181938_LAS.csv,,
4a0055ce,2026-07-25 18:44:44.337780,2026-07-25,0.8,0.787,73.61,6.397,8.0,55,2420,56.4,68.83333333333333,0.1699673171197628,13.800000000000002,1.7763568394002505e-15,55.03333333333334,0.1699673171197628,0.4477557138718118,0.0005533550468772,Data\NafisaData\LAS_0.8Torr_SmallAdmixture_1kHzLaserFreq\OscopeData_Laser_True\Scope_TrialNumber_0_55.00W_0.80Torr_8.00NitrogenFlow_2420.00MHz.csv,True,4a0055ce|Scope_TrialNumber_0_55.00W_0.80Torr_8.00NitrogenFlow_2420.00MHz.csv,804.9085647781861,50.87616955316451,8.049085647781862,51.508954640602745,13227055094.324047,404686017.17114913,1615921771.9429169,1665825304.6262035,1.3823736554092334,0.026225365520714,0.1176607905667519,0.0020283737754342,1.0,4.436192914454198,,LAS_DataFrame_4a0055ce_Laser_True_20260725_181938_LAS.csv,,
4a0055ce,2026-07-25 18:45:02.640451,2026-07-25,0.8,0.787,73.6,6.393,8.0,60,2420,56.7,74.7,0.2160246899469295,14.699999999999998,1.7763568394002505e-15,60.0,0.2160246899469295,0.4436083646024664,0.0006406100186267,Data\NafisaData\LAS_0.8Torr_SmallAdmixture_1kHzLaserFreq\OscopeData_Laser_True\Scope_TrialNumber_0_60.00W_0.80Torr_8.00NitrogenFlow_2420.00MHz.csv,True,4a0055ce|Scope_TrialNumber_0_60.00W_0.80Torr_8.00NitrogenFlow_2420.00MHz.csv,740.5299175458259,42.22259405258448,7.40529917545826,42.86707249635069,14021639732.317083,388475516.179109,1712994522.2284513,1756491804.664999,1.325938798445318,0.0217098371661629,0.124728989497788,0.0018623709293428,1.0,4.156917407003272,,LAS_DataFrame_4a0055ce_Laser_True_20260725_181938_LAS.csv,,
4a0055ce,2026-07-25 18:45:21.006550,2026-07-25,0.8,0.787,73.59,6.394,8.0,65,2420,57.0,80.3,0.1414213562373081,15.366666666666667,0.047140452079103,64.93333333333334,0.1247219128924626,0.4374533661188679,0.0005838653557916,Data\NafisaData\LAS_0.8Torr_SmallAdmixture_1kHzLaserFreq\OscopeData_Laser_True\Scope_TrialNumber_0_65.00W_0.80Torr_8.00NitrogenFlow_2420.00MHz.csv,True,4a0055ce|Scope_TrialNumber_0_65.00W_0.80Torr_8.00NitrogenFlow_2420.00MHz.csv,681.6068091600882,42.56113182495724,6.816068091600883,43.10346536475608,14319769229.180708,435655767.5866015,1749416381.9247224,1802845979.327701,1.2720937958057508,0.0209574052662956,0.1273809896627601,0.0018989468313171,1.0,4.407237093858221,,LAS_DataFrame_4a0055ce_Laser_True_20260725_181938_LAS.csv,,
4a0055ce,2026-07-25 18:45:39.315194,2026-07-25,0.8,0.787,73.62,6.386,8.0,70,2420,57.4,86.73333333333333,0.1699673171197609,16.666666666666668,0.0471404520791021,70.06666666666668,0.1247219128924626,0.4383600444155861,0.0002279537376361,Data\NafisaData\LAS_0.8Torr_SmallAdmixture_1kHzLaserFreq\OscopeData_Laser_True\Scope_TrialNumber_0_70.00W_0.80Torr_8.00NitrogenFlow_2420.00MHz.csv,True,4a0055ce|Scope_TrialNumber_0_70.00W_0.80Torr_8.00NitrogenFlow_2420.00MHz.csv,743.6082433683289,35.7765958479634,7.436082433683289,36.5412114253078,15488695959.078852,359761706.31243366,1892221725.909341,1926118258.3974843,1.3286918530759482,0.0196625642671674,0.1377791351436421,0.0018475236932622,1.0,4.111888537927119,,LAS_DataFrame_4a0055ce_Laser_True_20260725_181938_LAS.csv,,
4a0055ce,2026-07-25 18:45:57.413706,2026-07-25,0.8,0.787,73.61,6.401,8.0,75,2420,57.9,93.40000000000002,0.0816496580927737,18.4,0.0816496580927723,75.00000000000001,0.1414213562373081,0.443848482693475,0.001094526664072,Data\NafisaData\LAS_0.8Torr_SmallAdmixture_1kHzLaserFreq\OscopeData_Laser_True\Scope_TrialNumber_0_75.00W_0.80Torr_8.00NitrogenFlow_2420.00MHz.csv,True,4a0055ce|Scope_TrialNumber_0_75.00W_0.80Torr_8.00NitrogenFlow_2420.00MHz.csv,722.640240822563,37.24277953889749,7.22640240822563,37.93738946670594,15220470426.70514,380355095.7381462,1859453171.271684,1897955767.3998349,1.309824909451574,0.0194630129577713,0.135393144614063,0.0018228595655028,1.0,4.144407154771287,,LAS_DataFrame_4a0055ce_Laser_True_20260725_181938_LAS.csv,,
4a0055ce,2026-07-25 18:46:15.414669,2026-07-25,0.8,0.787,73.6,6.39,8.0,80,2420,58.5,101.46666666666664,0.1247219128924639,21.5,0.0,79.96666666666667,0.1247219128924639,0.4603178111374797,0.0002830091156934,Data\NafisaData\LAS_0.8Torr_SmallAdmixture_1kHzLaserFreq\OscopeData_Laser_True\Scope_TrialNumber_0_80.00W_0.80Torr_8.00NitrogenFlow_2420.00MHz.csv,True,4a0055ce|Scope_TrialNumber_0_80.00W_0.80Torr_8.00NitrogenFlow_2420.00MHz.csv,726.1621072391602,29.522199188069692,7.261621072391602,30.402160868909707,15517233142.402077,300062157.57212865,1895708054.159513,1919308814.3944128,1.3130128176454856,0.0195606756130206,0.1380329866265621,0.001865543511308,1.0,4.176684429340639,,LAS_DataFrame_4a0055ce_Laser_True_20260725_181938_LAS.csv,,
4a0055ce,2026-07-25 18:46:33.553137,2026-07-25,0.8,0.787,73.6,6.398,8.0,85,2420,59.7,114.16666666666669,0.0471404520791071,29.2,0.0816496580927723,84.96666666666667,0.0942809041582043,0.5057330878951213,0.0007146923027289,Data\NafisaData\LAS_0.8Torr_SmallAdmixture_1kHzLaserFreq\OscopeData_Laser_True\Scope_TrialNumber_0_85.00W_0.80Torr_8.00NitrogenFlow_2420.00MHz.csv,True,4a0055ce|Scope_TrialNumber_0_85.00W_0.80Torr_8.00NitrogenFlow_2420.00MHz.csv,701.4342223139793,38.42068932680699,7.014342223139793,39.05573408822759,14003254494.146328,372822982.7653739,1710748435.9733765,1750901821.251958,1.2904632756351424,0.0194596131122079,0.1245654442760812,0.0016996266978053,1.0,3.931813012237745,,LAS_DataFrame_4a0055ce_Laser_True_20260725_181938_LAS.csv,,
4a0055ce,2026-07-25 18:46:51.683858,2026-07-25,0.8,0.787,73.6,6.402,8.0,90,2420,61.0,122.86666666666667,0.0471404520791071,32.9,0.0,89.96666666666665,0.0471404520791004,0.5174649455605463,9.92885115490388e-05,Data\NafisaData\LAS_0.8Torr_SmallAdmixture_1kHzLaserFreq\OscopeData_Laser_True\Scope_TrialNumber_0_90.00W_0.80Torr_8.00NitrogenFlow_2420.00MHz.csv,True,4a0055ce|Scope_TrialNumber_0_90.00W_0.80Torr_8.00NitrogenFlow_2420.00MHz.csv,809.7997942350794,31.790310423614677,8.097997942350794,32.80550879812873,14698131282.23603,273773958.45973444,1795640085.9048684,1816390789.0206769,1.3865674645771482,0.0205773807593207,0.1307466956317367,0.0017634211081932,1.0,3.749841047528742,,LAS_DataFrame_4a0055ce_Laser_True_20260725_181938_LAS.csv,,
4a0055ce,2026-07-25 18:47:09.680667,2026-07-25,0.8,0.7879999999999999,73.59,6.401,8.0,95,2420,62.2,130.63333333333335,0.1699673171197591,35.63333333333333,0.0942809041582076,95.0,0.0816496580927737,0.5222768223485186,0.000370630391781,Data\NafisaData\LAS_0.8Torr_SmallAdmixture_1kHzLaserFreq\OscopeData_Laser_True\Scope_TrialNumber_0_95.00W_0.80Torr_8.00NitrogenFlow_2420.00MHz.csv,True,4a0055ce|Scope_TrialNumber_0_95.00W_0.80Torr_8.00NitrogenFlow_2420.00MHz.csv,827.358165110456,40.21076563562342,8.27358165110456,41.053109825450825,14466791209.85111,340528690.8431323,1767377751.0900643,1799884414.1598403,1.4015188813357664,0.0202274105816808,0.12868881837845,0.0016869562962171,1.0,3.5952723541891025,,LAS_DataFrame_4a0055ce_Laser_True_20260725_181938_LAS.csv,,
4a0055ce,2026-07-25 18:47:27.634599,2026-07-25,0.8,0.787,73.6,6.408,8.0,100,2420,63.3,137.53333333333333,0.2054804667656331,37.53333333333333,0.0471404520791038,100.0,0.1632993161855475,0.5224018117559545,0.0001581111736171,Data\NafisaData\LAS_0.8Torr_SmallAdmixture_1kHzLaserFreq\OscopeData_Laser_True\Scope_TrialNumber_0_100.00W_0.80Torr_8.00NitrogenFlow_2420.00MHz.csv,True,4a0055ce|Scope_TrialNumber_0_100.00W_0.80Torr_8.00NitrogenFlow_2420.00MHz.csv,754.5501401078627,31.51333440047001,7.545501401078627,32.4040867242008,14521156494.915976,289468412.8031275,1774019444.7359843,1797480723.7664976,1.3384317378676605,0.0197763535562858,0.129172422806987,0.0017312546344239,1.0,3.929560615402302,,LAS_DataFrame_4a0055ce_Laser_True_20260725_181938_LAS.csv,,
4a0055ce,2026-07-25 18:47:45.669843,2026-07-25,0.8,0.787,73.6,6.401,8.0,105,2420,64.3,144.23333333333332,0.2054804667656331,39.13333333333333,0.0471404520791038,105.09999999999998,0.1632993161855417,0.5208835973694202,0.0001499855896048,Data\NafisaData\LAS_0.8Torr_SmallAdmixture_1kHzLaserFreq\OscopeData_Laser_True\Scope_TrialNumber_0_105.00W_0.80Torr_8.00NitrogenFlow_2420.00MHz.csv,True,4a0055ce|Scope_TrialNumber_0_105.00W_0.80Torr_8.00NitrogenFlow_2420.00MHz.csv,755.470358397933,36.62646332445863,7.55470358397933,37.39747801523123,14909150199.658195,349616976.40906745,1821419827.5421903,1854670379.97517,1.339247637309818,0.0194772236096164,0.1326238067854572,0.0017483569869794,1.0,3.8911338740371,,LAS_DataFrame_4a0055ce_Laser_True_20260725_181938_LAS.csv,,
4a0055ce,2026-07-25 18:48:03.830502,2026-07-25,0.8,0.7879999999999999,73.61,6.406,8.0,110,2420,65.2,148.66666666666666,0.2054804667656316,38.46666666666667,0.0942809041582076,110.2,0.2943920288775878,0.508669617154147,0.0009563520916746,Data\NafisaData\LAS_0.8Torr_SmallAdmixture_1kHzLaserFreq\OscopeData_Laser_True\Scope_TrialNumber_0_110.00W_0.80Torr_8.00NitrogenFlow_2420.00MHz.csv,True,4a0055ce|Scope_TrialNumber_0_110.00W_0.80Torr_8.00NitrogenFlow_2420.00MHz.csv,680.340866788186,33.948980570355786,6.80340866788186,34.6239750934032,16308425050.074026,395785234.2619604,1992366321.648002,2031297494.533232,1.2709119224331835,0.0171721617630515,0.14507100564764,0.0017710362150475,1.0,4.088691339055334,,LAS_DataFrame_4a0055ce_Laser_True_20260725_181938_LAS.csv,,
4a0055ce,2026-07-25 18:48:54.387416,2026-07-25,0.8,0.786,72.0,8.005,10.0,30,2420,59.7,40.2,0.0816496580927708,10.2,0.0,30.0,0.0816496580927708,0.503718302554264,0.0005115490855289,Data\NafisaData\LAS_0.8Torr_SmallAdmixture_1kHzLaserFreq\OscopeData_Laser_True\Scope_TrialNumber_0_30.00W_0.80Torr_10.00NitrogenFlow_2420.00MHz.csv,True,4a0055ce|Scope_TrialNumber_0_30.00W_0.80Torr_10.00NitrogenFlow_2420.00MHz.csv,756.6035236183225,63.7821985245297,7.566035236183225,64.22938375710672,6811003238.275697,267228729.75514585,832086079.8581151,873944184.8883681,1.340251660947574,0.0491576703103959,0.0605870331569205,0.0020167326210928,1.0,4.467530744914571,,LAS_DataFrame_4a0055ce_Laser_True_20260725_181938_LAS.csv,,
4a0055ce,2026-07-25 18:49:12.356775,2026-07-25,0.8,0.786,71.98,8.002,10.0,35,2420,57.3,45.66666666666666,0.0471404520791038,10.566666666666668,0.047140452079103,35.1,0.0816496580927737,0.4810261531056499,0.0012170737884719,Data\NafisaData\LAS_0.8Torr_SmallAdmixture_1kHzLaserFreq\OscopeData_Laser_True\Scope_TrialNumber_0_35.00W_0.80Torr_10.00NitrogenFlow_2420.00MHz.csv,True,4a0055ce|Scope_TrialNumber_0_35.00W_0.80Torr_10.00NitrogenFlow_2420.00MHz.csv,731.1515497308625,59.24665150898367,7.311515497308625,59.69609680619279,7366298790.938542,282087310.2567701,899925380.9732983,943100706.1432174,1.3175159355351456,0.0411380335558751,0.065526644677292,0.0018531916054139,1.0,4.073647797243119,,LAS_DataFrame_4a0055ce_Laser_True_20260725_181938_LAS.csv,,
4a0055ce,2026-07-25 18:49:30.387261,2026-07-25,0.8,0.786,72.0,8.005,10.0,40,2420,56.5,50.86666666666667,0.0471404520791038,10.9,0.0,39.96666666666667,0.0471404520791038,0.4629101990579324,0.0002146054876027,Data\NafisaData\LAS_0.8Torr_SmallAdmixture_1kHzLaserFreq\OscopeData_Laser_True\Scope_TrialNumber_0_40.00W_0.80Torr_10.00NitrogenFlow_2420.00MHz.csv,True,4a0055ce|Scope_TrialNumber_0_40.00W_0.80Torr_10.00NitrogenFlow_2420.00MHz.csv,791.8451567306579,48.228304967579135,7.918451567306579,48.87403477583571,8277087378.298239,234356759.7146834,1011194525.7267078,1037996849.5538064,1.3711100264873035,0.0373134204609464,0.073628531640317,0.0018257629060161,1.0,3.895764180709487,,LAS_DataFrame_4a0055ce_Laser_True_20260725_181938_LAS.csv,,
4a0055ce,2026-07-25 18:49:48.417784,2026-07-25,0.8,0.786,72.01,7.991,10.0,45,2420,56.3,56.76666666666667,0.0942809041582043,11.800000000000002,1.7763568394002505e-15,44.96666666666667,0.0942809041582009,0.4559264162480619,0.0003782797423242,Data\NafisaData\LAS_0.8Torr_SmallAdmixture_1kHzLaserFreq\OscopeData_Laser_True\Scope_TrialNumber_0_45.00W_0.80Torr_10.00NitrogenFlow_2420.00MHz.csv,True,4a0055ce|Scope_TrialNumber_0_45.00W_0.80Torr_10.00NitrogenFlow_2420.00MHz.csv,740.1612184380765,44.822949003657456,7.401612184380765,45.42995289797746,8829227863.014711,249135871.33610627,1078648378.7621677,1107046072.840988,1.325608674498863,0.0344577113539576,0.0785400773677955,0.0018503849012898,1.0,4.241392823483862,,LAS_DataFrame_4a0055ce_Laser_True_20260725_181938_LAS.csv,,
4a0055ce,2026-07-25 18:50:06.528878,2026-07-25,0.8,0.785,71.99,8.004,10.0,50,2420,56.3,62.6,0.1414213562373081,12.633333333333333,0.047140452079103,49.96666666666667,0.0942809041582043,0.4492322979177823,0.0003300937158568,Data\NafisaData\LAS_0.8Torr_SmallAdmixture_1kHzLaserFreq\OscopeData_Laser_True\Scope_TrialNumber_0_50.00W_0.80Torr_10.00NitrogenFlow_2420.00MHz.csv,True,4a0055ce|Scope_TrialNumber_0_50.00W_0.80Torr_10.00NitrogenFlow_2420.00MHz.csv,698.9186760174107,40.00961340576301,6.989186760174107,40.61548838124693,9280157438.79216,250936719.09028116,1133737505.8517225,1161176114.6194315,1.2881472097001274,0.028542630473647,0.0825513051125617,0.001656986256649,1.0,3.803426572743976,,LAS_DataFrame_4a0055ce_Laser_True_20260725_181938_LAS.csv,,
4a0055ce,2026-07-25 18:50:24.638007,2026-07-25,0.8,0.786,72.0,8.004,10.0,55,2420,56.5,68.66666666666667,0.0471404520791071,13.766666666666666,0.0471404520791038,54.9,7.105427357601002e-15,0.4477551602159035,0.0006135148509136,Data\NafisaData\LAS_0.8Torr_SmallAdmixture_1kHzLaserFreq\OscopeData_Laser_True\Scope_TrialNumber_0_55.00W_0.80Torr_10.00NitrogenFlow_2420.00MHz.csv,True,4a0055ce|Scope_TrialNumber_0_55.00W_0.80Torr_10.00NitrogenFlow_2420.00MHz.csv,781.9062464104156,53.45966304918969,7.819062464104157,54.02844909073793,10139750735.275543,335710041.80974805,1238752228.5468552,1283436136.277027,1.3624780539786592,0.0277566050974257,0.0901977862157906,0.0016693623257164,1.0,3.650613201421538,,LAS_DataFrame_4a0055ce_Laser_True_20260725_181938_LAS.csv,,
4a0055ce,2026-07-25 18:50:42.659166,2026-07-25,0.8,0.786,71.99,8.001,10.0,60,2420,56.8,74.83333333333333,0.1247219128924639,14.833333333333334,0.047140452079103,60.0,0.0816496580927708,0.4452164419971556,0.0003764924723406,Data\NafisaData\LAS_0.8Torr_SmallAdmixture_1kHzLaserFreq\OscopeData_Laser_True\Scope_TrialNumber_0_60.00W_0.80Torr_10.00NitrogenFlow_2420.00MHz.csv,True,4a0055ce|Scope_TrialNumber_0_60.00W_0.80Torr_10.00NitrogenFlow_2420.00MHz.csv,778.2641956517232,53.40100855175856,7.782641956517232,53.9651482919146,10621129412.301838,355291838.3400192,1297561258.9174676,1345324314.4441097,1.359301198607791,0.0255050639413301,0.0944798728402876,0.0016200985452265,1.0,3.529055835620282,,LAS_DataFrame_4a0055ce_Laser_True_20260725_181938_LAS.csv,,
4a0055ce,2026-07-25 18:51:00.765896,2026-07-25,0.8,0.786,72.0,7.993,10.0,65,2420,57.0,80.63333333333333,0.0471404520791071,15.699999999999998,1.7763568394002505e-15,64.93333333333332,0.0471404520791071,0.4412579825338508,0.0001289457760845,Data\NafisaData\LAS_0.8Torr_SmallAdmixture_1kHzLaserFreq\OscopeData_Laser_True\Scope_TrialNumber_0_65.00W_0.80Torr_10.00NitrogenFlow_2420.00MHz.csv,True,4a0055ce|Scope_TrialNumber_0_65.00W_0.80Torr_10.00NitrogenFlow_2420.00MHz.csv,812.4308242142905,42.7533069940879,8.124308242142906,43.518382820873256,11207653053.302923,283630023.1682479,1369215630.543968,1398283745.513884,1.3888181086489326,0.0239760705708013,0.0996972726918911,0.0015641640239948,1.0,3.3736728806040728,,LAS_DataFrame_4a0055ce_Laser_True_20260725_181938_LAS.csv,,
4a0055ce,2026-07-25 18:51:18.821862,2026-07-25,0.8,0.786,72.0,8.007,10.0,70,2420,57.3,86.26666666666667,0.0942809041582076,16.3,0.0,69.96666666666667,0.0942809041582076,0.4346828320965956,0.0002373950812097,Data\NafisaData\LAS_0.8Torr_SmallAdmixture_1kHzLaserFreq\OscopeData_Laser_True\Scope_TrialNumber_0_70.00W_0.80Torr_10.00NitrogenFlow_2420.00MHz.csv,True,4a0055ce|Scope_TrialNumber_0_70.00W_0.80Torr_10.00NitrogenFlow_2420.00MHz.csv,820.6738726149954,42.98921805560239,8.206738726149954,43.76555071687571,12231269320.766792,310329077.9885324,1494268697.9814508,1526153032.435605,1.395845908679538,0.0219117074810785,0.1088028142056986,0.0015546165017623,1.0,3.366755725773493,,LAS_DataFrame_4a0055ce_Laser_True_20260725_181938_LAS.csv,,
4a0055ce,2026-07-25 18:51:36.901319,2026-07-25,0.8,0.786,71.99,8.004,10.0,75,2420,57.5,92.43333333333334,0.1699673171197563,17.366666666666667,0.0471404520791021,75.06666666666666,0.1247219128924576,0.4334545347193663,0.0002232649121495,Data\NafisaData\LAS_0.8Torr_SmallAdmixture_1kHzLaserFreq\OscopeData_Laser_True\Scope_TrialNumber_0_75.00W_0.80Torr_10.00NitrogenFlow_2420.00MHz.csv,True,4a0055ce|Scope_TrialNumber_0_75.00W_0.80Torr_10.00NitrogenFlow_2420.00MHz.csv,802.3591222850075,38.5286826098612,8.023591222850076,39.35527156255967,12764896208.377253,296754741.8386771,1559460783.4180574,1587444900.4052396,1.3801826753421982,0.0199398709415865,0.1135496728992006,0.0014922951800939,1.0,3.1807949905814747,,LAS_DataFrame_4a0055ce_Laser_True_20260725_181938_LAS.csv,,
4a0055ce,2026-07-25 18:51:54.914256,2026-07-25,0.8,0.785,72.0,7.994,10.0,80,2420,57.9,98.90000000000002,1.4210854715202004e-14,18.866666666666664,0.0471404520791021,80.03333333333335,0.0471404520791071,0.4367662814046062,0.0005458964955833,Data\NafisaData\LAS_0.8Torr_SmallAdmixture_1kHzLaserFreq\OscopeData_Laser_True\Scope_TrialNumber_0_80.00W_0.80Torr_10.00NitrogenFlow_2420.00MHz.csv,True,4a0055ce|Scope_TrialNumber_0_80.00W_0.80Torr_10.00NitrogenFlow_2420.00MHz.csv,792.6639983239965,36.10785766616346,7.926639983239965,36.96767515903343,12896203403.308493,281930254.59898525,1575502309.939951,1600528724.2297058,1.3718187709996783,0.0208769268247717,0.114717711306279,0.0015844629550698,1.0,3.354961530936257,,LAS_DataFrame_4a0055ce_Laser_True_20260725_181938_LAS.csv,,
4a0055ce,2026-07-25 18:52:12.916622,2026-07-25,0.8,0.785,71.99,7.994,10.0,85,2420,58.3,106.2,0.0816496580927737,21.166666666666668,0.0471404520791021,85.03333333333333,0.0471404520791004,0.4464405583300396,0.0003591905916145,Data\NafisaData\LAS_0.8Torr_SmallAdmixture_1kHzLaserFreq\OscopeData_Laser_True\Scope_TrialNumber_0_85.00W_0.80Torr_10.00NitrogenFlow_2420.00MHz.csv,True,4a0055ce|Scope_TrialNumber_0_85.00W_0.80Torr_10.00NitrogenFlow_2420.00MHz.csv,851.5664793567073,49.61897151764643,8.515664793567073,50.3444026813846,13170474781.626358,375275603.577351,1609009472.984491,1652193470.1463308,1.4218751141929291,0.0207886781253069,0.117157482439958,0.0015580928267408,1.0,3.260747172004385,,LAS_DataFrame_4a0055ce_Laser_True_20260725_181938_LAS.csv,,
4a0055ce,2026-07-25 18:52:31.071549,2026-07-25,0.8,0.786,72.0,7.994,10.0,90,2420,59.0,114.53333333333336,0.0471404520791004,24.566666666666663,0.0471404520791038,89.96666666666665,0.0471404520791004,0.4631343050505224,0.0004053881569072,Data\NafisaData\LAS_0.8Torr_SmallAdmixture_1kHzLaserFreq\OscopeData_Laser_True\Scope_TrialNumber_0_90.00W_0.80Torr_10.00NitrogenFlow_2420.00MHz.csv,True,4a0055ce|Scope_TrialNumber_0_90.00W_0.80Torr_10.00NitrogenFlow_2420.00MHz.csv,800.6591897627316,37.89384344030291,8.006591897627315,38.73046455302775,13399139403.331585,307118712.25243247,1636944953.5621085,1665506134.6053476,1.378719825738213,0.0193000305284195,0.119191560318414,0.0015139129565463,1.0,3.1855759225425104,,LAS_DataFrame_4a0055ce_Laser_True_20260725_181938_LAS.csv,,
4a0055ce,2026-07-25 18:52:49.150468,2026-07-25,0.8,0.786,71.99,8.001,10.0,95,2420,60.2,126.93333333333334,0.2054804667656324,31.96666666666667,0.1247219128924649,94.96666666666664,0.0942809041582009,0.5018336499972201,0.0006046799249224,Data\NafisaData\LAS_0.8Torr_SmallAdmixture_1kHzLaserFreq\OscopeData_Laser_True\Scope_TrialNumber_0_95.00W_0.80Torr_10.00NitrogenFlow_2420.00MHz.csv,True,4a0055ce|Scope_TrialNumber_0_95.00W_0.80Torr_10.00NitrogenFlow_2420.00MHz.csv,801.0600815170006,40.38310568967893,8.010600815170006,41.16995203499491,11968181312.17517,289069692.11314785,1462127783.9239645,1490429113.853052,1.37906494651324,0.0236251838271286,0.1064625243332533,0.0016545026391259,1.0,3.6320907078584175,,LAS_DataFrame_4a0055ce_Laser_True_20260725_181938_LAS.csv,,
4a0055ce,2026-07-25 18:53:07.307576,2026-07-25,0.8,0.786,72.0,7.999,10.0,100,2420,61.5,135.96666666666667,0.1247219128924576,35.86666666666667,0.0471404520791038,100.1,0.0816496580927621,0.5136049521154261,0.0001384597905489,Data\NafisaData\LAS_0.8Torr_SmallAdmixture_1kHzLaserFreq\OscopeData_Laser_True\Scope_TrialNumber_0_100.00W_0.80Torr_10.00NitrogenFlow_2420.00MHz.csv,True,4a0055ce|Scope_TrialNumber_0_100.00W_0.80Torr_10.00NitrogenFlow_2420.00MHz.csv,785.7111334030675,38.773858632450896,7.857111334030675,39.56193008138809,11579850285.101025,272739977.72520816,1414686191.1510315,1440737351.1098266,1.3657890543079718,0.0237654651332038,0.1030081397161703,0.0016244515090051,1.0,3.521805586762022,,LAS_DataFrame_4a0055ce_Laser_True_20260725_181938_LAS.csv,,
4a0055ce,2026-07-25 18:53:25.368240,2026-07-25,0.8,0.786,71.99,7.995,10.0,105,2420,62.7,143.66666666666666,0.0942809041582143,38.7,0.0,104.96666666666664,0.0942809041582143,0.5190121740931378,0.0001702410169295,Data\NafisaData\LAS_0.8Torr_SmallAdmixture_1kHzLaserFreq\OscopeData_Laser_True\Scope_TrialNumber_0_105.00W_0.80Torr_10.00NitrogenFlow_2420.00MHz.csv,True,4a0055ce|Scope_TrialNumber_0_105.00W_0.80Torr_10.00NitrogenFlow_2420.00MHz.csv,798.5272934196171,43.16618783939206,7.985272934196171,43.89856895639407,11864073861.99694,310395227.7933148,1449409193.5676985,1482272649.6280737,1.3768830598616983,0.0222476910940782,0.1055364402726285,0.0015475304360724,1.0,3.488340757166487,,LAS_DataFrame_4a0055ce_Laser_True_20260725_181938_LAS.csv,,
4a0055ce,2026-07-25 18:53:43.481904,2026-07-25,0.8,0.785,72.0,8.001,10.0,110,2420,63.8,151.06666666666666,0.1247219128924576,41.03333333333333,0.0471404520791038,110.03333333333336,0.1247219128924576,0.5211756248896215,0.0003338558413215,Data\NafisaData\LAS_0.8Torr_SmallAdmixture_1kHzLaserFreq\OscopeData_Laser_True\Scope_TrialNumber_0_110.00W_0.80Torr_10.00NitrogenFlow_2420.00MHz.csv,True,4a0055ce|Scope_TrialNumber_0_110.00W_0.80Torr_10.00NitrogenFlow_2420.00MHz.csv,893.1572296281803,51.29202904224201,8.931572296281804,52.063857203955855,13094976084.753584,366647883.4121528,1599785954.4340627,1641263467.7025857,1.4561835924203346,0.0228500237685269,0.1164858865104436,0.0016706442531283,1.0,3.5765716313575737,,LAS_DataFrame_4a0055ce_Laser_True_20260725_181938_LAS.csv,,
4a0055ce,2026-07-25 18:54:34.105673,2026-07-25,0.8,0.784,70.4,9.597,12.0,30,2420,58.6,40.2,0.1414213562373081,10.2,0.0,30.0,0.1414213562373081,0.5037198659219365,0.0008876884153626,Data\NafisaData\LAS_0.8Torr_SmallAdmixture_1kHzLaserFreq\OscopeData_Laser_True\Scope_TrialNumber_0_30.00W_0.80Torr_12.00NitrogenFlow_2420.00MHz.csv,True,4a0055ce|Scope_TrialNumber_0_30.00W_0.80Torr_12.00NitrogenFlow_2420.00MHz.csv,747.3784704797645,79.58897643423497,7.4737847047976445,79.93911825672632,5391700451.03367,265807575.26192403,658692814.4238592,710302675.5125227,1.3320559472816773,0.0633064582898599,0.0479616765065084,0.0020651475080324,1.0,4.671945742709911,,LAS_DataFrame_4a0055ce_Laser_True_20260725_181938_LAS.csv,,
4a0055ce,2026-07-25 18:54:52.147251,2026-07-25,0.8,0.784,70.41,9.605,12.0,35,2420,56.3,46.333333333333336,0.0942809041582043,11.300000000000002,1.7763568394002505e-15,35.03333333333333,0.0942809041582009,0.4938478008109057,0.0005029939304578,Data\NafisaData\LAS_0.8Torr_SmallAdmixture_1kHzLaserFreq\OscopeData_Laser_True\Scope_TrialNumber_0_35.00W_0.80Torr_12.00NitrogenFlow_2420.00MHz.csv,True,4a0055ce|Scope_TrialNumber_0_35.00W_0.80Torr_12.00NitrogenFlow_2420.00MHz.csv,855.0008070857302,89.30025678279587,8.550008070857302,89.70863113148592,6189086086.156368,300540171.29445964,756107756.6948882,813648163.7021493,1.424739407080742,0.0672569370181176,0.0550547916062836,0.0023739570092402,1.0,5.097341241757099,,LAS_DataFrame_4a0055ce_Laser_True_20260725_181938_LAS.csv,,
4a0055ce,2026-07-25 18:55:10.104209,2026-07-25,0.8,0.784,70.39,9.614,12.0,40,2420,55.7,51.46666666666667,0.0471404520791038,11.4,0.0,40.06666666666666,0.0471404520791038,0.4706407654686638,0.0002156444875123,Data\NafisaData\LAS_0.8Torr_SmallAdmixture_1kHzLaserFreq\OscopeData_Laser_True\Scope_TrialNumber_0_40.00W_0.80Torr_12.00NitrogenFlow_2420.00MHz.csv,True,4a0055ce|Scope_TrialNumber_0_40.00W_0.80Torr_12.00NitrogenFlow_2420.00MHz.csv,748.6992660499493,65.37729817948723,7.486992660499493,65.80460604203901,6330486765.026518,256073571.57917055,773382383.1271796,814674158.5399579,1.3332324576054453,0.0517982323799051,0.0563126162349628,0.0019825498941378,1.0,4.517517498531088,,LAS_DataFrame_4a0055ce_Laser_True_20260725_181938_LAS.csv,,
4a0055ce,2026-07-25 18:55:28.151140,2026-07-25,0.8,0.784,70.41,9.597,12.0,45,2420,55.6,57.03333333333333,0.0942809041582076,12.1,0.0,44.93333333333334,0.0942809041582076,0.4606051115554874,0.0003810438707423,Data\NafisaData\LAS_0.8Torr_SmallAdmixture_1kHzLaserFreq\OscopeData_Laser_True\Scope_TrialNumber_0_45.00W_0.80Torr_12.00NitrogenFlow_2420.00MHz.csv,True,4a0055ce|Scope_TrialNumber_0_45.00W_0.80Torr_12.00NitrogenFlow_2420.00MHz.csv,709.0278246708891,67.05202139355661,7.090278246708891,67.42585274638895,6581887160.081375,288935962.2723572,804095445.7815055,854431668.5498092,1.297429635400647,0.0539728787380898,0.0585489393635813,0.0022077043289536,1.0,5.386606834306811,,LAS_DataFrame_4a0055ce_Laser_True_20260725_181938_LAS.csv,,
4a0055ce,2026-07-25 18:55:46.229650,2026-07-25,0.8,0.784,70.39,9.605,12.0,50,2420,55.7,62.63333333333333,0.0471404520791038,12.833333333333334,0.047140452079103,49.79999999999999,1.0048591735576161e-14,0.4526536592093282,0.0006603303296957,Data\NafisaData\LAS_0.8Torr_SmallAdmixture_1kHzLaserFreq\OscopeData_Laser_True\Scope_TrialNumber_0_50.00W_0.80Torr_12.00NitrogenFlow_2420.00MHz.csv,True,4a0055ce|Scope_TrialNumber_0_50.00W_0.80Torr_12.00NitrogenFlow_2420.00MHz.csv,790.6772735012532,64.12915408523104,7.906772735012533,64.6147464497884,7607809763.337771,288241376.2321796,929430273.4591916,973100058.6756988,1.3700985362602245,0.0473621682200843,0.0676749968040804,0.0021249021018041,1.0,4.8252858410029,,LAS_DataFrame_4a0055ce_Laser_True_20260725_181938_LAS.csv,,
4a0055ce,2026-07-25 18:56:04.305579,2026-07-25,0.8,0.784,70.4,9.598,12.0,55,2420,55.9,68.56666666666666,0.1247219128924626,13.633333333333333,0.047140452079103,54.93333333333334,0.0942809041582026,0.4459065822806007,0.0005342365031176,Data\NafisaData\LAS_0.8Torr_SmallAdmixture_1kHzLaserFreq\OscopeData_Laser_True\Scope_TrialNumber_0_55.00W_0.80Torr_12.00NitrogenFlow_2420.00MHz.csv,True,4a0055ce|Scope_TrialNumber_0_55.00W_0.80Torr_12.00NitrogenFlow_2420.00MHz.csv,765.9916949953454,56.70342551672794,7.659916949953454,57.21846548983377,7959729244.240995,273546463.66708225,972423543.473346,1010165934.7285596,1.3485411548889406,0.0439137339512204,0.0708054838281106,0.0020902384885548,1.0,4.720867472714513,,LAS_DataFrame_4a0055ce_Laser_True_20260725_181938_LAS.csv,,
4a0055ce,2026-07-25 18:56:22.321405,2026-07-25,0.8,0.784,70.41,9.604,12.0,60,2420,56.2,74.76666666666667,0.124721912892469,14.800000000000002,1.7763568394002505e-15,59.96666666666667,0.124721912892469,0.4449152599769302,0.0003712703380073,Data\NafisaData\LAS_0.8Torr_SmallAdmixture_1kHzLaserFreq\OscopeData_Laser_True\Scope_TrialNumber_0_60.00W_0.80Torr_12.00NitrogenFlow_2420.00MHz.csv,True,4a0055ce|Scope_TrialNumber_0_60.00W_0.80Torr_12.00NitrogenFlow_2420.00MHz.csv,773.6994975541786,58.70323985065728,7.736994975541786,59.2109065984921,8261966849.696639,291243937.6966176,1009347282.2400532,1050526043.1852288,1.355309029526316,0.0451908499148526,0.0734940275245963,0.0022234147401349,1.0,5.208785725699232,,LAS_DataFrame_4a0055ce_Laser_True_20260725_181938_LAS.csv,,
4a0055ce,2026-07-25 18:56:40.491275,2026-07-25,0.8,0.784,70.42,9.597,12.0,65,2420,56.6,80.93333333333334,0.1699673171197563,15.800000000000002,1.7763568394002505e-15,65.13333333333334,0.1699673171197563,0.441840527369203,0.0004643396500892,Data\NafisaData\LAS_0.8Torr_SmallAdmixture_1kHzLaserFreq\OscopeData_Laser_True\Scope_TrialNumber_0_65.00W_0.80Torr_12.00NitrogenFlow_2420.00MHz.csv,True,4a0055ce|Scope_TrialNumber_0_65.00W_0.80Torr_12.00NitrogenFlow_2420.00MHz.csv,779.3321330398181,61.67463410804574,7.793321330398181,62.16507339109444,8503337728.0293665,315541052.8916659,1038835059.725626,1085699975.7645416,1.3602334982893132,0.0441454634135146,0.0756411334496791,0.0022241348788882,1.0,5.136759478469835,,LAS_DataFrame_4a0055ce_Laser_True_20260725_181938_LAS.csv,,
4a0055ce,2026-07-25 18:56:58.540245,2026-07-25,0.8,0.784,70.39,9.607,12.0,70,2420,57.0,86.76666666666665,0.124721912892469,16.766666666666666,0.0471404520791038,70.0,0.0816496580927795,0.4395885790413014,0.0003361336465833,Data\NafisaData\LAS_0.8Torr_SmallAdmixture_1kHzLaserFreq\OscopeData_Laser_True\Scope_TrialNumber_0_70.00W_0.80Torr_12.00NitrogenFlow_2420.00MHz.csv,True,4a0055ce|Scope_TrialNumber_0_70.00W_0.80Torr_12.00NitrogenFlow_2420.00MHz.csv,795.3348319640617,58.57201837210594,7.953348319640617,59.10953464269404,8976082108.564415,313750328.8566344,1096589256.077168,1140590752.8125603,1.3741279578655252,0.0382755303873653,0.0798464140017811,0.0020227730773249,1.0,4.530991572046632,,LAS_DataFrame_4a0055ce_Laser_True_20260725_181938_LAS.csv,,
4a0055ce,2026-07-25 18:57:16.691164,2026-07-25,0.8,0.784,70.41,9.596,12.0,75,2420,57.4,92.33333333333331,0.1885618083164086,17.333333333333332,0.0471404520791021,75.0,0.1414213562373014,0.4332728366211453,0.0001465332853692,Data\NafisaData\LAS_0.8Torr_SmallAdmixture_1kHzLaserFreq\OscopeData_Laser_True\Scope_TrialNumber_0_75.00W_0.80Torr_12.00NitrogenFlow_2420.00MHz.csv,True,4a0055ce|Scope_TrialNumber_0_75.00W_0.80Torr_12.00NitrogenFlow_2420.00MHz.csv,812.6379429279714,52.9844908381824,8.126379429279714,53.60405126490026,9841053684.676268,301490606.9962986,1202261031.9927845,1239487061.310182,1.3889951279598634,0.0368503444680493,0.0875407373970743,0.0021076013843789,1.0,4.624816401303312,,LAS_DataFrame_4a0055ce_Laser_True_20260725_181938_LAS.csv,,
4a0055ce,2026-07-25 18:57:34.770502,2026-07-25,0.8,0.784,70.41,9.599,12.0,80,2420,57.8,97.96666666666664,0.0471404520791004,18.03333333333333,0.0471404520791038,79.93333333333334,0.0471404520791004,0.4290406464727168,0.0005166233581418,Data\NafisaData\LAS_0.8Torr_SmallAdmixture_1kHzLaserFreq\OscopeData_Laser_True\Scope_TrialNumber_0_80.00W_0.80Torr_12.00NitrogenFlow_2420.00MHz.csv,True,4a0055ce|Scope_TrialNumber_0_80.00W_0.80Torr_12.00NitrogenFlow_2420.00MHz.csv,762.0254363026295,49.80158324013476,7.620254363026295,50.381206513751664,10003751638.600714,311237415.4979314,1222137502.161106,1261145829.3926277,1.3450452913827078,0.0317730419766771,0.0889880111663171,0.0019047996079275,1.0,4.311099536900641,,LAS_DataFrame_4a0055ce_Laser_True_20260725_181938_LAS.csv,,
4a0055ce,2026-07-25 18:57:52.820737,2026-07-25,0.8,0.784,70.39,9.613,12.0,85,2420,58.2,104.46666666666664,0.0471404520791004,19.433333333333334,0.0471404520791038,85.03333333333333,0.0471404520791004,0.4313049434673867,0.0004816080031973,Data\NafisaData\LAS_0.8Torr_SmallAdmixture_1kHzLaserFreq\OscopeData_Laser_True\Scope_TrialNumber_0_85.00W_0.80Torr_12.00NitrogenFlow_2420.00MHz.csv,True,4a0055ce|Scope_TrialNumber_0_85.00W_0.80Torr_12.00NitrogenFlow_2420.00MHz.csv,764.4640304749976,45.15978917653069,7.644640304749976,45.80226068501103,10352722353.26434,287795407.6409606,1264770527.5453744,1297100876.5730717,1.3471957443114375,0.0316849880001613,0.0920922675468311,0.0019611764175084,1.0,4.396536278687937,,LAS_DataFrame_4a0055ce_Laser_True_20260725_181938_LAS.csv,,
4a0055ce,2026-07-25 18:58:10.799454,2026-07-25,0.8,0.784,70.4,9.596,12.0,90,2420,58.7,111.16666666666669,0.2357022603955158,21.399999999999995,3.552713678800501e-15,89.76666666666665,0.2357022603955158,0.4387532294692489,0.0004646136658241,Data\NafisaData\LAS_0.8Torr_SmallAdmixture_1kHzLaserFreq\OscopeData_Laser_True\Scope_TrialNumber_0_90.00W_0.80Torr_12.00NitrogenFlow_2420.00MHz.csv,True,4a0055ce|Scope_TrialNumber_0_90.00W_0.80Torr_12.00NitrogenFlow_2420.00MHz.csv,803.5644428507147,48.47697613577087,8.035644428507148,49.138465550416775,10626411402.12822,303331644.77815163,1298206548.61338,1333173030.6252384,1.3812189558717554,0.0323712852999523,0.0945268585898975,0.0020146701333703,1.0,4.495109988666327,,LAS_DataFrame_4a0055ce_Laser_True_20260725_181938_LAS.csv,,
4a0055ce,2026-07-25 18:58:28.858205,2026-07-25,0.8,0.784,70.41,9.596,12.0,95,2420,59.4,119.16666666666669,0.1247219128924639,24.066666666666663,0.094280904158206,95.1,0.0816496580927737,0.4493963967678061,0.0007183205625303,Data\NafisaData\LAS_0.8Torr_SmallAdmixture_1kHzLaserFreq\OscopeData_Laser_True\Scope_TrialNumber_0_95.00W_0.80Torr_12.00NitrogenFlow_2420.00MHz.csv,True,4a0055ce|Scope_TrialNumber_0_95.00W_0.80Torr_12.00NitrogenFlow_2420.00MHz.csv,763.5647389464445,43.99362734671156,7.635647389464445,44.65134217666432,10569021297.461073,283416737.0502649,1291195319.056657,1321934339.819509,1.3464031117083188,0.0336401852406825,0.0940163469879051,0.0021303460340496,1.0,4.86975284326162,,LAS_DataFrame_4a0055ce_Laser_True_20260725_181938_LAS.csv,,
4a0055ce,2026-07-25 18:58:47.111156,2026-07-25,0.8,0.784,70.4,9.6,12.0,100,2420,60.2,128.0,0.2160246899469229,27.899999999999995,0.0816496580927723,100.09999999999998,0.1632993161855359,0.4668707977181887,0.0004632807992227,Data\NafisaData\LAS_0.8Torr_SmallAdmixture_1kHzLaserFreq\OscopeData_Laser_True\Scope_TrialNumber_0_100.00W_0.80Torr_12.00NitrogenFlow_2420.00MHz.csv,True,4a0055ce|Scope_TrialNumber_0_100.00W_0.80Torr_12.00NitrogenFlow_2420.00MHz.csv,830.6519777022708,57.553400564068525,8.306519777022707,58.14973935706154,11610617249.514915,385524158.0287174,1418444927.1129265,1469903019.820065,1.404305918017389,0.0346136590252802,0.1032818261361982,0.0023321989155968,1.0,5.187926030302423,,LAS_DataFrame_4a0055ce_Laser_True_20260725_181938_LAS.csv,,
4a0055ce,2026-07-25 18:59:05.278593,2026-07-25,0.8,0.784,70.41,9.6,12.0,105,2420,61.4,139.9333333333333,0.3681787005729109,35.03333333333333,0.4496912521077344,104.9,0.2160246899469229,0.5003444100812179,0.0026605786953318,Data\NafisaData\LAS_0.8Torr_SmallAdmixture_1kHzLaserFreq\OscopeData_Laser_True\Scope_TrialNumber_0_105.00W_0.80Torr_12.00NitrogenFlow_2420.00MHz.csv,True,4a0055ce|Scope_TrialNumber_0_105.00W_0.80Torr_12.00NitrogenFlow_2420.00MHz.csv,868.2452345791261,59.70926904514598,8.68245234579126,60.33723384977608,10473055060.984642,340926477.8673101,1279471323.822054,1324113942.149228,1.435731994515551,0.0393022734365888,0.0931626827995418,0.0023322447219031,1.0,5.262883178028543,,LAS_DataFrame_4a0055ce_Laser_True_20260725_181938_LAS.csv,,
4a0055ce,2026-07-25 18:59:23.317503,2026-07-25,0.8,0.784,70.4,9.601,12.0,110,2420,62.9,149.13333333333333,0.1885618083164153,39.13333333333333,0.0471404520791038,110.0,0.2160246899469339,0.5122551373789693,0.0005474610863095,Data\NafisaData\LAS_0.8Torr_SmallAdmixture_1kHzLaserFreq\OscopeData_Laser_True\Scope_TrialNumber_0_110.00W_0.80Torr_12.00NitrogenFlow_2420.00MHz.csv,True,4a0055ce|Scope_TrialNumber_0_110.00W_0.80Torr_12.00NitrogenFlow_2420.00MHz.csv,839.6349182138608,58.64353836344629,8.396349182138609,59.24156709079695,10487304399.387592,346316569.2305999,1281212135.8166296,1327192413.739418,1.4118788094970034,0.0388243887433233,0.0932894372743352,0.0023361409000399,1.0,5.27880168434948,,LAS_DataFrame_4a0055ce_Laser_True_20260725_181938_LAS.csv,,
a8125604,2026-07-26 13:05:01.490836,2026-07-26,0.9,0.902,79.99,0.011,0.0,30,2420,45.8,39.86666666666667,0.0471404520791038,9.866666666666667,0.047140452079103,30.0,2.0511601988091347e-15,0.4974834505932109,0.0008956264605823,Data\NafisaData\LAS_0.9Torr_SmallAdmixture_1kHzLaserFreq\OscopeData_Laser_True\Scope_TrialNumber_0_30.00W_0.90Torr_0.00NitrogenFlow_2420.00MHz.csv,True,a8125604|Scope_TrialNumber_0_30.00W_0.90Torr_0.00NitrogenFlow_2420.00MHz.csv,482.4674315176566,23.897871129866655,4.824674315176567,24.38002721055165,34443566833.79528,846398075.4580075,4207898822.0125113,4292179189.92594,1.0702523136798283,0.0082296234904899,0.3063915039820293,0.0021581137662954,1.0,15.323375502825913,,LAS_DataFrame_a8125604_Laser_True_20260726_130401_LAS.csv,,
a8125604,2026-07-26 13:05:19.618933,2026-07-26,0.9,0.902,80.0,0.009,0.0,35,2420,47.2,43.56666666666666,0.0942809041582076,8.933333333333332,0.2357022603955158,34.63333333333333,0.3299831645537235,0.4527916704860329,0.0064872358230948,Data\NafisaData\LAS_0.9Torr_SmallAdmixture_1kHzLaserFreq\OscopeData_Laser_True\Scope_TrialNumber_0_35.00W_0.90Torr_0.00NitrogenFlow_2420.00MHz.csv,True,a8125604|Scope_TrialNumber_0_35.00W_0.90Torr_0.00NitrogenFlow_2420.00MHz.csv,493.3323848311188,28.318771529575507,4.933323848311188,28.745269265334983,38001321329.37278,1088433175.5509949,4642542278.748281,4768425902.497102,1.0822360268462017,0.0051904241573439,0.3380393805204508,0.0014961101731405,1.0,8.00646174072649,,LAS_DataFrame_a8125604_Laser_True_20260726_130401_LAS.csv,,
a8125604,2026-07-26 13:05:37.576731,2026-07-26,0.9,0.902,80.0,0.013,0.0,40,2420,48.8,52.86666666666667,0.0942809041582076,12.866666666666667,0.094280904158206,40.0,0.0,0.4933308281261035,0.0013645240498945,Data\NafisaData\LAS_0.9Torr_SmallAdmixture_1kHzLaserFreq\OscopeData_Laser_True\Scope_TrialNumber_0_40.00W_0.90Torr_0.00NitrogenFlow_2420.00MHz.csv,True,a8125604|Scope_TrialNumber_0_40.00W_0.90Torr_0.00NitrogenFlow_2420.00MHz.csv,455.5139957941908,34.83933432047009,4.5551399579419085,35.135857979134705,35072103882.28836,1339503203.7509017,4284685884.127989,4489187226.938144,1.039927437984443,0.0051585587609814,0.3119826325816164,0.0014250996470779,1.0,7.791761976339691,,LAS_DataFrame_a8125604_Laser_True_20260726_130401_LAS.csv,,
a8125604,2026-07-26 13:05:55.776338,2026-07-26,0.9,0.903,79.98,0.011,0.0,45,2420,50.6,62.0,0.0,17.0,0.0,45.0,0.0,0.5236349380886428,0.0,Data\NafisaData\LAS_0.9Torr_SmallAdmixture_1kHzLaserFreq\OscopeData_Laser_True\Scope_TrialNumber_0_45.00W_0.90Torr_0.00NitrogenFlow_2420.00MHz.csv,True,a8125604|Scope_TrialNumber_0_45.00W_0.90Torr_0.00NitrogenFlow_2420.00MHz.csv,492.5792672840138,22.786700409061268,4.925792672840138,23.31302530749964,37380538574.308136,860768384.3662429,4566702542.510535,4647116775.302366,1.0814096446064247,0.0060882069206402,0.3325172299578167,0.0017262237027486,1.0,9.887490810285474,,LAS_DataFrame_a8125604_Laser_True_20260726_130401_LAS.csv,,
a8125604,2026-07-26 13:06:13.830525,2026-07-26,0.9,0.903,80.01,-0.004,0.0,50,2420,52.0,68.63333333333333,0.1699673171197563,18.63333333333333,0.1699673171197603,50.0,0.0816496580927679,0.5210411525677761,0.0018340989729267,Data\NafisaData\LAS_0.9Torr_SmallAdmixture_1kHzLaserFreq\OscopeData_Laser_True\Scope_TrialNumber_0_50.00W_0.90Torr_0.00NitrogenFlow_2420.00MHz.csv,True,a8125604|Scope_TrialNumber_0_50.00W_0.90Torr_0.00NitrogenFlow_2420.00MHz.csv,501.66656368397815,24.532967533629645,5.0166656368397815,25.040635577356564,33846591260.795475,823513139.0579137,4134967559.622712,4216174878.884084,1.091339193439463,0.0068810656355631,0.3010811293470633,0.0017521371761329,1.0,10.60704557770724,,LAS_DataFrame_a8125604_Laser_True_20260726_130401_LAS.csv,,
a8125604,2026-07-26 13:06:31.774268,2026-07-26,0.9,0.902,80.0,0.01,0.0,55,2420,53.7,80.16666666666667,0.2054804667656324,25.2,0.0816496580927723,54.96666666666667,0.1247219128924658,0.5606643754127254,0.0002109762484277,Data\NafisaData\LAS_0.9Torr_SmallAdmixture_1kHzLaserFreq\OscopeData_Laser_True\Scope_TrialNumber_0_55.00W_0.90Torr_0.00NitrogenFlow_2420.00MHz.csv,True,a8125604|Scope_TrialNumber_0_55.00W_0.90Torr_0.00NitrogenFlow_2420.00MHz.csv,472.7207164646876,22.980843182661648,4.7272071646468765,23.46200419750144,31999047851.130493,772644448.7429972,3909257029.274318,3984880169.478631,1.059386640548064,0.0076863676425944,0.2846463737164728,0.0019059489948223,1.0,13.042781947218636,,LAS_DataFrame_a8125604_Laser_True_20260726_130401_LAS.csv,,
a8125604,2026-07-26 13:06:49.839228,2026-07-26,0.9,0.903,80.0,0.004,0.0,60,2420,55.5,90.83333333333331,0.1699673171197628,30.866666666666664,0.094280904158206,59.96666666666667,0.262466929133732,0.582938725902101,0.0014262759399755,Data\NafisaData\LAS_0.9Torr_SmallAdmixture_1kHzLaserFreq\OscopeData_Laser_True\Scope_TrialNumber_0_60.00W_0.90Torr_0.00NitrogenFlow_2420.00MHz.csv,True,a8125604|Scope_TrialNumber_0_60.00W_0.90Torr_0.00NitrogenFlow_2420.00MHz.csv,475.940835419971,32.50259220697403,4.75940835419971,32.849208027818186,31576865417.33273,1074134850.677653,3857679880.646699,4004430014.245053,1.0629887264668996,0.0081971294136673,0.2808908651342671,0.0019993684361624,1.0,14.362314115664908,,LAS_DataFrame_a8125604_Laser_True_20260726_130401_LAS.csv,,
a8125604,2026-07-26 13:07:07.971581,2026-07-26,0.9,0.903,80.02,0.01,0.0,65,2420,57.1,101.16666666666669,0.1699673171197628,35.96666666666666,0.1699673171197619,65.19999999999999,0.0816496580927737,0.5962520181680105,0.0009926595951304,Data\NafisaData\LAS_0.9Torr_SmallAdmixture_1kHzLaserFreq\OscopeData_Laser_True\Scope_TrialNumber_0_65.00W_0.90Torr_0.00NitrogenFlow_2420.00MHz.csv,True,a8125604|Scope_TrialNumber_0_65.00W_0.90Torr_0.00NitrogenFlow_2420.00MHz.csv,504.4944036088552,21.896481799404828,5.044944036088552,22.470144092082105,30588110823.51549,655800163.472222,3736885791.269732,3793993841.7719927,1.0944107512549033,0.0096659909434813,0.2720954343784849,0.0022224805103137,1.0,17.20670773544602,,LAS_DataFrame_a8125604_Laser_True_20260726_130401_LAS.csv,,
a8125604,2026-07-26 13:07:25.963339,2026-07-26,0.9,0.903,80.0,0.007,0.0,70,2420,58.8,112.16666666666669,0.4027681991198228,42.13333333333333,0.3091206165165212,70.03333333333335,0.094280904158211,0.6128826257842546,0.0011523129970563,Data\NafisaData\LAS_0.9Torr_SmallAdmixture_1kHzLaserFreq\OscopeData_Laser_True\Scope_TrialNumber_0_70.00W_0.90Torr_0.00NitrogenFlow_2420.00MHz.csv,True,a8125604|Scope_TrialNumber_0_70.00W_0.90Torr_0.00NitrogenFlow_2420.00MHz.csv,509.589911019161,22.87048940592035,5.09589911019161,23.431335288616538,30142460748.55135,666101906.7340798,3682441649.798546,3742200990.63717,1.0999237634353964,0.0111887213580952,0.2681311702424027,0.0025189946342946,1.0,21.577512581101704,,LAS_DataFrame_a8125604_Laser_True_20260726_130401_LAS.csv,,
a8125604,2026-07-26 13:07:44.052283,2026-07-26,0.9,0.903,80.01,0.01,0.0,75,2420,60.3,123.2,0.2160246899469273,48.03333333333333,0.1247219128924665,75.16666666666667,0.1699673171197628,0.6244042323844057,0.0006378000972406,Data\NafisaData\LAS_0.9Torr_SmallAdmixture_1kHzLaserFreq\OscopeData_Laser_True\Scope_TrialNumber_0_75.00W_0.90Torr_0.00NitrogenFlow_2420.00MHz.csv,True,a8125604|Scope_TrialNumber_0_75.00W_0.90Torr_0.00NitrogenFlow_2420.00MHz.csv,530.0581733557475,30.9070775880021,5.300581733557475,31.358310090706496,29459996060.03425,832501881.3090855,3599066360.220275,3694095024.1774216,1.1217961421576526,0.022078312515783,0.2620603302699229,0.0048031126231464,1.0,70.17750524204848,,LAS_DataFrame_a8125604_Laser_True_20260726_130401_LAS.csv,,
a8125604,2026-07-26 13:08:02.283507,2026-07-26,0.9,0.903,80.01,0.004,0.0,80,2420,61.8,133.79999999999998,0.1632993161855475,53.9,0.2160246899469295,79.89999999999999,0.2449489742783155,0.6346957593631543,0.0012565155856848,Data\NafisaData\LAS_0.9Torr_SmallAdmixture_1kHzLaserFreq\OscopeData_Laser_True\Scope_TrialNumber_0_80.00W_0.90Torr_0.00NitrogenFlow_2420.00MHz.csv,True,a8125604|Scope_TrialNumber_0_80.00W_0.90Torr_0.00NitrogenFlow_2420.00MHz.csv,522.7119198133041,32.04433408171388,5.227119198133042,32.46786290860519,29254722219.293983,875034170.9112797,3573988482.635499,3679548678.06822,1.1139953453891809,0.0203894907986086,0.2602343242381995,0.0044325153419368,1.0,56.41543574477165,,LAS_DataFrame_a8125604_Laser_True_20260726_130401_LAS.csv,,
a8125604,2026-07-26 13:08:20.352447,2026-07-26,0.9,0.903,80.0,-0.001,0.0,85,2420,63.1,143.79999999999998,0.3559026084010501,59.16666666666666,0.3399346342395173,84.63333333333334,0.3858612300930142,0.6414424725921469,0.0017040503932796,Data\NafisaData\LAS_0.9Torr_SmallAdmixture_1kHzLaserFreq\OscopeData_Laser_True\Scope_TrialNumber_0_85.00W_0.90Torr_0.00NitrogenFlow_2420.00MHz.csv,True,a8125604|Scope_TrialNumber_0_85.00W_0.90Torr_0.00NitrogenFlow_2420.00MHz.csv,529.8780357912815,30.99477095377443,5.298780357912815,31.44444147632999,30606164144.659664,886464034.5144001,3739091327.9129767,3842736322.3309474,1.121605507613451,0.0125366184604038,0.2722560270442772,0.0028350094558384,1.0,22.980941047137076,,LAS_DataFrame_a8125604_Laser_True_20260726_130401_LAS.csv,,
a8125604,2026-07-26 13:08:38.421199,2026-07-26,0.9,0.903,80.0,0.005,0.0,90,2420,63.5,142.5,18.592650877878235,54.66666666666666,3.2314427462392423,87.83333333333333,16.30262419230583,0.6220003254250323,0.0274153230168248,Data\NafisaData\LAS_0.9Torr_SmallAdmixture_1kHzLaserFreq\OscopeData_Laser_True\Scope_TrialNumber_0_90.00W_0.90Torr_0.00NitrogenFlow_2420.00MHz.csv,True,a8125604|Scope_TrialNumber_0_90.00W_0.90Torr_0.00NitrogenFlow_2420.00MHz.csv,587.5376693391488,40.47691204497879,5.875376693391488,40.90110585285191,32502386957.47787,1083967424.5938976,3970748919.556536,4116045718.8593183,1.1810547549135348,0.0284582143308296,0.2891238085463472,0.0065056315393578,1.0,106.19576471173382,,LAS_DataFrame_a8125604_Laser_True_20260726_130401_LAS.csv,,
a8125604,2026-07-26 13:08:56.592083,2026-07-26,0.9,0.903,80.01,-0.002,0.0,95,2420,63.6,134.20000000000002,15.772761330851363,48.866666666666674,7.665652106782713,85.33333333333336,13.768643925803136,0.6036391725364472,0.041600060419191,Data\NafisaData\LAS_0.9Torr_SmallAdmixture_1kHzLaserFreq\OscopeData_Laser_True\Scope_TrialNumber_0_95.00W_0.90Torr_0.00NitrogenFlow_2420.00MHz.csv,True,a8125604|Scope_TrialNumber_0_95.00W_0.90Torr_0.00NitrogenFlow_2420.00MHz.csv,553.3127417059982,31.93305518643656,5.533127417059982,32.40888014963529,29253130520.853867,831312894.5618035,3573794028.1522136,3669207664.376759,1.1461395788488058,0.0161388726091769,0.2602201653422493,0.0034243575777739,1.0,31.918697435258668,,LAS_DataFrame_a8125604_Laser_True_20260726_130401_LAS.csv,,
a8125604,2026-07-26 13:09:14.491333,2026-07-26,0.9,0.903,80.0,-0.006,0.0,100,2420,63.7,165.4333333333333,8.63108078722216,54.633333333333326,5.430981085913997,110.8,3.2124756808418007,0.5737920316711741,0.0136999129975132,Data\NafisaData\LAS_0.9Torr_SmallAdmixture_1kHzLaserFreq\OscopeData_Laser_True\Scope_TrialNumber_0_100.00W_0.90Torr_0.00NitrogenFlow_2420.00MHz.csv,True,a8125604|Scope_TrialNumber_0_100.00W_0.90Torr_0.00NitrogenFlow_2420.00MHz.csv,558.6401550597582,25.901782709220814,5.586401550597582,26.49736269518553,31113310757.55682,690222512.9289258,3801048373.340215,3863207974.446395,1.1516439995858945,0.0213101864644412,0.2767673314110622,0.0047704754127884,1.0,57.99555732236731,,LAS_DataFrame_a8125604_Laser_True_20260726_130401_LAS.csv,,
a8125604,2026-07-26 13:09:32.600348,2026-07-26,0.9,0.903,79.98,0.006,0.0,105,2420,63.5,152.03333333333333,0.1247219128924576,46.9,0.0816496580927737,105.13333333333333,0.205480466765627,0.5554143674601928,0.0007084249924986,Data\NafisaData\LAS_0.9Torr_SmallAdmixture_1kHzLaserFreq\OscopeData_Laser_True\Scope_TrialNumber_0_105.00W_0.90Torr_0.00NitrogenFlow_2420.00MHz.csv,True,a8125604|Scope_TrialNumber_0_105.00W_0.90Torr_0.00NitrogenFlow_2420.00MHz.csv,583.1138463510385,27.85232981442445,5.831138463510386,28.45618477364995,31978899945.579018,748914709.175112,3906795601.616574,3977929752.324625,1.1766000198848603,0.0152539063731998,0.2844671487507834,0.0034390741486745,1.0,30.25732129053053,,LAS_DataFrame_a8125604_Laser_True_20260726_130401_LAS.csv,,
a8125604,2026-07-26 13:09:50.711133,2026-07-26,0.9,0.903,79.99,-0.007,0.0,110,2420,63.8,164.06666666666666,0.3299831645537264,54.26666666666667,0.2054804667656324,109.8,0.1414213562373115,0.5751160344328843,0.0005505228794342,Data\NafisaData\LAS_0.9Torr_SmallAdmixture_1kHzLaserFreq\OscopeData_Laser_True\Scope_TrialNumber_0_110.00W_0.90Torr_0.00NitrogenFlow_2420.00MHz.csv,True,a8125604|Scope_TrialNumber_0_110.00W_0.90Torr_0.00NitrogenFlow_2420.00MHz.csv,578.7649148338355,26.340420467924808,5.787649148338355,26.968771442009253,31583136182.833115,702036069.6561768,3858445967.0073113,3921792947.544946,1.172204197872451,0.0156828922673369,0.2809466465021508,0.0035007685903711,1.0,31.71001238259836,,LAS_DataFrame_a8125604_Laser_True_20260726_130401_LAS.csv,,
a8125604,2026-07-26 13:10:41.342653,2026-07-26,0.9,0.901,78.39,1.615,2.0,30,2420,59.9,36.8,0.0,6.8,0.0,30.0,0.0,0.4298634768105476,0.0,Data\NafisaData\LAS_0.9Torr_SmallAdmixture_1kHzLaserFreq\OscopeData_Laser_True\Scope_TrialNumber_0_30.00W_0.90Torr_2.00NitrogenFlow_2420.00MHz.csv,True,a8125604|Scope_TrialNumber_0_30.00W_0.90Torr_2.00NitrogenFlow_2420.00MHz.csv,518.00060880467,24.29937455984382,5.1800060880467,24.845363089956763,24475367046.557167,558527567.1146295,2990104615.4859986,3041821601.4055886,1.1089636461738166,0.0163656962132991,0.217719743024667,0.0029884328168916,1.0,26.82180741864041,,LAS_DataFrame_a8125604_Laser_True_20260726_130401_LAS.csv,,
a8125604,2026-07-26 13:10:59.433268,2026-07-26,0.9,0.901,78.39,1.61,2.0,35,2420,56.9,42.73333333333333,0.0471404520791004,7.7,0.0,35.03333333333333,0.0471404520791004,0.4244848310996036,0.0002339943131634,Data\NafisaData\LAS_0.9Torr_SmallAdmixture_1kHzLaserFreq\OscopeData_Laser_True\Scope_TrialNumber_0_35.00W_0.90Torr_2.00NitrogenFlow_2420.00MHz.csv,True,a8125604|Scope_TrialNumber_0_35.00W_0.90Torr_2.00NitrogenFlow_2420.00MHz.csv,669.1708749707907,29.29405404108272,6.691708749707907,30.04863671038658,26336054709.695705,563246733.5474526,3217420951.9047823,3266350327.905405,1.2604356829676444,0.0169575547471181,0.2342714228869992,0.0029568716510334,1.0,21.23407144847555,,LAS_DataFrame_a8125604_Laser_True_20260726_130401_LAS.csv,,
a8125604,2026-07-26 13:11:17.522251,2026-07-26,0.9,0.901,78.4,1.602,2.0,40,2420,56.1,49.20000000000001,7.105427357601002e-15,9.3,0.0,39.900000000000006,0.0,0.4347693529262411,0.0,Data\NafisaData\LAS_0.9Torr_SmallAdmixture_1kHzLaserFreq\OscopeData_Laser_True\Scope_TrialNumber_0_40.00W_0.90Torr_2.00NitrogenFlow_2420.00MHz.csv,True,a8125604|Scope_TrialNumber_0_40.00W_0.90Torr_2.00NitrogenFlow_2420.00MHz.csv,509.4086127441419,34.54629271987211,5.094086127441419,34.91985186338682,28346594979.826477,930821850.9167944,3463044469.2110987,3585959608.5117507,1.0997280845018509,0.0250850811577121,0.2521561111991686,0.0053420152968102,1.0,92.85927799601885,,LAS_DataFrame_a8125604_Laser_True_20260726_130401_LAS.csv,,
a8125604,2026-07-26 13:11:35.634317,2026-07-26,0.9,0.901,78.41,1.586,2.0,45,2420,55.9,56.03333333333334,0.1247219128924664,11.0,0.0,45.03333333333334,0.1247219128924664,0.4430716061320733,0.0004927932557806,Data\NafisaData\LAS_0.9Torr_SmallAdmixture_1kHzLaserFreq\OscopeData_Laser_True\Scope_TrialNumber_0_45.00W_0.90Torr_2.00NitrogenFlow_2420.00MHz.csv,True,a8125604|Scope_TrialNumber_0_45.00W_0.90Torr_2.00NitrogenFlow_2420.00MHz.csv,539.2338612644238,24.97399484883369,5.392338612644238,25.549515346146705,30638715703.91957,701832149.0985713,3743068084.1103063,3808297132.288068,1.13146403085142,0.0106200406807149,0.2725455882632627,0.0023849402202016,1.0,16.634246355991607,,LAS_DataFrame_a8125604_Laser_True_20260726_130401_LAS.csv,,
a8125604,2026-07-26 13:11:53.742365,2026-07-26,0.9,0.902,78.4,1.606,2.0,50,2420,56.5,66.46666666666667,0.0471404520791004,16.533333333333335,0.0471404520791038,49.93333333333334,0.0471404520791021,0.4987441245958977,0.0006406634803155,Data\NafisaData\LAS_0.9Torr_SmallAdmixture_1kHzLaserFreq\OscopeData_Laser_True\Scope_TrialNumber_0_50.00W_0.90Torr_2.00NitrogenFlow_2420.00MHz.csv,True,a8125604|Scope_TrialNumber_0_50.00W_0.90Torr_2.00NitrogenFlow_2420.00MHz.csv,565.8793596245764,32.44208012449688,5.658793596245764,32.93190713835425,24859887085.817684,704628056.870705,3037080627.8151565,3117749098.04806,1.1590818386508015,0.0134791190409899,0.2211402271373827,0.0023912263702492,1.0,16.702138442770256,,LAS_DataFrame_a8125604_Laser_True_20260726_130401_LAS.csv,,
a8125604,2026-07-26 13:12:11.762771,2026-07-26,0.9,0.902,78.4,1.596,2.0,55,2420,57.2,73.93333333333334,0.0471404520791004,18.9,0.0,55.03333333333334,0.0471404520791004,0.5056043767224702,0.0001611341179644,Data\NafisaData\LAS_0.9Torr_SmallAdmixture_1kHzLaserFreq\OscopeData_Laser_True\Scope_TrialNumber_0_55.00W_0.90Torr_2.00NitrogenFlow_2420.00MHz.csv,True,a8125604|Scope_TrialNumber_0_55.00W_0.90Torr_2.00NitrogenFlow_2420.00MHz.csv,511.7012973422124,36.51812399314004,5.117012973422124,36.87488578624374,23132986501.044518,818414395.9148114,2826108780.1123834,2942225851.369828,1.1022000677199917,0.0138868314461882,0.2057786453955943,0.0024095470629763,1.0,18.12105058386423,,LAS_DataFrame_a8125604_Laser_True_20260726_130401_LAS.csv,,
a8125604,2026-07-26 13:12:29.831919,2026-07-26,0.9,0.901,78.41,1.589,2.0,60,2420,57.8,79.26666666666667,0.4189935029992181,19.8,0.0,59.46666666666668,0.4189935029992181,0.4997949421071277,0.0013232810534986,Data\NafisaData\LAS_0.9Torr_SmallAdmixture_1kHzLaserFreq\OscopeData_Laser_True\Scope_TrialNumber_0_60.00W_0.90Torr_2.00NitrogenFlow_2420.00MHz.csv,True,a8125604|Scope_TrialNumber_0_60.00W_0.90Torr_2.00NitrogenFlow_2420.00MHz.csv,579.3546702467504,38.65396656516544,5.793546702467504,39.08573031957571,27052410315.295525,895171333.08539,3304936624.236021,3424023628.101077,1.1728012777336452,0.0137323869946214,0.240643738287573,0.0026274379062441,1.0,17.57841498780039,,LAS_DataFrame_a8125604_Laser_True_20260726_130401_LAS.csv,,
a8125604,2026-07-26 13:12:47.880715,2026-07-26,0.9,0.902,78.4,1.601,2.0,65,2420,57.9,81.03333333333332,0.4027681991198162,15.866666666666667,0.1699673171197603,65.16666666666667,0.2494438257849279,0.4424899181226148,0.0013825427140046,Data\NafisaData\LAS_0.9Torr_SmallAdmixture_1kHzLaserFreq\OscopeData_Laser_True\Scope_TrialNumber_0_65.00W_0.90Torr_2.00NitrogenFlow_2420.00MHz.csv,True,a8125604|Scope_TrialNumber_0_65.00W_0.90Torr_2.00NitrogenFlow_2420.00MHz.csv,562.9985252170435,32.46895902154038,5.629985252170435,32.95345253356809,28032303714.480846,804286194.0971118,3424648159.920649,3517824796.840102,1.15612769001371,0.0111502024292361,0.24936034460675,0.0022950907503114,1.0,14.099011836197953,,LAS_DataFrame_a8125604_Laser_True_20260726_130401_LAS.csv,,
a8125604,2026-07-26 13:13:05.889039,2026-07-26,0.9,0.901,78.41,1.603,2.0,70,2420,58.3,90.3,0.0,20.433333333333334,0.0471404520791038,69.86666666666666,0.0471404520791071,0.4756915600665151,0.0005484960958448,Data\NafisaData\LAS_0.9Torr_SmallAdmixture_1kHzLaserFreq\OscopeData_Laser_True\Scope_TrialNumber_0_70.00W_0.90Torr_2.00NitrogenFlow_2420.00MHz.csv,True,a8125604|Scope_TrialNumber_0_70.00W_0.90Torr_2.00NitrogenFlow_2420.00MHz.csv,571.7732396255344,29.390421120234954,5.717732396255344,29.941431451751612,28664234510.5606,730603593.4754449,3501849829.11039,3577252274.6431656,1.1651023737311086,0.0108264347003261,0.2549816621653444,0.0022148780810913,1.0,14.100560438770716,,LAS_DataFrame_a8125604_Laser_True_20260726_130401_LAS.csv,,
a8125604,2026-07-26 13:13:23.927146,2026-07-26,0.9,0.902,78.4,1.599,2.0,75,2420,59.1,99.7,0.0816496580927737,24.8,0.0816496580927723,74.89999999999999,1.1603114287023092e-14,0.4987437763296984,0.000616792996473,Data\NafisaData\LAS_0.9Torr_SmallAdmixture_1kHzLaserFreq\OscopeData_Laser_True\Scope_TrialNumber_0_75.00W_0.90Torr_2.00NitrogenFlow_2420.00MHz.csv,True,a8125604|Scope_TrialNumber_0_75.00W_0.90Torr_2.00NitrogenFlow_2420.00MHz.csv,585.8985439118043,35.41251910406201,5.858985439118043,35.8939301229519,29235303620.939457,878602819.5390162,3571616152.9190254,3678095275.858689,1.1794061380932728,0.0108237082769681,0.2600615867983236,0.0022386861907441,1.0,13.844813937832882,,LAS_DataFrame_a8125604_Laser_True_20260726_130401_LAS.csv,,
a8125604,2026-07-26 13:13:41.906850,2026-07-26,0.9,0.902,78.39,1.616,2.0,80,2420,60.1,110.7,0.0816496580927737,30.566666666666663,0.1247219128924652,80.13333333333333,0.0471404520791004,0.5254714116072555,0.0008830595759249,Data\NafisaData\LAS_0.9Torr_SmallAdmixture_1kHzLaserFreq\OscopeData_Laser_True\Scope_TrialNumber_0_80.00W_0.90Torr_2.00NitrogenFlow_2420.00MHz.csv,True,a8125604|Scope_TrialNumber_0_80.00W_0.90Torr_2.00NitrogenFlow_2420.00MHz.csv,547.3115228159348,30.00253024707965,5.473115228159348,30.49765255765825,28236762103.78035,771692348.4311646,3449626415.501305,3534887761.6059594,1.1399071300897996,0.0083597160798898,0.2511790968196524,0.001765819534265,1.0,9.057746383125844,,LAS_DataFrame_a8125604_Laser_True_20260726_130401_LAS.csv,,
a8125604,2026-07-26 13:13:59.854963,2026-07-26,0.9,0.902,78.41,1.596,2.0,85,2420,61.2,120.2,0.0816496580927737,35.2,0.0816496580927708,85.0,0.0816496580927737,0.541151411465021,0.0005589084864653,Data\NafisaData\LAS_0.9Torr_SmallAdmixture_1kHzLaserFreq\OscopeData_Laser_True\Scope_TrialNumber_0_85.00W_0.90Torr_2.00NitrogenFlow_2420.00MHz.csv,True,a8125604|Scope_TrialNumber_0_85.00W_0.90Torr_2.00NitrogenFlow_2420.00MHz.csv,602.6331895917591,35.45302122198228,6.026331895917592,35.961554330786086,30414211046.21477,890639339.2469237,3715640817.670368,3820893235.6914015,1.1961308663576522,0.0095644716543037,0.2705485151942317,0.0020286409364737,1.0,11.536547558156157,,LAS_DataFrame_a8125604_Laser_True_20260726_130401_LAS.csv,,
a8125604,2026-07-26 13:14:17.923885,2026-07-26,0.9,0.902,78.4,1.596,2.0,90,2420,62.0,124.73333333333332,0.0471404520791004,34.666666666666664,0.0942809041582043,90.06666666666666,0.1247219128924576,0.5271867129957957,0.0007712135901463,Data\NafisaData\LAS_0.9Torr_SmallAdmixture_1kHzLaserFreq\OscopeData_Laser_True\Scope_TrialNumber_0_90.00W_0.90Torr_2.00NitrogenFlow_2420.00MHz.csv,True,a8125604|Scope_TrialNumber_0_90.00W_0.90Torr_2.00NitrogenFlow_2420.00MHz.csv,592.7317325390047,32.276987448576094,5.927317325390048,32.81671844397925,30187564972.157013,819496922.7617946,3687951938.854668,3777904804.21595,1.1862637612220852,0.0087627649858924,0.2685323932334235,0.0019024113743124,1.0,10.199532642262763,,LAS_DataFrame_a8125604_Laser_True_20260726_130401_LAS.csv,,
a8125604,2026-07-26 13:14:36.063762,2026-07-26,0.9,0.902,78.41,1.592,2.0,95,2420,63.1,135.5666666666667,0.1699673171197628,40.56666666666666,0.0471404520791038,95.0,0.1632993161855475,0.5470264697182362,0.0003978652216565,Data\NafisaData\LAS_0.9Torr_SmallAdmixture_1kHzLaserFreq\OscopeData_Laser_True\Scope_TrialNumber_0_95.00W_0.90Torr_2.00NitrogenFlow_2420.00MHz.csv,True,a8125604|Scope_TrialNumber_0_95.00W_0.90Torr_2.00NitrogenFlow_2420.00MHz.csv,604.7676015571046,29.52025713370636,6.047676015571047,30.133369649434407,29288891643.45571,712308180.4109522,3578162890.0182414,3648373968.137594,1.1982472279188408,0.0085716968005375,0.2605382771159497,0.0017856409676229,1.0,9.297840861925732,,LAS_DataFrame_a8125604_Laser_True_20260726_130401_LAS.csv,,
a8125604,2026-07-26 13:14:54.162175,2026-07-26,0.9,0.902,78.41,1.607,2.0,100,2420,64.4,147.29999999999998,0.1632993161855475,47.46666666666667,0.3299831645537211,99.83333333333331,0.1699673171197628,0.5676618983113485,0.0016610964170649,Data\NafisaData\LAS_0.9Torr_SmallAdmixture_1kHzLaserFreq\OscopeData_Laser_True\Scope_TrialNumber_0_100.00W_0.90Torr_2.00NitrogenFlow_2420.00MHz.csv,True,a8125604|Scope_TrialNumber_0_100.00W_0.90Torr_2.00NitrogenFlow_2420.00MHz.csv,594.355144827684,21.723212751929985,5.94355144827684,22.52162907260324,28783359571.51478,524279743.5102938,3516403089.696905,3555272132.859194,1.187887158655777,0.0066043564236686,0.2560413348398914,0.0013722532588299,1.0,6.006467599808438,,LAS_DataFrame_a8125604_Laser_True_20260726_130401_LAS.csv,,
a8125604,2026-07-26 13:15:12.331018,2026-07-26,0.9,0.902,78.39,1.596,2.0,105,2420,65.9,160.16666666666666,0.1699673171197628,55.2,0.2160246899469284,104.96666666666664,0.0942809041582009,0.5870598973191078,0.0008749066337218,Data\NafisaData\LAS_0.9Torr_SmallAdmixture_1kHzLaserFreq\OscopeData_Laser_True\Scope_TrialNumber_0_105.00W_0.90Torr_2.00NitrogenFlow_2420.00MHz.csv,True,a8125604|Scope_TrialNumber_0_105.00W_0.90Torr_2.00NitrogenFlow_2420.00MHz.csv,611.6468611898036,32.52943388021071,6.1164686118980365,33.099475174802,28826556304.924686,764949419.4146413,3521680344.6486773,3603800780.3078713,1.205043015975395,0.0073932446512834,0.2564255898208124,0.0015104714651817,1.0,7.484872596346273,,LAS_DataFrame_a8125604_Laser_True_20260726_130401_LAS.csv,,
a8125604,2026-07-26 13:15:30.422632,2026-07-26,0.9,0.902,78.39,1.602,2.0,110,2420,67.7,172.5666666666667,0.3299831645537302,62.5,0.432049379893858,110.06666666666668,0.1247219128924588,0.6018082509067344,0.001521738014431,Data\NafisaData\LAS_0.9Torr_SmallAdmixture_1kHzLaserFreq\OscopeData_Laser_True\Scope_TrialNumber_0_110.00W_0.90Torr_2.00NitrogenFlow_2420.00MHz.csv,True,a8125604|Scope_TrialNumber_0_110.00W_0.90Torr_2.00NitrogenFlow_2420.00MHz.csv,579.0963877993169,22.799443951095625,5.7909638779931685,23.523390638157856,27936557984.278774,548251120.2415411,3412951103.4783206,3456705733.1482515,1.172539824975933,0.0066366139796038,0.2485086419239812,0.0013533512890263,1.0,6.19785845294601,,LAS_DataFrame_a8125604_Laser_True_20260726_130401_LAS.csv,,
a8125604,2026-07-26 13:16:21.045952,2026-07-26,0.9,0.901,76.79,3.208,4.0,30,2420,60.4,37.23333333333333,0.0471404520791004,7.2,0.0,30.03333333333333,0.0471404520791004,0.439744635230349,0.0002781897146859,Data\NafisaData\LAS_0.9Torr_SmallAdmixture_1kHzLaserFreq\OscopeData_Laser_True\Scope_TrialNumber_0_30.00W_0.90Torr_4.00NitrogenFlow_2420.00MHz.csv,True,a8125604|Scope_TrialNumber_0_30.00W_0.90Torr_4.00NitrogenFlow_2420.00MHz.csv,567.9746565324181,24.456541305275184,5.679746565324181,25.107407943930475,14228912752.374142,305475388.75693595,1738316635.386526,1764953239.606572,1.1612257378528117,0.00659373454402,0.1265727791568737,0.0006888755281774,1.0,2.758208034495425,,LAS_DataFrame_a8125604_Laser_True_20260726_130401_LAS.csv,,
a8125604,2026-07-26 13:16:39.112023,2026-07-26,0.9,0.9,76.79,3.186,4.0,35,2420,57.6,43.23333333333333,0.0471404520791004,8.166666666666666,0.047140452079103,35.06666666666666,0.0471404520791021,0.4346213868548453,0.0011559264597849,Data\NafisaData\LAS_0.9Torr_SmallAdmixture_1kHzLaserFreq\OscopeData_Laser_True\Scope_TrialNumber_0_35.00W_0.90Torr_4.00NitrogenFlow_2420.00MHz.csv,True,a8125604|Scope_TrialNumber_0_35.00W_0.90Torr_4.00NitrogenFlow_2420.00MHz.csv,576.5905933887162,19.28308274189772,5.765905933887162,20.126672632834985,16195682108.568184,269369313.23531544,1978592751.3019955,1996844786.761772,1.1700002399516929,0.007229857906938,0.1440681048859965,0.000854753387637,1.0,3.369839307774152,,LAS_DataFrame_a8125604_Laser_True_20260726_130401_LAS.csv,,
a8125604,2026-07-26 13:16:57.264991,2026-07-26,0.9,0.901,76.79,3.207,4.0,40,2420,56.7,49.29999999999999,0.0816496580927708,9.3,0.0,40.0,0.0816496580927679,0.434328633299825,0.0003596638215349,Data\NafisaData\LAS_0.9Torr_SmallAdmixture_1kHzLaserFreq\OscopeData_Laser_True\Scope_TrialNumber_0_40.00W_0.90Torr_4.00NitrogenFlow_2420.00MHz.csv,True,a8125604|Scope_TrialNumber_0_40.00W_0.90Torr_4.00NitrogenFlow_2420.00MHz.csv,543.9675880846839,32.14193052215743,5.439675880846839,32.598984207791844,16332388909.659618,481200248.0542987,1995293936.462335,2052498860.3190207,1.136419522956639,0.0089082213735982,0.1452841752945316,0.0010936538647489,1.0,4.671433049338865,,LAS_DataFrame_a8125604_Laser_True_20260726_130401_LAS.csv,,
a8125604,2026-07-26 13:17:15.262189,2026-07-26,0.9,0.901,76.79,3.19,4.0,45,2420,56.5,55.366666666666674,0.1699673171197595,10.433333333333334,0.047140452079103,44.93333333333334,0.1885618083164137,0.4340984089456552,0.0013277283545619,Data\NafisaData\LAS_0.9Torr_SmallAdmixture_1kHzLaserFreq\OscopeData_Laser_True\Scope_TrialNumber_0_45.00W_0.90Torr_4.00NitrogenFlow_2420.00MHz.csv,True,a8125604|Scope_TrialNumber_0_45.00W_0.90Torr_4.00NitrogenFlow_2420.00MHz.csv,608.168732462338,36.14398213738029,6.08168732462338,36.652071775845776,18309326472.986,540473618.3827113,2236812281.0651126,2301182503.1690583,1.2016118938302265,0.0142859246121732,0.1628699519427218,0.001854963035591,1.0,11.52828133479668,,LAS_DataFrame_a8125604_Laser_True_20260726_130401_LAS.csv,,
a8125604,2026-07-26 13:17:33.301797,2026-07-26,0.9,0.9,76.8,3.199,4.0,50,2420,56.5,61.4,0.1414213562373115,11.433333333333332,0.047140452079103,49.96666666666666,0.1699673171197619,0.4315217624902113,0.0012157793027269,Data\NafisaData\LAS_0.9Torr_SmallAdmixture_1kHzLaserFreq\OscopeData_Laser_True\Scope_TrialNumber_0_50.00W_0.90Torr_4.00NitrogenFlow_2420.00MHz.csv,True,a8125604|Scope_TrialNumber_0_50.00W_0.90Torr_4.00NitrogenFlow_2420.00MHz.csv,568.274952696824,36.06369794301949,5.68274952696824,36.50868323442528,19007335746.940426,593513835.9906385,2322086620.2704463,2396736311.2264447,1.1615326754521167,0.0215697255224265,0.1690790682131791,0.0029914701218413,1.0,32.89616548543579,,LAS_DataFrame_a8125604_Laser_True_20260726_130401_LAS.csv,,
a8125604,2026-07-26 13:17:51.508921,2026-07-26,0.9,0.9,76.79,3.204,4.0,55,2420,56.7,67.83333333333333,0.1885618083164086,12.9,0.0,54.93333333333334,0.1885618083164086,0.4360883975730193,0.0006052242033991,Data\NafisaData\LAS_0.9Torr_SmallAdmixture_1kHzLaserFreq\OscopeData_Laser_True\Scope_TrialNumber_0_55.00W_0.90Torr_4.00NitrogenFlow_2420.00MHz.csv,True,a8125604|Scope_TrialNumber_0_55.00W_0.90Torr_4.00NitrogenFlow_2420.00MHz.csv,571.1844497810707,25.17406469805309,5.711844497810708,25.81392455611764,20636105209.0233,444684163.64003646,2521069993.098831,2559987874.091512,1.164502330660716,0.0182471745067741,0.1835677280995276,0.0027490385917093,1.0,25.487719610550464,,LAS_DataFrame_a8125604_Laser_True_20260726_130401_LAS.csv,,
a8125604,2026-07-26 13:18:09.566517,2026-07-26,0.9,0.9,76.8,3.216,4.0,60,2420,57.1,74.76666666666667,0.0471404520791004,14.833333333333334,0.047140452079103,59.93333333333334,0.0942809041582043,0.4454152716373916,0.0008479929216624,Data\NafisaData\LAS_0.9Torr_SmallAdmixture_1kHzLaserFreq\OscopeData_Laser_True\Scope_TrialNumber_0_60.00W_0.90Torr_4.00NitrogenFlow_2420.00MHz.csv,True,a8125604|Scope_TrialNumber_0_60.00W_0.90Torr_4.00NitrogenFlow_2420.00MHz.csv,583.5678329721558,25.837846899261923,5.835678329721558,26.48866689657448,21359007610.867645,465675564.86567855,2609385473.891784,2650612435.470417,1.1770579551086318,0.016483820127554,0.1899982802894939,0.002558820761814,1.0,16.826667494444735,,LAS_DataFrame_a8125604_Laser_True_20260726_130401_LAS.csv,,
a8125604,2026-07-26 13:18:27.568039,2026-07-26,0.9,0.901,76.8,3.194,4.0,65,2420,57.9,85.89999999999999,0.0816496580927737,20.966666666666665,0.0471404520791038,64.93333333333334,0.0471404520791004,0.4940464521247497,0.0003714158448351,Data\NafisaData\LAS_0.9Torr_SmallAdmixture_1kHzLaserFreq\OscopeData_Laser_True\Scope_TrialNumber_0_65.00W_0.90Torr_4.00NitrogenFlow_2420.00MHz.csv,True,a8125604|Scope_TrialNumber_0_65.00W_0.90Torr_4.00NitrogenFlow_2420.00MHz.csv,648.8986233179077,33.27553142399712,6.488986233179077,33.90232932828964,19214215896.00733,488492601.155205,2347360737.197914,2397650402.3567977,1.2411966670898582,0.0165841259146335,0.1709193631025703,0.002211879745471,1.0,11.683336023667373,,LAS_DataFrame_a8125604_Laser_True_20260726_130401_LAS.csv,,
a8125604,2026-07-26 13:18:45.579349,2026-07-26,0.9,0.901,76.82,3.205,4.0,70,2420,58.9,94.63333333333333,0.2357022603955158,24.600000000000005,0.0816496580927723,70.03333333333332,0.1699673171197563,0.5098531652240056,0.0004334575505428,Data\NafisaData\LAS_0.9Torr_SmallAdmixture_1kHzLaserFreq\OscopeData_Laser_True\Scope_TrialNumber_0_70.00W_0.90Torr_4.00NitrogenFlow_2420.00MHz.csv,True,a8125604|Scope_TrialNumber_0_70.00W_0.90Torr_4.00NitrogenFlow_2420.00MHz.csv,614.2936782791684,30.49848961857984,6.142936782791684,31.110987469574106,18739434675.770584,460758486.01314765,2289357704.382287,2335263814.0149527,1.2076475297360147,0.0148973247965905,0.166695963916513,0.001975836648404,1.0,10.46745396450705,,LAS_DataFrame_a8125604_Laser_True_20260726_130401_LAS.csv,,
a8125604,2026-07-26 13:19:03.621124,2026-07-26,0.9,0.901,76.79,3.207,4.0,75,2420,59.8,101.56666666666666,0.2054804667656324,26.600000000000005,3.552713678800501e-15,74.96666666666665,0.2054804667656331,0.5117594670333604,0.0005178619017599,Data\NafisaData\LAS_0.9Torr_SmallAdmixture_1kHzLaserFreq\OscopeData_Laser_True\Scope_TrialNumber_0_75.00W_0.90Torr_4.00NitrogenFlow_2420.00MHz.csv,True,a8125604|Scope_TrialNumber_0_75.00W_0.90Torr_4.00NitrogenFlow_2420.00MHz.csv,632.4902167029414,26.27777639973652,6.324902167029414,27.028243004994664,18749373520.30687,383821629.92505217,2290571912.318945,2322506992.261335,1.2254033985599937,0.0160185366994425,0.1667843745488964,0.0020992233763446,1.0,11.082840938877718,,LAS_DataFrame_a8125604_Laser_True_20260726_130401_LAS.csv,,
a8125604,2026-07-26 13:19:21.618475,2026-07-26,0.9,0.901,76.8,3.199,4.0,80,2420,60.5,107.73333333333336,0.124721912892469,27.866666666666664,0.0471404520791021,79.86666666666666,0.1247219128924702,0.5085896119148942,0.0004734578946817,Data\NafisaData\LAS_0.9Torr_SmallAdmixture_1kHzLaserFreq\OscopeData_Laser_True\Scope_TrialNumber_0_80.00W_0.90Torr_4.00NitrogenFlow_2420.00MHz.csv,True,a8125604|Scope_TrialNumber_0_80.00W_0.90Torr_4.00NitrogenFlow_2420.00MHz.csv,687.3408545926685,34.456375430897644,6.873408545926686,35.135246589061886,21515725053.10676,535455508.6216564,2628531317.4035463,2682515515.0128207,1.2774333602955672,0.0166415903317436,0.1913923546331749,0.0024270399207925,1.0,12.91836985869754,,LAS_DataFrame_a8125604_Laser_True_20260726_130401_LAS.csv,,
a8125604,2026-07-26 13:19:39.578882,2026-07-26,0.9,0.901,76.8,3.182,4.0,85,2420,61.0,111.53333333333336,0.3299831645537264,26.600000000000005,3.552713678800501e-15,84.93333333333334,0.3299831645537264,0.4883597963785633,0.0007229089301944,Data\NafisaData\LAS_0.9Torr_SmallAdmixture_1kHzLaserFreq\OscopeData_Laser_True\Scope_TrialNumber_0_85.00W_0.90Torr_4.00NitrogenFlow_2420.00MHz.csv,True,a8125604|Scope_TrialNumber_0_85.00W_0.90Torr_4.00NitrogenFlow_2420.00MHz.csv,614.9903742490337,34.642418104482495,6.149903742490338,35.18406525925725,22784689332.85013,636713233.4586881,2783558040.497419,2855450771.1531725,1.2083321572811794,0.0155476360360712,0.2026803805233554,0.0025086847890995,1.0,15.351889446243884,,LAS_DataFrame_a8125604_Laser_True_20260726_130401_LAS.csv,,
a8125604,2026-07-26 13:19:57.669102,2026-07-26,0.9,0.901,76.81,3.199,4.0,90,2420,61.3,114.7,0.1632993161855475,24.7,0.0,90.0,0.1632993161855475,0.464052479795016,0.0003303381021161,Data\NafisaData\LAS_0.9Torr_SmallAdmixture_1kHzLaserFreq\OscopeData_Laser_True\Scope_TrialNumber_0_90.00W_0.90Torr_4.00NitrogenFlow_2420.00MHz.csv,True,a8125604|Scope_TrialNumber_0_90.00W_0.90Torr_4.00NitrogenFlow_2420.00MHz.csv,652.5496393013817,37.75580108429946,6.5254963930138175,38.31556627132665,22488138568.892044,657338724.6973754,2747329051.3120785,2824873645.876944,1.2446835541750223,0.0283301716935644,0.2000424239198893,0.0046294486081393,1.0,37.45273824200363,,LAS_DataFrame_a8125604_Laser_True_20260726_130401_LAS.csv,,
a8125604,2026-07-26 13:20:15.673730,2026-07-26,0.9,0.901,76.8,3.191,4.0,95,2420,61.9,123.83333333333331,0.0471404520791071,28.866666666666664,0.0471404520791021,94.96666666666664,0.0471404520791004,0.482813474428558,0.0003574085094002,Data\NafisaData\LAS_0.9Torr_SmallAdmixture_1kHzLaserFreq\OscopeData_Laser_True\Scope_TrialNumber_0_95.00W_0.90Torr_4.00NitrogenFlow_2420.00MHz.csv,True,a8125604|Scope_TrialNumber_0_95.00W_0.90Torr_4.00NitrogenFlow_2420.00MHz.csv,633.1190234964247,28.613990139266654,6.331190234964247,29.306047182814613,23289970102.304016,518819891.7326144,2845287139.7173185,2892202100.043875,1.22601238075681,0.0164547998566962,0.2071750873472223,0.0026670504190937,1.0,17.31442174836572,,LAS_DataFrame_a8125604_Laser_True_20260726_130401_LAS.csv,,
a8125604,2026-07-26 13:20:33.672697,2026-07-26,0.9,0.901,76.8,3.203,4.0,100,2420,62.8,133.99999999999997,0.2160246899469295,34.2,0.2943920288775958,99.8,0.1632993161855475,0.505191225912703,0.0018433426971823,Data\NafisaData\LAS_0.9Torr_SmallAdmixture_1kHzLaserFreq\OscopeData_Laser_True\Scope_TrialNumber_0_100.00W_0.90Torr_4.00NitrogenFlow_2420.00MHz.csv,True,a8125604|Scope_TrialNumber_0_100.00W_0.90Torr_4.00NitrogenFlow_2420.00MHz.csv,670.700064399841,31.151802344592262,6.707000643998411,31.86563426255845,24462861150.50353,572724927.4387105,2988576796.212047,3042959925.691881,1.2618750350833996,0.0164774291425661,0.217608497278284,0.0029139006089503,1.0,15.5512764053149,,LAS_DataFrame_a8125604_Laser_True_20260726_130401_LAS.csv,,
a8125604,2026-07-26 13:20:51.661221,2026-07-26,0.9,0.901,76.8,3.19,4.0,105,2420,64.0,144.83333333333334,0.1699673171197628,39.93333333333334,0.0471404520791038,104.9,0.1414213562373148,0.5250897770973101,0.0002420249949329,Data\NafisaData\LAS_0.9Torr_SmallAdmixture_1kHzLaserFreq\OscopeData_Laser_True\Scope_TrialNumber_0_105.00W_0.90Torr_4.00NitrogenFlow_2420.00MHz.csv,True,a8125604|Scope_TrialNumber_0_105.00W_0.90Torr_4.00NitrogenFlow_2420.00MHz.csv,644.0448634435957,31.76995050369046,6.440448634435957,32.41618629048997,23846297447.889465,582072388.0578256,2913252492.824868,2970832939.0744348,1.2365458800103206,0.0168793122343868,0.2121238771442479,0.0027966287985799,1.0,18.13386363026688,,LAS_DataFrame_a8125604_Laser_True_20260726_130401_LAS.csv,,
a8125604,2026-07-26 13:21:09.792537,2026-07-26,0.9,0.901,76.81,3.198,4.0,110,2420,65.4,155.13333333333333,0.0942809041582009,45.20000000000001,7.105427357601002e-15,109.93333333333332,0.0942809041582009,0.5397799086254232,0.0001640761196808,Data\NafisaData\LAS_0.9Torr_SmallAdmixture_1kHzLaserFreq\OscopeData_Laser_True\Scope_TrialNumber_0_110.00W_0.90Torr_4.00NitrogenFlow_2420.00MHz.csv,True,a8125604|Scope_TrialNumber_0_110.00W_0.90Torr_4.00NitrogenFlow_2420.00MHz.csv,645.4417420907064,30.312097424676036,6.454417420907064,30.991656208185454,24294205830.205395,564450491.4685465,2967972527.001684,3021169521.618382,1.2378861352114998,0.0160717789477093,0.2161082299717629,0.0027077644973982,1.0,17.881386046175656,,LAS_DataFrame_a8125604_Laser_True_20260726_130401_LAS.csv,,
a8125604,2026-07-26 13:22:00.460371,2026-07-26,0.9,0.899,75.2,4.804,6.0,30,2420,58.9,38.13333333333333,0.0471404520791038,8.166666666666666,0.047140452079103,29.96666666666667,0.047140452079103,0.462773070365823,0.0012198642209314,Data\NafisaData\LAS_0.9Torr_SmallAdmixture_1kHzLaserFreq\OscopeData_Laser_True\Scope_TrialNumber_0_30.00W_0.90Torr_6.00NitrogenFlow_2420.00MHz.csv,True,a8125604|Scope_TrialNumber_0_30.00W_0.90Torr_6.00NitrogenFlow_2420.00MHz.csv,657.1622863660959,50.759126564643786,6.571622863660959,51.182762300092,11049752759.158283,432628174.2350031,1349925280.478517,1417556136.4605336,1.2490749257340887,0.0414458116573644,0.0982926763318326,0.0033222790626998,1.0,18.94565449846752,,LAS_DataFrame_a8125604_Laser_True_20260726_130401_LAS.csv,,
a8125604,2026-07-26 13:22:18.558626,2026-07-26,0.9,0.899,75.19,4.795,6.0,35,2420,56.8,43.79999999999999,7.105427357601002e-15,8.8,0.0,35.0,0.0,0.4482334681939005,5.551115123125783e-17,Data\NafisaData\LAS_0.9Torr_SmallAdmixture_1kHzLaserFreq\OscopeData_Laser_True\Scope_TrialNumber_0_35.00W_0.90Torr_6.00NitrogenFlow_2420.00MHz.csv,True,a8125604|Scope_TrialNumber_0_35.00W_0.90Torr_6.00NitrogenFlow_2420.00MHz.csv,695.5193104847028,58.607836015791655,6.955193104847028,59.01909143302392,12419661541.417862,527680062.0001429,1517284183.2004828,1606423835.8611438,1.2850107785157288,0.0401748166207878,0.1104786503960191,0.0035067067547563,1.0,21.040877379935925,,LAS_DataFrame_a8125604_Laser_True_20260726_130401_LAS.csv,,
a8125604,2026-07-26 13:22:36.760048,2026-07-26,0.9,0.899,75.18,4.809,6.0,40,2420,56.2,49.63333333333333,0.0942809041582076,9.6,0.0,40.03333333333333,0.0942809041582076,0.4397941855361194,0.0004181267456045,Data\NafisaData\LAS_0.9Torr_SmallAdmixture_1kHzLaserFreq\OscopeData_Laser_True\Scope_TrialNumber_0_40.00W_0.90Torr_6.00NitrogenFlow_2420.00MHz.csv,True,a8125604|Scope_TrialNumber_0_40.00W_0.90Torr_6.00NitrogenFlow_2420.00MHz.csv,646.8458686196703,42.53039904103154,6.468458686196704,43.01948163756056,12859497794.01297,430106560.4347496,1571018062.1017065,1628830686.3449042,1.2392318836824454,0.0361414199034164,0.1143911978853287,0.0034096561623998,1.0,21.33964033646397,,LAS_DataFrame_a8125604_Laser_True_20260726_130401_LAS.csv,,
a8125604,2026-07-26 13:22:54.897775,2026-07-26,0.9,0.899,75.19,4.803,6.0,45,2420,56.2,55.56666666666666,0.0471404520791038,10.533333333333331,0.047140452079103,45.03333333333333,0.0471404520791038,0.4353861072724007,0.0008953303754794,Data\NafisaData\LAS_0.9Torr_SmallAdmixture_1kHzLaserFreq\OscopeData_Laser_True\Scope_TrialNumber_0_45.00W_0.90Torr_6.00NitrogenFlow_2420.00MHz.csv,True,a8125604|Scope_TrialNumber_0_45.00W_0.90Torr_6.00NitrogenFlow_2420.00MHz.csv,642.9888088614614,43.70281752523388,6.429888088614614,44.17329193614618,13850748811.352097,473524361.5623743,1692117134.3408637,1757124274.865893,1.235531668293146,0.0341736003191759,0.1232088354863294,0.0034385987572088,1.0,22.25764593660054,,LAS_DataFrame_a8125604_Laser_True_20260726_130401_LAS.csv,,
a8125604,2026-07-26 13:23:13.000021,2026-07-26,0.9,0.899,75.2,4.794,6.0,50,2420,56.4,61.70000000000001,0.0816496580927708,11.699999999999998,1.7763568394002505e-15,50.0,0.0816496580927679,0.4354623721788258,0.000288131260784,Data\NafisaData\LAS_0.9Torr_SmallAdmixture_1kHzLaserFreq\OscopeData_Laser_True\Scope_TrialNumber_0_50.00W_0.90Torr_6.00NitrogenFlow_2420.00MHz.csv,True,a8125604|Scope_TrialNumber_0_50.00W_0.90Torr_6.00NitrogenFlow_2420.00MHz.csv,651.4060771944055,45.79465242314472,6.514060771944055,46.25562861206422,14292714904.169102,507404799.9820059,1746111211.386026,1818341000.3552012,1.243592451669348,0.0344041459057427,0.1271403288923606,0.0035737744246507,1.0,24.061434333359145,,LAS_DataFrame_a8125604_Laser_True_20260726_130401_LAS.csv,,
a8125604,2026-07-26 13:23:31.178439,2026-07-26,0.9,0.899,75.21,4.812,6.0,55,2420,56.7,67.63333333333334,0.1247219128924639,12.699999999999998,1.7763568394002505e-15,54.93333333333333,0.1247219128924639,0.433333253754447,0.0003993425415876,Data\NafisaData\LAS_0.9Torr_SmallAdmixture_1kHzLaserFreq\OscopeData_Laser_True\Scope_TrialNumber_0_55.00W_0.90Torr_6.00NitrogenFlow_2420.00MHz.csv,True,a8125604|Scope_TrialNumber_0_55.00W_0.90Torr_6.00NitrogenFlow_2420.00MHz.csv,631.1170098782048,39.94855109247142,6.311170098782049,40.44400576604103,15007731704.310163,478751672.7138685,1833463324.6427937,1894938238.2907715,1.224072432002543,0.0319971594022298,0.1335007349973604,0.0035302361179876,1.0,24.148792479896283,,LAS_DataFrame_a8125604_Laser_True_20260726_130401_LAS.csv,,
a8125604,2026-07-26 13:23:49.301234,2026-07-26,0.9,0.899,75.2,4.789,6.0,60,2420,56.9,73.53333333333333,0.0942809041582009,13.6,0.0,59.93333333333333,0.0942809041582009,0.4300585590324101,0.0002758879239358,Data\NafisaData\LAS_0.9Torr_SmallAdmixture_1kHzLaserFreq\OscopeData_Laser_True\Scope_TrialNumber_0_60.00W_0.90Torr_6.00NitrogenFlow_2420.00MHz.csv,True,a8125604|Scope_TrialNumber_0_60.00W_0.90Torr_6.00NitrogenFlow_2420.00MHz.csv,680.0996662385935,50.938262732192165,6.800996662385935,51.39027306578184,16082192826.574854,606866657.9149296,1964728002.093089,2056317889.5048156,1.270686614911838,0.0321342362219557,0.1430585650795192,0.0036781499530698,1.0,23.95406364285578,,LAS_DataFrame_a8125604_Laser_True_20260726_130401_LAS.csv,,
a8125604,2026-07-26 13:24:07.339190,2026-07-26,0.9,0.899,75.2,4.8,6.0,65,2420,57.2,79.89999999999999,0.1414213562373081,14.8,0.081649658092773,65.1,0.1632993161855417,0.4303842080588136,0.0012465573719607,Data\NafisaData\LAS_0.9Torr_SmallAdmixture_1kHzLaserFreq\OscopeData_Laser_True\Scope_TrialNumber_0_65.00W_0.90Torr_6.00NitrogenFlow_2420.00MHz.csv,True,a8125604|Scope_TrialNumber_0_65.00W_0.90Torr_6.00NitrogenFlow_2420.00MHz.csv,653.7576544943211,44.76986439375915,6.537576544943211,45.24467554217375,16715407168.142416,576864055.8272179,2042086479.3617449,2122001255.4420116,1.2458351151623812,0.0305454224716347,0.1486913003706133,0.0037015814291408,1.0,24.39683497564526,,LAS_DataFrame_a8125604_Laser_True_20260726_130401_LAS.csv,,
a8125604,2026-07-26 13:24:25.375991,2026-07-26,0.9,0.899,75.2,4.796,6.0,70,2420,57.6,86.73333333333333,0.1699673171197609,16.733333333333334,0.0471404520791038,70.0,0.1632993161855475,0.4392363169984072,0.0006475839014318,Data\NafisaData\LAS_0.9Torr_SmallAdmixture_1kHzLaserFreq\OscopeData_Laser_True\Scope_TrialNumber_0_70.00W_0.90Torr_6.00NitrogenFlow_2420.00MHz.csv,True,a8125604|Scope_TrialNumber_0_70.00W_0.90Torr_6.00NitrogenFlow_2420.00MHz.csv,635.7114209456538,46.35148453397276,6.3571142094565385,46.785393228818656,17045035072.29876,623436856.507974,2082356433.872989,2173679330.4774227,1.2285198591146016,0.0284047444715121,0.1516234934793076,0.0035341978131353,1.0,23.99490741081675,,LAS_DataFrame_a8125604_Laser_True_20260726_130401_LAS.csv,,
a8125604,2026-07-26 13:24:43.454548,2026-07-26,0.9,0.899,75.2,4.805,6.0,75,2420,58.2,94.73333333333336,0.124721912892469,19.666666666666668,0.0471404520791021,75.06666666666666,0.1699673171197674,0.4556320470386545,0.0008351220750016,Data\NafisaData\LAS_0.9Torr_SmallAdmixture_1kHzLaserFreq\OscopeData_Laser_True\Scope_TrialNumber_0_75.00W_0.90Torr_6.00NitrogenFlow_2420.00MHz.csv,True,a8125604|Scope_TrialNumber_0_75.00W_0.90Torr_6.00NitrogenFlow_2420.00MHz.csv,612.9842704822364,37.60576127231754,6.129842704822364,38.10207674729032,17054289159.33561,525006566.2067642,2083486986.412134,2148615814.218292,1.206359752643579,0.0270637330531569,0.1517058128761019,0.0034262034039766,1.0,23.009351586577225,,LAS_DataFrame_a8125604_Laser_True_20260726_130401_LAS.csv,,
a8125604,2026-07-26 13:25:01.511885,2026-07-26,0.9,0.899,75.18,4.801,6.0,80,2420,59.3,106.63333333333333,0.1247219128924639,26.666666666666668,0.1699673171197586,79.96666666666667,0.0471404520791004,0.5000749374268519,0.0013010222215148,Data\NafisaData\LAS_0.9Torr_SmallAdmixture_1kHzLaserFreq\OscopeData_Laser_True\Scope_TrialNumber_0_80.00W_0.90Torr_6.00NitrogenFlow_2420.00MHz.csv,True,a8125604|Scope_TrialNumber_0_80.00W_0.90Torr_6.00NitrogenFlow_2420.00MHz.csv,667.8159483616876,48.11077746577204,6.678159483616875,48.57205701274819,15882861183.47656,578163757.288541,1940376070.4179947,2024680869.888581,1.259158981256132,0.0315995404320026,0.1412854176521694,0.0036224541528363,1.0,23.193026027028683,,LAS_DataFrame_a8125604_Laser_True_20260726_130401_LAS.csv,,
a8125604,2026-07-26 13:25:19.604621,2026-07-26,0.9,0.899,75.21,4.797,6.0,85,2420,60.4,114.2,0.0,29.3,0.0816496580927723,84.9,0.0816496580927679,0.5065243601934113,0.0007057618806877,Data\NafisaData\LAS_0.9Torr_SmallAdmixture_1kHzLaserFreq\OscopeData_Laser_True\Scope_TrialNumber_0_85.00W_0.90Torr_6.00NitrogenFlow_2420.00MHz.csv,True,a8125604|Scope_TrialNumber_0_85.00W_0.90Torr_6.00NitrogenFlow_2420.00MHz.csv,687.4447444789495,48.10233796028373,6.874447444789495,48.59107886141782,16023313372.007408,567233982.99563,1957534821.7610216,2038062062.3209789,1.2775298971093154,0.0318631299986586,0.1425348050193137,0.003637343532127,1.0,22.234404306616195,,LAS_DataFrame_a8125604_Laser_True_20260726_130401_LAS.csv,,
a8125604,2026-07-26 13:25:37.633810,2026-07-26,0.9,0.899,75.19,4.799,6.0,90,2420,61.4,121.16666666666669,0.1885618083164086,31.2,0.0816496580927723,89.96666666666665,0.1247219128924576,0.5074407688461734,0.0003774087514255,Data\NafisaData\LAS_0.9Torr_SmallAdmixture_1kHzLaserFreq\OscopeData_Laser_True\Scope_TrialNumber_0_90.00W_0.90Torr_6.00NitrogenFlow_2420.00MHz.csv,True,a8125604|Scope_TrialNumber_0_90.00W_0.90Torr_6.00NitrogenFlow_2420.00MHz.csv,702.12720542806,50.87250717272868,7.021272054280601,51.35474902382011,15867656402.707924,582075805.0844009,1938518534.0195715,2024022319.4426591,1.2911005759451724,0.0319164666878629,0.1411501640743417,0.0035828927497651,1.0,22.312500792858327,,LAS_DataFrame_a8125604_Laser_True_20260726_130401_LAS.csv,,
a8125604,2026-07-26 13:25:55.640887,2026-07-26,0.9,0.899,75.19,4.797,6.0,95,2420,62.3,128.1,0.2160246899469317,33.13333333333333,0.0471404520791038,94.96666666666664,0.2054804667656431,0.5085788181524558,0.0004615639732566,Data\NafisaData\LAS_0.9Torr_SmallAdmixture_1kHzLaserFreq\OscopeData_Laser_True\Scope_TrialNumber_0_95.00W_0.90Torr_6.00NitrogenFlow_2420.00MHz.csv,True,a8125604|Scope_TrialNumber_0_95.00W_0.90Torr_6.00NitrogenFlow_2420.00MHz.csv,684.0955617075281,46.294328131014936,6.840955617075281,46.79704574924441,15831114936.58718,540626058.7122945,1934054339.2111168,2008193895.6137023,1.2744140792576732,0.0303784701627563,0.1408251107830706,0.0034192421073789,1.0,21.490281229562594,,LAS_DataFrame_a8125604_Laser_True_20260726_130401_LAS.csv,,
a8125604,2026-07-26 13:26:13.681219,2026-07-26,0.9,0.899,75.19,4.806,6.0,100,2420,63.0,133.3,0.1632993161855475,33.43333333333333,0.0471404520791038,99.86666666666667,0.1699673171197591,0.5008122010750962,0.0004674001618565,Data\NafisaData\LAS_0.9Torr_SmallAdmixture_1kHzLaserFreq\OscopeData_Laser_True\Scope_TrialNumber_0_100.00W_0.90Torr_6.00NitrogenFlow_2420.00MHz.csv,True,a8125604|Scope_TrialNumber_0_100.00W_0.90Torr_6.00NitrogenFlow_2420.00MHz.csv,667.2867314294706,36.17860687143897,6.672867314294706,36.78884006532842,17968967232.31864,495146368.8691327,2195231301.523237,2250380055.4110174,1.2586599662770594,0.0268517701204772,0.1598422986179235,0.003500336839745,1.0,20.736542072531343,,LAS_DataFrame_a8125604_Laser_True_20260726_130401_LAS.csv,,
a8125604,2026-07-26 13:26:31.749008,2026-07-26,0.9,0.899,75.2,4.796,6.0,105,2420,63.4,135.4,2.0066555924389884,30.866666666666664,3.0879694874715904,104.53333333333336,1.1671427600007678,0.4766974198853332,0.0209863694128064,Data\NafisaData\LAS_0.9Torr_SmallAdmixture_1kHzLaserFreq\OscopeData_Laser_True\Scope_TrialNumber_0_105.00W_0.90Torr_6.00NitrogenFlow_2420.00MHz.csv,True,a8125604|Scope_TrialNumber_0_105.00W_0.90Torr_6.00NitrogenFlow_2420.00MHz.csv,732.7505367816686,56.22162533978352,7.327505367816687,56.6971206567174,18699749929.08371,724103754.4525998,2284509501.533803,2396520375.421535,1.318955815116352,0.0340582720779824,0.1663429496865638,0.0043836176567472,1.0,36.19978822698487,,LAS_DataFrame_a8125604_Laser_True_20260726_130401_LAS.csv,,
a8125604,2026-07-26 13:26:49.715701,2026-07-26,0.9,0.899,75.2,4.798,6.0,110,2420,63.6,139.56666666666666,0.0942809041582009,29.666666666666668,0.0471404520791021,109.9,0.0816496580927679,0.4610450905109223,0.0003185796309273,Data\NafisaData\LAS_0.9Torr_SmallAdmixture_1kHzLaserFreq\OscopeData_Laser_True\Scope_TrialNumber_0_110.00W_0.90Torr_6.00NitrogenFlow_2420.00MHz.csv,True,a8125604|Scope_TrialNumber_0_110.00W_0.90Torr_6.00NitrogenFlow_2420.00MHz.csv,719.5623222616258,48.81148137810805,7.195623222616258,49.33900797429194,19569973428.33947,667813325.1028843,2390822893.961356,2482339369.9240084,1.3070324850988262,0.0309514100699678,0.1740839913743795,0.0041738523065967,1.0,37.61503089226037,,LAS_DataFrame_a8125604_Laser_True_20260726_130401_LAS.csv,,
a8125604,2026-07-26 13:27:40.312591,2026-07-26,0.9,0.897,73.59,6.39,8.0,30,2420,58.7,39.06666666666667,0.0942809041582076,9.1,0.0,29.96666666666667,0.0942809041582076,0.4826346129696706,0.0005816357315754,Data\NafisaData\LAS_0.9Torr_SmallAdmixture_1kHzLaserFreq\OscopeData_Laser_True\Scope_TrialNumber_0_30.00W_0.90Torr_8.00NitrogenFlow_2420.00MHz.csv,True,a8125604|Scope_TrialNumber_0_30.00W_0.90Torr_8.00NitrogenFlow_2420.00MHz.csv,835.096280810234,86.23950982178677,8.35096280810234,86.64289719373635,8426262037.885712,449684077.565482,1029418883.1918108,1123351684.3303316,1.408057690984266,0.0655951086574542,0.074955509433516,0.0036352465277623,1.0,20.04867090560194,,LAS_DataFrame_a8125604_Laser_True_20260726_130401_LAS.csv,,
a8125604,2026-07-26 13:27:58.414856,2026-07-26,0.9,0.8980000000000001,73.6,6.4,8.0,35,2420,56.3,44.333333333333336,0.0471404520791038,9.333333333333334,0.047140452079103,35.0,0.0816496580927708,0.4588305092210963,0.0012970538045944,Data\NafisaData\LAS_0.9Torr_SmallAdmixture_1kHzLaserFreq\OscopeData_Laser_True\Scope_TrialNumber_0_35.00W_0.90Torr_8.00NitrogenFlow_2420.00MHz.csv,True,a8125604|Scope_TrialNumber_0_35.00W_0.90Torr_8.00NitrogenFlow_2420.00MHz.csv,702.7122230713437,64.54034829787051,7.027122230713437,64.92177604822456,8632534411.653027,403331811.3338501,1054618749.4767848,1129113482.6853418,1.2916383412831274,0.0553655060084681,0.0767903978796946,0.0033573160383369,1.0,20.13767448877584,,LAS_DataFrame_a8125604_Laser_True_20260726_130401_LAS.csv,,
a8125604,2026-07-26 13:28:16.462658,2026-07-26,0.9,0.8980000000000001,73.59,6.403,8.0,40,2420,55.6,50.06666666666666,0.0942809041582076,10.033333333333331,0.047140452079103,40.03333333333334,0.1247219128924664,0.4476598464207648,0.0013131334798709,Data\NafisaData\LAS_0.9Torr_SmallAdmixture_1kHzLaserFreq\OscopeData_Laser_True\Scope_TrialNumber_0_40.00W_0.90Torr_8.00NitrogenFlow_2420.00MHz.csv,True,a8125604|Scope_TrialNumber_0_40.00W_0.90Torr_8.00NitrogenFlow_2420.00MHz.csv,710.8940393514307,64.191950272394,7.108940393514307,64.58439063188598,9288261712.323658,429420251.5319215,1134727588.0697174,1213263554.0360787,1.2991359796316886,0.0531654665243015,0.0826233963848733,0.0034798006319641,1.0,20.92915473756731,,LAS_DataFrame_a8125604_Laser_True_20260726_130401_LAS.csv,,
a8125604,2026-07-26 13:28:34.535372,2026-07-26,0.9,0.8980000000000001,73.61,6.4,8.0,45,2420,55.5,55.73333333333333,0.0942809041582043,10.800000000000002,1.7763568394002505e-15,44.93333333333334,0.0942809041582076,0.4402048621050241,0.000372669373248,Data\NafisaData\LAS_0.9Torr_SmallAdmixture_1kHzLaserFreq\OscopeData_Laser_True\Scope_TrialNumber_0_45.00W_0.90Torr_8.00NitrogenFlow_2420.00MHz.csv,True,a8125604|Scope_TrialNumber_0_45.00W_0.90Torr_8.00NitrogenFlow_2420.00MHz.csv,797.0975060403781,84.56948226945374,7.970975060403782,84.94429807077712,10422409708.74348,563421298.8841299,1273284086.621437,1392370613.4789212,1.3756498321062745,0.0546477159078685,0.0927121688989999,0.0038071660742479,1.0,22.40275282336517,,LAS_DataFrame_a8125604_Laser_True_20260726_130401_LAS.csv,,
a8125604,2026-07-26 13:28:52.524733,2026-07-26,0.9,0.897,73.61,6.401,8.0,50,2420,55.6,61.56666666666666,0.1699673171197586,11.699999999999998,1.7763568394002505e-15,49.86666666666667,0.1699673171197563,0.4359346100797216,0.0006010881247019,Data\NafisaData\LAS_0.9Torr_SmallAdmixture_1kHzLaserFreq\OscopeData_Laser_True\Scope_TrialNumber_0_50.00W_0.90Torr_8.00NitrogenFlow_2420.00MHz.csv,True,a8125604|Scope_TrialNumber_0_50.00W_0.90Torr_8.00NitrogenFlow_2420.00MHz.csv,881.4775691131754,78.24432894621013,8.814775691131754,78.73928678066436,10755842453.70202,497226388.3513496,1314018870.6088722,1404948281.464177,1.4466311319111649,0.0563170242677738,0.0956782078315434,0.0039249015703286,1.0,22.137573152003714,,LAS_DataFrame_a8125604_Laser_True_20260726_130401_LAS.csv,,
a8125604,2026-07-26 13:29:10.513678,2026-07-26,0.9,0.8980000000000001,73.6,6.4,8.0,55,2420,55.9,67.89999999999999,0.1414213562373081,12.800000000000002,1.7763568394002505e-15,55.1,0.1414213562373081,0.4341809904778466,0.000452654180458,Data\NafisaData\LAS_0.9Torr_SmallAdmixture_1kHzLaserFreq\OscopeData_Laser_True\Scope_TrialNumber_0_55.00W_0.90Torr_8.00NitrogenFlow_2420.00MHz.csv,True,a8125604|Scope_TrialNumber_0_55.00W_0.90Torr_8.00NitrogenFlow_2420.00MHz.csv,703.9747458619204,57.058380217156206,7.039747458619204,57.49101492656656,10810128036.881693,444973017.5514446,1320650827.2414787,1393599509.8457952,1.2927981268896709,0.0467100690706482,0.0961611032748412,0.0035429354084351,1.0,23.05528424825056,,LAS_DataFrame_a8125604_Laser_True_20260726_130401_LAS.csv,,
a8125604,2026-07-26 13:29:28.512868,2026-07-26,0.9,0.8980000000000001,73.6,6.396,8.0,60,2420,56.2,73.83333333333334,0.0942809041582076,13.833333333333334,0.047140452079103,60.0,0.0816496580927737,0.4328491638627772,0.0006446611336545,Data\NafisaData\LAS_0.9Torr_SmallAdmixture_1kHzLaserFreq\OscopeData_Laser_True\Scope_TrialNumber_0_60.00W_0.90Torr_8.00NitrogenFlow_2420.00MHz.csv,True,a8125604|Scope_TrialNumber_0_60.00W_0.90Torr_8.00NitrogenFlow_2420.00MHz.csv,682.1009234504482,59.08004578496463,6.821009234504483,59.47249765169369,10832428200.749607,476448250.6836975,1323375191.815081,1406529357.6357224,1.2725547990126125,0.0481011462736234,0.096359473576602,0.0037167451718622,1.0,25.8853737131806,,LAS_DataFrame_a8125604_Laser_True_20260726_130401_LAS.csv,,
a8125604,2026-07-26 13:29:46.592695,2026-07-26,0.9,0.897,73.6,6.398,8.0,65,2420,56.5,79.43333333333334,0.1247219128924626,14.533333333333331,0.047140452079103,64.89999999999999,0.0816496580927737,0.4277406572645885,0.000391620211577,Data\NafisaData\LAS_0.9Torr_SmallAdmixture_1kHzLaserFreq\OscopeData_Laser_True\Scope_TrialNumber_0_65.00W_0.90Torr_8.00NitrogenFlow_2420.00MHz.csv,True,a8125604|Scope_TrialNumber_0_65.00W_0.90Torr_8.00NitrogenFlow_2420.00MHz.csv,708.0335171085285,60.62962052513371,7.080335171085285,61.04164177966236,11377826348.624138,494499255.2503516,1390005347.601306,1475345512.0084176,1.2965195888234662,0.0452644250801002,0.1012110430903705,0.0036134109401633,1.0,22.980244362487326,,LAS_DataFrame_a8125604_Laser_True_20260726_130401_LAS.csv,,
a8125604,2026-07-26 13:30:04.670656,2026-07-26,0.9,0.897,73.6,6.395,8.0,70,2420,56.9,85.36666666666667,0.2624669291337253,15.366666666666667,0.047140452079103,69.99999999999999,0.2160246899469229,0.4242732885959823,0.0001014433390986,Data\NafisaData\LAS_0.9Torr_SmallAdmixture_1kHzLaserFreq\OscopeData_Laser_True\Scope_TrialNumber_0_70.00W_0.90Torr_8.00NitrogenFlow_2420.00MHz.csv,True,a8125604|Scope_TrialNumber_0_70.00W_0.90Torr_8.00NitrogenFlow_2420.00MHz.csv,755.2811520863271,75.28126237492724,7.552811520863271,75.65919261155462,12135569495.520205,613728293.8944983,1482577249.6519237,1604586463.8317606,1.339079920621475,0.0466666942158644,0.1079515198688023,0.0038748749161968,1.0,24.80311095039941,,LAS_DataFrame_a8125604_Laser_True_20260726_130401_LAS.csv,,
a8125604,2026-07-26 13:30:22.812962,2026-07-26,0.9,0.897,73.61,6.406,8.0,75,2420,57.3,91.8,0.1632993161855475,16.9,0.0,74.89999999999999,0.1632993161855475,0.4290644444309874,0.0003816235635466,Data\NafisaData\LAS_0.9Torr_SmallAdmixture_1kHzLaserFreq\OscopeData_Laser_True\Scope_TrialNumber_0_75.00W_0.90Torr_8.00NitrogenFlow_2420.00MHz.csv,True,a8125604|Scope_TrialNumber_0_75.00W_0.90Torr_8.00NitrogenFlow_2420.00MHz.csv,821.4819162113201,94.42764730496124,8.214819162113201,94.78430159797756,14073953769.719215,891561782.3952084,1719385619.2196946,1936793566.5442543,1.3965329214417028,0.0754556523937023,0.1251943471268732,0.007541931933519,1.0,63.227265104046914,,LAS_DataFrame_a8125604_Laser_True_20260726_130401_LAS.csv,,
a8125604,2026-07-26 13:30:40.872130,2026-07-26,0.9,0.8980000000000001,73.6,6.402,8.0,80,2420,57.8,98.93333333333334,0.0471404520791004,18.866666666666667,0.0471404520791021,80.06666666666668,0.0471404520791038,0.436692668149337,0.0005020063009337,Data\NafisaData\LAS_0.9Torr_SmallAdmixture_1kHzLaserFreq\OscopeData_Laser_True\Scope_TrialNumber_0_80.00W_0.90Torr_8.00NitrogenFlow_2420.00MHz.csv,True,a8125604|Scope_TrialNumber_0_80.00W_0.90Torr_8.00NitrogenFlow_2420.00MHz.csv,826.1479081279633,63.21650437582961,8.261479081279633,63.75404663321149,13870323711.336609,597354812.6644869,1694508559.1019316,1796717014.1909182,1.4004934374372244,0.0452926365810879,0.1233829633017062,0.0046769648129551,1.0,20.8927042449954,,LAS_DataFrame_a8125604_Laser_True_20260726_130401_LAS.csv,,
a8125604,2026-07-26 13:30:58.962472,2026-07-26,0.9,0.897,73.6,6.396,8.0,85,2420,58.5,106.7,0.294392028877591,21.8,0.0816496580927723,84.89999999999999,0.2160246899469229,0.4520072760396816,0.0002843815585738,Data\NafisaData\LAS_0.9Torr_SmallAdmixture_1kHzLaserFreq\OscopeData_Laser_True\Scope_TrialNumber_0_85.00W_0.90Torr_8.00NitrogenFlow_2420.00MHz.csv,True,a8125604|Scope_TrialNumber_0_85.00W_0.90Torr_8.00NitrogenFlow_2420.00MHz.csv,830.3057293371169,67.28356869590041,8.303057293371168,67.79394793691361,14174410845.28759,641837613.2254815,1731658250.9127696,1846779851.445552,1.404013202582558,0.0470016601421304,0.1260879594120802,0.0049310531255605,1.0,23.25223208270598,,LAS_DataFrame_a8125604_Laser_True_20260726_130401_LAS.csv,,
a8125604,2026-07-26 13:31:16.988474,2026-07-26,0.9,0.8980000000000001,73.6,6.397,8.0,90,2420,59.5,118.23333333333332,0.124721912892469,28.166666666666668,0.094280904158206,90.06666666666668,0.1699673171197628,0.4880871860463387,0.0009010551088668,Data\NafisaData\LAS_0.9Torr_SmallAdmixture_1kHzLaserFreq\OscopeData_Laser_True\Scope_TrialNumber_0_90.00W_0.90Torr_8.00NitrogenFlow_2420.00MHz.csv,True,a8125604|Scope_TrialNumber_0_90.00W_0.90Torr_8.00NitrogenFlow_2420.00MHz.csv,746.9685871059241,58.73654934535921,7.469685871059242,59.20961438830791,12494043365.889704,558747910.3568733,1526371255.775879,1625425617.426711,1.3316906287137389,0.0480775236256466,0.1111403112274546,0.004659396329717,1.0,23.20322569623635,,LAS_DataFrame_a8125604_Laser_True_20260726_130401_LAS.csv,,
a8125604,2026-07-26 13:31:35.076142,2026-07-26,0.9,0.8980000000000001,73.59,6.408,8.0,95,2420,60.8,126.56666666666666,0.0942809041582076,31.866666666666664,0.094280904158206,94.7,0.1632993161855475,0.5017742641705505,0.0008508845513942,Data\NafisaData\LAS_0.9Torr_SmallAdmixture_1kHzLaserFreq\OscopeData_Laser_True\Scope_TrialNumber_0_95.00W_0.90Torr_8.00NitrogenFlow_2420.00MHz.csv,True,a8125604|Scope_TrialNumber_0_95.00W_0.90Torr_8.00NitrogenFlow_2420.00MHz.csv,754.4645458724879,61.184530880909215,7.544645458724879,61.6479399024395,11633127401.524303,486323137.54756784,1421194945.500415,1502100285.3438375,1.3383558215804543,0.0491306604316349,0.1034820643798825,0.0039419701525671,1.0,24.44836188057595,,LAS_DataFrame_a8125604_Laser_True_20260726_130401_LAS.csv,,
a8125604,2026-07-26 13:31:53.341196,2026-07-26,0.9,0.897,73.59,6.405,8.0,100,2420,62.0,134.6,0.2160246899469295,34.46666666666667,0.0942809041582076,100.13333333333333,0.2624669291337253,0.506031184169638,0.000909207932679,Data\NafisaData\LAS_0.9Torr_SmallAdmixture_1kHzLaserFreq\OscopeData_Laser_True\Scope_TrialNumber_0_100.00W_0.90Torr_8.00NitrogenFlow_2420.00MHz.csv,True,a8125604|Scope_TrialNumber_0_100.00W_0.90Torr_8.00NitrogenFlow_2420.00MHz.csv,880.9993037768742,68.03900056100044,8.809993037768741,68.60700820372035,13043667061.215698,573909844.3374225,1593517637.893401,1693715138.889881,1.446238627653326,0.0497922925436503,0.1160294689458667,0.0046847365811697,1.0,20.68273676024225,,LAS_DataFrame_a8125604_Laser_True_20260726_130401_LAS.csv,,
a8125604,2026-07-26 13:32:11.313819,2026-07-26,0.9,0.8980000000000001,73.61,6.408,8.0,105,2420,63.1,141.56666666666666,0.0471404520791004,36.56666666666666,0.0471404520791038,105.0,0.0816496580927679,0.5082321500081565,0.0003771664628922,Data\NafisaData\LAS_0.9Torr_SmallAdmixture_1kHzLaserFreq\OscopeData_Laser_True\Scope_TrialNumber_0_105.00W_0.90Torr_8.00NitrogenFlow_2420.00MHz.csv,True,a8125604|Scope_TrialNumber_0_105.00W_0.90Torr_8.00NitrogenFlow_2420.00MHz.csv,916.8172562658071,108.43430070976297,9.168172562658071,108.82119719316628,13641668491.769674,894796378.1083832,1666574227.163967,1891594621.7207992,1.4753449138542634,0.0801377325968701,0.1213489690596315,0.0074367907300724,1.0,56.607720807000725,,LAS_DataFrame_a8125604_Laser_True_20260726_130401_LAS.csv,,
a8125604,2026-07-26 13:32:29.352782,2026-07-26,0.9,0.8980000000000001,73.6,6.399,8.0,110,2420,64.1,148.79999999999998,0.1414213562373148,38.9,0.0816496580927737,109.9,0.1632993161855475,0.5112969979921086,0.0005890749977603,Data\NafisaData\LAS_0.9Torr_SmallAdmixture_1kHzLaserFreq\OscopeData_Laser_True\Scope_TrialNumber_0_110.00W_0.90Torr_8.00NitrogenFlow_2420.00MHz.csv,True,a8125604|Scope_TrialNumber_0_110.00W_0.90Torr_8.00NitrogenFlow_2420.00MHz.csv,809.2381470373634,70.22245949488276,8.092381470373635,70.68720149625742,12671207233.836016,597907792.4335905,1548014996.5310614,1659471047.5744588,1.386086545210781,0.0494980919378189,0.1127162660120818,0.0045357387632284,1.0,23.268934267573314,,LAS_DataFrame_a8125604_Laser_True_20260726_130401_LAS.csv,,
a8125604,2026-07-26 13:33:19.909404,2026-07-26,0.9,0.8960000000000001,71.99,8.002,10.0,30,2420,58.7,39.266666666666666,0.0471404520791004,9.333333333333334,0.047140452079103,29.933333333333334,0.0471404520791013,0.4875339838320831,0.0011126238981461,Data\NafisaData\LAS_0.9Torr_SmallAdmixture_1kHzLaserFreq\OscopeData_Laser_True\Scope_TrialNumber_0_30.00W_0.90Torr_10.00NitrogenFlow_2420.00MHz.csv,True,a8125604|Scope_TrialNumber_0_30.00W_0.90Torr_10.00NitrogenFlow_2420.00MHz.csv,797.5541486471666,151.40103077584348,7.975541486471666,151.61095403034153,4852184595.173133,517350847.4702404,592781286.0015146,786791937.1802086,1.3760438180227423,0.1276182580137017,0.0431624327087647,0.0045187851542745,1.0,23.30049582176864,,LAS_DataFrame_a8125604_Laser_True_20260726_130401_LAS.csv,,
a8125604,2026-07-26 13:33:37.942517,2026-07-26,0.9,0.8960000000000001,72.0,7.987,10.0,35,2420,56.4,45.20000000000001,7.105427357601002e-15,10.2,0.0,35.0,0.0,0.4750407527930201,0.0,Data\NafisaData\LAS_0.9Torr_SmallAdmixture_1kHzLaserFreq\OscopeData_Laser_True\Scope_TrialNumber_0_35.00W_0.90Torr_10.00NitrogenFlow_2420.00MHz.csv,True,a8125604|Scope_TrialNumber_0_35.00W_0.90Torr_10.00NitrogenFlow_2420.00MHz.csv,731.0319559760499,143.24067811029605,7.310319559760499,143.42709868627776,4858261791.974013,527535324.8746401,593523724.477267,794080556.6867627,1.317408178722212,0.1261385410053758,0.0432164921932775,0.0046061368119228,1.0,25.554675504886404,,LAS_DataFrame_a8125604_Laser_True_20260726_130401_LAS.csv,,
a8125604,2026-07-26 13:33:55.818637,2026-07-26,0.9,0.895,71.99,7.996,10.0,40,2420,55.8,50.4,0.1414213562373081,10.433333333333332,0.047140452079103,39.96666666666667,0.1247219128924633,0.4549836206363994,0.0008973548960857,Data\NafisaData\LAS_0.9Torr_SmallAdmixture_1kHzLaserFreq\OscopeData_Laser_True\Scope_TrialNumber_0_40.00W_0.90Torr_10.00NitrogenFlow_2420.00MHz.csv,True,a8125604|Scope_TrialNumber_0_40.00W_0.90Torr_10.00NitrogenFlow_2420.00MHz.csv,737.1245255783639,131.01769004103426,7.371245255783639,131.2248846839251,5439611896.922524,534694369.6179729,664546055.9795163,852947553.73299,1.3228865623065704,0.1129195678434783,0.0483878710418965,0.0046032699163349,1.0,25.203788674694135,,LAS_DataFrame_a8125604_Laser_True_20260726_130401_LAS.csv,,
a8125604,2026-07-26 13:34:13.928306,2026-07-26,0.9,0.8960000000000001,72.0,8.002,10.0,45,2420,55.7,56.333333333333336,0.1247219128924639,11.300000000000002,1.7763568394002505e-15,45.03333333333334,0.1247219128924639,0.4478754881718882,0.0004954851002724,Data\NafisaData\LAS_0.9Torr_SmallAdmixture_1kHzLaserFreq\OscopeData_Laser_True\Scope_TrialNumber_0_45.00W_0.90Torr_10.00NitrogenFlow_2420.00MHz.csv,True,a8125604|Scope_TrialNumber_0_45.00W_0.90Torr_10.00NitrogenFlow_2420.00MHz.csv,712.0446286249482,111.38136309586542,7.120446286249482,111.60873084310374,5728890304.092712,492013690.170141,699886596.4827359,855522483.1943504,1.3001868870126398,0.0974175104467825,0.0509611366583784,0.0042247281449123,1.0,22.31373421194636,,LAS_DataFrame_a8125604_Laser_True_20260726_130401_LAS.csv,,
a8125604,2026-07-26 13:34:31.927714,2026-07-26,0.9,0.8960000000000001,72.0,7.999,10.0,50,2420,55.9,61.96666666666667,0.1247219128924664,12.0,0.0,49.96666666666667,0.1247219128924664,0.4400603255223832,0.0004431168301157,Data\NafisaData\LAS_0.9Torr_SmallAdmixture_1kHzLaserFreq\OscopeData_Laser_True\Scope_TrialNumber_0_50.00W_0.90Torr_10.00NitrogenFlow_2420.00MHz.csv,True,a8125604|Scope_TrialNumber_0_50.00W_0.90Torr_10.00NitrogenFlow_2420.00MHz.csv,717.3491069260729,113.1019564837294,7.173491069260729,113.32921747973108,6045899354.299596,526146169.4378216,738614931.8891611,906852694.3355922,1.3050208649519897,0.0991703037434083,0.0537810792078097,0.0045423216933242,1.0,24.99139531195865,,LAS_DataFrame_a8125604_Laser_True_20260726_130401_LAS.csv,,
a8125604,2026-07-26 13:34:49.921890,2026-07-26,0.9,0.8960000000000001,72.02,7.992,10.0,55,2420,56.1,67.80000000000001,0.0816496580927737,12.833333333333334,0.047140452079103,54.96666666666667,0.0942809041582093,0.4350652485564554,0.0008401507240393,Data\NafisaData\LAS_0.9Torr_SmallAdmixture_1kHzLaserFreq\OscopeData_Laser_True\Scope_TrialNumber_0_55.00W_0.90Torr_10.00NitrogenFlow_2420.00MHz.csv,True,a8125604|Scope_TrialNumber_0_55.00W_0.90Torr_10.00NitrogenFlow_2420.00MHz.csv,751.4983793630593,105.77112869489032,7.514983793630592,106.03776047620764,6742545376.543123,524326761.7898219,823722725.4723158,976441335.4567394,1.3357223673541605,0.0886718242689606,0.0599780687219405,0.0044488029986414,1.0,23.799175161844197,,LAS_DataFrame_a8125604_Laser_True_20260726_130401_LAS.csv,,
a8125604,2026-07-26 13:35:08.036604,2026-07-26,0.9,0.8960000000000001,72.01,8.003,10.0,60,2420,56.5,73.93333333333334,0.1885618083164153,14.0,0.0,59.93333333333334,0.1885618083164153,0.4351559559557954,0.0005541689130819,Data\NafisaData\LAS_0.9Torr_SmallAdmixture_1kHzLaserFreq\OscopeData_Laser_True\Scope_TrialNumber_0_60.00W_0.90Torr_10.00NitrogenFlow_2420.00MHz.csv,True,a8125604|Scope_TrialNumber_0_60.00W_0.90Torr_10.00NitrogenFlow_2420.00MHz.csv,705.383627496109,98.01524297420266,7.053836274961091,98.26873593104747,6876797441.097921,524528494.318631,840124020.5826293,990423400.0224814,1.294091134313909,0.0856147658716712,0.0611723031103279,0.004481810250315,1.0,25.630542073821736,,LAS_DataFrame_a8125604_Laser_True_20260726_130401_LAS.csv,,
a8125604,2026-07-26 13:35:26.060808,2026-07-26,0.9,0.8960000000000001,71.98,7.994,10.0,65,2420,56.8,79.96666666666667,0.0942809041582009,15.0,0.0,64.96666666666667,0.0942809041582009,0.4331031666785461,0.0002551554307151,Data\NafisaData\LAS_0.9Torr_SmallAdmixture_1kHzLaserFreq\OscopeData_Laser_True\Scope_TrialNumber_0_65.00W_0.90Torr_10.00NitrogenFlow_2420.00MHz.csv,True,a8125604|Scope_TrialNumber_0_65.00W_0.90Torr_10.00NitrogenFlow_2420.00MHz.csv,679.2586565439751,89.49899805103892,6.792586565439751,89.7563918859758,6952826425.852253,502494484.8369144,849412323.2990791,986915397.7235612,1.269900707790416,0.0787905718263594,0.0618486161965281,0.0042548147692566,1.0,23.867851743220303,,LAS_DataFrame_a8125604_Laser_True_20260726_130401_LAS.csv,,
a8125604,2026-07-26 13:35:44.071478,2026-07-26,0.9,0.8960000000000001,71.98,8.005,10.0,70,2420,57.2,85.86666666666667,0.0471404520791071,15.800000000000002,1.7763568394002505e-15,70.06666666666668,0.0471404520791071,0.4289595001718974,0.0001177828160956,Data\NafisaData\LAS_0.9Torr_SmallAdmixture_1kHzLaserFreq\OscopeData_Laser_True\Scope_TrialNumber_0_70.00W_0.90Torr_10.00NitrogenFlow_2420.00MHz.csv,True,a8125604|Scope_TrialNumber_0_70.00W_0.90Torr_10.00NitrogenFlow_2420.00MHz.csv,670.6224645388994,88.27336734770175,6.706224645388994,88.5277404653294,7228094638.954626,518822662.52428216,883041267.5730636,1024177150.3923664,1.2618020336294122,0.0778561484630317,0.0642972546380071,0.0043740101704967,1.0,25.38836366769319,,LAS_DataFrame_a8125604_Laser_True_20260726_130401_LAS.csv,,
a8125604,2026-07-26 13:36:02.041125,2026-07-26,0.9,0.8960000000000001,72.01,8.005,10.0,75,2420,57.6,91.43333333333332,0.1699673171197563,16.4,0.0,75.03333333333333,0.1699673171197498,0.4235163789997393,0.000393932310402,Data\NafisaData\LAS_0.9Torr_SmallAdmixture_1kHzLaserFreq\OscopeData_Laser_True\Scope_TrialNumber_0_75.00W_0.90Torr_10.00NitrogenFlow_2420.00MHz.csv,True,a8125604|Scope_TrialNumber_0_75.00W_0.90Torr_10.00NitrogenFlow_2420.00MHz.csv,676.172770859249,83.32531911996065,6.76172770859249,83.59922109713959,7723133352.55268,519764973.275523,943519116.160916,1077211190.995146,1.2670128319591714,0.0745359746876487,0.0687008536241555,0.0044489017786617,1.0,26.17112818502944,,LAS_DataFrame_a8125604_Laser_True_20260726_130401_LAS.csv,,
a8125604,2026-07-26 13:36:19.989018,2026-07-26,0.9,0.8960000000000001,72.01,8.003,10.0,80,2420,58.0,97.5,0.2160246899469273,17.533333333333335,0.0471404520791038,79.96666666666667,0.1699673171197545,0.4240623437476569,0.0001403135643554,Data\NafisaData\LAS_0.9Torr_SmallAdmixture_1kHzLaserFreq\OscopeData_Laser_True\Scope_TrialNumber_0_80.00W_0.90Torr_10.00NitrogenFlow_2420.00MHz.csv,True,a8125604|Scope_TrialNumber_0_80.00W_0.90Torr_10.00NitrogenFlow_2420.00MHz.csv,664.905858476267,74.74893177686151,6.64905858476267,75.04407226320745,8239569291.871612,505236610.7358147,1006611019.2495602,1126290272.0446675,1.2564125161427355,0.0660110105967202,0.0732947908584098,0.0042490319154224,1.0,24.244270673005403,,LAS_DataFrame_a8125604_Laser_True_20260726_130401_LAS.csv,,
a8125604,2026-07-26 13:36:38.208410,2026-07-26,0.9,0.895,71.99,8.003,10.0,85,2420,58.6,104.03333333333336,0.1247219128924639,19.166666666666668,0.0471404520791021,84.86666666666666,0.1699673171197563,0.4292272103995687,0.000775457525316,Data\NafisaData\LAS_0.9Torr_SmallAdmixture_1kHzLaserFreq\OscopeData_Laser_True\Scope_TrialNumber_0_85.00W_0.90Torr_10.00NitrogenFlow_2420.00MHz.csv,True,a8125604|Scope_TrialNumber_0_85.00W_0.90Torr_10.00NitrogenFlow_2420.00MHz.csv,678.026250553876,70.48054372758025,6.780262505538761,70.805924920019,8540043974.871222,486455170.611257,1043319385.4515784,1151153323.008489,1.2687481691041256,0.0622036993271662,0.0759676525418997,0.0041239733803254,1.0,22.350410665936018,,LAS_DataFrame_a8125604_Laser_True_20260726_130401_LAS.csv,,
a8125604,2026-07-26 13:36:56.244199,2026-07-26,0.9,0.8960000000000001,72.01,8.004,10.0,90,2420,59.1,111.6,0.1414213562373081,21.566666666666663,0.0471404520791038,90.03333333333335,0.1699673171197545,0.4396019076315356,0.000665287481859,Data\NafisaData\LAS_0.9Torr_SmallAdmixture_1kHzLaserFreq\OscopeData_Laser_True\Scope_TrialNumber_0_90.00W_0.90Torr_10.00NitrogenFlow_2420.00MHz.csv,True,a8125604|Scope_TrialNumber_0_90.00W_0.90Torr_10.00NitrogenFlow_2420.00MHz.csv,692.8698039822334,72.56493700496007,6.928698039822335,72.89497197379845,8752164550.572746,500522231.8189969,1069233714.3863876,1180585973.3732147,1.2825608875063228,0.0619954580385467,0.0778545634570305,0.0041671153722805,1.0,22.373992345590462,,LAS_DataFrame_a8125604_Laser_True_20260726_130401_LAS.csv,,
a8125604,2026-07-26 13:37:14.325625,2026-07-26,0.9,0.895,71.99,8.0,10.0,95,2420,59.9,119.8,0.1414213562373148,24.866666666666664,0.0471404520791021,94.93333333333334,0.0942809041582076,0.4555962765084637,0.0001630897330659,Data\NafisaData\LAS_0.9Torr_SmallAdmixture_1kHzLaserFreq\OscopeData_Laser_True\Scope_TrialNumber_0_95.00W_0.90Torr_10.00NitrogenFlow_2420.00MHz.csv,True,a8125604|Scope_TrialNumber_0_95.00W_0.90Torr_10.00NitrogenFlow_2420.00MHz.csv,763.8072612163808,78.01023177283479,7.638072612163808,78.38326616364037,8994650751.359161,503935711.4172773,1098857748.493166,1208900141.7259853,1.3466169159859107,0.0616874978523141,0.0800115906926924,0.0041029713699693,1.0,19.924880413067804,,LAS_DataFrame_a8125604_Laser_True_20260726_130401_LAS.csv,,
a8125604,2026-07-26 13:37:32.324525,2026-07-26,0.9,0.8960000000000001,71.98,7.998,10.0,100,2420,61.1,131.13333333333333,0.0471404520791004,31.166666666666668,0.0471404520791021,99.96666666666664,0.0471404520791038,0.4875155749340694,0.0003337554868128,Data\NafisaData\LAS_0.9Torr_SmallAdmixture_1kHzLaserFreq\OscopeData_Laser_True\Scope_TrialNumber_0_100.00W_0.90Torr_10.00NitrogenFlow_2420.00MHz.csv,True,a8125604|Scope_TrialNumber_0_100.00W_0.90Torr_10.00NitrogenFlow_2420.00MHz.csv,207.1403108224028,218.92558097262972,2.071403108224028,218.9353802267697,5482399587.010388,4188764364.864023,669773338.9605781,4241973977.989152,0.7012687497974639,0.3702009579014946,0.0487684873927291,0.0372425945936429,1.0,129.31324893926492,,LAS_DataFrame_a8125604_Laser_True_20260726_130401_LAS.csv,,
a8125604,2026-07-26 13:37:50.365232,2026-07-26,0.9,0.8960000000000001,72.0,8.008,10.0,105,2420,62.4,140.06666666666666,0.1247219128924576,35.06666666666666,0.0471404520791038,105.0,0.1414213562373014,0.5003569096350847,0.0004373051556983,Data\NafisaData\LAS_0.9Torr_SmallAdmixture_1kHzLaserFreq\OscopeData_Laser_True\Scope_TrialNumber_0_105.00W_0.90Torr_10.00NitrogenFlow_2420.00MHz.csv,True,a8125604|Scope_TrialNumber_0_105.00W_0.90Torr_10.00NitrogenFlow_2420.00MHz.csv,925.6842492413376,119.80023630216306,9.256842492413378,120.15733748291636,9145146587.961315,651959227.293176,1117243511.4024427,1293554752.541838,1.4824621417537716,0.0873299623774424,0.0813503209682783,0.0053748327566378,1.0,36.751199310642754,,LAS_DataFrame_a8125604_Laser_True_20260726_130401_LAS.csv,,
a8125604,2026-07-26 13:38:08.416523,2026-07-26,0.9,0.8960000000000001,72.0,8.006,10.0,110,2420,63.7,147.73333333333332,0.1699673171197628,37.9,0.0,109.83333333333331,0.1699673171197628,0.5065013090896918,0.000291498066618,Data\NafisaData\LAS_0.9Torr_SmallAdmixture_1kHzLaserFreq\OscopeData_Laser_True\Scope_TrialNumber_0_110.00W_0.90Torr_10.00NitrogenFlow_2420.00MHz.csv,True,a8125604|Scope_TrialNumber_0_110.00W_0.90Torr_10.00NitrogenFlow_2420.00MHz.csv,724.3760807879833,80.71214231985445,7.243760807879832,81.03654723951543,8216840769.82701,503462868.0977962,1003834323.0496844,1123013004.2372072,1.3113971182521555,0.0644242899552272,0.0730926101119692,0.0040458626430717,1.0,21.180732289067286,,LAS_DataFrame_a8125604_Laser_True_20260726_130401_LAS.csv,,
a8125604,2026-07-26 13:38:59.060329,2026-07-26,0.9,0.8939999999999999,70.39,9.59,12.0,30,2420,58.4,39.23333333333333,0.0471404520791004,9.233333333333333,0.0471404520791038,30.0,3.552713678800501e-15,0.4851207047791148,0.0009454910419444,Data\NafisaData\LAS_0.9Torr_SmallAdmixture_1kHzLaserFreq\OscopeData_Laser_True\Scope_TrialNumber_0_30.00W_0.90Torr_12.00NitrogenFlow_2420.00MHz.csv,True,a8125604|Scope_TrialNumber_0_30.00W_0.90Torr_12.00NitrogenFlow_2420.00MHz.csv,165.41778283211076,56.9316398628814,1.6541778283211075,56.95566628321132,4839677124.324364,958258843.7997736,591253274.3381217,1125984212.2054949,0.6266763021209018,0.1071953025518755,0.0430511729538486,0.008485620523115,1.0,29.315397619109337,,LAS_DataFrame_a8125604_Laser_True_20260726_130401_LAS.csv,,
a8125604,2026-07-26 13:39:17.019990,2026-07-26,0.9,0.8939999999999999,70.39,9.593,12.0,35,2420,56.4,45.9,0.0,10.833333333333334,0.047140452079103,35.06666666666666,0.0471404520791004,0.4858180919992823,0.0010561939815695,Data\NafisaData\LAS_0.9Torr_SmallAdmixture_1kHzLaserFreq\OscopeData_Laser_True\Scope_TrialNumber_0_35.00W_0.90Torr_12.00NitrogenFlow_2420.00MHz.csv,True,a8125604|Scope_TrialNumber_0_35.00W_0.90Torr_12.00NitrogenFlow_2420.00MHz.csv,174.7064428344321,42.70757270342797,1.747064428344321,42.74329187527993,5709887019.255564,700226985.0981054,697565004.7536776,988389987.058034,0.6440307962640085,0.0780625770058142,0.0507920936248868,0.0061773470456548,1.0,32.66604593799931,,LAS_DataFrame_a8125604_Laser_True_20260726_130401_LAS.csv,,
a8125604,2026-07-26 13:39:35.190143,2026-07-26,0.9,0.8939999999999999,70.39,9.604,12.0,40,2420,55.9,51.333333333333336,0.0471404520791038,11.300000000000002,1.7763568394002505e-15,40.03333333333333,0.0471404520791004,0.4691801458751092,0.0002153240573552,Data\NafisaData\LAS_0.9Torr_SmallAdmixture_1kHzLaserFreq\OscopeData_Laser_True\Scope_TrialNumber_0_40.00W_0.90Torr_12.00NitrogenFlow_2420.00MHz.csv,True,a8125604|Scope_TrialNumber_0_40.00W_0.90Torr_12.00NitrogenFlow_2420.00MHz.csv,175.89760501312483,54.82437597517745,1.7589760501312484,54.85258606312514,4739578843.135007,742589102.5914515,579024475.8070445,941651697.2167577,0.6462225927969394,0.0993758379926079,0.0421607523110732,0.0065192028343589,1.0,34.281478902297835,,LAS_DataFrame_a8125604_Laser_True_20260726_130401_LAS.csv,,
a8125604,2026-07-26 13:39:53.254398,2026-07-26,0.9,0.8939999999999999,70.41,9.598,12.0,45,2420,55.8,56.5,0.0816496580927737,11.6,0.0,44.9,0.0816496580927737,0.4531115272087105,0.0003274022619477,Data\NafisaData\LAS_0.9Torr_SmallAdmixture_1kHzLaserFreq\OscopeData_Laser_True\Scope_TrialNumber_0_45.00W_0.90Torr_12.00NitrogenFlow_2420.00MHz.csv,True,a8125604|Scope_TrialNumber_0_45.00W_0.90Torr_12.00NitrogenFlow_2420.00MHz.csv,724.3045542333131,135.66541797824837,7.243045542333131,135.85862999434798,4031327176.174836,418016772.7512854,492498844.7807611,645982301.9338719,1.3113323714750502,0.1196413158525679,0.0358605252037927,0.0036404012679683,1.0,16.29212175231213,,LAS_DataFrame_a8125604_Laser_True_20260726_130401_LAS.csv,,
a8125604,2026-07-26 13:40:11.277668,2026-07-26,0.9,0.8939999999999999,70.4,9.597,12.0,50,2420,55.9,62.43333333333334,0.1885618083164153,12.466666666666669,0.047140452079103,49.96666666666666,0.1699673171197619,0.4468553878273171,0.000774873985283,Data\NafisaData\LAS_0.9Torr_SmallAdmixture_1kHzLaserFreq\OscopeData_Laser_True\Scope_TrialNumber_0_50.00W_0.90Torr_12.00NitrogenFlow_2420.00MHz.csv,True,a8125604|Scope_TrialNumber_0_50.00W_0.90Torr_12.00NitrogenFlow_2420.00MHz.csv,108.10530857343905,26.522486452346005,1.0810530857343903,26.54450910054758,3899158363.094762,419529162.4306059,476352056.1641784,634756645.9215423,0.5066122474326655,0.0607643541693064,0.0346848223036102,0.0036236928258544,1.0,45.21171286190395,,LAS_DataFrame_a8125604_Laser_True_20260726_130401_LAS.csv,,
a8125604,2026-07-26 13:40:29.309039,2026-07-26,0.9,0.8939999999999999,70.4,9.601,12.0,55,2420,56.1,68.23333333333333,0.1699673171197609,13.199999999999998,1.7763568394002505e-15,55.03333333333333,0.1699673171197609,0.4398348964685035,0.0005483506910202,Data\NafisaData\LAS_0.9Torr_SmallAdmixture_1kHzLaserFreq\OscopeData_Laser_True\Scope_TrialNumber_0_55.00W_0.90Torr_12.00NitrogenFlow_2420.00MHz.csv,True,a8125604|Scope_TrialNumber_0_55.00W_0.90Torr_12.00NitrogenFlow_2420.00MHz.csv,709.2782728163695,113.81270647134669,7.092782728163695,114.03350262603468,4730589472.899091,418318881.3051365,577926263.1681249,713434966.9842751,1.2976587591003823,0.0990453862082762,0.0420807876930148,0.0035727108951686,1.0,16.776644668564035,,LAS_DataFrame_a8125604_Laser_True_20260726_130401_LAS.csv,,
a8125604,2026-07-26 13:40:47.316923,2026-07-26,0.9,0.8939999999999999,70.39,9.609,12.0,60,2420,56.4,74.23333333333333,0.0471404520791004,14.1,0.0,60.13333333333333,0.0471404520791004,0.4358229949545755,0.0001383339378575,Data\NafisaData\LAS_0.9Torr_SmallAdmixture_1kHzLaserFreq\OscopeData_Laser_True\Scope_TrialNumber_0_60.00W_0.90Torr_12.00NitrogenFlow_2420.00MHz.csv,True,a8125604|Scope_TrialNumber_0_60.00W_0.90Torr_12.00NitrogenFlow_2420.00MHz.csv,739.3072806412029,115.20469754823696,7.393072806412029,115.44167298987684,5138008789.499835,440886500.6664922,627699832.5159807,767064525.4543682,1.324843764091496,0.0958749172185286,0.0457049714997323,0.0036932186074409,1.0,17.285326515951397,,LAS_DataFrame_a8125604_Laser_True_20260726_130401_LAS.csv,,
a8125604,2026-07-26 13:41:05.488593,2026-07-26,0.9,0.8939999999999999,70.4,9.608,12.0,65,2420,56.8,80.10000000000001,0.1414213562373081,15.133333333333333,0.047140452079103,64.96666666666668,0.1247219128924626,0.4346610495802587,0.0005873694582595,Data\NafisaData\LAS_0.9Torr_SmallAdmixture_1kHzLaserFreq\OscopeData_Laser_True\Scope_TrialNumber_0_65.00W_0.90Torr_12.00NitrogenFlow_2420.00MHz.csv,True,a8125604|Scope_TrialNumber_0_65.00W_0.90Torr_12.00NitrogenFlow_2420.00MHz.csv,849.5858859048415,114.53218032144297,8.495858859048415,114.8468543188554,5574051905.672756,423889531.5382519,680970311.8407413,802123993.2555285,1.4202206362474472,0.0918533056120433,0.0495837772810821,0.003651280473749,1.0,15.134901897351131,,LAS_DataFrame_a8125604_Laser_True_20260726_130401_LAS.csv,,
a8125604,2026-07-26 13:41:23.532956,2026-07-26,0.9,0.8939999999999999,70.39,9.601,12.0,70,2420,57.1,86.03333333333335,0.0942809041582009,16.066666666666666,0.0471404520791038,69.96666666666667,0.0471404520791004,0.432144405708535,0.0003976203511819,Data\NafisaData\LAS_0.9Torr_SmallAdmixture_1kHzLaserFreq\OscopeData_Laser_True\Scope_TrialNumber_0_70.00W_0.90Torr_12.00NitrogenFlow_2420.00MHz.csv,True,a8125604|Scope_TrialNumber_0_70.00W_0.90Torr_12.00NitrogenFlow_2420.00MHz.csv,701.4741481766,92.55754141265444,7.014741481766,92.82297706070008,5677855869.263194,410683336.7495112,693651825.8726695,806110202.5282899,1.2905000019058803,0.0824396835367744,0.0505071616877332,0.0035571252928394,1.0,17.53720062476215,,LAS_DataFrame_a8125604_Laser_True_20260726_130401_LAS.csv,,
a8125604,2026-07-26 13:41:41.573594,2026-07-26,0.9,0.8939999999999999,70.4,9.593,12.0,75,2420,57.5,92.0,0.0816496580927679,17.0,0.0,75.0,0.0816496580927679,0.4298636037788388,0.0001907512810491,Data\NafisaData\LAS_0.9Torr_SmallAdmixture_1kHzLaserFreq\OscopeData_Laser_True\Scope_TrialNumber_0_75.00W_0.90Torr_12.00NitrogenFlow_2420.00MHz.csv,True,a8125604|Scope_TrialNumber_0_75.00W_0.90Torr_12.00NitrogenFlow_2420.00MHz.csv,742.2427745773521,93.10006891985324,7.422427745773521,93.3954777626982,6120498986.294165,423122677.1654488,747728613.5559655,859145435.5707089,1.3274713711069244,0.0792864750523241,0.0544446775381921,0.0036169425791938,1.0,17.108016518104428,,LAS_DataFrame_a8125604_Laser_True_20260726_130401_LAS.csv,,
a8125604,2026-07-26 13:41:59.616306,2026-07-26,0.9,0.893,70.39,9.593,12.0,80,2420,57.9,97.5,0.0816496580927679,17.566666666666666,0.0471404520791038,79.93333333333334,0.0471404520791004,0.424464998333638,0.0004253781446076,Data\NafisaData\LAS_0.9Torr_SmallAdmixture_1kHzLaserFreq\OscopeData_Laser_True\Scope_TrialNumber_0_80.00W_0.90Torr_12.00NitrogenFlow_2420.00MHz.csv,True,a8125604|Scope_TrialNumber_0_80.00W_0.90Torr_12.00NitrogenFlow_2420.00MHz.csv,753.6307868256372,90.08357974168548,7.536307868256372,90.39827031178056,6790478530.626305,435031439.2291215,829578619.0728607,936724633.1449788,1.337616108404552,0.0718829624307665,0.0604044563617868,0.0035326216055387,1.0,15.979780120819434,,LAS_DataFrame_a8125604_Laser_True_20260726_130401_LAS.csv,,
a8125604,2026-07-26 13:42:17.575291,2026-07-26,0.9,0.893,70.39,9.6,12.0,85,2420,58.3,103.56666666666666,0.0942809041582076,18.5,0.0,85.06666666666666,0.0942809041582076,0.4226452572119525,0.000192282706779,Data\NafisaData\LAS_0.9Torr_SmallAdmixture_1kHzLaserFreq\OscopeData_Laser_True\Scope_TrialNumber_0_85.00W_0.90Torr_12.00NitrogenFlow_2420.00MHz.csv,True,a8125604|Scope_TrialNumber_0_85.00W_0.90Torr_12.00NitrogenFlow_2420.00MHz.csv,794.5414105931236,93.0663994725455,7.945414105931236,93.40494802791844,7035883847.205141,452250846.667696,859559275.4761485,971273893.5896142,1.3734423758377257,0.0734213635174007,0.0625874504864835,0.0037340060881998,1.0,16.902522139983486,,LAS_DataFrame_a8125604_Laser_True_20260726_130401_LAS.csv,,
a8125604,2026-07-26 13:42:35.605394,2026-07-26,0.9,0.8939999999999999,70.41,9.602,12.0,90,2420,58.7,109.93333333333334,0.0942809041582076,19.866666666666667,0.0471404520791021,90.06666666666668,0.1247219128924626,0.4251064835699386,0.000616293853215,Data\NafisaData\LAS_0.9Torr_SmallAdmixture_1kHzLaserFreq\OscopeData_Laser_True\Scope_TrialNumber_0_90.00W_0.90Torr_12.00NitrogenFlow_2420.00MHz.csv,True,a8125604|Scope_TrialNumber_0_90.00W_0.90Torr_12.00NitrogenFlow_2420.00MHz.csv,791.6961095204948,85.56492586006638,7.916961095204948,85.93040678608268,7535409359.546646,439340026.3143639,920585266.9215124,1020047495.1662096,1.370980979955919,0.0645199353212615,0.0670309616287018,0.003479046000317,1.0,15.316919447140087,,LAS_DataFrame_a8125604_Laser_True_20260726_130401_LAS.csv,,
a8125604,2026-07-26 13:42:53.617001,2026-07-26,0.9,0.8939999999999999,70.41,9.592,12.0,95,2420,59.2,116.96666666666664,0.0942809041582009,21.899999999999995,3.552713678800501e-15,95.06666666666666,0.0942809041582009,0.4327041957953017,0.0001743159817491,Data\NafisaData\LAS_0.9Torr_SmallAdmixture_1kHzLaserFreq\OscopeData_Laser_True\Scope_TrialNumber_0_95.00W_0.90Torr_12.00NitrogenFlow_2420.00MHz.csv,True,a8125604|Scope_TrialNumber_0_95.00W_0.90Torr_12.00NitrogenFlow_2420.00MHz.csv,792.9362689407576,98.71261589621147,7.929362689407577,99.03057775118326,7488503223.941966,503814704.9134966,914854842.0294416,1044408272.1195712,1.372054352453771,0.068390042951756,0.0666137097946147,0.0037306482574073,1.0,16.64517714175063,,LAS_DataFrame_a8125604_Laser_True_20260726_130401_LAS.csv,,
a8125604,2026-07-26 13:43:11.693572,2026-07-26,0.9,0.893,70.41,9.6,12.0,100,2420,59.7,124.46666666666664,0.1247219128924639,24.5,0.0,99.96666666666664,0.1247219128924639,0.4436665395431977,0.0002223521184919,Data\NafisaData\LAS_0.9Torr_SmallAdmixture_1kHzLaserFreq\OscopeData_Laser_True\Scope_TrialNumber_0_100.00W_0.90Torr_12.00NitrogenFlow_2420.00MHz.csv,True,a8125604|Scope_TrialNumber_0_100.00W_0.90Torr_12.00NitrogenFlow_2420.00MHz.csv,751.5903495477928,71.50530597194953,7.515903495477929,71.89921826762415,7572798053.061145,395867128.6371252,925152965.7360812,1006289617.1310072,1.3358040993165408,0.0604458575187959,0.0673635514006353,0.0033799007540233,1.0,15.062630735308094,,LAS_DataFrame_a8125604_Laser_True_20260726_130401_LAS.csv,,
a8125604,2026-07-26 13:43:29.779592,2026-07-26,0.9,0.8939999999999999,70.4,9.595,12.0,105,2420,60.5,133.20000000000002,0.2160246899469295,28.23333333333333,0.094280904158206,104.96666666666668,0.1247219128924639,0.4603924677972478,0.0004088181018972,Data\NafisaData\LAS_0.9Torr_SmallAdmixture_1kHzLaserFreq\OscopeData_Laser_True\Scope_TrialNumber_0_105.00W_0.90Torr_12.00NitrogenFlow_2420.00MHz.csv,True,a8125604|Scope_TrialNumber_0_105.00W_0.90Torr_12.00NitrogenFlow_2420.00MHz.csv,418.3764469228549,179.29456809821323,4.183764469228549,179.343374660618,5336521929.67719,1642490249.4456964,651951769.3939784,1767148926.7008948,0.9966342043379668,0.2115639193576289,0.0474708379639296,0.0145449131146041,1.0,17.729771793193546,,LAS_DataFrame_a8125604_Laser_True_20260726_130401_LAS.csv,,
a8125604,2026-07-26 13:43:47.892734,2026-07-26,0.9,0.8939999999999999,70.4,9.606,12.0,110,2420,61.7,144.76666666666665,0.1247219128924702,34.8,0.0,109.96666666666668,0.1247219128924702,0.4902927321888435,0.0002112549968205,Data\NafisaData\LAS_0.9Torr_SmallAdmixture_1kHzLaserFreq\OscopeData_Laser_True\Scope_TrialNumber_0_110.00W_0.90Torr_12.00NitrogenFlow_2420.00MHz.csv,True,a8125604|Scope_TrialNumber_0_110.00W_0.90Torr_12.00NitrogenFlow_2420.00MHz.csv,874.0263139072721,105.62426523172336,8.740263139072722,105.98527070061046,7671313294.338769,483762385.1369518,937188367.578252,1054679136.798193,1.4405038664608898,0.085106230835012,0.0682398901690868,0.0042155533457488,1.0,17.731006157447613,,LAS_DataFrame_a8125604_Laser_True_20260726_130401_LAS.csv,,
f40b525d,2026-07-26 14:54:39.498243,2026-07-26,0.6,0.5980000000000001,80.0,0.005,0.0,30,2420,46.2,38.63333333333333,0.1247219128924633,8.6,0.0,30.03333333333333,0.1247219128924633,0.4718129214403048,0.0007608897730528,Data\NafisaData\LAS_0.6Torr_SmallAdmixture_1kHzLaserFreq\OscopeData_Laser_True\Scope_TrialNumber_0_30.00W_0.60Torr_0.00NitrogenFlow_2420.00MHz.csv,True,f40b525d|Scope_TrialNumber_0_30.00W_0.60Torr_0.00NitrogenFlow_2420.00MHz.csv,452.409145505997,25.57955651693972,4.5240914550599705,25.97654933006037,62614395748.74885,1767338194.6792068,7649470317.158602,7850979583.941259,1.036377228887589,0.0043701800494438,0.5569840945032938,0.002175791308771,1.0,13.118132156601687,,LAS_DataFrame_f40b525d_Laser_True_20260726_145342_LAS.csv,,
f40b525d,2026-07-26 14:54:57.567793,2026-07-26,0.6,0.5980000000000001,79.99,-0.002,0.0,35,2420,47.6,46.46666666666667,0.0942809041582076,11.366666666666667,0.047140452079103,35.1,0.1414213562373081,0.494591274691346,0.0015268408192781,Data\NafisaData\LAS_0.6Torr_SmallAdmixture_1kHzLaserFreq\OscopeData_Laser_True\Scope_TrialNumber_0_35.00W_0.60Torr_0.00NitrogenFlow_2420.00MHz.csv,True,f40b525d|Scope_TrialNumber_0_35.00W_0.60Torr_0.00NitrogenFlow_2420.00MHz.csv,466.75496668732455,16.157993990745666,4.667549666873246,16.818644109966225,59133592695.65518,1019913311.4109652,7224227857.878826,7295868098.132379,1.052680670219393,0.0041775188165085,0.5260207367404679,0.0019421583591876,1.0,10.21998726187906,,LAS_DataFrame_f40b525d_Laser_True_20260726_145342_LAS.csv,,
f40b525d,2026-07-26 14:55:15.651899,2026-07-26,0.6,0.5980000000000001,79.99,0.01,0.0,40,2420,49.6,56.53333333333333,0.0471404520791038,16.466666666666665,0.0471404520791038,40.06666666666667,0.0471404520791038,0.5396971053249032,0.0006887419663547,Data\NafisaData\LAS_0.6Torr_SmallAdmixture_1kHzLaserFreq\OscopeData_Laser_True\Scope_TrialNumber_0_40.00W_0.60Torr_0.00NitrogenFlow_2420.00MHz.csv,True,f40b525d|Scope_TrialNumber_0_40.00W_0.60Torr_0.00NitrogenFlow_2420.00MHz.csv,433.5417888161623,27.66435785818559,4.335417888161623,28.002009641644413,40503781874.41283,1290220065.0823388,4948262671.482836,5113704262.306486,1.014536454841151,0.0048368725687511,0.3602999278601127,0.00159078335865,1.0,7.706362396752884,,LAS_DataFrame_f40b525d_Laser_True_20260726_145342_LAS.csv,,
f40b525d,2026-07-26 14:55:33.695282,2026-07-26,0.6,0.5980000000000001,80.0,-0.0,0.0,45,2420,50.6,56.96666666666667,0.0942809041582076,12.033333333333331,0.094280904158206,44.93333333333334,0.0942809041582076,0.4595988878482644,0.0016469359290745,Data\NafisaData\LAS_0.6Torr_SmallAdmixture_1kHzLaserFreq\OscopeData_Laser_True\Scope_TrialNumber_0_45.00W_0.60Torr_0.00NitrogenFlow_2420.00MHz.csv,True,f40b525d|Scope_TrialNumber_0_45.00W_0.60Torr_0.00NitrogenFlow_2420.00MHz.csv,547.102109662709,22.76402528154924,5.471021096627091,23.41223865542874,45918139409.24359,949011641.2615747,5609723454.644662,5689430580.720748,1.1396890327403413,0.007883019416788,0.4084631496367127,0.0026525742270289,1.0,21.89131320066843,,LAS_DataFrame_f40b525d_Laser_True_20260726_145342_LAS.csv,,
f40b525d,2026-07-26 14:55:51.716487,2026-07-26,0.6,0.5980000000000001,80.0,-0.0,0.0,50,2420,51.9,67.23333333333333,0.124721912892469,17.266666666666666,0.0471404520791038,49.96666666666667,0.094280904158211,0.5067709014064262,0.0004562972183107,Data\NafisaData\LAS_0.6Torr_SmallAdmixture_1kHzLaserFreq\OscopeData_Laser_True\Scope_TrialNumber_0_50.00W_0.60Torr_0.00NitrogenFlow_2420.00MHz.csv,True,f40b525d|Scope_TrialNumber_0_50.00W_0.60Torr_0.00NitrogenFlow_2420.00MHz.csv,536.0794080507726,24.134876184404984,5.360794080507726,24.723073466099752,47304612283.393005,1062844726.1793436,5779105957.973595,5876027959.893753,1.1281497124233442,0.0044421264738673,0.4207964689816802,0.001551543645844,1.0,6.92616977933173,,LAS_DataFrame_f40b525d_Laser_True_20260726_145342_LAS.csv,,
f40b525d,2026-07-26 14:56:09.682251,2026-07-26,0.6,0.5980000000000001,80.01,0.01,0.0,55,2420,53.4,77.73333333333333,0.124721912892469,22.566666666666663,0.0471404520791038,55.16666666666666,0.1247219128924696,0.5388032104239495,0.0006421376180539,Data\NafisaData\LAS_0.6Torr_SmallAdmixture_1kHzLaserFreq\OscopeData_Laser_True\Scope_TrialNumber_0_55.00W_0.60Torr_0.00NitrogenFlow_2420.00MHz.csv,True,f40b525d|Scope_TrialNumber_0_55.00W_0.60Torr_0.00NitrogenFlow_2420.00MHz.csv,498.4955479756608,19.962984497802875,4.984955479756608,20.575969751014732,45474283746.5278,908300919.146199,5555498532.780507,5629260564.892,1.0878845684011216,0.0042811516729106,0.4045148476299357,0.0014871238847739,1.0,6.911046756392043,,LAS_DataFrame_f40b525d_Laser_True_20260726_145342_LAS.csv,,
f40b525d,2026-07-26 14:56:27.616738,2026-07-26,0.6,0.5980000000000001,80.0,-0.015,0.0,60,2420,55.1,87.76666666666667,0.124721912892469,27.633333333333336,0.1247219128924649,60.133333333333326,0.1247219128924652,0.5611134932209461,0.0011207655573594,Data\NafisaData\LAS_0.6Torr_SmallAdmixture_1kHzLaserFreq\OscopeData_Laser_True\Scope_TrialNumber_0_60.00W_0.60Torr_0.00NitrogenFlow_2420.00MHz.csv,True,f40b525d|Scope_TrialNumber_0_60.00W_0.60Torr_0.00NitrogenFlow_2420.00MHz.csv,546.1364149417599,19.81458260229241,5.461364149417599,20.55344696335904,45016046967.10191,810773205.6456052,5499516699.840456,5558960075.663155,1.138682750952996,0.0072171581721833,0.4004386189191966,0.0023850536744457,1.0,18.503433307402865,,LAS_DataFrame_f40b525d_Laser_True_20260726_145342_LAS.csv,,
f40b525d,2026-07-26 14:56:45.660615,2026-07-26,0.6,0.5980000000000001,80.0,0.005,0.0,65,2420,56.2,91.36666666666667,0.1699673171197563,26.366666666666664,0.0471404520791021,65.0,0.1632993161855359,0.5371975379822521,0.000589635184826,Data\NafisaData\LAS_0.6Torr_SmallAdmixture_1kHzLaserFreq\OscopeData_Laser_True\Scope_TrialNumber_0_65.00W_0.60Torr_0.00NitrogenFlow_2420.00MHz.csv,True,f40b525d|Scope_TrialNumber_0_65.00W_0.60Torr_0.00NitrogenFlow_2420.00MHz.csv,490.7895062413203,14.893575808199628,4.9078950624132025,15.681391338087607,43632858554.075066,659473525.1194469,5330535452.286087,5371174316.517042,1.0794432340349185,0.0039589302692214,0.3881345163794447,0.0013257065631822,1.0,5.544079643437409,,LAS_DataFrame_f40b525d_Laser_True_20260726_145342_LAS.csv,,
f40b525d,2026-07-26 14:57:03.641356,2026-07-26,0.6,0.5980000000000001,80.02,-0.012,0.0,70,2420,57.6,102.86666666666667,0.1247219128924639,32.86666666666667,0.1247219128924633,70.0,0.1632993161855417,0.5652491044210113,0.0010788062032892,Data\NafisaData\LAS_0.6Torr_SmallAdmixture_1kHzLaserFreq\OscopeData_Laser_True\Scope_TrialNumber_0_70.00W_0.60Torr_0.00NitrogenFlow_2420.00MHz.csv,True,f40b525d|Scope_TrialNumber_0_70.00W_0.60Torr_0.00NitrogenFlow_2420.00MHz.csv,481.0303983091816,21.018642272101648,4.810303983091816,21.562058050481344,40630056047.16566,886156919.003356,4963689324.167827,5042170742.047038,1.068657247410132,0.0036439056565891,0.361423195200296,0.0011432195686499,1.0,4.64799686037535,,LAS_DataFrame_f40b525d_Laser_True_20260726_145342_LAS.csv,,
f40b525d,2026-07-26 14:57:21.581546,2026-07-26,0.6,0.5990000000000001,80.01,-0.012,0.0,75,2420,59.2,115.8,0.0816496580927737,40.66666666666666,0.0471404520791038,75.13333333333333,0.0942809041582043,0.5926045972787283,0.0004021915579307,Data\NafisaData\LAS_0.6Torr_SmallAdmixture_1kHzLaserFreq\OscopeData_Laser_True\Scope_TrialNumber_0_75.00W_0.60Torr_0.00NitrogenFlow_2420.00MHz.csv,True,f40b525d|Scope_TrialNumber_0_75.00W_0.60Torr_0.00NitrogenFlow_2420.00MHz.csv,543.4987675596396,26.77915335963708,5.434987675596396,27.32511931708344,38601431548.13606,948988568.8973372,4715856494.282254,4810393100.211451,1.1359297036617808,0.0052936837372898,0.3433776392835199,0.0015037254180813,1.0,6.669473747140988,,LAS_DataFrame_f40b525d_Laser_True_20260726_145342_LAS.csv,,
f40b525d,2026-07-26 14:57:39.639881,2026-07-26,0.6,0.5980000000000001,79.99,-0.002,0.0,80,2420,60.9,127.7,0.1632993161855475,47.6,0.3265986323710892,80.1,0.1632993161855417,0.6105268744019154,0.0017041852277895,Data\NafisaData\LAS_0.6Torr_SmallAdmixture_1kHzLaserFreq\OscopeData_Laser_True\Scope_TrialNumber_0_80.00W_0.60Torr_0.00NitrogenFlow_2420.00MHz.csv,True,f40b525d|Scope_TrialNumber_0_80.00W_0.60Torr_0.00NitrogenFlow_2420.00MHz.csv,591.9883414838906,29.580981921043623,5.919883414838906,30.1675241121706,40929532984.08034,1021774788.5812083,5000275797.808726,5103604782.184047,1.1855196349201953,0.0035154377499672,0.3640871814695459,0.001015847355087,1.0,3.7362418967887776,,LAS_DataFrame_f40b525d_Laser_True_20260726_145342_LAS.csv,,
f40b525d,2026-07-26 14:57:57.822887,2026-07-26,0.6,0.5980000000000001,79.99,-0.004,0.0,85,2420,62.8,141.46666666666667,0.4988876515698532,56.333333333333336,0.4988876515698596,85.13333333333334,0.1885618083164053,0.6310304157594526,0.001804384718045,Data\NafisaData\LAS_0.6Torr_SmallAdmixture_1kHzLaserFreq\OscopeData_Laser_True\Scope_TrialNumber_0_85.00W_0.60Torr_0.00NitrogenFlow_2420.00MHz.csv,True,f40b525d|Scope_TrialNumber_0_85.00W_0.60Torr_0.00NitrogenFlow_2420.00MHz.csv,550.9518852450502,19.616895383208515,5.509518852450502,20.375902003623175,40903054981.05844,725860713.7202882,4997041035.327166,5049484417.687227,1.1436918098657174,0.0046517682206484,0.3638516473505777,0.0013865666333661,1.0,6.48154651285331,,LAS_DataFrame_f40b525d_Laser_True_20260726_145342_LAS.csv,,
f40b525d,2026-07-26 14:58:15.837933,2026-07-26,0.6,0.5980000000000001,79.98,0.002,0.0,90,2420,64.7,153.03333333333333,0.1699673171197498,62.96666666666667,0.2494438257849272,90.06666666666666,0.1247219128924652,0.6414477063051738,0.0009660052519115,Data\NafisaData\LAS_0.6Torr_SmallAdmixture_1kHzLaserFreq\OscopeData_Laser_True\Scope_TrialNumber_0_90.00W_0.60Torr_0.00NitrogenFlow_2420.00MHz.csv,True,f40b525d|Scope_TrialNumber_0_90.00W_0.60Torr_0.00NitrogenFlow_2420.00MHz.csv,577.3356785663582,33.40642915546321,5.773356785663582,33.90163945141223,41958682456.80817,1212818471.8323164,5126004845.408906,5267528293.305434,1.17075594807809,0.0043486556777042,0.3732419434108093,0.0013071543355404,1.0,4.845662931108427,,LAS_DataFrame_f40b525d_Laser_True_20260726_145342_LAS.csv,,
f40b525d,2026-07-26 14:58:33.825682,2026-07-26,0.6,0.5980000000000001,80.0,0.007,0.0,95,2420,66.9,165.9,0.1414213562373014,70.93333333333332,0.1247219128924626,94.96666666666668,0.0471404520791038,0.6538856224908457,0.0003245496219619,Data\NafisaData\LAS_0.6Torr_SmallAdmixture_1kHzLaserFreq\OscopeData_Laser_True\Scope_TrialNumber_0_95.00W_0.60Torr_0.00NitrogenFlow_2420.00MHz.csv,True,f40b525d|Scope_TrialNumber_0_95.00W_0.60Torr_0.00NitrogenFlow_2420.00MHz.csv,547.2375868494895,20.397806413863048,5.472375868494895,21.119124132963417,39451735693.27252,733381558.814538,4819736380.704511,4875213563.557587,1.139830132823766,0.004351129730656,0.3509414890766513,0.001255336678403,1.0,4.935812424206828,,LAS_DataFrame_f40b525d_Laser_True_20260726_145342_LAS.csv,,
f40b525d,2026-07-26 14:58:51.804094,2026-07-26,0.6,0.5980000000000001,80.0,0.002,0.0,100,2420,69.1,179.5666666666667,0.4496912521077323,79.6,0.4546060565661933,99.96666666666664,0.0471404520791071,0.6657962996779095,0.0010768778229897,Data\NafisaData\LAS_0.6Torr_SmallAdmixture_1kHzLaserFreq\OscopeData_Laser_True\Scope_TrialNumber_0_100.00W_0.60Torr_0.00NitrogenFlow_2420.00MHz.csv,True,f40b525d|Scope_TrialNumber_0_100.00W_0.60Torr_0.00NitrogenFlow_2420.00MHz.csv,511.8950486627551,28.809254034381265,5.118950486627551,29.26049849373824,37912280246.68127,1064930524.0439042,4631664315.128069,4752514213.452831,1.102408717286233,0.0053024602332507,0.3372473187873067,0.001519364835695,1.0,6.695102172238755,,LAS_DataFrame_f40b525d_Laser_True_20260726_145342_LAS.csv,,
f40b525d,2026-07-26 14:59:09.870459,2026-07-26,0.6,0.5980000000000001,79.99,0.007,0.0,105,2420,71.5,195.36666666666667,0.5312459150169792,90.33333333333331,0.4921607686744479,105.03333333333336,0.0471404520791038,0.6799809872351533,0.0009311091465019,Data\NafisaData\LAS_0.6Torr_SmallAdmixture_1kHzLaserFreq\OscopeData_Laser_True\Scope_TrialNumber_0_105.00W_0.60Torr_0.00NitrogenFlow_2420.00MHz.csv,True,f40b525d|Scope_TrialNumber_0_105.00W_0.60Torr_0.00NitrogenFlow_2420.00MHz.csv,524.1829129448165,16.18073990664465,5.241829129448165,17.008618890104337,40391937749.092896,621078693.298684,4934598907.638233,4973530448.537944,1.1155617227604837,0.0042084433928731,0.3593050224853678,0.0012676041288545,1.0,4.965709336658457,,LAS_DataFrame_f40b525d_Laser_True_20260726_145342_LAS.csv,,
f40b525d,2026-07-26 14:59:27.921233,2026-07-26,0.6,0.5980000000000001,80.0,-0.001,0.0,110,2420,73.5,198.13333333333333,0.4496912521077323,93.13333333333333,0.0942809041582076,105.0,0.3741657386773906,0.6856056284652086,0.0005218911496727,Data\NafisaData\LAS_0.6Torr_SmallAdmixture_1kHzLaserFreq\OscopeData_Laser_True\Scope_TrialNumber_0_110.00W_0.60Torr_0.00NitrogenFlow_2420.00MHz.csv,True,f40b525d|Scope_TrialNumber_0_110.00W_0.60Torr_0.00NitrogenFlow_2420.00MHz.csv,524.0627511374881,30.009311905706696,5.240627511374881,30.46346956219808,40441058514.80418,1155992072.1552794,4940599889.27786,5074036355.488424,1.1154338517515965,0.0052626836744919,0.3597419744815315,0.0015919382127548,1.0,7.132276060090655,,LAS_DataFrame_f40b525d_Laser_True_20260726_145342_LAS.csv,,
f40b525d,2026-07-26 15:00:18.462468,2026-07-26,0.6,0.597,78.39,1.605,2.0,30,2420,63.7,38.56666666666666,0.0471404520791038,8.533333333333333,0.047140452079103,30.03333333333333,0.0471404520791038,0.4703829015645381,0.0011803775595358,Data\NafisaData\LAS_0.6Torr_SmallAdmixture_1kHzLaserFreq\OscopeData_Laser_True\Scope_TrialNumber_0_30.00W_0.60Torr_2.00NitrogenFlow_2420.00MHz.csv,True,f40b525d|Scope_TrialNumber_0_30.00W_0.60Torr_2.00NitrogenFlow_2420.00MHz.csv,566.580960261227,34.64762180896381,5.66580960261227,35.10782100145263,39482477015.55214,1183067218.0622764,4823491984.020268,4966459801.746249,1.1598001548736836,0.0213422653243231,0.3512149473980006,0.0060993148101713,1.0,79.55870619520054,,LAS_DataFrame_f40b525d_Laser_True_20260726_145342_LAS.csv,,
f40b525d,2026-07-26 15:00:36.500586,2026-07-26,0.6,0.597,78.39,1.598,2.0,35,2420,60.2,44.86666666666667,0.0471404520791038,9.833333333333334,0.047140452079103,35.03333333333333,0.0471404520791004,0.4681522759430293,0.0010203843149528,Data\NafisaData\LAS_0.6Torr_SmallAdmixture_1kHzLaserFreq\OscopeData_Laser_True\Scope_TrialNumber_0_35.00W_0.60Torr_2.00NitrogenFlow_2420.00MHz.csv,True,f40b525d|Scope_TrialNumber_0_35.00W_0.60Torr_2.00NitrogenFlow_2420.00MHz.csv,563.340670789715,40.23809173080142,5.63340670789715,40.63052174502526,43051223361.18597,1535709716.8673117,5259478292.18391,5479098122.90622,1.1564789377284614,0.0060414091617013,0.3829606015413534,0.0018871163222094,1.0,9.006675439486916,,LAS_DataFrame_f40b525d_Laser_True_20260726_145342_LAS.csv,,
f40b525d,2026-07-26 15:00:54.515097,2026-07-26,0.6,0.597,78.41,1.582,2.0,40,2420,59.0,50.93333333333334,0.1247219128924664,10.966666666666669,0.047140452079103,39.96666666666667,0.0942809041582076,0.464018588079176,0.0006798034459456,Data\NafisaData\LAS_0.6Torr_SmallAdmixture_1kHzLaserFreq\OscopeData_Laser_True\Scope_TrialNumber_0_40.00W_0.60Torr_2.00NitrogenFlow_2420.00MHz.csv,True,f40b525d|Scope_TrialNumber_0_40.00W_0.60Torr_2.00NitrogenFlow_2420.00MHz.csv,515.164747195213,17.31042917602816,5.1516474719521295,18.06074278465749,45445190426.51362,759188103.9663332,5551944262.469107,5603610592.356292,1.1059238973339645,0.0055038533952886,0.4042560490531801,0.0018777117507547,1.0,9.344189204744142,,LAS_DataFrame_f40b525d_Laser_True_20260726_145342_LAS.csv,,
f40b525d,2026-07-26 15:01:12.644314,2026-07-26,0.6,0.597,78.39,1.599,2.0,45,2420,58.5,57.7,0.1414213562373081,12.766666666666666,0.0471404520791038,44.93333333333334,0.0942809041582076,0.4703813640148803,0.0002925601687629,Data\NafisaData\LAS_0.6Torr_SmallAdmixture_1kHzLaserFreq\OscopeData_Laser_True\Scope_TrialNumber_0_45.00W_0.60Torr_2.00NitrogenFlow_2420.00MHz.csv,True,f40b525d|Scope_TrialNumber_0_45.00W_0.60Torr_2.00NitrogenFlow_2420.00MHz.csv,549.5651866112946,34.78396338031066,5.495651866112946,35.215426986993975,46265808211.01332,1461985162.459803,5652197428.04227,5838213457.969849,1.1422516159946845,0.0057468724908366,0.4115558248981302,0.0019449192665083,1.0,9.199115633345162,,LAS_DataFrame_f40b525d_Laser_True_20260726_145342_LAS.csv,,
f40b525d,2026-07-26 15:01:30.753463,2026-07-26,0.6,0.597,78.39,1.604,2.0,50,2420,58.4,64.63333333333334,0.0942809041582076,14.633333333333333,0.047140452079103,50.0,0.0816496580927737,0.4758202102211323,0.0006639861234386,Data\NafisaData\LAS_0.6Torr_SmallAdmixture_1kHzLaserFreq\OscopeData_Laser_True\Scope_TrialNumber_0_50.00W_0.60Torr_2.00NitrogenFlow_2420.00MHz.csv,True,f40b525d|Scope_TrialNumber_0_50.00W_0.60Torr_2.00NitrogenFlow_2420.00MHz.csv,502.98645564381,27.529626082914557,5.0298645564381,27.985350627090625,42574979482.89483,1163386237.0200503,5201296569.480159,5329817402.141816,1.092773914940116,0.004495997895724,0.3787241913334336,0.0014524349876544,1.0,6.303396354007214,,LAS_DataFrame_f40b525d_Laser_True_20260726_145342_LAS.csv,,
f40b525d,2026-07-26 15:01:48.631805,2026-07-26,0.6,0.597,78.41,1.608,2.0,55,2420,59.3,79.13333333333334,0.1699673171197563,24.1,0.0816496580927723,55.03333333333333,0.0942809041582026,0.5518590392884849,0.0004002756855438,Data\NafisaData\LAS_0.6Torr_SmallAdmixture_1kHzLaserFreq\OscopeData_Laser_True\Scope_TrialNumber_0_55.00W_0.60Torr_2.00NitrogenFlow_2420.00MHz.csv,True,f40b525d|Scope_TrialNumber_0_55.00W_0.60Torr_2.00NitrogenFlow_2420.00MHz.csv,522.8708288450382,23.787932429525537,5.228708288450382,24.355802586599,36176602917.58816,821764405.0907563,4419620230.851681,4495368697.05118,1.1141646647243817,0.0050741889718686,0.3218076638336111,0.0014131411115152,1.0,5.245967712175013,,LAS_DataFrame_f40b525d_Laser_True_20260726_145342_LAS.csv,,
f40b525d,2026-07-26 15:02:06.899046,2026-07-26,0.6,0.5980000000000001,78.39,1.6,2.0,60,2420,60.2,87.7,0.2160246899469273,27.8,0.0816496580927723,59.9,0.1632993161855475,0.5630183209632942,0.0005446400793719,Data\NafisaData\LAS_0.6Torr_SmallAdmixture_1kHzLaserFreq\OscopeData_Laser_True\Scope_TrialNumber_0_60.00W_0.60Torr_2.00NitrogenFlow_2420.00MHz.csv,True,f40b525d|Scope_TrialNumber_0_60.00W_0.60Torr_2.00NitrogenFlow_2420.00MHz.csv,567.0456865025686,38.92267951126352,5.670456865025686,39.333561514241886,36921905494.79285,1265641264.6907427,4510672294.413965,4684870580.761194,1.1602757083479778,0.0056266792028728,0.3284374759739546,0.001492692760935,1.0,6.263268661907899,,LAS_DataFrame_f40b525d_Laser_True_20260726_145342_LAS.csv,,
f40b525d,2026-07-26 15:02:25.042301,2026-07-26,0.6,0.5980000000000001,78.4,1.599,2.0,65,2420,60.9,95.13333333333333,0.1699673171197563,30.066666666666663,0.0471404520791038,65.06666666666668,0.2054804667656262,0.5621819299214774,0.0008681990545864,Data\NafisaData\LAS_0.6Torr_SmallAdmixture_1kHzLaserFreq\OscopeData_Laser_True\Scope_TrialNumber_0_65.00W_0.60Torr_2.00NitrogenFlow_2420.00MHz.csv,True,f40b525d|Scope_TrialNumber_0_65.00W_0.60Torr_2.00NitrogenFlow_2420.00MHz.csv,575.4801742592861,29.078719484764463,5.754801742592861,29.642700112678167,38448549338.30789,969244931.5476996,4697179193.1262245,4796136790.1331625,1.1688730825084657,0.0058274052094823,0.3420176811111454,0.0016054988288468,1.0,6.848723830110495,,LAS_DataFrame_f40b525d_Laser_True_20260726_145342_LAS.csv,,
f40b525d,2026-07-26 15:02:43.099014,2026-07-26,0.6,0.597,78.39,1.601,2.0,70,2420,60.8,92.4,0.0816496580927737,22.433333333333334,0.094280904158206,69.96666666666667,0.0471404520791004,0.4927308296438581,0.0008548412605815,Data\NafisaData\LAS_0.6Torr_SmallAdmixture_1kHzLaserFreq\OscopeData_Laser_True\Scope_TrialNumber_0_70.00W_0.60Torr_2.00NitrogenFlow_2420.00MHz.csv,True,f40b525d|Scope_TrialNumber_0_70.00W_0.60Torr_2.00NitrogenFlow_2420.00MHz.csv,530.9976989582605,23.67175307208644,5.309976989582605,24.260003073695817,39058533673.40476,869722098.548321,4771699708.887145,4850312839.446231,1.1227898911739584,0.0043362090950813,0.34744377471921,0.0012954550807957,1.0,5.16287538814002,,LAS_DataFrame_f40b525d_Laser_True_20260726_145342_LAS.csv,,
f40b525d,2026-07-26 15:03:01.040043,2026-07-26,0.6,0.5980000000000001,78.42,1.596,2.0,75,2420,61.1,102.56666666666666,0.0471404520791004,27.46666666666667,0.0471404520791038,75.1,0.0816496580927679,0.517487394165597,0.0005140895431295,Data\NafisaData\LAS_0.6Torr_SmallAdmixture_1kHzLaserFreq\OscopeData_Laser_True\Scope_TrialNumber_0_75.00W_0.60Torr_2.00NitrogenFlow_2420.00MHz.csv,True,f40b525d|Scope_TrialNumber_0_75.00W_0.60Torr_2.00NitrogenFlow_2420.00MHz.csv,576.6354404745714,22.633647942040465,5.766354404745714,23.35664492784361,41127615885.28499,805405282.8822243,5024475173.287518,5088617536.883394,1.1700457402438889,0.004468437344149,0.3658492207585102,0.0013148810653838,1.0,5.520943784473543,,LAS_DataFrame_f40b525d_Laser_True_20260726_145342_LAS.csv,,
f40b525d,2026-07-26 15:03:19.098889,2026-07-26,0.6,0.597,78.39,1.595,2.0,80,2420,61.8,113.2,0.0816496580927737,33.2,0.0,80.0,0.0816496580927737,0.5415591689916863,0.000195309793111,Data\NafisaData\LAS_0.6Torr_SmallAdmixture_1kHzLaserFreq\OscopeData_Laser_True\Scope_TrialNumber_0_80.00W_0.60Torr_2.00NitrogenFlow_2420.00MHz.csv,True,f40b525d|Scope_TrialNumber_0_80.00W_0.60Torr_2.00NitrogenFlow_2420.00MHz.csv,594.949857259184,31.798574038723647,5.94949857259184,32.350360804192924,41187035035.65227,1099400385.6337757,5031734287.131388,5150439898.127665,1.1884813106842338,0.0046024332962186,0.3663777816631987,0.0013385412987828,1.0,5.518462365428461,,LAS_DataFrame_f40b525d_Laser_True_20260726_145342_LAS.csv,,
f40b525d,2026-07-26 15:03:37.143194,2026-07-26,0.6,0.5980000000000001,78.41,1.602,2.0,85,2420,62.8,124.33333333333331,0.0942809041582076,39.266666666666666,0.0942809041582043,85.06666666666666,0.0942809041582076,0.5619761846316117,0.0005969204926941,Data\NafisaData\LAS_0.6Torr_SmallAdmixture_1kHzLaserFreq\OscopeData_Laser_True\Scope_TrialNumber_0_85.00W_0.60Torr_2.00NitrogenFlow_2420.00MHz.csv,True,f40b525d|Scope_TrialNumber_0_85.00W_0.60Torr_2.00NitrogenFlow_2420.00MHz.csv,562.6063496394944,27.154337106012328,5.626063496394944,27.73104062476606,40897760887.82024,979394452.8455076,4996394266.982639,5091480056.467032,1.1557249500327065,0.0147683039164767,0.3638045539355055,0.004520275526117,1.0,40.56393561770438,,LAS_DataFrame_f40b525d_Laser_True_20260726_145342_LAS.csv,,
f40b525d,2026-07-26 15:03:55.337676,2026-07-26,0.6,0.5980000000000001,78.4,1.587,2.0,90,2420,64.0,135.70000000000002,0.2160246899469295,45.73333333333333,0.0942809041582043,89.96666666666665,0.1699673171197609,0.5805323861186498,0.0004580002044672,Data\NafisaData\LAS_0.6Torr_SmallAdmixture_1kHzLaserFreq\OscopeData_Laser_True\Scope_TrialNumber_0_90.00W_0.60Torr_2.00NitrogenFlow_2420.00MHz.csv,True,f40b525d|Scope_TrialNumber_0_90.00W_0.60Torr_2.00NitrogenFlow_2420.00MHz.csv,516.0262570516854,22.0208502787488,5.160262570516855,22.617386161883257,39919637776.0062,847283121.1157013,4876899003.619059,4949952785.515043,1.1068482291608983,0.0085852993216684,0.3551036951436617,0.0026427714266722,1.0,17.76266341544069,,LAS_DataFrame_f40b525d_Laser_True_20260726_145342_LAS.csv,,
f40b525d,2026-07-26 15:04:13.332846,2026-07-26,0.6,0.5980000000000001,78.4,1.603,2.0,95,2420,65.3,147.23333333333335,0.2624669291337253,52.26666666666667,0.2054804667656324,94.96666666666664,0.1247219128924639,0.5958107483369061,0.0007435684741634,Data\NafisaData\LAS_0.6Torr_SmallAdmixture_1kHzLaserFreq\OscopeData_Laser_True\Scope_TrialNumber_0_95.00W_0.60Torr_2.00NitrogenFlow_2420.00MHz.csv,True,f40b525d|Scope_TrialNumber_0_95.00W_0.60Torr_2.00NitrogenFlow_2420.00MHz.csv,517.3525837958105,24.44041071028172,5.173525837958104,24.98197440722557,40361195090.898544,952407821.7246932,4930843141.116555,5021981156.991587,1.1082697656447738,0.0044003943079522,0.3590315522804373,0.0013743754194991,1.0,5.543908163539926,,LAS_DataFrame_f40b525d_Laser_True_20260726_145342_LAS.csv,,
f40b525d,2026-07-26 15:04:31.493260,2026-07-26,0.6,0.5980000000000001,78.4,1.61,2.0,100,2420,66.1,147.36666666666667,1.144066820115364,50.76666666666667,2.106075866524175,96.6,2.839013913315671,0.5868432590889153,0.0134608958423491,Data\NafisaData\LAS_0.6Torr_SmallAdmixture_1kHzLaserFreq\OscopeData_Laser_True\Scope_TrialNumber_0_100.00W_0.60Torr_2.00NitrogenFlow_2420.00MHz.csv,True,f40b525d|Scope_TrialNumber_0_100.00W_0.60Torr_2.00NitrogenFlow_2420.00MHz.csv,585.3143073278153,39.221087843057056,5.8531430732781535,39.65542857452258,42387020070.11688,1416754610.0698032,5178333959.497547,5368643797.202379,1.1788179611123553,0.0121340161021038,0.3770522051699069,0.003781752945037,1.0,27.998569272435667,,LAS_DataFrame_f40b525d_Laser_True_20260726_145342_LAS.csv,,
f40b525d,2026-07-26 15:04:49.494706,2026-07-26,0.6,0.597,78.41,1.608,2.0,105,2420,66.9,157.83333333333334,0.2867441755680822,52.9,0.3265986323710892,104.93333333333334,0.0471404520791038,0.5789295617486183,0.0012638623374098,Data\NafisaData\LAS_0.6Torr_SmallAdmixture_1kHzLaserFreq\OscopeData_Laser_True\Scope_TrialNumber_0_105.00W_0.60Torr_2.00NitrogenFlow_2420.00MHz.csv,True,f40b525d|Scope_TrialNumber_0_105.00W_0.60Torr_2.00NitrogenFlow_2420.00MHz.csv,526.7863354853281,26.29214962889492,5.267863354853281,26.814688445581563,42651725262.50147,1062997480.5137396,5210672441.530796,5317995010.95169,1.11832858263992,0.0052554840240031,0.3794068806423376,0.0017163039861595,1.0,8.34329489605588,,LAS_DataFrame_f40b525d_Laser_True_20260726_145342_LAS.csv,,
f40b525d,2026-07-26 15:05:07.427996,2026-07-26,0.6,0.5980000000000001,78.4,1.597,2.0,110,2420,68.2,170.56666666666666,0.4189935029992166,60.56666666666666,0.4189935029992181,110.0,8.204640795236539e-15,0.5958902625875594,0.0013314099116153,Data\NafisaData\LAS_0.6Torr_SmallAdmixture_1kHzLaserFreq\OscopeData_Laser_True\Scope_TrialNumber_0_110.00W_0.60Torr_2.00NitrogenFlow_2420.00MHz.csv,True,f40b525d|Scope_TrialNumber_0_110.00W_0.60Torr_2.00NitrogenFlow_2420.00MHz.csv,576.8307584915023,26.08938038750106,5.768307584915022,26.71945249060903,43978183785.27264,993191986.3848906,5372723116.548016,5463751825.34022,1.1702438824746018,0.0040495387010528,0.3912063444935341,0.0012729659395342,1.0,5.131116126178867,,LAS_DataFrame_f40b525d_Laser_True_20260726_145342_LAS.csv,,
f40b525d,2026-07-26 15:05:57.979622,2026-07-26,0.6,0.597,76.8,3.201,4.0,30,2420,61.4,39.06666666666667,0.0942809041582076,9.1,0.0,29.96666666666667,0.0942809041582076,0.4826346129696706,0.0005816357315754,Data\NafisaData\LAS_0.6Torr_SmallAdmixture_1kHzLaserFreq\OscopeData_Laser_True\Scope_TrialNumber_0_30.00W_0.60Torr_4.00NitrogenFlow_2420.00MHz.csv,True,f40b525d|Scope_TrialNumber_0_30.00W_0.60Torr_4.00NitrogenFlow_2420.00MHz.csv,566.9869276174884,24.249039427785103,5.669869276174884,24.90307874097475,25434566821.892708,537237816.884856,3107288054.2449846,3153389212.251604,1.1602155912578709,0.0112464085938788,0.2262522699607543,0.0020591991062308,1.0,10.504955635842618,,LAS_DataFrame_f40b525d_Laser_True_20260726_145342_LAS.csv,,
f40b525d,2026-07-26 15:06:16.038616,2026-07-26,0.6,0.597,76.8,3.199,4.0,35,2420,58.4,44.96666666666667,0.0942809041582076,10.066666666666668,0.047140452079103,34.9,0.0816496580927737,0.4731474310255956,0.0009627040419319,Data\NafisaData\LAS_0.6Torr_SmallAdmixture_1kHzLaserFreq\OscopeData_Laser_True\Scope_TrialNumber_0_35.00W_0.60Torr_4.00NitrogenFlow_2420.00MHz.csv,True,f40b525d|Scope_TrialNumber_0_35.00W_0.60Torr_4.00NitrogenFlow_2420.00MHz.csv,589.1431814684859,18.053141059156,5.891431814684859,18.99012561645829,28105897515.504307,422402046.3055073,3433638961.3126287,3459523089.2952785,1.182667335865628,0.01037933671655,0.2500149956040796,0.002063828839684,1.0,10.382319111215384,,LAS_DataFrame_f40b525d_Laser_True_20260726_145342_LAS.csv,,
f40b525d,2026-07-26 15:06:34.062600,2026-07-26,0.6,0.597,76.8,3.208,4.0,40,2420,57.5,51.36666666666667,0.0471404520791038,11.300000000000002,1.7763568394002505e-15,40.06666666666666,0.0471404520791004,0.4690278887740007,0.0002153240573552,Data\NafisaData\LAS_0.6Torr_SmallAdmixture_1kHzLaserFreq\OscopeData_Laser_True\Scope_TrialNumber_0_40.00W_0.60Torr_4.00NitrogenFlow_2420.00MHz.csv,True,f40b525d|Scope_TrialNumber_0_40.00W_0.60Torr_4.00NitrogenFlow_2420.00MHz.csv,506.9490103397525,18.570963610381003,5.069490103397525,19.25046543142635,27844822582.85305,502631762.3885354,3401743980.55,3438677187.200038,1.097069936679094,0.0093662272913639,0.2476926129759094,0.0019697891132545,1.0,10.627989263093523,,LAS_DataFrame_f40b525d_Laser_True_20260726_145342_LAS.csv,,
f40b525d,2026-07-26 15:06:52.117833,2026-07-26,0.6,0.597,76.79,3.201,4.0,45,2420,57.2,57.5,0.1632993161855475,12.5,0.0,45.0,0.1632993161855475,0.4662538143478085,0.000662081398649,Data\NafisaData\LAS_0.6Torr_SmallAdmixture_1kHzLaserFreq\OscopeData_Laser_True\Scope_TrialNumber_0_45.00W_0.60Torr_4.00NitrogenFlow_2420.00MHz.csv,True,f40b525d|Scope_TrialNumber_0_45.00W_0.60Torr_4.00NitrogenFlow_2420.00MHz.csv,538.8044944750912,23.615912926185985,5.388044944750913,24.22276556596819,31270412117.62344,683295875.1096208,3820241119.293351,3880867874.9065313,1.1310134751100476,0.0074314163482778,0.2781648208819031,0.0017675068811975,1.0,8.074819181539068,,LAS_DataFrame_f40b525d_Laser_True_20260726_145342_LAS.csv,,
f40b525d,2026-07-26 15:07:10.245827,2026-07-26,0.6,0.597,76.79,3.188,4.0,50,2420,57.1,63.366666666666674,0.1247219128924633,13.233333333333334,0.0471404520791038,50.13333333333333,0.0942809041582076,0.456986702727804,0.0005572927707719,Data\NafisaData\LAS_0.6Torr_SmallAdmixture_1kHzLaserFreq\OscopeData_Laser_True\Scope_TrialNumber_0_50.00W_0.60Torr_4.00NitrogenFlow_2420.00MHz.csv,True,f40b525d|Scope_TrialNumber_0_50.00W_0.60Torr_4.00NitrogenFlow_2420.00MHz.csv,541.0264292299221,19.74937409339292,5.410264292299221,20.47702949144009,34221803394.907,623189432.4423578,4180806444.566055,4226997468.13656,1.1333431259119866,0.0059372836495629,0.3044188153259132,0.0015502238296525,1.0,6.34774955180518,,LAS_DataFrame_f40b525d_Laser_True_20260726_145342_LAS.csv,,
f40b525d,2026-07-26 15:07:28.278933,2026-07-26,0.6,0.597,76.79,3.195,4.0,55,2420,57.1,69.46666666666667,0.1247219128924639,14.533333333333331,0.047140452079103,54.93333333333333,0.1247219128924633,0.4573979587454436,0.0007761058970184,Data\NafisaData\LAS_0.6Torr_SmallAdmixture_1kHzLaserFreq\OscopeData_Laser_True\Scope_TrialNumber_0_55.00W_0.60Torr_4.00NitrogenFlow_2420.00MHz.csv,True,f40b525d|Scope_TrialNumber_0_55.00W_0.60Torr_4.00NitrogenFlow_2420.00MHz.csv,523.8119516057135,21.85481614468282,5.238119516057135,22.473782164611,33104327353.866943,688816473.6788713,4044286724.0792103,4102526446.103029,1.1151669144764176,0.006461645322469,0.2944783475883441,0.0016482743825932,1.0,6.9672096652523,,LAS_DataFrame_f40b525d_Laser_True_20260726_145342_LAS.csv,,
f40b525d,2026-07-26 15:07:46.267660,2026-07-26,0.6,0.597,76.8,3.2,4.0,60,2420,57.4,76.3,0.0,16.166666666666668,0.0471404520791021,60.133333333333326,0.0471404520791038,0.4603069274468533,0.0006714531807685,Data\NafisaData\LAS_0.6Torr_SmallAdmixture_1kHzLaserFreq\OscopeData_Laser_True\Scope_TrialNumber_0_60.00W_0.60Torr_4.00NitrogenFlow_2420.00MHz.csv,True,f40b525d|Scope_TrialNumber_0_60.00W_0.60Torr_4.00NitrogenFlow_2420.00MHz.csv,718.9272869297745,28.1785444570019,7.189272869297745,29.081196882254577,33404915242.10359,654473506.6956985,4081008920.329257,4133154894.118236,1.3064556101078335,0.0073096087398255,0.2971522162849288,0.0016568307798011,1.0,5.98251955738937,,LAS_DataFrame_f40b525d_Laser_True_20260726_145342_LAS.csv,,
f40b525d,2026-07-26 15:08:04.292439,2026-07-26,0.6,0.597,76.8,3.206,4.0,65,2420,57.9,85.8,0.0,20.6,0.0816496580927723,65.19999999999999,0.0816496580927737,0.4899921398605429,0.0009710654592857,Data\NafisaData\LAS_0.6Torr_SmallAdmixture_1kHzLaserFreq\OscopeData_Laser_True\Scope_TrialNumber_0_65.00W_0.60Torr_4.00NitrogenFlow_2420.00MHz.csv,True,f40b525d|Scope_TrialNumber_0_65.00W_0.60Torr_4.00NitrogenFlow_2420.00MHz.csv,575.0558059314783,21.072018126401623,5.750558059314783,21.84259293016625,35523661383.887215,649683971.598447,4339851723.607319,4388211736.670115,1.1684420301308245,0.0059320901307116,0.3159994460178338,0.0015663146015452,1.0,6.107179683054375,,LAS_DataFrame_f40b525d_Laser_True_20260726_145342_LAS.csv,,
f40b525d,2026-07-26 15:08:22.346271,2026-07-26,0.6,0.596,76.78,3.2,4.0,70,2420,59.3,100.26666666666668,0.0471404520791004,30.3,0.0816496580927723,69.96666666666667,0.0942809041582009,0.5497214299494044,0.0007518047006252,Data\NafisaData\LAS_0.6Torr_SmallAdmixture_1kHzLaserFreq\OscopeData_Laser_True\Scope_TrialNumber_0_70.00W_0.60Torr_4.00NitrogenFlow_2420.00MHz.csv,True,f40b525d|Scope_TrialNumber_0_70.00W_0.60Torr_4.00NitrogenFlow_2420.00MHz.csv,572.7227598221094,40.0454595625947,5.727227598221094,40.45293521539856,27450523833.043102,956023318.51921,3353573323.5198364,3487181472.446819,1.1660693911144653,0.0138808240716239,0.2441851426969031,0.0028096192606096,1.0,16.42047452117925,,LAS_DataFrame_f40b525d_Laser_True_20260726_145342_LAS.csv,,
f40b525d,2026-07-26 15:08:40.349124,2026-07-26,0.6,0.597,76.8,3.196,4.0,75,2420,60.5,108.83333333333331,0.1247219128924639,33.8,0.0,75.03333333333335,0.1247219128924639,0.5572853141864939,0.0003192171920269,Data\NafisaData\LAS_0.6Torr_SmallAdmixture_1kHzLaserFreq\OscopeData_Laser_True\Scope_TrialNumber_0_75.00W_0.60Torr_4.00NitrogenFlow_2420.00MHz.csv,True,f40b525d|Scope_TrialNumber_0_75.00W_0.60Torr_4.00NitrogenFlow_2420.00MHz.csv,608.654524752337,23.442751319371965,6.08654524752337,24.22000459273419,28346037005.30941,545000596.9107575,3462976302.626483,3505599880.64606,1.2020917090857883,0.0075607056867699,0.2521511477570172,0.0015617195967919,1.0,5.86510823216391,,LAS_DataFrame_f40b525d_Laser_True_20260726_145342_LAS.csv,,
f40b525d,2026-07-26 15:08:58.349571,2026-07-26,0.6,0.596,76.8,3.205,4.0,80,2420,61.5,116.83333333333331,0.0942809041582076,36.7,0.0816496580927708,80.13333333333334,0.124721912892469,0.5604662762220451,0.0006631547480535,Data\NafisaData\LAS_0.6Torr_SmallAdmixture_1kHzLaserFreq\OscopeData_Laser_True\Scope_TrialNumber_0_80.00W_0.60Torr_4.00NitrogenFlow_2420.00MHz.csv,True,f40b525d|Scope_TrialNumber_0_80.00W_0.60Torr_4.00NitrogenFlow_2420.00MHz.csv,633.3264292059687,43.23350376418264,6.333264292059687,43.6949205780337,30244203598.089417,1021278350.1322868,3694871361.819525,3833416732.999818,1.226213181188033,0.0291966220374295,0.2690362200834893,0.0062645351651499,1.0,81.54160108091997,,LAS_DataFrame_f40b525d_Laser_True_20260726_145342_LAS.csv,,
f40b525d,2026-07-26 15:09:16.419521,2026-07-26,0.6,0.597,76.81,3.196,4.0,85,2420,62.3,121.3,0.5099019513592802,37.06666666666667,0.0942809041582076,84.23333333333333,0.5436502143433388,0.5527951284615563,0.0015124411851419,Data\NafisaData\LAS_0.6Torr_SmallAdmixture_1kHzLaserFreq\OscopeData_Laser_True\Scope_TrialNumber_0_85.00W_0.60Torr_4.00NitrogenFlow_2420.00MHz.csv,True,f40b525d|Scope_TrialNumber_0_85.00W_0.60Torr_4.00NitrogenFlow_2420.00MHz.csv,607.2845029625057,30.486965366652992,6.072845029625057,31.085921315305114,32776985294.658524,820610947.8725952,4004296026.484362,4087516237.947784,1.200738051501403,0.0108977942212559,0.2915664881307738,0.0025934694676853,1.0,13.84487625084206,,LAS_DataFrame_f40b525d_Laser_True_20260726_145342_LAS.csv,,
f40b525d,2026-07-26 15:09:34.526850,2026-07-26,0.6,0.597,76.79,3.198,4.0,90,2420,62.4,118.73333333333332,0.0471404520791004,28.7,0.0,90.03333333333335,0.0471404520791004,0.4916484154848654,9.757854016028712e-05,Data\NafisaData\LAS_0.6Torr_SmallAdmixture_1kHzLaserFreq\OscopeData_Laser_True\Scope_TrialNumber_0_90.00W_0.60Torr_4.00NitrogenFlow_2420.00MHz.csv,True,f40b525d|Scope_TrialNumber_0_90.00W_0.60Torr_4.00NitrogenFlow_2420.00MHz.csv,591.4371533008732,32.854234633611355,5.914371533008732,33.382338503928274,33882894546.925716,939837133.7905124,4139402656.4778,4244755374.6366863,1.184967599904706,0.0075182762474226,0.3014040639168368,0.0018627461487321,1.0,7.729314998077141,,LAS_DataFrame_f40b525d_Laser_True_20260726_145342_LAS.csv,,
f40b525d,2026-07-26 15:09:52.485737,2026-07-26,0.6,0.597,76.79,3.203,4.0,95,2420,62.8,128.29999999999998,0.1414213562373148,33.3,0.0816496580927708,95.0,0.1632993161855475,0.5094583214010803,0.0006847488915448,Data\NafisaData\LAS_0.6Torr_SmallAdmixture_1kHzLaserFreq\OscopeData_Laser_True\Scope_TrialNumber_0_95.00W_0.60Torr_4.00NitrogenFlow_2420.00MHz.csv,True,f40b525d|Scope_TrialNumber_0_95.00W_0.60Torr_4.00NitrogenFlow_2420.00MHz.csv,663.6197585787918,49.42586977477108,6.636197585787918,49.86938661533995,35607334358.67768,1325441321.2302654,4350073876.665801,4547519920.624303,1.2551968146093582,0.0078139739008176,0.3167437559411472,0.0019417167739078,1.0,7.633999372860128,,LAS_DataFrame_f40b525d_Laser_True_20260726_145342_LAS.csv,,
f40b525d,2026-07-26 15:10:10.566143,2026-07-26,0.6,0.597,76.8,3.2,4.0,100,2420,63.7,137.70000000000002,0.2160246899469295,37.73333333333333,0.0471404520791004,99.96666666666664,0.2494438257849279,0.5234751511968044,0.0006715862256517,Data\NafisaData\LAS_0.6Torr_SmallAdmixture_1kHzLaserFreq\OscopeData_Laser_True\Scope_TrialNumber_0_100.00W_0.60Torr_4.00NitrogenFlow_2420.00MHz.csv,True,f40b525d|Scope_TrialNumber_0_100.00W_0.60Torr_4.00NitrogenFlow_2420.00MHz.csv,627.5463453382279,37.82780836059322,6.275463453382279,38.34481095168553,33389393197.65788,1004612723.4966798,4079112624.488193,4201000657.875498,1.2206048090425152,0.0099754002672348,0.2970141404995275,0.0023701223847147,1.0,11.699078568884945,,LAS_DataFrame_f40b525d_Laser_True_20260726_145342_LAS.csv,,
f40b525d,2026-07-26 15:10:28.552216,2026-07-26,0.6,0.597,76.8,3.193,4.0,105,2420,64.8,148.9,0.0816496580927679,43.8,0.0816496580927708,105.1,0.0816496580927679,0.542362321833242,0.0004500144108501,Data\NafisaData\LAS_0.6Torr_SmallAdmixture_1kHzLaserFreq\OscopeData_Laser_True\Scope_TrialNumber_0_105.00W_0.60Torr_4.00NitrogenFlow_2420.00MHz.csv,True,f40b525d|Scope_TrialNumber_0_105.00W_0.60Torr_4.00NitrogenFlow_2420.00MHz.csv,613.6013056265576,37.851923336583326,6.136013056265576,38.34603964564324,36052849044.9809,1110491908.6742463,4404501477.986266,4542337014.006576,1.2069667658841827,0.0077669059452163,0.3207068157322892,0.0019977483164926,1.0,8.832315062466849,,LAS_DataFrame_f40b525d_Laser_True_20260726_145342_LAS.csv,,
f40b525d,2026-07-26 15:10:46.558004,2026-07-26,0.6,0.597,76.8,3.196,4.0,110,2420,66.2,160.53333333333333,0.1699673171197498,50.53333333333334,0.1699673171197619,110.0,1.1603114287023092e-14,0.5610551362170164,0.0006470951341025,Data\NafisaData\LAS_0.6Torr_SmallAdmixture_1kHzLaserFreq\OscopeData_Laser_True\Scope_TrialNumber_0_110.00W_0.60Torr_4.00NitrogenFlow_2420.00MHz.csv,True,f40b525d|Scope_TrialNumber_0_110.00W_0.60Torr_4.00NitrogenFlow_2420.00MHz.csv,575.8656465811576,28.24741825782109,5.758656465811576,28.82843669926481,35424958494.41345,867186020.6049316,4327793397.175855,4413820032.916107,1.1692644885166783,0.0073751639893753,0.3151214380316352,0.0019298385595732,1.0,8.416616235023817,,LAS_DataFrame_f40b525d_Laser_True_20260726_145342_LAS.csv,,
f40b525d,2026-07-26 15:11:37.370831,2026-07-26,0.6,0.595,75.2,4.789,6.0,30,2420,59.7,39.86666666666667,0.0942809041582076,9.9,0.0,29.96666666666667,0.0942809041582076,0.4983259970991422,0.000588509803594,Data\NafisaData\LAS_0.6Torr_SmallAdmixture_1kHzLaserFreq\OscopeData_Laser_True\Scope_TrialNumber_0_30.00W_0.60Torr_6.00NitrogenFlow_2420.00MHz.csv,True,f40b525d|Scope_TrialNumber_0_30.00W_0.60Torr_6.00NitrogenFlow_2420.00MHz.csv,586.7152371109594,37.89144644677465,5.867152371109594,38.34299402465342,17199853889.79064,552562974.5729473,2101270326.3537831,2172708637.91808,1.18022784823092,0.0169700804775445,0.1530006786751659,0.002142595649642,1.0,9.825349406137004,,LAS_DataFrame_f40b525d_Laser_True_20260726_145342_LAS.csv,,
f40b525d,2026-07-26 15:11:55.477216,2026-07-26,0.6,0.596,75.19,4.8,6.0,35,2420,57.3,45.53333333333333,0.0471404520791038,10.5,0.0,35.03333333333333,0.0471404520791038,0.4802087859330731,0.0002484426494871,Data\NafisaData\LAS_0.6Torr_SmallAdmixture_1kHzLaserFreq\OscopeData_Laser_True\Scope_TrialNumber_0_35.00W_0.60Torr_6.00NitrogenFlow_2420.00MHz.csv,True,f40b525d|Scope_TrialNumber_0_35.00W_0.60Torr_6.00NitrogenFlow_2420.00MHz.csv,552.1735509590878,28.773109302121423,5.521735509590878,29.298146391021117,18729069927.72961,483993819.0088992,2288091464.701521,2338720284.189362,1.1449591032838191,0.0154428564637159,0.1666037646748957,0.0021779065066262,1.0,10.39717791524183,,LAS_DataFrame_f40b525d_Laser_True_20260726_145342_LAS.csv,,
f40b525d,2026-07-26 15:12:13.439479,2026-07-26,0.6,0.595,75.19,4.79,6.0,40,2420,56.7,51.3,0.0816496580927708,11.4,0.0,39.9,0.0816496580927708,0.4714049686076694,0.0003751473983207,Data\NafisaData\LAS_0.6Torr_SmallAdmixture_1kHzLaserFreq\OscopeData_Laser_True\Scope_TrialNumber_0_40.00W_0.60Torr_6.00NitrogenFlow_2420.00MHz.csv,True,f40b525d|Scope_TrialNumber_0_40.00W_0.60Torr_6.00NitrogenFlow_2420.00MHz.csv,636.3464787264462,50.38083324180143,6.363464787264462,50.78111895416405,21535282941.358944,850512542.4492737,2630920663.876708,2764980130.937108,1.2291333342876307,0.0167811617131814,0.1915663311213016,0.0025638206072274,1.0,12.799498568145005,,LAS_DataFrame_f40b525d_Laser_True_20260726_145342_LAS.csv,,
f40b525d,2026-07-26 15:12:31.479715,2026-07-26,0.6,0.595,75.2,4.797,6.0,45,2420,56.6,57.70000000000001,0.0816496580927708,12.666666666666666,0.047140452079103,45.03333333333333,0.1247219128924607,0.4685363962999664,0.0011708768495461,Data\NafisaData\LAS_0.6Torr_SmallAdmixture_1kHzLaserFreq\OscopeData_Laser_True\Scope_TrialNumber_0_45.00W_0.60Torr_6.00NitrogenFlow_2420.00MHz.csv,True,f40b525d|Scope_TrialNumber_0_45.00W_0.60Torr_6.00NitrogenFlow_2420.00MHz.csv,558.0245864518475,27.879232240229896,5.580245864518475,28.432212967216422,21002286910.491783,520025286.0382184,2565805648.8945,2617973438.7533526,1.1510093233238632,0.0155464655076469,0.1868250841911605,0.0024466032023266,1.0,12.487282497786415,,LAS_DataFrame_f40b525d_Laser_True_20260726_145342_LAS.csv,,
f40b525d,2026-07-26 15:12:49.437979,2026-07-26,0.6,0.595,75.19,4.795,6.0,50,2420,56.7,63.8,0.1414213562373081,13.833333333333334,0.047140452079103,49.96666666666666,0.1247219128924639,0.4656427473149822,0.0006965511141382,Data\NafisaData\LAS_0.6Torr_SmallAdmixture_1kHzLaserFreq\OscopeData_Laser_True\Scope_TrialNumber_0_50.00W_0.60Torr_6.00NitrogenFlow_2420.00MHz.csv,True,f40b525d|Scope_TrialNumber_0_50.00W_0.60Torr_6.00NitrogenFlow_2420.00MHz.csv,564.356965806685,33.13432924901518,5.64356965806685,33.61151072575578,23161502943.2428,676816083.0224446,2829592574.462521,2909411306.0362024,1.1575216408691265,0.0136974467375404,0.206032312376587,0.0023686293613222,1.0,11.911430120523194,,LAS_DataFrame_f40b525d_Laser_True_20260726_145342_LAS.csv,,
f40b525d,2026-07-26 15:13:07.420478,2026-07-26,0.6,0.596,75.2,4.803,6.0,55,2420,56.9,69.56666666666666,0.0942809041582076,14.4,0.0,55.16666666666666,0.0942809041582076,0.4549681005400667,0.0003080787120959,Data\NafisaData\LAS_0.6Torr_SmallAdmixture_1kHzLaserFreq\OscopeData_Laser_True\Scope_TrialNumber_0_55.00W_0.60Torr_6.00NitrogenFlow_2420.00MHz.csv,True,f40b525d|Scope_TrialNumber_0_55.00W_0.60Torr_6.00NitrogenFlow_2420.00MHz.csv,582.593525365353,28.48117526441421,5.8259352536535305,29.07092819333506,25558574616.47494,621893139.8898213,3122437828.2292213,3183766490.90332,1.1760749540526834,0.0126931512594402,0.2273553768158279,0.0023959091253639,1.0,12.089334662564408,,LAS_DataFrame_f40b525d_Laser_True_20260726_145342_LAS.csv,,
f40b525d,2026-07-26 15:13:25.423344,2026-07-26,0.6,0.595,75.19,4.797,6.0,60,2420,57.1,75.13333333333334,0.0471404520791071,15.033333333333331,0.047140452079103,60.1,0.0816496580927766,0.447312415668943,0.0007806461616179,Data\NafisaData\LAS_0.6Torr_SmallAdmixture_1kHzLaserFreq\OscopeData_Laser_True\Scope_TrialNumber_0_60.00W_0.60Torr_6.00NitrogenFlow_2420.00MHz.csv,True,f40b525d|Scope_TrialNumber_0_60.00W_0.60Torr_6.00NitrogenFlow_2420.00MHz.csv,566.8023041872152,27.80520167747888,5.668023041872153,28.377028130663504,26027411930.652004,635569596.742321,3179714706.421334,3242612268.9176555,1.1600266800043466,0.0113250264192596,0.2315259022003435,0.0021962150002976,1.0,10.261702850056084,,LAS_DataFrame_f40b525d_Laser_True_20260726_145342_LAS.csv,,
f40b525d,2026-07-26 15:13:43.335377,2026-07-26,0.6,0.595,75.19,4.808,6.0,65,2420,57.4,81.2,0.1632993161855475,16.200000000000003,0.0816496580927723,65.0,0.0816496580927737,0.4466606275488171,0.0006764860476235,Data\NafisaData\LAS_0.6Torr_SmallAdmixture_1kHzLaserFreq\OscopeData_Laser_True\Scope_TrialNumber_0_65.00W_0.60Torr_6.00NitrogenFlow_2420.00MHz.csv,True,f40b525d|Scope_TrialNumber_0_65.00W_0.60Torr_6.00NitrogenFlow_2420.00MHz.csv,589.0907424446195,37.20668800144906,5.890907424446196,37.67015293731323,26036211771.78619,820056683.3692052,3180789764.684641,3284800829.740073,1.1826147006975558,0.0124938168258707,0.2316041808691271,0.0023887333413474,1.0,12.082153618216203,,LAS_DataFrame_f40b525d_Laser_True_20260726_145342_LAS.csv,,
f40b525d,2026-07-26 15:14:01.335704,2026-07-26,0.6,0.595,75.21,4.802,6.0,70,2420,57.8,88.86666666666667,0.1247219128924639,18.6,0.0,70.26666666666667,0.1247219128924702,0.4574960490788907,0.0003211709773848,Data\NafisaData\LAS_0.6Torr_SmallAdmixture_1kHzLaserFreq\OscopeData_Laser_True\Scope_TrialNumber_0_70.00W_0.60Torr_6.00NitrogenFlow_2420.00MHz.csv,True,f40b525d|Scope_TrialNumber_0_70.00W_0.60Torr_6.00NitrogenFlow_2420.00MHz.csv,591.5182100529511,36.11979562139862,5.915182100529511,36.60094281591708,26633484756.826824,811533948.1078645,3253757361.284027,3353434704.156551,1.18504879731828,0.0105520493563377,0.2369172011221539,0.0020594923032708,1.0,9.252074913081968,,LAS_DataFrame_f40b525d_Laser_True_20260726_145342_LAS.csv,,
f40b525d,2026-07-26 15:14:19.288360,2026-07-26,0.6,0.596,75.2,4.804,6.0,75,2420,58.6,98.6,0.1414213562373081,23.600000000000005,3.552713678800501e-15,75.0,0.1414213562373014,0.4892354052621168,0.0003505871523298,Data\NafisaData\LAS_0.6Torr_SmallAdmixture_1kHzLaserFreq\OscopeData_Laser_True\Scope_TrialNumber_0_75.00W_0.60Torr_6.00NitrogenFlow_2420.00MHz.csv,True,f40b525d|Scope_TrialNumber_0_75.00W_0.60Torr_6.00NitrogenFlow_2420.00MHz.csv,601.3055978794656,28.601887294045888,6.0130559787946565,29.22712437078649,26789445709.98813,634686441.6241474,3272810786.100748,3333784234.2897534,1.1948126109185246,0.0109882318301605,0.2383045461445828,0.0021345766246764,1.0,9.670892316994776,,LAS_DataFrame_f40b525d_Laser_True_20260726_145342_LAS.csv,,
f40b525d,2026-07-26 15:14:37.521054,2026-07-26,0.6,0.595,75.2,4.789,6.0,80,2420,60.1,113.09999999999998,1.4210854715202004e-14,33.06666666666667,0.0471404520791038,80.03333333333333,0.0471404520791004,0.5407092458693535,0.0003855199325623,Data\NafisaData\LAS_0.6Torr_SmallAdmixture_1kHzLaserFreq\OscopeData_Laser_True\Scope_TrialNumber_0_80.00W_0.60Torr_6.00NitrogenFlow_2420.00MHz.csv,True,f40b525d|Scope_TrialNumber_0_80.00W_0.60Torr_6.00NitrogenFlow_2420.00MHz.csv,621.6039110543916,36.89003392836066,6.216039110543916,37.41007545380538,24056752002.40528,711810920.7414407,2938963287.4213595,3023934521.7278337,1.2148119167728957,0.0122977691713105,0.213995968028131,0.0021127660795758,1.0,9.482257647179928,,LAS_DataFrame_f40b525d_Laser_True_20260726_145342_LAS.csv,,
f40b525d,2026-07-26 15:14:55.478031,2026-07-26,0.6,0.596,75.21,4.798,6.0,85,2420,61.4,120.8,0.1414213562373148,35.86666666666667,0.0942809041582076,84.93333333333334,0.124721912892469,0.5448936197088128,0.0006208962007448,Data\NafisaData\LAS_0.6Torr_SmallAdmixture_1kHzLaserFreq\OscopeData_Laser_True\Scope_TrialNumber_0_85.00W_0.60Torr_6.00NitrogenFlow_2420.00MHz.csv,True,f40b525d|Scope_TrialNumber_0_85.00W_0.60Torr_6.00NitrogenFlow_2420.00MHz.csv,681.4417860283351,42.685405359776425,6.814417860283351,43.22591955647651,25285187820.064392,790807680.9159554,3089038732.7139163,3188657567.127971,1.2719397938159225,0.0119399925483202,0.2249234744485367,0.002077853795128,1.0,8.36709307537446,,LAS_DataFrame_f40b525d_Laser_True_20260726_145342_LAS.csv,,
f40b525d,2026-07-26 15:15:13.541622,2026-07-26,0.6,0.595,75.19,4.802,6.0,90,2420,62.5,129.13333333333335,0.1247219128924702,39.1,0.0,90.03333333333335,0.1247219128924702,0.5502617813241538,0.0002656586092372,Data\NafisaData\LAS_0.6Torr_SmallAdmixture_1kHzLaserFreq\OscopeData_Laser_True\Scope_TrialNumber_0_90.00W_0.60Torr_6.00NitrogenFlow_2420.00MHz.csv,True,f40b525d|Scope_TrialNumber_0_90.00W_0.60Torr_6.00NitrogenFlow_2420.00MHz.csv,544.9437345803257,31.095529957788283,5.449437345803257,31.569421134090245,22847548631.168053,649771812.9914047,2791237430.051378,2865869815.584434,1.1374387148550755,0.0107351421088596,0.2032395431398121,0.0018612010215152,1.0,8.08537722232635,,LAS_DataFrame_f40b525d_Laser_True_20260726_145342_LAS.csv,,
f40b525d,2026-07-26 15:15:31.524799,2026-07-26,0.6,0.595,75.2,4.803,6.0,95,2420,63.7,136.96666666666667,0.0942809041582009,42.0,0.0816496580927737,94.96666666666664,0.0471404520791004,0.5537540915590652,0.0003852408012551,Data\NafisaData\LAS_0.6Torr_SmallAdmixture_1kHzLaserFreq\OscopeData_Laser_True\Scope_TrialNumber_0_95.00W_0.60Torr_6.00NitrogenFlow_2420.00MHz.csv,True,f40b525d|Scope_TrialNumber_0_95.00W_0.60Torr_6.00NitrogenFlow_2420.00MHz.csv,567.8375740412001,28.615747568100925,5.678375740412001,29.173703226203106,23636225135.38105,593010378.1288896,2887588395.9382973,2947851429.92758,1.161085596632412,0.0108670876048996,0.2102551864803274,0.0019058445835696,1.0,7.981687777985046,,LAS_DataFrame_f40b525d_Laser_True_20260726_145342_LAS.csv,,
f40b525d,2026-07-26 15:15:49.533581,2026-07-26,0.6,0.595,75.19,4.8,6.0,100,2420,64.7,143.36666666666667,0.1699673171197591,43.43333333333333,0.1247219128924664,99.93333333333334,0.0942809041582177,0.5504108145395832,0.000546234879203,Data\NafisaData\LAS_0.6Torr_SmallAdmixture_1kHzLaserFreq\OscopeData_Laser_True\Scope_TrialNumber_0_100.00W_0.60Torr_6.00NitrogenFlow_2420.00MHz.csv,True,f40b525d|Scope_TrialNumber_0_100.00W_0.60Torr_6.00NitrogenFlow_2420.00MHz.csv,654.2919658173407,35.042320118878386,6.542919658173408,35.64791714767163,27924842028.271477,746320096.9560531,3411519789.534565,3492200017.396836,1.2463441171213558,0.0105228302886451,0.248404423060732,0.0020553034655213,1.0,8.318686852203786,,LAS_DataFrame_f40b525d_Laser_True_20260726_145342_LAS.csv,,
f40b525d,2026-07-26 15:16:07.561434,2026-07-26,0.6,0.595,75.19,4.796,6.0,105,2420,65.6,147.6,0.5715476066494105,42.9,0.2449489742783183,104.7,0.7257180352359085,0.5391223569128595,0.0022533212052552,Data\NafisaData\LAS_0.6Torr_SmallAdmixture_1kHzLaserFreq\OscopeData_Laser_True\Scope_TrialNumber_0_105.00W_0.60Torr_6.00NitrogenFlow_2420.00MHz.csv,True,f40b525d|Scope_TrialNumber_0_105.00W_0.60Torr_6.00NitrogenFlow_2420.00MHz.csv,623.3462024954132,27.194523774599723,6.233462024954132,27.899788030445944,30455821894.21807,663288125.6450328,3720724328.305051,3779383635.5764112,1.2165132215106622,0.0071750819713723,0.270918662988832,0.0015628309957549,1.0,5.72456763513024,,LAS_DataFrame_f40b525d_Laser_True_20260726_145342_LAS.csv,,
f40b525d,2026-07-26 15:16:25.723179,2026-07-26,0.6,0.595,75.2,4.802,6.0,110,2420,65.7,147.1,0.0816496580927679,37.03333333333333,0.0471404520791038,110.06666666666666,0.1247219128924576,0.5017531347133172,0.0004454095957721,Data\NafisaData\LAS_0.6Torr_SmallAdmixture_1kHzLaserFreq\OscopeData_Laser_True\Scope_TrialNumber_0_110.00W_0.60Torr_6.00NitrogenFlow_2420.00MHz.csv,True,f40b525d|Scope_TrialNumber_0_110.00W_0.60Torr_6.00NitrogenFlow_2420.00MHz.csv,685.613554161708,43.47758600758232,6.856135541617079,44.01485067124212,30964163352.399597,980933280.8550676,3782827345.49209,3907942275.327493,1.2758272436399312,0.0094100880405571,0.2754405960586624,0.0019988280935544,1.0,7.717919887467756,,LAS_DataFrame_f40b525d_Laser_True_20260726_145342_LAS.csv,,
f40b525d,2026-07-26 15:17:16.228328,2026-07-26,0.6,0.5940000000000001,73.59,6.416,8.0,30,2420,60.7,41.13333333333333,0.0471404520791038,11.199999999999998,1.7763568394002505e-15,29.933333333333337,0.0471404520791038,0.5218098497068763,0.0002988260128591,Data\NafisaData\LAS_0.6Torr_SmallAdmixture_1kHzLaserFreq\OscopeData_Laser_True\Scope_TrialNumber_0_30.00W_0.60Torr_8.00NitrogenFlow_2420.00MHz.csv,True,f40b525d|Scope_TrialNumber_0_30.00W_0.60Torr_8.00NitrogenFlow_2420.00MHz.csv,605.0748520684172,44.90728309201787,6.050748520684172,45.31308456028121,12795495642.892998,471962816.5888323,1563199052.6012225,1632893192.5560296,1.1985515723673958,0.0230535355651838,0.1138218690630741,0.0021397502429706,1.0,9.32111121987771,,LAS_DataFrame_f40b525d_Laser_True_20260726_145342_LAS.csv,,
f40b525d,2026-07-26 15:17:34.275398,2026-07-26,0.6,0.5940000000000001,73.61,6.409,8.0,35,2420,58.0,46.06666666666666,0.0471404520791038,11.0,0.0,35.06666666666667,0.0471404520791038,0.4886558688129682,0.0002501588998085,Data\NafisaData\LAS_0.6Torr_SmallAdmixture_1kHzLaserFreq\OscopeData_Laser_True\Scope_TrialNumber_0_35.00W_0.60Torr_8.00NitrogenFlow_2420.00MHz.csv,True,f40b525d|Scope_TrialNumber_0_35.00W_0.60Torr_8.00NitrogenFlow_2420.00MHz.csv,612.7779471823198,29.81104454362305,6.127779471823199,30.434323682927072,14336559247.569927,342830929.35847753,1751467583.501565,1784704945.412997,1.206156712300802,0.0229461279970457,0.1275303446645513,0.0023586959221557,1.0,11.193026511476994,,LAS_DataFrame_f40b525d_Laser_True_20260726_145342_LAS.csv,,
f40b525d,2026-07-26 15:17:52.245231,2026-07-26,0.6,0.5940000000000001,73.62,6.401,8.0,40,2420,57.2,51.76666666666667,0.0471404520791004,11.800000000000002,1.7763568394002505e-15,39.96666666666667,0.0471404520791004,0.4774369623150123,0.0002174900901548,Data\NafisaData\LAS_0.6Torr_SmallAdmixture_1kHzLaserFreq\OscopeData_Laser_True\Scope_TrialNumber_0_40.00W_0.60Torr_8.00NitrogenFlow_2420.00MHz.csv,True,f40b525d|Scope_TrialNumber_0_40.00W_0.60Torr_8.00NitrogenFlow_2420.00MHz.csv,572.4400865302346,30.082356869103343,5.7244008653023455,30.622164522887065,15690970060.625423,406985297.3987975,1916933131.6045935,1959660599.0176415,1.1657815927432953,0.0197071699656585,0.1395784571037784,0.0022855102813466,1.0,11.262237206271765,,LAS_DataFrame_f40b525d_Laser_True_20260726_145342_LAS.csv,,
f40b525d,2026-07-26 15:18:10.228247,2026-07-26,0.6,0.595,73.61,6.407,8.0,45,2420,56.9,57.76666666666667,0.0471404520791004,12.699999999999998,1.7763568394002505e-15,45.06666666666666,0.0471404520791004,0.4688817345619207,0.0001913981909224,Data\NafisaData\LAS_0.6Torr_SmallAdmixture_1kHzLaserFreq\OscopeData_Laser_True\Scope_TrialNumber_0_45.00W_0.60Torr_8.00NitrogenFlow_2420.00MHz.csv,True,f40b525d|Scope_TrialNumber_0_45.00W_0.60Torr_8.00NitrogenFlow_2420.00MHz.csv,566.1617240963271,26.635489836614173,5.661617240963271,27.23055689146936,17258790883.29062,400337186.9234529,2108470536.097397,2146140224.8745604,1.1593709839504416,0.0183697277877412,0.1535249505708663,0.0023574236453463,1.0,11.998023454662778,,LAS_DataFrame_f40b525d_Laser_True_20260726_145342_LAS.csv,,
f40b525d,2026-07-26 15:18:28.219975,2026-07-26,0.6,0.5940000000000001,73.61,6.399,8.0,50,2420,56.9,64.06666666666666,0.0471404520791004,14.066666666666668,0.047140452079103,50.0,0.0816496580927708,0.4685750342694137,0.0008844734134607,Data\NafisaData\LAS_0.6Torr_SmallAdmixture_1kHzLaserFreq\OscopeData_Laser_True\Scope_TrialNumber_0_50.00W_0.60Torr_8.00NitrogenFlow_2420.00MHz.csv,True,f40b525d|Scope_TrialNumber_0_50.00W_0.60Torr_8.00NitrogenFlow_2420.00MHz.csv,566.0548295328381,29.363165634396545,5.660548295328381,29.90380081322024,17796952480.72502,457427757.0103749,2174216617.588432,2221814135.584078,1.1592615308558374,0.0186823477891802,0.1583121476117231,0.0024912343813567,1.0,12.974736791516843,,LAS_DataFrame_f40b525d_Laser_True_20260726_145342_LAS.csv,,
f40b525d,2026-07-26 15:18:46.316197,2026-07-26,0.6,0.595,73.62,6.399,8.0,55,2420,57.1,70.2,0.1414213562373081,15.166666666666666,0.047140452079103,55.03333333333333,0.1699673171197586,0.4648116365694775,0.0010395507709127,Data\NafisaData\LAS_0.6Torr_SmallAdmixture_1kHzLaserFreq\OscopeData_Laser_True\Scope_TrialNumber_0_55.00W_0.60Torr_8.00NitrogenFlow_2420.00MHz.csv,True,f40b525d|Scope_TrialNumber_0_55.00W_0.60Torr_8.00NitrogenFlow_2420.00MHz.csv,602.0568574835623,32.70443611683102,6.020568574835624,33.25398303488139,18972948487.22823,512798643.5159726,2317885600.3722043,2373932624.402941,1.1955587658368203,0.0177090059332061,0.1687731775871624,0.0024586143232639,1.0,12.225398984515415,,LAS_DataFrame_f40b525d_Laser_True_20260726_145342_LAS.csv,,
f40b525d,2026-07-26 15:19:04.269759,2026-07-26,0.6,0.5940000000000001,73.6,6.404,8.0,60,2420,57.2,75.93333333333334,0.1247219128924626,15.966666666666669,0.047140452079103,59.96666666666666,0.1247219128924645,0.4585542924392085,0.0007104798319593,Data\NafisaData\LAS_0.6Torr_SmallAdmixture_1kHzLaserFreq\OscopeData_Laser_True\Scope_TrialNumber_0_60.00W_0.60Torr_8.00NitrogenFlow_2420.00MHz.csv,True,f40b525d|Scope_TrialNumber_0_60.00W_0.60Torr_8.00NitrogenFlow_2420.00MHz.csv,610.387307735598,32.33692655250295,6.10387307735598,32.90796385992974,21288118160.99548,561123014.8542988,2600725057.447412,2660569462.020118,1.2038016147698227,0.0147261641731379,0.1893676857500955,0.0022625971047438,1.0,10.470378151917895,,LAS_DataFrame_f40b525d_Laser_True_20260726_145342_LAS.csv,,
f40b525d,2026-07-26 15:19:22.464282,2026-07-26,0.6,0.595,73.59,6.405,8.0,65,2420,57.4,81.33333333333333,0.1885618083164086,16.2,0.0,65.13333333333333,0.1885618083164086,0.4462971316377802,0.0005167092988774,Data\NafisaData\LAS_0.6Torr_SmallAdmixture_1kHzLaserFreq\OscopeData_Laser_True\Scope_TrialNumber_0_65.00W_0.60Torr_8.00NitrogenFlow_2420.00MHz.csv,True,f40b525d|Scope_TrialNumber_0_65.00W_0.60Torr_8.00NitrogenFlow_2420.00MHz.csv,627.0460429656897,28.1287461884839,6.2704604296568975,28.81917826961832,22560817108.678654,503200402.51855046,2756208037.145032,2801766119.6319904,1.220118157142416,0.012759814723625,0.200688933243964,0.0020442436651786,1.0,8.855951705166675,,LAS_DataFrame_f40b525d_Laser_True_20260726_145342_LAS.csv,,
f40b525d,2026-07-26 15:19:40.532956,2026-07-26,0.6,0.595,73.6,6.396,8.0,70,2420,57.6,87.06666666666666,0.0471404520791004,17.1,0.0,69.96666666666667,0.0471404520791004,0.4431718270708216,0.0001200075940646,Data\NafisaData\LAS_0.6Torr_SmallAdmixture_1kHzLaserFreq\OscopeData_Laser_True\Scope_TrialNumber_0_70.00W_0.60Torr_8.00NitrogenFlow_2420.00MHz.csv,True,f40b525d|Scope_TrialNumber_0_70.00W_0.60Torr_8.00NitrogenFlow_2420.00MHz.csv,609.7655597464171,25.70127173266747,6.097655597464171,26.41470750286094,22346516885.90786,467740973.6941856,2730027425.267477,2769807098.1902246,1.2031883550256015,0.0130266612804896,0.1987826333571008,0.0020961313075746,1.0,8.941091742854937,,LAS_DataFrame_f40b525d_Laser_True_20260726_145342_LAS.csv,,
f40b525d,2026-07-26 15:19:58.512506,2026-07-26,0.6,0.5940000000000001,73.6,6.402,8.0,75,2420,57.9,93.6,0.2828427124746163,18.666666666666668,0.0471404520791021,74.93333333333334,0.2624669291337229,0.4465768293682261,0.000626721653976,Data\NafisaData\LAS_0.6Torr_SmallAdmixture_1kHzLaserFreq\OscopeData_Laser_True\Scope_TrialNumber_0_75.00W_0.60Torr_8.00NitrogenFlow_2420.00MHz.csv,True,f40b525d|Scope_TrialNumber_0_75.00W_0.60Torr_8.00NitrogenFlow_2420.00MHz.csv,488.8936902519077,22.678557520507745,4.8889369025190765,23.199540410270878,19815840483.91827,455007086.4696392,2420859960.0565724,2463248748.0850773,1.0773563864452762,0.0123663318158684,0.1762710928816633,0.0019393606502512,1.0,9.75219786436932,,LAS_DataFrame_f40b525d_Laser_True_20260726_145342_LAS.csv,,
f40b525d,2026-07-26 15:20:16.548092,2026-07-26,0.6,0.595,73.61,6.408,8.0,80,2420,58.3,102.40000000000002,0.0816496580927737,22.23333333333333,0.0471404520791038,80.16666666666667,0.1247219128924639,0.4659639626133451,0.0006613751265463,Data\NafisaData\LAS_0.6Torr_SmallAdmixture_1kHzLaserFreq\OscopeData_Laser_True\Scope_TrialNumber_0_80.00W_0.60Torr_8.00NitrogenFlow_2420.00MHz.csv,True,f40b525d|Scope_TrialNumber_0_80.00W_0.60Torr_8.00NitrogenFlow_2420.00MHz.csv,513.7667090208752,36.64939809418827,5.137667090208752,37.00775599514384,20384613282.697124,724324677.296523,2490345748.259727,2593543557.377823,1.1044222668203207,0.0127747143577766,0.181330590757793,0.0020210050722293,1.0,10.051478007021275,,LAS_DataFrame_f40b525d_Laser_True_20260726_145342_LAS.csv,,
f40b525d,2026-07-26 15:20:34.569756,2026-07-26,0.6,0.5940000000000001,73.6,6.398,8.0,85,2420,59.0,112.0,0.1632993161855475,27.03333333333333,0.0471404520791038,84.96666666666667,0.1247219128924639,0.4912931747420492,0.0002145672438183,Data\NafisaData\LAS_0.6Torr_SmallAdmixture_1kHzLaserFreq\OscopeData_Laser_True\Scope_TrialNumber_0_85.00W_0.60Torr_8.00NitrogenFlow_2420.00MHz.csv,True,f40b525d|Scope_TrialNumber_0_85.00W_0.60Torr_8.00NitrogenFlow_2420.00MHz.csv,632.4648741844295,30.53680673538726,6.324648741844295,31.18489614063361,23777796014.338047,570659476.6962188,2904883815.36071,2960405752.441344,1.2253788486787671,0.0136730477690734,0.211514525117728,0.0022946875167509,1.0,10.772894095279584,,LAS_DataFrame_f40b525d_Laser_True_20260726_145342_LAS.csv,,
f40b525d,2026-07-26 15:20:52.591574,2026-07-26,0.6,0.5940000000000001,73.61,6.396,8.0,90,2420,60.6,126.86666666666667,0.1247219128924639,36.766666666666666,0.1247219128924633,90.1,0.2160246899469273,0.5383355716952103,0.0010707494554663,Data\NafisaData\LAS_0.6Torr_SmallAdmixture_1kHzLaserFreq\OscopeData_Laser_True\Scope_TrialNumber_0_90.00W_0.60Torr_8.00NitrogenFlow_2420.00MHz.csv,True,f40b525d|Scope_TrialNumber_0_90.00W_0.60Torr_8.00NitrogenFlow_2420.00MHz.csv,597.0005318745648,26.667936109565943,5.970005318745648,27.32800358331619,20116442621.68567,445533679.8313034,2457583897.142112,2497642662.863571,1.1905277788947668,0.0151590694776519,0.1789450883344338,0.0022192359587594,1.0,10.252217562983716,,LAS_DataFrame_f40b525d_Laser_True_20260726_145342_LAS.csv,,
f40b525d,2026-07-26 15:21:10.622188,2026-07-26,0.6,0.5940000000000001,73.59,6.406,8.0,95,2420,61.9,134.63333333333333,0.0942809041582009,39.66666666666667,0.0471404520791038,94.96666666666664,0.0471404520790937,0.5427957854310169,0.0001325561955226,Data\NafisaData\LAS_0.6Torr_SmallAdmixture_1kHzLaserFreq\OscopeData_Laser_True\Scope_TrialNumber_0_95.00W_0.60Torr_8.00NitrogenFlow_2420.00MHz.csv,True,f40b525d|Scope_TrialNumber_0_95.00W_0.60Torr_8.00NitrogenFlow_2420.00MHz.csv,602.7083548562812,20.51396601573086,6.027083548562812,21.38103219669053,20341448312.848778,341676217.9777756,2485072373.7961144,2508451183.686111,1.1962054595689156,0.0145538788104955,0.1809466183284859,0.0021452050663255,1.0,9.602267520642693,,LAS_DataFrame_f40b525d_Laser_True_20260726_145342_LAS.csv,,
f40b525d,2026-07-26 15:21:28.701365,2026-07-26,0.6,0.5940000000000001,73.6,6.404,8.0,100,2420,63.1,142.93333333333334,0.1247219128924576,42.9,0.0,100.03333333333336,0.1247219128924576,0.5478504328033654,0.0002389642558114,Data\NafisaData\LAS_0.6Torr_SmallAdmixture_1kHzLaserFreq\OscopeData_Laser_True\Scope_TrialNumber_0_100.00W_0.60Torr_8.00NitrogenFlow_2420.00MHz.csv,True,f40b525d|Scope_TrialNumber_0_100.00W_0.60Torr_8.00NitrogenFlow_2420.00MHz.csv,659.9474477653316,31.08639670409538,6.599474477653317,31.779193246927928,20602067617.76829,482835342.3709298,2516911691.4677243,2562805968.170313,1.2517190192248049,0.0156263764784482,0.1832649479366347,0.002247531605404,1.0,9.97804236896798,,LAS_DataFrame_f40b525d_Laser_True_20260726_145342_LAS.csv,,
f40b525d,2026-07-26 15:21:46.792679,2026-07-26,0.6,0.5940000000000001,73.59,6.404,8.0,105,2420,64.3,151.0666666666667,0.0471404520791004,46.13333333333333,0.0471404520791038,104.93333333333334,0.0471404520791038,0.5526154673262471,0.0002505367214444,Data\NafisaData\LAS_0.6Torr_SmallAdmixture_1kHzLaserFreq\OscopeData_Laser_True\Scope_TrialNumber_0_105.00W_0.60Torr_8.00NitrogenFlow_2420.00MHz.csv,True,f40b525d|Scope_TrialNumber_0_105.00W_0.60Torr_8.00NitrogenFlow_2420.00MHz.csv,627.2037762078926,26.495421903111826,6.272037762078926,27.227666802589635,21080787014.272038,442665343.9772893,2575395843.07557,2613162137.198811,1.2202716076693685,0.0156725748706884,0.1875233790273497,0.0023702295166702,1.0,10.995667005331264,,LAS_DataFrame_f40b525d_Laser_True_20260726_145342_LAS.csv,,
f40b525d,2026-07-26 15:22:04.760404,2026-07-26,0.6,0.5940000000000001,73.61,6.391,8.0,110,2420,65.6,158.26666666666665,0.2867441755680834,48.2,0.1632993161855446,110.06666666666668,0.1247219128924588,0.5518588843376694,0.0004384453884053,Data\NafisaData\LAS_0.6Torr_SmallAdmixture_1kHzLaserFreq\OscopeData_Laser_True\Scope_TrialNumber_0_110.00W_0.60Torr_8.00NitrogenFlow_2420.00MHz.csv,True,f40b525d|Scope_TrialNumber_0_110.00W_0.60Torr_8.00NitrogenFlow_2420.00MHz.csv,613.8349521133337,18.77488952614871,6.138349521133336,19.7528684388543,22297244660.78853,338392169.5179896,2724007940.147424,2744945995.5302043,1.207196537807557,0.0116494096291514,0.1983443340592464,0.001877119378129,1.0,7.3325797805055455,,LAS_DataFrame_f40b525d_Laser_True_20260726_145342_LAS.csv,,
f40b525d,2026-07-26 15:22:55.475234,2026-07-26,0.6,0.593,72.01,8.002,10.0,30,2420,60.1,41.63333333333333,0.0942809041582076,11.633333333333333,0.047140452079103,30.0,0.0816496580927737,0.52860460480341,0.0009283018487672,Data\NafisaData\LAS_0.6Torr_SmallAdmixture_1kHzLaserFreq\OscopeData_Laser_True\Scope_TrialNumber_0_30.00W_0.60Torr_10.00NitrogenFlow_2420.00MHz.csv,True,f40b525d|Scope_TrialNumber_0_30.00W_0.60Torr_10.00NitrogenFlow_2420.00MHz.csv,561.9850848892459,40.24525227567649,5.619850848892459,40.63573617269215,9982794838.6498,347659698.0566745,1219577253.559324,1268162427.7087543,1.1550866622667493,0.0349447634152653,0.0888015907097309,0.0025828733729517,1.0,14.20075987314644,,LAS_DataFrame_f40b525d_Laser_True_20260726_145342_LAS.csv,,
f40b525d,2026-07-26 15:23:13.622085,2026-07-26,0.6,0.593,72.02,8.007,10.0,35,2420,57.4,46.93333333333334,0.0471404520791038,11.9,0.0,35.03333333333333,0.0471404520791038,0.5035388049552809,0.0002527459126966,Data\NafisaData\LAS_0.6Torr_SmallAdmixture_1kHzLaserFreq\OscopeData_Laser_True\Scope_TrialNumber_0_35.00W_0.60Torr_10.00NitrogenFlow_2420.00MHz.csv,True,f40b525d|Scope_TrialNumber_0_35.00W_0.60Torr_10.00NitrogenFlow_2420.00MHz.csv,549.9326471648775,45.30661311290821,5.499326471648775,45.639147487705365,10600658556.385504,430614866.29424673,1295060377.08628,1364774905.7527654,1.1426334290011135,0.0333366622312275,0.0942977750812991,0.0026745558253711,1.0,14.30818321093396,,LAS_DataFrame_f40b525d_Laser_True_20260726_145342_LAS.csv,,
f40b525d,2026-07-26 15:23:31.721348,2026-07-26,0.6,0.593,71.99,7.996,10.0,40,2420,56.7,52.20000000000001,7.105427357601002e-15,12.166666666666666,0.047140452079103,40.03333333333333,0.0471404520791038,0.4827805190095933,0.0009359254918492,Data\NafisaData\LAS_0.6Torr_SmallAdmixture_1kHzLaserFreq\OscopeData_Laser_True\Scope_TrialNumber_0_40.00W_0.60Torr_10.00NitrogenFlow_2420.00MHz.csv,True,f40b525d|Scope_TrialNumber_0_40.00W_0.60Torr_10.00NitrogenFlow_2420.00MHz.csv,567.4601767659474,34.32185905647192,5.674601767659474,34.787801228503184,11912466274.71689,351614223.9090192,1455321193.839367,1497194823.5594397,1.160699691056153,0.0307897719824923,0.1059669132310806,0.0027230465459413,1.0,15.556045759257213,,LAS_DataFrame_f40b525d_Laser_True_20260726_145342_LAS.csv,,
f40b525d,2026-07-26 15:23:49.827469,2026-07-26,0.6,0.5940000000000001,72.0,7.99,10.0,45,2420,56.4,58.03333333333333,0.0471404520791038,13.066666666666668,0.047140452079103,44.96666666666667,0.0471404520791038,0.4745072897311432,0.0007784246653028,Data\NafisaData\LAS_0.6Torr_SmallAdmixture_1kHzLaserFreq\OscopeData_Laser_True\Scope_TrialNumber_0_45.00W_0.60Torr_10.00NitrogenFlow_2420.00MHz.csv,True,f40b525d|Scope_TrialNumber_0_45.00W_0.60Torr_10.00NitrogenFlow_2420.00MHz.csv,560.5352159931505,36.99679483352527,5.605352159931505,37.41901656632375,13015493597.585426,422047697.2493657,1590075744.5205717,1645133773.3042085,1.1535956922904116,0.0281067255093328,0.1157788529183305,0.0027300784732637,1.0,15.21402935022585,,LAS_DataFrame_f40b525d_Laser_True_20260726_145342_LAS.csv,,
f40b525d,2026-07-26 15:24:07.861369,2026-07-26,0.6,0.5940000000000001,71.98,8.015,10.0,50,2420,56.5,63.96666666666666,0.0942809041582043,14.0,0.0,49.96666666666666,0.0942809041582043,0.4678294004751205,0.0003444993942927,Data\NafisaData\LAS_0.6Torr_SmallAdmixture_1kHzLaserFreq\OscopeData_Laser_True\Scope_TrialNumber_0_50.00W_0.60Torr_10.00NitrogenFlow_2420.00MHz.csv,True,f40b525d|Scope_TrialNumber_0_50.00W_0.60Torr_10.00NitrogenFlow_2420.00MHz.csv,657.3007350800206,43.81409461449097,6.573007350800205,44.3043938286175,14630408532.271809,481184611.4891555,1787366538.5927389,1851004530.9547348,1.2492064942319967,0.0302819708159796,0.1301442703569252,0.0030757155006871,1.0,17.2871084819186,,LAS_DataFrame_f40b525d_Laser_True_20260726_145342_LAS.csv,,
f40b525d,2026-07-26 15:24:26.060455,2026-07-26,0.6,0.5940000000000001,71.99,8.006,10.0,55,2420,56.7,70.30000000000001,0.0816496580927737,15.300000000000002,1.7763568394002505e-15,55.0,0.0816496580927737,0.4665178576562764,0.0002709179210571,Data\NafisaData\LAS_0.6Torr_SmallAdmixture_1kHzLaserFreq\OscopeData_Laser_True\Scope_TrialNumber_0_55.00W_0.60Torr_10.00NitrogenFlow_2420.00MHz.csv,True,f40b525d|Scope_TrialNumber_0_55.00W_0.60Torr_10.00NitrogenFlow_2420.00MHz.csv,613.1579376307203,45.16747946541391,6.131579376307204,45.58176682519604,15281096219.190344,558355353.6061763,1866859698.0699408,1948570202.2710056,1.2065306299658347,0.0257332419797426,0.1359324391601034,0.0028298990487823,1.0,15.060590475552411,,LAS_DataFrame_f40b525d_Laser_True_20260726_145342_LAS.csv,,
f40b525d,2026-07-26 15:24:44.148878,2026-07-26,0.6,0.593,72.0,7.994,10.0,60,2420,57.0,76.49999999999999,0.1414213562373081,16.433333333333334,0.0471404520791038,60.06666666666666,0.1247219128924633,0.463481002431203,0.0005830625065753,Data\NafisaData\LAS_0.6Torr_SmallAdmixture_1kHzLaserFreq\OscopeData_Laser_True\Scope_TrialNumber_0_60.00W_0.60Torr_10.00NitrogenFlow_2420.00MHz.csv,True,f40b525d|Scope_TrialNumber_0_60.00W_0.60Torr_10.00NitrogenFlow_2420.00MHz.csv,603.4258292858452,41.95079121931008,6.0342582928584525,42.38255722665959,16076941169.078611,553463809.97138,1964086418.0347743,2040577772.704757,1.1969172396170815,0.0260714493286727,0.143011849150056,0.0030381665447168,1.0,17.68559074895665,,LAS_DataFrame_f40b525d_Laser_True_20260726_145342_LAS.csv,,
f40b525d,2026-07-26 15:25:02.263152,2026-07-26,0.6,0.5940000000000001,71.99,7.995,10.0,65,2420,57.3,82.13333333333334,0.0471404520791071,17.1,0.0,65.03333333333333,0.0471404520791004,0.45628730353689,0.0001309032868963,Data\NafisaData\LAS_0.6Torr_SmallAdmixture_1kHzLaserFreq\OscopeData_Laser_True\Scope_TrialNumber_0_65.00W_0.60Torr_10.00NitrogenFlow_2420.00MHz.csv,True,f40b525d|Scope_TrialNumber_0_65.00W_0.60Torr_10.00NitrogenFlow_2420.00MHz.csv,577.1117880547148,27.00561685842493,5.771117880547148,27.61537874980562,16489428106.37005,376433147.0293373,2014479088.0477176,2049348167.1897469,1.1705289167551518,0.0238018885409731,0.1466811117934841,0.0028863262296048,1.0,17.23156911034744,,LAS_DataFrame_f40b525d_Laser_True_20260726_145342_LAS.csv,,
f40b525d,2026-07-26 15:25:20.307990,2026-07-26,0.6,0.593,71.99,8.021,10.0,70,2420,57.6,87.33333333333333,0.0942809041582076,17.3,0.0,70.03333333333335,0.0942809041582076,0.4450750232384916,0.0002403785910438,Data\NafisaData\LAS_0.6Torr_SmallAdmixture_1kHzLaserFreq\OscopeData_Laser_True\Scope_TrialNumber_0_70.00W_0.60Torr_10.00NitrogenFlow_2420.00MHz.csv,True,f40b525d|Scope_TrialNumber_0_70.00W_0.60Torr_10.00NitrogenFlow_2420.00MHz.csv,577.5777369468851,35.3586237646372,5.775777369468852,35.82725050503925,17887990874.76984,541810854.5059984,2185338588.576733,2251502553.58129,1.1710013526159555,0.0219757436709432,0.1591219763558278,0.002902303900901,1.0,16.76424253824779,,LAS_DataFrame_f40b525d_Laser_True_20260726_145342_LAS.csv,,
f40b525d,2026-07-26 15:25:38.384828,2026-07-26,0.6,0.5940000000000001,72.0,7.994,10.0,75,2420,57.8,92.9,0.1414213562373081,17.9,0.0,75.0,0.1414213562373014,0.4389540249115696,0.0003338398168024,Data\NafisaData\LAS_0.6Torr_SmallAdmixture_1kHzLaserFreq\OscopeData_Laser_True\Scope_TrialNumber_0_75.00W_0.60Torr_10.00NitrogenFlow_2420.00MHz.csv,True,f40b525d|Scope_TrialNumber_0_75.00W_0.60Torr_10.00NitrogenFlow_2420.00MHz.csv,600.0297834384428,35.46756463521827,6.000297834384428,35.97154035143205,18080727766.60504,529544509.4988544,2208884853.2253737,2271473020.3876214,1.1935443967015855,0.0214639757567692,0.1608364604116506,0.0028212405379205,1.0,15.54669418239683,,LAS_DataFrame_f40b525d_Laser_True_20260726_145342_LAS.csv,,
f40b525d,2026-07-26 15:25:56.356120,2026-07-26,0.6,0.593,71.99,7.989,10.0,80,2420,58.2,99.36666666666667,0.0471404520791071,19.3,0.0816496580927723,80.06666666666668,0.0471404520791038,0.4407143280315439,0.0008433306854963,Data\NafisaData\LAS_0.6Torr_SmallAdmixture_1kHzLaserFreq\OscopeData_Laser_True\Scope_TrialNumber_0_80.00W_0.60Torr_10.00NitrogenFlow_2420.00MHz.csv,True,f40b525d|Scope_TrialNumber_0_80.00W_0.60Torr_10.00NitrogenFlow_2420.00MHz.csv,602.4694304603482,36.59800267646957,6.024694304603482,37.090574832035095,18172996708.55689,547174240.846703,2220157157.688528,2286590793.0108023,1.195968337423124,0.021067025176256,0.1616572354501904,0.0027733234507985,1.0,15.28915426546152,,LAS_DataFrame_f40b525d_Laser_True_20260726_145342_LAS.csv,,
f40b525d,2026-07-26 15:26:14.322263,2026-07-26,0.6,0.5940000000000001,71.99,7.996,10.0,85,2420,58.7,106.66666666666669,0.2624669291337295,21.600000000000005,0.0816496580927723,85.06666666666666,0.188561808316412,0.4499992415566811,0.0003880224339277,Data\NafisaData\LAS_0.6Torr_SmallAdmixture_1kHzLaserFreq\OscopeData_Laser_True\Scope_TrialNumber_0_85.00W_0.60Torr_10.00NitrogenFlow_2420.00MHz.csv,True,f40b525d|Scope_TrialNumber_0_85.00W_0.60Torr_10.00NitrogenFlow_2420.00MHz.csv,591.1536098428908,34.6727913000474,5.911536098428908,35.173124904956495,18067178238.482327,524811329.40387183,2207229535.5951905,2268763794.288515,1.1846835206172968,0.0209523604485303,0.160715931073914,0.0027675482473916,1.0,15.424232579037865,,LAS_DataFrame_f40b525d_Laser_True_20260726_145342_LAS.csv,,
f40b525d,2026-07-26 15:26:32.413323,2026-07-26,0.6,0.5940000000000001,71.99,7.995,10.0,90,2420,59.4,116.2,0.1414213562373081,26.03333333333333,0.0471404520791038,90.16666666666669,0.1247219128924626,0.473327534857041,0.0003781478916654,Data\NafisaData\LAS_0.6Torr_SmallAdmixture_1kHzLaserFreq\OscopeData_Laser_True\Scope_TrialNumber_0_90.00W_0.60Torr_10.00NitrogenFlow_2420.00MHz.csv,True,f40b525d|Scope_TrialNumber_0_90.00W_0.60Torr_10.00NitrogenFlow_2420.00MHz.csv,612.4172716466512,42.94435142672195,6.1241727164665125,43.378829063529466,18186658350.282635,631452572.0878972,2221826172.004087,2309814687.2419777,1.205801693608458,0.0251513773839396,0.1617787620904311,0.0032809909180274,1.0,22.61823962672123,,LAS_DataFrame_f40b525d_Laser_True_20260726_145342_LAS.csv,,
f40b525d,2026-07-26 15:26:50.365527,2026-07-26,0.6,0.593,72.0,7.996,10.0,95,2420,60.4,126.46666666666664,0.0471404520791004,31.53333333333333,0.0471404520791038,94.93333333333334,0.0471404520791004,0.499340481894259,0.0003363695056758,Data\NafisaData\LAS_0.6Torr_SmallAdmixture_1kHzLaserFreq\OscopeData_Laser_True\Scope_TrialNumber_0_95.00W_0.60Torr_10.00NitrogenFlow_2420.00MHz.csv,True,f40b525d|Scope_TrialNumber_0_95.00W_0.60Torr_10.00NitrogenFlow_2420.00MHz.csv,580.9484905413835,36.104679773613945,5.809484905413836,36.56908552891963,19059509470.37603,586891076.8439176,2328460575.3966403,2401285028.324515,1.1744133737092686,0.0197260735966939,0.169543177684446,0.0027584914612655,1.0,15.426151872023542,,LAS_DataFrame_f40b525d_Laser_True_20260726_145342_LAS.csv,,
f40b525d,2026-07-26 15:27:08.369558,2026-07-26,0.6,0.5940000000000001,72.0,7.993,10.0,100,2420,61.9,140.13333333333333,0.0942809041582009,40.3,0.0,99.83333333333331,0.0942809041582009,0.5362679849794415,0.0001804634274912,Data\NafisaData\LAS_0.6Torr_SmallAdmixture_1kHzLaserFreq\OscopeData_Laser_True\Scope_TrialNumber_0_100.00W_0.60Torr_10.00NitrogenFlow_2420.00MHz.csv,True,f40b525d|Scope_TrialNumber_0_100.00W_0.60Torr_10.00NitrogenFlow_2420.00MHz.csv,624.1336392371627,31.60201637048444,6.241336392371627,32.21244664168044,16825752750.376291,420291329.0581594,2055567169.3186464,2098094656.7927165,1.2172813539475054,0.0240251229349189,0.1496728755094934,0.0028889379862465,1.0,16.182407389109894,,LAS_DataFrame_f40b525d_Laser_True_20260726_145342_LAS.csv,,
f40b525d,2026-07-26 15:27:26.304489,2026-07-26,0.6,0.5940000000000001,72.01,7.987,10.0,105,2420,63.4,148.26666666666665,0.1885618083164153,43.3,0.1414213562373081,104.96666666666664,0.1699673171197609,0.5404078461806279,0.0007696711539211,Data\NafisaData\LAS_0.6Torr_SmallAdmixture_1kHzLaserFreq\OscopeData_Laser_True\Scope_TrialNumber_0_105.00W_0.60Torr_10.00NitrogenFlow_2420.00MHz.csv,True,f40b525d|Scope_TrialNumber_0_105.00W_0.60Torr_10.00NitrogenFlow_2420.00MHz.csv,660.6081837450811,34.90585625955051,6.606081837450811,35.52547140370553,17908877720.14101,468062558.87864393,2187890290.973207,2237397256.715679,1.252345469776212,0.0236477489752161,0.159307774533978,0.0029446047260046,1.0,16.28452905612145,,LAS_DataFrame_f40b525d_Laser_True_20260726_145342_LAS.csv,,
f40b525d,2026-07-26 15:27:44.379217,2026-07-26,0.6,0.593,72.0,8.0,10.0,110,2420,64.7,156.9333333333333,0.2357022603955158,46.93333333333333,0.1247219128924664,110.0,0.1632993161855417,0.5468683092793921,0.0004949117858076,Data\NafisaData\LAS_0.6Torr_SmallAdmixture_1kHzLaserFreq\OscopeData_Laser_True\Scope_TrialNumber_0_110.00W_0.60Torr_10.00NitrogenFlow_2420.00MHz.csv,True,f40b525d|Scope_TrialNumber_0_110.00W_0.60Torr_10.00NitrogenFlow_2420.00MHz.csv,639.1116785424321,55.92830551948286,6.3911167854243205,56.29228838877977,16851574996.105389,723713455.713565,2058721819.2975376,2182222879.366961,1.2318009965375651,0.0473943085190829,0.1499025763631626,0.005629407439107,1.0,75.02205627653072,,LAS_DataFrame_f40b525d_Laser_True_20260726_145342_LAS.csv,,
f40b525d,2026-07-26 15:28:35.067262,2026-07-26,0.6,0.5920000000000001,70.4,9.595,12.0,30,2420,59.5,41.56666666666667,0.0471404520791038,11.533333333333331,0.047140452079103,30.03333333333333,0.0471404520791038,0.5267491882720666,0.0009614637379113,Data\NafisaData\LAS_0.6Torr_SmallAdmixture_1kHzLaserFreq\OscopeData_Laser_True\Scope_TrialNumber_0_30.00W_0.60Torr_12.00NitrogenFlow_2420.00MHz.csv,True,f40b525d|Scope_TrialNumber_0_30.00W_0.60Torr_12.00NitrogenFlow_2420.00MHz.csv,697.5935201249353,69.76458592477705,6.975935201249353,70.11248905286155,8715231031.019241,430591763.9897695,1064721623.2266104,1148495277.3878214,1.2869254611536765,0.0503318193939926,0.077526022668617,0.0029726552783413,1.0,15.607881523512177,,LAS_DataFrame_f40b525d_Laser_True_20260726_145342_LAS.csv,,
f40b525d,2026-07-26 15:28:53.136716,2026-07-26,0.6,0.5920000000000001,70.39,9.589,12.0,35,2420,57.3,47.66666666666666,0.0471404520791038,12.666666666666666,0.047140452079103,35.0,0.0,0.515493016269866,0.00070516990423,Data\NafisaData\LAS_0.6Torr_SmallAdmixture_1kHzLaserFreq\OscopeData_Laser_True\Scope_TrialNumber_0_35.00W_0.60Torr_12.00NitrogenFlow_2420.00MHz.csv,True,f40b525d|Scope_TrialNumber_0_35.00W_0.60Torr_12.00NitrogenFlow_2420.00MHz.csv,591.0791174569104,55.55673536891248,5.910791174569104,55.87028098337017,8269541769.732987,380010229.9324312,1010272694.444068,1079378845.4442563,1.1846088761586295,0.0524676035689475,0.0735614099520225,0.0031765852057359,1.0,22.040705315845894,,LAS_DataFrame_f40b525d_Laser_True_20260726_145342_LAS.csv,,
f40b525d,2026-07-26 15:29:11.279049,2026-07-26,0.6,0.5920000000000001,70.4,9.602,12.0,40,2420,56.6,52.86666666666667,0.0471404520791038,12.800000000000002,1.7763568394002505e-15,40.06666666666666,0.0471404520791004,0.4920555676531613,0.0002194833032493,Data\NafisaData\LAS_0.6Torr_SmallAdmixture_1kHzLaserFreq\OscopeData_Laser_True\Scope_TrialNumber_0_40.00W_0.60Torr_12.00NitrogenFlow_2420.00MHz.csv,True,f40b525d|Scope_TrialNumber_0_40.00W_0.60Torr_12.00NitrogenFlow_2420.00MHz.csv,638.9040873504529,53.11284806479766,6.389040873504529,53.49574256740056,9558708499.767069,391700661.9884198,1167767508.8128736,1231710340.6406846,1.2316009283698102,0.0420902458341933,0.085029146008649,0.0028449566204769,1.0,15.008931774679631,,LAS_DataFrame_f40b525d_Laser_True_20260726_145342_LAS.csv,,
f40b525d,2026-07-26 15:29:29.281588,2026-07-26,0.6,0.5920000000000001,70.41,9.599,12.0,45,2420,56.5,58.46666666666667,0.0471404520791038,13.433333333333332,0.047140452079103,45.03333333333333,0.0942809041582076,0.4793331596080193,0.0010340828273142,Data\NafisaData\LAS_0.6Torr_SmallAdmixture_1kHzLaserFreq\OscopeData_Laser_True\Scope_TrialNumber_0_45.00W_0.60Torr_12.00NitrogenFlow_2420.00MHz.csv,True,f40b525d|Scope_TrialNumber_0_45.00W_0.60Torr_12.00NitrogenFlow_2420.00MHz.csv,565.2222683858585,42.77829390307693,5.652222683858585,43.15008749152143,9972973579.031858,369023479.9047605,1218377410.7272377,1273036465.9708014,1.1584086883290892,0.0372946101271524,0.0887142260497391,0.0027681887334301,1.0,15.622097952229428,,LAS_DataFrame_f40b525d_Laser_True_20260726_145342_LAS.csv,,
f40b525d,2026-07-26 15:29:47.374155,2026-07-26,0.6,0.5920000000000001,70.4,9.61,12.0,50,2420,56.6,64.4,0.1632993161855417,14.300000000000002,1.7763568394002505e-15,50.1,0.1632993161855417,0.4712226228121738,0.0005974431674438,Data\NafisaData\LAS_0.6Torr_SmallAdmixture_1kHzLaserFreq\OscopeData_Laser_True\Scope_TrialNumber_0_50.00W_0.60Torr_12.00NitrogenFlow_2420.00MHz.csv,True,f40b525d|Scope_TrialNumber_0_50.00W_0.60Torr_12.00NitrogenFlow_2420.00MHz.csv,606.6582960651257,38.430357976107935,6.066582960651257,38.90624426734438,11300977309.112408,350451920.4490716,1380616860.5031314,1424401440.6240838,1.2001188158870064,0.0353628835148009,0.1005274352367126,0.002890388964367,1.0,15.725595097243632,,LAS_DataFrame_f40b525d_Laser_True_20260726_145342_LAS.csv,,
f40b525d,2026-07-26 15:30:05.398680,2026-07-26,0.6,0.5920000000000001,70.4,9.602,12.0,55,2420,56.9,70.23333333333333,0.0942809041582076,15.300000000000002,1.7763568394002505e-15,54.93333333333334,0.0942809041582076,0.466739298004317,0.0003134976871355,Data\NafisaData\LAS_0.6Torr_SmallAdmixture_1kHzLaserFreq\OscopeData_Laser_True\Scope_TrialNumber_0_55.00W_0.60Torr_12.00NitrogenFlow_2420.00MHz.csv,True,f40b525d|Scope_TrialNumber_0_55.00W_0.60Torr_12.00NitrogenFlow_2420.00MHz.csv,696.6154611139928,45.6786296299088,6.966154611139928,46.20675832530008,12829348458.79984,417377287.5978244,1567334780.612888,1621956261.6548471,1.2860229796209004,0.0354981295197674,0.1141230055635351,0.0031157762949105,1.0,17.05197482324039,,LAS_DataFrame_f40b525d_Laser_True_20260726_145342_LAS.csv,,
f40b525d,2026-07-26 15:30:23.506300,2026-07-26,0.6,0.5920000000000001,70.41,9.597,12.0,60,2420,57.2,76.53333333333335,0.1247219128924639,16.6,0.0,59.93333333333334,0.1247219128924639,0.465724582237659,0.0003793056858881,Data\NafisaData\LAS_0.6Torr_SmallAdmixture_1kHzLaserFreq\OscopeData_Laser_True\Scope_TrialNumber_0_60.00W_0.60Torr_12.00NitrogenFlow_2420.00MHz.csv,True,f40b525d|Scope_TrialNumber_0_60.00W_0.60Torr_12.00NitrogenFlow_2420.00MHz.csv,644.007453380586,45.15248748063699,6.44007453380586,45.609447329364286,13038984714.64134,450008346.8015741,1592945605.3646684,1655289465.272372,1.2365099664166517,0.0323383672915613,0.1159878173011342,0.0029484106835121,1.0,16.49174777598786,,LAS_DataFrame_f40b525d_Laser_True_20260726_145342_LAS.csv,,
f40b525d,2026-07-26 15:30:41.504796,2026-07-26,0.6,0.5920000000000001,70.4,9.608,12.0,65,2420,57.6,82.73333333333333,0.0471404520791004,17.7,0.0,65.03333333333333,0.0471404520791004,0.4625369420321757,0.0001317341810932,Data\NafisaData\LAS_0.6Torr_SmallAdmixture_1kHzLaserFreq\OscopeData_Laser_True\Scope_TrialNumber_0_65.00W_0.60Torr_12.00NitrogenFlow_2420.00MHz.csv,True,f40b525d|Scope_TrialNumber_0_65.00W_0.60Torr_12.00NitrogenFlow_2420.00MHz.csv,648.0108069820099,45.95651866401053,6.480108069820099,46.411134529464974,13714941430.007286,479987088.0577173,1675525829.4176834,1742921228.7845778,1.240347280285595,0.03035150852355,0.1220007658336455,0.002903046335697,1.0,15.905239136306902,,LAS_DataFrame_f40b525d_Laser_True_20260726_145342_LAS.csv,,
f40b525d,2026-07-26 15:30:59.534716,2026-07-26,0.6,0.5920000000000001,70.39,9.595,12.0,70,2420,58.0,88.46666666666665,0.1247219128924639,18.466666666666665,0.0471404520791038,70.0,0.0816496580927679,0.4568819736655626,0.0002984015363539,Data\NafisaData\LAS_0.6Torr_SmallAdmixture_1kHzLaserFreq\OscopeData_Laser_True\Scope_TrialNumber_0_70.00W_0.60Torr_12.00NitrogenFlow_2420.00MHz.csv,True,f40b525d|Scope_TrialNumber_0_70.00W_0.60Torr_12.00NitrogenFlow_2420.00MHz.csv,646.6868484399846,42.87770021767438,6.466868484399846,43.36262865592073,14429822348.31067,473455079.9553157,1762861342.2733526,1825332798.3733,1.239079548327674,0.0284859060603421,0.1283599632066689,0.0028874720763997,1.0,16.039340870796156,,LAS_DataFrame_f40b525d_Laser_True_20260726_145342_LAS.csv,,
f40b525d,2026-07-26 15:31:17.460024,2026-07-26,0.6,0.5920000000000001,70.39,9.594,12.0,75,2420,58.4,93.93333333333334,0.0942809041582076,18.766666666666666,0.0471404520791038,75.16666666666667,0.1247219128924639,0.4469754408185778,0.0007012750980321,Data\NafisaData\LAS_0.6Torr_SmallAdmixture_1kHzLaserFreq\OscopeData_Laser_True\Scope_TrialNumber_0_75.00W_0.60Torr_12.00NitrogenFlow_2420.00MHz.csv,True,f40b525d|Scope_TrialNumber_0_75.00W_0.60Torr_12.00NitrogenFlow_2420.00MHz.csv,652.0031479553036,101.69162557761594,6.520031479553036,101.9004294549949,14834929019.75884,1140148844.3547978,1812352380.5796287,2141158690.6804056,1.2441622518683304,0.0945956855799917,0.1319635749620105,0.0098806297049388,1.0,194.26051047819783,,LAS_DataFrame_f40b525d_Laser_True_20260726_145342_LAS.csv,,
f40b525d,2026-07-26 15:31:35.632761,2026-07-26,0.6,0.593,70.4,9.593,12.0,80,2420,58.7,99.1,0.0816496580927737,18.966666666666665,0.0471404520791038,80.13333333333334,0.1247219128924702,0.4374804458914886,0.0007056021643798,Data\NafisaData\LAS_0.6Torr_SmallAdmixture_1kHzLaserFreq\OscopeData_Laser_True\Scope_TrialNumber_0_80.00W_0.60Torr_12.00NitrogenFlow_2420.00MHz.csv,True,f40b525d|Scope_TrialNumber_0_80.00W_0.60Torr_12.00NitrogenFlow_2420.00MHz.csv,593.1177965278553,35.15982644604003,5.931177965278553,35.656587999575365,15019764145.82462,439372765.6301121,1834933302.961791,1886803819.557222,1.1866500229536694,0.0243636491460957,0.1336077691460007,0.0026680011383865,1.0,14.288369107119308,,LAS_DataFrame_f40b525d_Laser_True_20260726_145342_LAS.csv,,
f40b525d,2026-07-26 15:31:53.697873,2026-07-26,0.6,0.593,70.39,9.607,12.0,85,2420,59.0,105.36666666666667,0.1247219128924639,20.266666666666666,0.0471404520791038,85.10000000000001,0.0816496580927737,0.4385702751720102,0.0002783504086806,Data\NafisaData\LAS_0.6Torr_SmallAdmixture_1kHzLaserFreq\OscopeData_Laser_True\Scope_TrialNumber_0_85.00W_0.60Torr_12.00NitrogenFlow_2420.00MHz.csv,True,f40b525d|Scope_TrialNumber_0_85.00W_0.60Torr_12.00NitrogenFlow_2420.00MHz.csv,651.827264968194,34.69391878522822,6.51827264968194,35.30093311814297,15802322774.415367,414723299.9883794,1930536860.7260756,1974580458.268374,1.2439944292638234,0.025814573505346,0.1405689911450179,0.0028502875377138,1.0,14.684353456377451,,LAS_DataFrame_f40b525d_Laser_True_20260726_145342_LAS.csv,,
f40b525d,2026-07-26 15:32:11.862468,2026-07-26,0.6,0.5920000000000001,70.42,9.594,12.0,90,2420,59.4,111.76666666666664,0.124721912892469,21.899999999999995,3.552713678800501e-15,89.86666666666667,0.1247219128924702,0.4426557509789381,0.0002470618513852,Data\NafisaData\LAS_0.6Torr_SmallAdmixture_1kHzLaserFreq\OscopeData_Laser_True\Scope_TrialNumber_0_90.00W_0.60Torr_12.00NitrogenFlow_2420.00MHz.csv,True,f40b525d|Scope_TrialNumber_0_90.00W_0.60Torr_12.00NitrogenFlow_2420.00MHz.csv,664.1605758537072,50.34367956065293,6.6416057585370725,50.77988773872522,15946306042.334131,598854738.9807357,1948126996.6834936,2038093666.5439923,1.2557081721033618,0.0283645347917481,0.1418497891012444,0.0031211736086187,1.0,18.828269247788757,,LAS_DataFrame_f40b525d_Laser_True_20260726_145342_LAS.csv,,
f40b525d,2026-07-26 15:32:29.931260,2026-07-26,0.6,0.593,70.39,9.594,12.0,95,2420,60.0,120.46666666666664,0.0942809041582009,25.46666666666667,0.0471404520791038,95.0,0.1414213562373014,0.4597827526752557,0.0006054110183871,Data\NafisaData\LAS_0.6Torr_SmallAdmixture_1kHzLaserFreq\OscopeData_Laser_True\Scope_TrialNumber_0_95.00W_0.60Torr_12.00NitrogenFlow_2420.00MHz.csv,True,f40b525d|Scope_TrialNumber_0_95.00W_0.60Torr_12.00NitrogenFlow_2420.00MHz.csv,589.6591044092689,49.34081331500525,5.896591044092689,49.691907233748566,15077256699.476225,621604958.8624498,1841957048.497567,1944016073.3369093,1.183185063732521,0.0326984066312285,0.1341191920792318,0.0035813527027348,1.0,30.97663797978508,,LAS_DataFrame_f40b525d_Laser_True_20260726_145342_LAS.csv,,
f40b525d,2026-07-26 15:32:47.928070,2026-07-26,0.6,0.5920000000000001,70.4,9.609,12.0,100,2420,60.8,130.23333333333335,0.1247219128924702,30.2,0.0,100.03333333333332,0.1247219128924702,0.4815512810675433,0.0002305230213169,Data\NafisaData\LAS_0.6Torr_SmallAdmixture_1kHzLaserFreq\OscopeData_Laser_True\Scope_TrialNumber_0_100.00W_0.60Torr_12.00NitrogenFlow_2420.00MHz.csv,True,f40b525d|Scope_TrialNumber_0_100.00W_0.60Torr_12.00NitrogenFlow_2420.00MHz.csv,691.9905711469353,45.098975868033165,6.919905711469353,45.62677634241832,17385843738.68616,564646005.0325056,2123992318.8190303,2197764428.09538,1.2817468618324284,0.0225780667803619,0.1546551446543564,0.0026929301475848,1.0,13.07063839522369,,LAS_DataFrame_f40b525d_Laser_True_20260726_145342_LAS.csv,,
f40b525d,2026-07-26 15:33:06.054402,2026-07-26,0.6,0.5920000000000001,70.41,9.599,12.0,105,2420,62.0,142.76666666666668,0.0471404520791138,37.6,0.1414213562373081,105.16666666666669,0.1247219128924614,0.513191785373106,0.00092495427127,Data\NafisaData\LAS_0.6Torr_SmallAdmixture_1kHzLaserFreq\OscopeData_Laser_True\Scope_TrialNumber_0_105.00W_0.60Torr_12.00NitrogenFlow_2420.00MHz.csv,True,f40b525d|Scope_TrialNumber_0_105.00W_0.60Torr_12.00NitrogenFlow_2420.00MHz.csv,652.3691190475962,43.56829346183734,6.5236911904759625,44.05399802430504,15880598947.4979,527333109.4968593,1940099697.760202,2010489255.286099,1.244511378665906,0.0237779689754121,0.1412652940137783,0.002652803215675,1.0,13.277266220653146,,LAS_DataFrame_f40b525d_Laser_True_20260726_145342_LAS.csv,,
f40b525d,2026-07-26 15:33:24.201535,2026-07-26,0.6,0.5920000000000001,70.39,9.602,12.0,110,2420,63.6,154.16666666666666,0.0942809041582143,44.13333333333333,0.0471404520791038,110.03333333333336,0.0471404520791071,0.5350422183962601,0.0001220836516575,Data\NafisaData\LAS_0.6Torr_SmallAdmixture_1kHzLaserFreq\OscopeData_Laser_True\Scope_TrialNumber_0_110.00W_0.60Torr_12.00NitrogenFlow_2420.00MHz.csv,True,f40b525d|Scope_TrialNumber_0_110.00W_0.60Torr_12.00NitrogenFlow_2420.00MHz.csv,644.2812051382468,47.48434123464825,6.442812051382468,47.91943749271224,14869560658.274391,544958674.7563088,1816583255.727292,1896563914.6047568,1.2367727435094251,0.0236811456909858,0.1322716394508407,0.0024810310464681,1.0,12.07679781313638,,LAS_DataFrame_f40b525d_Laser_True_20260726_145342_LAS.csv,,
3581b304,2026-09-09 14:23:43.248045,2026-09-09,1.5,1.51,80.0,-0.004,0.0,30,2420,43.8,37.5,0.0816496580927737,7.433333333333334,0.047140452079103,30.066666666666663,0.0471404520791038,0.4452187724541725,0.0010189814784838,Data\NafisaData\LAS_1.5Torr_Freq_2420\OscopeData_Laser_True\Scope_TrialNumber_0_30.00W_1.50Torr_0.00NitrogenFlow_2420.00MHz.csv,True,3581b304|Scope_TrialNumber_0_30.00W_1.50Torr_0.00NitrogenFlow_2420.00MHz.csv,673.6717343131455,30.75536100155276,6.736717343131455,31.484529389798418,33079816526.629265,704757261.7452949,4041292287.366031,4102283041.174377,1.264667439474361,0.0180046836467481,0.2942603124104709,0.0034255635403564,3.0,16.914229831895476,1.7831130819675618,LAS_DataFrame_3581b304_Laser_True_20260909_142215_LAS.csv,Data\NafisaData\LAS_1.5Torr_Freq_2420\OscopeData_Laser_True\Plasma_Off_Measuremnt_0.0.csv,Data\NafisaData\LAS_1.5Torr_Freq_2420\Spectra_True\Spectra_30.00W_1.50Torr_0.00NitrogenFlow_2420.00MHz_True.csv
3581b304,2026-09-09 14:24:02.592881,2026-09-09,1.5,1.51,79.99,-0.002,0.0,35,2420,45.5,45.9,0.0816496580927737,10.800000000000002,1.7763568394002505e-15,35.1,0.0816496580927737,0.485071825673846,0.0004314383097747,Data\NafisaData\LAS_1.5Torr_Freq_2420\OscopeData_Laser_True\Scope_TrialNumber_0_35.00W_1.50Torr_0.00NitrogenFlow_2420.00MHz.csv,True,3581b304|Scope_TrialNumber_0_35.00W_1.50Torr_0.00NitrogenFlow_2420.00MHz.csv,638.9172220838539,40.725384904129584,6.389172220838539,41.22351873939245,33591951008.785896,1192161139.191846,4103858690.392109,4273511943.6484594,1.2316135880686838,0.0312709570876729,0.2988159861879923,0.0089066758562045,3.0,14.890015891228895,3.3014820301908783,LAS_DataFrame_3581b304_Laser_True_20260909_142215_LAS.csv,Data\NafisaData\LAS_1.5Torr_Freq_2420\OscopeData_Laser_True\Plasma_Off_Measuremnt_0.0.csv,Data\NafisaData\LAS_1.5Torr_Freq_2420\Spectra_True\Spectra_35.00W_1.50Torr_0.00NitrogenFlow_2420.00MHz_True.csv
3581b304,2026-09-09 14:24:21.765978,2026-09-09,1.5,1.51,80.0,-0.005,0.0,40,2420,47.4,55.8,0.1632993161855446,15.800000000000002,0.081649658092773,40.0,0.0816496580927708,0.532120201730289,0.0005963062257681,Data\NafisaData\LAS_1.5Torr_Freq_2420\OscopeData_Laser_True\Scope_TrialNumber_0_40.00W_1.50Torr_0.00NitrogenFlow_2420.00MHz.csv,True,3581b304|Scope_TrialNumber_0_40.00W_1.50Torr_0.00NitrogenFlow_2420.00MHz.csv,688.7285192081686,30.991556899269007,6.887285192081686,31.747618750981875,27636692676.831944,675968905.8964981,3376317183.418395,3443319863.8501816,1.2787222079376497,0.0172780023974709,0.2458412009186982,0.0040739256672019,3.0,17.473038973769594,1.418096032687908,LAS_DataFrame_3581b304_Laser_True_20260909_142215_LAS.csv,Data\NafisaData\LAS_1.5Torr_Freq_2420\OscopeData_Laser_True\Plasma_Off_Measuremnt_0.0.csv,Data\NafisaData\LAS_1.5Torr_Freq_2420\Spectra_True\Spectra_40.00W_1.50Torr_0.00NitrogenFlow_2420.00MHz_True.csv
3581b304,2026-09-09 14:24:41.049881,2026-09-09,1.5,1.51,79.99,-0.003,0.0,45,2420,49.3,65.56666666666666,0.0471404520791004,20.6,0.0,44.96666666666666,0.0471404520791004,0.5605213273918143,0.0002015758368759,Data\NafisaData\LAS_1.5Torr_Freq_2420\OscopeData_Laser_True\Scope_TrialNumber_0_45.00W_1.50Torr_0.00NitrogenFlow_2420.00MHz.csv,True,3581b304|Scope_TrialNumber_0_45.00W_1.50Torr_0.00NitrogenFlow_2420.00MHz.csv,646.0488370782742,66.0039692826752,6.460488370782742,66.31939287310576,25203984542.35657,1284351679.426461,3079118297.404208,3336244704.132921,1.2384681690229895,0.0585601451893731,0.2242011336263674,0.010571034767908,3.0,20.259320012793847,4.234585476731705,LAS_DataFrame_3581b304_Laser_True_20260909_142215_LAS.csv,Data\NafisaData\LAS_1.5Torr_Freq_2420\OscopeData_Laser_True\Plasma_Off_Measuremnt_0.0.csv,Data\NafisaData\LAS_1.5Torr_Freq_2420\Spectra_True\Spectra_45.00W_1.50Torr_0.00NitrogenFlow_2420.00MHz_True.csv
3581b304,2026-09-09 14:25:00.337683,2026-09-09,1.5,1.51,80.02,0.004,0.0,50,2420,51.0,74.7,0.0,24.7,0.0,50.0,0.0,0.5750269186411896,0.0,Data\NafisaData\LAS_1.5Torr_Freq_2420\OscopeData_Laser_True\Scope_TrialNumber_0_50.00W_1.50Torr_0.00NitrogenFlow_2420.00MHz.csv,True,3581b304|Scope_TrialNumber_0_50.00W_1.50Torr_0.00NitrogenFlow_2420.00MHz.csv,628.9444617863862,62.14499108984571,6.289444617863863,62.46244496622094,23494616886.59149,1217815554.138119,2870288411.121272,3117952900.048012,1.2219637510727095,0.051512617267785,0.2089955154209316,0.0094003019258245,3.0,45.269215890353394,2.648035672208997,LAS_DataFrame_3581b304_Laser_True_20260909_142215_LAS.csv,Data\NafisaData\LAS_1.5Torr_Freq_2420\OscopeData_Laser_True\Plasma_Off_Measuremnt_0.0.csv,Data\NafisaData\LAS_1.5Torr_Freq_2420\Spectra_True\Spectra_50.00W_1.50Torr_0.00NitrogenFlow_2420.00MHz_True.csv
3581b304,2026-09-09 14:25:19.767640,2026-09-09,1.5,1.51,80.01,0.008,0.0,55,2420,52.4,82.66666666666667,0.1247219128924639,27.666666666666668,0.0471404520791021,55.0,0.1632993161855446,0.5785136758728507,0.0008710209009026,Data\NafisaData\LAS_1.5Torr_Freq_2420\OscopeData_Laser_True\Scope_TrialNumber_0_55.00W_1.50Torr_0.00NitrogenFlow_2420.00MHz.csv,True,3581b304|Scope_TrialNumber_0_55.00W_1.50Torr_0.00NitrogenFlow_2420.00MHz.csv,619.864750358624,52.394459010317085,6.19864750358624,52.75985752309717,21778357515.95516,932019302.7165072,2660616578.3863807,2819138265.1123405,1.2131112895980871,0.0376279401936328,0.1937285922149248,0.0061489286108152,3.0,50.61446309224394,1.6836267688607534,LAS_DataFrame_3581b304_Laser_True_20260909_142215_LAS.csv,Data\NafisaData\LAS_1.5Torr_Freq_2420\OscopeData_Laser_True\Plasma_Off_Measuremnt_0.0.csv,Data\NafisaData\LAS_1.5Torr_Freq_2420\Spectra_True\Spectra_55.00W_1.50Torr_0.00NitrogenFlow_2420.00MHz_True.csv
3581b304,2026-09-09 14:25:39.160741,2026-09-09,1.5,1.509,80.0,0.004,0.0,60,2420,53.3,81.19999999999999,3.307567081708243,27.433333333333334,0.1247219128924652,53.76666666666667,3.184685576665646,0.5815815665948786,0.0105511446174288,Data\NafisaData\LAS_1.5Torr_Freq_2420\OscopeData_Laser_True\Scope_TrialNumber_0_60.00W_1.50Torr_0.00NitrogenFlow_2420.00MHz.csv,True,3581b304|Scope_TrialNumber_0_60.00W_1.50Torr_0.00NitrogenFlow_2420.00MHz.csv,647.8349932463112,57.835802551624816,6.478349932463113,58.197500587550806,22175815977.87589,875805585.0440916,2709173250.864161,2847218840.551656,1.2401790077198611,0.0401328058798703,0.1972641695988208,0.0048897110560864,3.0,30.434166187700026,1.913658107159608,LAS_DataFrame_3581b304_Laser_True_20260909_142215_LAS.csv,Data\NafisaData\LAS_1.5Torr_Freq_2420\OscopeData_Laser_True\Plasma_Off_Measuremnt_0.0.csv,Data\NafisaData\LAS_1.5Torr_Freq_2420\Spectra_True\Spectra_60.00W_1.50Torr_0.00NitrogenFlow_2420.00MHz_True.csv
3581b304,2026-09-09 14:25:58.233420,2026-09-09,1.5,1.509,80.01,0.004,0.0,65,2420,53.9,85.5,8.55686858611256,26.8,0.2943920288775946,58.69999999999999,8.774204617323822,0.561965387103884,0.0290373394477304,Data\NafisaData\LAS_1.5Torr_Freq_2420\OscopeData_Laser_True\Scope_TrialNumber_0_65.00W_1.50Torr_0.00NitrogenFlow_2420.00MHz.csv,True,3581b304|Scope_TrialNumber_0_65.00W_1.50Torr_0.00NitrogenFlow_2420.00MHz.csv,737.843782446136,45.37585149718011,7.378437824461359,45.97183098184783,22608235185.073456,678516360.1310207,2762001004.777177,2844122712.077589,1.3235318150539404,0.0270506665931731,0.2011107390288481,0.0038837728107503,3.0,45.77349184644411,0.663152527771776,LAS_DataFrame_3581b304_Laser_True_20260909_142215_LAS.csv,Data\NafisaData\LAS_1.5Torr_Freq_2420\OscopeData_Laser_True\Plasma_Off_Measuremnt_0.0.csv,Data\NafisaData\LAS_1.5Torr_Freq_2420\Spectra_True\Spectra_65.00W_1.50Torr_0.00NitrogenFlow_2420.00MHz_True.csv
3581b304,2026-09-09 14:26:17.444211,2026-09-09,1.5,1.51,80.01,-0.0,0.0,70,2420,54.3,95.53333333333336,0.1247219128924639,25.53333333333333,0.0471404520791038,70.0,0.0816496580927679,0.5169828510717452,0.0001929714546028,Data\NafisaData\LAS_1.5Torr_Freq_2420\OscopeData_Laser_True\Scope_TrialNumber_0_70.00W_1.50Torr_0.00NitrogenFlow_2420.00MHz.csv,True,3581b304|Scope_TrialNumber_0_70.00W_1.50Torr_0.00NitrogenFlow_2420.00MHz.csv,711.8356989935348,96.28157316761722,7.118356989935348,96.54435425164638,20868440347.750584,1449490468.8312938,2549453893.0961857,2932701446.150982,1.299996121233414,0.0809680318215839,0.1856344569295012,0.0119298114787136,3.0,29.87028453099188,3.4379709464451484,LAS_DataFrame_3581b304_Laser_True_20260909_142215_LAS.csv,Data\NafisaData\LAS_1.5Torr_Freq_2420\OscopeData_Laser_True\Plasma_Off_Measuremnt_0.0.csv,Data\NafisaData\LAS_1.5Torr_Freq_2420\Spectra_True\Spectra_70.00W_1.50Torr_0.00NitrogenFlow_2420.00MHz_True.csv
3581b304,2026-09-09 14:26:36.791505,2026-09-09,1.5,1.51,80.0,0.004,0.0,75,2420,55.3,106.13333333333333,0.1699673171197563,31.03333333333333,0.0942809041582076,75.1,0.0816496580927679,0.5407390253152945,0.0004148895603558,Data\NafisaData\LAS_1.5Torr_Freq_2420\OscopeData_Laser_True\Scope_TrialNumber_0_75.00W_1.50Torr_0.00NitrogenFlow_2420.00MHz.csv,True,3581b304|Scope_TrialNumber_0_75.00W_1.50Torr_0.00NitrogenFlow_2420.00MHz.csv,744.6487538143529,50.52554156421257,7.446487538143529,51.07132783678821,20753578924.718628,672368344.9821055,2535421512.2744465,2623059556.365051,1.3296211289906217,0.0305670181083025,0.1846127112920039,0.0038155523070932,3.0,51.80772830920082,0.9472166015821324,LAS_DataFrame_3581b304_Laser_True_20260909_142215_LAS.csv,Data\NafisaData\LAS_1.5Torr_Freq_2420\OscopeData_Laser_True\Plasma_Off_Measuremnt_0.0.csv,Data\NafisaData\LAS_1.5Torr_Freq_2420\Spectra_True\Spectra_75.00W_1.50Torr_0.00NitrogenFlow_2420.00MHz_True.csv
3581b304,2026-09-09 14:26:56.231020,2026-09-09,1.5,1.51,80.01,0.004,0.0,80,2420,56.4,117.43333333333332,0.3399346342395238,37.43333333333333,0.2054804667656327,80.0,0.1414213562373115,0.5645879252723477,0.0007556889975745,Data\NafisaData\LAS_1.5Torr_Freq_2420\OscopeData_Laser_True\Scope_TrialNumber_0_80.00W_1.50Torr_0.00NitrogenFlow_2420.00MHz.csv,True,3581b304|Scope_TrialNumber_0_80.00W_1.50Torr_0.00NitrogenFlow_2420.00MHz.csv,773.7223123774604,59.51688108264967,7.737223123774604,60.0176953528985,20600574715.323868,754699257.521546,2516729306.6854634,2627450736.442658,1.3553290120312496,0.0366452203756369,0.1832516678768938,0.004465783770629,3.0,70.33513480842733,0.4021619488704159,LAS_DataFrame_3581b304_Laser_True_20260909_142215_LAS.csv,Data\NafisaData\LAS_1.5Torr_Freq_2420\OscopeData_Laser_True\Plasma_Off_Measuremnt_0.0.csv,Data\NafisaData\LAS_1.5Torr_Freq_2420\Spectra_True\Spectra_80.00W_1.50Torr_0.00NitrogenFlow_2420.00MHz_True.csv
3581b304,2026-09-09 14:27:57.698364,2026-09-09,1.5,1.509,79.73,0.281,0.3333333333333333,30,2420,49.8,36.83333333333333,0.0471404520791038,6.766666666666667,0.047140452079103,30.066666666666663,0.0942809041582076,0.4286131328479928,0.0017682533894762,Data\NafisaData\LAS_1.5Torr_Freq_2420\OscopeData_Laser_True\Scope_TrialNumber_0_30.00W_1.50Torr_0.33NitrogenFlow_2420.00MHz.csv,True,3581b304|Scope_TrialNumber_0_30.00W_1.50Torr_0.33NitrogenFlow_2420.00MHz.csv,691.523999293825,51.63707780365094,6.91523999293825,52.098064726630994,28719080875.46784,1067181908.4349108,3508550295.2786736,3667260885.209947,1.2813146826440074,0.0233587009130104,0.2554695460222332,0.004564285797188,3.0,18.18759683964688,1.95800319869514,LAS_DataFrame_3581b304_Laser_True_20260909_142215_LAS.csv,Data\NafisaData\LAS_1.5Torr_Freq_2420\OscopeData_Laser_True\Plasma_Off_Measuremnt_0.3333333333333333.csv,Data\NafisaData\LAS_1.5Torr_Freq_2420\Spectra_True\Spectra_30.00W_1.50Torr_0.33NitrogenFlow_2420.00MHz_True.csv
3581b304,2026-09-09 14:28:16.995178,2026-09-09,1.5,1.509,79.72,0.265,0.3333333333333333,35,2420,50.2,43.03333333333333,0.0471404520791038,7.933333333333334,0.047140452079103,35.1,0.0816496580927737,0.4293623830501465,0.0014068283535161,Data\NafisaData\LAS_1.5Torr_Freq_2420\OscopeData_Laser_True\Scope_TrialNumber_0_35.00W_1.50Torr_0.33NitrogenFlow_2420.00MHz.csv,True,3581b304|Scope_TrialNumber_0_35.00W_1.50Torr_0.33NitrogenFlow_2420.00MHz.csv,711.2050852488534,42.7499500360577,7.112050852488534,43.33750679738986,33751037141.739384,995996238.890098,4123293911.915005,4241881798.437878,1.2994201617335823,0.0212256499913363,0.3002311311343188,0.0045964797765752,3.0,31.22838044923485,1.4807353359874478,LAS_DataFrame_3581b304_Laser_True_20260909_142215_LAS.csv,Data\NafisaData\LAS_1.5Torr_Freq_2420\OscopeData_Laser_True\Plasma_Off_Measuremnt_0.3333333333333333.csv,Data\NafisaData\LAS_1.5Torr_Freq_2420\Spectra_True\Spectra_35.00W_1.50Torr_0.33NitrogenFlow_2420.00MHz_True.csv
3581b304,2026-09-09 14:28:36.314560,2026-09-09,1.5,1.509,79.73,0.269,0.3333333333333333,40,2420,51.1,50.76666666666667,0.0942809041582043,10.699999999999998,1.7763568394002505e-15,40.06666666666667,0.0942809041582076,0.4590955948643896,0.0004258837949813,Data\NafisaData\LAS_1.5Torr_Freq_2420\OscopeData_Laser_True\Scope_TrialNumber_0_40.00W_1.50Torr_0.33NitrogenFlow_2420.00MHz.csv,True,3581b304|Scope_TrialNumber_0_40.00W_1.50Torr_0.33NitrogenFlow_2420.00MHz.csv,707.1491521956881,67.59450091647625,7.071491521956881,67.9633912227209,30266778755.12417,1501011771.5127373,3697629321.735572,3990676501.444144,1.2957096309143168,0.0554412678810017,0.2692370365770274,0.0120588298279313,3.0,28.968932127925783,3.739472204157349,LAS_DataFrame_3581b304_Laser_True_20260909_142215_LAS.csv,Data\NafisaData\LAS_1.5Torr_Freq_2420\OscopeData_Laser_True\Plasma_Off_Measuremnt_0.3333333333333333.csv,Data\NafisaData\LAS_1.5Torr_Freq_2420\Spectra_True\Spectra_40.00W_1.50Torr_0.33NitrogenFlow_2420.00MHz_True.csv
3581b304,2026-09-09 14:28:55.343858,2026-09-09,1.5,1.509,79.74,0.276,0.3333333333333333,45,2420,52.1,57.93333333333334,0.1247219128924664,13.066666666666668,0.047140452079103,44.86666666666667,0.0942809041582076,0.474916825624649,0.0005778635994214,Data\NafisaData\LAS_1.5Torr_Freq_2420\OscopeData_Laser_True\Scope_TrialNumber_0_45.00W_1.50Torr_0.33NitrogenFlow_2420.00MHz.csv,True,3581b304|Scope_TrialNumber_0_45.00W_1.50Torr_0.33NitrogenFlow_2420.00MHz.csv,815.0959180195069,315.06865800908963,8.15095918019507,315.1740747510904,33397946056.894066,6661568352.646145,4080157509.487428,7811797374.433321,1.391094179386255,0.26069721556478,0.2970902221497633,0.0575705632825682,3.0,37.43425915971893,14.708196641205234,LAS_DataFrame_3581b304_Laser_True_20260909_142215_LAS.csv,Data\NafisaData\LAS_1.5Torr_Freq_2420\OscopeData_Laser_True\Plasma_Off_Measuremnt_0.3333333333333333.csv,Data\NafisaData\LAS_1.5Torr_Freq_2420\Spectra_True\Spectra_45.00W_1.50Torr_0.33NitrogenFlow_2420.00MHz_True.csv
3581b304,2026-09-09 14:29:14.606720,2026-09-09,1.5,1.509,79.72,0.27,0.3333333333333333,50,2420,53.4,67.7,0.1632993161855475,17.7,0.1632993161855446,50.0,0.1632993161855446,0.5113136787269132,0.002118528451165,Data\NafisaData\LAS_1.5Torr_Freq_2420\OscopeData_Laser_True\Scope_TrialNumber_0_50.00W_1.50Torr_0.33NitrogenFlow_2420.00MHz.csv,True,3581b304|Scope_TrialNumber_0_50.00W_1.50Torr_0.33NitrogenFlow_2420.00MHz.csv,731.9456003625999,48.03779208241049,7.319456003625999,48.59222061546392,29621243988.478657,986600196.23269,3618765683.795771,3750845907.448646,1.3182311706132528,0.0325830259630291,0.2634947053899117,0.0066840287851788,3.0,33.4416998549922,1.875338121934204,LAS_DataFrame_3581b304_Laser_True_20260909_142215_LAS.csv,Data\NafisaData\LAS_1.5Torr_Freq_2420\OscopeData_Laser_True\Plasma_Off_Measuremnt_0.3333333333333333.csv,Data\NafisaData\LAS_1.5Torr_Freq_2420\Spectra_True\Spectra_50.00W_1.50Torr_0.33NitrogenFlow_2420.00MHz_True.csv
3581b304,2026-09-09 14:29:33.853166,2026-09-09,1.5,1.508,79.72,0.266,0.3333333333333333,55,2420,54.7,77.60000000000001,0.0816496580927737,22.6,0.1414213562373098,55.0,0.1632993161855446,0.5396614664637658,0.0017143135370569,Data\NafisaData\LAS_1.5Torr_Freq_2420\OscopeData_Laser_True\Scope_TrialNumber_0_55.00W_1.50Torr_0.33NitrogenFlow_2420.00MHz.csv,True,3581b304|Scope_TrialNumber_0_55.00W_1.50Torr_0.33NitrogenFlow_2420.00MHz.csv,777.2938701226843,54.26191177041069,7.772938701226844,54.81581564688118,29546051192.01934,1088141216.2823892,3609579536.4617343,3770028612.1746902,1.3584535584145534,0.0328932148925627,0.2628258305864701,0.0070735728527351,3.0,38.39156799553437,1.6738865648827854,LAS_DataFrame_3581b304_Laser_True_20260909_142215_LAS.csv,Data\NafisaData\LAS_1.5Torr_Freq_2420\OscopeData_Laser_True\Plasma_Off_Measuremnt_0.3333333333333333.csv,Data\NafisaData\LAS_1.5Torr_Freq_2420\Spectra_True\Spectra_55.00W_1.50Torr_0.33NitrogenFlow_2420.00MHz_True.csv
3581b304,2026-09-09 14:29:53.191072,2026-09-09,1.5,1.509,79.74,0.275,0.3333333333333333,60,2420,56.0,86.66666666666667,0.0471404520791071,26.633333333333336,0.094280904158206,60.03333333333333,0.124721912892469,0.5543527258268456,0.0010651771657609,Data\NafisaData\LAS_1.5Torr_Freq_2420\OscopeData_Laser_True\Scope_TrialNumber_0_60.00W_1.50Torr_0.33NitrogenFlow_2420.00MHz.csv,True,3581b304|Scope_TrialNumber_0_60.00W_1.50Torr_0.33NitrogenFlow_2420.00MHz.csv,673.0381598229067,48.62379382889256,6.730381598229067,49.0873849657163,25993073089.042324,985391772.9648714,3175519601.661833,3324894236.9292555,1.264072602650646,0.0280034218804623,0.2312204422758078,0.0057716193624656,3.0,45.86815161710036,1.3713284096480205,LAS_DataFrame_3581b304_Laser_True_20260909_142215_LAS.csv,Data\NafisaData\LAS_1.5Torr_Freq_2420\OscopeData_Laser_True\Plasma_Off_Measuremnt_0.3333333333333333.csv,Data\NafisaData\LAS_1.5Torr_Freq_2420\Spectra_True\Spectra_60.00W_1.50Torr_0.33NitrogenFlow_2420.00MHz_True.csv
3581b304,2026-09-09 14:30:12.500461,2026-09-09,1.5,1.509,79.72,0.265,0.3333333333333333,65,2420,57.1,95.8,0.0816496580927737,30.866666666666664,0.0471404520791021,64.93333333333334,0.0471404520791004,0.5676256086607707,0.0002546740486066,Data\NafisaData\LAS_1.5Torr_Freq_2420\OscopeData_Laser_True\Scope_TrialNumber_0_65.00W_1.50Torr_0.33NitrogenFlow_2420.00MHz.csv,True,3581b304|Scope_TrialNumber_0_65.00W_1.50Torr_0.33NitrogenFlow_2420.00MHz.csv,761.0743594460838,43.04903089431096,7.610743594460838,43.716615594073225,26590952159.10904,792217751.0054305,3248561242.406519,3343764212.7808423,1.3442056600605112,0.0301800459014089,0.2365388539362803,0.0057544667254021,3.0,34.18923649628092,1.4716544860315972,LAS_DataFrame_3581b304_Laser_True_20260909_142215_LAS.csv,Data\NafisaData\LAS_1.5Torr_Freq_2420\OscopeData_Laser_True\Plasma_Off_Measuremnt_0.3333333333333333.csv,Data\NafisaData\LAS_1.5Torr_Freq_2420\Spectra_True\Spectra_65.00W_1.50Torr_0.33NitrogenFlow_2420.00MHz_True.csv
3581b304,2026-09-09 14:30:31.623243,2026-09-09,1.5,1.509,79.75,0.274,0.3333333333333333,70,2420,58.2,104.76666666666668,0.4496912521077323,34.833333333333336,0.0471404520791038,69.93333333333334,0.4921607686744418,0.576619625616518,0.0015961145887775,Data\NafisaData\LAS_1.5Torr_Freq_2420\OscopeData_Laser_True\Scope_TrialNumber_0_70.00W_1.50Torr_0.33NitrogenFlow_2420.00MHz.csv,True,3581b304|Scope_TrialNumber_0_70.00W_1.50Torr_0.33NitrogenFlow_2420.00MHz.csv,893.9695259562337,358.88188404606746,8.939695259562338,358.9932100302022,27760886968.6673,5829947172.792079,3391489741.383615,6744663572.296001,1.4568456168248711,0.2903247944596172,0.246945966753347,0.0515201587548692,3.0,40.62091816771069,11.154988553184657,LAS_DataFrame_3581b304_Laser_True_20260909_142215_LAS.csv,Data\NafisaData\LAS_1.5Torr_Freq_2420\OscopeData_Laser_True\Plasma_Off_Measuremnt_0.3333333333333333.csv,Data\NafisaData\LAS_1.5Torr_Freq_2420\Spectra_True\Spectra_70.00W_1.50Torr_0.33NitrogenFlow_2420.00MHz_True.csv
3581b304,2026-09-09 14:30:50.855565,2026-09-09,1.5,1.509,79.74,0.268,0.3333333333333333,75,2420,58.8,113.76666666666668,8.674227471205848,32.6,1.019803902718556,81.16666666666667,9.669309983424649,0.5367906448645595,0.0297624804041171,Data\NafisaData\LAS_1.5Torr_Freq_2420\OscopeData_Laser_True\Scope_TrialNumber_0_75.00W_1.50Torr_0.33NitrogenFlow_2420.00MHz.csv,True,3581b304|Scope_TrialNumber_0_75.00W_1.50Torr_0.33NitrogenFlow_2420.00MHz.csv,829.0910953012024,58.11532659253723,8.290910953012023,58.703751067440656,25904512887.28805,745433221.0249252,3164700386.26416,3251307309.656858,1.40298587836795,0.0412273475700985,0.230432658201662,0.0049595925028954,3.0,60.331912268393154,1.4345409337157498,LAS_DataFrame_3581b304_Laser_True_20260909_142215_LAS.csv,Data\NafisaData\LAS_1.5Torr_Freq_2420\OscopeData_Laser_True\Plasma_Off_Measuremnt_0.3333333333333333.csv,Data\NafisaData\LAS_1.5Torr_Freq_2420\Spectra_True\Spectra_75.00W_1.50Torr_0.33NitrogenFlow_2420.00MHz_True.csv
3581b304,2026-09-09 14:31:10.119484,2026-09-09,1.5,1.508,79.74,0.28,0.3333333333333333,80,2420,59.0,109.96666666666668,9.146705539276,34.2,0.9201449161228172,75.76666666666667,10.065231685802807,0.5593127316030674,0.0296407319882743,Data\NafisaData\LAS_1.5Torr_Freq_2420\OscopeData_Laser_True\Scope_TrialNumber_0_80.00W_1.50Torr_0.33NitrogenFlow_2420.00MHz.csv,True,3581b304|Scope_TrialNumber_0_80.00W_1.50Torr_0.33NitrogenFlow_2420.00MHz.csv,770.3400492018536,65.11014863863973,7.703400492018536,65.5642725490506,24093682060.380524,921152549.194174,2943474955.6873307,3084244937.3623776,1.3523634131039926,0.0495230934774163,0.2143244780242002,0.0068340004309634,3.0,75.81138040337471,1.567798644226855,LAS_DataFrame_3581b304_Laser_True_20260909_142215_LAS.csv,Data\NafisaData\LAS_1.5Torr_Freq_2420\OscopeData_Laser_True\Plasma_Off_Measuremnt_0.3333333333333333.csv,Data\NafisaData\LAS_1.5Torr_Freq_2420\Spectra_True\Spectra_80.00W_1.50Torr_0.33NitrogenFlow_2420.00MHz_True.csv
3581b304,2026-09-09 14:32:06.237350,2026-09-09,1.5,1.508,79.46,0.537,0.6666666666666666,30,2420,50.8,36.23333333333333,0.0471404520791004,6.2,0.0816496580927726,30.03333333333333,0.1247219128924617,0.413651088832139,0.0029594291261761,Data\NafisaData\LAS_1.5Torr_Freq_2420\OscopeData_Laser_True\Scope_TrialNumber_0_30.00W_1.50Torr_0.67NitrogenFlow_2420.00MHz.csv,True,3581b304|Scope_TrialNumber_0_30.00W_1.50Torr_0.67NitrogenFlow_2420.00MHz.csv,673.0741343792427,59.507800604498655,6.730741343792427,59.88723747028082,26447607378.907616,1171766746.0904708,3231049109.1637044,3436963143.9791465,1.264106385165609,0.0493052841369384,0.2352637356244684,0.0092026917334211,3.0,9.859406075633215,5.3517994450659705,LAS_DataFrame_3581b304_Laser_True_20260909_142215_LAS.csv,Data\NafisaData\LAS_1.5Torr_Freq_2420\OscopeData_Laser_True\Plasma_Off_Measuremnt_0.6666666666666666.csv,Data\NafisaData\LAS_1.5Torr_Freq_2420\Spectra_True\Spectra_30.00W_1.50Torr_0.67NitrogenFlow_2420.00MHz_True.csv
3581b304,2026-09-09 14:32:25.286155,2026-09-09,1.5,1.508,79.46,0.532,0.6666666666666666,35,2420,51.4,42.96666666666667,0.0471404520791038,8.1,0.0,34.86666666666667,0.0471404520791038,0.4341870581778275,0.0002383207585335,Data\NafisaData\LAS_1.5Torr_Freq_2420\OscopeData_Laser_True\Scope_TrialNumber_0_35.00W_1.50Torr_0.67NitrogenFlow_2420.00MHz.csv,True,3581b304|Scope_TrialNumber_0_35.00W_1.50Torr_0.67NitrogenFlow_2420.00MHz.csv,754.8320127673305,43.01009607875958,7.548320127673305,43.66744212172232,27701404396.3321,787783405.1019621,3384222879.410017,3474703899.741137,1.338681709384885,0.0129190953521661,0.246416841680835,0.0023403774686928,3.0,19.14166207777154,0.4611297180457167,LAS_DataFrame_3581b304_Laser_True_20260909_142215_LAS.csv,Data\NafisaData\LAS_1.5Torr_Freq_2420\OscopeData_Laser_True\Plasma_Off_Measuremnt_0.6666666666666666.csv,Data\NafisaData\LAS_1.5Torr_Freq_2420\Spectra_True\Spectra_35.00W_1.50Torr_0.67NitrogenFlow_2420.00MHz_True.csv
3581b304,2026-09-09 14:32:44.631842,2026-09-09,1.5,1.508,79.47,0.535,0.6666666666666666,40,2420,52.1,48.96666666666667,0.0471404520791038,9.1,0.0,39.86666666666667,0.0471404520791038,0.4310926086307026,0.0002076135442923,Data\NafisaData\LAS_1.5Torr_Freq_2420\OscopeData_Laser_True\Scope_TrialNumber_0_40.00W_1.50Torr_0.67NitrogenFlow_2420.00MHz.csv,True,3581b304|Scope_TrialNumber_0_40.00W_1.50Torr_0.67NitrogenFlow_2420.00MHz.csv,628.8942221322233,29.512413714238026,6.288942221322233,30.17504527757124,30630036181.15665,715456010.7135081,3742007724.891821,3809789904.498167,1.2219149452830087,0.0105798594232795,0.2724683798822024,0.0022799124747929,3.0,16.222810616043382,1.034950699687479,LAS_DataFrame_3581b304_Laser_True_20260909_142215_LAS.csv,Data\NafisaData\LAS_1.5Torr_Freq_2420\OscopeData_Laser_True\Plasma_Off_Measuremnt_0.6666666666666666.csv,Data\NafisaData\LAS_1.5Torr_Freq_2420\Spectra_True\Spectra_40.00W_1.50Torr_0.67NitrogenFlow_2420.00MHz_True.csv
3581b304,2026-09-09 14:33:03.964022,2026-09-09,1.5,1.508,79.48,0.527,0.6666666666666666,45,2420,52.8,55.46666666666666,0.1247219128924664,10.4,0.0,45.06666666666667,0.1247219128924664,0.4330135235033137,0.0004871505097862,Data\NafisaData\LAS_1.5Torr_Freq_2420\OscopeData_Laser_True\Scope_TrialNumber_0_45.00W_1.50Torr_0.67NitrogenFlow_2420.00MHz.csv,True,3581b304|Scope_TrialNumber_0_45.00W_1.50Torr_0.67NitrogenFlow_2420.00MHz.csv,762.4750808716485,41.27498537659707,7.624750808716485,41.9733396661896,30257627932.65601,847305824.67622,3696511384.813707,3792377035.394503,1.3454420649621448,0.0222377452280375,0.269155635766472,0.0048504781655895,3.0,18.948737309100053,1.591727061712931,LAS_DataFrame_3581b304_Laser_True_20260909_142215_LAS.csv,Data\NafisaData\LAS_1.5Torr_Freq_2420\OscopeData_Laser_True\Plasma_Off_Measuremnt_0.6666666666666666.csv,Data\NafisaData\LAS_1.5Torr_Freq_2420\Spectra_True\Spectra_45.00W_1.50Torr_0.67NitrogenFlow_2420.00MHz_True.csv
3581b304,2026-09-09 14:33:23.305581,2026-09-09,1.5,1.508,79.49,0.536,0.6666666666666666,50,2420,53.9,64.8,0.0,14.6,0.0816496580927723,50.2,0.0816496580927737,0.4746650190374417,0.0013272819947895,Data\NafisaData\LAS_1.5Torr_Freq_2420\OscopeData_Laser_True\Scope_TrialNumber_0_50.00W_1.50Torr_0.67NitrogenFlow_2420.00MHz.csv,True,3581b304|Scope_TrialNumber_0_50.00W_1.50Torr_0.67NitrogenFlow_2420.00MHz.csv,749.2005102611374,39.14891621237539,7.492005102611374,39.859349982923,30289797182.567898,810408217.0803353,3700441435.0742526,3788143119.3562,1.333678673642344,0.0146916568936875,0.2694417961664688,0.0033497726149011,3.0,27.354622430791235,0.9465675488408402,LAS_DataFrame_3581b304_Laser_True_20260909_142215_LAS.csv,Data\NafisaData\LAS_1.5Torr_Freq_2420\OscopeData_Laser_True\Plasma_Off_Measuremnt_0.6666666666666666.csv,Data\NafisaData\LAS_1.5Torr_Freq_2420\Spectra_True\Spectra_50.00W_1.50Torr_0.67NitrogenFlow_2420.00MHz_True.csv
3581b304,2026-09-09 14:33:42.441796,2026-09-09,1.5,1.508,79.48,0.532,0.6666666666666666,55,2420,54.9,71.63333333333333,0.0942809041582076,16.633333333333336,0.094280904158206,55.0,0.0,0.4818698882523106,0.0010503553894339,Data\NafisaData\LAS_1.5Torr_Freq_2420\OscopeData_Laser_True\Scope_TrialNumber_0_55.00W_1.50Torr_0.67NitrogenFlow_2420.00MHz.csv,True,3581b304|Scope_TrialNumber_0_55.00W_1.50Torr_0.67NitrogenFlow_2420.00MHz.csv,753.9808852767876,35.562811530318235,7.539808852767877,36.35329808252908,30034056252.5807,694061995.8430343,3669198098.307584,3734265220.722493,1.337926766462738,0.0145955274250021,0.2671668619662263,0.0026294723829118,3.0,22.43398685448892,0.5079723433071996,LAS_DataFrame_3581b304_Laser_True_20260909_142215_LAS.csv,Data\NafisaData\LAS_1.5Torr_Freq_2420\OscopeData_Laser_True\Plasma_Off_Measuremnt_0.6666666666666666.csv,Data\NafisaData\LAS_1.5Torr_Freq_2420\Spectra_True\Spectra_55.00W_1.50Torr_0.67NitrogenFlow_2420.00MHz_True.csv
3581b304,2026-09-09 14:34:01.487196,2026-09-09,1.5,1.508,79.46,0.524,0.6666666666666666,60,2420,56.0,81.5,0.0816496580927679,21.5,0.0816496580927737,60.0,0.0816496580927708,0.5136172475253465,0.0008754115626935,Data\NafisaData\LAS_1.5Torr_Freq_2420\OscopeData_Laser_True\Scope_TrialNumber_0_60.00W_1.50Torr_0.67NitrogenFlow_2420.00MHz.csv,True,3581b304|Scope_TrialNumber_0_60.00W_1.50Torr_0.67NitrogenFlow_2420.00MHz.csv,680.5919348731,29.40232569922748,6.805919348731,30.179749745564223,27549617091.92592,577748642.1629322,3365679340.568955,3414907160.824989,1.2711464048854508,0.0156164386124674,0.245066623200072,0.0027304482558285,3.0,25.775775405819637,1.0432812443223605,LAS_DataFrame_3581b304_Laser_True_20260909_142215_LAS.csv,Data\NafisaData\LAS_1.5Torr_Freq_2420\OscopeData_Laser_True\Plasma_Off_Measuremnt_0.6666666666666666.csv,Data\NafisaData\LAS_1.5Torr_Freq_2420\Spectra_True\Spectra_60.00W_1.50Torr_0.67NitrogenFlow_2420.00MHz_True.csv
3581b304,2026-09-09 14:34:20.935126,2026-09-09,1.5,1.508,79.48,0.525,0.6666666666666666,65,2420,57.3,91.5,0.0,26.666666666666668,0.094280904158206,64.83333333333334,0.0942809041582076,0.5398500443184014,0.0009537363315013,Data\NafisaData\LAS_1.5Torr_Freq_2420\OscopeData_Laser_True\Scope_TrialNumber_0_65.00W_1.50Torr_0.67NitrogenFlow_2420.00MHz.csv,True,3581b304|Scope_TrialNumber_0_65.00W_1.50Torr_0.67NitrogenFlow_2420.00MHz.csv,714.7156531183135,36.94851679740291,7.147156531183136,37.63342583407999,27095425447.824127,690815626.9028429,3310191693.386357,3381507840.7919154,1.3026232373140827,0.017072338131057,0.2410263778444174,0.0029877443866935,3.0,26.69272713943775,0.947728788141429,LAS_DataFrame_3581b304_Laser_True_20260909_142215_LAS.csv,Data\NafisaData\LAS_1.5Torr_Freq_2420\OscopeData_Laser_True\Plasma_Off_Measuremnt_0.6666666666666666.csv,Data\NafisaData\LAS_1.5Torr_Freq_2420\Spectra_True\Spectra_65.00W_1.50Torr_0.67NitrogenFlow_2420.00MHz_True.csv
3581b304,2026-09-09 14:34:40.313166,2026-09-09,1.5,1.508,79.48,0.54,0.6666666666666666,70,2420,58.5,100.56666666666668,0.2357022603955158,30.666666666666668,0.1699673171197586,69.9,0.3741657386773956,0.5522127927538905,0.0020314192013443,Data\NafisaData\LAS_1.5Torr_Freq_2420\OscopeData_Laser_True\Scope_TrialNumber_0_70.00W_1.50Torr_0.67NitrogenFlow_2420.00MHz.csv,True,3581b304|Scope_TrialNumber_0_70.00W_1.50Torr_0.67NitrogenFlow_2420.00MHz.csv,772.9240638088734,49.1605615107221,7.729240638088734,49.76446492117617,26961403736.677116,837329856.6248237,3293818540.072099,3398582331.4608755,1.354629685789379,0.0214587537344064,0.2398341925564441,0.003426401803112,3.0,36.92645842095644,0.6729791727808486,LAS_DataFrame_3581b304_Laser_True_20260909_142215_LAS.csv,Data\NafisaData\LAS_1.5Torr_Freq_2420\OscopeData_Laser_True\Plasma_Off_Measuremnt_0.6666666666666666.csv,Data\NafisaData\LAS_1.5Torr_Freq_2420\Spectra_True\Spectra_70.00W_1.50Torr_0.67NitrogenFlow_2420.00MHz_True.csv
3581b304,2026-09-09 14:34:59.355350,2026-09-09,1.5,1.508,79.46,0.535,0.6666666666666666,75,2420,59.6,110.16666666666669,0.1247219128924639,35.2,0.1414213562373081,74.96666666666665,0.2054804667656324,0.5652566133125213,0.0012375618359048,Data\NafisaData\LAS_1.5Torr_Freq_2420\OscopeData_Laser_True\Scope_TrialNumber_0_75.00W_1.50Torr_0.67NitrogenFlow_2420.00MHz.csv,True,3581b304|Scope_TrialNumber_0_75.00W_1.50Torr_0.67NitrogenFlow_2420.00MHz.csv,695.4197553410337,59.1428495988418,6.954197553410337,59.55029405706642,24690488841.593803,989850002.6163244,3016385597.136125,3174647239.976403,1.28491880837992,0.0464386400331556,0.2196333511779294,0.0073016520543536,3.0,42.15797925256636,2.1086423161489773,LAS_DataFrame_3581b304_Laser_True_20260909_142215_LAS.csv,Data\NafisaData\LAS_1.5Torr_Freq_2420\OscopeData_Laser_True\Plasma_Off_Measuremnt_0.6666666666666666.csv,Data\NafisaData\LAS_1.5Torr_Freq_2420\Spectra_True\Spectra_75.00W_1.50Torr_0.67NitrogenFlow_2420.00MHz_True.csv
3581b304,2026-09-09 14:35:18.727824,2026-09-09,1.5,1.508,79.47,0.536,0.6666666666666666,80,2420,60.8,119.8,0.2160246899469295,39.7,0.1414213562373081,80.10000000000001,0.3559026084010501,0.5756617470985889,0.0015385630872894,Data\NafisaData\LAS_1.5Torr_Freq_2420\OscopeData_Laser_True\Scope_TrialNumber_0_80.00W_1.50Torr_0.67NitrogenFlow_2420.00MHz.csv,True,3581b304|Scope_TrialNumber_0_80.00W_1.50Torr_0.67NitrogenFlow_2420.00MHz.csv,864.5609331143153,50.86086047284864,8.645609331143152,51.59044183514352,26745083735.05113,756715657.7296737,3267391176.0185423,3353872937.929683,1.4326825721016456,0.0270923212137132,0.2379099257997692,0.0040718497317095,3.0,48.37256449794311,0.6407666848581133,LAS_DataFrame_3581b304_Laser_True_20260909_142215_LAS.csv,Data\NafisaData\LAS_1.5Torr_Freq_2420\OscopeData_Laser_True\Plasma_Off_Measuremnt_0.6666666666666666.csv,Data\NafisaData\LAS_1.5Torr_Freq_2420\Spectra_True\Spectra_80.00W_1.50Torr_0.67NitrogenFlow_2420.00MHz_True.csv
3581b304,2026-09-09 14:36:10.311815,2026-09-09,1.5,1.508,79.2,0.804,1.0,30,2420,52.1,35.36666666666667,0.0471404520791038,5.333333333333333,0.0942809041582064,30.03333333333333,0.1247219128924649,0.3883173539088778,0.003579127337835,Data\NafisaData\LAS_1.5Torr_Freq_2420\OscopeData_Laser_True\Scope_TrialNumber_0_30.00W_1.50Torr_1.00NitrogenFlow_2420.00MHz.csv,True,3581b304|Scope_TrialNumber_0_30.00W_1.50Torr_1.00NitrogenFlow_2420.00MHz.csv,663.1804844586204,34.23536103006468,6.631804844586204,34.87177627187276,24028741166.61864,611971099.9898998,2935541261.95347,2998651551.590184,1.2547813155654055,0.0121407316651468,0.2137467986507006,0.0018636165261997,3.0,16.689046718750145,0.7462589574223996,LAS_DataFrame_3581b304_Laser_True_20260909_142215_LAS.csv,Data\NafisaData\LAS_1.5Torr_Freq_2420\OscopeData_Laser_True\Plasma_Off_Measuremnt_1.0.csv,Data\NafisaData\LAS_1.5Torr_Freq_2420\Spectra_True\Spectra_30.00W_1.50Torr_1.00NitrogenFlow_2420.00MHz_True.csv
3581b304,2026-09-09 14:36:29.767424,2026-09-09,1.5,1.507,79.21,0.802,1.0,35,2420,52.2,42.53333333333333,0.0471404520791038,7.5,0.0,35.03333333333333,0.0471404520791038,0.4199195765217167,0.0002325655630259,Data\NafisaData\LAS_1.5Torr_Freq_2420\OscopeData_Laser_True\Scope_TrialNumber_0_35.00W_1.50Torr_1.00NitrogenFlow_2420.00MHz.csv,True,3581b304|Scope_TrialNumber_0_35.00W_1.50Torr_1.00NitrogenFlow_2420.00MHz.csv,725.1577613646259,61.97663836956004,7.251577613646259,62.39943174002434,24616250113.378765,1046833839.6293516,3007316006.332386,3184306933.971049,1.3121044975299976,0.0503852693435255,0.2189729632540747,0.0083581470819964,3.0,18.337694524188,3.825720831642315,LAS_DataFrame_3581b304_Laser_True_20260909_142215_LAS.csv,Data\NafisaData\LAS_1.5Torr_Freq_2420\OscopeData_Laser_True\Plasma_Off_Measuremnt_1.0.csv,Data\NafisaData\LAS_1.5Torr_Freq_2420\Spectra_True\Spectra_35.00W_1.50Torr_1.00NitrogenFlow_2420.00MHz_True.csv
3581b304,2026-09-09 14:36:49.084798,2026-09-09,1.5,1.508,79.19,0.795,1.0,40,2420,52.7,49.13333333333333,0.0471404520791038,9.2,0.0,39.93333333333334,0.0471404520791004,0.4327189843660095,0.0002074782894343,Data\NafisaData\LAS_1.5Torr_Freq_2420\OscopeData_Laser_True\Scope_TrialNumber_0_40.00W_1.50Torr_1.00NitrogenFlow_2420.00MHz.csv,True,3581b304|Scope_TrialNumber_0_40.00W_1.50Torr_1.00NitrogenFlow_2420.00MHz.csv,763.9632294022874,73.59719371195177,7.639632294022874,73.99264087639007,25388670765.55644,1271248912.792293,3101681028.633372,3352088752.055912,1.3467543974471,0.0539457206802901,0.2258440032502952,0.0095590668476706,3.0,37.532231124345415,2.8521203004907107,LAS_DataFrame_3581b304_Laser_True_20260909_142215_LAS.csv,Data\NafisaData\LAS_1.5Torr_Freq_2420\OscopeData_Laser_True\Plasma_Off_Measuremnt_1.0.csv,Data\NafisaData\LAS_1.5Torr_Freq_2420\Spectra_True\Spectra_40.00W_1.50Torr_1.00NitrogenFlow_2420.00MHz_True.csv
3581b304,2026-09-09 14:37:08.488258,2026-09-09,1.5,1.508,79.2,0.805,1.0,45,2420,53.3,55.03333333333333,0.0942809041582076,10.0,0.0,45.03333333333333,0.0942809041582076,0.4262727484869766,0.0003654690515596,Data\NafisaData\LAS_1.5Torr_Freq_2420\OscopeData_Laser_True\Scope_TrialNumber_0_45.00W_1.50Torr_1.00NitrogenFlow_2420.00MHz.csv,True,3581b304|Scope_TrialNumber_0_45.00W_1.50Torr_1.00NitrogenFlow_2420.00MHz.csv,692.8493371774389,74.84383082387183,6.928493371774389,75.16384125891298,28831335945.713173,1642839258.9131734,3522264263.408908,3886549417.145481,1.2825419444689556,0.0551708672903196,0.2564681069427105,0.011974696184985,3.0,35.139301703383964,3.6187039649722,LAS_DataFrame_3581b304_Laser_True_20260909_142215_LAS.csv,Data\NafisaData\LAS_1.5Torr_Freq_2420\OscopeData_Laser_True\Plasma_Off_Measuremnt_1.0.csv,Data\NafisaData\LAS_1.5Torr_Freq_2420\Spectra_True\Spectra_45.00W_1.50Torr_1.00NitrogenFlow_2420.00MHz_True.csv
3581b304,2026-09-09 14:37:27.895621,2026-09-09,1.5,1.508,79.19,0.801,1.0,50,2420,53.7,60.4,0.1414213562373081,10.466666666666669,0.047140452079103,49.93333333333334,0.0942809041582043,0.4162788740149357,0.0004510159484824,Data\NafisaData\LAS_1.5Torr_Freq_2420\OscopeData_Laser_True\Scope_TrialNumber_0_50.00W_1.50Torr_1.00NitrogenFlow_2420.00MHz.csv,True,3581b304|Scope_TrialNumber_0_50.00W_1.50Torr_1.00NitrogenFlow_2420.00MHz.csv,727.2313531952062,56.3919610552854,7.272313531952062,56.85894666424834,27313830634.2146,1085239371.014537,3336873800.1196284,3508913115.243072,1.3139791426588625,0.0398948554226178,0.2429691932868063,0.0076727874143042,3.0,38.355853910683706,2.262779931323885,LAS_DataFrame_3581b304_Laser_True_20260909_142215_LAS.csv,Data\NafisaData\LAS_1.5Torr_Freq_2420\OscopeData_Laser_True\Plasma_Off_Measuremnt_1.0.csv,Data\NafisaData\LAS_1.5Torr_Freq_2420\Spectra_True\Spectra_50.00W_1.50Torr_1.00NitrogenFlow_2420.00MHz_True.csv
3581b304,2026-09-09 14:37:47.262487,2026-09-09,1.5,1.508,79.2,0.789,1.0,55,2420,54.6,69.63333333333333,0.0942809041582076,14.699999999999998,1.7763568394002505e-15,54.93333333333334,0.0942809041582076,0.4594628197459277,0.0003112713228803,Data\NafisaData\LAS_1.5Torr_Freq_2420\OscopeData_Laser_True\Scope_TrialNumber_0_55.00W_1.50Torr_1.00NitrogenFlow_2420.00MHz.csv,True,3581b304|Scope_TrialNumber_0_55.00W_1.50Torr_1.00NitrogenFlow_2420.00MHz.csv,737.895542447477,50.736169576464846,7.37895542447477,51.26995110635647,27648552939.98413,971646866.1304913,3377766127.065482,3514740622.238312,1.3235782373514264,0.0386379217695481,0.2459467034609395,0.0073999939816237,3.0,38.82414702204884,2.2318503744434457,LAS_DataFrame_3581b304_Laser_True_20260909_142215_LAS.csv,Data\NafisaData\LAS_1.5Torr_Freq_2420\OscopeData_Laser_True\Plasma_Off_Measuremnt_1.0.csv,Data\NafisaData\LAS_1.5Torr_Freq_2420\Spectra_True\Spectra_55.00W_1.50Torr_1.00NitrogenFlow_2420.00MHz_True.csv
3581b304,2026-09-09 14:38:06.503444,2026-09-09,1.5,1.507,79.2,0.798,1.0,60,2420,55.4,76.73333333333333,0.0471404520791004,16.833333333333332,0.0471404520791021,59.900000000000006,4.1023203976182695e-15,0.4683736764972752,0.0005115332213911,Data\NafisaData\LAS_1.5Torr_Freq_2420\OscopeData_Laser_True\Scope_TrialNumber_0_60.00W_1.50Torr_1.00NitrogenFlow_2420.00MHz.csv,True,3581b304|Scope_TrialNumber_0_60.00W_1.50Torr_1.00NitrogenFlow_2420.00MHz.csv,838.4642257087701,442.45741188139135,8.384642257087702,442.5368499397067,28925671502.69868,8038262756.562528,3533789041.926437,8780736480.29478,1.410894183647961,0.3701671092173306,0.2573072654805949,0.0711410381716149,3.0,31.931802710644167,20.802168723558506,LAS_DataFrame_3581b304_Laser_True_20260909_142215_LAS.csv,Data\NafisaData\LAS_1.5Torr_Freq_2420\OscopeData_Laser_True\Plasma_Off_Measuremnt_1.0.csv,Data\NafisaData\LAS_1.5Torr_Freq_2420\Spectra_True\Spectra_60.00W_1.50Torr_1.00NitrogenFlow_2420.00MHz_True.csv
3581b304,2026-09-09 14:38:25.689450,2026-09-09,1.5,1.508,79.2,0.799,1.0,65,2420,56.3,85.63333333333333,0.1699673171197563,20.666666666666668,0.1247219128924649,64.96666666666667,0.0942809041582009,0.4912599526312273,0.0011066980172303,Data\NafisaData\LAS_1.5Torr_Freq_2420\OscopeData_Laser_True\Scope_TrialNumber_0_65.00W_1.50Torr_1.00NitrogenFlow_2420.00MHz.csv,True,3581b304|Scope_TrialNumber_0_65.00W_1.50Torr_1.00NitrogenFlow_2420.00MHz.csv,793.880482110717,55.304010390916886,7.93880482110717,55.87090644786674,28416702013.48267,1021578613.104926,3471609299.4959598,3618797312.796091,1.3728710172994054,0.0298478619344484,0.2527797457833942,0.0059381614587127,3.0,34.98124749162666,1.7216493165665057,LAS_DataFrame_3581b304_Laser_True_20260909_142215_LAS.csv,Data\NafisaData\LAS_1.5Torr_Freq_2420\OscopeData_Laser_True\Plasma_Off_Measuremnt_1.0.csv,Data\NafisaData\LAS_1.5Torr_Freq_2420\Spectra_True\Spectra_65.00W_1.50Torr_1.00NitrogenFlow_2420.00MHz_True.csv
3581b304,2026-09-09 14:38:45.131462,2026-09-09,1.5,1.507,79.21,0.807,1.0,70,2420,57.4,96.26666666666668,0.2624669291337254,26.3,0.1414213562373098,69.96666666666667,0.2054804667656324,0.5226832136522085,0.001104103092422,Data\NafisaData\LAS_1.5Torr_Freq_2420\OscopeData_Laser_True\Scope_TrialNumber_0_70.00W_1.50Torr_1.00NitrogenFlow_2420.00MHz.csv,True,3581b304|Scope_TrialNumber_0_70.00W_1.50Torr_1.00NitrogenFlow_2420.00MHz.csv,706.2198156066414,72.38658274326639,7.062198156066414,72.73026882971972,25747764559.12525,1365953087.2863748,3145550769.483428,3429331929.117531,1.2948579391253,0.0571447283639914,0.2290383091133629,0.0105844127051089,3.0,83.41557284744992,2.419160937424104,LAS_DataFrame_3581b304_Laser_True_20260909_142215_LAS.csv,Data\NafisaData\LAS_1.5Torr_Freq_2420\OscopeData_Laser_True\Plasma_Off_Measuremnt_1.0.csv,Data\NafisaData\LAS_1.5Torr_Freq_2420\Spectra_True\Spectra_70.00W_1.50Torr_1.00NitrogenFlow_2420.00MHz_True.csv
3581b304,2026-09-09 14:39:04.542598,2026-09-09,1.5,1.507,79.2,0.803,1.0,75,2420,58.6,106.6,0.2160246899469295,31.566666666666663,0.094280904158206,75.03333333333333,0.2624669291337295,0.544171958565807,0.0011204476475788,Data\NafisaData\LAS_1.5Torr_Freq_2420\OscopeData_Laser_True\Scope_TrialNumber_0_75.00W_1.50Torr_1.00NitrogenFlow_2420.00MHz.csv,True,3581b304|Scope_TrialNumber_0_75.00W_1.50Torr_1.00NitrogenFlow_2420.00MHz.csv,729.5257349645804,35.87359414406648,7.295257349645803,36.60786167766101,25896918084.496887,611026141.5339363,3163772545.0254,3222236748.33094,1.316050282506829,0.0215481175696624,0.2303650989079088,0.0034189742864406,3.0,38.02984555629182,0.955115486366501,LAS_DataFrame_3581b304_Laser_True_20260909_142215_LAS.csv,Data\NafisaData\LAS_1.5Torr_Freq_2420\OscopeData_Laser_True\Plasma_Off_Measuremnt_1.0.csv,Data\NafisaData\LAS_1.5Torr_Freq_2420\Spectra_True\Spectra_75.00W_1.50Torr_1.00NitrogenFlow_2420.00MHz_True.csv
3581b304,2026-09-09 14:39:23.900626,2026-09-09,1.5,1.508,79.19,0.81,1.0,80,2420,59.8,115.96666666666664,0.0471404520791004,35.93333333333333,0.0471404520791038,80.03333333333333,0.0942809041582009,0.5566499283223076,0.0004782621753226,Data\NafisaData\LAS_1.5Torr_Freq_2420\OscopeData_Laser_True\Scope_TrialNumber_0_80.00W_1.50Torr_1.00NitrogenFlow_2420.00MHz.csv,True,3581b304|Scope_TrialNumber_0_80.00W_1.50Torr_1.00NitrogenFlow_2420.00MHz.csv,722.6469464570639,39.60046121754687,7.226469464570639,40.25442074561259,25100758203.20368,662947117.7738703,3066507350.546755,3137350189.558373,1.3098309866018842,0.022809974943192,0.2232828874570252,0.0035310425475692,3.0,54.40219101438099,0.3456842765574987,LAS_DataFrame_3581b304_Laser_True_20260909_142215_LAS.csv,Data\NafisaData\LAS_1.5Torr_Freq_2420\OscopeData_Laser_True\Plasma_Off_Measuremnt_1.0.csv,Data\NafisaData\LAS_1.5Torr_Freq_2420\Spectra_True\Spectra_80.00W_1.50Torr_1.00NitrogenFlow_2420.00MHz_True.csv
3581b304,2026-09-09 14:40:26.079587,2026-09-09,1.5,1.507,78.93,1.074,1.3333333333333333,30,2420,50.1,35.0,0.0,5.0,0.0,30.0,0.0,0.3779644730092271,5.551115123125783e-17,Data\NafisaData\LAS_1.5Torr_Freq_2420\OscopeData_Laser_True\Scope_TrialNumber_0_30.00W_1.50Torr_1.33NitrogenFlow_2420.00MHz.csv,True,3581b304|Scope_TrialNumber_0_30.00W_1.50Torr_1.33NitrogenFlow_2420.00MHz.csv,707.9196386922628,41.309201752903,7.079196386922628,41.91139667139074,21851696708.939465,649686056.656939,2669576274.844508,2747495124.5502005,1.2964153200769422,0.0237246726253943,0.1943809783556436,0.0037268432366584,3.0,16.63053406521662,1.7438199399878749,LAS_DataFrame_3581b304_Laser_True_20260909_142215_LAS.csv,Data\NafisaData\LAS_1.5Torr_Freq_2420\OscopeData_Laser_True\Plasma_Off_Measuremnt_1.3333333333333333.csv,Data\NafisaData\LAS_1.5Torr_Freq_2420\Spectra_True\Spectra_30.00W_1.50Torr_1.33NitrogenFlow_2420.00MHz_True.csv
3581b304,2026-09-09 14:40:45.523488,2026-09-09,1.5,1.507,78.94,1.071,1.3333333333333333,35,2420,50.4,41.66666666666667,0.0471404520791038,6.7,0.0,34.96666666666667,0.0471404520791038,0.4009989457232594,0.0002269755260752,Data\NafisaData\LAS_1.5Torr_Freq_2420\OscopeData_Laser_True\Scope_TrialNumber_0_35.00W_1.50Torr_1.33NitrogenFlow_2420.00MHz.csv,True,3581b304|Scope_TrialNumber_0_35.00W_1.50Torr_1.33NitrogenFlow_2420.00MHz.csv,718.6960263347834,54.86445049995637,7.186960263347834,55.33317564074109,22294572590.920773,935562307.7881484,2723681498.9369903,2879881549.5442758,1.3062454664617773,0.03939840765539,0.1983205647583062,0.006909313855297,3.0,21.78646132315972,2.501292192890934,LAS_DataFrame_3581b304_Laser_True_20260909_142215_LAS.csv,Data\NafisaData\LAS_1.5Torr_Freq_2420\OscopeData_Laser_True\Plasma_Off_Measuremnt_1.3333333333333333.csv,Data\NafisaData\LAS_1.5Torr_Freq_2420\Spectra_True\Spectra_35.00W_1.50Torr_1.33NitrogenFlow_2420.00MHz_True.csv
3581b304,2026-09-09 14:41:04.877665,2026-09-09,1.5,1.507,78.93,1.068,1.3333333333333333,40,2420,51.1,48.79999999999999,0.0816496580927708,8.8,0.0,40.0,0.0816496580927679,0.424650735858072,0.0003552526192571,Data\NafisaData\LAS_1.5Torr_Freq_2420\OscopeData_Laser_True\Scope_TrialNumber_0_40.00W_1.50Torr_1.33NitrogenFlow_2420.00MHz.csv,True,3581b304|Scope_TrialNumber_0_40.00W_1.50Torr_1.33NitrogenFlow_2420.00MHz.csv,715.73706519904,64.02922106272642,7.1573706519904,64.42801490461632,21573626441.94556,914800865.2418376,2635605009.482632,2789852037.126192,1.303553705311708,0.0514911209689441,0.1919074143450385,0.0070710318113543,3.0,19.38965580106683,2.8375539665673157,LAS_DataFrame_3581b304_Laser_True_20260909_142215_LAS.csv,Data\NafisaData\LAS_1.5Torr_Freq_2420\OscopeData_Laser_True\Plasma_Off_Measuremnt_1.3333333333333333.csv,Data\NafisaData\LAS_1.5Torr_Freq_2420\Spectra_True\Spectra_40.00W_1.50Torr_1.33NitrogenFlow_2420.00MHz_True.csv
3581b304,2026-09-09 14:41:24.094792,2026-09-09,1.5,1.507,78.94,1.07,1.3333333333333333,45,2420,51.9,55.26666666666667,0.0471404520791004,10.3,0.0,44.96666666666667,0.0471404520791004,0.431705016378535,0.0001841976811368,Data\NafisaData\LAS_1.5Torr_Freq_2420\OscopeData_Laser_True\Scope_TrialNumber_0_45.00W_1.50Torr_1.33NitrogenFlow_2420.00MHz.csv,True,3581b304|Scope_TrialNumber_0_45.00W_1.50Torr_1.33NitrogenFlow_2420.00MHz.csv,721.3387248461204,59.22840013395318,7.213387248461204,59.6660400732605,22092276246.203728,948064016.804028,2698967375.8399286,2860638088.9247174,1.3086448434705384,0.0452737096873103,0.1965210449348509,0.0072286590361648,3.0,20.41572494492391,2.4660480652342387,LAS_DataFrame_3581b304_Laser_True_20260909_142215_LAS.csv,Data\NafisaData\LAS_1.5Torr_Freq_2420\OscopeData_Laser_True\Plasma_Off_Measuremnt_1.3333333333333333.csv,Data\NafisaData\LAS_1.5Torr_Freq_2420\Spectra_True\Spectra_45.00W_1.50Torr_1.33NitrogenFlow_2420.00MHz_True.csv
3581b304,2026-09-09 14:41:43.278172,2026-09-09,1.5,1.507,78.93,1.062,1.3333333333333333,50,2420,52.6,61.13333333333333,0.0942809041582076,11.1,0.0,50.03333333333333,0.0942809041582076,0.4261110914352943,0.000328847196859,Data\NafisaData\LAS_1.5Torr_Freq_2420\OscopeData_Laser_True\Scope_TrialNumber_0_50.00W_1.50Torr_1.33NitrogenFlow_2420.00MHz.csv,True,3581b304|Scope_TrialNumber_0_50.00W_1.50Torr_1.33NitrogenFlow_2420.00MHz.csv,707.4397612129394,48.830438789946605,7.0743976121293946,49.34023564995636,26067053936.01545,868590119.346299,3184557687.6513557,3300887223.3697057,1.2959758450667138,0.0276249784978033,0.2318785362263949,0.0044819233007467,3.0,31.396988251290484,1.5547313977178838,LAS_DataFrame_3581b304_Laser_True_20260909_142215_LAS.csv,Data\NafisaData\LAS_1.5Torr_Freq_2420\OscopeData_Laser_True\Plasma_Off_Measuremnt_1.3333333333333333.csv,Data\NafisaData\LAS_1.5Torr_Freq_2420\Spectra_True\Spectra_50.00W_1.50Torr_1.33NitrogenFlow_2420.00MHz_True.csv
3581b304,2026-09-09 14:42:02.540934,2026-09-09,1.5,1.507,78.93,1.069,1.3333333333333333,55,2420,53.2,66.16666666666667,0.0471404520791071,11.199999999999998,1.7763568394002505e-15,54.96666666666666,0.0471404520791071,0.411423851856823,0.0001466149109977,Data\NafisaData\LAS_1.5Torr_Freq_2420\OscopeData_Laser_True\Scope_TrialNumber_0_55.00W_1.50Torr_1.33NitrogenFlow_2420.00MHz.csv,True,3581b304|Scope_TrialNumber_0_55.00W_1.50Torr_1.33NitrogenFlow_2420.00MHz.csv,793.2161794793694,45.94349436400874,7.932161794793695,46.623211655939016,25962098341.424534,827653877.0125089,3171735481.2586823,3277944005.502394,1.3722965021704026,0.029027505342366,0.2309449075277989,0.0057737257820175,3.0,30.035293468695205,1.4315281453360564,LAS_DataFrame_3581b304_Laser_True_20260909_142215_LAS.csv,Data\NafisaData\LAS_1.5Torr_Freq_2420\OscopeData_Laser_True\Plasma_Off_Measuremnt_1.3333333333333333.csv,Data\NafisaData\LAS_1.5Torr_Freq_2420\Spectra_True\Spectra_55.00W_1.50Torr_1.33NitrogenFlow_2420.00MHz_True.csv
3581b304,2026-09-09 14:42:21.877228,2026-09-09,1.5,1.507,78.93,1.067,1.3333333333333333,60,2420,54.1,75.03333333333333,0.0942809041582009,15.033333333333331,0.047140452079103,60.0,0.0816496580927679,0.4476102609154266,0.0006111247177611,Data\NafisaData\LAS_1.5Torr_Freq_2420\OscopeData_Laser_True\Scope_TrialNumber_0_60.00W_1.50Torr_1.33NitrogenFlow_2420.00MHz.csv,True,3581b304|Scope_TrialNumber_0_60.00W_1.50Torr_1.33NitrogenFlow_2420.00MHz.csv,797.246257863713,49.7034273666113,7.97246257863713,50.33876092590853,26189727271.35072,829752267.2671161,3199544433.528764,3305385515.663765,1.375778185835439,0.0253144654591793,0.2329697724474643,0.0044851714585999,3.0,30.92339690961812,1.203030450741377,LAS_DataFrame_3581b304_Laser_True_20260909_142215_LAS.csv,Data\NafisaData\LAS_1.5Torr_Freq_2420\OscopeData_Laser_True\Plasma_Off_Measuremnt_1.3333333333333333.csv,Data\NafisaData\LAS_1.5Torr_Freq_2420\Spectra_True\Spectra_60.00W_1.50Torr_1.33NitrogenFlow_2420.00MHz_True.csv
3581b304,2026-09-09 14:42:41.337076,2026-09-09,1.5,1.507,78.93,1.069,1.3333333333333333,65,2420,55.1,83.53333333333335,0.2054804667656324,18.6,0.0816496580927723,64.93333333333334,0.1247219128924626,0.4718732309117386,0.0004641817730894,Data\NafisaData\LAS_1.5Torr_Freq_2420\OscopeData_Laser_True\Scope_TrialNumber_0_65.00W_1.50Torr_1.33NitrogenFlow_2420.00MHz.csv,True,3581b304|Scope_TrialNumber_0_65.00W_1.50Torr_1.33NitrogenFlow_2420.00MHz.csv,876.5588033512323,55.30757266397397,8.765588033512323,55.99788502750809,27725527045.92188,855346892.2366045,3387169893.268439,3493499419.196022,1.4425892854220197,0.0232748073893974,0.2466314238384701,0.0036312480705174,3.0,34.721740055497015,0.2598125829910767,LAS_DataFrame_3581b304_Laser_True_20260909_142215_LAS.csv,Data\NafisaData\LAS_1.5Torr_Freq_2420\OscopeData_Laser_True\Plasma_Off_Measuremnt_1.3333333333333333.csv,Data\NafisaData\LAS_1.5Torr_Freq_2420\Spectra_True\Spectra_65.00W_1.50Torr_1.33NitrogenFlow_2420.00MHz_True.csv
3581b304,2026-09-09 14:43:00.623347,2026-09-09,1.5,1.507,78.93,1.075,1.3333333333333333,70,2420,56.0,90.33333333333331,0.0471404520791071,20.433333333333334,0.0471404520791038,69.89999999999999,0.0816496580927737,0.4756039060782921,0.0006198441632573,Data\NafisaData\LAS_1.5Torr_Freq_2420\OscopeData_Laser_True\Scope_TrialNumber_0_70.00W_1.50Torr_1.33NitrogenFlow_2420.00MHz.csv,True,3581b304|Scope_TrialNumber_0_70.00W_1.50Torr_1.33NitrogenFlow_2420.00MHz.csv,728.0214687534659,51.50269785096259,7.280214687534659,52.01470380406047,25100422450.19005,952832686.0713776,3066466332.300376,3211091075.441137,1.3146927488036997,0.0333730207273338,0.2232799007782265,0.0064490732236665,3.0,39.80093537672635,1.489604229872098,LAS_DataFrame_3581b304_Laser_True_20260909_142215_LAS.csv,Data\NafisaData\LAS_1.5Torr_Freq_2420\OscopeData_Laser_True\Plasma_Off_Measuremnt_1.3333333333333333.csv,Data\NafisaData\LAS_1.5Torr_Freq_2420\Spectra_True\Spectra_70.00W_1.50Torr_1.33NitrogenFlow_2420.00MHz_True.csv
3581b304,2026-09-09 14:43:19.926285,2026-09-09,1.5,1.507,78.93,1.072,1.3333333333333333,75,2420,57.1,99.86666666666667,0.1247219128924639,24.933333333333337,0.1247219128924652,74.93333333333334,0.0471404520791004,0.4996641165381568,0.0009660741564541,Data\NafisaData\LAS_1.5Torr_Freq_2420\OscopeData_Laser_True\Scope_TrialNumber_0_75.00W_1.50Torr_1.33NitrogenFlow_2420.00MHz.csv,True,3581b304|Scope_TrialNumber_0_75.00W_1.50Torr_1.33NitrogenFlow_2420.00MHz.csv,714.4981578923113,48.77691340894199,7.144981578923113,49.29744459367621,24067067983.81461,821893336.242979,2940223569.384308,3052936831.0077453,1.3024250214982571,0.0264869012483831,0.214087733467939,0.0043597207127898,3.0,44.774741843586085,1.086378667705082,LAS_DataFrame_3581b304_Laser_True_20260909_142215_LAS.csv,Data\NafisaData\LAS_1.5Torr_Freq_2420\OscopeData_Laser_True\Plasma_Off_Measuremnt_1.3333333333333333.csv,Data\NafisaData\LAS_1.5Torr_Freq_2420\Spectra_True\Spectra_75.00W_1.50Torr_1.33NitrogenFlow_2420.00MHz_True.csv
3581b304,2026-09-09 14:43:39.223092,2026-09-09,1.5,1.507,78.93,1.065,1.3333333333333333,80,2420,58.3,109.96666666666664,0.0471404520791004,30.0,0.0,79.96666666666667,0.0471404520791004,0.5223121480649363,0.0001119777096607,Data\NafisaData\LAS_1.5Torr_Freq_2420\OscopeData_Laser_True\Scope_TrialNumber_0_80.00W_1.50Torr_1.33NitrogenFlow_2420.00MHz.csv,True,3581b304|Scope_TrialNumber_0_80.00W_1.50Torr_1.33NitrogenFlow_2420.00MHz.csv,696.3606923594732,49.739463643441816,6.963606923594732,50.224556393497465,23449677722.885807,809135499.7752434,2864798287.0893483,2976872433.058998,1.2857877936015998,0.0276070752532978,0.2085957607142858,0.0040455160985055,3.0,55.40530513935678,0.7536030144614048,LAS_DataFrame_3581b304_Laser_True_20260909_142215_LAS.csv,Data\NafisaData\LAS_1.5Torr_Freq_2420\OscopeData_Laser_True\Plasma_Off_Measuremnt_1.3333333333333333.csv,Data\NafisaData\LAS_1.5Torr_Freq_2420\Spectra_True\Spectra_80.00W_1.50Torr_1.33NitrogenFlow_2420.00MHz_True.csv
3581b304,2026-09-09 14:44:55.524692,2026-09-09,1.5,1.507,78.66,1.316,1.6666666666666663,30,2420,48.7,34.833333333333336,0.0471404520791038,4.8,0.0,30.03333333333333,0.0471404520791038,0.3712131896791517,0.0002510040628575,Data\NafisaData\LAS_1.5Torr_Freq_2420\OscopeData_Laser_True\Scope_TrialNumber_0_30.00W_1.50Torr_1.67NitrogenFlow_2420.00MHz.csv,True,3581b304|Scope_TrialNumber_0_30.00W_1.50Torr_1.67NitrogenFlow_2420.00MHz.csv,762.3280244037193,85.11793113143293,7.623280244037192,85.45862508708227,20514266318.559124,1164774829.6955402,2506185189.613366,2763632502.4376264,1.3453123128536866,0.0645351875490091,0.1824839146526522,0.0089552301799403,3.0,34.303516831922664,2.964998608848503,LAS_DataFrame_3581b304_Laser_True_20260909_142215_LAS.csv,Data\NafisaData\LAS_1.5Torr_Freq_2420\OscopeData_Laser_True\Plasma_Off_Measuremnt_1.6666666666666665.csv,Data\NafisaData\LAS_1.5Torr_Freq_2420\Spectra_True\Spectra_30.00W_1.50Torr_1.67NitrogenFlow_2420.00MHz_True.csv
3581b304,2026-09-09 14:45:14.980094,2026-09-09,1.5,1.506,78.68,1.327,1.6666666666666663,35,2420,49.3,40.833333333333336,0.1247219128924639,5.900000000000001,8.881784197001252e-16,34.93333333333334,0.1247219128924639,0.3801194627419582,0.0005800169782886,Data\NafisaData\LAS_1.5Torr_Freq_2420\OscopeData_Laser_True\Scope_TrialNumber_0_35.00W_1.50Torr_1.67NitrogenFlow_2420.00MHz.csv,True,3581b304|Scope_TrialNumber_0_35.00W_1.50Torr_1.67NitrogenFlow_2420.00MHz.csv,736.4576288954825,65.91639084951366,7.364576288954825,66.3265223462054,20606093140.57702,983499081.6233054,2517403481.205024,2702700636.5369167,1.3222880010974285,0.0521818887550287,0.1833007568292977,0.007846896391806,3.0,31.19083818950262,2.1533461949962844,LAS_DataFrame_3581b304_Laser_True_20260909_142215_LAS.csv,Data\NafisaData\LAS_1.5Torr_Freq_2420\OscopeData_Laser_True\Plasma_Off_Measuremnt_1.6666666666666665.csv,Data\NafisaData\LAS_1.5Torr_Freq_2420\Spectra_True\Spectra_35.00W_1.50Torr_1.67NitrogenFlow_2420.00MHz_True.csv
3581b304,2026-09-09 14:45:34.394762,2026-09-09,1.5,1.507,78.68,1.339,1.6666666666666663,40,2420,50.2,47.93333333333334,0.0471404520791038,7.933333333333334,0.047140452079103,40.0,0.0,0.4068240759423764,0.0010070717460074,Data\NafisaData\LAS_1.5Torr_Freq_2420\OscopeData_Laser_True\Scope_TrialNumber_0_40.00W_1.50Torr_1.67NitrogenFlow_2420.00MHz.csv,True,3581b304|Scope_TrialNumber_0_40.00W_1.50Torr_1.67NitrogenFlow_2420.00MHz.csv,715.8800798944847,54.48576183057974,7.158800798944847,54.95404144498959,20090012952.25551,832039598.2033823,2454355039.474786,2591553308.881321,1.3036839333196115,0.036975794374926,0.1787099841651841,0.0058498375955847,3.0,37.313008520461096,1.353433773901417,LAS_DataFrame_3581b304_Laser_True_20260909_142215_LAS.csv,Data\NafisaData\LAS_1.5Torr_Freq_2420\OscopeData_Laser_True\Plasma_Off_Measuremnt_1.6666666666666665.csv,Data\NafisaData\LAS_1.5Torr_Freq_2420\Spectra_True\Spectra_40.00W_1.50Torr_1.67NitrogenFlow_2420.00MHz_True.csv
3581b304,2026-09-09 14:45:53.655609,2026-09-09,1.5,1.507,78.67,1.329,1.6666666666666663,45,2420,51.2,54.76666666666667,0.0942809041582043,9.766666666666667,0.0471404520791038,45.0,0.1414213562373081,0.4222942283893018,0.0013825496325861,Data\NafisaData\LAS_1.5Torr_Freq_2420\OscopeData_Laser_True\Scope_TrialNumber_0_45.00W_1.50Torr_1.67NitrogenFlow_2420.00MHz.csv,True,3581b304|Scope_TrialNumber_0_45.00W_1.50Torr_1.67NitrogenFlow_2420.00MHz.csv,747.290003476436,45.960115077634775,7.47290003476436,46.56368126425372,20427643899.56884,599717559.3213862,2495602709.100011,2566650352.624158,1.3319771073832558,0.029029204152626,0.181713368055052,0.0035942793473053,3.0,40.3539458396101,0.8528108007735982,LAS_DataFrame_3581b304_Laser_True_20260909_142215_LAS.csv,Data\NafisaData\LAS_1.5Torr_Freq_2420\OscopeData_Laser_True\Plasma_Off_Measuremnt_1.6666666666666665.csv,Data\NafisaData\LAS_1.5Torr_Freq_2420\Spectra_True\Spectra_45.00W_1.50Torr_1.67NitrogenFlow_2420.00MHz_True.csv
3581b304,2026-09-09 14:46:12.936648,2026-09-09,1.5,1.507,78.69,1.325,1.6666666666666663,50,2420,52.1,61.1,0.0816496580927737,11.0,0.0,50.1,0.0816496580927737,0.4243029275741656,0.000283504357318,Data\NafisaData\LAS_1.5Torr_Freq_2420\OscopeData_Laser_True\Scope_TrialNumber_0_50.00W_1.50Torr_1.67NitrogenFlow_2420.00MHz.csv,True,3581b304|Scope_TrialNumber_0_50.00W_1.50Torr_1.67NitrogenFlow_2420.00MHz.csv,727.7344035539691,45.185214109608886,7.277344035539691,45.76749185112511,20708525282.556805,609027782.8115617,2529917402.647969,2602190789.403692,1.3144335258528494,0.0307313655270854,0.1842119382463887,0.0038979051176627,3.0,49.91737193556911,0.4255597272149378,LAS_DataFrame_3581b304_Laser_True_20260909_142215_LAS.csv,Data\NafisaData\LAS_1.5Torr_Freq_2420\OscopeData_Laser_True\Plasma_Off_Measuremnt_1.6666666666666665.csv,Data\NafisaData\LAS_1.5Torr_Freq_2420\Spectra_True\Spectra_50.00W_1.50Torr_1.67NitrogenFlow_2420.00MHz_True.csv
3581b304,2026-09-09 14:46:32.147274,2026-09-09,1.5,1.507,78.68,1.334,1.6666666666666663,55,2420,52.9,66.60000000000001,0.1414213562373081,11.633333333333333,0.047140452079103,54.96666666666667,0.0942809041582043,0.4179399460387134,0.0004023122345118,Data\NafisaData\LAS_1.5Torr_Freq_2420\OscopeData_Laser_True\Scope_TrialNumber_0_55.00W_1.50Torr_1.67NitrogenFlow_2420.00MHz.csv,True,3581b304|Scope_TrialNumber_0_55.00W_1.50Torr_1.67NitrogenFlow_2420.00MHz.csv,747.0006851905755,52.30899380025976,7.470006851905755,52.83968049452167,24406272671.205765,823187274.9382235,2981663499.5571,3093211036.1582685,1.3317192405322813,0.029624260518065,0.2171051165057942,0.0043776181298868,3.0,56.694745567676485,0.4229986328205655,LAS_DataFrame_3581b304_Laser_True_20260909_142215_LAS.csv,Data\NafisaData\LAS_1.5Torr_Freq_2420\OscopeData_Laser_True\Plasma_Off_Measuremnt_1.6666666666666665.csv,Data\NafisaData\LAS_1.5Torr_Freq_2420\Spectra_True\Spectra_55.00W_1.50Torr_1.67NitrogenFlow_2420.00MHz_True.csv
3581b304,2026-09-09 14:46:51.346069,2026-09-09,1.5,1.507,78.67,1.327,1.6666666666666663,60,2420,53.6,71.4,0.0816496580927737,11.4,0.0,60.0,0.0816496580927737,0.3995798069751783,0.0002284704805256,Data\NafisaData\LAS_1.5Torr_Freq_2420\OscopeData_Laser_True\Scope_TrialNumber_0_60.00W_1.50Torr_1.67NitrogenFlow_2420.00MHz.csv,True,3581b304|Scope_TrialNumber_0_60.00W_1.50Torr_1.67NitrogenFlow_2420.00MHz.csv,756.0544357609829,78.85225383505117,7.560544357609829,79.21388619333563,23606196799.04636,1266417304.6158743,2883919896.6304445,3149731220.2172885,1.3397652440483174,0.0592173587280987,0.209988070499684,0.0096511466537547,3.0,60.31281306331242,1.8749036369491587,LAS_DataFrame_3581b304_Laser_True_20260909_142215_LAS.csv,Data\NafisaData\LAS_1.5Torr_Freq_2420\OscopeData_Laser_True\Plasma_Off_Measuremnt_1.6666666666666665.csv,Data\NafisaData\LAS_1.5Torr_Freq_2420\Spectra_True\Spectra_60.00W_1.50Torr_1.67NitrogenFlow_2420.00MHz_True.csv
3581b304,2026-09-09 14:47:10.576387,2026-09-09,1.5,1.507,78.65,1.331,1.6666666666666663,65,2420,54.4,79.43333333333334,0.0471404520791004,14.699999999999998,0.081649658092773,64.73333333333333,0.0471404520791071,0.4301850825651165,0.0010860432348273,Data\NafisaData\LAS_1.5Torr_Freq_2420\OscopeData_Laser_True\Scope_TrialNumber_0_65.00W_1.50Torr_1.67NitrogenFlow_2420.00MHz.csv,True,3581b304|Scope_TrialNumber_0_65.00W_1.50Torr_1.67NitrogenFlow_2420.00MHz.csv,740.3218621464725,48.20666319127243,7.403218621464726,48.77181585704989,23426802553.9257,726116885.9994146,2862003675.341237,2952678575.429476,1.3257525209573515,0.0310901559232786,0.2083922754755082,0.0044237511428028,3.0,57.37300303083371,0.7283051026295099,LAS_DataFrame_3581b304_Laser_True_20260909_142215_LAS.csv,Data\NafisaData\LAS_1.5Torr_Freq_2420\OscopeData_Laser_True\Plasma_Off_Measuremnt_1.6666666666666665.csv,Data\NafisaData\LAS_1.5Torr_Freq_2420\Spectra_True\Spectra_65.00W_1.50Torr_1.67NitrogenFlow_2420.00MHz_True.csv
3581b304,2026-09-09 14:47:29.630453,2026-09-09,1.5,1.507,78.66,1.329,1.6666666666666663,70,2420,55.5,88.66666666666667,0.0471404520791071,18.666666666666668,0.0471404520791021,70.0,0.0,0.4588309961622092,0.000457725281247,Data\NafisaData\LAS_1.5Torr_Freq_2420\OscopeData_Laser_True\Scope_TrialNumber_0_70.00W_1.50Torr_1.67NitrogenFlow_2420.00MHz.csv,True,3581b304|Scope_TrialNumber_0_70.00W_1.50Torr_1.67NitrogenFlow_2420.00MHz.csv,1858.7533440353404,702.4311549066274,18.587533440353404,702.6770408821216,36008085400.70923,8695606276.969496,4399032796.798028,9745001696.838024,2.1006952613112557,0.3936756865221161,0.3203086223524253,0.0769636928572978,3.0,73.72131132653104,7.945483055511182,LAS_DataFrame_3581b304_Laser_True_20260909_142215_LAS.csv,Data\NafisaData\LAS_1.5Torr_Freq_2420\OscopeData_Laser_True\Plasma_Off_Measuremnt_1.6666666666666665.csv,Data\NafisaData\LAS_1.5Torr_Freq_2420\Spectra_True\Spectra_70.00W_1.50Torr_1.67NitrogenFlow_2420.00MHz_True.csv
3581b304,2026-09-09 14:47:49.016017,2026-09-09,1.5,1.506,78.68,1.327,1.6666666666666663,75,2420,56.5,95.66666666666669,0.1699673171197628,20.700000000000003,0.0816496580927723,74.96666666666668,0.124721912892469,0.4651617262795711,0.0006831100829029,Data\NafisaData\LAS_1.5Torr_Freq_2420\OscopeData_Laser_True\Scope_TrialNumber_0_75.00W_1.50Torr_1.67NitrogenFlow_2420.00MHz.csv,True,3581b304|Scope_TrialNumber_0_75.00W_1.50Torr_1.67NitrogenFlow_2420.00MHz.csv,786.3414731469351,75.05236572596354,7.8634147314693505,75.46317573693064,24966043656.91371,1213074802.411634,3050049555.006099,3282430922.99578,1.366336799203009,0.0565378623447099,0.2220845390790767,0.0094109539205319,3.0,55.23724584003919,1.883073822232025,LAS_DataFrame_3581b304_Laser_True_20260909_142215_LAS.csv,Data\NafisaData\LAS_1.5Torr_Freq_2420\OscopeData_Laser_True\Plasma_Off_Measuremnt_1.6666666666666665.csv,Data\NafisaData\LAS_1.5Torr_Freq_2420\Spectra_True\Spectra_75.00W_1.50Torr_1.67NitrogenFlow_2420.00MHz_True.csv
3581b304,2026-09-09 14:48:08.308255,2026-09-09,1.5,1.507,78.66,1.329,1.6666666666666663,80,2420,57.6,104.46666666666664,0.1247219128924639,24.399999999999995,0.0816496580927723,80.06666666666666,0.0471404520791004,0.4832871441586477,0.0005280693484641,Data\NafisaData\LAS_1.5Torr_Freq_2420\OscopeData_Laser_True\Scope_TrialNumber_0_80.00W_1.50Torr_1.67NitrogenFlow_2420.00MHz.csv,True,3581b304|Scope_TrialNumber_0_80.00W_1.50Torr_1.67NitrogenFlow_2420.00MHz.csv,785.5190698128853,55.43528648687885,7.855190698128853,55.98906151014056,24408150915.930004,826461068.4961555,2981892960.803106,3094305015.2541394,1.3656221135770548,0.0368125233480416,0.2171218243638591,0.0054413833602342,3.0,55.072447921202176,1.211378555329988,LAS_DataFrame_3581b304_Laser_True_20260909_142215_LAS.csv,Data\NafisaData\LAS_1.5Torr_Freq_2420\OscopeData_Laser_True\Plasma_Off_Measuremnt_1.6666666666666665.csv,Data\NafisaData\LAS_1.5Torr_Freq_2420\Spectra_True\Spectra_80.00W_1.50Torr_1.67NitrogenFlow_2420.00MHz_True.csv
3581b304,2026-09-09 14:48:51.240430,2026-09-09,1.5,1.506,78.4,1.596,2.0,30,2420,51.5,34.800000000000004,0.1414213562373081,4.8,0.0,30.0,0.1414213562373081,0.371392970919171,0.0007530199387731,Data\NafisaData\LAS_1.5Torr_Freq_2420\OscopeData_Laser_True\Scope_TrialNumber_0_30.00W_1.50Torr_2.00NitrogenFlow_2420.00MHz.csv,True,3581b304|Scope_TrialNumber_0_30.00W_1.50Torr_2.00NitrogenFlow_2420.00MHz.csv,691.5790718972453,60.104801474486514,6.915790718972453,60.50136627842434,17245333041.658726,751722690.9691051,2106826419.614835,2236918542.6619577,1.2813657032380548,0.0461739744454292,0.1534052368269952,0.0055529395694503,3.0,11.43545063243875,3.3665273017453097,LAS_DataFrame_3581b304_Laser_True_20260909_142215_LAS.csv,Data\NafisaData\LAS_1.5Torr_Freq_2420\OscopeData_Laser_True\Plasma_Off_Measuremnt_2.0.csv,Data\NafisaData\LAS_1.5Torr_Freq_2420\Spectra_True\Spectra_30.00W_1.50Torr_2.00NitrogenFlow_2420.00MHz_True.csv
3581b304,2026-09-09 14:49:10.465408,2026-09-09,1.5,1.506,78.38,1.596,2.0,35,2420,51.2,40.8,0.0816496580927708,5.8,0.0,35.0,0.0816496580927708,0.3770375176784094,0.0003772680281258,Data\NafisaData\LAS_1.5Torr_Freq_2420\OscopeData_Laser_True\Scope_TrialNumber_0_35.00W_1.50Torr_2.00NitrogenFlow_2420.00MHz.csv,True,3581b304|Scope_TrialNumber_0_35.00W_1.50Torr_2.00NitrogenFlow_2420.00MHz.csv,730.9379705048378,38.556359847674464,7.309379705048379,39.24308749800322,18280447222.344025,504469820.62502855,2233284163.1630564,2289551911.0420628,1.3173234893954635,0.0147144441930384,0.1626130576123302,0.0022455717370893,3.0,12.302597392995011,0.8296151363251055,LAS_DataFrame_3581b304_Laser_True_20260909_142215_LAS.csv,Data\NafisaData\LAS_1.5Torr_Freq_2420\OscopeData_Laser_True\Plasma_Off_Measuremnt_2.0.csv,Data\NafisaData\LAS_1.5Torr_Freq_2420\Spectra_True\Spectra_35.00W_1.50Torr_2.00NitrogenFlow_2420.00MHz_True.csv
3581b304,2026-09-09 14:49:29.746825,2026-09-09,1.5,1.506,78.38,1.597,2.0,40,2420,51.6,47.03333333333333,0.0471404520791038,6.966666666666666,0.047140452079103,40.06666666666666,0.0471404520791038,0.3848636901575704,0.0012190683754074,Data\NafisaData\LAS_1.5Torr_Freq_2420\OscopeData_Laser_True\Scope_TrialNumber_0_40.00W_1.50Torr_2.00NitrogenFlow_2420.00MHz.csv,True,3581b304|Scope_TrialNumber_0_40.00W_1.50Torr_2.00NitrogenFlow_2420.00MHz.csv,711.1056006786844,78.91842859249535,7.111056006786844,79.2381567746275,18864700932.062057,1058265523.9655083,2304661222.0124536,2536018388.6285067,1.2993292760102082,0.0637367966698978,0.1678102653722404,0.0083468859872878,3.0,25.140454368933327,2.970557276562373,LAS_DataFrame_3581b304_Laser_True_20260909_142215_LAS.csv,Data\NafisaData\LAS_1.5Torr_Freq_2420\OscopeData_Laser_True\Plasma_Off_Measuremnt_2.0.csv,Data\NafisaData\LAS_1.5Torr_Freq_2420\Spectra_True\Spectra_40.00W_1.50Torr_2.00NitrogenFlow_2420.00MHz_True.csv
3581b304,2026-09-09 14:49:49.035196,2026-09-09,1.5,1.506,78.38,1.608,2.0,45,2420,52.3,54.29999999999999,7.105427357601002e-15,9.3,0.0,45.0,0.0,0.4138486658575139,0.0,Data\NafisaData\LAS_1.5Torr_Freq_2420\OscopeData_Laser_True\Scope_TrialNumber_0_45.00W_1.50Torr_2.00NitrogenFlow_2420.00MHz.csv,True,3581b304|Scope_TrialNumber_0_45.00W_1.50Torr_2.00NitrogenFlow_2420.00MHz.csv,679.4308206063403,31.111467980329923,6.794308206063403,31.84471799043092,17839534730.498764,383526207.53810817,2179418802.3542023,2212907288.5965176,1.2700616313287474,0.0234477393340126,0.158690936475666,0.0026499101397578,3.0,26.21197102862242,0.5341457886368801,LAS_DataFrame_3581b304_Laser_True_20260909_142215_LAS.csv,Data\NafisaData\LAS_1.5Torr_Freq_2420\OscopeData_Laser_True\Plasma_Off_Measuremnt_2.0.csv,Data\NafisaData\LAS_1.5Torr_Freq_2420\Spectra_True\Spectra_45.00W_1.50Torr_2.00NitrogenFlow_2420.00MHz_True.csv
3581b304,2026-09-09 14:50:08.336807,2026-09-09,1.5,1.506,78.38,1.6,2.0,50,2420,53.2,61.26666666666667,0.0942809041582043,11.300000000000002,1.7763568394002505e-15,49.96666666666667,0.0942809041582009,0.4294647081560753,0.0003301740792607,Data\NafisaData\LAS_1.5Torr_Freq_2420\OscopeData_Laser_True\Scope_TrialNumber_0_50.00W_1.50Torr_2.00NitrogenFlow_2420.00MHz.csv,True,3581b304|Scope_TrialNumber_0_50.00W_1.50Torr_2.00NitrogenFlow_2420.00MHz.csv,697.0979574183337,38.79708855371279,6.970979574183338,39.41837942468352,18054996875.601807,502586803.943428,2205741363.86307,2262275062.7973127,1.2864682711500386,0.0256267057729019,0.1606075722006439,0.0032013237266681,3.0,28.58527215407272,0.7217039028837655,LAS_DataFrame_3581b304_Laser_True_20260909_142215_LAS.csv,Data\NafisaData\LAS_1.5Torr_Freq_2420\OscopeData_Laser_True\Plasma_Off_Measuremnt_2.0.csv,Data\NafisaData\LAS_1.5Torr_Freq_2420\Spectra_True\Spectra_50.00W_1.50Torr_2.00NitrogenFlow_2420.00MHz_True.csv
3581b304,2026-09-09 14:50:27.687396,2026-09-09,1.5,1.506,78.4,1.614,2.0,55,2420,54.0,67.3,0.1414213562373148,12.4,0.0,54.900000000000006,0.1414213562373148,0.4292437995845068,0.0004515010474057,Data\NafisaData\LAS_1.5Torr_Freq_2420\OscopeData_Laser_True\Scope_TrialNumber_0_55.00W_1.50Torr_2.00NitrogenFlow_2420.00MHz.csv,True,3581b304|Scope_TrialNumber_0_55.00W_1.50Torr_2.00NitrogenFlow_2420.00MHz.csv,800.7661294690404,100.2762409022848,8.007661294690404,100.59546276499525,20047501691.35413,1521551551.6128142,2449161527.271698,2883316026.8834906,1.3788118967293872,0.0681386447458449,0.1783318267801897,0.0116698111737632,3.0,35.99028938195434,2.265319849241473,LAS_DataFrame_3581b304_Laser_True_20260909_142215_LAS.csv,Data\NafisaData\LAS_1.5Torr_Freq_2420\OscopeData_Laser_True\Plasma_Off_Measuremnt_2.0.csv,Data\NafisaData\LAS_1.5Torr_Freq_2420\Spectra_True\Spectra_55.00W_1.50Torr_2.00NitrogenFlow_2420.00MHz_True.csv
3581b304,2026-09-09 14:50:46.646039,2026-09-09,1.5,1.506,78.4,1.593,2.0,60,2420,54.8,73.06666666666668,0.1247219128924626,12.966666666666669,0.047140452079103,60.1,0.1414213562373064,0.4212640610386808,0.0009062569468533,Data\NafisaData\LAS_1.5Torr_Freq_2420\OscopeData_Laser_True\Scope_TrialNumber_0_60.00W_1.50Torr_2.00NitrogenFlow_2420.00MHz.csv,True,3581b304|Scope_TrialNumber_0_60.00W_1.50Torr_2.00NitrogenFlow_2420.00MHz.csv,764.4214021714386,42.88858107945691,7.644214021714386,43.56448547864331,22971450253.29584,621011882.9546007,2806374233.167988,2874263748.398888,1.3471581823938954,0.0242321015230129,0.2043417055416542,0.0033416254198402,3.0,45.125152887578224,0.8777972416739317,LAS_DataFrame_3581b304_Laser_True_20260909_142215_LAS.csv,Data\NafisaData\LAS_1.5Torr_Freq_2420\OscopeData_Laser_True\Plasma_Off_Measuremnt_2.0.csv,Data\NafisaData\LAS_1.5Torr_Freq_2420\Spectra_True\Spectra_60.00W_1.50Torr_2.00NitrogenFlow_2420.00MHz_True.csv
3581b304,2026-09-09 14:51:06.040155,2026-09-09,1.5,1.506,78.4,1.593,2.0,65,2420,55.3,77.53333333333333,0.0471404520791004,12.5,0.0,65.03333333333333,0.0471404520791004,0.4015233802733195,0.0001220242546466,Data\NafisaData\LAS_1.5Torr_Freq_2420\OscopeData_Laser_True\Scope_TrialNumber_0_65.00W_1.50Torr_2.00NitrogenFlow_2420.00MHz.csv,True,3581b304|Scope_TrialNumber_0_65.00W_1.50Torr_2.00NitrogenFlow_2420.00MHz.csv,777.0916508652,64.08800243123848,7.770916508652,64.55741010148154,22181693357.454536,930385063.9897808,2709891278.086048,2865157431.336384,1.3582768406058174,0.0370162104204871,0.1973164516164545,0.0055864683436001,3.0,25.52299738538508,1.9086671753556976,LAS_DataFrame_3581b304_Laser_True_20260909_142215_LAS.csv,Data\NafisaData\LAS_1.5Torr_Freq_2420\OscopeData_Laser_True\Plasma_Off_Measuremnt_2.0.csv,Data\NafisaData\LAS_1.5Torr_Freq_2420\Spectra_True\Spectra_65.00W_1.50Torr_2.00NitrogenFlow_2420.00MHz_True.csv
3581b304,2026-09-09 14:51:25.243090,2026-09-09,1.5,1.506,78.4,1.598,2.0,70,2420,56.1,86.06666666666668,0.1247219128924626,16.033333333333335,0.0471404520791038,70.03333333333335,0.1699673171197545,0.431613211466459,0.0009357637725977,Data\NafisaData\LAS_1.5Torr_Freq_2420\OscopeData_Laser_True\Scope_TrialNumber_0_70.00W_1.50Torr_2.00NitrogenFlow_2420.00MHz.csv,True,3581b304|Scope_TrialNumber_0_70.00W_1.50Torr_2.00NitrogenFlow_2420.00MHz.csv,703.3187182653738,66.22986801030665,7.033187182653738,66.6022607619958,21251161440.244987,1037786410.3532704,2596210131.845722,2795944863.9435487,1.2921956131405072,0.0492372779349412,0.1890389385762727,0.0076081749406843,3.0,17.188739825918688,2.867782277537335,LAS_DataFrame_3581b304_Laser_True_20260909_142215_LAS.csv,Data\NafisaData\LAS_1.5Torr_Freq_2420\OscopeData_Laser_True\Plasma_Off_Measuremnt_2.0.csv,Data\NafisaData\LAS_1.5Torr_Freq_2420\Spectra_True\Spectra_70.00W_1.50Torr_2.00NitrogenFlow_2420.00MHz_True.csv
3581b304,2026-09-09 14:51:44.257665,2026-09-09,1.5,1.506,78.41,1.607,2.0,75,2420,57.2,94.96666666666664,0.0471404520791004,19.9,0.0816496580927723,75.06666666666666,0.0471404520791038,0.4577621450475124,0.0008426305238977,Data\NafisaData\LAS_1.5Torr_Freq_2420\OscopeData_Laser_True\Scope_TrialNumber_0_75.00W_1.50Torr_2.00NitrogenFlow_2420.00MHz.csv,True,3581b304|Scope_TrialNumber_0_75.00W_1.50Torr_2.00NitrogenFlow_2420.00MHz.csv,714.0268830096842,42.349480323705,7.140268830096842,42.94719924109056,21487246995.17236,621321808.266274,2625052212.378982,2697580380.1078963,1.3019954182587932,0.024693486202889,0.1911390290980144,0.0033998506034115,3.0,21.10047236667971,1.3307114681150087,LAS_DataFrame_3581b304_Laser_True_20260909_142215_LAS.csv,Data\NafisaData\LAS_1.5Torr_Freq_2420\OscopeData_Laser_True\Plasma_Off_Measuremnt_2.0.csv,Data\NafisaData\LAS_1.5Torr_Freq_2420\Spectra_True\Spectra_75.00W_1.50Torr_2.00NitrogenFlow_2420.00MHz_True.csv
3581b304,2026-09-09 14:52:03.632359,2026-09-09,1.5,1.506,78.4,1.599,2.0,80,2420,58.1,102.53333333333336,0.3299831645537264,22.76666666666667,0.1247219128924636,79.76666666666667,0.2054804667656324,0.4712109010237649,0.0005353739167624,Data\NafisaData\LAS_1.5Torr_Freq_2420\OscopeData_Laser_True\Scope_TrialNumber_0_80.00W_1.50Torr_2.00NitrogenFlow_2420.00MHz.csv,True,3581b304|Scope_TrialNumber_0_80.00W_1.50Torr_2.00NitrogenFlow_2420.00MHz.csv,864.7011136790077,138.28270539656856,8.647011136790077,138.55279648348474,24681365245.87297,2217219984.051089,3015270986.449275,3742716069.834619,1.4327987155127666,0.1098348339489375,0.2195521925619208,0.0190807285916732,3.0,26.900045937228217,4.98297231091619,LAS_DataFrame_3581b304_Laser_True_20260909_142215_LAS.csv,Data\NafisaData\LAS_1.5Torr_Freq_2420\OscopeData_Laser_True\Plasma_Off_Measuremnt_2.0.csv,Data\NafisaData\LAS_1.5Torr_Freq_2420\Spectra_True\Spectra_80.00W_1.50Torr_2.00NitrogenFlow_2420.00MHz_True.csv
3581b304,2026-09-09 14:52:55.180618,2026-09-09,1.5,1.505,78.12,1.868,2.333333333333333,30,2420,51.0,34.9,0.0816496580927737,4.9,0.0,30.0,0.0816496580927737,0.3747021783903849,0.0004383155085191,Data\NafisaData\LAS_1.5Torr_Freq_2420\OscopeData_Laser_True\Scope_TrialNumber_0_30.00W_1.50Torr_2.33NitrogenFlow_2420.00MHz.csv,True,3581b304|Scope_TrialNumber_0_30.00W_1.50Torr_2.33NitrogenFlow_2420.00MHz.csv,726.9097376082449,59.14525815323648,7.269097376082449,59.590278894094425,15640600602.151808,708123336.0393151,1910779599.770934,2037772641.376908,1.3136885591295442,0.0453493076253736,0.1391303974062749,0.0055414943515609,3.0,32.55325922642755,1.9410257716402568,LAS_DataFrame_3581b304_Laser_True_20260909_142215_LAS.csv,Data\NafisaData\LAS_1.5Torr_Freq_2420\OscopeData_Laser_True\Plasma_Off_Measuremnt_2.333333333333333.csv,Data\NafisaData\LAS_1.5Torr_Freq_2420\Spectra_True\Spectra_30.00W_1.50Torr_2.33NitrogenFlow_2420.00MHz_True.csv
3581b304,2026-09-09 14:53:14.515557,2026-09-09,1.5,1.505,78.14,1.871,2.333333333333333,35,2420,51.2,40.86666666666667,0.0471404520791038,5.900000000000001,8.881784197001252e-16,34.96666666666667,0.0471404520791038,0.3799632685498643,0.0002192815380068,Data\NafisaData\LAS_1.5Torr_Freq_2420\OscopeData_Laser_True\Scope_TrialNumber_0_35.00W_1.50Torr_2.33NitrogenFlow_2420.00MHz.csv,True,3581b304|Scope_TrialNumber_0_35.00W_1.50Torr_2.33NitrogenFlow_2420.00MHz.csv,791.5504895315144,77.05061932685177,7.915504895315144,77.45613698345136,17280587949.14804,850367254.6698896,2111133438.2348952,2275963282.1836767,1.3708548890140186,0.0555066142889371,0.1537188455824566,0.0063234515963122,3.0,26.738579629518203,2.5427339414196326,LAS_DataFrame_3581b304_Laser_True_20260909_142215_LAS.csv,Data\NafisaData\LAS_1.5Torr_Freq_2420\OscopeData_Laser_True\Plasma_Off_Measuremnt_2.333333333333333.csv,Data\NafisaData\LAS_1.5Torr_Freq_2420\Spectra_True\Spectra_35.00W_1.50Torr_2.33NitrogenFlow_2420.00MHz_True.csv
3581b304,2026-09-09 14:53:33.820494,2026-09-09,1.5,1.505,78.12,1.876,2.333333333333333,40,2420,51.6,46.66666666666666,0.0471404520791038,6.7,0.0,39.96666666666667,0.0471404520791038,0.3789083510732748,0.0001914802511728,Data\NafisaData\LAS_1.5Torr_Freq_2420\OscopeData_Laser_True\Scope_TrialNumber_0_40.00W_1.50Torr_2.33NitrogenFlow_2420.00MHz.csv,True,3581b304|Scope_TrialNumber_0_40.00W_1.50Torr_2.33NitrogenFlow_2420.00MHz.csv,804.7826595314035,55.115642236055606,8.047826595314035,55.700103518764855,17864048873.653088,615956810.5627849,2182413644.1660123,2267671075.5135217,1.3822655344930148,0.0355571332884231,0.1589090011501559,0.0041378896036284,3.0,31.04113046538101,1.543902084464252,LAS_DataFrame_3581b304_Laser_True_20260909_142215_LAS.csv,Data\NafisaData\LAS_1.5Torr_Freq_2420\OscopeData_Laser_True\Plasma_Off_Measuremnt_2.333333333333333.csv,Data\NafisaData\LAS_1.5Torr_Freq_2420\Spectra_True\Spectra_40.00W_1.50Torr_2.33NitrogenFlow_2420.00MHz_True.csv
3581b304,2026-09-09 14:53:53.202416,2026-09-09,1.5,1.505,78.14,1.872,2.333333333333333,45,2420,52.2,53.16666666666666,0.0471404520791038,8.2,0.0,44.96666666666667,0.0471404520791004,0.3927239054437665,0.0001741871087484,Data\NafisaData\LAS_1.5Torr_Freq_2420\OscopeData_Laser_True\Scope_TrialNumber_0_45.00W_1.50Torr_2.33NitrogenFlow_2420.00MHz.csv,True,3581b304|Scope_TrialNumber_0_45.00W_1.50Torr_2.33NitrogenFlow_2420.00MHz.csv,819.2806921422803,43.16094331865769,8.192806921422802,43.93164136938313,18806508551.048046,484798485.7673072,2297551980.0253925,2348142813.527507,1.3946606075826622,0.0188101997618943,0.1672926171499987,0.0020665133799096,3.0,19.056427871414137,0.6800535190986416,LAS_DataFrame_3581b304_Laser_True_20260909_142215_LAS.csv,Data\NafisaData\LAS_1.5Torr_Freq_2420\OscopeData_Laser_True\Plasma_Off_Measuremnt_2.333333333333333.csv,Data\NafisaData\LAS_1.5Torr_Freq_2420\Spectra_True\Spectra_45.00W_1.50Torr_2.33NitrogenFlow_2420.00MHz_True.csv
3581b304,2026-09-09 14:54:12.547139,2026-09-09,1.5,1.505,78.12,1.876,2.333333333333333,50,2420,53.0,60.833333333333336,0.1247219128924639,10.833333333333334,0.047140452079103,50.0,0.1414213562373098,0.4219977018112439,0.0010851387561787,Data\NafisaData\LAS_1.5Torr_Freq_2420\OscopeData_Laser_True\Scope_TrialNumber_0_50.00W_1.50Torr_2.33NitrogenFlow_2420.00MHz.csv,True,3581b304|Scope_TrialNumber_0_50.00W_1.50Torr_2.33NitrogenFlow_2420.00MHz.csv,826.8119629353811,66.17938209461249,8.26811962935381,66.6938709075281,18048793923.61255,751193248.9109277,2204983562.1378727,2329429931.658726,1.4010561802477044,0.0402827686425012,0.1605523940653977,0.0049673544729725,3.0,27.159120323148606,1.7511329217193394,LAS_DataFrame_3581b304_Laser_True_20260909_142215_LAS.csv,Data\NafisaData\LAS_1.5Torr_Freq_2420\OscopeData_Laser_True\Plasma_Off_Measuremnt_2.333333333333333.csv,Data\NafisaData\LAS_1.5Torr_Freq_2420\Spectra_True\Spectra_50.00W_1.50Torr_2.33NitrogenFlow_2420.00MHz_True.csv
3581b304,2026-09-09 14:54:31.777492,2026-09-09,1.5,1.505,78.14,1.868,2.333333333333333,55,2420,53.9,67.66666666666667,0.0471404520791071,12.666666666666666,0.047140452079103,55.0,4.1023203976182695e-15,0.4326560925818641,0.0006550595557811,Data\NafisaData\LAS_1.5Torr_Freq_2420\OscopeData_Laser_True\Scope_TrialNumber_0_55.00W_1.50Torr_2.33NitrogenFlow_2420.00MHz.csv,True,3581b304|Scope_TrialNumber_0_55.00W_1.50Torr_2.33NitrogenFlow_2420.00MHz.csv,790.6230357201246,63.78003560407384,7.906230357201246,64.26819913548269,17847561287.18909,730366341.2662907,2180399390.0675774,2299473090.223448,1.3700515433963585,0.0485673742917243,0.1587623364206256,0.0057338606229145,3.0,16.719320558670372,2.4190547125877297,LAS_DataFrame_3581b304_Laser_True_20260909_142215_LAS.csv,Data\NafisaData\LAS_1.5Torr_Freq_2420\OscopeData_Laser_True\Plasma_Off_Measuremnt_2.333333333333333.csv,Data\NafisaData\LAS_1.5Torr_Freq_2420\Spectra_True\Spectra_55.00W_1.50Torr_2.33NitrogenFlow_2420.00MHz_True.csv
3581b304,2026-09-09 14:54:50.954704,2026-09-09,1.5,1.505,78.14,1.871,2.333333333333333,60,2420,54.7,73.76666666666667,0.0942809041582076,13.800000000000002,1.7763568394002505e-15,59.96666666666668,0.0942809041582076,0.4325235206861721,0.0002762162608748,Data\NafisaData\LAS_1.5Torr_Freq_2420\OscopeData_Laser_True\Scope_TrialNumber_0_60.00W_1.50Torr_2.33NitrogenFlow_2420.00MHz.csv,True,3581b304|Scope_TrialNumber_0_60.00W_1.50Torr_2.33NitrogenFlow_2420.00MHz.csv,854.3570247063155,55.421845958036826,8.543570247063156,56.076497768342,19492347068.543568,650481675.3235196,2381339443.2630444,2468583390.1191263,1.424202919371537,0.0295272994285225,0.173393468896226,0.003843907848476,3.0,33.16118564889702,1.1294071342273668,LAS_DataFrame_3581b304_Laser_True_20260909_142215_LAS.csv,Data\NafisaData\LAS_1.5Torr_Freq_2420\OscopeData_Laser_True\Plasma_Off_Measuremnt_2.333333333333333.csv,Data\NafisaData\LAS_1.5Torr_Freq_2420\Spectra_True\Spectra_60.00W_1.50Torr_2.33NitrogenFlow_2420.00MHz_True.csv
3581b304,2026-09-09 14:55:10.296112,2026-09-09,1.5,1.505,78.14,1.868,2.333333333333333,65,2420,55.3,78.86666666666667,0.1699673171197563,13.9,0.0,64.96666666666665,0.1699673171197563,0.419818345782057,0.0004519951862329,Data\NafisaData\LAS_1.5Torr_Freq_2420\OscopeData_Laser_True\Scope_TrialNumber_0_65.00W_1.50Torr_2.33NitrogenFlow_2420.00MHz.csv,True,3581b304|Scope_TrialNumber_0_65.00W_1.50Torr_2.33NitrogenFlow_2420.00MHz.csv,805.3533481749084,38.81726121881945,8.053533481749085,39.64390457651363,21258895874.54357,521091002.2800624,2597155031.5749226,2648914889.288098,1.3827555447067346,0.0234181240253285,0.1891077399570539,0.0033126663940776,3.0,30.950619876078893,1.0079975224321962,LAS_DataFrame_3581b304_Laser_True_20260909_142215_LAS.csv,Data\NafisaData\LAS_1.5Torr_Freq_2420\OscopeData_Laser_True\Plasma_Off_Measuremnt_2.333333333333333.csv,Data\NafisaData\LAS_1.5Torr_Freq_2420\Spectra_True\Spectra_65.00W_1.50Torr_2.33NitrogenFlow_2420.00MHz_True.csv
3581b304,2026-09-09 14:55:29.600516,2026-09-09,1.5,1.505,78.12,1.875,2.333333333333333,70,2420,55.7,83.36666666666667,0.1247219128924639,13.300000000000002,0.081649658092773,70.06666666666666,0.0942809041582076,0.3994176629572116,0.0010547768687884,Data\NafisaData\LAS_1.5Torr_Freq_2420\OscopeData_Laser_True\Scope_TrialNumber_0_70.00W_1.50Torr_2.33NitrogenFlow_2420.00MHz.csv,True,3581b304|Scope_TrialNumber_0_70.00W_1.50Torr_2.33NitrogenFlow_2420.00MHz.csv,750.1642969598696,47.33362349895785,7.501642969598696,47.92438378095669,20230369718.593227,714380992.4351112,2471502133.2872214,2572676232.485514,1.33453623355377,0.0340281483088714,0.179958522707658,0.0054041014739553,3.0,30.98957955095953,1.4656371702063742,LAS_DataFrame_3581b304_Laser_True_20260909_142215_LAS.csv,Data\NafisaData\LAS_1.5Torr_Freq_2420\OscopeData_Laser_True\Plasma_Off_Measuremnt_2.333333333333333.csv,Data\NafisaData\LAS_1.5Torr_Freq_2420\Spectra_True\Spectra_70.00W_1.50Torr_2.33NitrogenFlow_2420.00MHz_True.csv
3581b304,2026-09-09 14:55:48.805384,2026-09-09,1.5,1.505,78.14,1.866,2.333333333333333,75,2420,56.5,92.0,0.1414213562373081,16.966666666666665,0.0471404520791038,75.03333333333333,0.0942809041582009,0.4294413421870873,0.0002668669762732,Data\NafisaData\LAS_1.5Torr_Freq_2420\OscopeData_Laser_True\Scope_TrialNumber_0_75.00W_1.50Torr_2.33NitrogenFlow_2420.00MHz.csv,True,3581b304|Scope_TrialNumber_0_75.00W_1.50Torr_2.33NitrogenFlow_2420.00MHz.csv,808.9151930663793,47.45360519912644,8.089151930663792,48.13812444780043,21107287291.05712,616013776.1220273,2578633326.696388,2651192713.8405843,1.3858099351509618,0.0283006809313978,0.1877591112817734,0.0037946916531397,3.0,34.92394294153794,0.8768861627872365,LAS_DataFrame_3581b304_Laser_True_20260909_142215_LAS.csv,Data\NafisaData\LAS_1.5Torr_Freq_2420\OscopeData_Laser_True\Plasma_Off_Measuremnt_2.333333333333333.csv,Data\NafisaData\LAS_1.5Torr_Freq_2420\Spectra_True\Spectra_75.00W_1.50Torr_2.33NitrogenFlow_2420.00MHz_True.csv
3581b304,2026-09-09 14:56:08.090929,2026-09-09,1.5,1.505,78.12,1.876,2.333333333333333,80,2420,57.4,101.1,0.1414213562373081,21.1,0.0816496580927723,80.0,0.0816496580927679,0.4568405506425542,0.0006276582573662,Data\NafisaData\LAS_1.5Torr_Freq_2420\OscopeData_Laser_True\Scope_TrialNumber_0_80.00W_1.50Torr_2.33NitrogenFlow_2420.00MHz.csv,True,3581b304|Scope_TrialNumber_0_80.00W_1.50Torr_2.33NitrogenFlow_2420.00MHz.csv,829.5811603122162,57.40665908040679,8.295811603122162,58.002974035203984,21204121573.204075,701176890.7732604,2590463369.2626185,2683682078.7205577,1.4034004605065942,0.0357659339761229,0.1886204971390277,0.0044067801494905,3.0,51.81459273326104,0.3966656054862308,LAS_DataFrame_3581b304_Laser_True_20260909_142215_LAS.csv,Data\NafisaData\LAS_1.5Torr_Freq_2420\OscopeData_Laser_True\Plasma_Off_Measuremnt_2.333333333333333.csv,Data\NafisaData\LAS_1.5Torr_Freq_2420\Spectra_True\Spectra_80.00W_1.50Torr_2.33NitrogenFlow_2420.00MHz_True.csv
3581b304,2026-09-09 14:56:50.890397,2026-09-09,1.5,1.505,77.88,2.136,2.6666666666666665,30,2420,51.2,34.96666666666667,0.0471404520791038,4.9,0.0,30.066666666666663,0.0471404520791038,0.3743442955517735,0.0002525175534023,Data\NafisaData\LAS_1.5Torr_Freq_2420\OscopeData_Laser_True\Scope_TrialNumber_0_30.00W_1.50Torr_2.67NitrogenFlow_2420.00MHz.csv,True,3581b304|Scope_TrialNumber_0_30.00W_1.50Torr_2.67NitrogenFlow_2420.00MHz.csv,673.8350566394715,46.44383069839993,6.738350566394716,46.93010524489869,13200896584.104918,440165391.5634836,1612726041.2316396,1671714944.599381,1.264820730684712,0.033668584165147,0.1174280984844643,0.0029537990224742,3.0,14.590461912053373,2.009680856338464,LAS_DataFrame_3581b304_Laser_True_20260909_142215_LAS.csv,Data\NafisaData\LAS_1.5Torr_Freq_2420\OscopeData_Laser_True\Plasma_Off_Measuremnt_2.6666666666666665.csv,Data\NafisaData\LAS_1.5Torr_Freq_2420\Spectra_True\Spectra_30.00W_1.50Torr_2.67NitrogenFlow_2420.00MHz_True.csv
3581b304,2026-09-09 14:57:09.892167,2026-09-09,1.5,1.505,77.85,2.129,2.6666666666666665,35,2420,50.9,40.833333333333336,0.1247219128924639,5.8,0.0,35.03333333333334,0.1247219128924639,0.3768843446524799,0.000575080573809,Data\NafisaData\LAS_1.5Torr_Freq_2420\OscopeData_Laser_True\Scope_TrialNumber_0_35.00W_1.50Torr_2.67NitrogenFlow_2420.00MHz.csv,True,3581b304|Scope_TrialNumber_0_35.00W_1.50Torr_2.67NitrogenFlow_2420.00MHz.csv,689.6862637758109,33.19736980756062,6.896862637758109,33.90622474390272,14470074986.27444,339087460.67717224,1767778923.2163477,1800006285.3658154,1.279610993393147,0.0169867061628841,0.1287180290929482,0.0015560543472093,3.0,11.517987162999969,0.6968515199998888,LAS_DataFrame_3581b304_Laser_True_20260909_142215_LAS.csv,Data\NafisaData\LAS_1.5Torr_Freq_2420\OscopeData_Laser_True\Plasma_Off_Measuremnt_2.6666666666666665.csv,Data\NafisaData\LAS_1.5Torr_Freq_2420\Spectra_True\Spectra_35.00W_1.50Torr_2.67NitrogenFlow_2420.00MHz_True.csv
3581b304,2026-09-09 14:57:29.315645,2026-09-09,1.5,1.505,77.88,2.131,2.6666666666666665,40,2420,51.2,46.7,0.0816496580927708,6.633333333333333,0.0471404520791034,40.06666666666666,0.0471404520791021,0.3768808470338483,0.0010644236988931,Data\NafisaData\LAS_1.5Torr_Freq_2420\OscopeData_Laser_True\Scope_TrialNumber_0_40.00W_1.50Torr_2.67NitrogenFlow_2420.00MHz.csv,True,3581b304|Scope_TrialNumber_0_40.00W_1.50Torr_2.67NitrogenFlow_2420.00MHz.csv,713.4081820820923,40.49576951571989,7.1340818208209225,41.11936857609168,15323724469.939728,416367068.5362108,1872067502.679096,1917810801.4996123,1.3014312095656635,0.0263586669967859,0.1363116372240626,0.0025243822600495,3.0,22.703010925649284,0.5310198452611912,LAS_DataFrame_3581b304_Laser_True_20260909_142215_LAS.csv,Data\NafisaData\LAS_1.5Torr_Freq_2420\OscopeData_Laser_True\Plasma_Off_Measuremnt_2.6666666666666665.csv,Data\NafisaData\LAS_1.5Torr_Freq_2420\Spectra_True\Spectra_40.00W_1.50Torr_2.67NitrogenFlow_2420.00MHz_True.csv
3581b304,2026-09-09 14:57:48.568188,2026-09-09,1.5,1.505,77.87,2.137,2.6666666666666665,45,2420,51.6,52.73333333333333,0.0942809041582043,7.8,0.0,44.93333333333334,0.0942809041582043,0.3845963960467185,0.0003441328244746,Data\NafisaData\LAS_1.5Torr_Freq_2420\OscopeData_Laser_True\Scope_TrialNumber_0_45.00W_1.50Torr_2.67NitrogenFlow_2420.00MHz.csv,True,3581b304|Scope_TrialNumber_0_45.00W_1.50Torr_2.67NitrogenFlow_2420.00MHz.csv,795.4694977817765,53.84112543414386,7.954694977817764,54.4255818545409,17098271047.065405,562820229.5687518,2088860162.0318692,2163354660.552825,1.3742442863760145,0.0274704662128473,0.1520970521689,0.0027954034019961,3.0,30.021541214546765,0.4271611366506481,LAS_DataFrame_3581b304_Laser_True_20260909_142215_LAS.csv,Data\NafisaData\LAS_1.5Torr_Freq_2420\OscopeData_Laser_True\Plasma_Off_Measuremnt_2.6666666666666665.csv,Data\NafisaData\LAS_1.5Torr_Freq_2420\Spectra_True\Spectra_45.00W_1.50Torr_2.67NitrogenFlow_2420.00MHz_True.csv
3581b304,2026-09-09 14:58:07.952505,2026-09-09,1.5,1.505,77.86,2.141,2.6666666666666665,50,2420,52.3,60.20000000000001,0.0816496580927708,10.2,0.0,50.0,0.0816496580927679,0.4116253754484149,0.0002791454704257,Data\NafisaData\LAS_1.5Torr_Freq_2420\OscopeData_Laser_True\Scope_TrialNumber_0_50.00W_1.50Torr_2.67NitrogenFlow_2420.00MHz.csv,True,3581b304|Scope_TrialNumber_0_50.00W_1.50Torr_2.67NitrogenFlow_2420.00MHz.csv,718.2908956603687,59.73438016417708,7.182908956603687,60.16469358915817,15644153192.835297,633434562.5205306,1911213612.3755016,2013448985.4786465,1.3058772477112524,0.0420359997567465,0.1391619993483095,0.0042817349636485,3.0,40.05768476417295,1.1980380351268305,LAS_DataFrame_3581b304_Laser_True_20260909_142215_LAS.csv,Data\NafisaData\LAS_1.5Torr_Freq_2420\OscopeData_Laser_True\Plasma_Off_Measuremnt_2.6666666666666665.csv,Data\NafisaData\LAS_1.5Torr_Freq_2420\Spectra_True\Spectra_50.00W_1.50Torr_2.67NitrogenFlow_2420.00MHz_True.csv
3581b304,2026-09-09 14:58:27.348273,2026-09-09,1.5,1.505,77.88,2.126,2.6666666666666665,55,2420,53.1,67.23333333333333,0.0942809041582076,12.266666666666666,0.0471404520791038,54.96666666666666,0.0471404520791071,0.4271396544523592,0.0005220015991782,Data\NafisaData\LAS_1.5Torr_Freq_2420\OscopeData_Laser_True\Scope_TrialNumber_0_55.00W_1.50Torr_2.67NitrogenFlow_2420.00MHz.csv,True,3581b304|Scope_TrialNumber_0_55.00W_1.50Torr_2.67NitrogenFlow_2420.00MHz.csv,714.9451460026597,57.586165513961134,7.149451460026597,58.02827857847071,15648747728.05804,596240229.2685646,1911774917.1742983,2002594753.0479116,1.302832354582682,0.0419830123622733,0.1392028698703372,0.0041016670226825,3.0,60.19908579711427,0.6161058526259007,LAS_DataFrame_3581b304_Laser_True_20260909_142215_LAS.csv,Data\NafisaData\LAS_1.5Torr_Freq_2420\OscopeData_Laser_True\Plasma_Off_Measuremnt_2.6666666666666665.csv,Data\NafisaData\LAS_1.5Torr_Freq_2420\Spectra_True\Spectra_55.00W_1.50Torr_2.67NitrogenFlow_2420.00MHz_True.csv
3581b304,2026-09-09 14:58:46.711112,2026-09-09,1.5,1.5039999999999998,77.87,2.14,2.6666666666666665,60,2420,53.9,73.63333333333333,0.0471404520791071,13.666666666666666,0.047140452079103,59.96666666666666,0.0471404520791055,0.4308175340625464,0.0006851286551576,Data\NafisaData\LAS_1.5Torr_Freq_2420\OscopeData_Laser_True\Scope_TrialNumber_0_60.00W_1.50Torr_2.67NitrogenFlow_2420.00MHz.csv,True,3581b304|Scope_TrialNumber_0_60.00W_1.50Torr_2.67NitrogenFlow_2420.00MHz.csv,698.0682841046656,54.42325716930299,6.980682841046656,54.86912477744996,15676511765.76667,569889753.427356,1915166791.835021,1998158695.3015368,1.2873633106434046,0.044198527697134,0.139449843864384,0.0043670986221321,3.0,67.74051535001665,0.3239565968803812,LAS_DataFrame_3581b304_Laser_True_20260909_142215_LAS.csv,Data\NafisaData\LAS_1.5Torr_Freq_2420\OscopeData_Laser_True\Plasma_Off_Measuremnt_2.6666666666666665.csv,Data\NafisaData\LAS_1.5Torr_Freq_2420\Spectra_True\Spectra_60.00W_1.50Torr_2.67NitrogenFlow_2420.00MHz_True.csv
3581b304,2026-09-09 14:59:05.940777,2026-09-09,1.5,1.505,77.86,2.132,2.6666666666666665,65,2420,54.7,79.73333333333333,0.3091206165165258,14.699999999999998,1.7763568394002505e-15,65.03333333333333,0.3091206165165258,0.4293793558666714,0.0008339223413158,Data\NafisaData\LAS_1.5Torr_Freq_2420\OscopeData_Laser_True\Scope_TrialNumber_0_65.00W_1.50Torr_2.67NitrogenFlow_2420.00MHz.csv,True,3581b304|Scope_TrialNumber_0_65.00W_1.50Torr_2.67NitrogenFlow_2420.00MHz.csv,809.1043678577206,82.0856329861296,8.091043678577206,82.48342943005105,17972530811.28211,855307343.4401352,2195666656.543084,2356374910.407448,1.385971970047824,0.0618032745951272,0.1598739983058056,0.0065530323558023,3.0,114.59288696362856,0.57762508771227,LAS_DataFrame_3581b304_Laser_True_20260909_142215_LAS.csv,Data\NafisaData\LAS_1.5Torr_Freq_2420\OscopeData_Laser_True\Plasma_Off_Measuremnt_2.6666666666666665.csv,Data\NafisaData\LAS_1.5Torr_Freq_2420\Spectra_True\Spectra_65.00W_1.50Torr_2.67NitrogenFlow_2420.00MHz_True.csv
3581b304,2026-09-09 14:59:25.085197,2026-09-09,1.5,1.505,77.85,2.125,2.6666666666666665,70,2420,55.3,84.73333333333333,0.3091206165165258,14.633333333333333,0.047140452079103,70.10000000000001,0.3559026084010501,0.4155730374650342,0.0014261488297829,Data\NafisaData\LAS_1.5Torr_Freq_2420\OscopeData_Laser_True\Scope_TrialNumber_0_70.00W_1.50Torr_2.67NitrogenFlow_2420.00MHz.csv,True,3581b304|Scope_TrialNumber_0_70.00W_1.50Torr_2.67NitrogenFlow_2420.00MHz.csv,817.3776036842526,61.42153736011689,8.173776036842526,61.963020152189934,19966206896.114174,704400049.8001091,2439229911.455699,2538901729.311037,1.393039853153326,0.0450540788412517,0.1776086718671207,0.0052657153272402,3.0,81.43873591751905,0.3703107991121544,LAS_DataFrame_3581b304_Laser_True_20260909_142215_LAS.csv,Data\NafisaData\LAS_1.5Torr_Freq_2420\OscopeData_Laser_True\Plasma_Off_Measuremnt_2.6666666666666665.csv,Data\NafisaData\LAS_1.5Torr_Freq_2420\Spectra_True\Spectra_70.00W_1.50Torr_2.67NitrogenFlow_2420.00MHz_True.csv
3581b304,2026-09-09 14:59:44.362296,2026-09-09,1.5,1.505,77.86,2.13,2.6666666666666665,75,2420,55.8,89.10000000000001,0.0816496580927737,14.199999999999998,1.7763568394002505e-15,74.89999999999999,0.0816496580927737,0.3992137185516796,0.0001829162899659,Data\NafisaData\LAS_1.5Torr_Freq_2420\OscopeData_Laser_True\Scope_TrialNumber_0_75.00W_1.50Torr_2.67NitrogenFlow_2420.00MHz.csv,True,3581b304|Scope_TrialNumber_0_75.00W_1.50Torr_2.67NitrogenFlow_2420.00MHz.csv,754.9383633207946,65.45744420601108,7.549383633207945,65.8913514448171,18924534054.726334,776228124.3567507,2311970909.989638,2438798800.573904,1.3387760115103464,0.0462596802113705,0.1683425087525358,0.0053151644625664,3.0,93.38194433276912,0.500231114248233,LAS_DataFrame_3581b304_Laser_True_20260909_142215_LAS.csv,Data\NafisaData\LAS_1.5Torr_Freq_2420\OscopeData_Laser_True\Plasma_Off_Measuremnt_2.6666666666666665.csv,Data\NafisaData\LAS_1.5Torr_Freq_2420\Spectra_True\Spectra_75.00W_1.50Torr_2.67NitrogenFlow_2420.00MHz_True.csv
3581b304,2026-09-09 15:00:03.694700,2026-09-09,1.5,1.505,77.87,2.133,2.6666666666666665,80,2420,56.5,97.76666666666668,0.0942809041582076,17.866666666666664,0.1247219128924649,79.9,0.0816496580927679,0.4274873950786071,0.0013442848015863,Data\NafisaData\LAS_1.5Torr_Freq_2420\OscopeData_Laser_True\Scope_TrialNumber_0_80.00W_1.50Torr_2.67NitrogenFlow_2420.00MHz.csv,True,3581b304|Scope_TrialNumber_0_80.00W_1.50Torr_2.67NitrogenFlow_2420.00MHz.csv,820.3348950274864,76.07878327239727,8.203348950274863,76.51977651697874,19859160158.000008,919593513.444301,2426152234.4141645,2594584146.7413764,1.3955576033221826,0.0566301825697438,0.1766564414768874,0.0071554381680642,3.0,92.2838839198038,1.1678929801980609,LAS_DataFrame_3581b304_Laser_True_20260909_142215_LAS.csv,Data\NafisaData\LAS_1.5Torr_Freq_2420\OscopeData_Laser_True\Plasma_Off_Measuremnt_2.6666666666666665.csv,Data\NafisaData\LAS_1.5Torr_Freq_2420\Spectra_True\Spectra_80.00W_1.50Torr_2.67NitrogenFlow_2420.00MHz_True.csv
3581b304,2026-09-09 15:01:48.579264,2026-09-09,1.5,1.5039999999999998,77.59,2.4,3.0,30,2420,49.7,34.96666666666667,0.0471404520791038,4.933333333333334,0.047140452079103,30.03333333333333,0.0471404520791038,0.3756105403290513,0.0016787862780837,Data\NafisaData\LAS_1.5Torr_Freq_2420\OscopeData_Laser_True\Scope_TrialNumber_0_30.00W_1.50Torr_3.00NitrogenFlow_2420.00MHz.csv,True,3581b304|Scope_TrialNumber_0_30.00W_1.50Torr_3.00NitrogenFlow_2420.00MHz.csv,3161.0064874138443,400.4365862082571,31.610064874138445,401.6822821278904,24904351370.93543,1695147118.9666517,3042512736.9190545,3482873455.8200097,2.7394593970769976,0.159776919127323,0.2215357575787115,0.0140509891916224,3.0,11.277437588731262,3.539504381673595,LAS_DataFrame_3581b304_Laser_True_20260909_142215_LAS.csv,Data\NafisaData\LAS_1.5Torr_Freq_2420\OscopeData_Laser_True\Plasma_Off_Measuremnt_3.0.csv,Data\NafisaData\LAS_1.5Torr_Freq_2420\Spectra_True\Spectra_30.00W_1.50Torr_3.00NitrogenFlow_2420.00MHz_True.csv
3581b304,2026-09-09 15:02:07.754154,2026-09-09,1.5,1.5039999999999998,77.59,2.405,3.0,35,2420,49.6,40.8,0.0,5.8,0.0,35.0,0.0,0.3770369514319492,0.0,Data\NafisaData\LAS_1.5Torr_Freq_2420\OscopeData_Laser_True\Scope_TrialNumber_0_35.00W_1.50Torr_3.00NitrogenFlow_2420.00MHz.csv,True,3581b304|Scope_TrialNumber_0_35.00W_1.50Torr_3.00NitrogenFlow_2420.00MHz.csv,774.2544322819493,47.52452367631837,7.742544322819493,48.15108870266351,13698261117.674503,412158548.75130624,1673488030.4012632,1723495534.4314306,1.3557949890209209,0.0206483231637383,0.1218523867181145,0.0017030881590341,3.0,12.403376792637646,0.2681375081656324,LAS_DataFrame_3581b304_Laser_True_20260909_142215_LAS.csv,Data\NafisaData\LAS_1.5Torr_Freq_2420\OscopeData_Laser_True\Plasma_Off_Measuremnt_3.0.csv,Data\NafisaData\LAS_1.5Torr_Freq_2420\Spectra_True\Spectra_35.00W_1.50Torr_3.00NitrogenFlow_2420.00MHz_True.csv
3581b304,2026-09-09 15:02:27.058440,2026-09-09,1.5,1.5039999999999998,77.61,2.391,3.0,40,2420,50.1,46.56666666666667,0.1247219128924664,6.533333333333334,0.047140452079103,40.03333333333333,0.0942809041582076,0.3745644871648637,0.0010236256527019,Data\NafisaData\LAS_1.5Torr_Freq_2420\OscopeData_Laser_True\Scope_TrialNumber_0_40.00W_1.50Torr_3.00NitrogenFlow_2420.00MHz.csv,True,3581b304|Scope_TrialNumber_0_40.00W_1.50Torr_3.00NitrogenFlow_2420.00MHz.csv,782.3782364635094,93.10555922017942,7.823782364635094,93.43370231448344,14262614660.700508,890613902.5606818,1742433927.333391,1956851837.6608975,1.3628892152109815,0.073550268441336,0.1268725732644064,0.0072563769912503,3.0,14.88818034711455,2.977743075881103,LAS_DataFrame_3581b304_Laser_True_20260909_142215_LAS.csv,Data\NafisaData\LAS_1.5Torr_Freq_2420\OscopeData_Laser_True\Plasma_Off_Measuremnt_3.0.csv,Data\NafisaData\LAS_1.5Torr_Freq_2420\Spectra_True\Spectra_40.00W_1.50Torr_3.00NitrogenFlow_2420.00MHz_True.csv
3581b304,2026-09-09 15:02:46.145542,2026-09-09,1.5,1.5039999999999998,77.61,2.406,3.0,45,2420,50.7,52.53333333333333,0.0942809041582076,7.566666666666666,0.047140452079103,44.96666666666667,0.0471404520791038,0.3795176856267719,0.0008433884595065,Data\NafisaData\LAS_1.5Torr_Freq_2420\OscopeData_Laser_True\Scope_TrialNumber_0_45.00W_1.50Torr_3.00NitrogenFlow_2420.00MHz.csv,True,3581b304|Scope_TrialNumber_0_45.00W_1.50Torr_3.00NitrogenFlow_2420.00MHz.csv,746.5714850441489,47.712802450126354,7.465714850441489,48.29335788566463,14560397429.952234,443993971.8535858,1778813428.039471,1833386991.013042,1.3313366061990584,0.0312005187679278,0.1295214891264375,0.0027717709094911,3.0,26.82510233297772,0.1838702963203497,LAS_DataFrame_3581b304_Laser_True_20260909_142215_LAS.csv,Data\NafisaData\LAS_1.5Torr_Freq_2420\OscopeData_Laser_True\Plasma_Off_Measuremnt_3.0.csv,Data\NafisaData\LAS_1.5Torr_Freq_2420\Spectra_True\Spectra_45.00W_1.50Torr_3.00NitrogenFlow_2420.00MHz_True.csv
3581b304,2026-09-09 15:03:05.536670,2026-09-09,1.5,1.5039999999999998,77.61,2.407,3.0,50,2420,51.4,59.0,0.0816496580927737,8.9,0.0,50.1,0.0816496580927737,0.3883911357127516,0.0002687461537333,Data\NafisaData\LAS_1.5Torr_Freq_2420\OscopeData_Laser_True\Scope_TrialNumber_0_50.00W_1.50Torr_3.00NitrogenFlow_2420.00MHz.csv,True,3581b304|Scope_TrialNumber_0_50.00W_1.50Torr_3.00NitrogenFlow_2420.00MHz.csv,688.0051801243842,35.96400048105711,6.880051801243842,36.61617734539305,14551753369.755854,359273787.9397919,1777757401.2088797,1813697613.2347848,1.27805054072053,0.0265637029337688,0.1294445962013563,0.0024507453151344,3.0,19.725362685258148,0.8011436301118807,LAS_DataFrame_3581b304_Laser_True_20260909_142215_LAS.csv,Data\NafisaData\LAS_1.5Torr_Freq_2420\OscopeData_Laser_True\Plasma_Off_Measuremnt_3.0.csv,Data\NafisaData\LAS_1.5Torr_Freq_2420\Spectra_True\Spectra_50.00W_1.50Torr_3.00NitrogenFlow_2420.00MHz_True.csv
3581b304,2026-09-09 15:03:24.877356,2026-09-09,1.5,1.5039999999999998,77.61,2.393,3.0,55,2420,52.4,66.76666666666667,0.0471404520791004,11.6,0.0816496580927723,55.16666666666666,0.1247219128924633,0.4168185188541435,0.0015962568005949,Data\NafisaData\LAS_1.5Torr_Freq_2420\OscopeData_Laser_True\Scope_TrialNumber_0_55.00W_1.50Torr_3.00NitrogenFlow_2420.00MHz.csv,True,3581b304|Scope_TrialNumber_0_55.00W_1.50Torr_3.00NitrogenFlow_2420.00MHz.csv,831.2120814427066,53.20559233044759,8.312120814427066,53.85096477935576,15540157518.246843,470632030.5737227,1898508677.4102364,1955972828.646633,1.4047792958401737,0.0370475548893603,0.138236909583404,0.0033531365843489,3.0,32.793967338024004,0.7435652835940965,LAS_DataFrame_3581b304_Laser_True_20260909_142215_LAS.csv,Data\NafisaData\LAS_1.5Torr_Freq_2420\OscopeData_Laser_True\Plasma_Off_Measuremnt_3.0.csv,Data\NafisaData\LAS_1.5Torr_Freq_2420\Spectra_True\Spectra_55.00W_1.50Torr_3.00NitrogenFlow_2420.00MHz_True.csv
3581b304,2026-09-09 15:03:44.081724,2026-09-09,1.5,1.5039999999999998,77.61,2.396,3.0,60,2420,53.4,73.56666666666666,0.0471404520791004,13.566666666666668,0.047140452079103,60.0,5.801557143511545e-15,0.4294327940641746,0.0006090773810007,Data\NafisaData\LAS_1.5Torr_Freq_2420\OscopeData_Laser_True\Scope_TrialNumber_0_60.00W_1.50Torr_3.00NitrogenFlow_2420.00MHz.csv,True,3581b304|Scope_TrialNumber_0_60.00W_1.50Torr_3.00NitrogenFlow_2420.00MHz.csv,779.9294126035356,49.05599981837682,7.799294126035357,49.67212605722646,15271546387.981596,459302354.5114602,1865693015.0812824,1921397689.0229824,1.3607546394256194,0.0314017353849591,0.1358474889817162,0.0028754846652196,3.0,26.231474105885404,0.5494179171301135,LAS_DataFrame_3581b304_Laser_True_20260909_142215_LAS.csv,Data\NafisaData\LAS_1.5Torr_Freq_2420\OscopeData_Laser_True\Plasma_Off_Measuremnt_3.0.csv,Data\NafisaData\LAS_1.5Torr_Freq_2420\Spectra_True\Spectra_60.00W_1.50Torr_3.00NitrogenFlow_2420.00MHz_True.csv
3581b304,2026-09-09 15:04:03.264745,2026-09-09,1.5,1.5039999999999998,77.6,2.407,3.0,65,2420,54.4,79.63333333333334,0.1885618083164153,14.6,0.0,65.03333333333335,0.1885618083164153,0.4281834649444274,0.0005063075386369,Data\NafisaData\LAS_1.5Torr_Freq_2420\OscopeData_Laser_True\Scope_TrialNumber_0_65.00W_1.50Torr_3.00NitrogenFlow_2420.00MHz.csv,True,3581b304|Scope_TrialNumber_0_65.00W_1.50Torr_3.00NitrogenFlow_2420.00MHz.csv,734.6528469890363,49.81300650506562,7.346528469890363,50.351833110946615,15009133534.1475,481590622.5539045,1833634583.27433,1895823122.7389023,1.320666790841289,0.0354988566965079,0.1335132049240164,0.0032776811530566,3.0,35.54496625710963,0.8196922818258776,LAS_DataFrame_3581b304_Laser_True_20260909_142215_LAS.csv,Data\NafisaData\LAS_1.5Torr_Freq_2420\OscopeData_Laser_True\Plasma_Off_Measuremnt_3.0.csv,Data\NafisaData\LAS_1.5Torr_Freq_2420\Spectra_True\Spectra_65.00W_1.50Torr_3.00NitrogenFlow_2420.00MHz_True.csv
3581b304,2026-09-09 15:04:22.539157,2026-09-09,1.5,1.5039999999999998,77.6,2.409,3.0,70,2420,55.2,85.63333333333333,0.2494438257849329,15.699999999999998,1.7763568394002505e-15,69.93333333333334,0.249443825784933,0.4281833588385406,0.0006241575700705,Data\NafisaData\LAS_1.5Torr_Freq_2420\OscopeData_Laser_True\Scope_TrialNumber_0_70.00W_1.50Torr_3.00NitrogenFlow_2420.00MHz.csv,True,3581b304|Scope_TrialNumber_0_70.00W_1.50Torr_3.00NitrogenFlow_2420.00MHz.csv,793.8968029355607,52.518878067506016,7.938968029355607,53.115532256023705,17077366873.062208,541604779.0764368,2086306342.6325128,2155460482.594633,1.3728851291668418,0.03242984779342,0.15191109984453,0.0032924646294453,3.0,32.50947109708539,0.0512858355772978,LAS_DataFrame_3581b304_Laser_True_20260909_142215_LAS.csv,Data\NafisaData\LAS_1.5Torr_Freq_2420\OscopeData_Laser_True\Plasma_Off_Measuremnt_3.0.csv,Data\NafisaData\LAS_1.5Torr_Freq_2420\Spectra_True\Spectra_70.00W_1.50Torr_3.00NitrogenFlow_2420.00MHz_True.csv
3581b304,2026-09-09 15:04:41.840515,2026-09-09,1.5,1.5039999999999998,77.6,2.403,3.0,75,2420,55.9,90.46666666666664,0.1247219128924639,15.533333333333331,0.047140452079103,74.93333333333334,0.1699673171197563,0.4143699721660267,0.0009036077086781,Data\NafisaData\LAS_1.5Torr_Freq_2420\OscopeData_Laser_True\Scope_TrialNumber_0_75.00W_1.50Torr_3.00NitrogenFlow_2420.00MHz.csv,True,3581b304|Scope_TrialNumber_0_75.00W_1.50Torr_3.00NitrogenFlow_2420.00MHz.csv,780.252818513671,61.68108968801175,7.802528185136709,62.17263281525403,18139958609.911137,766408918.180644,2216120961.98778,2344903995.4822173,1.361036735775903,0.0447608972244952,0.1613633462376816,0.0058276259221974,3.0,31.051461139534126,1.5319727075198886,LAS_DataFrame_3581b304_Laser_True_20260909_142215_LAS.csv,Data\NafisaData\LAS_1.5Torr_Freq_2420\OscopeData_Laser_True\Plasma_Off_Measuremnt_3.0.csv,Data\NafisaData\LAS_1.5Torr_Freq_2420\Spectra_True\Spectra_75.00W_1.50Torr_3.00NitrogenFlow_2420.00MHz_True.csv
3581b304,2026-09-09 15:05:01.076135,2026-09-09,1.5,1.5039999999999998,77.61,2.402,3.0,80,2420,56.5,95.6,0.1414213562373081,15.533333333333331,0.047140452079103,80.06666666666666,0.0942809041582076,0.4030906780537375,0.0003130898190109,Data\NafisaData\LAS_1.5Torr_Freq_2420\OscopeData_Laser_True\Scope_TrialNumber_0_80.00W_1.50Torr_3.00NitrogenFlow_2420.00MHz.csv,True,3581b304|Scope_TrialNumber_0_80.00W_1.50Torr_3.00NitrogenFlow_2420.00MHz.csv,828.8506148505256,57.2631661835956,8.288506148505256,57.85991302744843,18886536233.435493,636545500.9611243,2307328795.3033075,2393523834.105201,1.4027823934028554,0.0268316434455208,0.1680045005064816,0.0029509916757088,3.0,25.92299611078958,0.5710796807421139,LAS_DataFrame_3581b304_Laser_True_20260909_142215_LAS.csv,Data\NafisaData\LAS_1.5Torr_Freq_2420\OscopeData_Laser_True\Plasma_Off_Measuremnt_3.0.csv,Data\NafisaData\LAS_1.5Torr_Freq_2420\Spectra_True\Spectra_80.00W_1.50Torr_3.00NitrogenFlow_2420.00MHz_True.csv
33a310dd,2026-09-22 15:12:57.063318,2026-09-22,0.7,0.708,79.2,0.804,1.0,30,2420,44.9,37.1,0.0816496580927737,7.099999999999999,8.881784197001252e-16,30.0,0.0816496580927737,0.437464693743467,0.0004813876592501,Data\NafisaData\LAS_Nafisa_Requested_Data_0.7Torr\OscopeData_Laser_True\Scope_TrialNumber_0_30.00W_0.70Torr_1.00NitrogenFlow_2420.00MHz.csv,True,33a310dd|Scope_TrialNumber_0_30.00W_0.70Torr_1.00NitrogenFlow_2420.00MHz.csv,910.3734351895032,35.76420677153115,9.103734351895032,36.90469435108098,36543960644.4249,691439488.5376377,4464499559.217197,4517725631.394601,1.47015106403704,0.0191485440024555,0.3250754812164058,0.0038711407190891,3.0,2.6146244967343706,0.3591299656745514,LAS_DataFrame_33a310dd_Laser_True_20260922_151050_LAS.csv,Data\NafisaData\LAS_Nafisa_Requested_Data_0.7Torr\OscopeData_Laser_True\Plasma_Off_Measuremnt_1.0.csv,
33a310dd,2026-09-22 15:13:15.442183,2026-09-22,0.7,0.708,79.19,0.805,1.0,35,2420,45.9,43.46666666666667,0.0471404520791038,8.5,0.0,34.96666666666667,0.0471404520791038,0.4422129801957014,0.000239932400202,Data\NafisaData\LAS_Nafisa_Requested_Data_0.7Torr\OscopeData_Laser_True\Scope_TrialNumber_0_35.00W_0.70Torr_1.00NitrogenFlow_2420.00MHz.csv,True,33a310dd|Scope_TrialNumber_0_35.00W_0.70Torr_1.00NitrogenFlow_2420.00MHz.csv,857.1367927631711,49.05583183608697,8.57136792763171,49.79902594711344,40167314962.61146,1185068447.1030254,4907157209.651688,5048225342.093567,1.4265179578422038,0.0317717425127075,0.3573068986060732,0.0083614079302632,3.0,2.804356007841536,1.748882612114783,LAS_DataFrame_33a310dd_Laser_True_20260922_151050_LAS.csv,Data\NafisaData\LAS_Nafisa_Requested_Data_0.7Torr\OscopeData_Laser_True\Plasma_Off_Measuremnt_1.0.csv,
33a310dd,2026-09-22 15:13:33.814954,2026-09-22,0.7,0.708,79.21,0.8,1.0,40,2420,47.1,50.4,0.1414213562373115,10.4,0.0,40.0,0.1414213562373115,0.4542581015982319,0.0006363738357312,Data\NafisaData\LAS_Nafisa_Requested_Data_0.7Torr\OscopeData_Laser_True\Scope_TrialNumber_0_40.00W_0.70Torr_1.00NitrogenFlow_2420.00MHz.csv,True,33a310dd|Scope_TrialNumber_0_40.00W_0.70Torr_1.00NitrogenFlow_2420.00MHz.csv,927.4244659584458,49.34681034468805,9.274244659584458,50.21074890101165,42266282442.8065,1189810328.3927813,5163583695.037902,5298890939.92426,1.4838549460939157,0.021770929733336,0.3759781879696164,0.0065112763162095,3.0,3.283257374761078,1.1332159766557377,LAS_DataFrame_33a310dd_Laser_True_20260922_151050_LAS.csv,Data\NafisaData\LAS_Nafisa_Requested_Data_0.7Torr\OscopeData_Laser_True\Plasma_Off_Measuremnt_1.0.csv,
33a310dd,2026-09-22 15:13:52.077937,2026-09-22,0.7,0.708,79.21,0.803,1.0,45,2420,48.9,60.833333333333336,0.1247219128924639,15.800000000000002,1.7763568394002505e-15,45.03333333333334,0.1247219128924639,0.5096340311142991,0.0005221265050064,Data\NafisaData\LAS_Nafisa_Requested_Data_0.7Torr\OscopeData_Laser_True\Scope_TrialNumber_0_45.00W_0.70Torr_1.00NitrogenFlow_2420.00MHz.csv,True,33a310dd|Scope_TrialNumber_0_45.00W_0.70Torr_1.00NitrogenFlow_2420.00MHz.csv,928.4250560716235,39.07322975405104,9.284250560716236,40.161107951437536,33192199412.066475,671341253.9130337,4055021870.412047,4110219148.503585,1.4846551893445086,0.020927613244352,0.2952600103063683,0.0037925031579797,3.0,2.465293998889321,0.5670898205335727,LAS_DataFrame_33a310dd_Laser_True_20260922_151050_LAS.csv,Data\NafisaData\LAS_Nafisa_Requested_Data_0.7Torr\OscopeData_Laser_True\Plasma_Off_Measuremnt_1.0.csv,
33a310dd,2026-09-22 15:14:10.282775,2026-09-22,0.7,0.708,79.19,0.803,1.0,50,2420,50.5,67.66666666666667,0.1885618083164086,17.8,0.0816496580927723,49.86666666666667,0.1247219128924633,0.5128868092892197,0.0006610855048712,Data\NafisaData\LAS_Nafisa_Requested_Data_0.7Torr\OscopeData_Laser_True\Scope_TrialNumber_0_50.00W_0.70Torr_1.00NitrogenFlow_2420.00MHz.csv,True,33a310dd|Scope_TrialNumber_0_50.00W_0.70Torr_1.00NitrogenFlow_2420.00MHz.csv,966.8235453246303,41.0947286532712,9.668235453246304,42.2167206195057,33165841021.722683,685438500.6033174,4051801720.7622447,4109370161.287641,1.5150458757535117,0.0185870508227115,0.2950255401976554,0.0033112585441814,3.0,2.108636791350761,0.441506883624047,LAS_DataFrame_33a310dd_Laser_True_20260922_151050_LAS.csv,Data\NafisaData\LAS_Nafisa_Requested_Data_0.7Torr\OscopeData_Laser_True\Plasma_Off_Measuremnt_1.0.csv,
33a310dd,2026-09-22 15:14:28.773692,2026-09-22,0.7,0.708,79.21,0.791,1.0,55,2420,51.3,69.3,0.4320493798938569,14.666666666666666,2.357022603955158,54.63333333333333,2.7824849006278933,0.4587444383732402,0.0375648060633276,Data\NafisaData\LAS_Nafisa_Requested_Data_0.7Torr\OscopeData_Laser_True\Scope_TrialNumber_0_55.00W_0.70Torr_1.00NitrogenFlow_2420.00MHz.csv,True,33a310dd|Scope_TrialNumber_0_55.00W_0.70Torr_1.00NitrogenFlow_2420.00MHz.csv,930.6246682201812,46.98408721140221,9.306246682201811,47.89687545548917,34991446172.57105,955384338.1022624,4274832099.723388,4380290939.460137,1.4864128614445449,0.0207527899780633,0.3112651448397899,0.0054197449933922,3.0,2.4859000009169887,1.0305218474295248,LAS_DataFrame_33a310dd_Laser_True_20260922_151050_LAS.csv,Data\NafisaData\LAS_Nafisa_Requested_Data_0.7Torr\OscopeData_Laser_True\Plasma_Off_Measuremnt_1.0.csv,
33a310dd,2026-09-22 15:14:47.057256,2026-09-22,0.7,0.708,79.19,0.801,1.0,60,2420,52.1,76.23333333333333,0.124721912892469,16.133333333333333,0.0471404520791021,60.1,0.1414213562373132,0.4600337227985305,0.0008292739972203,Data\NafisaData\LAS_Nafisa_Requested_Data_0.7Torr\OscopeData_Laser_True\Scope_TrialNumber_0_60.00W_0.70Torr_1.00NitrogenFlow_2420.00MHz.csv,True,33a310dd|Scope_TrialNumber_0_60.00W_0.70Torr_1.00NitrogenFlow_2420.00MHz.csv,957.9556319716536,36.74631841600781,9.579556319716534,37.974462687617525,36762575805.16582,681252420.2784718,4491207318.079534,4542581648.589977,1.5080817065547951,0.0183326421311217,0.3270201644780407,0.0036315841932336,3.0,2.285119450986372,0.484383860964735,LAS_DataFrame_33a310dd_Laser_True_20260922_151050_LAS.csv,Data\NafisaData\LAS_Nafisa_Requested_Data_0.7Torr\OscopeData_Laser_True\Plasma_Off_Measuremnt_1.0.csv,
33a310dd,2026-09-22 15:15:05.214835,2026-09-22,0.7,0.708,79.21,0.803,1.0,65,2420,53.1,85.33333333333333,0.3091206165165192,20.4,0.2160246899469284,64.93333333333334,0.0942809041582009,0.4889310186278788,0.001710863048269,Data\NafisaData\LAS_Nafisa_Requested_Data_0.7Torr\OscopeData_Laser_True\Scope_TrialNumber_0_65.00W_0.70Torr_1.00NitrogenFlow_2420.00MHz.csv,True,33a310dd|Scope_TrialNumber_0_65.00W_0.70Torr_1.00NitrogenFlow_2420.00MHz.csv,959.8011722945294,40.83324534366909,9.598011722945294,41.94610535353751,36833189982.07581,876795595.0005794,4499834104.999448,4584460435.855958,1.509533697804334,0.0238254668186056,0.3276483103367524,0.0062449585916192,3.0,2.517456157156115,1.1688723687383733,LAS_DataFrame_33a310dd_Laser_True_20260922_151050_LAS.csv,Data\NafisaData\LAS_Nafisa_Requested_Data_0.7Torr\OscopeData_Laser_True\Plasma_Off_Measuremnt_1.0.csv,
33a310dd,2026-09-22 15:15:23.636087,2026-09-22,0.7,0.708,79.21,0.797,1.0,70,2420,54.2,94.86666666666667,0.1247219128924639,25.0,0.1632993161855446,69.86666666666667,0.0471404520791071,0.513346059995394,0.0013466935511271,Data\NafisaData\LAS_Nafisa_Requested_Data_0.7Torr\OscopeData_Laser_True\Scope_TrialNumber_0_70.00W_0.70Torr_1.00NitrogenFlow_2420.00MHz.csv,True,33a310dd|Scope_TrialNumber_0_70.00W_0.70Torr_1.00NitrogenFlow_2420.00MHz.csv,948.6820470512196,38.47306459297369,9.486820470512196,39.62545219697632,36428476617.77832,713485117.4800915,4450391116.2086,4507221106.191043,1.5007643868844731,0.0192839539526475,0.3240481972309555,0.0038005548085269,3.0,2.2699141102795197,0.5632703776708571,LAS_DataFrame_33a310dd_Laser_True_20260922_151050_LAS.csv,Data\NafisaData\LAS_Nafisa_Requested_Data_0.7Torr\OscopeData_Laser_True\Plasma_Off_Measuremnt_1.0.csv,
33a310dd,2026-09-22 15:15:41.885037,2026-09-22,0.7,0.708,79.2,0.807,1.0,75,2420,55.5,105.13333333333333,0.0471404520791071,30.266666666666666,0.0471404520791038,74.86666666666666,0.0471404520791038,0.5365521541607116,0.0003727220626885,Data\NafisaData\LAS_Nafisa_Requested_Data_0.7Torr\OscopeData_Laser_True\Scope_TrialNumber_0_75.00W_0.70Torr_1.00NitrogenFlow_2420.00MHz.csv,True,33a310dd|Scope_TrialNumber_0_75.00W_0.70Torr_1.00NitrogenFlow_2420.00MHz.csv,997.7219291927732,52.00613933532939,9.977219291927732,52.95454119681247,37580820190.08426,994432840.768268,4591170530.369103,4697631692.00483,1.539064898198253,0.0269218396278791,0.3342988278327902,0.0060444793760503,3.0,2.253032967355698,1.4463901661042753,LAS_DataFrame_33a310dd_Laser_True_20260922_151050_LAS.csv,Data\NafisaData\LAS_Nafisa_Requested_Data_0.7Torr\OscopeData_Laser_True\Plasma_Off_Measuremnt_1.0.csv,
33a310dd,2026-09-22 15:16:00.146709,2026-09-22,0.7,0.708,79.2,0.804,1.0,80,2420,56.4,108.9,0.0816496580927737,28.899999999999995,3.552713678800501e-15,80.0,0.0816496580927679,0.5151516237489328,0.0001931219952734,Data\NafisaData\LAS_Nafisa_Requested_Data_0.7Torr\OscopeData_Laser_True\Scope_TrialNumber_0_80.00W_0.70Torr_1.00NitrogenFlow_2420.00MHz.csv,True,33a310dd|Scope_TrialNumber_0_80.00W_0.70Torr_1.00NitrogenFlow_2420.00MHz.csv,988.790893863234,49.34977845848005,9.88790893863234,50.33062067051972,36722141756.71399,959233164.2849032,4486267574.59505,4587670979.301696,1.5321609997471148,0.0248415089210472,0.326660484861321,0.0058659704440961,3.0,2.278000385391268,1.244648630367332,LAS_DataFrame_33a310dd_Laser_True_20260922_151050_LAS.csv,Data\NafisaData\LAS_Nafisa_Requested_Data_0.7Torr\OscopeData_Laser_True\Plasma_Off_Measuremnt_1.0.csv,
33a310dd,2026-09-22 15:16:18.427914,2026-09-22,0.7,0.708,79.2,0.802,1.0,85,2420,57.4,119.9,0.1414213562373081,34.83333333333333,0.0471404520791038,85.06666666666668,0.1247219128924626,0.5389990093521607,0.0003435734312485,Data\NafisaData\LAS_Nafisa_Requested_Data_0.7Torr\OscopeData_Laser_True\Scope_TrialNumber_0_85.00W_0.70Torr_1.00NitrogenFlow_2420.00MHz.csv,True,33a310dd|Scope_TrialNumber_0_85.00W_0.70Torr_1.00NitrogenFlow_2420.00MHz.csv,1043.9824191734172,51.18933964259418,10.439824191734171,52.243070566336186,36359647578.6144,872308316.1848704,4441982415.849092,4526823343.272611,1.5743408591270591,0.0198558334435544,0.3234359310005493,0.0037382670373407,3.0,2.2459018697150523,0.6526224577927509,LAS_DataFrame_33a310dd_Laser_True_20260922_151050_LAS.csv,Data\NafisaData\LAS_Nafisa_Requested_Data_0.7Torr\OscopeData_Laser_True\Plasma_Off_Measuremnt_1.0.csv,
33a310dd,2026-09-22 15:16:36.690559,2026-09-22,0.7,0.708,79.2,0.806,1.0,90,2420,58.7,131.43333333333334,0.1885618083164019,41.43333333333333,0.0471404520791038,90.0,0.1414213562373014,0.5614644499729522,8.327370293360114e-05,Data\NafisaData\LAS_Nafisa_Requested_Data_0.7Torr\OscopeData_Laser_True\Scope_TrialNumber_0_90.00W_0.70Torr_1.00NitrogenFlow_2420.00MHz.csv,True,33a310dd|Scope_TrialNumber_0_90.00W_0.70Torr_1.00NitrogenFlow_2420.00MHz.csv,948.93585292785,48.92833956469621,9.4893585292785,49.84004753062949,34195582957.305145,861515626.9952455,4177603148.3154106,4265510196.960247,1.5009651271373263,0.020163494521464,0.3041855723708306,0.0037323054565537,3.0,2.223223257345865,0.0286538003114863,LAS_DataFrame_33a310dd_Laser_True_20260922_151050_LAS.csv,Data\NafisaData\LAS_Nafisa_Requested_Data_0.7Torr\OscopeData_Laser_True\Plasma_Off_Measuremnt_1.0.csv,
33a310dd,2026-09-22 15:16:54.868067,2026-09-22,0.7,0.708,79.2,0.806,1.0,95,2420,60.1,143.53333333333333,0.1885618083164153,48.56666666666666,0.1247219128924664,94.96666666666668,0.1247219128924626,0.5816910867088168,0.0005224342783363,Data\NafisaData\LAS_Nafisa_Requested_Data_0.7Torr\OscopeData_Laser_True\Scope_TrialNumber_0_95.00W_0.70Torr_1.00NitrogenFlow_2420.00MHz.csv,True,33a310dd|Scope_TrialNumber_0_95.00W_0.70Torr_1.00NitrogenFlow_2420.00MHz.csv,1013.747984878948,46.66413604216915,10.13747984878948,47.75259249765066,34930258471.96934,777202996.9462148,4267356925.780863,4337554568.010882,1.55137638487754,0.0225251634852837,0.3107208518604064,0.004124091682838,3.0,2.522581670529208,0.3888382307639303,LAS_DataFrame_33a310dd_Laser_True_20260922_151050_LAS.csv,Data\NafisaData\LAS_Nafisa_Requested_Data_0.7Torr\OscopeData_Laser_True\Plasma_Off_Measuremnt_1.0.csv,
33a310dd,2026-09-22 15:17:13.079386,2026-09-22,0.7,0.708,79.2,0.805,1.0,100,2420,61.6,153.70000000000002,0.2449489742783155,53.56666666666666,0.1699673171197586,100.13333333333333,0.0942809041582043,0.5903502039393614,0.0005012387209895,Data\NafisaData\LAS_Nafisa_Requested_Data_0.7Torr\OscopeData_Laser_True\Scope_TrialNumber_0_100.00W_0.70Torr_1.00NitrogenFlow_2420.00MHz.csv,True,33a310dd|Scope_TrialNumber_0_100.00W_0.70Torr_1.00NitrogenFlow_2420.00MHz.csv,974.1458253670196,40.09481328327524,9.741458253670196,41.26124163338645,34150655330.88453,678379935.7950673,4172114433.769575,4226906455.76144,1.5207721869045228,0.021336555007647,0.3037859202936872,0.0039365795316343,3.0,2.4542691626346085,0.8218485032346219,LAS_DataFrame_33a310dd_Laser_True_20260922_151050_LAS.csv,Data\NafisaData\LAS_Nafisa_Requested_Data_0.7Torr\OscopeData_Laser_True\Plasma_Off_Measuremnt_1.0.csv,
33a310dd,2026-09-22 15:17:31.568667,2026-09-22,0.7,0.708,79.2,0.802,1.0,105,2420,63.2,166.43333333333334,0.2867441755680944,61.43333333333334,0.3399346342395182,105.0,0.0816496580927737,0.6075467393885016,0.0011706568131684,Data\NafisaData\LAS_Nafisa_Requested_Data_0.7Torr\OscopeData_Laser_True\Scope_TrialNumber_0_105.00W_0.70Torr_1.00NitrogenFlow_2420.00MHz.csv,True,33a310dd|Scope_TrialNumber_0_105.00W_0.70Torr_1.00NitrogenFlow_2420.00MHz.csv,1045.9948229130446,45.72369424361369,10.459948229130443,46.90486896090384,35250990466.56569,811718532.6213927,4306540085.549308,4382370874.83979,1.5758574958376994,0.0244185798213718,0.3135739117271073,0.0053641660778274,3.0,2.3083179939506584,1.1459207251917598,LAS_DataFrame_33a310dd_Laser_True_20260922_151050_LAS.csv,Data\NafisaData\LAS_Nafisa_Requested_Data_0.7Torr\OscopeData_Laser_True\Plasma_Off_Measuremnt_1.0.csv,
33a310dd,2026-09-22 15:17:49.977976,2026-09-22,0.7,0.708,79.2,0.793,1.0,110,2420,65.1,178.76666666666665,0.8178562764256883,68.8,0.7257180352359085,109.96666666666668,0.0942809041582076,0.6203590269663435,0.0018477139098228,Data\NafisaData\LAS_Nafisa_Requested_Data_0.7Torr\OscopeData_Laser_True\Scope_TrialNumber_0_110.00W_0.70Torr_1.00NitrogenFlow_2420.00MHz.csv,True,33a310dd|Scope_TrialNumber_0_110.00W_0.70Torr_1.00NitrogenFlow_2420.00MHz.csv,1014.0694177987632,38.85359901428371,10.140694177987632,40.15514705208064,34385059682.241585,629492407.2112962,4200751125.164212,4247654730.119324,1.5516223157827296,0.0216659104506481,0.3058710557298277,0.0039066224349575,3.0,2.4404989287709147,0.4480126438094935,LAS_DataFrame_33a310dd_Laser_True_20260922_151050_LAS.csv,Data\NafisaData\LAS_Nafisa_Requested_Data_0.7Torr\OscopeData_Laser_True\Plasma_Off_Measuremnt_1.0.csv,
33a310dd,2026-09-22 15:18:42.733288,2026-09-22,0.7,0.7070000000000001,77.61,2.404,3.0,30,2420,51.5,37.66666666666667,0.0471404520791038,7.7,0.0,29.96666666666667,0.0471404520791038,0.4521338508456555,0.0002831145033697,Data\NafisaData\LAS_Nafisa_Requested_Data_0.7Torr\OscopeData_Laser_True\Scope_TrialNumber_0_30.00W_0.70Torr_3.00NitrogenFlow_2420.00MHz.csv,True,33a310dd|Scope_TrialNumber_0_30.00W_0.70Torr_3.00NitrogenFlow_2420.00MHz.csv,1034.2235490183314,39.75913304508511,10.342235490183311,41.08224063304223,23397775410.725166,452227858.08617085,2858457489.713329,2894009201.1131253,1.56696532258018,0.0183546520834704,0.2081340655722066,0.0024740445052866,3.0,1.422580741319862,0.925136542173796,LAS_DataFrame_33a310dd_Laser_True_20260922_151050_LAS.csv,Data\NafisaData\LAS_Nafisa_Requested_Data_0.7Torr\OscopeData_Laser_True\Plasma_Off_Measuremnt_3.0.csv,
33a310dd,2026-09-22 15:19:00.990348,2026-09-22,0.7,0.7070000000000001,77.61,2.402,3.0,35,2420,51.1,43.5,0.0,8.6,0.0,34.9,0.0,0.4446359740566292,5.551115123125783e-17,Data\NafisaData\LAS_Nafisa_Requested_Data_0.7Torr\OscopeData_Laser_True\Scope_TrialNumber_0_35.00W_0.70Torr_3.00NitrogenFlow_2420.00MHz.csv,True,33a310dd|Scope_TrialNumber_0_35.00W_0.70Torr_3.00NitrogenFlow_2420.00MHz.csv,1036.7339594110751,48.14884182330032,10.367339594110751,49.2523369921145,25773586922.12958,604791705.1434604,3148705433.789591,3206262452.6676583,1.5688659473563549,0.0248776928843574,0.2292680110102496,0.0037170212077312,3.0,1.5685023673010854,1.402058005357999,LAS_DataFrame_33a310dd_Laser_True_20260922_151050_LAS.csv,Data\NafisaData\LAS_Nafisa_Requested_Data_0.7Torr\OscopeData_Laser_True\Plasma_Off_Measuremnt_3.0.csv,
33a310dd,2026-09-22 15:19:19.438337,2026-09-22,0.7,0.7070000000000001,77.59,2.399,3.0,40,2420,51.2,49.73333333333334,0.1247219128924633,9.833333333333334,0.047140452079103,39.9,0.0816496580927737,0.4446570099982539,0.000567954884338,Data\NafisaData\LAS_Nafisa_Requested_Data_0.7Torr\OscopeData_Laser_True\Scope_TrialNumber_0_40.00W_0.70Torr_3.00NitrogenFlow_2420.00MHz.csv,True,33a310dd|Scope_TrialNumber_0_40.00W_0.70Torr_3.00NitrogenFlow_2420.00MHz.csv,982.352257681614,42.87621062179616,9.823522576816138,43.98716895984376,26349523382.866333,563806579.5194457,3219066391.653872,3268067669.584719,1.5271644230434125,0.0168557575154967,0.2343912329824317,0.0023835320528911,3.0,1.5853115357006031,0.3016217106294404,LAS_DataFrame_33a310dd_Laser_True_20260922_151050_LAS.csv,Data\NafisaData\LAS_Nafisa_Requested_Data_0.7Torr\OscopeData_Laser_True\Plasma_Off_Measuremnt_3.0.csv,
33a310dd,2026-09-22 15:19:37.688484,2026-09-22,0.7,0.7070000000000001,77.6,2.392,3.0,45,2420,51.4,56.03333333333333,0.1247219128924665,10.966666666666669,0.047140452079103,45.06666666666666,0.1699673171197619,0.4423997525080076,0.001424842552687,Data\NafisaData\LAS_Nafisa_Requested_Data_0.7Torr\OscopeData_Laser_True\Scope_TrialNumber_0_45.00W_0.70Torr_3.00NitrogenFlow_2420.00MHz.csv,True,33a310dd|Scope_TrialNumber_0_45.00W_0.70Torr_3.00NitrogenFlow_2420.00MHz.csv,1003.9481698918988,44.71148524865016,10.039481698918989,45.82475429201111,28630683777.20984,775756641.9271884,3497751005.8954325,3582744823.0004687,1.543859663533776,0.0216160920219789,0.2546832128293438,0.0053077834259096,3.0,1.6434619854387704,1.258107890715275,LAS_DataFrame_33a310dd_Laser_True_20260922_151050_LAS.csv,Data\NafisaData\LAS_Nafisa_Requested_Data_0.7Torr\OscopeData_Laser_True\Plasma_Off_Measuremnt_3.0.csv,
33a310dd,2026-09-22 15:19:56.108366,2026-09-22,0.7,0.7070000000000001,77.62,2.399,3.0,50,2420,51.8,62.333333333333336,0.1247219128924639,12.366666666666667,0.047140452079103,49.96666666666667,0.1699673171197596,0.4454170072646118,0.0012780505508673,Data\NafisaData\LAS_Nafisa_Requested_Data_0.7Torr\OscopeData_Laser_True\Scope_TrialNumber_0_50.00W_0.70Torr_3.00NitrogenFlow_2420.00MHz.csv,True,33a310dd|Scope_TrialNumber_0_50.00W_0.70Torr_3.00NitrogenFlow_2420.00MHz.csv,1063.4291872519889,46.34438756666475,10.634291872519888,47.5488214634093,31336254826.296024,696070112.2860756,3828284985.8765774,3891051211.987061,1.5889362103514642,0.0175979887025407,0.2787505223173493,0.0033131490541052,3.0,1.7498418874587451,0.9398839563249848,LAS_DataFrame_33a310dd_Laser_True_20260922_151050_LAS.csv,Data\NafisaData\LAS_Nafisa_Requested_Data_0.7Torr\OscopeData_Laser_True\Plasma_Off_Measuremnt_3.0.csv,
33a310dd,2026-09-22 15:20:14.591137,2026-09-22,0.7,0.7070000000000001,77.59,2.401,3.0,55,2420,52.2,68.83333333333333,0.1247219128924639,13.966666666666669,0.047140452079103,54.86666666666667,0.1699673171197595,0.4504509695085936,0.0011532936087322,Data\NafisaData\LAS_Nafisa_Requested_Data_0.7Torr\OscopeData_Laser_True\Scope_TrialNumber_0_55.00W_0.70Torr_3.00NitrogenFlow_2420.00MHz.csv,True,33a310dd|Scope_TrialNumber_0_55.00W_0.70Torr_3.00NitrogenFlow_2420.00MHz.csv,998.5210784613424,43.89668574747266,9.985210784613423,45.01803476414236,30402084632.06598,655570708.8277797,3714159358.910357,3771571648.2196574,1.5396811502632275,0.0189192026870963,0.2704406451154188,0.0031166300082637,3.0,1.8537978928011505,0.7996249841677252,LAS_DataFrame_33a310dd_Laser_True_20260922_151050_LAS.csv,Data\NafisaData\LAS_Nafisa_Requested_Data_0.7Torr\OscopeData_Laser_True\Plasma_Off_Measuremnt_3.0.csv,
33a310dd,2026-09-22 15:20:32.947591,2026-09-22,0.7,0.7070000000000001,77.61,2.4,3.0,60,2420,52.8,76.89999999999999,0.1414213562373081,16.966666666666665,0.0471404520791038,59.93333333333334,0.0942809041582043,0.4697152606123023,0.0002209472334579,Data\NafisaData\LAS_Nafisa_Requested_Data_0.7Torr\OscopeData_Laser_True\Scope_TrialNumber_0_60.00W_0.70Torr_3.00NitrogenFlow_2420.00MHz.csv,True,33a310dd|Scope_TrialNumber_0_60.00W_0.70Torr_3.00NitrogenFlow_2420.00MHz.csv,985.9678234496924,42.6218402528461,9.859678234496924,43.74739445300651,30986335159.527752,718201619.2560244,3785536028.990135,3853063273.900959,1.529972220420019,0.0212762096021888,0.2756378245676835,0.0044737498194663,3.0,1.9440925624065493,1.1375495792113854,LAS_DataFrame_33a310dd_Laser_True_20260922_151050_LAS.csv,Data\NafisaData\LAS_Nafisa_Requested_Data_0.7Torr\OscopeData_Laser_True\Plasma_Off_Measuremnt_3.0.csv,
33a310dd,2026-09-22 15:20:51.250163,2026-09-22,0.7,0.7070000000000001,77.61,2.398,3.0,65,2420,54.2,88.86666666666667,0.1885618083164153,23.8,0.0816496580927723,65.06666666666666,0.2054804667656324,0.5175104562055601,0.0010438164902816,Data\NafisaData\LAS_Nafisa_Requested_Data_0.7Torr\OscopeData_Laser_True\Scope_TrialNumber_0_65.00W_0.70Torr_3.00NitrogenFlow_2420.00MHz.csv,True,33a310dd|Scope_TrialNumber_0_65.00W_0.70Torr_3.00NitrogenFlow_2420.00MHz.csv,1048.2826024392218,53.84091189008657,10.48282602439222,54.85192279778112,27179581418.288475,755947331.5020502,3320472853.020347,3405436291.527145,1.5775798969793329,0.0328305555114568,0.2417749842382924,0.0056554788084706,3.0,1.611078032345373,1.7454633080173552,LAS_DataFrame_33a310dd_Laser_True_20260922_151050_LAS.csv,Data\NafisaData\LAS_Nafisa_Requested_Data_0.7Torr\OscopeData_Laser_True\Plasma_Off_Measuremnt_3.0.csv,
33a310dd,2026-09-22 15:21:09.699571,2026-09-22,0.7,0.7070000000000001,77.6,2.407,3.0,70,2420,55.3,96.03333333333336,0.0942809041582009,26.066666666666663,0.0471404520791038,69.96666666666667,0.1247219128924576,0.5209929220804339,0.0006388214086296,Data\NafisaData\LAS_Nafisa_Requested_Data_0.7Torr\OscopeData_Laser_True\Scope_TrialNumber_0_70.00W_0.70Torr_3.00NitrogenFlow_2420.00MHz.csv,True,33a310dd|Scope_TrialNumber_0_70.00W_0.70Torr_3.00NitrogenFlow_2420.00MHz.csv,1035.149408016493,41.28372395207598,10.35149408016493,42.5617115849786,27004291693.74332,522054193.5407559,3299058072.4610715,3340108493.2175555,1.56766655607851,0.0197314185470196,0.2402157008285588,0.0027860343301686,3.0,1.7264137420917625,0.3123553262004336,LAS_DataFrame_33a310dd_Laser_True_20260922_151050_LAS.csv,Data\NafisaData\LAS_Nafisa_Requested_Data_0.7Torr\OscopeData_Laser_True\Plasma_Off_Measuremnt_3.0.csv,
33a310dd,2026-09-22 15:21:28.019673,2026-09-22,0.7,0.7070000000000001,77.59,2.402,3.0,75,2420,56.2,102.5,0.1632993161855475,27.53333333333333,0.0471404520791038,74.96666666666667,0.1247219128924639,0.5182835939635858,0.0002237751891394,Data\NafisaData\LAS_Nafisa_Requested_Data_0.7Torr\OscopeData_Laser_True\Scope_TrialNumber_0_75.00W_0.70Torr_3.00NitrogenFlow_2420.00MHz.csv,True,33a310dd|Scope_TrialNumber_0_75.00W_0.70Torr_3.00NitrogenFlow_2420.00MHz.csv,1035.3913111107042,42.92284167424039,10.353913111107042,44.15397891588324,28636489895.79129,571378146.4602916,3498460327.309711,3544812780.389448,1.567849718641889,0.0225801249723944,0.2547348609473525,0.0033783623991026,3.0,2.080190900059387,0.3209680968891848,LAS_DataFrame_33a310dd_Laser_True_20260922_151050_LAS.csv,Data\NafisaData\LAS_Nafisa_Requested_Data_0.7Torr\OscopeData_Laser_True\Plasma_Off_Measuremnt_3.0.csv,
33a310dd,2026-09-22 15:21:46.389582,2026-09-22,0.7,0.7070000000000001,77.6,2.401,3.0,80,2420,56.4,100.93333333333334,0.5557777333511014,20.433333333333334,0.2624669291337274,80.50000000000001,0.2943920288775958,0.4499255705288225,0.0016479390599473,Data\NafisaData\LAS_Nafisa_Requested_Data_0.7Torr\OscopeData_Laser_True\Scope_TrialNumber_0_80.00W_0.70Torr_3.00NitrogenFlow_2420.00MHz.csv,True,33a310dd|Scope_TrialNumber_0_80.00W_0.70Torr_3.00NitrogenFlow_2420.00MHz.csv,1030.4707529685377,47.17286825490968,10.304707529685375,48.28526169202586,31412724888.165096,703511932.555371,3837627174.065472,3901578061.038064,1.5641197842566494,0.0190160410888016,0.2794307589890832,0.003130037625848,3.0,1.9285513309902709,0.6401950258115007,LAS_DataFrame_33a310dd_Laser_True_20260922_151050_LAS.csv,Data\NafisaData\LAS_Nafisa_Requested_Data_0.7Torr\OscopeData_Laser_True\Plasma_Off_Measuremnt_3.0.csv,
33a310dd,2026-09-22 15:22:04.831458,2026-09-22,0.7,0.7070000000000001,77.61,2.404,3.0,85,2420,56.9,109.16666666666669,0.1885618083164086,24.3,0.0,84.86666666666667,0.1885618083164086,0.47180071899351,0.0004078407923428,Data\NafisaData\LAS_Nafisa_Requested_Data_0.7Torr\OscopeData_Laser_True\Scope_TrialNumber_0_85.00W_0.70Torr_3.00NitrogenFlow_2420.00MHz.csv,True,33a310dd|Scope_TrialNumber_0_85.00W_0.70Torr_3.00NitrogenFlow_2420.00MHz.csv,1062.2867982581552,43.8997811489598,10.622867982581552,45.16675889525308,31642054193.781605,634964863.1772994,3865643857.692146,3917445955.208927,1.588082523518047,0.0202990480828206,0.2814707495392505,0.003319894393854,3.0,2.004896071210992,0.6027969949187179,LAS_DataFrame_33a310dd_Laser_True_20260922_151050_LAS.csv,Data\NafisaData\LAS_Nafisa_Requested_Data_0.7Torr\OscopeData_Laser_True\Plasma_Off_Measuremnt_3.0.csv,
33a310dd,2026-09-22 15:22:23.210683,2026-09-22,0.7,0.706,77.58,2.387,3.0,90,2420,57.6,118.36666666666667,0.2494438257849329,28.46666666666667,0.0471404520791038,89.90000000000002,0.2449489742783212,0.4904041105803167,0.0005942328465643,Data\NafisaData\LAS_Nafisa_Requested_Data_0.7Torr\OscopeData_Laser_True\Scope_TrialNumber_0_90.00W_0.70Torr_3.00NitrogenFlow_2420.00MHz.csv,True,33a310dd|Scope_TrialNumber_0_90.00W_0.70Torr_3.00NitrogenFlow_2420.00MHz.csv,1071.377101919226,73.4859035861931,10.71377101919226,74.26279630697293,31516953358.21435,1148710011.2916534,3850360549.167324,4018060607.88358,1.5948628959315407,0.0448870173862274,0.2803579195775971,0.0086156403927036,3.0,2.202064972717316,1.988507279328553,LAS_DataFrame_33a310dd_Laser_True_20260922_151050_LAS.csv,Data\NafisaData\LAS_Nafisa_Requested_Data_0.7Torr\OscopeData_Laser_True\Plasma_Off_Measuremnt_3.0.csv,
33a310dd,2026-09-22 15:22:41.611283,2026-09-22,0.7,0.7070000000000001,77.62,2.402,3.0,95,2420,58.6,128.63333333333333,0.0471404520791004,33.56666666666667,0.0471404520791038,95.06666666666666,0.0471404520791004,0.5108309859505556,0.0003223855987623,Data\NafisaData\LAS_Nafisa_Requested_Data_0.7Torr\OscopeData_Laser_True\Scope_TrialNumber_0_95.00W_0.70Torr_3.00NitrogenFlow_2420.00MHz.csv,True,33a310dd|Scope_TrialNumber_0_95.00W_0.70Torr_3.00NitrogenFlow_2420.00MHz.csv,1089.9624048582032,52.622649225967415,10.899624048582032,53.73960379421899,32398914072.615208,788501036.063988,3958107852.7232175,4035883008.421229,1.6086365553255524,0.0224451233832738,0.2882033692385539,0.0041190132273225,3.0,2.1934811740507163,1.0291444060914274,LAS_DataFrame_33a310dd_Laser_True_20260922_151050_LAS.csv,Data\NafisaData\LAS_Nafisa_Requested_Data_0.7Torr\OscopeData_Laser_True\Plasma_Off_Measuremnt_3.0.csv,
33a310dd,2026-09-22 15:22:59.915966,2026-09-22,0.7,0.7070000000000001,77.62,2.401,3.0,100,2420,59.8,139.43333333333337,0.1247219128924576,39.33333333333333,0.0471404520791038,100.1,0.1414213562373048,0.531125491059189,0.0004314206125623,Data\NafisaData\LAS_Nafisa_Requested_Data_0.7Torr\OscopeData_Laser_True\Scope_TrialNumber_0_100.00W_0.70Torr_3.00NitrogenFlow_2420.00MHz.csv,True,33a310dd|Scope_TrialNumber_0_100.00W_0.70Torr_3.00NitrogenFlow_2420.00MHz.csv,1042.2822312661183,57.86282590932218,10.422822312661182,58.79406302658317,31970398434.05764,940233350.30856,3905756989.660711,4017334491.3407393,1.5730583825684128,0.0341242690223115,0.284391523862289,0.006759966417255,3.0,2.0381807396817084,1.6154922452824791,LAS_DataFrame_33a310dd_Laser_True_20260922_151050_LAS.csv,Data\NafisaData\LAS_Nafisa_Requested_Data_0.7Torr\OscopeData_Laser_True\Plasma_Off_Measuremnt_3.0.csv,
33a310dd,2026-09-22 15:23:18.272744,2026-09-22,0.7,0.7070000000000001,77.6,2.395,3.0,105,2420,61.2,150.46666666666667,0.1699673171197498,45.5,0.0,104.96666666666664,0.1699673171197498,0.5499025784054309,0.0003104466022062,Data\NafisaData\LAS_Nafisa_Requested_Data_0.7Torr\OscopeData_Laser_True\Scope_TrialNumber_0_105.00W_0.70Torr_3.00NitrogenFlow_2420.00MHz.csv,True,33a310dd|Scope_TrialNumber_0_105.00W_0.70Torr_3.00NitrogenFlow_2420.00MHz.csv,1136.0385606108214,62.5037372733666,11.360385606108212,63.52775404701088,33862309910.53857,1026483963.799355,4136887874.3234735,4262336285.731315,1.6422856979551828,0.0319555389962814,0.3012209540277822,0.0070045710277886,3.0,2.3518979018350645,1.3868679668660815,LAS_DataFrame_33a310dd_Laser_True_20260922_151050_LAS.csv,Data\NafisaData\LAS_Nafisa_Requested_Data_0.7Torr\OscopeData_Laser_True\Plasma_Off_Measuremnt_3.0.csv,
33a310dd,2026-09-22 15:23:36.573330,2026-09-22,0.7,0.7070000000000001,77.6,2.405,3.0,110,2420,62.6,160.83333333333334,0.2054804667656316,50.76666666666667,0.1247219128924633,110.06666666666666,0.0942809041581976,0.5618247997869789,0.0003644751071813,Data\NafisaData\LAS_Nafisa_Requested_Data_0.7Torr\OscopeData_Laser_True\Scope_TrialNumber_0_110.00W_0.70Torr_3.00NitrogenFlow_2420.00MHz.csv,True,33a310dd|Scope_TrialNumber_0_110.00W_0.70Torr_3.00NitrogenFlow_2420.00MHz.csv,1117.816883837471,49.37029584157491,11.178168838374711,50.61993253713244,33968149597.1926,725374248.750279,4149818088.402135,4212737585.891101,1.629061600705635,0.0240342335670017,0.3021624471353745,0.0041210049889144,3.0,2.4516809547485883,0.0577863952007149,LAS_DataFrame_33a310dd_Laser_True_20260922_151050_LAS.csv,Data\NafisaData\LAS_Nafisa_Requested_Data_0.7Torr\OscopeData_Laser_True\Plasma_Off_Measuremnt_3.0.csv,
33a310dd,2026-09-22 15:24:19.474304,2026-09-22,0.7,0.705,76.0,3.997,5.0,30,2420,52.3,38.46666666666667,0.1247219128924665,8.433333333333332,0.047140452079103,30.03333333333333,0.0942809041582076,0.4682263943151044,0.0008854175894009,Data\NafisaData\LAS_Nafisa_Requested_Data_0.7Torr\OscopeData_Laser_True\Scope_TrialNumber_0_30.00W_0.70Torr_5.00NitrogenFlow_2420.00MHz.csv,True,33a310dd|Scope_TrialNumber_0_30.00W_0.70Torr_5.00NitrogenFlow_2420.00MHz.csv,1018.2813430476884,41.62913127559348,10.182813430476884,42.85643779084416,15907895419.90948,368300505.2635496,1943434450.942416,1978024956.1841316,1.5548412991481684,0.0160426670303631,0.141508108797623,0.0021209553587538,3.0,1.1991297446904023,1.0160449649104246,LAS_DataFrame_33a310dd_Laser_True_20260922_151050_LAS.csv,Data\NafisaData\LAS_Nafisa_Requested_Data_0.7Torr\OscopeData_Laser_True\Plasma_Off_Measuremnt_5.0.csv,
33a310dd,2026-09-22 15:24:37.772533,2026-09-22,0.7,0.705,76.0,3.998,5.0,35,2420,51.8,44.29999999999999,7.105427357601002e-15,9.2,0.0,35.099999999999994,0.0,0.4557136640112861,0.0,Data\NafisaData\LAS_Nafisa_Requested_Data_0.7Torr\OscopeData_Laser_True\Scope_TrialNumber_0_35.00W_0.70Torr_5.00NitrogenFlow_2420.00MHz.csv,True,33a310dd|Scope_TrialNumber_0_35.00W_0.70Torr_5.00NitrogenFlow_2420.00MHz.csv,1059.1243716070285,53.899960986611056,10.591243716070284,54.93068575770188,18308097190.591248,479669659.3795467,2236662102.19526,2287518380.5875325,1.5857169016136146,0.0222561216559293,0.1628590169056055,0.0025016199291476,3.0,1.2348234492565,1.4137480133338929,LAS_DataFrame_33a310dd_Laser_True_20260922_151050_LAS.csv,Data\NafisaData\LAS_Nafisa_Requested_Data_0.7Torr\OscopeData_Laser_True\Plasma_Off_Measuremnt_5.0.csv,
33a310dd,2026-09-22 15:24:56.226511,2026-09-22,0.7,0.705,76.0,3.999,5.0,40,2420,51.8,50.06666666666666,0.0471404520791038,9.966666666666669,0.047140452079103,40.1,0.0,0.4461686708144268,0.0008462382348241,Data\NafisaData\LAS_Nafisa_Requested_Data_0.7Torr\OscopeData_Laser_True\Scope_TrialNumber_0_40.00W_0.70Torr_5.00NitrogenFlow_2420.00MHz.csv,True,33a310dd|Scope_TrialNumber_0_40.00W_0.70Torr_5.00NitrogenFlow_2420.00MHz.csv,1021.3497746327288,60.86406893227804,10.213497746327286,61.71507452160554,19567541480.377083,591723021.5182207,2390525787.943982,2462671248.262717,1.5571821725625177,0.0347104795092732,0.1740623580691705,0.003982694789973,3.0,1.2786248152289943,2.119337403551593,LAS_DataFrame_33a310dd_Laser_True_20260922_151050_LAS.csv,Data\NafisaData\LAS_Nafisa_Requested_Data_0.7Torr\OscopeData_Laser_True\Plasma_Off_Measuremnt_5.0.csv,
33a310dd,2026-09-22 15:25:14.666974,2026-09-22,0.7,0.705,76.0,4.003,5.0,45,2420,52.1,56.1,0.0816496580927737,11.1,0.0,45.0,0.0816496580927737,0.4448160034341575,0.0003236998991875,Data\NafisaData\LAS_Nafisa_Requested_Data_0.7Torr\OscopeData_Laser_True\Scope_TrialNumber_0_45.00W_0.70Torr_5.00NitrogenFlow_2420.00MHz.csv,True,33a310dd|Scope_TrialNumber_0_45.00W_0.70Torr_5.00NitrogenFlow_2420.00MHz.csv,978.760245981095,34.69181035101413,9.78760245981095,36.0460659065872,19966049524.538197,347954761.71115047,2439210685.6980305,2463903668.048108,1.5243697960670617,0.0159227618615193,0.177607271973954,0.0017648362178175,3.0,1.3226999263072106,0.950427702600755,LAS_DataFrame_33a310dd_Laser_True_20260922_151050_LAS.csv,Data\NafisaData\LAS_Nafisa_Requested_Data_0.7Torr\OscopeData_Laser_True\Plasma_Off_Measuremnt_5.0.csv,
33a310dd,2026-09-22 15:25:33.067944,2026-09-22,0.7,0.705,76.0,3.998,5.0,50,2420,52.4,62.16666666666666,0.1699673171197586,12.133333333333333,0.047140452079103,50.03333333333333,0.1247219128924664,0.4417845808308045,0.0003077822983889,Data\NafisaData\LAS_Nafisa_Requested_Data_0.7Torr\OscopeData_Laser_True\Scope_TrialNumber_0_50.00W_0.70Torr_5.00NitrogenFlow_2420.00MHz.csv,True,33a310dd|Scope_TrialNumber_0_50.00W_0.70Torr_5.00NitrogenFlow_2420.00MHz.csv,1013.5618538134936,39.99796858296461,10.135618538134937,41.26218915562296,21131907500.91472,406945895.3961445,2581641126.4564247,2613517910.32527,1.5512339566806357,0.0170884869718958,0.187978119468789,0.0019066007709648,3.0,1.3402694192720348,0.583098309545063,LAS_DataFrame_33a310dd_Laser_True_20260922_151050_LAS.csv,Data\NafisaData\LAS_Nafisa_Requested_Data_0.7Torr\OscopeData_Laser_True\Plasma_Off_Measuremnt_5.0.csv,
33a310dd,2026-09-22 15:25:51.157658,2026-09-22,0.7,0.705,76.0,4.001,5.0,55,2420,52.8,67.9,0.1632993161855417,12.833333333333334,0.047140452079103,55.06666666666667,0.1247219128924614,0.4347446349195389,0.0004329510694443,Data\NafisaData\LAS_Nafisa_Requested_Data_0.7Torr\OscopeData_Laser_True\Scope_TrialNumber_0_55.00W_0.70Torr_5.00NitrogenFlow_2420.00MHz.csv,True,33a310dd|Scope_TrialNumber_0_55.00W_0.70Torr_5.00NitrogenFlow_2420.00MHz.csv,986.158082208331,46.24675258152578,9.86158082208331,47.28649807976208,22262870234.862183,510276514.1187871,2719808488.126069,2767262245.061685,1.5301198299906138,0.0257243821436014,0.1980385575957078,0.0031821272835929,3.0,1.3712701562382736,1.6447215725566136,LAS_DataFrame_33a310dd_Laser_True_20260922_151050_LAS.csv,Data\NafisaData\LAS_Nafisa_Requested_Data_0.7Torr\OscopeData_Laser_True\Plasma_Off_Measuremnt_5.0.csv,
33a310dd,2026-09-22 15:26:09.565575,2026-09-22,0.7,0.705,76.0,3.999,5.0,60,2420,53.2,73.83333333333333,0.0942809041582076,13.800000000000002,1.7763568394002505e-15,60.03333333333334,0.0942809041582076,0.4323282062950335,0.0002762162608748,Data\NafisaData\LAS_Nafisa_Requested_Data_0.7Torr\OscopeData_Laser_True\Scope_TrialNumber_0_60.00W_0.70Torr_5.00NitrogenFlow_2420.00MHz.csv,True,33a310dd|Scope_TrialNumber_0_60.00W_0.70Torr_5.00NitrogenFlow_2420.00MHz.csv,1061.18783430604,39.06900307907473,10.6118783430604,40.48455215956656,24341703909.02774,441645761.6580982,2973775268.363775,3006391578.873684,1.587260854144703,0.0160230375284632,0.21653074741535,0.002079532055088,3.0,1.3199824050698743,0.7224143011461249,LAS_DataFrame_33a310dd_Laser_True_20260922_151050_LAS.csv,Data\NafisaData\LAS_Nafisa_Requested_Data_0.7Torr\OscopeData_Laser_True\Plasma_Off_Measuremnt_5.0.csv,
33a310dd,2026-09-22 15:26:27.996868,2026-09-22,0.7,0.705,75.99,3.997,5.0,65,2420,53.7,80.0,0.2160246899469273,15.1,0.0,64.89999999999999,0.2160246899469273,0.4344548663022848,0.0005858766476185,Data\NafisaData\LAS_Nafisa_Requested_Data_0.7Torr\OscopeData_Laser_True\Scope_TrialNumber_0_65.00W_0.70Torr_5.00NitrogenFlow_2420.00MHz.csv,True,33a310dd|Scope_TrialNumber_0_65.00W_0.70Torr_5.00NitrogenFlow_2420.00MHz.csv,994.8865828976192,48.90477031191594,9.948865828976192,49.90647744075136,24108796351.923084,601719652.5990993,2945321437.205473,3006157831.6492453,1.5368764694821606,0.020683357458322,0.2144589266583877,0.0030326428517463,3.0,1.3758041194873083,1.3395428478443203,LAS_DataFrame_33a310dd_Laser_True_20260922_151050_LAS.csv,Data\NafisaData\LAS_Nafisa_Requested_Data_0.7Torr\OscopeData_Laser_True\Plasma_Off_Measuremnt_5.0.csv,
33a310dd,2026-09-22 15:26:46.488745,2026-09-22,0.7,0.705,76.0,4.003,5.0,70,2420,54.3,87.36666666666667,0.1699673171197563,17.533333333333335,0.0942809041582076,69.83333333333333,0.1699673171197628,0.447979448170121,0.0011635037125655,Data\NafisaData\LAS_Nafisa_Requested_Data_0.7Torr\OscopeData_Laser_True\Scope_TrialNumber_0_70.00W_0.70Torr_5.00NitrogenFlow_2420.00MHz.csv,True,33a310dd|Scope_TrialNumber_0_70.00W_0.70Torr_5.00NitrogenFlow_2420.00MHz.csv,1097.4084373196315,46.73174794944263,10.974084373196318,48.00298734704192,25366043570.486862,531169276.8607506,3098916711.338993,3144109664.833092,1.6141218696818798,0.0175895990795026,0.2256427238542989,0.0022999923021637,3.0,1.475323866734508,0.4030968099531655,LAS_DataFrame_33a310dd_Laser_True_20260922_151050_LAS.csv,Data\NafisaData\LAS_Nafisa_Requested_Data_0.7Torr\OscopeData_Laser_True\Plasma_Off_Measuremnt_5.0.csv,
33a310dd,2026-09-22 15:27:04.766042,2026-09-22,0.7,0.705,76.01,4.005,5.0,75,2420,55.4,98.56666666666666,0.1699673171197563,23.53333333333333,0.2054804667656325,75.03333333333335,0.0471404520791071,0.4886202116141693,0.0017178236916626,Data\NafisaData\LAS_Nafisa_Requested_Data_0.7Torr\OscopeData_Laser_True\Scope_TrialNumber_0_75.00W_0.70Torr_5.00NitrogenFlow_2420.00MHz.csv,True,33a310dd|Scope_TrialNumber_0_75.00W_0.70Torr_5.00NitrogenFlow_2420.00MHz.csv,1059.181442296262,48.70217043907832,10.59181442296262,49.84062537977943,23962429597.381985,605051102.2531085,2927440115.6516614,2989313042.667883,1.5857596240453922,0.0199806076323111,0.2131569264830512,0.0034879702832507,3.0,1.3805094102931048,1.178790224184349,LAS_DataFrame_33a310dd_Laser_True_20260922_151050_LAS.csv,Data\NafisaData\LAS_Nafisa_Requested_Data_0.7Torr\OscopeData_Laser_True\Plasma_Off_Measuremnt_5.0.csv,
33a310dd,2026-09-22 15:27:23.191925,2026-09-22,0.7,0.705,76.01,3.998,5.0,80,2420,56.7,108.4,0.1414213562373081,28.6,0.1414213562373098,79.8,0.1414213562373115,0.5136496215415164,0.0011415240236845,Data\NafisaData\LAS_Nafisa_Requested_Data_0.7Torr\OscopeData_Laser_True\Scope_TrialNumber_0_80.00W_0.70Torr_5.00NitrogenFlow_2420.00MHz.csv,True,33a310dd|Scope_TrialNumber_0_80.00W_0.70Torr_5.00NitrogenFlow_2420.00MHz.csv,1061.0656513015338,46.65336069012988,10.610656513015336,47.84477082524851,22797156393.65201,559917834.1316624,2785081115.349549,2840807068.432381,1.5871694745243834,0.0242189691169072,0.2027912808121599,0.0038088862634903,3.0,1.521855178330144,1.208051189791712,LAS_DataFrame_33a310dd_Laser_True_20260922_151050_LAS.csv,Data\NafisaData\LAS_Nafisa_Requested_Data_0.7Torr\OscopeData_Laser_True\Plasma_Off_Measuremnt_5.0.csv,
33a310dd,2026-09-22 15:27:41.549981,2026-09-22,0.7,0.705,75.99,3.991,5.0,85,2420,57.9,116.43333333333334,0.2054804667656324,31.46666666666667,0.1247219128924649,84.96666666666667,0.188561808316412,0.5198595536600298,0.0009294449429141,Data\NafisaData\LAS_Nafisa_Requested_Data_0.7Torr\OscopeData_Laser_True\Scope_TrialNumber_0_85.00W_0.70Torr_5.00NitrogenFlow_2420.00MHz.csv,True,33a310dd|Scope_TrialNumber_0_85.00W_0.70Torr_5.00NitrogenFlow_2420.00MHz.csv,1059.5575423804346,41.50962793514104,10.595575423804346,42.84058157723081,22731567941.554367,433934291.10453135,2777068310.7625246,2810766331.739053,1.586041139265551,0.0194170263192543,0.2022078411068872,0.0023107448056665,3.0,1.4773678113828856,0.7355905500449176,LAS_DataFrame_33a310dd_Laser_True_20260922_151050_LAS.csv,Data\NafisaData\LAS_Nafisa_Requested_Data_0.7Torr\OscopeData_Laser_True\Plasma_Off_Measuremnt_5.0.csv,
33a310dd,2026-09-22 15:27:59.880943,2026-09-22,0.7,0.705,75.99,3.996,5.0,90,2420,58.9,124.23333333333332,0.0471404520791004,34.2,0.0,90.03333333333335,0.0471404520791004,0.5246793930203468,9.952501422370924e-05,Data\NafisaData\LAS_Nafisa_Requested_Data_0.7Torr\OscopeData_Laser_True\Scope_TrialNumber_0_90.00W_0.70Torr_5.00NitrogenFlow_2420.00MHz.csv,True,33a310dd|Scope_TrialNumber_0_90.00W_0.70Torr_5.00NitrogenFlow_2420.00MHz.csv,1087.006904636094,53.48288899761914,10.87006904636094,54.5763485092609,23607257852.508232,565652883.1610125,2884049523.321949,2938997250.288256,1.606454116296416,0.0294494877548841,0.2099975090624077,0.0036673356542833,3.0,1.6978139241008912,1.2592102786365844,LAS_DataFrame_33a310dd_Laser_True_20260922_151050_LAS.csv,Data\NafisaData\LAS_Nafisa_Requested_Data_0.7Torr\OscopeData_Laser_True\Plasma_Off_Measuremnt_5.0.csv,
33a310dd,2026-09-22 15:28:18.259941,2026-09-22,0.7,0.706,75.99,4.002,5.0,95,2420,59.9,130.70000000000002,0.1414213562373148,35.6,0.0,95.10000000000002,0.1414213562373148,0.5219001191357636,0.0002825180746245,Data\NafisaData\LAS_Nafisa_Requested_Data_0.7Torr\OscopeData_Laser_True\Scope_TrialNumber_0_95.00W_0.70Torr_5.00NitrogenFlow_2420.00MHz.csv,True,33a310dd|Scope_TrialNumber_0_95.00W_0.70Torr_5.00NitrogenFlow_2420.00MHz.csv,1003.7807626770648,54.18465463594218,10.037807626770649,55.10657292890191,24081734194.394157,676241251.2388259,2942015309.784448,3018734223.624719,1.5437309397464272,0.0220306349416831,0.2142181962141135,0.0034788822255109,3.0,1.6463212742003772,1.0436107735078517,LAS_DataFrame_33a310dd_Laser_True_20260922_151050_LAS.csv,Data\NafisaData\LAS_Nafisa_Requested_Data_0.7Torr\OscopeData_Laser_True\Plasma_Off_Measuremnt_5.0.csv,
33a310dd,2026-09-22 15:28:36.730863,2026-09-22,0.7,0.706,76.01,4.004,5.0,100,2420,60.4,133.83333333333334,1.307244770075179,33.166666666666664,3.0169889330626023,100.66666666666669,3.3309991827611687,0.497304723315446,0.0232767766487855,Data\NafisaData\LAS_Nafisa_Requested_Data_0.7Torr\OscopeData_Laser_True\Scope_TrialNumber_0_100.00W_0.70Torr_5.00NitrogenFlow_2420.00MHz.csv,True,33a310dd|Scope_TrialNumber_0_100.00W_0.70Torr_5.00NitrogenFlow_2420.00MHz.csv,1069.0506756501966,66.87283933110582,10.690506756501966,67.7219578490958,26936935342.54256,857325712.3119992,3290829287.3227496,3400671224.22801,1.593130383958945,0.034708191801569,0.2396165348407061,0.0054079565083373,3.0,1.6080452962172087,1.7542589203558614,LAS_DataFrame_33a310dd_Laser_True_20260922_151050_LAS.csv,Data\NafisaData\LAS_Nafisa_Requested_Data_0.7Torr\OscopeData_Laser_True\Plasma_Off_Measuremnt_5.0.csv,
33a310dd,2026-09-22 15:28:55.142165,2026-09-22,0.7,0.706,76.0,3.989,5.0,105,2420,60.7,134.1,0.2160246899469295,29.03333333333333,0.2624669291337264,105.06666666666666,0.0471404520791038,0.4652951036805532,0.0017249398590634,Data\NafisaData\LAS_Nafisa_Requested_Data_0.7Torr\OscopeData_Laser_True\Scope_TrialNumber_0_105.00W_0.70Torr_5.00NitrogenFlow_2420.00MHz.csv,True,33a310dd|Scope_TrialNumber_0_105.00W_0.70Torr_5.00NitrogenFlow_2420.00MHz.csv,1088.384808910272,54.62508980564636,10.88384808910272,55.69882032414686,27637602578.63485,702593646.207345,3376428344.226538,3448754296.175257,1.6074719750376123,0.0300009372553024,0.2458492949173022,0.0046959590535627,3.0,1.6697885776859986,1.5628910445731763,LAS_DataFrame_33a310dd_Laser_True_20260922_151050_LAS.csv,Data\NafisaData\LAS_Nafisa_Requested_Data_0.7Torr\OscopeData_Laser_True\Plasma_Off_Measuremnt_5.0.csv,
33a310dd,2026-09-22 15:29:13.510971,2026-09-22,0.7,0.705,75.99,4.0,5.0,110,2420,61.4,143.4,0.0816496580927679,33.36666666666667,0.0471404520791038,110.03333333333336,0.0471404520790971,0.4823715710878122,0.0002323208387175,Data\NafisaData\LAS_Nafisa_Requested_Data_0.7Torr\OscopeData_Laser_True\Scope_TrialNumber_0_110.00W_0.70Torr_5.00NitrogenFlow_2420.00MHz.csv,True,33a310dd|Scope_TrialNumber_0_110.00W_0.70Torr_5.00NitrogenFlow_2420.00MHz.csv,1086.4586291310666,60.504907806972376,10.864586291310664,61.47262076739174,27381544129.053955,760225846.5921772,3345146216.752429,3430444074.6468787,1.6060489254322723,0.0336867554337785,0.2435715362329891,0.0050827251823771,3.0,1.742677957698057,1.6426917789115083,LAS_DataFrame_33a310dd_Laser_True_20260922_151050_LAS.csv,Data\NafisaData\LAS_Nafisa_Requested_Data_0.7Torr\OscopeData_Laser_True\Plasma_Off_Measuremnt_5.0.csv,
33a310dd,2026-09-22 15:36:42.909855,2026-09-22,0.7,0.7040000000000001,74.4,5.603,7.0,30,2420,49.0,39.66666666666666,0.0471404520791038,9.6,0.0,30.066666666666663,0.0471404520791038,0.491952297746749,0.0002925061543659,Data\NafisaData\LAS_Nafisa_Requested_Data_0.7Torr\OscopeData_Laser_True\Scope_TrialNumber_0_30.00W_0.70Torr_7.00NitrogenFlow_2420.00MHz.csv,True,33a310dd|Scope_TrialNumber_0_30.00W_0.70Torr_7.00NitrogenFlow_2420.00MHz.csv,1138.0062464714283,63.55557233080121,11.380062464714284,64.56637357012166,12113727661.606762,374443233.57557374,1479908878.2942634,1526544471.420573,1.643707350521055,0.0319465287834392,0.1077572266245876,0.0025350640140776,3.0,1.327894011627808,0.8138474272495536,LAS_DataFrame_33a310dd_Laser_True_20260922_151050_LAS.csv,Data\NafisaData\LAS_Nafisa_Requested_Data_0.7Torr\OscopeData_Laser_True\Plasma_Off_Measuremnt_7.0.csv,
33a310dd,2026-09-22 15:37:01.189470,2026-09-22,0.7,0.7040000000000001,74.41,5.607,7.0,35,2420,48.9,44.76666666666667,0.0471404520791004,9.7,0.0,35.06666666666666,0.0471404520791004,0.4654881921237426,0.0002452225442055,Data\NafisaData\LAS_Nafisa_Requested_Data_0.7Torr\OscopeData_Laser_True\Scope_TrialNumber_0_35.00W_0.70Torr_7.00NitrogenFlow_2420.00MHz.csv,True,33a310dd|Scope_TrialNumber_0_35.00W_0.70Torr_7.00NitrogenFlow_2420.00MHz.csv,1067.6608556890503,56.95378658049093,10.676608556890503,57.94586936213121,13111259807.203873,339144662.74239194,1601775302.890545,1637285321.2610035,1.5920944721175432,0.0291249942198295,0.1166307377750076,0.0019941110188267,3.0,1.33966372727659,0.712450722767891,LAS_DataFrame_33a310dd_Laser_True_20260922_151050_LAS.csv,Data\NafisaData\LAS_Nafisa_Requested_Data_0.7Torr\OscopeData_Laser_True\Plasma_Off_Measuremnt_7.0.csv,
33a310dd,2026-09-22 15:37:19.520303,2026-09-22,0.7,0.7040000000000001,74.41,5.593,7.0,40,2420,49.3,50.4,0.0816496580927737,10.5,0.0,39.9,0.0816496580927737,0.4564359138081351,0.0003697212805186,Data\NafisaData\LAS_Nafisa_Requested_Data_0.7Torr\OscopeData_Laser_True\Scope_TrialNumber_0_40.00W_0.70Torr_7.00NitrogenFlow_2420.00MHz.csv,True,33a310dd|Scope_TrialNumber_0_40.00W_0.70Torr_7.00NitrogenFlow_2420.00MHz.csv,1062.5522492548705,50.83608213279478,10.625522492548702,51.934660630949686,14392647398.458084,330817450.97858393,1758319756.0767806,1789169793.6422572,1.5882809312160946,0.0293830351817903,0.1280292747837552,0.0022113039955464,3.0,1.4437295996925503,0.2702245432965218,LAS_DataFrame_33a310dd_Laser_True_20260922_151050_LAS.csv,Data\NafisaData\LAS_Nafisa_Requested_Data_0.7Torr\OscopeData_Laser_True\Plasma_Off_Measuremnt_7.0.csv,
33a310dd,2026-09-22 15:37:37.970404,2026-09-22,0.7,0.7040000000000001,74.4,5.594,7.0,45,2420,49.8,56.23333333333333,0.1247219128924633,11.233333333333334,0.0471404520791038,45.0,0.1632993161855475,0.4469490501285081,0.0013516945606186,Data\NafisaData\LAS_Nafisa_Requested_Data_0.7Torr\OscopeData_Laser_True\Scope_TrialNumber_0_45.00W_0.70Torr_7.00NitrogenFlow_2420.00MHz.csv,True,33a310dd|Scope_TrialNumber_0_45.00W_0.70Torr_7.00NitrogenFlow_2420.00MHz.csv,1027.6282057214526,55.97562446507455,10.276282057214528,56.91109300632419,15344970237.818975,406544301.33562815,1874663053.8908284,1918238732.424033,1.5619609870591535,0.0298650328827789,0.136500628184412,0.0024635700801966,3.0,1.583350288837344,0.6890808228496003,LAS_DataFrame_33a310dd_Laser_True_20260922_151050_LAS.csv,Data\NafisaData\LAS_Nafisa_Requested_Data_0.7Torr\OscopeData_Laser_True\Plasma_Off_Measuremnt_7.0.csv,
33a310dd,2026-09-22 15:37:56.311930,2026-09-22,0.7,0.7040000000000001,74.39,5.589,7.0,50,2420,50.4,62.06666666666666,0.0942809041582076,12.166666666666666,0.047140452079103,49.9,0.1414213562373115,0.4427481877472137,0.001193858496051,Data\NafisaData\LAS_Nafisa_Requested_Data_0.7Torr\OscopeData_Laser_True\Scope_TrialNumber_0_50.00W_0.70Torr_7.00NitrogenFlow_2420.00MHz.csv,True,33a310dd|Scope_TrialNumber_0_50.00W_0.70Torr_7.00NitrogenFlow_2420.00MHz.csv,1087.0693878115171,77.98046130854785,10.870693878115176,78.73451804187042,16723033734.689535,590867254.7129784,2043018201.112412,2126745749.441773,1.6065002866158111,0.0458893291392241,0.1487591422177097,0.0041489475542052,3.0,1.4804427846568924,1.713120654582173,LAS_DataFrame_33a310dd_Laser_True_20260922_151050_LAS.csv,Data\NafisaData\LAS_Nafisa_Requested_Data_0.7Torr\OscopeData_Laser_True\Plasma_Off_Measuremnt_7.0.csv,
33a310dd,2026-09-22 15:38:14.695374,2026-09-22,0.7,0.7040000000000001,74.4,5.597,7.0,55,2420,51.1,68.46666666666667,0.0942809041582009,13.5,0.0,54.96666666666667,0.0942809041582009,0.4440456301671935,0.0003055099425906,Data\NafisaData\LAS_Nafisa_Requested_Data_0.7Torr\OscopeData_Laser_True\Scope_TrialNumber_0_55.00W_0.70Torr_7.00NitrogenFlow_2420.00MHz.csv,True,33a310dd|Scope_TrialNumber_0_55.00W_0.70Torr_7.00NitrogenFlow_2420.00MHz.csv,1115.273397711681,57.37636920377753,11.152733977116808,58.45024566391938,17492968806.150356,436223752.42362046,2137079565.194116,2181146540.2739024,1.6272071577474645,0.0288057730876799,0.155608071820492,0.0025737357085632,3.0,1.62459566553268,0.4741753136168095,LAS_DataFrame_33a310dd_Laser_True_20260922_151050_LAS.csv,Data\NafisaData\LAS_Nafisa_Requested_Data_0.7Torr\OscopeData_Laser_True\Plasma_Off_Measuremnt_7.0.csv,
33a310dd,2026-09-22 15:38:33.213580,2026-09-22,0.7,0.7040000000000001,74.4,5.602,7.0,60,2420,51.7,74.33333333333333,0.0471404520791071,14.300000000000002,1.7763568394002505e-15,60.03333333333334,0.0471404520791071,0.4386077286371146,0.0001390306104501,Data\NafisaData\LAS_Nafisa_Requested_Data_0.7Torr\OscopeData_Laser_True\Scope_TrialNumber_0_60.00W_0.70Torr_7.00NitrogenFlow_2420.00MHz.csv,True,33a310dd|Scope_TrialNumber_0_60.00W_0.70Torr_7.00NitrogenFlow_2420.00MHz.csv,1080.740675635377,48.68530397191565,10.807406756353773,49.870420728474976,18102524454.94007,393465775.270948,2211547709.241748,2246276605.087181,1.6018170902293425,0.0263709578707321,0.1610303520650041,0.0024744804252329,3.0,1.5949158276030824,0.3922559846406388,LAS_DataFrame_33a310dd_Laser_True_20260922_151050_LAS.csv,Data\NafisaData\LAS_Nafisa_Requested_Data_0.7Torr\OscopeData_Laser_True\Plasma_Off_Measuremnt_7.0.csv,
33a310dd,2026-09-22 15:38:51.512243,2026-09-22,0.7,0.7040000000000001,74.39,5.602,7.0,65,2420,52.2,79.43333333333334,0.2054804667656324,14.5,0.0,64.93333333333334,0.2054804667656324,0.4272515988089864,0.0005523596880678,Data\NafisaData\LAS_Nafisa_Requested_Data_0.7Torr\OscopeData_Laser_True\Scope_TrialNumber_0_65.00W_0.70Torr_7.00NitrogenFlow_2420.00MHz.csv,True,33a310dd|Scope_TrialNumber_0_65.00W_0.70Torr_7.00NitrogenFlow_2420.00MHz.csv,1070.1103444710643,51.28886711667974,10.701103444710643,52.3933345478872,18998410512.50514,461526923.1308551,2320996242.968709,2366438391.475573,1.593919763030161,0.0245336664387337,0.1689996741128173,0.002686901659199,3.0,1.5433962404284038,0.933275034427418,LAS_DataFrame_33a310dd_Laser_True_20260922_151050_LAS.csv,Data\NafisaData\LAS_Nafisa_Requested_Data_0.7Torr\OscopeData_Laser_True\Plasma_Off_Measuremnt_7.0.csv,
33a310dd,2026-09-22 15:39:09.953177,2026-09-22,0.7,0.7040000000000001,74.4,5.607,7.0,70,2420,52.8,85.53333333333335,0.3299831645537264,15.5,0.141421356237309,70.03333333333335,0.2054804667656385,0.4256890534094523,0.0012224866721943,Data\NafisaData\LAS_Nafisa_Requested_Data_0.7Torr\OscopeData_Laser_True\Scope_TrialNumber_0_70.00W_0.70Torr_7.00NitrogenFlow_2420.00MHz.csv,True,33a310dd|Scope_TrialNumber_0_70.00W_0.70Torr_7.00NitrogenFlow_2420.00MHz.csv,1067.6385605074747,57.65392881475062,10.676385605074747,58.63412587704006,19903056246.86639,531883017.2037596,2431514928.165457,2489008716.31283,1.592077848757951,0.0276246249939618,0.1770469175489969,0.0029951111362899,3.0,1.4897633756892597,1.2127230299662617,LAS_DataFrame_33a310dd_Laser_True_20260922_151050_LAS.csv,Data\NafisaData\LAS_Nafisa_Requested_Data_0.7Torr\OscopeData_Laser_True\Plasma_Off_Measuremnt_7.0.csv,
33a310dd,2026-09-22 15:39:28.304138,2026-09-22,0.7,0.7040000000000001,74.41,5.604,7.0,75,2420,53.4,92.16666666666669,0.2494438257849279,17.133333333333333,0.094280904158206,75.03333333333333,0.2494438257849266,0.4311548073285944,0.0012213224558401,Data\NafisaData\LAS_Nafisa_Requested_Data_0.7Torr\OscopeData_Laser_True\Scope_TrialNumber_0_75.00W_0.70Torr_7.00NitrogenFlow_2420.00MHz.csv,True,33a310dd|Scope_TrialNumber_0_75.00W_0.70Torr_7.00NitrogenFlow_2420.00MHz.csv,1086.1001427415576,80.23969427388951,10.861001427415577,80.97141402478766,20564085954.748707,859444045.1051952,2512271550.8037395,2655212310.0883303,1.6057839387285928,0.0461573500527909,0.1829270834258986,0.0063589679909204,3.0,1.4585419632478898,2.10758745378144,LAS_DataFrame_33a310dd_Laser_True_20260922_151050_LAS.csv,Data\NafisaData\LAS_Nafisa_Requested_Data_0.7Torr\OscopeData_Laser_True\Plasma_Off_Measuremnt_7.0.csv,
33a310dd,2026-09-22 15:39:46.785952,2026-09-22,0.7,0.7040000000000001,74.41,5.598,7.0,80,2420,54.1,99.23333333333332,0.0942809041582076,19.3,0.0816496580927723,79.93333333333334,0.0471404520791038,0.4410102278964409,0.0007586365131705,Data\NafisaData\LAS_Nafisa_Requested_Data_0.7Torr\OscopeData_Laser_True\Scope_TrialNumber_0_80.00W_0.70Torr_7.00NitrogenFlow_2420.00MHz.csv,True,33a310dd|Scope_TrialNumber_0_80.00W_0.70Torr_7.00NitrogenFlow_2420.00MHz.csv,1101.3798932111156,71.02828673303715,11.013798932111156,71.87712628609684,20873348126.0482,713120316.3583311,2550053466.149025,2647888454.187915,1.6170399375293918,0.0384227856258842,0.1856781138939809,0.0048845511528988,3.0,1.5026236625700085,1.7117783720828736,LAS_DataFrame_33a310dd_Laser_True_20260922_151050_LAS.csv,Data\NafisaData\LAS_Nafisa_Requested_Data_0.7Torr\OscopeData_Laser_True\Plasma_Off_Measuremnt_7.0.csv,
33a310dd,2026-09-22 15:40:05.156232,2026-09-22,0.7,0.7040000000000001,74.41,5.592,7.0,85,2420,55.0,107.66666666666669,0.0942809041582076,22.766666666666666,0.0471404520791038,84.89999999999999,0.1414213562373081,0.4598425760801247,0.0006773428206773,Data\NafisaData\LAS_Nafisa_Requested_Data_0.7Torr\OscopeData_Laser_True\Scope_TrialNumber_0_85.00W_0.70Torr_7.00NitrogenFlow_2420.00MHz.csv,True,33a310dd|Scope_TrialNumber_0_85.00W_0.70Torr_7.00NitrogenFlow_2420.00MHz.csv,1079.9368424035708,53.17390240651054,10.799368424035707,54.25947157405025,21206468767.91962,536497881.5158868,2590750121.152347,2645716569.6880565,1.6012212797134038,0.0247431345243628,0.1886413765247923,0.0031152613710423,3.0,1.4472651921088493,1.1830850645915445,LAS_DataFrame_33a310dd_Laser_True_20260922_151050_LAS.csv,Data\NafisaData\LAS_Nafisa_Requested_Data_0.7Torr\OscopeData_Laser_True\Plasma_Off_Measuremnt_7.0.csv,
33a310dd,2026-09-22 15:40:23.495775,2026-09-22,0.7,0.7040000000000001,74.41,5.59,7.0,90,2420,56.1,118.96666666666664,0.1247219128924639,28.866666666666664,0.0471404520791021,90.09999999999998,0.0816496580927679,0.4925899312838983,0.0001794920834065,Data\NafisaData\LAS_Nafisa_Requested_Data_0.7Torr\OscopeData_Laser_True\Scope_TrialNumber_0_90.00W_0.70Torr_7.00NitrogenFlow_2420.00MHz.csv,True,33a310dd|Scope_TrialNumber_0_90.00W_0.70Torr_7.00NitrogenFlow_2420.00MHz.csv,1031.296967679031,57.67207178778666,10.31296967679031,58.58690304027014,19483461841.63941,537484864.3987883,2380253953.598059,2440184186.3017178,1.564746701536328,0.0227289956403596,0.1733144306814115,0.0023902822140826,3.0,1.5043462973313897,0.7740809010815983,LAS_DataFrame_33a310dd_Laser_True_20260922_151050_LAS.csv,Data\NafisaData\LAS_Nafisa_Requested_Data_0.7Torr\OscopeData_Laser_True\Plasma_Off_Measuremnt_7.0.csv,
33a310dd,2026-09-22 15:40:41.945168,2026-09-22,0.7,0.7040000000000001,74.4,5.603,7.0,95,2420,57.5,128.36666666666667,0.0471404520791004,33.333333333333336,0.0471404520791038,95.03333333333336,0.0471404520791038,0.5095808817470525,0.0003237213627772,Data\NafisaData\LAS_Nafisa_Requested_Data_0.7Torr\OscopeData_Laser_True\Scope_TrialNumber_0_95.00W_0.70Torr_7.00NitrogenFlow_2420.00MHz.csv,True,33a310dd|Scope_TrialNumber_0_95.00W_0.70Torr_7.00NitrogenFlow_2420.00MHz.csv,1095.7063815159709,52.58253033532314,10.957063815159708,53.71200744633048,19511431698.57054,496066056.6129733,2383670972.76452,2434742047.717519,1.612869650594822,0.0285034972680918,0.1735632355329138,0.0033965522099025,3.0,1.5185306825655431,1.2008339749650878,LAS_DataFrame_33a310dd_Laser_True_20260922_151050_LAS.csv,Data\NafisaData\LAS_Nafisa_Requested_Data_0.7Torr\OscopeData_Laser_True\Plasma_Off_Measuremnt_7.0.csv,
33a310dd,2026-09-22 15:41:00.259751,2026-09-22,0.7,0.7040000000000001,74.42,5.591,7.0,100,2420,58.7,136.20000000000002,0.1414213562373148,36.43333333333333,0.0942809041582076,99.76666666666664,0.124721912892469,0.5172024406024754,0.0005837955293648,Data\NafisaData\LAS_Nafisa_Requested_Data_0.7Torr\OscopeData_Laser_True\Scope_TrialNumber_0_100.00W_0.70Torr_7.00NitrogenFlow_2420.00MHz.csv,True,33a310dd|Scope_TrialNumber_0_100.00W_0.70Torr_7.00NitrogenFlow_2420.00MHz.csv,1091.447976688159,81.24446430336135,10.914479766881591,81.97431822541634,19538847839.433727,796940983.0021737,2387020345.592224,2516541487.967105,1.6097324332269762,0.0502797804818945,0.173807114823145,0.0061548566510464,3.0,1.5765181093319782,1.9361291789931303,LAS_DataFrame_33a310dd_Laser_True_20260922_151050_LAS.csv,Data\NafisaData\LAS_Nafisa_Requested_Data_0.7Torr\OscopeData_Laser_True\Plasma_Off_Measuremnt_7.0.csv,
33a310dd,2026-09-22 15:41:18.705356,2026-09-22,0.7,0.7040000000000001,74.39,5.591,7.0,105,2420,59.9,143.56666666666666,0.2494438257849279,38.46666666666666,0.3091206165165224,105.1,0.0816496580927737,0.5176199190515188,0.0016381274864738,Data\NafisaData\LAS_Nafisa_Requested_Data_0.7Torr\OscopeData_Laser_True\Scope_TrialNumber_0_105.00W_0.70Torr_7.00NitrogenFlow_2420.00MHz.csv,True,33a310dd|Scope_TrialNumber_0_105.00W_0.70Torr_7.00NitrogenFlow_2420.00MHz.csv,1156.319439113834,66.10414342837541,11.56319439113834,67.10786275039968,20583545194.394707,581104661.2447819,2514648845.582145,2580918720.903087,1.6568801222381897,0.0248879605577134,0.1831001823889141,0.0026255010332881,3.0,1.5444294816312714,0.2314140158563014,LAS_DataFrame_33a310dd_Laser_True_20260922_151050_LAS.csv,Data\NafisaData\LAS_Nafisa_Requested_Data_0.7Torr\OscopeData_Laser_True\Plasma_Off_Measuremnt_7.0.csv,
33a310dd,2026-09-22 15:41:37.135479,2026-09-22,0.7,0.7040000000000001,74.4,5.6,7.0,110,2420,61.0,150.3,0.0816496580927795,40.333333333333336,0.0471404520791038,109.96666666666664,0.094280904158211,0.5180271733075902,0.0003337125184136,Data\NafisaData\LAS_Nafisa_Requested_Data_0.7Torr\OscopeData_Laser_True\Scope_TrialNumber_0_110.00W_0.70Torr_7.00NitrogenFlow_2420.00MHz.csv,True,33a310dd|Scope_TrialNumber_0_110.00W_0.70Torr_7.00NitrogenFlow_2420.00MHz.csv,1130.7008820745332,56.8426711247431,11.307008820745333,57.95634313056782,20985603863.836,606345582.6872475,2563767515.831533,2634494038.876787,1.638423014749283,0.0254341145201402,0.1866766807525581,0.003933472290225,3.0,1.586751844168128,1.0681827912395756,LAS_DataFrame_33a310dd_Laser_True_20260922_151050_LAS.csv,Data\NafisaData\LAS_Nafisa_Requested_Data_0.7Torr\OscopeData_Laser_True\Plasma_Off_Measuremnt_7.0.csv,
33a310dd,2026-09-22 15:42:37.902045,2026-09-22,0.7,0.703,72.81,7.204,9.0,30,2420,51.1,40.03333333333333,0.2054804667656324,10.0,0.0,30.03333333333333,0.2054804667656324,0.4997967295012678,0.0012815047043711,Data\NafisaData\LAS_Nafisa_Requested_Data_0.7Torr\OscopeData_Laser_True\Scope_TrialNumber_0_30.00W_0.70Torr_9.00NitrogenFlow_2420.00MHz.csv,True,33a310dd|Scope_TrialNumber_0_30.00W_0.70Torr_9.00NitrogenFlow_2420.00MHz.csv,1117.1694167024132,60.23880875681597,11.171694167024132,61.2659842898306,9150937697.89547,263756394.67071024,1117950999.241541,1148643492.3138037,1.628589736018646,0.0301044701296219,0.0814018355774073,0.0017183056627442,3.0,1.1190538828087235,1.448375323885016,LAS_DataFrame_33a310dd_Laser_True_20260922_151050_LAS.csv,Data\NafisaData\LAS_Nafisa_Requested_Data_0.7Torr\OscopeData_Laser_True\Plasma_Off_Measuremnt_9.0.csv,
33a310dd,2026-09-22 15:42:56.282653,2026-09-22,0.7,0.703,72.79,7.203,9.0,35,2420,51.0,45.9,0.0,10.800000000000002,1.7763568394002505e-15,35.099999999999994,0.0,0.485071250072666,0.0,Data\NafisaData\LAS_Nafisa_Requested_Data_0.7Torr\OscopeData_Laser_True\Scope_TrialNumber_0_35.00W_0.70Torr_9.00NitrogenFlow_2420.00MHz.csv,True,33a310dd|Scope_TrialNumber_0_35.00W_0.70Torr_9.00NitrogenFlow_2420.00MHz.csv,1134.0799448878424,81.32750249028025,11.340799448878425,82.11441038847093,10031459454.437124,391914628.6372734,1225522508.3127966,1286663318.2465336,1.6408693753428052,0.045055828928849,0.0892344850407314,0.0028142944533172,3.0,1.1401014779839511,1.9280452495573632,LAS_DataFrame_33a310dd_Laser_True_20260922_151050_LAS.csv,Data\NafisaData\LAS_Nafisa_Requested_Data_0.7Torr\OscopeData_Laser_True\Plasma_Off_Measuremnt_9.0.csv,
33a310dd,2026-09-22 15:43:14.702090,2026-09-22,0.7,0.703,72.79,7.196,9.0,40,2420,51.3,51.13333333333333,0.0471404520791038,11.1,0.0,40.03333333333333,0.0471404520791038,0.4659180925220643,0.0002146629232048,Data\NafisaData\LAS_Nafisa_Requested_Data_0.7Torr\OscopeData_Laser_True\Scope_TrialNumber_0_40.00W_0.70Torr_9.00NitrogenFlow_2420.00MHz.csv,True,33a310dd|Scope_TrialNumber_0_40.00W_0.70Torr_9.00NitrogenFlow_2420.00MHz.csv,1058.2118160945274,47.89602586969903,10.582118160945274,49.05110109756036,10786402001.489996,254501538.02499112,1317752266.9135804,1342103598.763138,1.5850336171130694,0.0196716668143434,0.0959500491844716,0.001352154610332,3.0,1.1441304974233792,0.9528916837658816,LAS_DataFrame_33a310dd_Laser_True_20260922_151050_LAS.csv,Data\NafisaData\LAS_Nafisa_Requested_Data_0.7Torr\OscopeData_Laser_True\Plasma_Off_Measuremnt_9.0.csv,
33a310dd,2026-09-22 15:43:32.913394,2026-09-22,0.7,0.703,72.8,7.2,9.0,45,2420,51.7,57.1,0.0,12.1,0.0,45.0,0.0,0.4603356728505559,0.0,Data\NafisaData\LAS_Nafisa_Requested_Data_0.7Torr\OscopeData_Laser_True\Scope_TrialNumber_0_45.00W_0.70Torr_9.00NitrogenFlow_2420.00MHz.csv,True,33a310dd|Scope_TrialNumber_0_45.00W_0.70Torr_9.00NitrogenFlow_2420.00MHz.csv,1121.2073378541195,62.62852175733841,11.212073378541197,63.6242275155872,12020461219.450815,358832466.9232624,1468514711.30874,1511719615.751686,1.6315302861913965,0.0321677604437453,0.1069275783590318,0.0023905695970124,3.0,1.1960977754834925,1.4322464426697297,LAS_DataFrame_33a310dd_Laser_True_20260922_151050_LAS.csv,Data\NafisaData\LAS_Nafisa_Requested_Data_0.7Torr\OscopeData_Laser_True\Plasma_Off_Measuremnt_9.0.csv,
33a310dd,2026-09-22 15:43:51.194565,2026-09-22,0.7,0.703,72.79,7.206,9.0,50,2420,52.2,62.79999999999999,7.105427357601002e-15,12.766666666666666,0.0471404520791038,50.03333333333333,0.0471404520791004,0.4508771192335206,0.0008329705903418,Data\NafisaData\LAS_Nafisa_Requested_Data_0.7Torr\OscopeData_Laser_True\Scope_TrialNumber_0_50.00W_0.70Torr_9.00NitrogenFlow_2420.00MHz.csv,True,33a310dd|Scope_TrialNumber_0_50.00W_0.70Torr_9.00NitrogenFlow_2420.00MHz.csv,1122.029012437972,59.07702971580292,11.22029012437972,60.1331052791814,13091760633.113478,317343716.7130164,1599393129.404241,1630572113.3769965,1.6321280085760193,0.030894768355789,0.1164572835765852,0.0018517451835146,3.0,1.19518600193356,1.3806911761245315,LAS_DataFrame_33a310dd_Laser_True_20260922_151050_LAS.csv,Data\NafisaData\LAS_Nafisa_Requested_Data_0.7Torr\OscopeData_Laser_True\Plasma_Off_Measuremnt_9.0.csv,
33a310dd,2026-09-22 15:44:09.482723,2026-09-22,0.7,0.703,72.78,7.202,9.0,55,2420,52.7,68.86666666666666,0.0471404520791071,13.800000000000002,1.7763568394002505e-15,55.06666666666667,0.0471404520791071,0.4476463918469708,0.0001532665977426,Data\NafisaData\LAS_Nafisa_Requested_Data_0.7Torr\OscopeData_Laser_True\Scope_TrialNumber_0_55.00W_0.70Torr_9.00NitrogenFlow_2420.00MHz.csv,True,33a310dd|Scope_TrialNumber_0_55.00W_0.70Torr_9.00NitrogenFlow_2420.00MHz.csv,1099.494750725763,58.573114559713225,10.99494750725763,59.59612923598848,13677339288.015642,361103272.409532,1670932054.0472262,1709505631.048741,1.6156554669091194,0.033908939283641,0.1216662773384975,0.0025171433321304,3.0,1.2264135695054723,1.5118178902815569,LAS_DataFrame_33a310dd_Laser_True_20260922_151050_LAS.csv,Data\NafisaData\LAS_Nafisa_Requested_Data_0.7Torr\OscopeData_Laser_True\Plasma_Off_Measuremnt_9.0.csv,
33a310dd,2026-09-22 15:44:27.932100,2026-09-22,0.7,0.703,72.8,7.197,9.0,60,2420,53.3,74.83333333333333,0.1247219128924639,14.9,0.0,59.93333333333334,0.1247219128924639,0.4462169270581984,0.0003716697362973,Data\NafisaData\LAS_Nafisa_Requested_Data_0.7Torr\OscopeData_Laser_True\Scope_TrialNumber_0_60.00W_0.70Torr_9.00NitrogenFlow_2420.00MHz.csv,True,33a310dd|Scope_TrialNumber_0_60.00W_0.70Torr_9.00NitrogenFlow_2420.00MHz.csv,1095.2236934322862,60.48524980606901,10.952236934322862,61.46882899460602,14157378049.821436,401266509.605358,1729577389.7660868,1775514787.0183835,1.6125143552657677,0.0277917086264214,0.1259364447955751,0.0023149662446538,3.0,1.2994478599817263,1.142523696213528,LAS_DataFrame_33a310dd_Laser_True_20260922_151050_LAS.csv,Data\NafisaData\LAS_Nafisa_Requested_Data_0.7Torr\OscopeData_Laser_True\Plasma_Off_Measuremnt_9.0.csv,
33a310dd,2026-09-22 15:44:46.372615,2026-09-22,0.7,0.703,72.81,7.2,9.0,65,2420,53.9,80.7,0.2449489742783155,15.633333333333333,0.047140452079103,65.06666666666668,0.205480466765627,0.4401383131529084,0.0003451138489931,Data\NafisaData\LAS_Nafisa_Requested_Data_0.7Torr\OscopeData_Laser_True\Scope_TrialNumber_0_65.00W_0.70Torr_9.00NitrogenFlow_2420.00MHz.csv,True,33a310dd|Scope_TrialNumber_0_65.00W_0.70Torr_9.00NitrogenFlow_2420.00MHz.csv,1164.4751657851668,93.15755595432464,11.64475165785167,93.88253550344794,15201605001.99228,680936281.9512206,1857148421.6268785,1978048149.067347,1.6627129903465478,0.0545851692376364,0.1352253279103248,0.0052096581693123,3.0,1.2751325042968409,2.1677609477247013,LAS_DataFrame_33a310dd_Laser_True_20260922_151050_LAS.csv,Data\NafisaData\LAS_Nafisa_Requested_Data_0.7Torr\OscopeData_Laser_True\Plasma_Off_Measuremnt_9.0.csv,
33a310dd,2026-09-22 15:45:04.612346,2026-09-22,0.7,0.703,72.79,7.205,9.0,70,2420,54.4,85.8,0.1414213562373148,15.833333333333334,0.047140452079103,69.96666666666668,0.188561808316422,0.4295789861640212,0.0009938683078572,Data\NafisaData\LAS_Nafisa_Requested_Data_0.7Torr\OscopeData_Laser_True\Scope_TrialNumber_0_70.00W_0.70Torr_9.00NitrogenFlow_2420.00MHz.csv,True,33a310dd|Scope_TrialNumber_0_70.00W_0.70Torr_9.00NitrogenFlow_2420.00MHz.csv,1108.455712722181,56.47996327640583,11.08455712722181,57.55739447204672,15565373705.650951,402490329.4371096,1901589286.5058453,1943718158.5415623,1.622225961217117,0.0231165407880066,0.1384612192671461,0.0020659398055865,3.0,1.2779481253271934,0.9013373363458071,LAS_DataFrame_33a310dd_Laser_True_20260922_151050_LAS.csv,Data\NafisaData\LAS_Nafisa_Requested_Data_0.7Torr\OscopeData_Laser_True\Plasma_Off_Measuremnt_9.0.csv,
33a310dd,2026-09-22 15:45:22.963639,2026-09-22,0.7,0.703,72.8,7.204,9.0,75,2420,54.9,91.36666666666667,0.1247219128924639,16.333333333333332,0.0471404520791021,75.03333333333335,0.0942809041582043,0.4228078587517337,0.0004347001656311,Data\NafisaData\LAS_Nafisa_Requested_Data_0.7Torr\OscopeData_Laser_True\Scope_TrialNumber_0_75.00W_0.70Torr_9.00NitrogenFlow_2420.00MHz.csv,True,33a310dd|Scope_TrialNumber_0_75.00W_0.70Torr_9.00NitrogenFlow_2420.00MHz.csv,1128.9511545067487,48.90945402874556,11.289511545067487,50.195495458419245,16494271705.65412,348506662.3578864,2015070820.484143,2044985893.661487,1.637154817345528,0.0254998901599876,0.1467241978558682,0.0021753681454113,3.0,1.3862333456851204,0.7447842129127177,LAS_DataFrame_33a310dd_Laser_True_20260922_151050_LAS.csv,Data\NafisaData\LAS_Nafisa_Requested_Data_0.7Torr\OscopeData_Laser_True\Plasma_Off_Measuremnt_9.0.csv,
33a310dd,2026-09-22 15:45:41.484833,2026-09-22,0.7,0.703,72.79,7.209,9.0,80,2420,55.4,97.5,0.2160246899469273,17.566666666666666,0.0471404520791038,79.93333333333334,0.1885618083164053,0.4244654607830003,0.000441614446084,Data\NafisaData\LAS_Nafisa_Requested_Data_0.7Torr\OscopeData_Laser_True\Scope_TrialNumber_0_80.00W_0.70Torr_9.00NitrogenFlow_2420.00MHz.csv,True,33a310dd|Scope_TrialNumber_0_80.00W_0.70Torr_9.00NitrogenFlow_2420.00MHz.csv,1095.2714132452957,69.221013812914,10.952714132452956,70.0821710576582,16867296011.913406,527689229.7133782,2060642423.055523,2127134955.486284,1.6125494841831782,0.0234774616782013,0.1500424220911264,0.0020798651557012,3.0,1.3689092278917565,0.5698244901190256,LAS_DataFrame_33a310dd_Laser_True_20260922_151050_LAS.csv,Data\NafisaData\LAS_Nafisa_Requested_Data_0.7Torr\OscopeData_Laser_True\Plasma_Off_Measuremnt_9.0.csv,
33a310dd,2026-09-22 15:45:59.946764,2026-09-22,0.7,0.703,72.8,7.204,9.0,85,2420,55.9,104.36666666666667,0.0942809041582076,19.5,0.0,84.86666666666666,0.0942809041582076,0.4322515229199437,0.0001951464026372,Data\NafisaData\LAS_Nafisa_Requested_Data_0.7Torr\OscopeData_Laser_True\Scope_TrialNumber_0_85.00W_0.70Torr_9.00NitrogenFlow_2420.00MHz.csv,True,33a310dd|Scope_TrialNumber_0_85.00W_0.70Torr_9.00NitrogenFlow_2420.00MHz.csv,1131.169451489784,73.77329154169112,11.31169451489784,74.63546729065027,17366260279.078346,606640850.9068744,2121599848.3466115,2206626166.4571505,1.638762465883598,0.0322676371355355,0.1544809406971599,0.0036050520975447,3.0,1.4141357376887158,1.3307909503524558,LAS_DataFrame_33a310dd_Laser_True_20260922_151050_LAS.csv,Data\NafisaData\LAS_Nafisa_Requested_Data_0.7Torr\OscopeData_Laser_True\Plasma_Off_Measuremnt_9.0.csv,
33a310dd,2026-09-22 15:46:18.334123,2026-09-22,0.7,0.703,72.79,7.2,9.0,90,2420,56.4,111.86666666666667,0.2624669291337253,21.83333333333333,0.094280904158206,90.03333333333335,0.1699673171197563,0.4417824597622807,0.0004500640505589,Data\NafisaData\LAS_Nafisa_Requested_Data_0.7Torr\OscopeData_Laser_True\Scope_TrialNumber_0_90.00W_0.70Torr_9.00NitrogenFlow_2420.00MHz.csv,True,33a310dd|Scope_TrialNumber_0_90.00W_0.70Torr_9.00NitrogenFlow_2420.00MHz.csv,1108.620036111075,59.43824381115317,11.08620036111075,60.46328361742174,17217282614.19811,471166819.4453282,2103399557.3145964,2155524963.7750583,1.622346200476902,0.0260302169394197,0.1531557152632597,0.0025977725654693,3.0,1.396573123076484,1.066515518035547,LAS_DataFrame_33a310dd_Laser_True_20260922_151050_LAS.csv,Data\NafisaData\LAS_Nafisa_Requested_Data_0.7Torr\OscopeData_Laser_True\Plasma_Off_Measuremnt_9.0.csv,
33a310dd,2026-09-22 15:46:36.807288,2026-09-22,0.7,0.703,72.81,7.196,9.0,95,2420,57.1,120.23333333333332,0.1699673171197609,25.366666666666664,0.0471404520791021,94.86666666666667,0.2054804667656385,0.4593244811478674,0.0006927492247176,Data\NafisaData\LAS_Nafisa_Requested_Data_0.7Torr\OscopeData_Laser_True\Scope_TrialNumber_0_95.00W_0.70Torr_9.00NitrogenFlow_2420.00MHz.csv,True,33a310dd|Scope_TrialNumber_0_95.00W_0.70Torr_9.00NitrogenFlow_2420.00MHz.csv,1102.5937274125422,71.03511000302487,11.025937274125422,71.88572977938523,17612789517.432095,630440054.0332831,2151717811.932268,2242173990.553828,1.617930764520192,0.0383613102061165,0.1566739326273869,0.0044473090412708,3.0,1.4590457002283788,1.5705208408258498,LAS_DataFrame_33a310dd_Laser_True_20260922_151050_LAS.csv,Data\NafisaData\LAS_Nafisa_Requested_Data_0.7Torr\OscopeData_Laser_True\Plasma_Off_Measuremnt_9.0.csv,
33a310dd,2026-09-22 15:46:55.151476,2026-09-22,0.7,0.703,72.79,7.198,9.0,100,2420,58.0,130.29999999999998,0.1414213562373148,30.3,0.0,100.0,0.1414213562373148,0.4822245296031722,0.0002615412063662,Data\NafisaData\LAS_Nafisa_Requested_Data_0.7Torr\OscopeData_Laser_True\Scope_TrialNumber_0_100.00W_0.70Torr_9.00NitrogenFlow_2420.00MHz.csv,True,33a310dd|Scope_TrialNumber_0_100.00W_0.70Torr_9.00NitrogenFlow_2420.00MHz.csv,1143.0787803467078,48.62218822902284,11.430787803467078,49.947773704004256,17853711271.668556,409279662.3633112,2181150720.862423,2219217949.8965154,1.6473665970039229,0.0237681552988312,0.1588170433853027,0.0026639057533417,3.0,1.398178379100813,0.9858723666108938,LAS_DataFrame_33a310dd_Laser_True_20260922_151050_LAS.csv,Data\NafisaData\LAS_Nafisa_Requested_Data_0.7Torr\OscopeData_Laser_True\Plasma_Off_Measuremnt_9.0.csv,
33a310dd,2026-09-22 15:47:13.532480,2026-09-22,0.7,0.703,72.79,7.206,9.0,105,2420,59.3,142.16666666666666,0.1247219128924677,37.0,0.0,105.16666666666669,0.1247219128924677,0.5101549406983393,0.0002238341734229,Data\NafisaData\LAS_Nafisa_Requested_Data_0.7Torr\OscopeData_Laser_True\Scope_TrialNumber_0_105.00W_0.70Torr_9.00NitrogenFlow_2420.00MHz.csv,True,33a310dd|Scope_TrialNumber_0_105.00W_0.70Torr_9.00NitrogenFlow_2420.00MHz.csv,1164.4179134431838,61.24649140435001,11.644179134431836,62.34356115155644,16870027847.684834,509399439.9102904,2060976165.741929,2122995653.5841568,1.6626721155449018,0.0274935204501167,0.1500667230375028,0.0033338922503957,3.0,1.3901943702876367,1.0623678204100118,LAS_DataFrame_33a310dd_Laser_True_20260922_151050_LAS.csv,Data\NafisaData\LAS_Nafisa_Requested_Data_0.7Torr\OscopeData_Laser_True\Plasma_Off_Measuremnt_9.0.csv,
33a310dd,2026-09-22 15:47:31.957605,2026-09-22,0.7,0.703,72.81,7.198,9.0,110,2420,60.4,148.9,0.1632993161855475,38.833333333333336,0.2494438257849298,110.06666666666666,0.0942809041582009,0.5106839256054986,0.001367525286314,Data\NafisaData\LAS_Nafisa_Requested_Data_0.7Torr\OscopeData_Laser_True\Scope_TrialNumber_0_110.00W_0.70Torr_9.00NitrogenFlow_2420.00MHz.csv,True,33a310dd|Scope_TrialNumber_0_110.00W_0.70Torr_9.00NitrogenFlow_2420.00MHz.csv,1181.8699018066015,66.39217483800523,11.818699018066017,67.43591421638688,17385436798.667458,482948598.9647592,2123942603.8045084,2178157830.254249,1.6750856213638177,0.0231878705851691,0.1546515247341268,0.0020421529789591,3.0,1.399080236183788,0.4825967971659774,LAS_DataFrame_33a310dd_Laser_True_20260922_151050_LAS.csv,Data\NafisaData\LAS_Nafisa_Requested_Data_0.7Torr\OscopeData_Laser_True\Plasma_Off_Measuremnt_9.0.csv,
33a310dd,2026-09-22 15:48:18.585441,2026-09-22,0.7,0.701,71.21,8.796,11.0,30,2420,51.2,40.03333333333333,0.0942809041582076,10.0,0.0,30.03333333333333,0.0942809041582076,0.4997928377332011,0.0005892579527799,Data\NafisaData\LAS_Nafisa_Requested_Data_0.7Torr\OscopeData_Laser_True\Scope_TrialNumber_0_30.00W_0.70Torr_11.00NitrogenFlow_2420.00MHz.csv,True,33a310dd|Scope_TrialNumber_0_30.00W_0.70Torr_11.00NitrogenFlow_2420.00MHz.csv,1026.1941078764376,41.192902356192185,10.261941078764377,42.45188616811761,6973433012.53144,127135042.45133358,851929787.0748681,861363849.4414148,1.5608707158288508,0.0226068039122489,0.0620319213436122,0.0007321834831547,3.0,1.0642923534609945,1.1622258550469018,LAS_DataFrame_33a310dd_Laser_True_20260922_151050_LAS.csv,Data\NafisaData\LAS_Nafisa_Requested_Data_0.7Torr\OscopeData_Laser_True\Plasma_Off_Measuremnt_11.0.csv,
33a310dd,2026-09-22 15:48:37.051630,2026-09-22,0.7,0.701,71.19,8.801,11.0,35,2420,50.9,46.46666666666667,0.0942809041582076,11.5,0.0,34.96666666666667,0.0942809041582076,0.4974836709326944,0.0005041554766371,Data\NafisaData\LAS_Nafisa_Requested_Data_0.7Torr\OscopeData_Laser_True\Scope_TrialNumber_0_35.00W_0.70Torr_11.00NitrogenFlow_2420.00MHz.csv,True,33a310dd|Scope_TrialNumber_0_35.00W_0.70Torr_11.00NitrogenFlow_2420.00MHz.csv,1022.1614600510908,45.27339008897877,10.22161460051091,46.41294275512186,7542032903.351854,181364539.55105755,921394451.4728678,939074454.6688268,1.5578008103078,0.0216038388438079,0.0670898811232466,0.0011229311770689,3.0,1.1036014092075963,0.9068500742861554,LAS_DataFrame_33a310dd_Laser_True_20260922_151050_LAS.csv,Data\NafisaData\LAS_Nafisa_Requested_Data_0.7Torr\OscopeData_Laser_True\Plasma_Off_Measuremnt_11.0.csv,
33a310dd,2026-09-22 15:48:55.421237,2026-09-22,0.7,0.701,71.18,8.807,11.0,40,2420,51.0,51.93333333333334,0.0942809041582076,11.933333333333332,0.047140452079103,40.0,0.0816496580927737,0.4793548089024406,0.0008197339869788,Data\NafisaData\LAS_Nafisa_Requested_Data_0.7Torr\OscopeData_Laser_True\Scope_TrialNumber_0_40.00W_0.70Torr_11.00NitrogenFlow_2420.00MHz.csv,True,33a310dd|Scope_TrialNumber_0_40.00W_0.70Torr_11.00NitrogenFlow_2420.00MHz.csv,1045.0475450130518,73.56737382725117,10.45047545013052,74.30592795310682,8341915952.971324,338569885.87639207,1019114497.6714244,1073882641.160771,1.5751437671112596,0.0411931857313375,0.0742052118834215,0.0024524712789188,3.0,1.113528698639375,1.8224655479188077,LAS_DataFrame_33a310dd_Laser_True_20260922_151050_LAS.csv,Data\NafisaData\LAS_Nafisa_Requested_Data_0.7Torr\OscopeData_Laser_True\Plasma_Off_Measuremnt_11.0.csv,
33a310dd,2026-09-22 15:49:13.723013,2026-09-22,0.7,0.701,71.21,8.8,11.0,45,2420,51.2,57.53333333333333,0.0942809041582076,12.5,0.0,45.03333333333333,0.0942809041582076,0.4661177870721702,0.0003822502723853,Data\NafisaData\LAS_Nafisa_Requested_Data_0.7Torr\OscopeData_Laser_True\Scope_TrialNumber_0_45.00W_0.70Torr_11.00NitrogenFlow_2420.00MHz.csv,True,33a310dd|Scope_TrialNumber_0_45.00W_0.70Torr_11.00NitrogenFlow_2420.00MHz.csv,1087.019257076449,52.85816902248154,10.870192570764493,53.964313383334456,9292634083.286266,221946426.46685985,1135261751.5235703,1156753846.1979604,1.606463243916579,0.0235344191535769,0.082662290652754,0.0011511441678713,3.0,1.1223505226579868,0.7840896239155241,LAS_DataFrame_33a310dd_Laser_True_20260922_151050_LAS.csv,Data\NafisaData\LAS_Nafisa_Requested_Data_0.7Torr\OscopeData_Laser_True\Plasma_Off_Measuremnt_11.0.csv,
33a310dd,2026-09-22 15:49:32.157534,2026-09-22,0.7,0.701,71.2,8.8,11.0,50,2420,51.5,63.26666666666666,0.1247219128924633,13.333333333333334,0.047140452079103,49.93333333333334,0.1247219128924633,0.4590729499993462,0.0008501103757041,Data\NafisaData\LAS_Nafisa_Requested_Data_0.7Torr\OscopeData_Laser_True\Scope_TrialNumber_0_50.00W_0.70Torr_11.00NitrogenFlow_2420.00MHz.csv,True,33a310dd|Scope_TrialNumber_0_50.00W_0.70Torr_11.00NitrogenFlow_2420.00MHz.csv,1018.2825540311952,57.42705995479405,10.182825540311953,58.32286987997024,9735425572.839428,270152681.407075,1189356665.5688767,1219652306.6860282,1.5548422236896136,0.0248143411404834,0.086601126345622,0.0013122485682818,3.0,1.1876160883895464,0.2791033769613071,LAS_DataFrame_33a310dd_Laser_True_20260922_151050_LAS.csv,Data\NafisaData\LAS_Nafisa_Requested_Data_0.7Torr\OscopeData_Laser_True\Plasma_Off_Measuremnt_11.0.csv,
33a310dd,2026-09-22 15:49:50.479787,2026-09-22,0.7,0.701,71.2,8.797,11.0,55,2420,51.9,68.93333333333334,0.1885618083164153,13.966666666666669,0.047140452079103,54.96666666666667,0.1699673171197619,0.4501236594359448,0.0006995689763359,Data\NafisaData\LAS_Nafisa_Requested_Data_0.7Torr\OscopeData_Laser_True\Scope_TrialNumber_0_55.00W_0.70Torr_11.00NitrogenFlow_2420.00MHz.csv,True,33a310dd|Scope_TrialNumber_0_55.00W_0.70Torr_11.00NitrogenFlow_2420.00MHz.csv,1074.4823427237106,57.03266516494807,10.744823427237106,58.035989922629774,10840812147.345451,283381980.17027694,1324399441.108852,1354377800.4289153,1.5971724702333927,0.0238139691128509,0.0964340526705501,0.0013681231245837,3.0,1.1972832912381892,0.3194815581809095,LAS_DataFrame_33a310dd_Laser_True_20260922_151050_LAS.csv,Data\NafisaData\LAS_Nafisa_Requested_Data_0.7Torr\OscopeData_Laser_True\Plasma_Off_Measuremnt_11.0.csv,
33a310dd,2026-09-22 15:50:09.046603,2026-09-22,0.7,0.701,71.21,8.8,11.0,60,2420,52.2,75.03333333333333,0.0471404520791004,14.9,0.0,60.13333333333333,0.0471404520791004,0.4456214406419239,0.0001399364838373,Data\NafisaData\LAS_Nafisa_Requested_Data_0.7Torr\OscopeData_Laser_True\Scope_TrialNumber_0_60.00W_0.70Torr_11.00NitrogenFlow_2420.00MHz.csv,True,33a310dd|Scope_TrialNumber_0_60.00W_0.70Torr_11.00NitrogenFlow_2420.00MHz.csv,1077.033784546824,66.15458643207671,10.77033784546824,67.02558827272338,11394649131.51815,378792826.1842536,1392060551.949458,1442676881.8631856,1.5990676509121635,0.028582121364992,0.10136068954763,0.0022239236944603,3.0,1.1952818253046362,1.153613245376628,LAS_DataFrame_33a310dd_Laser_True_20260922_151050_LAS.csv,Data\NafisaData\LAS_Nafisa_Requested_Data_0.7Torr\OscopeData_Laser_True\Plasma_Off_Measuremnt_11.0.csv,
33a310dd,2026-09-22 15:50:27.366316,2026-09-22,0.7,0.701,71.21,8.807,11.0,65,2420,52.7,81.1,0.0,16.1,0.0,65.0,0.0,0.4455562200808944,5.551115123125783e-17,Data\NafisaData\LAS_Nafisa_Requested_Data_0.7Torr\OscopeData_Laser_True\Scope_TrialNumber_0_65.00W_0.70Torr_11.00NitrogenFlow_2420.00MHz.csv,True,33a310dd|Scope_TrialNumber_0_65.00W_0.70Torr_11.00NitrogenFlow_2420.00MHz.csv,1077.1011204511672,59.00489296856523,10.771011204511671,59.97993061516122,11787415148.871391,348551107.47334164,1440043958.2477174,1481625619.448667,1.5991176368016635,0.0247955413496336,0.1048545254604605,0.0020020208052319,3.0,1.271159813516758,0.9251567519325828,LAS_DataFrame_33a310dd_Laser_True_20260922_151050_LAS.csv,Data\NafisaData\LAS_Nafisa_Requested_Data_0.7Torr\OscopeData_Laser_True\Plasma_Off_Measuremnt_11.0.csv,
33a310dd,2026-09-22 15:50:45.706250,2026-09-22,0.7,0.701,71.2,8.8,11.0,70,2420,53.2,86.89999999999999,0.2828427124746163,16.8,0.0,70.10000000000001,0.2828427124746163,0.4396898914943571,0.0007167922372791,Data\NafisaData\LAS_Nafisa_Requested_Data_0.7Torr\OscopeData_Laser_True\Scope_TrialNumber_0_70.00W_0.70Torr_11.00NitrogenFlow_2420.00MHz.csv,True,33a310dd|Scope_TrialNumber_0_70.00W_0.70Torr_11.00NitrogenFlow_2420.00MHz.csv,1098.1843341489712,61.2590348727034,10.981843341489713,62.23560264601053,12285968468.157698,340962346.8312317,1500951178.8923836,1539191269.262887,1.6146923823132335,0.0266259160300168,0.1092893884944912,0.0017763647888446,3.0,1.3127120277037565,0.7973699482557012,LAS_DataFrame_33a310dd_Laser_True_20260922_151050_LAS.csv,Data\NafisaData\LAS_Nafisa_Requested_Data_0.7Torr\OscopeData_Laser_True\Plasma_Off_Measuremnt_11.0.csv,
33a310dd,2026-09-22 15:51:04.265473,2026-09-22,0.7,0.701,71.2,8.793,11.0,75,2420,53.7,92.33333333333331,0.1247219128924639,17.4,0.0,74.93333333333334,0.1247219128924576,0.4341058755661534,0.0002930774642266,Data\NafisaData\LAS_Nafisa_Requested_Data_0.7Torr\OscopeData_Laser_True\Scope_TrialNumber_0_75.00W_0.70Torr_11.00NitrogenFlow_2420.00MHz.csv,True,33a310dd|Scope_TrialNumber_0_75.00W_0.70Torr_11.00NitrogenFlow_2420.00MHz.csv,1169.11066411051,58.19674853623032,11.6911066411051,59.35944334882966,13249871773.844002,308709529.7076476,1618709238.1579444,1647883846.4619374,1.6660191355971936,0.0287877503189395,0.1178637555148285,0.0017559090871302,3.0,1.2837546804735416,1.109111697511761,LAS_DataFrame_33a310dd_Laser_True_20260922_151050_LAS.csv,Data\NafisaData\LAS_Nafisa_Requested_Data_0.7Torr\OscopeData_Laser_True\Plasma_Off_Measuremnt_11.0.csv,
33a310dd,2026-09-22 15:51:22.758528,2026-09-22,0.7,0.701,71.2,8.798,11.0,80,2420,54.1,97.63333333333333,0.2054804667656331,17.6,0.0,80.03333333333335,0.2054804667656331,0.424578498158151,0.0004466196596519,Data\NafisaData\LAS_Nafisa_Requested_Data_0.7Torr\OscopeData_Laser_True\Scope_TrialNumber_0_80.00W_0.70Torr_11.00NitrogenFlow_2420.00MHz.csv,True,33a310dd|Scope_TrialNumber_0_80.00W_0.70Torr_11.00NitrogenFlow_2420.00MHz.csv,1097.7498030237489,58.49892477614524,10.97749803023749,59.51999380854275,13441654361.77468,352533593.5903405,1642138917.4861667,1679553559.4116547,1.61437289882782,0.024577851787816,0.1195697505947571,0.0017314221344366,3.0,1.2840550733031195,0.5530300285260394,LAS_DataFrame_33a310dd_Laser_True_20260922_151050_LAS.csv,Data\NafisaData\LAS_Nafisa_Requested_Data_0.7Torr\OscopeData_Laser_True\Plasma_Off_Measuremnt_11.0.csv,
33a310dd,2026-09-22 15:51:41.097366,2026-09-22,0.7,0.7019999999999998,71.2,8.797,11.0,85,2420,54.6,103.56666666666666,0.0471404520791004,18.466666666666665,0.0471404520791038,85.1,0.0816496580927679,0.4222639428126087,0.0005931080038811,Data\NafisaData\LAS_Nafisa_Requested_Data_0.7Torr\OscopeData_Laser_True\Scope_TrialNumber_0_85.00W_0.70Torr_11.00NitrogenFlow_2420.00MHz.csv,True,33a310dd|Scope_TrialNumber_0_85.00W_0.70Torr_11.00NitrogenFlow_2420.00MHz.csv,1162.5059431943096,58.70472308335094,11.625059431943097,59.84468664041216,14486827959.960129,373197440.9537569,1769825599.118915,1808745139.9329484,1.661306503756066,0.0243485646306738,0.1288670545649181,0.002000225726775,3.0,1.311813381020022,0.666790903106708,LAS_DataFrame_33a310dd_Laser_True_20260922_151050_LAS.csv,Data\NafisaData\LAS_Nafisa_Requested_Data_0.7Torr\OscopeData_Laser_True\Plasma_Off_Measuremnt_11.0.csv,
33a310dd,2026-09-22 15:51:59.557499,2026-09-22,0.7,0.701,71.19,8.801,11.0,90,2420,55.1,109.86666666666667,0.1247219128924639,19.9,0.0,89.96666666666665,0.1247219128924576,0.4255923118505615,0.0002416473944076,Data\NafisaData\LAS_Nafisa_Requested_Data_0.7Torr\OscopeData_Laser_True\Scope_TrialNumber_0_90.00W_0.70Torr_11.00NitrogenFlow_2420.00MHz.csv,True,33a310dd|Scope_TrialNumber_0_90.00W_0.70Torr_11.00NitrogenFlow_2420.00MHz.csv,1104.88311725018,67.81883891782633,11.0488311725018,68.71296516990459,14375189277.250338,435374878.7154177,1756186933.770104,1809349007.616083,1.6196096029703588,0.0258168532233873,0.1278739766974869,0.0019370146519552,3.0,1.3121849771674734,0.4217099515147755,LAS_DataFrame_33a310dd_Laser_True_20260922_151050_LAS.csv,Data\NafisaData\LAS_Nafisa_Requested_Data_0.7Torr\OscopeData_Laser_True\Plasma_Off_Measuremnt_11.0.csv,
33a310dd,2026-09-22 15:52:17.958079,2026-09-22,0.7,0.701,71.21,8.793,11.0,95,2420,55.6,116.83333333333331,0.2054804667656324,21.83333333333333,0.0471404520791021,95.0,0.2160246899469273,0.4322917391098892,0.0006342123881142,Data\NafisaData\LAS_Nafisa_Requested_Data_0.7Torr\OscopeData_Laser_True\Scope_TrialNumber_0_95.00W_0.70Torr_11.00NitrogenFlow_2420.00MHz.csv,True,33a310dd|Scope_TrialNumber_0_95.00W_0.70Torr_11.00NitrogenFlow_2420.00MHz.csv,1191.6608556845106,58.59747931751663,11.916608556845103,59.79690746070288,15191470621.075844,397171953.7236952,1855910325.4179156,1897932742.964705,1.682009758696713,0.0252717134672861,0.1351351778911384,0.0023591720286745,3.0,1.3127685290913318,0.9159136345955168,LAS_DataFrame_33a310dd_Laser_True_20260922_151050_LAS.csv,Data\NafisaData\LAS_Nafisa_Requested_Data_0.7Torr\OscopeData_Laser_True\Plasma_Off_Measuremnt_11.0.csv,
33a310dd,2026-09-22 15:52:36.387601,2026-09-22,0.7,0.701,71.2,8.797,11.0,100,2420,56.3,124.33333333333331,0.1247219128924639,24.33333333333333,0.0471404520791021,100.0,0.1414213562373081,0.442391744665517,0.000518171562063,Data\NafisaData\LAS_Nafisa_Requested_Data_0.7Torr\OscopeData_Laser_True\Scope_TrialNumber_0_100.00W_0.70Torr_11.00NitrogenFlow_2420.00MHz.csv,True,33a310dd|Scope_TrialNumber_0_100.00W_0.70Torr_11.00NitrogenFlow_2420.00MHz.csv,1179.1458562092812,57.71153142384153,11.791458562092812,58.90381442917428,15257248265.550198,367630572.9085481,1863946243.2435572,1899854688.0850756,1.6731540881574354,0.0248190989899098,0.1357203005503608,0.0019278219896487,3.0,1.3179083778692613,0.8225180244141604,LAS_DataFrame_33a310dd_Laser_True_20260922_151050_LAS.csv,Data\NafisaData\LAS_Nafisa_Requested_Data_0.7Torr\OscopeData_Laser_True\Plasma_Off_Measuremnt_11.0.csv,
33a310dd,2026-09-22 15:52:54.711220,2026-09-22,0.7,0.701,71.21,8.799,11.0,105,2420,57.1,133.0,0.0816496580927679,28.0,0.0816496580927737,105.0,0.0,0.4588308395333431,0.0005281514638046,Data\NafisaData\LAS_Nafisa_Requested_Data_0.7Torr\OscopeData_Laser_True\Scope_TrialNumber_0_105.00W_0.70Torr_11.00NitrogenFlow_2420.00MHz.csv,True,33a310dd|Scope_TrialNumber_0_105.00W_0.70Torr_11.00NitrogenFlow_2420.00MHz.csv,1225.1383261553938,65.81881769598114,12.251383261553938,66.9493327428906,15841388686.039574,420334246.4958778,1935309461.7838447,1980430153.1857505,1.7054725645345246,0.0247529264301735,0.1409165005500318,0.0019584074994597,3.0,1.3460396436483637,0.3510527527447331,LAS_DataFrame_33a310dd_Laser_True_20260922_151050_LAS.csv,Data\NafisaData\LAS_Nafisa_Requested_Data_0.7Torr\OscopeData_Laser_True\Plasma_Off_Measuremnt_11.0.csv,
33a310dd,2026-09-22 15:53:13.109930,2026-09-22,0.7,0.701,71.21,8.796,11.0,110,2420,58.0,142.23333333333332,0.0471404520791138,32.266666666666666,0.0471404520791004,109.96666666666664,0.0471404520791071,0.476295230799864,0.0003160631506587,Data\NafisaData\LAS_Nafisa_Requested_Data_0.7Torr\OscopeData_Laser_True\Scope_TrialNumber_0_110.00W_0.70Torr_11.00NitrogenFlow_2420.00MHz.csv,True,33a310dd|Scope_TrialNumber_0_110.00W_0.70Torr_11.00NitrogenFlow_2420.00MHz.csv,1172.522178508597,55.00674161263946,11.72522178508597,56.24253238207839,15865649784.57384,365588717.9118573,1938273389.6614568,1972449959.7541504,1.6684481220908942,0.0250534875291347,0.141132314275249,0.0020268083664136,3.0,1.357772060807032,0.8091810464488102,LAS_DataFrame_33a310dd_Laser_True_20260922_151050_LAS.csv,Data\NafisaData\LAS_Nafisa_Requested_Data_0.7Torr\OscopeData_Laser_True\Plasma_Off_Measuremnt_11.0.csv,
fe99af22,2026-09-23 15:21:01.169417,2026-09-23,0.8,0.8170000000000001,79.2,0.806,1.0,30,2420,45.4,37.2,0.0,7.133333333333333,0.0942809041582064,30.066666666666663,0.094280904158206,0.4378902354473253,0.0029007070378999,Data\NafisaData\LAS_Nafisa_Requested_Data_0.8Torr\OscopeData_Laser_True\Scope_TrialNumber_0_30.00W_0.80Torr_1.00NitrogenFlow_2420.00MHz.csv,True,fe99af22|Scope_TrialNumber_0_30.00W_0.80Torr_1.00NitrogenFlow_2420.00MHz.csv,,,,,,,,,,,,,,,,LAS_DataFrame_fe99af22_Laser_True_20260923_151938_LAS.csv,Data\NafisaData\LAS_Nafisa_Requested_Data_0.8Torr\OscopeData_Laser_True\Plasma_Off_Measuremnt_1.0.csv,
fe99af22,2026-09-23 15:21:19.602578,2026-09-23,0.8,0.8170000000000001,79.18,0.796,1.0,35,2420,46.1,43.86666666666667,0.0471404520791038,8.866666666666667,0.047140452079103,35.0,0.0,0.4495840582346416,0.000955011376411,Data\NafisaData\LAS_Nafisa_Requested_Data_0.8Torr\OscopeData_Laser_True\Scope_TrialNumber_0_35.00W_0.80Torr_1.00NitrogenFlow_2420.00MHz.csv,True,fe99af22|Scope_TrialNumber_0_35.00W_0.80Torr_1.00NitrogenFlow_2420.00MHz.csv,,,,,,,,,,,,,,,,LAS_DataFrame_fe99af22_Laser_True_20260923_151938_LAS.csv,Data\NafisaData\LAS_Nafisa_Requested_Data_0.8Torr\OscopeData_Laser_True\Plasma_Off_Measuremnt_1.0.csv,
fe99af22,2026-09-23 15:21:38.084589,2026-09-23,0.8,0.8170000000000001,79.21,0.791,1.0,40,2420,47.5,52.73333333333333,0.1247219128924633,12.733333333333334,0.0471404520791038,40.00000000000001,0.1414213562373081,0.4913927986152752,0.0011667859568986,Data\NafisaData\LAS_Nafisa_Requested_Data_0.8Torr\OscopeData_Laser_True\Scope_TrialNumber_0_40.00W_0.80Torr_1.00NitrogenFlow_2420.00MHz.csv,True,fe99af22|Scope_TrialNumber_0_40.00W_0.80Torr_1.00NitrogenFlow_2420.00MHz.csv,,,,,,,,,,,,,,,,LAS_DataFrame_fe99af22_Laser_True_20260923_151938_LAS.csv,Data\NafisaData\LAS_Nafisa_Requested_Data_0.8Torr\OscopeData_Laser_True\Plasma_Off_Measuremnt_1.0.csv,
fe99af22,2026-09-23 15:21:56.593104,2026-09-23,0.8,0.8170000000000001,79.2,0.8,1.0,45,2420,49.1,60.5,0.0816496580927737,15.466666666666669,0.047140452079103,45.03333333333333,0.0942809041582076,0.5056156031654951,0.0008434386519978,Data\NafisaData\LAS_Nafisa_Requested_Data_0.8Torr\OscopeData_Laser_True\Scope_TrialNumber_0_45.00W_0.80Torr_1.00NitrogenFlow_2420.00MHz.csv,True,fe99af22|Scope_TrialNumber_0_45.00W_0.80Torr_1.00NitrogenFlow_2420.00MHz.csv,,,,,,,,,,,,,,,,LAS_DataFrame_fe99af22_Laser_True_20260923_151938_LAS.csv,Data\NafisaData\LAS_Nafisa_Requested_Data_0.8Torr\OscopeData_Laser_True\Plasma_Off_Measuremnt_1.0.csv,
fe99af22,2026-09-23 15:22:14.993523,2026-09-23,0.8,0.8170000000000001,79.18,0.804,1.0,50,2420,50.0,63.06666666666666,1.1440668201153683,14.233333333333334,1.8624953392931995,48.833333333333336,2.7980151695244424,0.4742584825177476,0.0350002776640582,Data\NafisaData\LAS_Nafisa_Requested_Data_0.8Torr\OscopeData_Laser_True\Scope_TrialNumber_0_50.00W_0.80Torr_1.00NitrogenFlow_2420.00MHz.csv,True,fe99af22|Scope_TrialNumber_0_50.00W_0.80Torr_1.00NitrogenFlow_2420.00MHz.csv,,,,,,,,,,,,,,,,LAS_DataFrame_fe99af22_Laser_True_20260923_151938_LAS.csv,Data\NafisaData\LAS_Nafisa_Requested_Data_0.8Torr\OscopeData_Laser_True\Plasma_Off_Measuremnt_1.0.csv,
fe99af22,2026-09-23 15:22:33.332751,2026-09-23,0.8,0.8170000000000001,79.2,0.796,1.0,55,2420,50.8,69.13333333333334,0.1247219128924639,14.2,0.081649658092773,54.93333333333333,0.094280904158206,0.4532088928737642,0.0010808125025036,Data\NafisaData\LAS_Nafisa_Requested_Data_0.8Torr\OscopeData_Laser_True\Scope_TrialNumber_0_55.00W_0.80Torr_1.00NitrogenFlow_2420.00MHz.csv,True,fe99af22|Scope_TrialNumber_0_55.00W_0.80Torr_1.00NitrogenFlow_2420.00MHz.csv,,,,,,,,,,,,,,,,LAS_DataFrame_fe99af22_Laser_True_20260923_151938_LAS.csv,Data\NafisaData\LAS_Nafisa_Requested_Data_0.8Torr\OscopeData_Laser_True\Plasma_Off_Measuremnt_1.0.csv,
fe99af22,2026-09-23 15:22:51.704013,2026-09-23,0.8,0.8170000000000001,79.22,0.792,1.0,60,2420,51.9,78.7,0.1414213562373081,18.633333333333336,0.1247219128924649,60.06666666666666,0.0942809041582043,0.4865808574151661,0.0013274964386735,Data\NafisaData\LAS_Nafisa_Requested_Data_0.8Torr\OscopeData_Laser_True\Scope_TrialNumber_0_60.00W_0.80Torr_1.00NitrogenFlow_2420.00MHz.csv,True,fe99af22|Scope_TrialNumber_0_60.00W_0.80Torr_1.00NitrogenFlow_2420.00MHz.csv,,,,,,,,,,,,,,,,LAS_DataFrame_fe99af22_Laser_True_20260923_151938_LAS.csv,Data\NafisaData\LAS_Nafisa_Requested_Data_0.8Torr\OscopeData_Laser_True\Plasma_Off_Measuremnt_1.0.csv,
fe99af22,2026-09-23 15:23:10.155046,2026-09-23,0.8,0.8170000000000001,79.19,0.8,1.0,65,2420,53.2,88.36666666666667,0.2624669291337253,23.3,0.2160246899469284,65.06666666666666,0.0942809041582009,0.5134848818294097,0.0016872136655049,Data\NafisaData\LAS_Nafisa_Requested_Data_0.8Torr\OscopeData_Laser_True\Scope_TrialNumber_0_65.00W_0.80Torr_1.00NitrogenFlow_2420.00MHz.csv,True,fe99af22|Scope_TrialNumber_0_65.00W_0.80Torr_1.00NitrogenFlow_2420.00MHz.csv,,,,,,,,,,,,,,,,LAS_DataFrame_fe99af22_Laser_True_20260923_151938_LAS.csv,Data\NafisaData\LAS_Nafisa_Requested_Data_0.8Torr\OscopeData_Laser_True\Plasma_Off_Measuremnt_1.0.csv,
fe99af22,2026-09-23 15:23:28.534627,2026-09-23,0.8,0.8170000000000001,79.2,0.802,1.0,70,2420,54.4,97.86666666666667,0.3681787005729053,27.83333333333333,0.094280904158206,70.03333333333333,0.2867441755680888,0.5332927160792239,0.0004438916288861,Data\NafisaData\LAS_Nafisa_Requested_Data_0.8Torr\OscopeData_Laser_True\Scope_TrialNumber_0_70.00W_0.80Torr_1.00NitrogenFlow_2420.00MHz.csv,True,fe99af22|Scope_TrialNumber_0_70.00W_0.80Torr_1.00NitrogenFlow_2420.00MHz.csv,,,,,,,,,,,,,,,,LAS_DataFrame_fe99af22_Laser_True_20260923_151938_LAS.csv,Data\NafisaData\LAS_Nafisa_Requested_Data_0.8Torr\OscopeData_Laser_True\Plasma_Off_Measuremnt_1.0.csv,
fe99af22,2026-09-23 15:23:46.920019,2026-09-23,0.8,0.8170000000000001,79.19,0.801,1.0,75,2420,55.4,103.0,0.0816496580927679,28.03333333333333,0.0471404520791038,74.96666666666667,0.0471404520791004,0.5216972913068597,0.0002792229368966,Data\NafisaData\LAS_Nafisa_Requested_Data_0.8Torr\OscopeData_Laser_True\Scope_TrialNumber_0_75.00W_0.80Torr_1.00NitrogenFlow_2420.00MHz.csv,True,fe99af22|Scope_TrialNumber_0_75.00W_0.80Torr_1.00NitrogenFlow_2420.00MHz.csv,,,,,,,,,,,,,,,,LAS_DataFrame_fe99af22_Laser_True_20260923_151938_LAS.csv,Data\NafisaData\LAS_Nafisa_Requested_Data_0.8Torr\OscopeData_Laser_True\Plasma_Off_Measuremnt_1.0.csv,
fe99af22,2026-09-23 15:24:05.330338,2026-09-23,0.8,0.8170000000000001,79.2,0.798,1.0,80,2420,56.5,114.53333333333336,0.3091206165165258,34.666666666666664,0.2054804667656327,79.86666666666666,0.1247219128924702,0.5501583354921572,0.0009384765730528,Data\NafisaData\LAS_Nafisa_Requested_Data_0.8Torr\OscopeData_Laser_True\Scope_TrialNumber_0_80.00W_0.80Torr_1.00NitrogenFlow_2420.00MHz.csv,True,fe99af22|Scope_TrialNumber_0_80.00W_0.80Torr_1.00NitrogenFlow_2420.00MHz.csv,,,,,,,,,,,,,,,,LAS_DataFrame_fe99af22_Laser_True_20260923_151938_LAS.csv,Data\NafisaData\LAS_Nafisa_Requested_Data_0.8Torr\OscopeData_Laser_True\Plasma_Off_Measuremnt_1.0.csv,
fe99af22,2026-09-23 15:24:23.635516,2026-09-23,0.8,0.8170000000000001,79.21,0.795,1.0,85,2420,57.8,124.63333333333333,0.0471404520791071,39.6,0.1414213562373115,85.03333333333332,0.1247219128924626,0.5636762601815781,0.0009583969865687,Data\NafisaData\LAS_Nafisa_Requested_Data_0.8Torr\OscopeData_Laser_True\Scope_TrialNumber_0_85.00W_0.80Torr_1.00NitrogenFlow_2420.00MHz.csv,True,fe99af22|Scope_TrialNumber_0_85.00W_0.80Torr_1.00NitrogenFlow_2420.00MHz.csv,,,,,,,,,,,,,,,,LAS_DataFrame_fe99af22_Laser_True_20260923_151938_LAS.csv,Data\NafisaData\LAS_Nafisa_Requested_Data_0.8Torr\OscopeData_Laser_True\Plasma_Off_Measuremnt_1.0.csv,
fe99af22,2026-09-23 15:24:41.761947,2026-09-23,0.8,0.8170000000000001,79.21,0.798,1.0,90,2420,59.2,135.73333333333335,0.2357022603955158,45.66666666666666,0.1247219128924639,90.06666666666668,0.1247219128924639,0.580037401338565,0.0003565130462033,Data\NafisaData\LAS_Nafisa_Requested_Data_0.8Torr\OscopeData_Laser_True\Scope_TrialNumber_0_90.00W_0.80Torr_1.00NitrogenFlow_2420.00MHz.csv,True,fe99af22|Scope_TrialNumber_0_90.00W_0.80Torr_1.00NitrogenFlow_2420.00MHz.csv,,,,,,,,,,,,,,,,LAS_DataFrame_fe99af22_Laser_True_20260923_151938_LAS.csv,Data\NafisaData\LAS_Nafisa_Requested_Data_0.8Torr\OscopeData_Laser_True\Plasma_Off_Measuremnt_1.0.csv,
fe99af22,2026-09-23 15:25:00.033238,2026-09-23,0.8,0.8170000000000001,79.21,0.801,1.0,95,2420,60.7,147.3,0.2449489742783155,52.26666666666667,0.1247219128924633,95.03333333333336,0.1247219128924563,0.5956768829022544,0.0002434021024687,Data\NafisaData\LAS_Nafisa_Requested_Data_0.8Torr\OscopeData_Laser_True\Scope_TrialNumber_0_95.00W_0.80Torr_1.00NitrogenFlow_2420.00MHz.csv,True,fe99af22|Scope_TrialNumber_0_95.00W_0.80Torr_1.00NitrogenFlow_2420.00MHz.csv,,,,,,,,,,,,,,,,LAS_DataFrame_fe99af22_Laser_True_20260923_151938_LAS.csv,Data\NafisaData\LAS_Nafisa_Requested_Data_0.8Torr\OscopeData_Laser_True\Plasma_Off_Measuremnt_1.0.csv,
fe99af22,2026-09-23 15:25:18.402276,2026-09-23,0.8,0.8170000000000001,79.21,0.804,1.0,100,2420,62.2,158.76666666666665,0.1885618083164153,58.8,0.2160246899469284,99.96666666666664,0.0471404520791004,0.608566483598033,0.0007668579557694,Data\NafisaData\LAS_Nafisa_Requested_Data_0.8Torr\OscopeData_Laser_True\Scope_TrialNumber_0_100.00W_0.80Torr_1.00NitrogenFlow_2420.00MHz.csv,True,fe99af22|Scope_TrialNumber_0_100.00W_0.80Torr_1.00NitrogenFlow_2420.00MHz.csv,,,,,,,,,,,,,,,,LAS_DataFrame_fe99af22_Laser_True_20260923_151938_LAS.csv,Data\NafisaData\LAS_Nafisa_Requested_Data_0.8Torr\OscopeData_Laser_True\Plasma_Off_Measuremnt_1.0.csv,
fe99af22,2026-09-23 15:25:36.695631,2026-09-23,0.8,0.8170000000000001,79.21,0.802,1.0,105,2420,63.9,170.3,0.3741657386773855,65.4,0.3741657386773906,104.90000000000002,2.0097183471152322e-14,0.6196967116412496,0.0010932416624621,Data\NafisaData\LAS_Nafisa_Requested_Data_0.8Torr\OscopeData_Laser_True\Scope_TrialNumber_0_105.00W_0.80Torr_1.00NitrogenFlow_2420.00MHz.csv,True,fe99af22|Scope_TrialNumber_0_105.00W_0.80Torr_1.00NitrogenFlow_2420.00MHz.csv,,,,,,,,,,,,,,,,LAS_DataFrame_fe99af22_Laser_True_20260923_151938_LAS.csv,Data\NafisaData\LAS_Nafisa_Requested_Data_0.8Torr\OscopeData_Laser_True\Plasma_Off_Measuremnt_1.0.csv,
fe99af22,2026-09-23 15:25:55.068557,2026-09-23,0.8,0.8170000000000001,79.2,0.798,1.0,110,2420,65.6,181.9,0.2828427124746163,71.76666666666667,0.2054804667656324,110.13333333333333,0.1247219128924639,0.6281227781131248,0.0004909115126691,Data\NafisaData\LAS_Nafisa_Requested_Data_0.8Torr\OscopeData_Laser_True\Scope_TrialNumber_0_110.00W_0.80Torr_1.00NitrogenFlow_2420.00MHz.csv,True,fe99af22|Scope_TrialNumber_0_110.00W_0.80Torr_1.00NitrogenFlow_2420.00MHz.csv,,,,,,,,,,,,,,,,LAS_DataFrame_fe99af22_Laser_True_20260923_151938_LAS.csv,Data\NafisaData\LAS_Nafisa_Requested_Data_0.8Torr\OscopeData_Laser_True\Plasma_Off_Measuremnt_1.0.csv,
fe99af22,2026-09-23 15:27:33.402057,2026-09-23,0.8,0.815,77.59,2.405,3.0,30,2420,48.2,37.16666666666666,0.1247219128924639,7.133333333333333,0.0471404520791034,30.03333333333333,0.124721912892463,0.4380951700263286,0.0014911356568699,Data\NafisaData\LAS_Nafisa_Requested_Data_0.8Torr\OscopeData_Laser_True\Scope_TrialNumber_0_30.00W_0.80Torr_3.00NitrogenFlow_2420.00MHz.csv,True,fe99af22|Scope_TrialNumber_0_30.00W_0.80Torr_3.00NitrogenFlow_2420.00MHz.csv,,,,,,,,,,,,,,,,LAS_DataFrame_fe99af22_Laser_True_20260923_151938_LAS.csv,Data\NafisaData\LAS_Nafisa_Requested_Data_0.8Torr\OscopeData_Laser_True\Plasma_Off_Measuremnt_3.0.csv,
fe99af22,2026-09-23 15:27:51.790606,2026-09-23,0.8,0.815,77.59,2.399,3.0,35,2420,48.6,43.03333333333333,0.0471404520791038,8.0,0.0,35.03333333333333,0.0471404520791038,0.4311642012532237,0.0002360203083471,Data\NafisaData\LAS_Nafisa_Requested_Data_0.8Torr\OscopeData_Laser_True\Scope_TrialNumber_0_35.00W_0.80Torr_3.00NitrogenFlow_2420.00MHz.csv,True,fe99af22|Scope_TrialNumber_0_35.00W_0.80Torr_3.00NitrogenFlow_2420.00MHz.csv,,,,,,,,,,,,,,,,LAS_DataFrame_fe99af22_Laser_True_20260923_151938_LAS.csv,Data\NafisaData\LAS_Nafisa_Requested_Data_0.8Torr\OscopeData_Laser_True\Plasma_Off_Measuremnt_3.0.csv,
fe99af22,2026-09-23 15:28:10.123545,2026-09-23,0.8,0.815,77.61,2.397,3.0,40,2420,49.2,49.3,0.1414213562373081,9.2,0.0,40.1,0.1414213562373081,0.4319881129395639,0.0006205432865322,Data\NafisaData\LAS_Nafisa_Requested_Data_0.8Torr\OscopeData_Laser_True\Scope_TrialNumber_0_40.00W_0.80Torr_3.00NitrogenFlow_2420.00MHz.csv,True,fe99af22|Scope_TrialNumber_0_40.00W_0.80Torr_3.00NitrogenFlow_2420.00MHz.csv,,,,,,,,,,,,,,,,LAS_DataFrame_fe99af22_Laser_True_20260923_151938_LAS.csv,Data\NafisaData\LAS_Nafisa_Requested_Data_0.8Torr\OscopeData_Laser_True\Plasma_Off_Measuremnt_3.0.csv,
fe99af22,2026-09-23 15:28:28.453780,2026-09-23,0.8,0.816,77.6,2.399,3.0,45,2420,49.8,55.333333333333336,0.0471404520791038,10.4,0.0,44.93333333333334,0.0471404520791038,0.4335342079795727,0.0001845883130324,Data\NafisaData\LAS_Nafisa_Requested_Data_0.8Torr\OscopeData_Laser_True\Scope_TrialNumber_0_45.00W_0.80Torr_3.00NitrogenFlow_2420.00MHz.csv,True,fe99af22|Scope_TrialNumber_0_45.00W_0.80Torr_3.00NitrogenFlow_2420.00MHz.csv,,,,,,,,,,,,,,,,LAS_DataFrame_fe99af22_Laser_True_20260923_151938_LAS.csv,Data\NafisaData\LAS_Nafisa_Requested_Data_0.8Torr\OscopeData_Laser_True\Plasma_Off_Measuremnt_3.0.csv,
fe99af22,2026-09-23 15:28:46.946101,2026-09-23,0.8,0.816,77.61,2.4,3.0,50,2420,50.5,62.0,0.0816496580927737,12.0,0.0,50.0,0.0816496580927737,0.4399416311867052,0.000289686512666,Data\NafisaData\LAS_Nafisa_Requested_Data_0.8Torr\OscopeData_Laser_True\Scope_TrialNumber_0_50.00W_0.80Torr_3.00NitrogenFlow_2420.00MHz.csv,True,fe99af22|Scope_TrialNumber_0_50.00W_0.80Torr_3.00NitrogenFlow_2420.00MHz.csv,,,,,,,,,,,,,,,,LAS_DataFrame_fe99af22_Laser_True_20260923_151938_LAS.csv,Data\NafisaData\LAS_Nafisa_Requested_Data_0.8Torr\OscopeData_Laser_True\Plasma_Off_Measuremnt_3.0.csv,
fe99af22,2026-09-23 15:29:05.425342,2026-09-23,0.8,0.816,77.61,2.39,3.0,55,2420,51.2,69.0,0.0,14.0,0.0,55.0,0.0,0.4504426164614508,0.0,Data\NafisaData\LAS_Nafisa_Requested_Data_0.8Torr\OscopeData_Laser_True\Scope_TrialNumber_0_55.00W_0.80Torr_3.00NitrogenFlow_2420.00MHz.csv,True,fe99af22|Scope_TrialNumber_0_55.00W_0.80Torr_3.00NitrogenFlow_2420.00MHz.csv,,,,,,,,,,,,,,,,LAS_DataFrame_fe99af22_Laser_True_20260923_151938_LAS.csv,Data\NafisaData\LAS_Nafisa_Requested_Data_0.8Torr\OscopeData_Laser_True\Plasma_Off_Measuremnt_3.0.csv,
fe99af22,2026-09-23 15:29:23.866774,2026-09-23,0.8,0.816,77.59,2.404,3.0,60,2420,52.5,79.56666666666668,0.1247219128924626,19.666666666666668,0.0471404520791021,59.9,0.1414213562373064,0.497164330173718,0.0007717614595576,Data\NafisaData\LAS_Nafisa_Requested_Data_0.8Torr\OscopeData_Laser_True\Scope_TrialNumber_0_60.00W_0.80Torr_3.00NitrogenFlow_2420.00MHz.csv,True,fe99af22|Scope_TrialNumber_0_60.00W_0.80Torr_3.00NitrogenFlow_2420.00MHz.csv,,,,,,,,,,,,,,,,LAS_DataFrame_fe99af22_Laser_True_20260923_151938_LAS.csv,Data\NafisaData\LAS_Nafisa_Requested_Data_0.8Torr\OscopeData_Laser_True\Plasma_Off_Measuremnt_3.0.csv,
fe99af22,2026-09-23 15:29:42.360578,2026-09-23,0.8,0.816,77.59,2.393,3.0,65,2420,53.6,86.96666666666665,0.1885618083164086,21.96666666666667,0.0942809041582076,65.0,0.1632993161855359,0.5025796857432195,0.0009326413764844,Data\NafisaData\LAS_Nafisa_Requested_Data_0.8Torr\OscopeData_Laser_True\Scope_TrialNumber_0_65.00W_0.80Torr_3.00NitrogenFlow_2420.00MHz.csv,True,fe99af22|Scope_TrialNumber_0_65.00W_0.80Torr_3.00NitrogenFlow_2420.00MHz.csv,,,,,,,,,,,,,,,,LAS_DataFrame_fe99af22_Laser_True_20260923_151938_LAS.csv,Data\NafisaData\LAS_Nafisa_Requested_Data_0.8Torr\OscopeData_Laser_True\Plasma_Off_Measuremnt_3.0.csv,
fe99af22,2026-09-23 15:30:00.837924,2026-09-23,0.8,0.815,77.59,2.398,3.0,70,2420,54.6,93.5,0.0816496580927679,23.566666666666663,0.0471404520791038,69.93333333333334,0.0471404520791004,0.502045428184753,0.0003312012281451,Data\NafisaData\LAS_Nafisa_Requested_Data_0.8Torr\OscopeData_Laser_True\Scope_TrialNumber_0_70.00W_0.80Torr_3.00NitrogenFlow_2420.00MHz.csv,True,fe99af22|Scope_TrialNumber_0_70.00W_0.80Torr_3.00NitrogenFlow_2420.00MHz.csv,,,,,,,,,,,,,,,,LAS_DataFrame_fe99af22_Laser_True_20260923_151938_LAS.csv,Data\NafisaData\LAS_Nafisa_Requested_Data_0.8Torr\OscopeData_Laser_True\Plasma_Off_Measuremnt_3.0.csv,
fe99af22,2026-09-23 15:30:19.284587,2026-09-23,0.8,0.816,77.61,2.404,3.0,75,2420,55.2,96.73333333333332,0.6548960901462808,22.266666666666666,0.3091206165165228,74.46666666666668,0.9285592184789416,0.4797832673733114,0.0047729768363246,Data\NafisaData\LAS_Nafisa_Requested_Data_0.8Torr\OscopeData_Laser_True\Scope_TrialNumber_0_75.00W_0.80Torr_3.00NitrogenFlow_2420.00MHz.csv,True,fe99af22|Scope_TrialNumber_0_75.00W_0.80Torr_3.00NitrogenFlow_2420.00MHz.csv,,,,,,,,,,,,,,,,LAS_DataFrame_fe99af22_Laser_True_20260923_151938_LAS.csv,Data\NafisaData\LAS_Nafisa_Requested_Data_0.8Torr\OscopeData_Laser_True\Plasma_Off_Measuremnt_3.0.csv,
fe99af22,2026-09-23 15:30:37.759297,2026-09-23,0.8,0.816,77.61,2.396,3.0,80,2420,55.6,100.56666666666666,0.2054804667656324,20.5,0.0816496580927737,80.06666666666666,0.2867441755680944,0.4514925616375284,0.0013585749435465,Data\NafisaData\LAS_Nafisa_Requested_Data_0.8Torr\OscopeData_Laser_True\Scope_TrialNumber_0_80.00W_0.80Torr_3.00NitrogenFlow_2420.00MHz.csv,True,fe99af22|Scope_TrialNumber_0_80.00W_0.80Torr_3.00NitrogenFlow_2420.00MHz.csv,,,,,,,,,,,,,,,,LAS_DataFrame_fe99af22_Laser_True_20260923_151938_LAS.csv,Data\NafisaData\LAS_Nafisa_Requested_Data_0.8Torr\OscopeData_Laser_True\Plasma_Off_Measuremnt_3.0.csv,
fe99af22,2026-09-23 15:30:56.130632,2026-09-23,0.8,0.816,77.6,2.405,3.0,85,2420,56.3,109.5,0.0816496580927679,24.566666666666663,0.0471404520791038,84.93333333333334,0.0471404520791004,0.4736590208750867,0.0003143894856184,Data\NafisaData\LAS_Nafisa_Requested_Data_0.8Torr\OscopeData_Laser_True\Scope_TrialNumber_0_85.00W_0.80Torr_3.00NitrogenFlow_2420.00MHz.csv,True,fe99af22|Scope_TrialNumber_0_85.00W_0.80Torr_3.00NitrogenFlow_2420.00MHz.csv,,,,,,,,,,,,,,,,LAS_DataFrame_fe99af22_Laser_True_20260923_151938_LAS.csv,Data\NafisaData\LAS_Nafisa_Requested_Data_0.8Torr\OscopeData_Laser_True\Plasma_Off_Measuremnt_3.0.csv,
fe99af22,2026-09-23 15:31:14.570284,2026-09-23,0.8,0.815,77.61,2.393,3.0,90,2420,57.4,119.23333333333332,0.2494438257849266,29.3,0.0816496580927723,89.93333333333332,0.1699673171197563,0.4957179411369036,0.0002060257831955,Data\NafisaData\LAS_Nafisa_Requested_Data_0.8Torr\OscopeData_Laser_True\Scope_TrialNumber_0_90.00W_0.80Torr_3.00NitrogenFlow_2420.00MHz.csv,True,fe99af22|Scope_TrialNumber_0_90.00W_0.80Torr_3.00NitrogenFlow_2420.00MHz.csv,,,,,,,,,,,,,,,,LAS_DataFrame_fe99af22_Laser_True_20260923_151938_LAS.csv,Data\NafisaData\LAS_Nafisa_Requested_Data_0.8Torr\OscopeData_Laser_True\Plasma_Off_Measuremnt_3.0.csv,
fe99af22,2026-09-23 15:31:33.054520,2026-09-23,0.8,0.816,77.6,2.404,3.0,95,2420,58.5,129.16666666666666,0.1247219128924677,34.43333333333334,0.0471404520791038,94.73333333333332,0.1699673171197591,0.5163147037468333,0.0005947047790114,Data\NafisaData\LAS_Nafisa_Requested_Data_0.8Torr\OscopeData_Laser_True\Scope_TrialNumber_0_95.00W_0.80Torr_3.00NitrogenFlow_2420.00MHz.csv,True,fe99af22|Scope_TrialNumber_0_95.00W_0.80Torr_3.00NitrogenFlow_2420.00MHz.csv,,,,,,,,,,,,,,,,LAS_DataFrame_fe99af22_Laser_True_20260923_151938_LAS.csv,Data\NafisaData\LAS_Nafisa_Requested_Data_0.8Torr\OscopeData_Laser_True\Plasma_Off_Measuremnt_3.0.csv,
fe99af22,2026-09-23 15:31:51.414039,2026-09-23,0.8,0.816,77.59,2.387,3.0,100,2420,59.7,139.79999999999998,0.0816496580927795,39.86666666666667,0.0942809041582076,99.93333333333334,0.0471404520791105,0.5340119788671679,0.0005021283109929,Data\NafisaData\LAS_Nafisa_Requested_Data_0.8Torr\OscopeData_Laser_True\Scope_TrialNumber_0_100.00W_0.80Torr_3.00NitrogenFlow_2420.00MHz.csv,True,fe99af22|Scope_TrialNumber_0_100.00W_0.80Torr_3.00NitrogenFlow_2420.00MHz.csv,,,,,,,,,,,,,,,,LAS_DataFrame_fe99af22_Laser_True_20260923_151938_LAS.csv,Data\NafisaData\LAS_Nafisa_Requested_Data_0.8Torr\OscopeData_Laser_True\Plasma_Off_Measuremnt_3.0.csv,
fe99af22,2026-09-23 15:32:09.876320,2026-09-23,0.8,0.815,77.59,2.395,3.0,105,2420,61.0,148.83333333333334,0.0942809041582143,43.76666666666667,0.0471404520791004,105.06666666666666,0.0471404520791138,0.542277468138172,0.0001203458374409,Data\NafisaData\LAS_Nafisa_Requested_Data_0.8Torr\OscopeData_Laser_True\Scope_TrialNumber_0_105.00W_0.80Torr_3.00NitrogenFlow_2420.00MHz.csv,True,fe99af22|Scope_TrialNumber_0_105.00W_0.80Torr_3.00NitrogenFlow_2420.00MHz.csv,,,,,,,,,,,,,,,,LAS_DataFrame_fe99af22_Laser_True_20260923_151938_LAS.csv,Data\NafisaData\LAS_Nafisa_Requested_Data_0.8Torr\OscopeData_Laser_True\Plasma_Off_Measuremnt_3.0.csv,
fe99af22,2026-09-23 15:32:28.265084,2026-09-23,0.8,0.816,77.6,2.408,3.0,110,2420,61.9,152.73333333333332,0.0471404520791138,42.63333333333333,0.1699673171197596,110.09999999999998,0.1414213562373014,0.5283318456615403,0.0009989611525754,Data\NafisaData\LAS_Nafisa_Requested_Data_0.8Torr\OscopeData_Laser_True\Scope_TrialNumber_0_110.00W_0.80Torr_3.00NitrogenFlow_2420.00MHz.csv,True,fe99af22|Scope_TrialNumber_0_110.00W_0.80Torr_3.00NitrogenFlow_2420.00MHz.csv,,,,,,,,,,,,,,,,LAS_DataFrame_fe99af22_Laser_True_20260923_151938_LAS.csv,Data\NafisaData\LAS_Nafisa_Requested_Data_0.8Torr\OscopeData_Laser_True\Plasma_Off_Measuremnt_3.0.csv,
fe99af22,2026-09-23 15:33:55.933717,2026-09-23,0.8,0.8140000000000001,76.01,4.004,5.0,30,2420,48.5,37.76666666666667,0.1699673171197586,7.733333333333334,0.1247219128924649,30.03333333333333,0.047140452079103,0.4524915032637507,0.0026297445468603,Data\NafisaData\LAS_Nafisa_Requested_Data_0.8Torr\OscopeData_Laser_True\Scope_TrialNumber_0_30.00W_0.80Torr_5.00NitrogenFlow_2420.00MHz.csv,True,fe99af22|Scope_TrialNumber_0_30.00W_0.80Torr_5.00NitrogenFlow_2420.00MHz.csv,,,,,,,,,,,,,,,,LAS_DataFrame_fe99af22_Laser_True_20260923_151938_LAS.csv,Data\NafisaData\LAS_Nafisa_Requested_Data_0.8Torr\OscopeData_Laser_True\Plasma_Off_Measuremnt_5.0.csv,
fe99af22,2026-09-23 15:34:14.315046,2026-09-23,0.8,0.8140000000000001,76.0,4.004,5.0,35,2420,49.0,43.63333333333333,0.0942809041582076,8.466666666666667,0.047140452079103,35.166666666666664,0.1247219128924664,0.440500864069862,0.0015224868773301,Data\NafisaData\LAS_Nafisa_Requested_Data_0.8Torr\OscopeData_Laser_True\Scope_TrialNumber_0_35.00W_0.80Torr_5.00NitrogenFlow_2420.00MHz.csv,True,fe99af22|Scope_TrialNumber_0_35.00W_0.80Torr_5.00NitrogenFlow_2420.00MHz.csv,,,,,,,,,,,,,,,,LAS_DataFrame_fe99af22_Laser_True_20260923_151938_LAS.csv,Data\NafisaData\LAS_Nafisa_Requested_Data_0.8Torr\OscopeData_Laser_True\Plasma_Off_Measuremnt_5.0.csv,
fe99af22,2026-09-23 15:34:32.789832,2026-09-23,0.8,0.8140000000000001,76.02,3.993,5.0,40,2420,49.6,49.3,0.0816496580927708,9.3,0.0,40.0,0.0816496580927679,0.434328633299825,0.0003596638215349,Data\NafisaData\LAS_Nafisa_Requested_Data_0.8Torr\OscopeData_Laser_True\Scope_TrialNumber_0_40.00W_0.80Torr_5.00NitrogenFlow_2420.00MHz.csv,True,fe99af22|Scope_TrialNumber_0_40.00W_0.80Torr_5.00NitrogenFlow_2420.00MHz.csv,,,,,,,,,,,,,,,,LAS_DataFrame_fe99af22_Laser_True_20260923_151938_LAS.csv,Data\NafisaData\LAS_Nafisa_Requested_Data_0.8Torr\OscopeData_Laser_True\Plasma_Off_Measuremnt_5.0.csv,
fe99af22,2026-09-23 15:34:51.316539,2026-09-23,0.8,0.8140000000000001,76.0,3.999,5.0,45,2420,50.3,55.43333333333334,0.1699673171197586,10.4,0.0,45.03333333333334,0.1699673171197586,0.4331444016745704,0.0006648546212486,Data\NafisaData\LAS_Nafisa_Requested_Data_0.8Torr\OscopeData_Laser_True\Scope_TrialNumber_0_45.00W_0.80Torr_5.00NitrogenFlow_2420.00MHz.csv,True,fe99af22|Scope_TrialNumber_0_45.00W_0.80Torr_5.00NitrogenFlow_2420.00MHz.csv,,,,,,,,,,,,,,,,LAS_DataFrame_fe99af22_Laser_True_20260923_151938_LAS.csv,Data\NafisaData\LAS_Nafisa_Requested_Data_0.8Torr\OscopeData_Laser_True\Plasma_Off_Measuremnt_5.0.csv,
fe99af22,2026-09-23 15:35:09.730134,2026-09-23,0.8,0.8140000000000001,76.0,4.004,5.0,50,2420,50.9,61.63333333333333,0.0471404520791038,11.5,0.0,50.13333333333333,0.0471404520791038,0.4319576672996634,0.00016512514986,Data\NafisaData\LAS_Nafisa_Requested_Data_0.8Torr\OscopeData_Laser_True\Scope_TrialNumber_0_50.00W_0.80Torr_5.00NitrogenFlow_2420.00MHz.csv,True,fe99af22|Scope_TrialNumber_0_50.00W_0.80Torr_5.00NitrogenFlow_2420.00MHz.csv,,,,,,,,,,,,,,,,LAS_DataFrame_fe99af22_Laser_True_20260923_151938_LAS.csv,Data\NafisaData\LAS_Nafisa_Requested_Data_0.8Torr\OscopeData_Laser_True\Plasma_Off_Measuremnt_5.0.csv,
fe99af22,2026-09-23 15:35:28.247401,2026-09-23,0.8,0.8140000000000001,75.99,3.995,5.0,55,2420,51.5,67.26666666666667,0.124721912892469,12.300000000000002,1.7763568394002505e-15,54.96666666666667,0.124721912892469,0.4276152276841569,0.000396640934595,Data\NafisaData\LAS_Nafisa_Requested_Data_0.8Torr\OscopeData_Laser_True\Scope_TrialNumber_0_55.00W_0.80Torr_5.00NitrogenFlow_2420.00MHz.csv,True,fe99af22|Scope_TrialNumber_0_55.00W_0.80Torr_5.00NitrogenFlow_2420.00MHz.csv,,,,,,,,,,,,,,,,LAS_DataFrame_fe99af22_Laser_True_20260923_151938_LAS.csv,Data\NafisaData\LAS_Nafisa_Requested_Data_0.8Torr\OscopeData_Laser_True\Plasma_Off_Measuremnt_5.0.csv,
fe99af22,2026-09-23 15:35:46.718886,2026-09-23,0.8,0.8140000000000001,76.0,3.996,5.0,60,2420,52.2,73.66666666666666,0.0942809041582076,13.766666666666666,0.0471404520791038,59.9,0.0816496580927737,0.4322930768026836,0.0006484627803963,Data\NafisaData\LAS_Nafisa_Requested_Data_0.8Torr\OscopeData_Laser_True\Scope_TrialNumber_0_60.00W_0.80Torr_5.00NitrogenFlow_2420.00MHz.csv,True,fe99af22|Scope_TrialNumber_0_60.00W_0.80Torr_5.00NitrogenFlow_2420.00MHz.csv,,,,,,,,,,,,,,,,LAS_DataFrame_fe99af22_Laser_True_20260923_151938_LAS.csv,Data\NafisaData\LAS_Nafisa_Requested_Data_0.8Torr\OscopeData_Laser_True\Plasma_Off_Measuremnt_5.0.csv,
fe99af22,2026-09-23 15:36:04.991575,2026-09-23,0.8,0.8140000000000001,76.0,4.004,5.0,65,2420,52.9,80.6,0.0816496580927737,15.566666666666668,0.047140452079103,65.03333333333335,0.0471404520791071,0.4394704435788537,0.000486071118342,Data\NafisaData\LAS_Nafisa_Requested_Data_0.8Torr\OscopeData_Laser_True\Scope_TrialNumber_0_65.00W_0.80Torr_5.00NitrogenFlow_2420.00MHz.csv,True,fe99af22|Scope_TrialNumber_0_65.00W_0.80Torr_5.00NitrogenFlow_2420.00MHz.csv,,,,,,,,,,,,,,,,LAS_DataFrame_fe99af22_Laser_True_20260923_151938_LAS.csv,Data\NafisaData\LAS_Nafisa_Requested_Data_0.8Torr\OscopeData_Laser_True\Plasma_Off_Measuremnt_5.0.csv,
fe99af22,2026-09-23 15:36:23.319847,2026-09-23,0.8,0.8140000000000001,75.99,4.001,5.0,70,2420,54.0,90.96666666666664,0.2054804667656324,20.966666666666665,0.0471404520791038,70.0,0.2449489742783212,0.4800920941580557,0.0010272331367246,Data\NafisaData\LAS_Nafisa_Requested_Data_0.8Torr\OscopeData_Laser_True\Scope_TrialNumber_0_70.00W_0.80Torr_5.00NitrogenFlow_2420.00MHz.csv,True,fe99af22|Scope_TrialNumber_0_70.00W_0.80Torr_5.00NitrogenFlow_2420.00MHz.csv,,,,,,,,,,,,,,,,LAS_DataFrame_fe99af22_Laser_True_20260923_151938_LAS.csv,Data\NafisaData\LAS_Nafisa_Requested_Data_0.8Torr\OscopeData_Laser_True\Plasma_Off_Measuremnt_5.0.csv,
fe99af22,2026-09-23 15:36:41.640654,2026-09-23,0.8,0.8140000000000001,75.98,3.996,5.0,75,2420,55.3,99.93333333333334,0.0471404520791004,24.933333333333334,0.0471404520791038,75.0,0.0816496580927679,0.4994992901420181,0.0005406608177668,Data\NafisaData\LAS_Nafisa_Requested_Data_0.8Torr\OscopeData_Laser_True\Scope_TrialNumber_0_75.00W_0.80Torr_5.00NitrogenFlow_2420.00MHz.csv,True,fe99af22|Scope_TrialNumber_0_75.00W_0.80Torr_5.00NitrogenFlow_2420.00MHz.csv,,,,,,,,,,,,,,,,LAS_DataFrame_fe99af22_Laser_True_20260923_151938_LAS.csv,Data\NafisaData\LAS_Nafisa_Requested_Data_0.8Torr\OscopeData_Laser_True\Plasma_Off_Measuremnt_5.0.csv,
fe99af22,2026-09-23 15:36:59.982211,2026-09-23,0.8,0.8140000000000001,76.0,3.993,5.0,80,2420,56.4,107.16666666666669,0.1699673171197628,27.23333333333333,0.0471404520791038,79.93333333333334,0.1247219128924702,0.5041044107796601,0.0001075119262313,Data\NafisaData\LAS_Nafisa_Requested_Data_0.8Torr\OscopeData_Laser_True\Scope_TrialNumber_0_80.00W_0.80Torr_5.00NitrogenFlow_2420.00MHz.csv,True,fe99af22|Scope_TrialNumber_0_80.00W_0.80Torr_5.00NitrogenFlow_2420.00MHz.csv,,,,,,,,,,,,,,,,LAS_DataFrame_fe99af22_Laser_True_20260923_151938_LAS.csv,Data\NafisaData\LAS_Nafisa_Requested_Data_0.8Torr\OscopeData_Laser_True\Plasma_Off_Measuremnt_5.0.csv,
fe99af22,2026-09-23 15:37:18.418226,2026-09-23,0.8,0.8140000000000001,76.0,3.998,5.0,85,2420,57.5,114.16666666666669,0.0471404520791071,29.2,0.0,84.96666666666665,0.0471404520791071,0.5057335821068143,0.0001044338650903,Data\NafisaData\LAS_Nafisa_Requested_Data_0.8Torr\OscopeData_Laser_True\Scope_TrialNumber_0_85.00W_0.80Torr_5.00NitrogenFlow_2420.00MHz.csv,True,fe99af22|Scope_TrialNumber_0_85.00W_0.80Torr_5.00NitrogenFlow_2420.00MHz.csv,,,,,,,,,,,,,,,,LAS_DataFrame_fe99af22_Laser_True_20260923_151938_LAS.csv,Data\NafisaData\LAS_Nafisa_Requested_Data_0.8Torr\OscopeData_Laser_True\Plasma_Off_Measuremnt_5.0.csv,
fe99af22,2026-09-23 15:37:36.794825,2026-09-23,0.8,0.8140000000000001,76.0,4.001,5.0,90,2420,58.3,118.66666666666669,0.0471404520791071,29.1,0.2160246899469284,89.56666666666666,0.249443825784933,0.4951985449434442,0.0019058999391766,Data\NafisaData\LAS_Nafisa_Requested_Data_0.8Torr\OscopeData_Laser_True\Scope_TrialNumber_0_90.00W_0.80Torr_5.00NitrogenFlow_2420.00MHz.csv,True,fe99af22|Scope_TrialNumber_0_90.00W_0.80Torr_5.00NitrogenFlow_2420.00MHz.csv,,,,,,,,,,,,,,,,LAS_DataFrame_fe99af22_Laser_True_20260923_151938_LAS.csv,Data\NafisaData\LAS_Nafisa_Requested_Data_0.8Torr\OscopeData_Laser_True\Plasma_Off_Measuremnt_5.0.csv,
fe99af22,2026-09-23 15:37:55.191889,2026-09-23,0.8,0.8140000000000001,76.0,4.0,5.0,95,2420,58.9,123.23333333333332,0.2494438257849266,28.366666666666664,0.0471404520791021,94.86666666666667,0.2624669291337253,0.4797783448337118,0.0006847349339394,Data\NafisaData\LAS_Nafisa_Requested_Data_0.8Torr\OscopeData_Laser_True\Scope_TrialNumber_0_95.00W_0.80Torr_5.00NitrogenFlow_2420.00MHz.csv,True,fe99af22|Scope_TrialNumber_0_95.00W_0.80Torr_5.00NitrogenFlow_2420.00MHz.csv,,,,,,,,,,,,,,,,LAS_DataFrame_fe99af22_Laser_True_20260923_151938_LAS.csv,Data\NafisaData\LAS_Nafisa_Requested_Data_0.8Torr\OscopeData_Laser_True\Plasma_Off_Measuremnt_5.0.csv,
fe99af22,2026-09-23 15:38:13.572493,2026-09-23,0.8,0.8140000000000001,75.98,4.005,5.0,100,2420,59.3,126.06666666666668,0.1247219128924626,26.066666666666663,0.0471404520791038,100.0,0.0816496580927679,0.4547182788185612,0.0002119888638267,Data\NafisaData\LAS_Nafisa_Requested_Data_0.8Torr\OscopeData_Laser_True\Scope_TrialNumber_0_100.00W_0.80Torr_5.00NitrogenFlow_2420.00MHz.csv,True,fe99af22|Scope_TrialNumber_0_100.00W_0.80Torr_5.00NitrogenFlow_2420.00MHz.csv,,,,,,,,,,,,,,,,LAS_DataFrame_fe99af22_Laser_True_20260923_151938_LAS.csv,Data\NafisaData\LAS_Nafisa_Requested_Data_0.8Torr\OscopeData_Laser_True\Plasma_Off_Measuremnt_5.0.csv,
fe99af22,2026-09-23 15:38:31.994143,2026-09-23,0.8,0.8140000000000001,75.99,4.001,5.0,105,2420,60.0,135.03333333333333,0.0471404520791004,30.066666666666663,0.0471404520791038,104.96666666666664,0.0471404520791004,0.4718696051932374,0.0003365167948812,Data\NafisaData\LAS_Nafisa_Requested_Data_0.8Torr\OscopeData_Laser_True\Scope_TrialNumber_0_105.00W_0.80Torr_5.00NitrogenFlow_2420.00MHz.csv,True,fe99af22|Scope_TrialNumber_0_105.00W_0.80Torr_5.00NitrogenFlow_2420.00MHz.csv,,,,,,,,,,,,,,,,LAS_DataFrame_fe99af22_Laser_True_20260923_151938_LAS.csv,Data\NafisaData\LAS_Nafisa_Requested_Data_0.8Torr\OscopeData_Laser_True\Plasma_Off_Measuremnt_5.0.csv,
fe99af22,2026-09-23 15:38:50.213653,2026-09-23,0.8,0.8140000000000001,76.0,4.001,5.0,110,2420,61.0,144.63333333333335,0.1247219128924702,34.63333333333333,0.1247219128924633,110.0,8.204640795236539e-15,0.4893414778724438,0.0006697321714189,Data\NafisaData\LAS_Nafisa_Requested_Data_0.8Torr\OscopeData_Laser_True\Scope_TrialNumber_0_110.00W_0.80Torr_5.00NitrogenFlow_2420.00MHz.csv,True,fe99af22|Scope_TrialNumber_0_110.00W_0.80Torr_5.00NitrogenFlow_2420.00MHz.csv,,,,,,,,,,,,,,,,LAS_DataFrame_fe99af22_Laser_True_20260923_151938_LAS.csv,Data\NafisaData\LAS_Nafisa_Requested_Data_0.8Torr\OscopeData_Laser_True\Plasma_Off_Measuremnt_5.0.csv,
fe99af22,2026-09-23 15:39:38.333024,2026-09-23,0.8,0.8130000000000002,74.39,5.597,7.0,30,2420,52.3,38.766666666666666,0.1247219128924633,8.766666666666667,0.0942809041582068,30.0,0.0816496580927708,0.4755329507142506,0.0020344773198649,Data\NafisaData\LAS_Nafisa_Requested_Data_0.8Torr\OscopeData_Laser_True\Scope_TrialNumber_0_30.00W_0.80Torr_7.00NitrogenFlow_2420.00MHz.csv,True,fe99af22|Scope_TrialNumber_0_30.00W_0.80Torr_7.00NitrogenFlow_2420.00MHz.csv,,,,,,,,,,,,,,,,LAS_DataFrame_fe99af22_Laser_True_20260923_151938_LAS.csv,Data\NafisaData\LAS_Nafisa_Requested_Data_0.8Torr\OscopeData_Laser_True\Plasma_Off_Measuremnt_7.0.csv,
fe99af22,2026-09-23 15:39:56.760615,2026-09-23,0.8,0.8130000000000002,74.4,5.595,7.0,35,2420,51.9,44.0,0.0,8.966666666666667,0.047140452079103,35.03333333333333,0.0471404520791038,0.4514271458621762,0.0011877569651643,Data\NafisaData\LAS_Nafisa_Requested_Data_0.8Torr\OscopeData_Laser_True\Scope_TrialNumber_0_35.00W_0.80Torr_7.00NitrogenFlow_2420.00MHz.csv,True,fe99af22|Scope_TrialNumber_0_35.00W_0.80Torr_7.00NitrogenFlow_2420.00MHz.csv,,,,,,,,,,,,,,,,LAS_DataFrame_fe99af22_Laser_True_20260923_151938_LAS.csv,Data\NafisaData\LAS_Nafisa_Requested_Data_0.8Torr\OscopeData_Laser_True\Plasma_Off_Measuremnt_7.0.csv,
fe99af22,2026-09-23 15:40:15.083155,2026-09-23,0.8,0.8130000000000002,74.41,5.596,7.0,40,2420,52.0,49.9,0.0816496580927737,9.8,0.0,40.1,0.0816496580927737,0.4431627014245835,0.0003625666449729,Data\NafisaData\LAS_Nafisa_Requested_Data_0.8Torr\OscopeData_Laser_True\Scope_TrialNumber_0_40.00W_0.80Torr_7.00NitrogenFlow_2420.00MHz.csv,True,fe99af22|Scope_TrialNumber_0_40.00W_0.80Torr_7.00NitrogenFlow_2420.00MHz.csv,,,,,,,,,,,,,,,,LAS_DataFrame_fe99af22_Laser_True_20260923_151938_LAS.csv,Data\NafisaData\LAS_Nafisa_Requested_Data_0.8Torr\OscopeData_Laser_True\Plasma_Off_Measuremnt_7.0.csv,
fe99af22,2026-09-23 15:40:33.473897,2026-09-23,0.8,0.8119999999999998,74.4,5.595,7.0,45,2420,52.3,55.63333333333333,0.0471404520791038,10.6,0.0,45.03333333333333,0.0471404520791038,0.4365012668876425,0.0001848498685993,Data\NafisaData\LAS_Nafisa_Requested_Data_0.8Torr\OscopeData_Laser_True\Scope_TrialNumber_0_45.00W_0.80Torr_7.00NitrogenFlow_2420.00MHz.csv,True,fe99af22|Scope_TrialNumber_0_45.00W_0.80Torr_7.00NitrogenFlow_2420.00MHz.csv,,,,,,,,,,,,,,,,LAS_DataFrame_fe99af22_Laser_True_20260923_151938_LAS.csv,Data\NafisaData\LAS_Nafisa_Requested_Data_0.8Torr\OscopeData_Laser_True\Plasma_Off_Measuremnt_7.0.csv,
fe99af22,2026-09-23 15:40:51.886290,2026-09-23,0.8,0.8130000000000002,74.4,5.598,7.0,50,2420,52.6,61.833333333333336,0.0471404520791038,11.800000000000002,1.7763568394002505e-15,50.03333333333333,0.0471404520791004,0.4368474134820039,0.0001664544356071,Data\NafisaData\LAS_Nafisa_Requested_Data_0.8Torr\OscopeData_Laser_True\Scope_TrialNumber_0_50.00W_0.80Torr_7.00NitrogenFlow_2420.00MHz.csv,True,fe99af22|Scope_TrialNumber_0_50.00W_0.80Torr_7.00NitrogenFlow_2420.00MHz.csv,,,,,,,,,,,,,,,,LAS_DataFrame_fe99af22_Laser_True_20260923_151938_LAS.csv,Data\NafisaData\LAS_Nafisa_Requested_Data_0.8Torr\OscopeData_Laser_True\Plasma_Off_Measuremnt_7.0.csv,
fe99af22,2026-09-23 15:41:10.268021,2026-09-23,0.8,0.8130000000000002,74.39,5.6,7.0,55,2420,53.0,67.89999999999999,0.0816496580927737,12.833333333333334,0.047140452079103,55.06666666666666,0.094280904158206,0.4347447577637635,0.0008394124736152,Data\NafisaData\LAS_Nafisa_Requested_Data_0.8Torr\OscopeData_Laser_True\Scope_TrialNumber_0_55.00W_0.80Torr_7.00NitrogenFlow_2420.00MHz.csv,True,fe99af22|Scope_TrialNumber_0_55.00W_0.80Torr_7.00NitrogenFlow_2420.00MHz.csv,,,,,,,,,,,,,,,,LAS_DataFrame_fe99af22_Laser_True_20260923_151938_LAS.csv,Data\NafisaData\LAS_Nafisa_Requested_Data_0.8Torr\OscopeData_Laser_True\Plasma_Off_Measuremnt_7.0.csv,
fe99af22,2026-09-23 15:41:28.747607,2026-09-23,0.8,0.8130000000000002,74.39,5.595,7.0,60,2420,53.3,73.56666666666666,0.0942809041582076,13.733333333333334,0.0471404520791038,59.833333333333336,0.0471404520791071,0.4320625185278182,0.0004640858827511,Data\NafisaData\LAS_Nafisa_Requested_Data_0.8Torr\OscopeData_Laser_True\Scope_TrialNumber_0_60.00W_0.80Torr_7.00NitrogenFlow_2420.00MHz.csv,True,fe99af22|Scope_TrialNumber_0_60.00W_0.80Torr_7.00NitrogenFlow_2420.00MHz.csv,,,,,,,,,,,,,,,,LAS_DataFrame_fe99af22_Laser_True_20260923_151938_LAS.csv,Data\NafisaData\LAS_Nafisa_Requested_Data_0.8Torr\OscopeData_Laser_True\Plasma_Off_Measuremnt_7.0.csv,
fe99af22,2026-09-23 15:41:47.250145,2026-09-23,0.8,0.8130000000000002,74.39,5.596,7.0,65,2420,53.7,79.43333333333332,0.1699673171197563,14.5,0.0,64.93333333333332,0.1699673171197563,0.4272512614791182,0.0004574936550628,Data\NafisaData\LAS_Nafisa_Requested_Data_0.8Torr\OscopeData_Laser_True\Scope_TrialNumber_0_65.00W_0.80Torr_7.00NitrogenFlow_2420.00MHz.csv,True,fe99af22|Scope_TrialNumber_0_65.00W_0.80Torr_7.00NitrogenFlow_2420.00MHz.csv,,,,,,,,,,,,,,,,LAS_DataFrame_fe99af22_Laser_True_20260923_151938_LAS.csv,Data\NafisaData\LAS_Nafisa_Requested_Data_0.8Torr\OscopeData_Laser_True\Plasma_Off_Measuremnt_7.0.csv,
fe99af22,2026-09-23 15:42:05.750725,2026-09-23,0.8,0.8130000000000002,74.42,5.605,7.0,70,2420,54.2,86.06666666666666,0.2054804667656324,16.0,0.0,70.06666666666666,0.2054804667656324,0.431164929405306,0.0005149162059179,Data\NafisaData\LAS_Nafisa_Requested_Data_0.8Torr\OscopeData_Laser_True\Scope_TrialNumber_0_70.00W_0.80Torr_7.00NitrogenFlow_2420.00MHz.csv,True,fe99af22|Scope_TrialNumber_0_70.00W_0.80Torr_7.00NitrogenFlow_2420.00MHz.csv,,,,,,,,,,,,,,,,LAS_DataFrame_fe99af22_Laser_True_20260923_151938_LAS.csv,Data\NafisaData\LAS_Nafisa_Requested_Data_0.8Torr\OscopeData_Laser_True\Plasma_Off_Measuremnt_7.0.csv,
fe99af22,2026-09-23 15:42:24.112095,2026-09-23,0.8,0.8130000000000002,74.4,5.608,7.0,75,2420,54.7,93.13333333333333,0.1699673171197563,18.1,0.0,75.03333333333333,0.1699673171197498,0.4408463574847621,0.0004025614554714,Data\NafisaData\LAS_Nafisa_Requested_Data_0.8Torr\OscopeData_Laser_True\Scope_TrialNumber_0_75.00W_0.80Torr_7.00NitrogenFlow_2420.00MHz.csv,True,fe99af22|Scope_TrialNumber_0_75.00W_0.80Torr_7.00NitrogenFlow_2420.00MHz.csv,,,,,,,,,,,,,,,,LAS_DataFrame_fe99af22_Laser_True_20260923_151938_LAS.csv,Data\NafisaData\LAS_Nafisa_Requested_Data_0.8Torr\OscopeData_Laser_True\Plasma_Off_Measuremnt_7.0.csv,
fe99af22,2026-09-23 15:42:42.450509,2026-09-23,0.8,0.8130000000000002,74.39,5.598,7.0,80,2420,55.4,101.63333333333333,0.1247219128924639,21.666666666666668,0.0471404520791021,79.96666666666665,0.1247219128924639,0.4617191627816168,0.0005284060499588,Data\NafisaData\LAS_Nafisa_Requested_Data_0.8Torr\OscopeData_Laser_True\Scope_TrialNumber_0_80.00W_0.80Torr_7.00NitrogenFlow_2420.00MHz.csv,True,fe99af22|Scope_TrialNumber_0_80.00W_0.80Torr_7.00NitrogenFlow_2420.00MHz.csv,,,,,,,,,,,,,,,,LAS_DataFrame_fe99af22_Laser_True_20260923_151938_LAS.csv,Data\NafisaData\LAS_Nafisa_Requested_Data_0.8Torr\OscopeData_Laser_True\Plasma_Off_Measuremnt_7.0.csv,
fe99af22,2026-09-23 15:43:00.702587,2026-09-23,0.8,0.8130000000000002,74.39,5.597,7.0,85,2420,56.5,113.03333333333336,0.0942809041582009,28.066666666666663,0.0471404520791038,84.96666666666667,0.0471404520791004,0.4983012295290583,0.0002108106135085,Data\NafisaData\LAS_Nafisa_Requested_Data_0.8Torr\OscopeData_Laser_True\Scope_TrialNumber_0_85.00W_0.80Torr_7.00NitrogenFlow_2420.00MHz.csv,True,fe99af22|Scope_TrialNumber_0_85.00W_0.80Torr_7.00NitrogenFlow_2420.00MHz.csv,,,,,,,,,,,,,,,,LAS_DataFrame_fe99af22_Laser_True_20260923_151938_LAS.csv,Data\NafisaData\LAS_Nafisa_Requested_Data_0.8Torr\OscopeData_Laser_True\Plasma_Off_Measuremnt_7.0.csv,
fe99af22,2026-09-23 15:43:19.043215,2026-09-23,0.8,0.8130000000000002,74.41,5.604,7.0,90,2420,57.6,120.59999999999998,1.4210854715202004e-14,30.5,0.0816496580927737,90.09999999999998,0.0816496580927679,0.5028933314113884,0.0006731338544791,Data\NafisaData\LAS_Nafisa_Requested_Data_0.8Torr\OscopeData_Laser_True\Scope_TrialNumber_0_90.00W_0.80Torr_7.00NitrogenFlow_2420.00MHz.csv,True,fe99af22|Scope_TrialNumber_0_90.00W_0.80Torr_7.00NitrogenFlow_2420.00MHz.csv,,,,,,,,,,,,,,,,LAS_DataFrame_fe99af22_Laser_True_20260923_151938_LAS.csv,Data\NafisaData\LAS_Nafisa_Requested_Data_0.8Torr\OscopeData_Laser_True\Plasma_Off_Measuremnt_7.0.csv,
fe99af22,2026-09-23 15:43:37.291866,2026-09-23,0.8,0.8130000000000002,74.39,5.593,7.0,95,2420,58.6,127.63333333333333,0.0471404520791071,32.8,0.0,94.83333333333331,0.0471404520791071,0.5069380480419178,9.359862788964592e-05,Data\NafisaData\LAS_Nafisa_Requested_Data_0.8Torr\OscopeData_Laser_True\Scope_TrialNumber_0_95.00W_0.80Torr_7.00NitrogenFlow_2420.00MHz.csv,True,fe99af22|Scope_TrialNumber_0_95.00W_0.80Torr_7.00NitrogenFlow_2420.00MHz.csv,,,,,,,,,,,,,,,,LAS_DataFrame_fe99af22_Laser_True_20260923_151938_LAS.csv,Data\NafisaData\LAS_Nafisa_Requested_Data_0.8Torr\OscopeData_Laser_True\Plasma_Off_Measuremnt_7.0.csv,
fe99af22,2026-09-23 15:43:55.655774,2026-09-23,0.8,0.8130000000000002,74.4,5.6,7.0,100,2420,59.5,134.66666666666666,0.0471404520791004,34.7,0.0,99.96666666666664,0.0471404520791004,0.5076152982451417,8.886259379766553e-05,Data\NafisaData\LAS_Nafisa_Requested_Data_0.8Torr\OscopeData_Laser_True\Scope_TrialNumber_0_100.00W_0.80Torr_7.00NitrogenFlow_2420.00MHz.csv,True,fe99af22|Scope_TrialNumber_0_100.00W_0.80Torr_7.00NitrogenFlow_2420.00MHz.csv,,,,,,,,,,,,,,,,LAS_DataFrame_fe99af22_Laser_True_20260923_151938_LAS.csv,Data\NafisaData\LAS_Nafisa_Requested_Data_0.8Torr\OscopeData_Laser_True\Plasma_Off_Measuremnt_7.0.csv,
fe99af22,2026-09-23 15:44:14.017193,2026-09-23,0.8,0.8119999999999998,74.41,5.598,7.0,105,2420,60.2,140.16666666666666,0.3299831645537302,35.03333333333333,0.188561808316412,105.13333333333333,0.5185449728701389,0.4999413611742603,0.0019344993448577,Data\NafisaData\LAS_Nafisa_Requested_Data_0.8Torr\OscopeData_Laser_True\Scope_TrialNumber_0_105.00W_0.80Torr_7.00NitrogenFlow_2420.00MHz.csv,True,fe99af22|Scope_TrialNumber_0_105.00W_0.80Torr_7.00NitrogenFlow_2420.00MHz.csv,,,,,,,,,,,,,,,,LAS_DataFrame_fe99af22_Laser_True_20260923_151938_LAS.csv,Data\NafisaData\LAS_Nafisa_Requested_Data_0.8Torr\OscopeData_Laser_True\Plasma_Off_Measuremnt_7.0.csv,
fe99af22,2026-09-23 15:44:32.437068,2026-09-23,0.8,0.8130000000000002,74.41,5.6,7.0,110,2420,60.9,144.93333333333334,0.3091206165165192,34.83333333333333,0.0471404520791038,110.09999999999998,0.3559026084010434,0.4902463069286472,0.0008534821468266,Data\NafisaData\LAS_Nafisa_Requested_Data_0.8Torr\OscopeData_Laser_True\Scope_TrialNumber_0_110.00W_0.80Torr_7.00NitrogenFlow_2420.00MHz.csv,True,fe99af22|Scope_TrialNumber_0_110.00W_0.80Torr_7.00NitrogenFlow_2420.00MHz.csv,,,,,,,,,,,,,,,,LAS_DataFrame_fe99af22_Laser_True_20260923_151938_LAS.csv,Data\NafisaData\LAS_Nafisa_Requested_Data_0.8Torr\OscopeData_Laser_True\Plasma_Off_Measuremnt_7.0.csv,
fe99af22,2026-09-23 15:47:33.409565,2026-09-23,0.8,0.8109999999999999,72.8,7.201,9.0,30,2420,44.2,39.5,0.0816496580927737,9.433333333333334,0.047140452079103,30.066666666666663,0.0942809041582076,0.4886899231952264,0.0013195444969159,Data\NafisaData\LAS_Nafisa_Requested_Data_0.8Torr\OscopeData_Laser_True\Scope_TrialNumber_0_30.00W_0.80Torr_9.00NitrogenFlow_2420.00MHz.csv,True,fe99af22|Scope_TrialNumber_0_30.00W_0.80Torr_9.00NitrogenFlow_2420.00MHz.csv,,,,,,,,,,,,,,,,LAS_DataFrame_fe99af22_Laser_True_20260923_151938_LAS.csv,Data\NafisaData\LAS_Nafisa_Requested_Data_0.8Torr\OscopeData_Laser_True\Plasma_Off_Measuremnt_9.0.csv,
fe99af22,2026-09-23 15:47:51.745164,2026-09-23,0.8,0.8109999999999999,72.81,7.196,9.0,35,2420,45.3,44.79999999999999,7.105427357601002e-15,9.8,0.0,35.0,0.0,0.4677071733467428,5.551115123125783e-17,Data\NafisaData\LAS_Nafisa_Requested_Data_0.8Torr\OscopeData_Laser_True\Scope_TrialNumber_0_35.00W_0.80Torr_9.00NitrogenFlow_2420.00MHz.csv,True,fe99af22|Scope_TrialNumber_0_35.00W_0.80Torr_9.00NitrogenFlow_2420.00MHz.csv,,,,,,,,,,,,,,,,LAS_DataFrame_fe99af22_Laser_True_20260923_151938_LAS.csv,Data\NafisaData\LAS_Nafisa_Requested_Data_0.8Torr\OscopeData_Laser_True\Plasma_Off_Measuremnt_9.0.csv,
fe99af22,2026-09-23 15:48:10.084878,2026-09-23,0.8,0.8109999999999999,72.8,7.198,9.0,40,2420,46.4,50.2,0.1414213562373081,10.2,0.0,40.00000000000001,0.1414213562373081,0.4507643047417556,0.0006339914595588,Data\NafisaData\LAS_Nafisa_Requested_Data_0.8Torr\OscopeData_Laser_True\Scope_TrialNumber_0_40.00W_0.80Torr_9.00NitrogenFlow_2420.00MHz.csv,True,fe99af22|Scope_TrialNumber_0_40.00W_0.80Torr_9.00NitrogenFlow_2420.00MHz.csv,,,,,,,,,,,,,,,,LAS_DataFrame_fe99af22_Laser_True_20260923_151938_LAS.csv,Data\NafisaData\LAS_Nafisa_Requested_Data_0.8Torr\OscopeData_Laser_True\Plasma_Off_Measuremnt_9.0.csv,
fe99af22,2026-09-23 15:48:28.406315,2026-09-23,0.8,0.8109999999999999,72.8,7.198,9.0,45,2420,47.3,55.96666666666667,0.0471404520791038,11.0,0.0,44.96666666666667,0.0471404520791038,0.4433347126811744,0.0001867928164876,Data\NafisaData\LAS_Nafisa_Requested_Data_0.8Torr\OscopeData_Laser_True\Scope_TrialNumber_0_45.00W_0.80Torr_9.00NitrogenFlow_2420.00MHz.csv,True,fe99af22|Scope_TrialNumber_0_45.00W_0.80Torr_9.00NitrogenFlow_2420.00MHz.csv,,,,,,,,,,,,,,,,LAS_DataFrame_fe99af22_Laser_True_20260923_151938_LAS.csv,Data\NafisaData\LAS_Nafisa_Requested_Data_0.8Torr\OscopeData_Laser_True\Plasma_Off_Measuremnt_9.0.csv,
fe99af22,2026-09-23 15:48:46.877672,2026-09-23,0.8,0.8109999999999999,72.8,7.207,9.0,50,2420,48.3,61.66666666666666,0.0942809041582043,11.699999999999998,1.7763568394002505e-15,49.96666666666667,0.0942809041582009,0.4355801442296294,0.0003327052400178,Data\NafisaData\LAS_Nafisa_Requested_Data_0.8Torr\OscopeData_Laser_True\Scope_TrialNumber_0_50.00W_0.80Torr_9.00NitrogenFlow_2420.00MHz.csv,True,fe99af22|Scope_TrialNumber_0_50.00W_0.80Torr_9.00NitrogenFlow_2420.00MHz.csv,,,,,,,,,,,,,,,,LAS_DataFrame_fe99af22_Laser_True_20260923_151938_LAS.csv,Data\NafisaData\LAS_Nafisa_Requested_Data_0.8Torr\OscopeData_Laser_True\Plasma_Off_Measuremnt_9.0.csv,
fe99af22,2026-09-23 15:49:05.295789,2026-09-23,0.8,0.8109999999999999,72.8,7.202,9.0,55,2420,49.2,67.63333333333333,0.0942809041582076,12.733333333333334,0.0471404520791038,54.9,0.0816496580927737,0.4339003010126447,0.0007017775785149,Data\NafisaData\LAS_Nafisa_Requested_Data_0.8Torr\OscopeData_Laser_True\Scope_TrialNumber_0_55.00W_0.80Torr_9.00NitrogenFlow_2420.00MHz.csv,True,fe99af22|Scope_TrialNumber_0_55.00W_0.80Torr_9.00NitrogenFlow_2420.00MHz.csv,,,,,,,,,,,,,,,,LAS_DataFrame_fe99af22_Laser_True_20260923_151938_LAS.csv,Data\NafisaData\LAS_Nafisa_Requested_Data_0.8Torr\OscopeData_Laser_True\Plasma_Off_Measuremnt_9.0.csv,
fe99af22,2026-09-23 15:49:23.697566,2026-09-23,0.8,0.8109999999999999,72.8,7.199,9.0,60,2420,50.1,73.93333333333334,0.0942809041582076,13.9,0.0,60.03333333333333,0.0942809041582076,0.4335982508937228,0.0002766527443293,Data\NafisaData\LAS_Nafisa_Requested_Data_0.8Torr\OscopeData_Laser_True\Scope_TrialNumber_0_60.00W_0.80Torr_9.00NitrogenFlow_2420.00MHz.csv,True,fe99af22|Scope_TrialNumber_0_60.00W_0.80Torr_9.00NitrogenFlow_2420.00MHz.csv,,,,,,,,,,,,,,,,LAS_DataFrame_fe99af22_Laser_True_20260923_151938_LAS.csv,Data\NafisaData\LAS_Nafisa_Requested_Data_0.8Torr\OscopeData_Laser_True\Plasma_Off_Measuremnt_9.0.csv,
fe99af22,2026-09-23 15:49:42.064730,2026-09-23,0.8,0.8109999999999999,72.81,7.199,9.0,65,2420,50.9,79.56666666666666,0.0942809041582076,14.766666666666666,0.0471404520791038,64.8,0.0816496580927737,0.4307994328781326,0.0006026720104878,Data\NafisaData\LAS_Nafisa_Requested_Data_0.8Torr\OscopeData_Laser_True\Scope_TrialNumber_0_65.00W_0.80Torr_9.00NitrogenFlow_2420.00MHz.csv,True,fe99af22|Scope_TrialNumber_0_65.00W_0.80Torr_9.00NitrogenFlow_2420.00MHz.csv,,,,,,,,,,,,,,,,LAS_DataFrame_fe99af22_Laser_True_20260923_151938_LAS.csv,Data\NafisaData\LAS_Nafisa_Requested_Data_0.8Torr\OscopeData_Laser_True\Plasma_Off_Measuremnt_9.0.csv,
fe99af22,2026-09-23 15:50:00.415790,2026-09-23,0.8,0.8109999999999999,72.8,7.199,9.0,70,2420,51.7,85.5,0.1414213562373081,15.366666666666667,0.047140452079103,70.13333333333333,0.0942809041582009,0.4239417232654507,0.0003000818385631,Data\NafisaData\LAS_Nafisa_Requested_Data_0.8Torr\OscopeData_Laser_True\Scope_TrialNumber_0_70.00W_0.80Torr_9.00NitrogenFlow_2420.00MHz.csv,True,fe99af22|Scope_TrialNumber_0_70.00W_0.80Torr_9.00NitrogenFlow_2420.00MHz.csv,,,,,,,,,,,,,,,,LAS_DataFrame_fe99af22_Laser_True_20260923_151938_LAS.csv,Data\NafisaData\LAS_Nafisa_Requested_Data_0.8Torr\OscopeData_Laser_True\Plasma_Off_Measuremnt_9.0.csv,
fe99af22,2026-09-23 15:50:18.815192,2026-09-23,0.8,0.8109999999999999,72.8,7.209,9.0,75,2420,52.3,91.36666666666666,0.2494438257849329,16.366666666666667,0.0471404520791021,75.0,0.2160246899469339,0.4232396479093446,0.0004156880660629,Data\NafisaData\LAS_Nafisa_Requested_Data_0.8Torr\OscopeData_Laser_True\Scope_TrialNumber_0_75.00W_0.80Torr_9.00NitrogenFlow_2420.00MHz.csv,True,fe99af22|Scope_TrialNumber_0_75.00W_0.80Torr_9.00NitrogenFlow_2420.00MHz.csv,,,,,,,,,,,,,,,,LAS_DataFrame_fe99af22_Laser_True_20260923_151938_LAS.csv,Data\NafisaData\LAS_Nafisa_Requested_Data_0.8Torr\OscopeData_Laser_True\Plasma_Off_Measuremnt_9.0.csv,
fe99af22,2026-09-23 15:50:37.113534,2026-09-23,0.8,0.8109999999999999,72.8,7.209,9.0,80,2420,53.1,97.9,0.0816496580927737,17.866666666666664,0.0471404520791021,80.03333333333333,0.0471404520791004,0.4271987266669272,0.0004192391292658,Data\NafisaData\LAS_Nafisa_Requested_Data_0.8Torr\OscopeData_Laser_True\Scope_TrialNumber_0_80.00W_0.80Torr_9.00NitrogenFlow_2420.00MHz.csv,True,fe99af22|Scope_TrialNumber_0_80.00W_0.80Torr_9.00NitrogenFlow_2420.00MHz.csv,,,,,,,,,,,,,,,,LAS_DataFrame_fe99af22_Laser_True_20260923_151938_LAS.csv,Data\NafisaData\LAS_Nafisa_Requested_Data_0.8Torr\OscopeData_Laser_True\Plasma_Off_Measuremnt_9.0.csv,
fe99af22,2026-09-23 15:50:55.415473,2026-09-23,0.8,0.8109999999999999,72.82,7.199,9.0,85,2420,53.9,104.76666666666664,0.124721912892469,19.966666666666665,0.0471404520791038,84.8,0.1414213562373148,0.4365572515732311,0.0006198639417578,Data\NafisaData\LAS_Nafisa_Requested_Data_0.8Torr\OscopeData_Laser_True\Scope_TrialNumber_0_85.00W_0.80Torr_9.00NitrogenFlow_2420.00MHz.csv,True,fe99af22|Scope_TrialNumber_0_85.00W_0.80Torr_9.00NitrogenFlow_2420.00MHz.csv,,,,,,,,,,,,,,,,LAS_DataFrame_fe99af22_Laser_True_20260923_151938_LAS.csv,Data\NafisaData\LAS_Nafisa_Requested_Data_0.8Torr\OscopeData_Laser_True\Plasma_Off_Measuremnt_9.0.csv,
fe99af22,2026-09-23 15:51:13.835120,2026-09-23,0.8,0.8119999999999998,72.8,7.202,9.0,90,2420,54.8,113.06666666666666,0.0471404520791004,23.166666666666668,0.0471404520791021,89.89999999999999,0.0816496580927737,0.452651881557899,0.0005144051579017,Data\NafisaData\LAS_Nafisa_Requested_Data_0.8Torr\OscopeData_Laser_True\Scope_TrialNumber_0_90.00W_0.80Torr_9.00NitrogenFlow_2420.00MHz.csv,True,fe99af22|Scope_TrialNumber_0_90.00W_0.80Torr_9.00NitrogenFlow_2420.00MHz.csv,,,,,,,,,,,,,,,,LAS_DataFrame_fe99af22_Laser_True_20260923_151938_LAS.csv,Data\NafisaData\LAS_Nafisa_Requested_Data_0.8Torr\OscopeData_Laser_True\Plasma_Off_Measuremnt_9.0.csv,
fe99af22,2026-09-23 15:51:32.294393,2026-09-23,0.8,0.8109999999999999,72.8,7.199,9.0,95,2420,56.0,124.13333333333333,0.0942809041582076,29.166666666666668,0.0471404520791021,94.96666666666664,0.0471404520791004,0.4847290066302284,0.0002077845132651,Data\NafisaData\LAS_Nafisa_Requested_Data_0.8Torr\OscopeData_Laser_True\Scope_TrialNumber_0_95.00W_0.80Torr_9.00NitrogenFlow_2420.00MHz.csv,True,fe99af22|Scope_TrialNumber_0_95.00W_0.80Torr_9.00NitrogenFlow_2420.00MHz.csv,,,,,,,,,,,,,,,,LAS_DataFrame_fe99af22_Laser_True_20260923_151938_LAS.csv,Data\NafisaData\LAS_Nafisa_Requested_Data_0.8Torr\OscopeData_Laser_True\Plasma_Off_Measuremnt_9.0.csv,
fe99af22,2026-09-23 15:51:50.705084,2026-09-23,0.8,0.8109999999999999,72.81,7.204,9.0,100,2420,57.4,132.66666666666666,0.2867441755680822,32.666666666666664,0.1247219128924639,100.0,0.1632993161855417,0.4962157897259404,0.0004186797612892,Data\NafisaData\LAS_Nafisa_Requested_Data_0.8Torr\OscopeData_Laser_True\Scope_TrialNumber_0_100.00W_0.80Torr_9.00NitrogenFlow_2420.00MHz.csv,True,fe99af22|Scope_TrialNumber_0_100.00W_0.80Torr_9.00NitrogenFlow_2420.00MHz.csv,,,,,,,,,,,,,,,,LAS_DataFrame_fe99af22_Laser_True_20260923_151938_LAS.csv,Data\NafisaData\LAS_Nafisa_Requested_Data_0.8Torr\OscopeData_Laser_True\Plasma_Off_Measuremnt_9.0.csv,
fe99af22,2026-09-23 15:52:09.029026,2026-09-23,0.8,0.8119999999999998,72.8,7.201,9.0,105,2420,58.6,140.66666666666666,0.1247219128924677,35.63333333333333,0.0471404520791038,105.03333333333336,0.0942809041582043,0.5033065287588007,0.0002197253222927,Data\NafisaData\LAS_Nafisa_Requested_Data_0.8Torr\OscopeData_Laser_True\Scope_TrialNumber_0_105.00W_0.80Torr_9.00NitrogenFlow_2420.00MHz.csv,True,fe99af22|Scope_TrialNumber_0_105.00W_0.80Torr_9.00NitrogenFlow_2420.00MHz.csv,,,,,,,,,,,,,,,,LAS_DataFrame_fe99af22_Laser_True_20260923_151938_LAS.csv,Data\NafisaData\LAS_Nafisa_Requested_Data_0.8Torr\OscopeData_Laser_True\Plasma_Off_Measuremnt_9.0.csv,
fe99af22,2026-09-23 15:52:27.471024,2026-09-23,0.8,0.8119999999999998,72.8,7.199,9.0,110,2420,59.8,147.03333333333333,0.0942809041582009,37.13333333333333,0.0471404520791038,109.9,0.0816496580927679,0.5025438954726811,0.0002761320291983,Data\NafisaData\LAS_Nafisa_Requested_Data_0.8Torr\OscopeData_Laser_True\Scope_TrialNumber_0_110.00W_0.80Torr_9.00NitrogenFlow_2420.00MHz.csv,True,fe99af22|Scope_TrialNumber_0_110.00W_0.80Torr_9.00NitrogenFlow_2420.00MHz.csv,,,,,,,,,,,,,,,,LAS_DataFrame_fe99af22_Laser_True_20260923_151938_LAS.csv,Data\NafisaData\LAS_Nafisa_Requested_Data_0.8Torr\OscopeData_Laser_True\Plasma_Off_Measuremnt_9.0.csv,
fe99af22,2026-09-23 15:58:41.487452,2026-09-23,0.8,0.81,71.21,8.801,11.0,30,2420,42.7,40.0,0.0,9.966666666666669,0.047140452079103,30.03333333333333,0.0471404520791038,0.4991645728511033,0.0011814724043443,Data\NafisaData\LAS_Nafisa_Requested_Data_0.8Torr\OscopeData_Laser_True\Scope_TrialNumber_0_30.00W_0.80Torr_11.00NitrogenFlow_2420.00MHz.csv,True,fe99af22|Scope_TrialNumber_0_30.00W_0.80Torr_11.00NitrogenFlow_2420.00MHz.csv,,,,,,,,,,,,,,,,LAS_DataFrame_fe99af22_Laser_True_20260923_151938_LAS.csv,Data\NafisaData\LAS_Nafisa_Requested_Data_0.8Torr\OscopeData_Laser_True\Plasma_Off_Measuremnt_11.0.csv,
fe99af22,2026-09-23 15:58:59.937239,2026-09-23,0.8,0.81,71.2,8.81,11.0,35,2420,44.3,45.93333333333334,0.0471404520791038,11.0,0.0,34.93333333333333,0.0471404520791038,0.4893645805395019,0.0002509759679298,Data\NafisaData\LAS_Nafisa_Requested_Data_0.8Torr\OscopeData_Laser_True\Scope_TrialNumber_0_35.00W_0.80Torr_11.00NitrogenFlow_2420.00MHz.csv,True,fe99af22|Scope_TrialNumber_0_35.00W_0.80Torr_11.00NitrogenFlow_2420.00MHz.csv,,,,,,,,,,,,,,,,LAS_DataFrame_fe99af22_Laser_True_20260923_151938_LAS.csv,Data\NafisaData\LAS_Nafisa_Requested_Data_0.8Torr\OscopeData_Laser_True\Plasma_Off_Measuremnt_11.0.csv,
fe99af22,2026-09-23 15:59:18.207031,2026-09-23,0.8,0.81,71.19,8.806,11.0,40,2420,45.8,51.03333333333333,0.0942809041582076,11.066666666666668,0.047140452079103,39.96666666666667,0.1247219128924665,0.4656734142987361,0.0012639529210663,Data\NafisaData\LAS_Nafisa_Requested_Data_0.8Torr\OscopeData_Laser_True\Scope_TrialNumber_0_40.00W_0.80Torr_11.00NitrogenFlow_2420.00MHz.csv,True,fe99af22|Scope_TrialNumber_0_40.00W_0.80Torr_11.00NitrogenFlow_2420.00MHz.csv,,,,,,,,,,,,,,,,LAS_DataFrame_fe99af22_Laser_True_20260923_151938_LAS.csv,Data\NafisaData\LAS_Nafisa_Requested_Data_0.8Torr\OscopeData_Laser_True\Plasma_Off_Measuremnt_11.0.csv,
fe99af22,2026-09-23 15:59:36.630494,2026-09-23,0.8,0.81,71.2,8.792,11.0,45,2420,46.9,56.6,0.1414213562373115,11.6,0.0,45.0,0.1414213562373115,0.4527117819412977,0.0005663266417637,Data\NafisaData\LAS_Nafisa_Requested_Data_0.8Torr\OscopeData_Laser_True\Scope_TrialNumber_0_45.00W_0.80Torr_11.00NitrogenFlow_2420.00MHz.csv,True,fe99af22|Scope_TrialNumber_0_45.00W_0.80Torr_11.00NitrogenFlow_2420.00MHz.csv,,,,,,,,,,,,,,,,LAS_DataFrame_fe99af22_Laser_True_20260923_151938_LAS.csv,Data\NafisaData\LAS_Nafisa_Requested_Data_0.8Torr\OscopeData_Laser_True\Plasma_Off_Measuremnt_11.0.csv,
fe99af22,2026-09-23 15:59:55.039818,2026-09-23,0.8,0.81,71.2,8.798,11.0,50,2420,48.0,62.4,0.0816496580927737,12.300000000000002,1.7763568394002505e-15,50.1,0.0816496580927737,0.443977068926942,0.0002904697076859,Data\NafisaData\LAS_Nafisa_Requested_Data_0.8Torr\OscopeData_Laser_True\Scope_TrialNumber_0_50.00W_0.80Torr_11.00NitrogenFlow_2420.00MHz.csv,True,fe99af22|Scope_TrialNumber_0_50.00W_0.80Torr_11.00NitrogenFlow_2420.00MHz.csv,,,,,,,,,,,,,,,,LAS_DataFrame_fe99af22_Laser_True_20260923_151938_LAS.csv,Data\NafisaData\LAS_Nafisa_Requested_Data_0.8Torr\OscopeData_Laser_True\Plasma_Off_Measuremnt_11.0.csv,
fe99af22,2026-09-23 16:00:13.533616,2026-09-23,0.8,0.81,71.2,8.805,11.0,55,2420,49.0,68.13333333333334,0.0471404520791071,13.033333333333331,0.047140452079103,55.1,4.1023203976182695e-15,0.4373680256264247,0.0006390172007492,Data\NafisaData\LAS_Nafisa_Requested_Data_0.8Torr\OscopeData_Laser_True\Scope_TrialNumber_0_55.00W_0.80Torr_11.00NitrogenFlow_2420.00MHz.csv,True,fe99af22|Scope_TrialNumber_0_55.00W_0.80Torr_11.00NitrogenFlow_2420.00MHz.csv,,,,,,,,,,,,,,,,LAS_DataFrame_fe99af22_Laser_True_20260923_151938_LAS.csv,Data\NafisaData\LAS_Nafisa_Requested_Data_0.8Torr\OscopeData_Laser_True\Plasma_Off_Measuremnt_11.0.csv,
fe99af22,2026-09-23 16:00:31.860156,2026-09-23,0.8,0.81,71.2,8.801,11.0,60,2420,49.9,74.0,0.0,14.0,0.0,60.0,0.0,0.43495883620084,0.0,Data\NafisaData\LAS_Nafisa_Requested_Data_0.8Torr\OscopeData_Laser_True\Scope_TrialNumber_0_60.00W_0.80Torr_11.00NitrogenFlow_2420.00MHz.csv,True,fe99af22|Scope_TrialNumber_0_60.00W_0.80Torr_11.00NitrogenFlow_2420.00MHz.csv,,,,,,,,,,,,,,,,LAS_DataFrame_fe99af22_Laser_True_20260923_151938_LAS.csv,Data\NafisaData\LAS_Nafisa_Requested_Data_0.8Torr\OscopeData_Laser_True\Plasma_Off_Measuremnt_11.0.csv,
fe99af22,2026-09-23 16:00:50.344400,2026-09-23,0.8,0.81,71.18,8.801,11.0,65,2420,50.7,80.03333333333332,0.1699673171197609,14.9,0.0,65.13333333333333,0.1699673171197609,0.4314777612964357,0.0004585526900606,Data\NafisaData\LAS_Nafisa_Requested_Data_0.8Torr\OscopeData_Laser_True\Scope_TrialNumber_0_65.00W_0.80Torr_11.00NitrogenFlow_2420.00MHz.csv,True,fe99af22|Scope_TrialNumber_0_65.00W_0.80Torr_11.00NitrogenFlow_2420.00MHz.csv,,,,,,,,,,,,,,,,LAS_DataFrame_fe99af22_Laser_True_20260923_151938_LAS.csv,Data\NafisaData\LAS_Nafisa_Requested_Data_0.8Torr\OscopeData_Laser_True\Plasma_Off_Measuremnt_11.0.csv,
fe99af22,2026-09-23 16:01:08.778336,2026-09-23,0.8,0.81,71.21,8.798,11.0,70,2420,51.4,85.56666666666666,0.2054804667656324,15.699999999999998,1.7763568394002505e-15,69.86666666666666,0.2054804667656324,0.4283496918988851,0.000514544648867,Data\NafisaData\LAS_Nafisa_Requested_Data_0.8Torr\OscopeData_Laser_True\Scope_TrialNumber_0_70.00W_0.80Torr_11.00NitrogenFlow_2420.00MHz.csv,True,fe99af22|Scope_TrialNumber_0_70.00W_0.80Torr_11.00NitrogenFlow_2420.00MHz.csv,,,,,,,,,,,,,,,,LAS_DataFrame_fe99af22_Laser_True_20260923_151938_LAS.csv,Data\NafisaData\LAS_Nafisa_Requested_Data_0.8Torr\OscopeData_Laser_True\Plasma_Off_Measuremnt_11.0.csv,
fe99af22,2026-09-23 16:01:27.204637,2026-09-23,0.8,0.81,71.2,8.803,11.0,75,2420,52.1,91.4,0.2160246899469295,16.5,0.0,74.89999999999999,0.2160246899469295,0.4248834208808674,0.0005026392467567,Data\NafisaData\LAS_Nafisa_Requested_Data_0.8Torr\OscopeData_Laser_True\Scope_TrialNumber_0_75.00W_0.80Torr_11.00NitrogenFlow_2420.00MHz.csv,True,fe99af22|Scope_TrialNumber_0_75.00W_0.80Torr_11.00NitrogenFlow_2420.00MHz.csv,,,,,,,,,,,,,,,,LAS_DataFrame_fe99af22_Laser_True_20260923_151938_LAS.csv,Data\NafisaData\LAS_Nafisa_Requested_Data_0.8Torr\OscopeData_Laser_True\Plasma_Off_Measuremnt_11.0.csv,
fe99af22,2026-09-23 16:01:45.741827,2026-09-23,0.8,0.81,71.21,8.798,11.0,80,2420,52.8,97.2,0.1414213562373148,17.133333333333333,0.0471404520791021,80.06666666666666,0.0942809041582076,0.419843370112205,0.0002718093197681,Data\NafisaData\LAS_Nafisa_Requested_Data_0.8Torr\OscopeData_Laser_True\Scope_TrialNumber_0_80.00W_0.80Torr_11.00NitrogenFlow_2420.00MHz.csv,True,fe99af22|Scope_TrialNumber_0_80.00W_0.80Torr_11.00NitrogenFlow_2420.00MHz.csv,,,,,,,,,,,,,,,,LAS_DataFrame_fe99af22_Laser_True_20260923_151938_LAS.csv,Data\NafisaData\LAS_Nafisa_Requested_Data_0.8Torr\OscopeData_Laser_True\Plasma_Off_Measuremnt_11.0.csv,
fe99af22,2026-09-23 16:02:04.118915,2026-09-23,0.8,0.81,71.2,8.801,11.0,85,2420,53.4,103.43333333333332,0.1247219128924626,18.433333333333334,0.0471404520791038,85.0,0.0816496580927679,0.4221543257663367,0.0003103637282661,Data\NafisaData\LAS_Nafisa_Requested_Data_0.8Torr\OscopeData_Laser_True\Scope_TrialNumber_0_85.00W_0.80Torr_11.00NitrogenFlow_2420.00MHz.csv,True,fe99af22|Scope_TrialNumber_0_85.00W_0.80Torr_11.00NitrogenFlow_2420.00MHz.csv,,,,,,,,,,,,,,,,LAS_DataFrame_fe99af22_Laser_True_20260923_151938_LAS.csv,Data\NafisaData\LAS_Nafisa_Requested_Data_0.8Torr\OscopeData_Laser_True\Plasma_Off_Measuremnt_11.0.csv,
fe99af22,2026-09-23 16:02:22.449258,2026-09-23,0.8,0.81,71.18,8.8,11.0,90,2420,54.1,110.06666666666666,0.0471404520791004,20.23333333333333,0.0471404520791038,89.83333333333333,0.0471404520791004,0.4287513419574688,0.0004602135425214,Data\NafisaData\LAS_Nafisa_Requested_Data_0.8Torr\OscopeData_Laser_True\Scope_TrialNumber_0_90.00W_0.80Torr_11.00NitrogenFlow_2420.00MHz.csv,True,fe99af22|Scope_TrialNumber_0_90.00W_0.80Torr_11.00NitrogenFlow_2420.00MHz.csv,,,,,,,,,,,,,,,,LAS_DataFrame_fe99af22_Laser_True_20260923_151938_LAS.csv,Data\NafisaData\LAS_Nafisa_Requested_Data_0.8Torr\OscopeData_Laser_True\Plasma_Off_Measuremnt_11.0.csv,
fe99af22,2026-09-23 16:02:40.882474,2026-09-23,0.8,0.81,71.2,8.793,11.0,95,2420,54.8,117.76666666666668,0.0942809041582076,22.566666666666663,0.0471404520791038,95.2,0.1414213562373148,0.4377463811468744,0.0006324029412182,Data\NafisaData\LAS_Nafisa_Requested_Data_0.8Torr\OscopeData_Laser_True\Scope_TrialNumber_0_95.00W_0.80Torr_11.00NitrogenFlow_2420.00MHz.csv,True,fe99af22|Scope_TrialNumber_0_95.00W_0.80Torr_11.00NitrogenFlow_2420.00MHz.csv,,,,,,,,,,,,,,,,LAS_DataFrame_fe99af22_Laser_True_20260923_151938_LAS.csv,Data\NafisaData\LAS_Nafisa_Requested_Data_0.8Torr\OscopeData_Laser_True\Plasma_Off_Measuremnt_11.0.csv,
fe99af22,2026-09-23 16:02:59.225759,2026-09-23,0.8,0.81,71.2,8.8,11.0,100,2420,55.7,126.23333333333332,0.0942809041582076,26.3,0.0816496580927723,99.93333333333332,0.1699673171197628,0.4564472918876137,0.0008605157300236,Data\NafisaData\LAS_Nafisa_Requested_Data_0.8Torr\OscopeData_Laser_True\Scope_TrialNumber_0_100.00W_0.80Torr_11.00NitrogenFlow_2420.00MHz.csv,True,fe99af22|Scope_TrialNumber_0_100.00W_0.80Torr_11.00NitrogenFlow_2420.00MHz.csv,,,,,,,,,,,,,,,,LAS_DataFrame_fe99af22_Laser_True_20260923_151938_LAS.csv,Data\NafisaData\LAS_Nafisa_Requested_Data_0.8Torr\OscopeData_Laser_True\Plasma_Off_Measuremnt_11.0.csv,
fe99af22,2026-09-23 16:03:17.503086,2026-09-23,0.8,0.81,71.21,8.805,11.0,105,2420,57.0,136.86666666666667,0.0471404520791004,31.933333333333334,0.0471404520791038,104.93333333333334,0.0471404520791004,0.4830289442608165,0.0003229450020069,Data\NafisaData\LAS_Nafisa_Requested_Data_0.8Torr\OscopeData_Laser_True\Scope_TrialNumber_0_105.00W_0.80Torr_11.00NitrogenFlow_2420.00MHz.csv,True,fe99af22|Scope_TrialNumber_0_105.00W_0.80Torr_11.00NitrogenFlow_2420.00MHz.csv,,,,,,,,,,,,,,,,LAS_DataFrame_fe99af22_Laser_True_20260923_151938_LAS.csv,Data\NafisaData\LAS_Nafisa_Requested_Data_0.8Torr\OscopeData_Laser_True\Plasma_Off_Measuremnt_11.0.csv,
fe99af22,2026-09-23 16:03:35.991906,2026-09-23,0.8,0.81,71.2,8.805,11.0,110,2420,58.2,144.6,0.2160246899469295,34.5,0.1414213562373115,110.1,0.0816496580927737,0.4884545972189986,0.0006455652230158,Data\NafisaData\LAS_Nafisa_Requested_Data_0.8Torr\OscopeData_Laser_True\Scope_TrialNumber_0_110.00W_0.80Torr_11.00NitrogenFlow_2420.00MHz.csv,True,fe99af22|Scope_TrialNumber_0_110.00W_0.80Torr_11.00NitrogenFlow_2420.00MHz.csv,,,,,,,,,,,,,,,,LAS_DataFrame_fe99af22_Laser_True_20260923_151938_LAS.csv,Data\NafisaData\LAS_Nafisa_Requested_Data_0.8Torr\OscopeData_Laser_True\Plasma_Off_Measuremnt_11.0.csv,
474b180d,2026-09-29 11:25:50.834448,2026-09-29,0.9,0.899,79.2,0.801,1.0,30,2420,46.5,36.43333333333334,0.0471404520791038,6.5,0.0,29.933333333333334,0.0471404520791038,0.4223840374277645,0.0002730704069472,Data\NafisaData\LAS_Nafisa_Requested_Data_0.8Torr\OscopeData_Laser_True\Scope_TrialNumber_0_30.00W_0.90Torr_1.00NitrogenFlow_2420.00MHz.csv,True,474b180d|Scope_TrialNumber_0_30.00W_0.90Torr_1.00NitrogenFlow_2420.00MHz.csv,625.5056320639962,27.05315930752138,6.255056320639962,27.766871593546664,30812370476.823128,653504714.0959857,3764283126.0327578,3820588418.592171,1.218618555124683,0.0124430458140792,0.2740903280197554,0.0025484028101885,3.0,1.607650483467648,0.5149671047171919,LAS_DataFrame_474b180d_Laser_True_20260929_112405_LAS.csv,Data\NafisaData\LAS_Nafisa_Requested_Data_0.8Torr\OscopeData_Laser_True\Plasma_Off_Measuremnt_1.0.csv,
474b180d,2026-09-29 11:26:09.052286,2026-09-29,0.9,0.899,79.2,0.8,1.0,35,2420,47.0,43.03333333333333,0.0471404520791038,8.1,0.0,34.93333333333333,0.0471404520791038,0.4338506085599736,0.0002374908540905,Data\NafisaData\LAS_Nafisa_Requested_Data_0.8Torr\OscopeData_Laser_True\Scope_TrialNumber_0_35.00W_0.90Torr_1.00NitrogenFlow_2420.00MHz.csv,True,474b180d|Scope_TrialNumber_0_35.00W_0.90Torr_1.00NitrogenFlow_2420.00MHz.csv,634.3754923064812,35.164123804987625,6.343754923064812,35.73176219410969,34859300715.25792,966338437.5473192,4258688164.432208,4366948002.639413,1.2272283312627248,0.0140678157717491,0.3100896496999881,0.003558751691693,3.0,1.6028075610077204,1.2852431701870466,LAS_DataFrame_474b180d_Laser_True_20260929_112405_LAS.csv,Data\NafisaData\LAS_Nafisa_Requested_Data_0.8Torr\OscopeData_Laser_True\Plasma_Off_Measuremnt_1.0.csv,
474b180d,2026-09-29 11:26:27.280111,2026-09-29,0.9,0.899,79.21,0.813,1.0,40,2420,48.2,51.4,0.0816496580927737,11.4,0.0,40.0,0.0816496580927737,0.4709461784692682,0.0003740531388794,Data\NafisaData\LAS_Nafisa_Requested_Data_0.8Torr\OscopeData_Laser_True\Scope_TrialNumber_0_40.00W_0.90Torr_1.00NitrogenFlow_2420.00MHz.csv,True,474b180d|Scope_TrialNumber_0_40.00W_0.90Torr_1.00NitrogenFlow_2420.00MHz.csv,680.6896629574903,45.70061319545192,6.806896629574903,46.20476044917918,31160888325.396866,1078835187.7750678,3806860825.710041,3956775797.124144,1.2712376653291693,0.032998691495354,0.2771905559463335,0.0075686615782135,3.0,1.6032634007156712,2.552538911579602,LAS_DataFrame_474b180d_Laser_True_20260929_112405_LAS.csv,Data\NafisaData\LAS_Nafisa_Requested_Data_0.8Torr\OscopeData_Laser_True\Plasma_Off_Measuremnt_1.0.csv,
474b180d,2026-09-29 11:26:45.608713,2026-09-29,0.9,0.899,79.2,0.799,1.0,45,2420,49.6,59.20000000000001,7.105427357601002e-15,14.199999999999998,1.7763568394002505e-15,45.0,0.0,0.48976000741676,0.0,Data\NafisaData\LAS_Nafisa_Requested_Data_0.8Torr\OscopeData_Laser_True\Scope_TrialNumber_0_45.00W_0.90Torr_1.00NitrogenFlow_2420.00MHz.csv,True,474b180d|Scope_TrialNumber_0_45.00W_0.90Torr_1.00NitrogenFlow_2420.00MHz.csv,633.9070220834479,48.8195611014412,6.339070220834479,49.2293952573259,28082613685.209766,1127572337.4317136,3430794424.260438,3611339053.270646,1.2267751090645225,0.0360433835614947,0.2498078751331704,0.0078704175957628,3.0,1.7434144979441943,2.5384130310838646,LAS_DataFrame_474b180d_Laser_True_20260929_112405_LAS.csv,Data\NafisaData\LAS_Nafisa_Requested_Data_0.8Torr\OscopeData_Laser_True\Plasma_Off_Measuremnt_1.0.csv,
474b180d,2026-09-29 11:27:03.850181,2026-09-29,0.9,0.899,79.22,0.802,1.0,50,2420,50.6,63.43333333333334,0.4921607686744479,13.433333333333332,0.7586537784494026,50.0,1.208304597359459,0.4600588903721924,0.0144795840565298,Data\NafisaData\LAS_Nafisa_Requested_Data_0.8Torr\OscopeData_Laser_True\Scope_TrialNumber_0_50.00W_0.90Torr_1.00NitrogenFlow_2420.00MHz.csv,True,474b180d|Scope_TrialNumber_0_50.00W_0.90Torr_1.00NitrogenFlow_2420.00MHz.csv,660.185305035279,28.054607842796973,6.601853050352791,28.82092095876844,33321414762.63953,692205408.9479747,4070807840.665535,4129240221.1303744,1.2519445702498164,0.0135094316940764,0.2964094407875575,0.0029121407105833,3.0,1.726758510227616,0.7133848568471193,LAS_DataFrame_474b180d_Laser_True_20260929_112405_LAS.csv,Data\NafisaData\LAS_Nafisa_Requested_Data_0.8Torr\OscopeData_Laser_True\Plasma_Off_Measuremnt_1.0.csv,
474b180d,2026-09-29 11:27:22.192801,2026-09-29,0.9,0.899,79.2,0.809,1.0,55,2420,51.3,67.76666666666667,0.0942809041582076,12.833333333333334,0.047140452079103,54.93333333333334,0.0471404520791038,0.4351717602323179,0.0004958516630463,Data\NafisaData\LAS_Nafisa_Requested_Data_0.8Torr\OscopeData_Laser_True\Scope_TrialNumber_0_55.00W_0.90Torr_1.00NitrogenFlow_2420.00MHz.csv,True,474b180d|Scope_TrialNumber_0_55.00W_0.90Torr_1.00NitrogenFlow_2420.00MHz.csv,714.7119428598411,24.585931170864683,7.147119428598411,25.60369753893262,33034481287.18549,552980164.081256,4035753775.58612,4073462360.084472,1.3026198561966036,0.012492923200975,0.293857034426411,0.0025677459336577,3.0,1.5417284932669186,0.8818643609063098,LAS_DataFrame_474b180d_Laser_True_20260929_112405_LAS.csv,Data\NafisaData\LAS_Nafisa_Requested_Data_0.8Torr\OscopeData_Laser_True\Plasma_Off_Measuremnt_1.0.csv,
474b180d,2026-09-29 11:27:40.418555,2026-09-29,0.9,0.899,79.2,0.804,1.0,60,2420,52.3,77.13333333333334,0.0471404520791071,17.133333333333333,0.0471404520791021,60.0,5.801557143511545e-15,0.4713020730303316,0.0005039411475859,Data\NafisaData\LAS_Nafisa_Requested_Data_0.8Torr\OscopeData_Laser_True\Scope_TrialNumber_0_60.00W_0.90Torr_1.00NitrogenFlow_2420.00MHz.csv,True,474b180d|Scope_TrialNumber_0_60.00W_0.90Torr_1.00NitrogenFlow_2420.00MHz.csv,683.9336507506699,33.29704834754186,6.839336507506699,33.99220429041715,32815108577.919727,804448297.5727518,4008953468.5983033,4088868422.541139,1.2742632568980676,0.0172654603664172,0.2919056124192511,0.0040447787790035,3.0,1.5109692837390625,1.5062800298710592,LAS_DataFrame_474b180d_Laser_True_20260929_112405_LAS.csv,Data\NafisaData\LAS_Nafisa_Requested_Data_0.8Torr\OscopeData_Laser_True\Plasma_Off_Measuremnt_1.0.csv,
474b180d,2026-09-29 11:27:58.655713,2026-09-29,0.9,0.899,79.16,0.804,1.0,65,2420,53.6,86.63333333333333,0.0942809041582076,21.633333333333336,0.094280904158206,65.0,0.0,0.4997097846780794,0.0008180983035529,Data\NafisaData\LAS_Nafisa_Requested_Data_0.8Torr\OscopeData_Laser_True\Scope_TrialNumber_0_65.00W_0.90Torr_1.00NitrogenFlow_2420.00MHz.csv,True,474b180d|Scope_TrialNumber_0_65.00W_0.90Torr_1.00NitrogenFlow_2420.00MHz.csv,655.9943860713045,42.203530553128815,6.5599438607130445,42.71031321126765,32220288900.29073,1014475034.2460496,3936285587.455719,4064911293.1428328,1.247964512280129,0.0322331179737532,0.2866144154736422,0.007157918740227,3.0,1.6140007085923938,2.8131534400737017,LAS_DataFrame_474b180d_Laser_True_20260929_112405_LAS.csv,Data\NafisaData\LAS_Nafisa_Requested_Data_0.8Torr\OscopeData_Laser_True\Plasma_Off_Measuremnt_1.0.csv,
474b180d,2026-09-29 11:28:16.981456,2026-09-29,0.9,0.899,79.19,0.814,1.0,70,2420,54.8,93.73333333333332,0.7318166133366701,24.7,0.4966554808583783,69.03333333333333,0.2494438257849266,0.5133012209136149,0.0032117185657356,Data\NafisaData\LAS_Nafisa_Requested_Data_0.8Torr\OscopeData_Laser_True\Scope_TrialNumber_0_70.00W_0.90Torr_1.00NitrogenFlow_2420.00MHz.csv,True,474b180d|Scope_TrialNumber_0_70.00W_0.90Torr_1.00NitrogenFlow_2420.00MHz.csv,690.1205295758496,34.51980620618016,6.901205295758496,35.20289270850393,32815295067.93267,812825647.6584681,4008976251.694768,4090547166.351226,1.2800137880222149,0.0105727877561417,0.2919072713344215,0.002189609819237,3.0,1.531447296952957,0.8916459710826256,LAS_DataFrame_474b180d_Laser_True_20260929_112405_LAS.csv,Data\NafisaData\LAS_Nafisa_Requested_Data_0.8Torr\OscopeData_Laser_True\Plasma_Off_Measuremnt_1.0.csv,
474b180d,2026-09-29 11:28:35.259625,2026-09-29,0.9,0.899,79.19,0.802,1.0,75,2420,55.8,102.0,0.2160246899469273,27.066666666666663,0.094280904158206,74.93333333333332,0.1247219128924626,0.5151296976371125,0.0003753315266435,Data\NafisaData\LAS_Nafisa_Requested_Data_0.8Torr\OscopeData_Laser_True\Scope_TrialNumber_0_75.00W_0.90Torr_1.00NitrogenFlow_2420.00MHz.csv,True,474b180d|Scope_TrialNumber_0_75.00W_0.90Torr_1.00NitrogenFlow_2420.00MHz.csv,707.6327955850389,33.99144250068372,7.076327955850389,34.72020421334006,31877070348.05378,749666833.1175334,3894355291.774678,3965854699.7147927,1.2961526451521357,0.0206611426586933,0.2835613272461119,0.0043033570643825,3.0,1.4082745296897716,1.921326002392215,LAS_DataFrame_474b180d_Laser_True_20260929_112405_LAS.csv,Data\NafisaData\LAS_Nafisa_Requested_Data_0.8Torr\OscopeData_Laser_True\Plasma_Off_Measuremnt_1.0.csv,
474b180d,2026-09-29 11:28:53.480340,2026-09-29,0.9,0.899,79.2,0.798,1.0,80,2420,57.0,112.76666666666664,0.124721912892469,32.733333333333334,0.0471404520791004,80.03333333333335,0.094280904158211,0.538771607659039,0.00025395357535,Data\NafisaData\LAS_Nafisa_Requested_Data_0.8Torr\OscopeData_Laser_True\Scope_TrialNumber_0_80.00W_0.90Torr_1.00NitrogenFlow_2420.00MHz.csv,True,474b180d|Scope_TrialNumber_0_80.00W_0.90Torr_1.00NitrogenFlow_2420.00MHz.csv,710.9915291723432,38.90454591620757,7.109915291723432,39.548888586176304,31135708594.303955,844985044.81627,3803784670.406041,3896508378.635821,1.2992250563330654,0.0109715543205117,0.2769665705583901,0.0021326687028183,3.0,1.3895703379430222,0.8191469539764862,LAS_DataFrame_474b180d_Laser_True_20260929_112405_LAS.csv,Data\NafisaData\LAS_Nafisa_Requested_Data_0.8Torr\OscopeData_Laser_True\Plasma_Off_Measuremnt_1.0.csv,
474b180d,2026-09-29 11:29:11.760922,2026-09-29,0.9,0.899,79.19,0.804,1.0,85,2420,58.4,122.9,0.1414213562373081,38.13333333333333,0.0471404520791038,84.76666666666667,0.124721912892469,0.5570273237290563,0.00033293769731,Data\NafisaData\LAS_Nafisa_Requested_Data_0.8Torr\OscopeData_Laser_True\Scope_TrialNumber_0_85.00W_0.90Torr_1.00NitrogenFlow_2420.00MHz.csv,True,474b180d|Scope_TrialNumber_0_85.00W_0.90Torr_1.00NitrogenFlow_2420.00MHz.csv,707.6057668469922,41.70402137770419,7.076057668469922,42.30007081790195,30667789760.464104,891642874.7328663,3746620001.0437417,3851258034.4976754,1.2961278909963971,0.0271480545793985,0.2728042154825203,0.0055617236474839,3.0,1.4110488856307264,2.404600210766724,LAS_DataFrame_474b180d_Laser_True_20260929_112405_LAS.csv,Data\NafisaData\LAS_Nafisa_Requested_Data_0.8Torr\OscopeData_Laser_True\Plasma_Off_Measuremnt_1.0.csv,
474b180d,2026-09-29 11:29:30.121708,2026-09-29,0.9,0.899,79.21,0.806,1.0,90,2420,59.9,135.7,0.2449489742783155,45.833333333333336,0.3399346342395173,89.86666666666667,0.1247219128924588,0.5811616564152212,0.0016547472529208,Data\NafisaData\LAS_Nafisa_Requested_Data_0.8Torr\OscopeData_Laser_True\Scope_TrialNumber_0_90.00W_0.90Torr_1.00NitrogenFlow_2420.00MHz.csv,True,474b180d|Scope_TrialNumber_0_90.00W_0.90Torr_1.00NitrogenFlow_2420.00MHz.csv,693.6330293703293,31.71286877736314,6.936330293703293,32.46257420528446,30052806979.21228,677410810.5043856,3671488835.526689,3733458942.533764,1.2832670906079773,0.0118626460981645,0.2673336583773276,0.002251915178954,3.0,1.5125537678656615,0.6243126480888265,LAS_DataFrame_474b180d_Laser_True_20260929_112405_LAS.csv,Data\NafisaData\LAS_Nafisa_Requested_Data_0.8Torr\OscopeData_Laser_True\Plasma_Off_Measuremnt_1.0.csv,
474b180d,2026-09-29 11:29:48.461232,2026-09-29,0.9,0.899,79.21,0.8,1.0,95,2420,61.5,146.83333333333334,0.5557777333510968,51.866666666666674,0.5734883511361747,94.96666666666668,0.124721912892469,0.5943237865851511,0.0022004400672684,Data\NafisaData\LAS_Nafisa_Requested_Data_0.8Torr\OscopeData_Laser_True\Scope_TrialNumber_0_95.00W_0.90Torr_1.00NitrogenFlow_2420.00MHz.csv,True,474b180d|Scope_TrialNumber_0_95.00W_0.90Torr_1.00NitrogenFlow_2420.00MHz.csv,744.270359147365,31.34161033793769,7.4427035914736495,32.21320187944157,30620121393.406,634363237.6441286,3740796455.9225593,3794202793.98942,1.3292832613224548,0.0120865729225179,0.2723801832460862,0.0022552185681365,3.0,1.5587742200215864,0.8626007151877483,LAS_DataFrame_474b180d_Laser_True_20260929_112405_LAS.csv,Data\NafisaData\LAS_Nafisa_Requested_Data_0.8Torr\OscopeData_Laser_True\Plasma_Off_Measuremnt_1.0.csv,
474b180d,2026-09-29 11:30:06.731254,2026-09-29,0.9,0.899,79.2,0.795,1.0,100,2420,63.0,157.26666666666665,0.1885618083164153,57.3,0.2160246899469284,99.96666666666664,0.0471404520791004,0.6036121170735128,0.0007862837815062,Data\NafisaData\LAS_Nafisa_Requested_Data_0.8Torr\OscopeData_Laser_True\Scope_TrialNumber_0_100.00W_0.90Torr_1.00NitrogenFlow_2420.00MHz.csv,True,474b180d|Scope_TrialNumber_0_100.00W_0.90Torr_1.00NitrogenFlow_2420.00MHz.csv,716.0826610003708,29.041072601387217,7.160826610003708,29.91088991617569,29569217568.61319,587476579.7285423,3612409724.439941,3659867859.4940825,1.3038683797506512,0.0127117627214343,0.2630319062522295,0.0023318455199109,3.0,1.6306386951878402,0.2291449702219561,LAS_DataFrame_474b180d_Laser_True_20260929_112405_LAS.csv,Data\NafisaData\LAS_Nafisa_Requested_Data_0.8Torr\OscopeData_Laser_True\Plasma_Off_Measuremnt_1.0.csv,
474b180d,2026-09-29 11:30:25.072878,2026-09-29,0.9,0.9,79.2,0.806,1.0,105,2420,64.6,167.76666666666665,0.1699673171197628,62.96666666666667,0.188561808316412,104.8,0.1414213562373115,0.6126352263308913,0.0007375890702324,Data\NafisaData\LAS_Nafisa_Requested_Data_0.8Torr\OscopeData_Laser_True\Scope_TrialNumber_0_105.00W_0.90Torr_1.00NitrogenFlow_2420.00MHz.csv,True,474b180d|Scope_TrialNumber_0_105.00W_0.90Torr_1.00NitrogenFlow_2420.00MHz.csv,772.4936156772114,40.25143808237767,7.724936156772115,40.986008665466414,30347748237.66309,786700388.2699627,3707521194.7764378,3790067401.857204,1.3542524307326904,0.0211867283871572,0.2699572976827212,0.0041646365982464,3.0,1.6459077815883745,1.618195236376524,LAS_DataFrame_474b180d_Laser_True_20260929_112405_LAS.csv,Data\NafisaData\LAS_Nafisa_Requested_Data_0.8Torr\OscopeData_Laser_True\Plasma_Off_Measuremnt_1.0.csv,
474b180d,2026-09-29 11:30:43.223490,2026-09-29,0.9,0.899,79.2,0.796,1.0,110,2420,66.2,180.3,0.9201449161228186,70.36666666666666,0.758653778449408,109.93333333333332,0.2494438257849279,0.6247090043884115,0.00184638690495,Data\NafisaData\LAS_Nafisa_Requested_Data_0.8Torr\OscopeData_Laser_True\Scope_TrialNumber_0_110.00W_0.90Torr_1.00NitrogenFlow_2420.00MHz.csv,True,474b180d|Scope_TrialNumber_0_110.00W_0.90Torr_1.00NitrogenFlow_2420.00MHz.csv,778.5940807616555,43.43306817688282,7.785940807616555,44.12541541467298,30306063355.964104,832570166.5370554,3702428639.599348,3794884835.345207,1.359589253564162,0.0214292169475363,0.2695864913240565,0.0040453935351117,3.0,1.4025751337905226,1.7194536750844047,LAS_DataFrame_474b180d_Laser_True_20260929_112405_LAS.csv,Data\NafisaData\LAS_Nafisa_Requested_Data_0.8Torr\OscopeData_Laser_True\Plasma_Off_Measuremnt_1.0.csv,
474b180d,2026-09-29 11:31:28.693260,2026-09-29,0.9,0.8980000000000001,77.59,2.398,3.0,30,2420,53.3,36.8,0.0,6.8,0.0,30.0,0.0,0.4298634768105476,0.0,Data\NafisaData\LAS_Nafisa_Requested_Data_0.8Torr\OscopeData_Laser_True\Scope_TrialNumber_0_30.00W_0.90Torr_3.00NitrogenFlow_2420.00MHz.csv,True,474b180d|Scope_TrialNumber_0_30.00W_0.90Torr_3.00NitrogenFlow_2420.00MHz.csv,784.3582338123741,42.28081542977003,7.843582338123741,43.00219921470536,18325266407.85501,475801246.4298146,2238759629.7088213,2288762002.8561606,1.364612685874977,0.0242173512914324,0.1630117450572811,0.0026418405935517,3.0,1.5269448489489643,0.5016153130336768,LAS_DataFrame_474b180d_Laser_True_20260929_112405_LAS.csv,Data\NafisaData\LAS_Nafisa_Requested_Data_0.8Torr\OscopeData_Laser_True\Plasma_Off_Measuremnt_3.0.csv,
474b180d,2026-09-29 11:31:47.021629,2026-09-29,0.9,0.8980000000000001,77.6,2.401,3.0,35,2420,52.7,42.6,0.0816496580927737,7.733333333333333,0.047140452079103,34.86666666666667,0.094280904158206,0.4260662655595181,0.0013592947299475,Data\NafisaData\LAS_Nafisa_Requested_Data_0.8Torr\OscopeData_Laser_True\Scope_TrialNumber_0_35.00W_0.90Torr_3.00NitrogenFlow_2420.00MHz.csv,True,474b180d|Scope_TrialNumber_0_35.00W_0.90Torr_3.00NitrogenFlow_2420.00MHz.csv,795.4606561674275,38.20469055635142,7.954606561674275,39.024020116558965,20370260715.12037,490081723.9312443,2488592324.9719906,2536389531.606081,1.3742366490173232,0.0225667567552457,0.1812029180116147,0.0029873661501717,3.0,1.5595773753021789,0.9777699212369696,LAS_DataFrame_474b180d_Laser_True_20260929_112405_LAS.csv,Data\NafisaData\LAS_Nafisa_Requested_Data_0.8Torr\OscopeData_Laser_True\Plasma_Off_Measuremnt_3.0.csv,
474b180d,2026-09-29 11:32:05.275251,2026-09-29,0.9,0.8980000000000001,77.58,2.399,3.0,40,2420,52.7,48.73333333333333,0.0942809041582043,8.8,0.0,39.93333333333333,0.0942809041582076,0.4249412463777394,0.0004114743632503,Data\NafisaData\LAS_Nafisa_Requested_Data_0.8Torr\OscopeData_Laser_True\Scope_TrialNumber_0_40.00W_0.90Torr_3.00NitrogenFlow_2420.00MHz.csv,True,474b180d|Scope_TrialNumber_0_40.00W_0.90Torr_3.00NitrogenFlow_2420.00MHz.csv,792.2481258800733,42.62652089116468,7.922481258800733,43.35649885058695,21248404007.54649,554562860.0599273,2595873262.036048,2654448710.8082385,1.371458860322262,0.0218209020966159,0.1890144099333566,0.0027428557377869,3.0,1.588504234842875,0.749780350601603,LAS_DataFrame_474b180d_Laser_True_20260929_112405_LAS.csv,Data\NafisaData\LAS_Nafisa_Requested_Data_0.8Torr\OscopeData_Laser_True\Plasma_Off_Measuremnt_3.0.csv,
474b180d,2026-09-29 11:32:23.416190,2026-09-29,0.9,0.8980000000000001,77.6,2.4,3.0,45,2420,52.8,55.1,0.0,10.1,0.0,45.0,0.0,0.4281390957381205,0.0,Data\NafisaData\LAS_Nafisa_Requested_Data_0.8Torr\OscopeData_Laser_True\Scope_TrialNumber_0_45.00W_0.90Torr_3.00NitrogenFlow_2420.00MHz.csv,True,474b180d|Scope_TrialNumber_0_45.00W_0.90Torr_3.00NitrogenFlow_2420.00MHz.csv,752.5908960480398,46.20690977096091,7.525908960480398,46.81578597292971,22151812118.31188,666006377.8200579,2706240749.3357763,2786988246.954489,1.3366929409585224,0.0200734624577293,0.1970506441335669,0.0026950145949751,3.0,1.5837392306802165,0.6165829263534782,LAS_DataFrame_474b180d_Laser_True_20260929_112405_LAS.csv,Data\NafisaData\LAS_Nafisa_Requested_Data_0.8Torr\OscopeData_Laser_True\Plasma_Off_Measuremnt_3.0.csv,
474b180d,2026-09-29 11:32:41.764762,2026-09-29,0.9,0.8980000000000001,77.59,2.406,3.0,50,2420,53.0,61.4,0.0816496580927737,11.466666666666669,0.047140452079103,49.93333333333334,0.0471404520791038,0.432148751740589,0.0006562975180595,Data\NafisaData\LAS_Nafisa_Requested_Data_0.8Torr\OscopeData_Laser_True\Scope_TrialNumber_0_50.00W_0.90Torr_3.00NitrogenFlow_2420.00MHz.csv,True,474b180d|Scope_TrialNumber_0_50.00W_0.90Torr_3.00NitrogenFlow_2420.00MHz.csv,789.1659225675254,39.67231511724509,7.891659225675254,40.44960904750722,24288758782.22304,621439682.8771887,2967307072.4946346,3031682460.603548,1.3687884630892877,0.0218153368653859,0.2160597759532918,0.0035948410649499,3.0,1.6048014398897827,1.1274312549916743,LAS_DataFrame_474b180d_Laser_True_20260929_112405_LAS.csv,Data\NafisaData\LAS_Nafisa_Requested_Data_0.8Torr\OscopeData_Laser_True\Plasma_Off_Measuremnt_3.0.csv,
474b180d,2026-09-29 11:33:00.196488,2026-09-29,0.9,0.8980000000000001,77.59,2.397,3.0,55,2420,53.4,68.36666666666666,0.1247219128924639,13.466666666666669,0.047140452079103,54.900000000000006,0.1414213562373098,0.4438210130571134,0.0009423202675233,Data\NafisaData\LAS_Nafisa_Requested_Data_0.8Torr\OscopeData_Laser_True\Scope_TrialNumber_0_55.00W_0.90Torr_3.00NitrogenFlow_2420.00MHz.csv,True,474b180d|Scope_TrialNumber_0_55.00W_0.90Torr_3.00NitrogenFlow_2420.00MHz.csv,715.8783054349447,40.53811177012257,7.158783054349446,41.16535777454376,23723803575.58399,673009254.7631112,2898287671.572028,2975401298.0072465,1.30368231759102,0.0239397462089709,0.2110342373300741,0.0038931222067353,3.0,1.5194980177782773,1.444359125732666,LAS_DataFrame_474b180d_Laser_True_20260929_112405_LAS.csv,Data\NafisaData\LAS_Nafisa_Requested_Data_0.8Torr\OscopeData_Laser_True\Plasma_Off_Measuremnt_3.0.csv,
474b180d,2026-09-29 11:33:18.408507,2026-09-29,0.9,0.8980000000000001,77.61,2.396,3.0,60,2420,54.4,78.89999999999999,0.0816496580927737,19.0,0.0816496580927737,59.900000000000006,0.0816496580927708,0.4907239210103442,0.0009531310311247,Data\NafisaData\LAS_Nafisa_Requested_Data_0.8Torr\OscopeData_Laser_True\Scope_TrialNumber_0_60.00W_0.90Torr_3.00NitrogenFlow_2420.00MHz.csv,True,474b180d|Scope_TrialNumber_0_60.00W_0.90Torr_3.00NitrogenFlow_2420.00MHz.csv,837.4830087484685,39.21855214361266,8.374830087484685,40.10277560513117,22099297319.418755,504186222.269645,2699825125.731319,2746499491.39931,1.410068388986609,0.018346892987458,0.1965835006378941,0.0023389294716025,3.0,1.4136488728062246,0.7224245110065451,LAS_DataFrame_474b180d_Laser_True_20260929_112405_LAS.csv,Data\NafisaData\LAS_Nafisa_Requested_Data_0.8Torr\OscopeData_Laser_True\Plasma_Off_Measuremnt_3.0.csv,
474b180d,2026-09-29 11:33:36.698020,2026-09-29,0.9,0.8980000000000001,77.6,2.4,3.0,65,2420,55.2,86.13333333333333,0.1699673171197563,21.133333333333333,0.094280904158206,65.0,0.0816496580927679,0.4953326976674794,0.000642466340423,Data\NafisaData\LAS_Nafisa_Requested_Data_0.8Torr\OscopeData_Laser_True\Scope_TrialNumber_0_65.00W_0.90Torr_3.00NitrogenFlow_2420.00MHz.csv,True,474b180d|Scope_TrialNumber_0_65.00W_0.90Torr_3.00NitrogenFlow_2420.00MHz.csv,815.0270946928714,44.89693547705579,8.150270946928714,45.630710401430974,21745201279.71401,587670987.3026894,2656565950.061657,2720790296.282371,1.3910354490282542,0.0182528609159735,0.1934336521137056,0.0023205602649988,3.0,1.4041023593312043,0.5931047693798615,LAS_DataFrame_474b180d_Laser_True_20260929_112405_LAS.csv,Data\NafisaData\LAS_Nafisa_Requested_Data_0.8Torr\OscopeData_Laser_True\Plasma_Off_Measuremnt_3.0.csv,
474b180d,2026-09-29 11:33:55.065857,2026-09-29,0.9,0.8980000000000001,77.59,2.401,3.0,70,2420,55.9,92.6,0.1414213562373081,22.73333333333333,0.094280904158206,69.86666666666667,0.1247219128924639,0.4954789028247535,0.0009012121393062,Data\NafisaData\LAS_Nafisa_Requested_Data_0.8Torr\OscopeData_Laser_True\Scope_TrialNumber_0_70.00W_0.90Torr_3.00NitrogenFlow_2420.00MHz.csv,True,474b180d|Scope_TrialNumber_0_70.00W_0.90Torr_3.00NitrogenFlow_2420.00MHz.csv,815.9115376653198,50.662003411428586,8.159115376653197,51.31481027334253,22335812628.4931,681752243.6781083,2728719708.433635,2812596197.2800646,1.3917899993661706,0.0194380880258492,0.1986874140221189,0.0025353412369527,3.0,1.4958526543233992,0.6952334339395251,LAS_DataFrame_474b180d_Laser_True_20260929_112405_LAS.csv,Data\NafisaData\LAS_Nafisa_Requested_Data_0.8Torr\OscopeData_Laser_True\Plasma_Off_Measuremnt_3.0.csv,
474b180d,2026-09-29 11:34:13.260820,2026-09-29,0.9,0.8980000000000001,77.6,2.401,3.0,75,2420,56.4,97.26666666666668,0.5249338582674549,21.73333333333333,0.2624669291337274,75.53333333333333,0.7408703590297662,0.4726974223353304,0.0038898735945527,Data\NafisaData\LAS_Nafisa_Requested_Data_0.8Torr\OscopeData_Laser_True\Scope_TrialNumber_0_75.00W_0.90Torr_3.00NitrogenFlow_2420.00MHz.csv,True,474b180d|Scope_TrialNumber_0_75.00W_0.90Torr_3.00NitrogenFlow_2420.00MHz.csv,807.8544464202407,34.32790865174545,8.078544464202407,35.26568010208616,24990453613.75817,549102142.1776562,3053031668.5934296,3102017977.3783503,1.3849010169617617,0.0185624600237373,0.2223016769680125,0.0032293874048025,3.0,1.5905242826139925,0.9814700710385988,LAS_DataFrame_474b180d_Laser_True_20260929_112405_LAS.csv,Data\NafisaData\LAS_Nafisa_Requested_Data_0.8Torr\OscopeData_Laser_True\Plasma_Off_Measuremnt_3.0.csv,
474b180d,2026-09-29 11:34:31.506014,2026-09-29,0.9,0.8980000000000001,77.6,2.395,3.0,80,2420,56.5,99.36666666666667,0.2054804667656331,19.5,0.0,79.86666666666666,0.2054804667656331,0.442993793596541,0.0004582049089378,Data\NafisaData\LAS_Nafisa_Requested_Data_0.8Torr\OscopeData_Laser_True\Scope_TrialNumber_0_80.00W_0.90Torr_3.00NitrogenFlow_2420.00MHz.csv,True,474b180d|Scope_TrialNumber_0_80.00W_0.90Torr_3.00NitrogenFlow_2420.00MHz.csv,810.143161480584,29.94976877503435,8.10143161480584,31.026147744884444,25295605825.669216,446634462.1533474,3090311478.7603345,3122420115.638012,1.386861396112155,0.0186385455787497,0.2250161474408885,0.0027623426807266,3.0,1.600458672533658,0.8159147018240144,LAS_DataFrame_474b180d_Laser_True_20260929_112405_LAS.csv,Data\NafisaData\LAS_Nafisa_Requested_Data_0.8Torr\OscopeData_Laser_True\Plasma_Off_Measuremnt_3.0.csv,
474b180d,2026-09-29 11:34:49.840892,2026-09-29,0.9,0.8980000000000001,77.61,2.399,3.0,85,2420,57.0,108.46666666666664,0.1885618083164086,23.600000000000005,3.552713678800501e-15,84.86666666666666,0.1885618083164153,0.4664534904583473,0.0004058230784289,Data\NafisaData\LAS_Nafisa_Requested_Data_0.8Torr\OscopeData_Laser_True\Scope_TrialNumber_0_85.00W_0.90Torr_3.00NitrogenFlow_2420.00MHz.csv,True,474b180d|Scope_TrialNumber_0_85.00W_0.90Torr_3.00NitrogenFlow_2420.00MHz.csv,815.4122605059597,36.79823047052031,8.154122605059596,37.69084081338427,25526791922.92836,554711210.1980133,3118555002.754717,3167505301.0099,1.391364098234216,0.0188329706035127,0.2270726550140084,0.0027464258697466,3.0,1.5969584026349035,1.0204515865752604,LAS_DataFrame_474b180d_Laser_True_20260929_112405_LAS.csv,Data\NafisaData\LAS_Nafisa_Requested_Data_0.8Torr\OscopeData_Laser_True\Plasma_Off_Measuremnt_3.0.csv,
474b180d,2026-09-29 11:35:08.032641,2026-09-29,0.9,0.8980000000000001,77.6,2.393,3.0,90,2420,57.8,117.86666666666667,0.1699673171197563,27.933333333333334,0.094280904158206,89.93333333333332,0.1699673171197563,0.4868166843462385,0.0007997402665815,Data\NafisaData\LAS_Nafisa_Requested_Data_0.8Torr\OscopeData_Laser_True\Scope_TrialNumber_0_90.00W_0.90Torr_3.00NitrogenFlow_2420.00MHz.csv,True,474b180d|Scope_TrialNumber_0_90.00W_0.90Torr_3.00NitrogenFlow_2420.00MHz.csv,832.5546281601214,56.1315337709067,8.325546281601214,56.74560603572336,26226124093.0104,860168949.6566886,3203990957.424671,3317446107.6575985,1.405913315030146,0.037196043741285,0.2332935390591596,0.005898649890937,3.0,1.5768447611817415,2.08138097434823,LAS_DataFrame_474b180d_Laser_True_20260929_112405_LAS.csv,Data\NafisaData\LAS_Nafisa_Requested_Data_0.8Torr\OscopeData_Laser_True\Plasma_Off_Measuremnt_3.0.csv,
474b180d,2026-09-29 11:35:26.471759,2026-09-29,0.9,0.8980000000000001,77.62,2.396,3.0,95,2420,58.7,128.20000000000002,0.1414213562373148,33.03333333333333,0.0471404520791038,95.16666666666669,0.1247219128924702,0.5076123615243442,0.0003287379262795,Data\NafisaData\LAS_Nafisa_Requested_Data_0.8Torr\OscopeData_Laser_True\Scope_TrialNumber_0_95.00W_0.90Torr_3.00NitrogenFlow_2420.00MHz.csv,True,474b180d|Scope_TrialNumber_0_95.00W_0.90Torr_3.00NitrogenFlow_2420.00MHz.csv,868.5415813437219,47.92995079709455,8.685415813437219,48.71053922165315,27345517932.40881,781054894.8402711,3340744971.34262,3430834258.9383345,1.4359769934025248,0.022025434959929,0.2432510665027163,0.0041406084422763,3.0,1.7221622075344336,1.1434102788555356,LAS_DataFrame_474b180d_Laser_True_20260929_112405_LAS.csv,Data\NafisaData\LAS_Nafisa_Requested_Data_0.8Torr\OscopeData_Laser_True\Plasma_Off_Measuremnt_3.0.csv,
474b180d,2026-09-29 11:35:44.818482,2026-09-29,0.9,0.8980000000000001,77.59,2.404,3.0,100,2420,59.8,139.33333333333334,0.1247219128924677,39.266666666666666,0.0471404520791004,100.06666666666666,0.0942809041582076,0.5308654585121829,0.0002086874768404,Data\NafisaData\LAS_Nafisa_Requested_Data_0.8Torr\OscopeData_Laser_True\Scope_TrialNumber_0_100.00W_0.90Torr_3.00NitrogenFlow_2420.00MHz.csv,True,474b180d|Scope_TrialNumber_0_100.00W_0.90Torr_3.00NitrogenFlow_2420.00MHz.csv,864.9611090060771,45.61197350608348,8.649611090060771,46.4248629414128,27598716219.39784,731740284.5419776,3371677678.709946,3450167273.2104545,1.4330141037937014,0.0254703295388954,0.2455033827140596,0.0044169518388273,3.0,1.7967493303192124,1.2900610363641132,LAS_DataFrame_474b180d_Laser_True_20260929_112405_LAS.csv,Data\NafisaData\LAS_Nafisa_Requested_Data_0.8Torr\OscopeData_Laser_True\Plasma_Off_Measuremnt_3.0.csv,
474b180d,2026-09-29 11:36:02.954756,2026-09-29,0.9,0.8980000000000001,77.58,2.405,3.0,105,2420,61.0,149.06666666666666,0.0942809041582009,44.1,0.1414213562373115,104.96666666666664,0.2357022603955091,0.5439121385631043,0.0010443671343575,Data\NafisaData\LAS_Nafisa_Requested_Data_0.8Torr\OscopeData_Laser_True\Scope_TrialNumber_0_105.00W_0.90Torr_3.00NitrogenFlow_2420.00MHz.csv,True,474b180d|Scope_TrialNumber_0_105.00W_0.90Torr_3.00NitrogenFlow_2420.00MHz.csv,824.1941552820391,31.294518485962666,8.241941552820391,32.361651500323134,26792227722.270267,526720670.3128618,3273150658.746961,3315260155.612301,1.3988364474208077,0.0196354757798335,0.2383292934342968,0.0035598505028966,3.0,1.6779995807204326,1.1132284208777143,LAS_DataFrame_474b180d_Laser_True_20260929_112405_LAS.csv,Data\NafisaData\LAS_Nafisa_Requested_Data_0.8Torr\OscopeData_Laser_True\Plasma_Off_Measuremnt_3.0.csv,
474b180d,2026-09-29 11:36:21.272933,2026-09-29,0.9,0.8980000000000001,77.59,2.402,3.0,110,2420,61.7,153.4,0.0816496580927679,43.53333333333333,0.0471404520791038,109.86666666666667,0.0471404520791004,0.532719028202567,0.0001801073993508,Data\NafisaData\LAS_Nafisa_Requested_Data_0.8Torr\OscopeData_Laser_True\Scope_TrialNumber_0_110.00W_0.90Torr_3.00NitrogenFlow_2420.00MHz.csv,True,474b180d|Scope_TrialNumber_0_110.00W_0.90Torr_3.00NitrogenFlow_2420.00MHz.csv,878.391385986291,45.54788611829252,8.78391385986291,46.38714339709264,27669507273.20789,761087111.3879156,3380326074.312345,3464947035.640908,1.4440964768155435,0.0264183824631013,0.2461331019748433,0.0050386331712192,3.0,1.6374636171614023,1.4707907290313664,LAS_DataFrame_474b180d_Laser_True_20260929_112405_LAS.csv,Data\NafisaData\LAS_Nafisa_Requested_Data_0.8Torr\OscopeData_Laser_True\Plasma_Off_Measuremnt_3.0.csv,
474b180d,2026-09-29 11:38:06.599083,2026-09-29,0.9,0.8960000000000001,76.01,3.996,5.0,30,2420,46.3,37.43333333333333,0.0942809041582076,7.333333333333333,0.0471404520791034,30.1,0.0816496580927737,0.4426081225098818,0.0012390088656429,Data\NafisaData\LAS_Nafisa_Requested_Data_0.8Torr\OscopeData_Laser_True\Scope_TrialNumber_0_30.00W_0.90Torr_5.00NitrogenFlow_2420.00MHz.csv,True,474b180d|Scope_TrialNumber_0_30.00W_0.90Torr_5.00NitrogenFlow_2420.00MHz.csv,850.5660563018135,62.43202052133589,8.505660563018136,63.00875691512877,11925140701.57607,415371191.9874604,1456869602.1708205,1514926488.2701235,1.4210396570043018,0.0414286666314846,0.1060796581371536,0.0028390319233539,3.0,1.6242477048635169,0.4590224067690686,LAS_DataFrame_474b180d_Laser_True_20260929_112405_LAS.csv,Data\NafisaData\LAS_Nafisa_Requested_Data_0.8Torr\OscopeData_Laser_True\Plasma_Off_Measuremnt_5.0.csv,
474b180d,2026-09-29 11:38:24.940062,2026-09-29,0.9,0.8960000000000001,76.0,3.992,5.0,35,2420,47.2,43.06666666666666,0.0471404520791038,8.033333333333333,0.047140452079103,35.03333333333333,0.0471404520791038,0.4318920855730322,0.0011654579580726,Data\NafisaData\LAS_Nafisa_Requested_Data_0.8Torr\OscopeData_Laser_True\Scope_TrialNumber_0_35.00W_0.90Torr_5.00NitrogenFlow_2420.00MHz.csv,True,474b180d|Scope_TrialNumber_0_35.00W_0.90Torr_5.00NitrogenFlow_2420.00MHz.csv,892.6363257933236,66.61554327014667,8.926363257933236,67.21094082208168,13589234010.824366,482414389.4066261,1660168415.83591,1728838573.1599357,1.4557588955015612,0.0430049998765887,0.1208825400293608,0.0032896725016521,3.0,1.7230518518035915,0.3803180075016225,LAS_DataFrame_474b180d_Laser_True_20260929_112405_LAS.csv,Data\NafisaData\LAS_Nafisa_Requested_Data_0.8Torr\OscopeData_Laser_True\Plasma_Off_Measuremnt_5.0.csv,
474b180d,2026-09-29 11:38:43.189496,2026-09-29,0.9,0.8960000000000001,76.0,3.998,5.0,40,2420,48.0,48.70000000000001,0.0816496580927708,8.733333333333333,0.0471404520791038,39.96666666666667,0.0471404520791004,0.423470895295966,0.0008526240946202,Data\NafisaData\LAS_Nafisa_Requested_Data_0.8Torr\OscopeData_Laser_True\Scope_TrialNumber_0_40.00W_0.90Torr_5.00NitrogenFlow_2420.00MHz.csv,True,474b180d|Scope_TrialNumber_0_40.00W_0.90Torr_5.00NitrogenFlow_2420.00MHz.csv,847.338253907143,56.52390990654924,8.47338253907143,57.15549494822992,14401348291.134075,453146324.1135171,1759382726.013037,1816801906.5519104,1.418340751327806,0.0396135355236355,0.1281066732601049,0.0032852828652912,3.0,1.7942734043963595,0.4877545459119445,LAS_DataFrame_474b180d_Laser_True_20260929_112405_LAS.csv,Data\NafisaData\LAS_Nafisa_Requested_Data_0.8Torr\OscopeData_Laser_True\Plasma_Off_Measuremnt_5.0.csv,
474b180d,2026-09-29 11:39:01.580554,2026-09-29,0.9,0.8960000000000001,76.0,3.994,5.0,45,2420,48.7,54.73333333333334,0.1247219128924633,9.7,0.0,45.03333333333334,0.1247219128924639,0.420979320856381,0.0004793355607377,Data\NafisaData\LAS_Nafisa_Requested_Data_0.8Torr\OscopeData_Laser_True\Scope_TrialNumber_0_45.00W_0.90Torr_5.00NitrogenFlow_2420.00MHz.csv,True,474b180d|Scope_TrialNumber_0_45.00W_0.90Torr_5.00NitrogenFlow_2420.00MHz.csv,872.770955655225,59.77073379154766,8.72770955655225,60.4045820454342,15333303155.380611,500364628.27198976,1873237710.729198,1938913170.3415017,1.4394690016155454,0.0379000067998629,0.136396844074229,0.0033006826446826,3.0,1.7485907900107205,0.826360163405745,LAS_DataFrame_474b180d_Laser_True_20260929_112405_LAS.csv,Data\NafisaData\LAS_Nafisa_Requested_Data_0.8Torr\OscopeData_Laser_True\Plasma_Off_Measuremnt_5.0.csv,
474b180d,2026-09-29 11:39:19.803816,2026-09-29,0.9,0.8960000000000001,76.0,4.007,5.0,50,2420,49.5,60.76666666666666,0.1247219128924633,10.733333333333334,0.0471404520791038,50.03333333333334,0.1247219128924639,0.4202754837295637,0.0009406369696875,Data\NafisaData\LAS_Nafisa_Requested_Data_0.8Torr\OscopeData_Laser_True\Scope_TrialNumber_0_50.00W_0.90Torr_5.00NitrogenFlow_2420.00MHz.csv,True,474b180d|Scope_TrialNumber_0_50.00W_0.90Torr_5.00NitrogenFlow_2420.00MHz.csv,912.9500367405484,58.2209325553226,9.129500367405484,58.932374503068175,16374168915.52308,496755913.6088053,2000398112.760477,2061154784.8817656,1.472230055411238,0.037460236261203,0.1456558278267636,0.0034192817823915,3.0,1.8224348635541985,0.8032871144690675,LAS_DataFrame_474b180d_Laser_True_20260929_112405_LAS.csv,Data\NafisaData\LAS_Nafisa_Requested_Data_0.8Torr\OscopeData_Laser_True\Plasma_Off_Measuremnt_5.0.csv,
474b180d,2026-09-29 11:39:38.165894,2026-09-29,0.9,0.8960000000000001,76.0,3.998,5.0,55,2420,50.2,66.60000000000001,0.2160246899469295,11.6,0.0,55.0,0.2160246899469295,0.417343444626556,0.0006778348159986,Data\NafisaData\LAS_Nafisa_Requested_Data_0.8Torr\OscopeData_Laser_True\Scope_TrialNumber_0_55.00W_0.90Torr_5.00NitrogenFlow_2420.00MHz.csv,True,474b180d|Scope_TrialNumber_0_55.00W_0.90Torr_5.00NitrogenFlow_2420.00MHz.csv,900.7383557098376,59.338966437040185,9.007383557098375,60.01871288490671,16972418153.552649,535351969.320367,2073484976.1542096,2141481187.727882,1.4623505829990764,0.0353286589199273,0.1509775323029717,0.0033542622345592,3.0,1.8217514359124527,0.6088940963876764,LAS_DataFrame_474b180d_Laser_True_20260929_112405_LAS.csv,Data\NafisaData\LAS_Nafisa_Requested_Data_0.8Torr\OscopeData_Laser_True\Plasma_Off_Measuremnt_5.0.csv,
474b180d,2026-09-29 11:39:56.324408,2026-09-29,0.9,0.8960000000000001,75.98,3.995,5.0,60,2420,50.9,72.8,0.2449489742783155,12.833333333333334,0.047140452079103,59.96666666666667,0.2494438257849272,0.419860634331471,0.0010438280931441,Data\NafisaData\LAS_Nafisa_Requested_Data_0.8Torr\OscopeData_Laser_True\Scope_TrialNumber_0_60.00W_0.90Torr_5.00NitrogenFlow_2420.00MHz.csv,True,474b180d|Scope_TrialNumber_0_60.00W_0.90Torr_5.00NitrogenFlow_2420.00MHz.csv,869.1715826452028,57.03852364153512,8.691715826452027,57.69695921982161,17660326722.1384,571262502.8607069,2157525333.222112,2231872848.2308006,1.4364976958088949,0.0296807675600988,0.1570967981138608,0.003128669031715,3.0,1.6383209610873004,0.8109327762675548,LAS_DataFrame_474b180d_Laser_True_20260929_112405_LAS.csv,Data\NafisaData\LAS_Nafisa_Requested_Data_0.8Torr\OscopeData_Laser_True\Plasma_Off_Measuremnt_5.0.csv,
474b180d,2026-09-29 11:40:14.662928,2026-09-29,0.9,0.8960000000000001,76.01,4.002,5.0,65,2420,51.6,79.43333333333334,0.0942809041582076,14.566666666666668,0.047140452079103,64.86666666666666,0.1247219128924639,0.4282314569771133,0.000849433350247,Data\NafisaData\LAS_Nafisa_Requested_Data_0.8Torr\OscopeData_Laser_True\Scope_TrialNumber_0_65.00W_0.90Torr_5.00NitrogenFlow_2420.00MHz.csv,True,474b180d|Scope_TrialNumber_0_65.00W_0.90Torr_5.00NitrogenFlow_2420.00MHz.csv,844.2135866906223,45.23720416894199,8.442135866906224,46.01819530379095,18170826994.018764,468709537.31147486,2219892088.1824245,2268834395.3540688,1.415723180290856,0.025882876436474,0.1616379348329299,0.0027132616951855,3.0,1.5296583574950864,0.4241780459842717,LAS_DataFrame_474b180d_Laser_True_20260929_112405_LAS.csv,Data\NafisaData\LAS_Nafisa_Requested_Data_0.8Torr\OscopeData_Laser_True\Plasma_Off_Measuremnt_5.0.csv,
474b180d,2026-09-29 11:40:32.822730,2026-09-29,0.9,0.8960000000000001,76.0,3.993,5.0,70,2420,52.4,86.93333333333332,0.1247219128924626,16.933333333333334,0.0471404520791038,70.0,0.0816496580927679,0.4413443468116614,0.0003314010291014,Data\NafisaData\LAS_Nafisa_Requested_Data_0.8Torr\OscopeData_Laser_True\Scope_TrialNumber_0_70.00W_0.90Torr_5.00NitrogenFlow_2420.00MHz.csv,True,474b180d|Scope_TrialNumber_0_70.00W_0.90Torr_5.00NitrogenFlow_2420.00MHz.csv,873.5081750024265,56.8316621327319,8.735081750024264,57.49903889586851,18992131026.488724,602145124.1591867,2320229091.240817,2397090274.976908,1.4400768245435966,0.0265614372054277,0.1689438151718985,0.0028628745938316,3.0,1.5561809942302736,0.5858926883223534,LAS_DataFrame_474b180d_Laser_True_20260929_112405_LAS.csv,Data\NafisaData\LAS_Nafisa_Requested_Data_0.8Torr\OscopeData_Laser_True\Plasma_Off_Measuremnt_5.0.csv,
474b180d,2026-09-29 11:40:51.233104,2026-09-29,0.9,0.8960000000000001,75.99,4.002,5.0,75,2420,53.7,97.63333333333333,0.0942809041582076,22.7,0.0,74.93333333333334,0.0942809041582076,0.4821853619729528,0.0002329336490097,Data\NafisaData\LAS_Nafisa_Requested_Data_0.8Torr\OscopeData_Laser_True\Scope_TrialNumber_0_75.00W_0.90Torr_5.00NitrogenFlow_2420.00MHz.csv,True,474b180d|Scope_TrialNumber_0_75.00W_0.90Torr_5.00NitrogenFlow_2420.00MHz.csv,891.9968950466357,46.397937712395645,8.919968950466357,47.24758692293851,18025214524.55689,448291530.1233091,2202102916.065738,2247270021.364928,1.4552373932207263,0.0280869163452414,0.1603426443732558,0.002844129056871,3.0,1.5845862790615903,0.5294937470797632,LAS_DataFrame_474b180d_Laser_True_20260929_112405_LAS.csv,Data\NafisaData\LAS_Nafisa_Requested_Data_0.8Torr\OscopeData_Laser_True\Plasma_Off_Measuremnt_5.0.csv,
474b180d,2026-09-29 11:41:09.356325,2026-09-29,0.9,0.8960000000000001,75.98,3.995,5.0,80,2420,54.9,105.13333333333334,0.1699673171197563,25.23333333333333,0.0471404520791038,79.89999999999999,0.1414213562373081,0.4899109027217567,0.0003389565066521,Data\NafisaData\LAS_Nafisa_Requested_Data_0.8Torr\OscopeData_Laser_True\Scope_TrialNumber_0_80.00W_0.90Torr_5.00NitrogenFlow_2420.00MHz.csv,True,474b180d|Scope_TrialNumber_0_80.00W_0.90Torr_5.00NitrogenFlow_2420.00MHz.csv,925.0925713326818,44.35719102010136,9.25092571332682,45.31158816182956,18265109006.484715,416819808.59351575,2231410325.27752,2270006782.4989123,1.4819882867067602,0.0280148744360772,0.1624766170674757,0.0028298359953318,3.0,1.5614926190833978,0.173201238198241,LAS_DataFrame_474b180d_Laser_True_20260929_112405_LAS.csv,Data\NafisaData\LAS_Nafisa_Requested_Data_0.8Torr\OscopeData_Laser_True\Plasma_Off_Measuremnt_5.0.csv,
474b180d,2026-09-29 11:41:27.712856,2026-09-29,0.9,0.8960000000000001,76.02,4.003,5.0,85,2420,56.0,112.23333333333336,0.1699673171197609,27.23333333333333,0.0471404520791038,85.0,0.1632993161855475,0.4925945495576341,0.0004820249717,Data\NafisaData\LAS_Nafisa_Requested_Data_0.8Torr\OscopeData_Laser_True\Scope_TrialNumber_0_85.00W_0.90Torr_5.00NitrogenFlow_2420.00MHz.csv,True,474b180d|Scope_TrialNumber_0_85.00W_0.90Torr_5.00NitrogenFlow_2420.00MHz.csv,952.7477440031452,51.95913710720437,9.527477440031452,52.82541770109888,18694623124.122944,491815749.14759934,2283883170.4497085,2336237373.935497,1.5039768065942536,0.0277973846657744,0.1662973443783176,0.0028327419547605,3.0,1.538825953159113,0.1686664700392137,LAS_DataFrame_474b180d_Laser_True_20260929_112405_LAS.csv,Data\NafisaData\LAS_Nafisa_Requested_Data_0.8Torr\OscopeData_Laser_True\Plasma_Off_Measuremnt_5.0.csv,
474b180d,2026-09-29 11:41:46.013831,2026-09-29,0.9,0.8960000000000001,76.0,3.992,5.0,90,2420,57.0,118.90000000000002,1.4210854715202004e-14,29.03333333333333,0.0471404520791038,89.86666666666667,0.0471404520791004,0.494148384408286,0.0004010512853736,Data\NafisaData\LAS_Nafisa_Requested_Data_0.8Torr\OscopeData_Laser_True\Scope_TrialNumber_0_90.00W_0.90Torr_5.00NitrogenFlow_2420.00MHz.csv,True,474b180d|Scope_TrialNumber_0_90.00W_0.90Torr_5.00NitrogenFlow_2420.00MHz.csv,936.995615614696,43.71403109838408,9.369956156146962,44.70696358777463,19066229982.1943,426493244.8007453,2329281606.3281894,2368005339.8249545,1.4914920874341435,0.0255524675118157,0.1696029597544466,0.0026803148233286,3.0,1.4895994526592382,0.6423692904187865,LAS_DataFrame_474b180d_Laser_True_20260929_112405_LAS.csv,Data\NafisaData\LAS_Nafisa_Requested_Data_0.8Torr\OscopeData_Laser_True\Plasma_Off_Measuremnt_5.0.csv,
474b180d,2026-09-29 11:42:04.196563,2026-09-29,0.9,0.8960000000000001,76.01,4.001,5.0,95,2420,57.7,123.96666666666664,0.1247219128924639,28.7,0.0816496580927723,95.26666666666668,0.0471404520791071,0.4811582169280808,0.0004490377627636,Data\NafisaData\LAS_Nafisa_Requested_Data_0.8Torr\OscopeData_Laser_True\Scope_TrialNumber_0_95.00W_0.90Torr_5.00NitrogenFlow_2420.00MHz.csv,True,474b180d|Scope_TrialNumber_0_95.00W_0.90Torr_5.00NitrogenFlow_2420.00MHz.csv,915.5967270608515,50.54441797638392,9.155967270608516,51.36701203332598,20877898013.75988,563389592.3600225,2550609316.4543858,2612090296.671136,1.4743625472781343,0.0217595027996714,0.1857185872556875,0.0025201669642693,3.0,1.479434369563637,0.5906690907046428,LAS_DataFrame_474b180d_Laser_True_20260929_112405_LAS.csv,Data\NafisaData\LAS_Nafisa_Requested_Data_0.8Torr\OscopeData_Laser_True\Plasma_Off_Measuremnt_5.0.csv,
474b180d,2026-09-29 11:42:22.555688,2026-09-29,0.9,0.8960000000000001,76.0,4.008,5.0,100,2420,58.0,123.13333333333333,0.2494438257849329,23.066666666666663,0.094280904158206,100.06666666666666,0.1885618083164153,0.4328163775465721,0.0006222515525043,Data\NafisaData\LAS_Nafisa_Requested_Data_0.8Torr\OscopeData_Laser_True\Scope_TrialNumber_0_100.00W_0.90Torr_5.00NitrogenFlow_2420.00MHz.csv,True,474b180d|Scope_TrialNumber_0_100.00W_0.90Torr_5.00NitrogenFlow_2420.00MHz.csv,871.0108954400457,38.26706243017514,8.710108954400457,39.245815892047,22027097871.680992,475609750.0480216,2691004669.5761337,2732711248.1967974,1.4380168275335827,0.0174999490837583,0.1959412530598256,0.0022491604901976,3.0,1.3553131521788988,0.8319315114788836,LAS_DataFrame_474b180d_Laser_True_20260929_112405_LAS.csv,Data\NafisaData\LAS_Nafisa_Requested_Data_0.8Torr\OscopeData_Laser_True\Plasma_Off_Measuremnt_5.0.csv,
474b180d,2026-09-29 11:42:40.915009,2026-09-29,0.9,0.8960000000000001,76.0,4.001,5.0,105,2420,58.5,131.70000000000002,0.1414213562373148,26.766666666666666,0.094280904158206,104.93333333333332,0.0471404520791071,0.4508201950890121,0.0005512648831928,Data\NafisaData\LAS_Nafisa_Requested_Data_0.8Torr\OscopeData_Laser_True\Scope_TrialNumber_0_105.00W_0.90Torr_5.00NitrogenFlow_2420.00MHz.csv,True,474b180d|Scope_TrialNumber_0_105.00W_0.90Torr_5.00NitrogenFlow_2420.00MHz.csv,843.2924868322061,42.022311782159775,8.432924868322061,42.86010860172672,21058140295.43132,517703455.20436543,2572629140.6027355,2624202271.664459,1.4149506398271363,0.0270387732651912,0.1873219259583528,0.0034983363476735,3.0,1.3164317266016576,1.638156013255686,LAS_DataFrame_474b180d_Laser_True_20260929_112405_LAS.csv,Data\NafisaData\LAS_Nafisa_Requested_Data_0.8Torr\OscopeData_Laser_True\Plasma_Off_Measuremnt_5.0.csv,
474b180d,2026-09-29 11:42:59.224384,2026-09-29,0.9,0.8960000000000001,76.01,4.003,5.0,110,2420,59.3,140.76666666666668,0.0471404520791138,30.666666666666668,0.0471404520791021,110.1,0.0816496580927853,0.4667488868143321,0.0004036241501949,Data\NafisaData\LAS_Nafisa_Requested_Data_0.8Torr\OscopeData_Laser_True\Scope_TrialNumber_0_110.00W_0.90Torr_5.00NitrogenFlow_2420.00MHz.csv,True,474b180d|Scope_TrialNumber_0_110.00W_0.90Torr_5.00NitrogenFlow_2420.00MHz.csv,906.949654157886,41.82721143489093,9.06949654157886,42.79919840296991,21783640507.867664,492879175.8266272,2661261990.505068,2706519030.797776,1.4673839485914513,0.0167073372727398,0.1937755868785555,0.0020309229142213,3.0,1.2531950872715567,0.8772992988429782,LAS_DataFrame_474b180d_Laser_True_20260929_112405_LAS.csv,Data\NafisaData\LAS_Nafisa_Requested_Data_0.8Torr\OscopeData_Laser_True\Plasma_Off_Measuremnt_5.0.csv,
474b180d,2026-09-29 11:44:46.295736,2026-09-29,0.9,0.8939999999999999,74.41,5.61,7.0,30,2420,46.6,38.63333333333333,0.0471404520791038,8.533333333333333,0.047140452079103,30.100000000000005,0.0816496580927737,0.4699776645819782,0.0014615771636523,Data\NafisaData\LAS_Nafisa_Requested_Data_0.8Torr\OscopeData_Laser_True\Scope_TrialNumber_0_30.00W_0.90Torr_7.00NitrogenFlow_2420.00MHz.csv,True,474b180d|Scope_TrialNumber_0_30.00W_0.90Torr_7.00NitrogenFlow_2420.00MHz.csv,872.5006253905678,86.47099115261958,8.72500625390568,86.91005721461185,8549201272.55278,394777985.7728925,1044438113.4367776,1116557491.0636165,1.4392460552797652,0.0659242106456655,0.076049110952482,0.0032038682380528,3.0,1.7323955153547983,0.3874596673387528,LAS_DataFrame_474b180d_Laser_True_20260929_112405_LAS.csv,Data\NafisaData\LAS_Nafisa_Requested_Data_0.8Torr\OscopeData_Laser_True\Plasma_Off_Measuremnt_7.0.csv,
474b180d,2026-09-29 11:45:04.559173,2026-09-29,0.9,0.8939999999999999,74.41,5.594,7.0,35,2420,47.4,43.66666666666666,0.0471404520791038,8.7,0.0,34.96666666666667,0.0471404520791004,0.4463595137108316,0.0002410723257937,Data\NafisaData\LAS_Nafisa_Requested_Data_0.8Torr\OscopeData_Laser_True\Scope_TrialNumber_0_35.00W_0.90Torr_7.00NitrogenFlow_2420.00MHz.csv,True,474b180d|Scope_TrialNumber_0_35.00W_0.90Torr_7.00NitrogenFlow_2420.00MHz.csv,893.5804764729946,91.42443178783516,8.935804764729946,91.8600856439939,9529484090.00068,456423389.7398249,1164197223.5394757,1250470905.6985755,1.4565285776548544,0.0667736772672707,0.0847691813277401,0.0035751769430439,3.0,1.9338390468076656,0.254249923875982,LAS_DataFrame_474b180d_Laser_True_20260929_112405_LAS.csv,Data\NafisaData\LAS_Nafisa_Requested_Data_0.8Torr\OscopeData_Laser_True\Plasma_Off_Measuremnt_7.0.csv,
474b180d,2026-09-29 11:45:22.841004,2026-09-29,0.9,0.895,74.4,5.602,7.0,40,2420,48.3,49.5,0.0,9.5,0.0,40.0,0.0,0.4380858271151806,0.0,Data\NafisaData\LAS_Nafisa_Requested_Data_0.8Torr\OscopeData_Laser_True\Scope_TrialNumber_0_40.00W_0.90Torr_7.00NitrogenFlow_2420.00MHz.csv,True,474b180d|Scope_TrialNumber_0_40.00W_0.90Torr_7.00NitrogenFlow_2420.00MHz.csv,867.0726723509008,81.59870229053854,8.670726723509008,82.0580874589075,10288005268.357872,454889680.5778039,1256864176.0732377,1336649609.5059595,1.4347621913948985,0.0588480532280652,0.0915165790569164,0.0034525240571598,3.0,1.843358524206679,0.7999843535113973,LAS_DataFrame_474b180d_Laser_True_20260929_112405_LAS.csv,Data\NafisaData\LAS_Nafisa_Requested_Data_0.8Torr\OscopeData_Laser_True\Plasma_Off_Measuremnt_7.0.csv,
474b180d,2026-09-29 11:45:41.137419,2026-09-29,0.9,0.895,74.41,5.596,7.0,45,2420,49.1,54.93333333333333,0.1247219128924664,10.0,0.0,44.93333333333333,0.1247219128924664,0.4266609171590018,0.0004840371730689,Data\NafisaData\LAS_Nafisa_Requested_Data_0.8Torr\OscopeData_Laser_True\Scope_TrialNumber_0_45.00W_0.90Torr_7.00NitrogenFlow_2420.00MHz.csv,True,474b180d|Scope_TrialNumber_0_45.00W_0.90Torr_7.00NitrogenFlow_2420.00MHz.csv,898.8226655566777,79.46516373808419,8.988226655566777,79.97187297001597,11365073547.011915,474303392.2089442,1388447364.38951,1467225201.371994,1.4607946918290795,0.0542012524046004,0.1010976010045143,0.0034496170045337,3.0,1.87591726974613,0.5943492693405896,LAS_DataFrame_474b180d_Laser_True_20260929_112405_LAS.csv,Data\NafisaData\LAS_Nafisa_Requested_Data_0.8Torr\OscopeData_Laser_True\Plasma_Off_Measuremnt_7.0.csv,
474b180d,2026-09-29 11:45:59.444289,2026-09-29,0.9,0.895,74.4,5.599,7.0,50,2420,49.8,60.96666666666667,0.0471404520791038,10.800000000000002,1.7763568394002505e-15,50.16666666666666,0.0471404520791071,0.42088723059603,0.0001627853220001,Data\NafisaData\LAS_Nafisa_Requested_Data_0.8Torr\OscopeData_Laser_True\Scope_TrialNumber_0_50.00W_0.90Torr_7.00NitrogenFlow_2420.00MHz.csv,True,474b180d|Scope_TrialNumber_0_50.00W_0.90Torr_7.00NitrogenFlow_2420.00MHz.csv,907.6936527613308,61.75879864758583,9.07693652761331,62.42227156327596,12150100618.87124,385095875.0161695,1484352486.7267134,1533493116.321768,1.4679856952264634,0.046407917700537,0.1080807809514177,0.003144821180961,3.0,1.7334681648826191,0.4639155723466381,LAS_DataFrame_474b180d_Laser_True_20260929_112405_LAS.csv,Data\NafisaData\LAS_Nafisa_Requested_Data_0.8Torr\OscopeData_Laser_True\Plasma_Off_Measuremnt_7.0.csv,
474b180d,2026-09-29 11:46:17.786079,2026-09-29,0.9,0.895,74.39,5.593,7.0,55,2420,50.6,66.86666666666666,0.1247219128924639,11.866666666666667,0.047140452079103,55.0,0.0816496580927708,0.4212680111298474,0.0004837082477857,Data\NafisaData\LAS_Nafisa_Requested_Data_0.8Torr\OscopeData_Laser_True\Scope_TrialNumber_0_55.00W_0.90Torr_7.00NitrogenFlow_2420.00MHz.csv,True,474b180d|Scope_TrialNumber_0_55.00W_0.90Torr_7.00NitrogenFlow_2420.00MHz.csv,930.2950544057816,63.14850767291181,9.302950544057817,63.83007841246153,12769261501.682167,409940582.1151872,1559994082.209211,1612957785.372171,1.486149605150109,0.0417525538735299,0.1135885042080331,0.0029358163904218,3.0,1.6275546089245334,0.5734499098584692,LAS_DataFrame_474b180d_Laser_True_20260929_112405_LAS.csv,Data\NafisaData\LAS_Nafisa_Requested_Data_0.8Torr\OscopeData_Laser_True\Plasma_Off_Measuremnt_7.0.csv,
474b180d,2026-09-29 11:46:36.067747,2026-09-29,0.9,0.8939999999999999,74.41,5.597,7.0,60,2420,51.3,72.73333333333333,0.0942809041582076,12.800000000000002,1.7763568394002505e-15,59.93333333333334,0.0942809041582076,0.4195063247475724,0.0002720806304278,Data\NafisaData\LAS_Nafisa_Requested_Data_0.8Torr\OscopeData_Laser_True\Scope_TrialNumber_0_60.00W_0.90Torr_7.00NitrogenFlow_2420.00MHz.csv,True,474b180d|Scope_TrialNumber_0_60.00W_0.90Torr_7.00NitrogenFlow_2420.00MHz.csv,896.2189437183558,63.37663589733866,8.962189437183559,64.00717785664199,13003579158.663605,437649978.6203932,1588620182.332544,1647802047.4258175,1.458677332257985,0.0397437444456251,0.1156728684574884,0.0028916571881652,3.0,1.6493876980264246,0.357080947167151,LAS_DataFrame_474b180d_Laser_True_20260929_112405_LAS.csv,Data\NafisaData\LAS_Nafisa_Requested_Data_0.8Torr\OscopeData_Laser_True\Plasma_Off_Measuremnt_7.0.csv,
474b180d,2026-09-29 11:46:54.339492,2026-09-29,0.9,0.895,74.39,5.608,7.0,65,2420,52.0,78.36666666666667,0.1247219128924639,13.466666666666669,0.047140452079103,64.89999999999999,0.1414213562373081,0.4145378871552638,0.0008526582406559,Data\NafisaData\LAS_Nafisa_Requested_Data_0.8Torr\OscopeData_Laser_True\Scope_TrialNumber_0_65.00W_0.90Torr_7.00NitrogenFlow_2420.00MHz.csv,True,474b180d|Scope_TrialNumber_0_65.00W_0.90Torr_7.00NitrogenFlow_2420.00MHz.csv,1015.6602113356008,63.75678929100596,10.156602113356008,64.5607059068189,14549514192.220968,433952085.8116037,1777483845.553137,1829689381.8303175,1.5528388712981227,0.0400142337291757,0.1294246776785184,0.0030857950191565,3.0,1.6561755774188156,0.1447465611885715,LAS_DataFrame_474b180d_Laser_True_20260929_112405_LAS.csv,Data\NafisaData\LAS_Nafisa_Requested_Data_0.8Torr\OscopeData_Laser_True\Plasma_Off_Measuremnt_7.0.csv,
474b180d,2026-09-29 11:47:12.630171,2026-09-29,0.9,0.8939999999999999,74.39,5.604,7.0,70,2420,52.7,84.43333333333334,0.2054804667656324,14.466666666666669,0.047140452079103,69.96666666666667,0.1699673171197609,0.4139300584350451,0.0004039930299778,Data\NafisaData\LAS_Nafisa_Requested_Data_0.8Torr\OscopeData_Laser_True\Scope_TrialNumber_0_70.00W_0.90Torr_7.00NitrogenFlow_2420.00MHz.csv,True,474b180d|Scope_TrialNumber_0_70.00W_0.90Torr_7.00NitrogenFlow_2420.00MHz.csv,925.2290437256424,56.79253065644558,9.252290437256423,57.54125838647133,14570687235.319391,429491333.9854192,1780070512.1298652,1831150958.8569849,1.4820975963237089,0.035268417565809,0.1296130217182083,0.0028784001649961,3.0,1.5801122239029546,0.4980604495955577,LAS_DataFrame_474b180d_Laser_True_20260929_112405_LAS.csv,Data\NafisaData\LAS_Nafisa_Requested_Data_0.8Torr\OscopeData_Laser_True\Plasma_Off_Measuremnt_7.0.csv,
474b180d,2026-09-29 11:47:30.911169,2026-09-29,0.9,0.8939999999999999,74.39,5.595,7.0,75,2420,53.4,90.93333333333332,0.2357022603955158,15.966666666666669,0.047140452079103,74.96666666666665,0.2624669291337254,0.4190314426505049,0.0010076272357492,Data\NafisaData\LAS_Nafisa_Requested_Data_0.8Torr\OscopeData_Laser_True\Scope_TrialNumber_0_75.00W_0.90Torr_7.00NitrogenFlow_2420.00MHz.csv,True,474b180d|Scope_TrialNumber_0_75.00W_0.90Torr_7.00NitrogenFlow_2420.00MHz.csv,844.9849464460259,50.344589416391,8.449849464460259,51.04877706152252,14478579170.76807,413613183.6457199,1768817861.7236629,1816533097.314282,1.416369807263704,0.0322345108470901,0.1287936777587707,0.0027217283537811,3.0,1.586168591043687,0.3794937093099116,LAS_DataFrame_474b180d_Laser_True_20260929_112405_LAS.csv,Data\NafisaData\LAS_Nafisa_Requested_Data_0.8Torr\OscopeData_Laser_True\Plasma_Off_Measuremnt_7.0.csv,
474b180d,2026-09-29 11:47:49.264096,2026-09-29,0.9,0.895,74.39,5.611,7.0,80,2420,54.2,98.53333333333336,0.1699673171197609,18.366666666666667,0.0471404520791021,80.16666666666667,0.1247219128924677,0.4317409515407771,0.0002125660791952,Data\NafisaData\LAS_Nafisa_Requested_Data_0.8Torr\OscopeData_Laser_True\Scope_TrialNumber_0_80.00W_0.90Torr_7.00NitrogenFlow_2420.00MHz.csv,True,474b180d|Scope_TrialNumber_0_80.00W_0.90Torr_7.00NitrogenFlow_2420.00MHz.csv,845.4830336333554,68.27256839472342,8.454830336333554,68.79409677601977,14814522492.253136,616025393.7309508,1809859357.6163871,1911825875.9816425,1.416787194416104,0.048882177048594,0.1317820494340739,0.0047320078650601,3.0,1.4842887680780643,1.6526748736482788,LAS_DataFrame_474b180d_Laser_True_20260929_112405_LAS.csv,Data\NafisaData\LAS_Nafisa_Requested_Data_0.8Torr\OscopeData_Laser_True\Plasma_Off_Measuremnt_7.0.csv,
474b180d,2026-09-29 11:48:07.542030,2026-09-29,0.9,0.8939999999999999,74.41,5.594,7.0,85,2420,55.1,106.76666666666668,0.0471404520791004,21.7,0.0816496580927723,85.06666666666666,0.0942809041582009,0.450828422395567,0.000853916752662,Data\NafisaData\LAS_Nafisa_Requested_Data_0.8Torr\OscopeData_Laser_True\Scope_TrialNumber_0_85.00W_0.90Torr_7.00NitrogenFlow_2420.00MHz.csv,True,474b180d|Scope_TrialNumber_0_85.00W_0.90Torr_7.00NitrogenFlow_2420.00MHz.csv,834.9389522638309,45.77666115431389,8.349389522638308,46.53187092560982,14823064410.227425,391144117.9243347,1810902905.9444444,1852663772.988731,1.407925048731173,0.0283970703972685,0.1318580337567099,0.0024725621496224,3.0,1.4471460235653508,0.3193703882242084,LAS_DataFrame_474b180d_Laser_True_20260929_112405_LAS.csv,Data\NafisaData\LAS_Nafisa_Requested_Data_0.8Torr\OscopeData_Laser_True\Plasma_Off_Measuremnt_7.0.csv,
474b180d,2026-09-29 11:48:25.780725,2026-09-29,0.9,0.895,74.39,5.608,7.0,90,2420,56.3,117.26666666666668,0.0942809041582076,27.266666666666666,0.0471404520791038,90.0,0.0816496580927737,0.4822015495964786,0.0003614972189996,Data\NafisaData\LAS_Nafisa_Requested_Data_0.8Torr\OscopeData_Laser_True\Scope_TrialNumber_0_90.00W_0.90Torr_7.00NitrogenFlow_2420.00MHz.csv,True,474b180d|Scope_TrialNumber_0_90.00W_0.90Torr_7.00NitrogenFlow_2420.00MHz.csv,907.3789149169428,59.81755046267276,9.073789149169428,60.50184288827893,14579157945.987942,474112317.1360452,1781105361.209689,1843127450.0126157,1.4677311651267415,0.029292487321534,0.1296883726188295,0.0024924976506777,3.0,1.351112955406205,1.0759816583345665,LAS_DataFrame_474b180d_Laser_True_20260929_112405_LAS.csv,Data\NafisaData\LAS_Nafisa_Requested_Data_0.8Torr\OscopeData_Laser_True\Plasma_Off_Measuremnt_7.0.csv,
474b180d,2026-09-29 11:48:44.087647,2026-09-29,0.9,0.8939999999999999,74.4,5.61,7.0,95,2420,57.6,124.7,0.1414213562373081,29.566666666666663,0.094280904158206,95.13333333333333,0.1247219128924639,0.4869309925376968,0.0006809411118692,Data\NafisaData\LAS_Nafisa_Requested_Data_0.8Torr\OscopeData_Laser_True\Scope_TrialNumber_0_95.00W_0.90Torr_7.00NitrogenFlow_2420.00MHz.csv,True,474b180d|Scope_TrialNumber_0_95.00W_0.90Torr_7.00NitrogenFlow_2420.00MHz.csv,849.5690778410724,43.19069701354499,8.495690778410724,44.01832652791582,14172537190.99531,349278438.232328,1731429350.470275,1766307737.3673966,1.420206587475285,0.0238858297475422,0.126071292388037,0.0019696690289313,3.0,1.3442042830541938,0.3664137084882004,LAS_DataFrame_474b180d_Laser_True_20260929_112405_LAS.csv,Data\NafisaData\LAS_Nafisa_Requested_Data_0.8Torr\OscopeData_Laser_True\Plasma_Off_Measuremnt_7.0.csv,
474b180d,2026-09-29 11:49:02.236238,2026-09-29,0.9,0.895,74.39,5.599,7.0,100,2420,58.7,132.46666666666667,0.0471404520791004,32.56666666666666,0.0471404520791038,99.90000000000002,0.0816496580927679,0.4958305539827011,0.0004102370400561,Data\NafisaData\LAS_Nafisa_Requested_Data_0.8Torr\OscopeData_Laser_True\Scope_TrialNumber_0_100.00W_0.90Torr_7.00NitrogenFlow_2420.00MHz.csv,True,474b180d|Scope_TrialNumber_0_100.00W_0.90Torr_7.00NitrogenFlow_2420.00MHz.csv,861.5470105119769,48.0772228063404,8.615470105119769,48.843071953990666,14435195653.876257,393816880.6733619,1763517787.8229334,1806955097.2481828,1.4301831738491635,0.022681221883353,0.1284077612521367,0.0018928485461264,3.0,1.3185973792372827,0.4893929324753814,LAS_DataFrame_474b180d_Laser_True_20260929_112405_LAS.csv,Data\NafisaData\LAS_Nafisa_Requested_Data_0.8Torr\OscopeData_Laser_True\Plasma_Off_Measuremnt_7.0.csv,
474b180d,2026-09-29 11:49:20.570396,2026-09-29,0.9,0.895,74.41,5.587,7.0,105,2420,59.7,139.5666666666667,0.1247219128924576,34.4,0.0816496580927737,105.16666666666669,0.1885618083164053,0.4964646643973587,0.0007535190198374,Data\NafisaData\LAS_Nafisa_Requested_Data_0.8Torr\OscopeData_Laser_True\Scope_TrialNumber_0_105.00W_0.90Torr_7.00NitrogenFlow_2420.00MHz.csv,True,474b180d|Scope_TrialNumber_0_105.00W_0.90Torr_7.00NitrogenFlow_2420.00MHz.csv,921.6099842296755,38.10296408381476,9.216099842296757,39.20168833450493,15327833177.233624,305725155.6684519,1872569454.891694,1897362441.443879,1.4791961229734516,0.0224431390906602,0.1363481860813071,0.0019316678884343,3.0,1.2873650437997075,0.7892573183089311,LAS_DataFrame_474b180d_Laser_True_20260929_112405_LAS.csv,Data\NafisaData\LAS_Nafisa_Requested_Data_0.8Torr\OscopeData_Laser_True\Plasma_Off_Measuremnt_7.0.csv,
474b180d,2026-09-29 11:49:38.796239,2026-09-29,0.9,0.895,74.4,5.601,7.0,110,2420,60.7,145.73333333333335,0.2624669291337253,35.800000000000004,0.0816496580927708,109.93333333333332,0.2624669291337295,0.4956353111120983,0.0006631724173982,Data\NafisaData\LAS_Nafisa_Requested_Data_0.8Torr\OscopeData_Laser_True\Scope_TrialNumber_0_110.00W_0.90Torr_7.00NitrogenFlow_2420.00MHz.csv,True,474b180d|Scope_TrialNumber_0_110.00W_0.90Torr_7.00NitrogenFlow_2420.00MHz.csv,867.7425886318124,35.85100945495347,8.677425886318124,36.88621150174828,15872518990.200392,316879074.971841,1939112586.2058685,1964833318.66523,1.4353163461959164,0.0206831997910529,0.1411934190456474,0.00189155902767,3.0,1.3149285754045432,0.7144821698877871,LAS_DataFrame_474b180d_Laser_True_20260929_112405_LAS.csv,Data\NafisaData\LAS_Nafisa_Requested_Data_0.8Torr\OscopeData_Laser_True\Plasma_Off_Measuremnt_7.0.csv,
474b180d,2026-09-29 11:50:55.068327,2026-09-29,0.9,0.893,72.81,7.201,9.0,30,2420,49.3,38.96666666666667,0.1699673171197619,8.9,0.0,30.066666666666663,0.1699673171197619,0.4779158870887521,0.0010405141250297,Data\NafisaData\LAS_Nafisa_Requested_Data_0.8Torr\OscopeData_Laser_True\Scope_TrialNumber_0_30.00W_0.90Torr_9.00NitrogenFlow_2420.00MHz.csv,True,474b180d|Scope_TrialNumber_0_30.00W_0.90Torr_9.00NitrogenFlow_2420.00MHz.csv,1024.1222965118104,105.9901203274144,10.241222965118103,106.48374643503602,6939228519.821385,340254046.0825308,847751095.4406164,913484940.0489852,1.5592942774486795,0.0738656437620741,0.0617276565148578,0.0027401615255025,3.0,1.488516953152707,0.0869812775204337,LAS_DataFrame_474b180d_Laser_True_20260929_112405_LAS.csv,Data\NafisaData\LAS_Nafisa_Requested_Data_0.8Torr\OscopeData_Laser_True\Plasma_Off_Measuremnt_9.0.csv,
474b180d,2026-09-29 11:51:13.317874,2026-09-29,0.9,0.893,72.8,7.197,9.0,35,2420,49.7,44.6,0.0816496580927737,9.6,0.0,35.0,0.0816496580927737,0.4639473869122465,0.0004246775199825,Data\NafisaData\LAS_Nafisa_Requested_Data_0.8Torr\OscopeData_Laser_True\Scope_TrialNumber_0_35.00W_0.90Torr_9.00NitrogenFlow_2420.00MHz.csv,True,474b180d|Scope_TrialNumber_0_35.00W_0.90Torr_9.00NitrogenFlow_2420.00MHz.csv,947.3969721864426,102.48497934158016,9.473969721864426,102.92194660486614,7281674198.338165,372866267.9728274,889586970.7489824,964569454.3776178,1.4997475824905144,0.0715734388173236,0.064773869672142,0.0028779858127274,3.0,1.537980615097181,0.2047299508464449,LAS_DataFrame_474b180d_Laser_True_20260929_112405_LAS.csv,Data\NafisaData\LAS_Nafisa_Requested_Data_0.8Torr\OscopeData_Laser_True\Plasma_Off_Measuremnt_9.0.csv,
474b180d,2026-09-29 11:51:31.656921,2026-09-29,0.9,0.893,72.81,7.197,9.0,40,2420,50.2,49.833333333333336,0.0942809041582043,9.8,0.0,40.03333333333333,0.0942809041582009,0.4434591829176572,0.0004199173908586,Data\NafisaData\LAS_Nafisa_Requested_Data_0.8Torr\OscopeData_Laser_True\Scope_TrialNumber_0_40.00W_0.90Torr_9.00NitrogenFlow_2420.00MHz.csv,True,474b180d|Scope_TrialNumber_0_40.00W_0.90Torr_9.00NitrogenFlow_2420.00MHz.csv,976.2486228797728,105.28510881092906,9.762486228797728,105.73674987768744,8139582382.417526,416322445.6397021,994395826.7714194,1078029424.0158,1.5224126764544332,0.0721197467592431,0.0724053609188807,0.0031993753616954,3.0,1.6165485741583594,0.063576254645879,LAS_DataFrame_474b180d_Laser_True_20260929_112405_LAS.csv,Data\NafisaData\LAS_Nafisa_Requested_Data_0.8Torr\OscopeData_Laser_True\Plasma_Off_Measuremnt_9.0.csv,
474b180d,2026-09-29 11:51:49.971091,2026-09-29,0.9,0.893,72.8,7.2,9.0,45,2420,50.6,55.73333333333333,0.0942809041582043,10.6,0.0,45.133333333333326,0.0942809041582043,0.4361098441504853,0.000369202606054,Data\NafisaData\LAS_Nafisa_Requested_Data_0.8Torr\OscopeData_Laser_True\Scope_TrialNumber_0_45.00W_0.90Torr_9.00NitrogenFlow_2420.00MHz.csv,True,474b180d|Scope_TrialNumber_0_45.00W_0.90Torr_9.00NitrogenFlow_2420.00MHz.csv,1048.49732545671,100.4161013808974,10.484973254567098,100.96201305782115,9104096727.611383,412676367.4875971,1112228535.4609623,1186319560.395257,1.577741459028709,0.0699557680604581,0.0809851634190744,0.003366107120158,3.0,1.6357926769966162,0.3245623342395437,LAS_DataFrame_474b180d_Laser_True_20260929_112405_LAS.csv,Data\NafisaData\LAS_Nafisa_Requested_Data_0.8Torr\OscopeData_Laser_True\Plasma_Off_Measuremnt_9.0.csv,
474b180d,2026-09-29 11:52:08.210838,2026-09-29,0.9,0.893,72.8,7.202,9.0,50,2420,51.1,61.20000000000001,7.105427357601002e-15,11.266666666666666,0.0471404520791038,49.93333333333334,0.0471404520791004,0.4290629949731613,0.0008982823107218,Data\NafisaData\LAS_Nafisa_Requested_Data_0.8Torr\OscopeData_Laser_True\Scope_TrialNumber_0_50.00W_0.90Torr_9.00NitrogenFlow_2420.00MHz.csv,True,474b180d|Scope_TrialNumber_0_50.00W_0.90Torr_9.00NitrogenFlow_2420.00MHz.csv,1046.1262504372105,93.23868734853151,10.461262504372105,93.8237221157986,9821709443.562029,416792153.7751441,1199897786.3454876,1270224545.946631,1.5759564946755509,0.0617286391397228,0.0873686613993421,0.0032090324197514,3.0,1.614458891227422,0.6575693466930483,LAS_DataFrame_474b180d_Laser_True_20260929_112405_LAS.csv,Data\NafisaData\LAS_Nafisa_Requested_Data_0.8Torr\OscopeData_Laser_True\Plasma_Off_Measuremnt_9.0.csv,
474b180d,2026-09-29 11:52:26.512583,2026-09-29,0.9,0.893,72.8,7.198,9.0,55,2420,51.6,67.06666666666666,0.0471404520791004,12.033333333333331,0.047140452079103,55.03333333333333,0.0471404520791021,0.4235831852660728,0.000765469502797,Data\NafisaData\LAS_Nafisa_Requested_Data_0.8Torr\OscopeData_Laser_True\Scope_TrialNumber_0_55.00W_0.90Torr_9.00NitrogenFlow_2420.00MHz.csv,True,474b180d|Scope_TrialNumber_0_55.00W_0.90Torr_9.00NitrogenFlow_2420.00MHz.csv,1010.6886138486144,79.58478434547564,10.106886138486145,80.22398049668308,10281030387.856066,384656355.4232449,1256012069.4494128,1313593099.2396734,1.549033681193989,0.0541129675993387,0.0914545342594842,0.0029916138090959,3.0,1.53393162927786,0.3972281983181686,LAS_DataFrame_474b180d_Laser_True_20260929_112405_LAS.csv,Data\NafisaData\LAS_Nafisa_Requested_Data_0.8Torr\OscopeData_Laser_True\Plasma_Off_Measuremnt_9.0.csv,
474b180d,2026-09-29 11:52:44.829775,2026-09-29,0.9,0.893,72.8,7.198,9.0,60,2420,52.1,72.96666666666667,0.1247219128924639,13.0,0.0,59.96666666666666,0.1247219128924639,0.4220946998217615,0.0003609204728311,Data\NafisaData\LAS_Nafisa_Requested_Data_0.8Torr\OscopeData_Laser_True\Scope_TrialNumber_0_60.00W_0.90Torr_9.00NitrogenFlow_2420.00MHz.csv,True,474b180d|Scope_TrialNumber_0_60.00W_0.90Torr_9.00NitrogenFlow_2420.00MHz.csv,995.1624199146428,80.79092691690744,9.95162419914643,81.40152760418023,10595283573.113014,411182885.8593027,1294403726.574741,1358142986.94731,1.5370895078567173,0.0514709855577099,0.0942499621118502,0.0029500161487855,3.0,1.5003688791770418,0.4254043394009613,LAS_DataFrame_474b180d_Laser_True_20260929_112405_LAS.csv,Data\NafisaData\LAS_Nafisa_Requested_Data_0.8Torr\OscopeData_Laser_True\Plasma_Off_Measuremnt_9.0.csv,
474b180d,2026-09-29 11:53:02.950629,2026-09-29,0.9,0.893,72.79,7.199,9.0,65,2420,52.6,78.93333333333334,0.1247219128924626,13.9,0.0,65.03333333333332,0.1247219128924626,0.4196406826736432,0.0003313859419602,Data\NafisaData\LAS_Nafisa_Requested_Data_0.8Torr\OscopeData_Laser_True\Scope_TrialNumber_0_65.00W_0.90Torr_9.00NitrogenFlow_2420.00MHz.csv,True,474b180d|Scope_TrialNumber_0_65.00W_0.90Torr_9.00NitrogenFlow_2420.00MHz.csv,993.1186523506484,76.08058151063136,9.931186523506485,76.72602784427524,10933152714.143862,400736673.2220231,1335680495.8303316,1394500723.630725,1.535510334358308,0.0480853058601962,0.097255464845324,0.0028470168562369,3.0,1.4911880081124431,0.4394841535645712,LAS_DataFrame_474b180d_Laser_True_20260929_112405_LAS.csv,Data\NafisaData\LAS_Nafisa_Requested_Data_0.8Torr\OscopeData_Laser_True\Plasma_Off_Measuremnt_9.0.csv,
474b180d,2026-09-29 11:53:21.276962,2026-09-29,0.9,0.893,72.79,7.202,9.0,70,2420,53.1,84.66666666666667,0.1247219128924639,14.6,0.0,70.06666666666668,0.1247219128924639,0.415260431130161,0.0003059881702562,Data\NafisaData\LAS_Nafisa_Requested_Data_0.8Torr\OscopeData_Laser_True\Scope_TrialNumber_0_70.00W_0.90Torr_9.00NitrogenFlow_2420.00MHz.csv,True,474b180d|Scope_TrialNumber_0_70.00W_0.90Torr_9.00NitrogenFlow_2420.00MHz.csv,995.376084373047,77.10137071700409,9.95376084373047,77.7412292247497,11402584088.651028,425347727.8156436,1393029949.135681,1456520898.836295,1.5372545079432671,0.0451363736101188,0.1014312746720368,0.0027844839267176,3.0,1.4832319827764324,0.212218080641101,LAS_DataFrame_474b180d_Laser_True_20260929_112405_LAS.csv,Data\NafisaData\LAS_Nafisa_Requested_Data_0.8Torr\OscopeData_Laser_True\Plasma_Off_Measuremnt_9.0.csv,
474b180d,2026-09-29 11:53:39.710989,2026-09-29,0.9,0.893,72.81,7.205,9.0,75,2420,53.6,90.03333333333335,0.1699673171197609,15.166666666666666,0.047140452079103,74.86666666666666,0.2054804667656377,0.4104345424023007,0.0009487578971662,Data\NafisaData\LAS_Nafisa_Requested_Data_0.8Torr\OscopeData_Laser_True\Scope_TrialNumber_0_75.00W_0.90Torr_9.00NitrogenFlow_2420.00MHz.csv,True,474b180d|Scope_TrialNumber_0_75.00W_0.90Torr_9.00NitrogenFlow_2420.00MHz.csv,1001.3531415098672,66.02801155033671,10.01353141509867,66.7830002372802,11957083911.674557,392277902.7830203,1460772037.6181514,1512526660.5580645,1.541863070458031,0.0408648812819222,0.1063638078081593,0.0027975256790741,3.0,1.3719677974291784,1.0724052278368916,LAS_DataFrame_474b180d_Laser_True_20260929_112405_LAS.csv,Data\NafisaData\LAS_Nafisa_Requested_Data_0.8Torr\OscopeData_Laser_True\Plasma_Off_Measuremnt_9.0.csv,
474b180d,2026-09-29 11:53:57.989884,2026-09-29,0.9,0.893,72.79,7.193,9.0,80,2420,54.0,96.46666666666664,0.0942809041582009,16.5,0.0,79.96666666666667,0.0942809041582009,0.4135742506733227,0.0002019970545132,Data\NafisaData\LAS_Nafisa_Requested_Data_0.8Torr\OscopeData_Laser_True\Scope_TrialNumber_0_80.00W_0.90Torr_9.00NitrogenFlow_2420.00MHz.csv,True,474b180d|Scope_TrialNumber_0_80.00W_0.90Torr_9.00NitrogenFlow_2420.00MHz.csv,961.2995385404068,61.25254161080301,9.612995385404068,62.00228652286103,12290048853.260193,390460293.7436241,1501449671.0418465,1551389814.218859,1.5107115210576716,0.0382554438463353,0.1093256854127056,0.0027562089947097,3.0,1.3223624057347385,1.1081511047438422,LAS_DataFrame_474b180d_Laser_True_20260929_112405_LAS.csv,Data\NafisaData\LAS_Nafisa_Requested_Data_0.8Torr\OscopeData_Laser_True\Plasma_Off_Measuremnt_9.0.csv,
474b180d,2026-09-29 11:54:16.257138,2026-09-29,0.9,0.893,72.82,7.205,9.0,85,2420,54.6,103.2,0.2160246899469295,18.23333333333333,0.0471404520791038,84.96666666666665,0.1699673171197628,0.420332490824916,0.0001388822801522,Data\NafisaData\LAS_Nafisa_Requested_Data_0.8Torr\OscopeData_Laser_True\Scope_TrialNumber_0_85.00W_0.90Torr_9.00NitrogenFlow_2420.00MHz.csv,True,474b180d|Scope_TrialNumber_0_85.00W_0.90Torr_9.00NitrogenFlow_2420.00MHz.csv,947.5608041431344,49.897540940564966,9.475608041431345,50.78928764680792,12595372919.01113,316650066.44866884,1538750476.234439,1570993409.5003896,1.4998772514501455,0.0325675925516469,0.1120416846052036,0.0022694032792399,3.0,1.331229687810655,0.3605857412783896,LAS_DataFrame_474b180d_Laser_True_20260929_112405_LAS.csv,Data\NafisaData\LAS_Nafisa_Requested_Data_0.8Torr\OscopeData_Laser_True\Plasma_Off_Measuremnt_9.0.csv,
474b180d,2026-09-29 11:54:34.509435,2026-09-29,0.9,0.893,72.8,7.203,9.0,90,2420,55.2,110.26666666666668,0.2054804667656324,20.33333333333333,0.0471404520791021,89.93333333333334,0.1699673171197563,0.4294197995991139,0.0002966348297618,Data\NafisaData\LAS_Nafisa_Requested_Data_0.8Torr\OscopeData_Laser_True\Scope_TrialNumber_0_90.00W_0.90Torr_9.00NitrogenFlow_2420.00MHz.csv,True,474b180d|Scope_TrialNumber_0_90.00W_0.90Torr_9.00NitrogenFlow_2420.00MHz.csv,925.1591319126696,52.529525772894296,9.251591319126698,53.33800727306286,12664031369.585424,348436970.470603,1547138336.1412504,1585889451.8687766,1.482041600412162,0.0284368478910442,0.1126524333709758,0.0020127260546314,3.0,1.2676827841664486,0.7023132780329839,LAS_DataFrame_474b180d_Laser_True_20260929_112405_LAS.csv,Data\NafisaData\LAS_Nafisa_Requested_Data_0.8Torr\OscopeData_Laser_True\Plasma_Off_Measuremnt_9.0.csv,
474b180d,2026-09-29 11:54:52.837212,2026-09-29,0.9,0.893,72.81,7.205,9.0,95,2420,55.8,118.36666666666667,0.1699673171197563,23.266666666666666,0.0471404520791038,95.09999999999998,0.1632993161855417,0.4433558061351533,0.0004734055890902,Data\NafisaData\LAS_Nafisa_Requested_Data_0.8Torr\OscopeData_Laser_True\Scope_TrialNumber_0_95.00W_0.90Torr_9.00NitrogenFlow_2420.00MHz.csv,True,474b180d|Scope_TrialNumber_0_95.00W_0.90Torr_9.00NitrogenFlow_2420.00MHz.csv,880.8710011315253,51.09084186118105,8.808710011315254,51.84464769045745,12523254559.707056,354221849.76619124,1529939926.484309,1570410550.6212685,1.446133313723331,0.0249813887777442,0.1114001583463665,0.0017874429241063,3.0,1.2329864537546502,0.2696931065575649,LAS_DataFrame_474b180d_Laser_True_20260929_112405_LAS.csv,Data\NafisaData\LAS_Nafisa_Requested_Data_0.8Torr\OscopeData_Laser_True\Plasma_Off_Measuremnt_9.0.csv,
474b180d,2026-09-29 11:55:11.083374,2026-09-29,0.9,0.893,72.8,7.204,9.0,100,2420,56.8,128.4333333333333,0.2494438257849279,28.53333333333333,0.0942809041582076,99.9,0.3265986323710834,0.4713439381286231,0.0011641511541424,Data\NafisaData\LAS_Nafisa_Requested_Data_0.8Torr\OscopeData_Laser_True\Scope_TrialNumber_0_100.00W_0.90Torr_9.00NitrogenFlow_2420.00MHz.csv,True,474b180d|Scope_TrialNumber_0_100.00W_0.90Torr_9.00NitrogenFlow_2420.00MHz.csv,915.0168567463932,67.030820702524,9.150168567463933,67.65246860881666,12338294740.064884,423410220.3618721,1507343770.5476277,1565682425.4348736,1.4738955979897077,0.0451853769383482,0.1097548549551739,0.0030571675270006,3.0,1.1946527052445075,1.8849387142404053,LAS_DataFrame_474b180d_Laser_True_20260929_112405_LAS.csv,Data\NafisaData\LAS_Nafisa_Requested_Data_0.8Torr\OscopeData_Laser_True\Plasma_Off_Measuremnt_9.0.csv,
474b180d,2026-09-29 11:55:29.503243,2026-09-29,0.9,0.893,72.8,7.197,9.0,105,2420,57.9,137.76666666666665,0.1885618083164153,32.833333333333336,0.0471404520791038,104.93333333333334,0.1699673171197609,0.4881862007974145,0.0003424630364683,Data\NafisaData\LAS_Nafisa_Requested_Data_0.8Torr\OscopeData_Laser_True\Scope_TrialNumber_0_105.00W_0.90Torr_9.00NitrogenFlow_2420.00MHz.csv,True,474b180d|Scope_TrialNumber_0_105.00W_0.90Torr_9.00NitrogenFlow_2420.00MHz.csv,991.530594160844,52.493621923324014,9.91530594160844,53.42184604208824,12788019146.208649,327359923.1630824,1562285664.5731275,1596214589.9045148,1.5342821551490933,0.0335554490105513,0.1137553621570185,0.0023668475558204,3.0,1.1931169212297916,1.3151277048586476,LAS_DataFrame_474b180d_Laser_True_20260929_112405_LAS.csv,Data\NafisaData\LAS_Nafisa_Requested_Data_0.8Torr\OscopeData_Laser_True\Plasma_Off_Measuremnt_9.0.csv,
474b180d,2026-09-29 11:55:47.844892,2026-09-29,0.9,0.893,72.8,7.201,9.0,110,2420,59.0,145.4,0.0816496580927679,35.266666666666666,0.0471404520791004,110.13333333333334,0.1247219128924576,0.4924929615005656,0.0004542126737794,Data\NafisaData\LAS_Nafisa_Requested_Data_0.8Torr\OscopeData_Laser_True\Scope_TrialNumber_0_110.00W_0.90Torr_9.00NitrogenFlow_2420.00MHz.csv,True,474b180d|Scope_TrialNumber_0_110.00W_0.90Torr_9.00NitrogenFlow_2420.00MHz.csv,980.9088003614124,44.77618317506258,9.809088003614123,45.83802774105147,12917247123.231115,286263215.0107201,1578073177.3736422,1603827166.939885,1.526042011493619,0.0264761502375727,0.1149049049563322,0.0018922854236147,3.0,1.2297407435101002,0.8948902403802178,LAS_DataFrame_474b180d_Laser_True_20260929_112405_LAS.csv,Data\NafisaData\LAS_Nafisa_Requested_Data_0.8Torr\OscopeData_Laser_True\Plasma_Off_Measuremnt_9.0.csv,
474b180d,2026-09-29 11:59:29.963614,2026-09-29,0.9,0.8909999999999999,71.21,8.801,11.0,30,2420,43.0,39.13333333333333,0.0942809041582076,9.066666666666668,0.047140452079103,30.066666666666663,0.0471404520791038,0.4813361910248976,0.0006729744608297,Data\NafisaData\LAS_Nafisa_Requested_Data_0.8Torr\OscopeData_Laser_True\Scope_TrialNumber_0_30.00W_0.90Torr_11.00NitrogenFlow_2420.00MHz.csv,True,474b180d|Scope_TrialNumber_0_30.00W_0.90Torr_11.00NitrogenFlow_2420.00MHz.csv,1069.807102352206,131.68269089364372,10.69807102352206,132.11653872477603,5713827099.824876,331697759.81324595,698046356.1905438,772846763.1141514,1.5936939088201674,0.0935771511681204,0.0508271424691969,0.0027977632508705,3.0,1.4658057532368631,0.2253117981041631,LAS_DataFrame_474b180d_Laser_True_20260929_112405_LAS.csv,Data\NafisaData\LAS_Nafisa_Requested_Data_0.8Torr\OscopeData_Laser_True\Plasma_Off_Measuremnt_11.0.csv,
474b180d,2026-09-29 11:59:48.337153,2026-09-29,0.9,0.8909999999999999,71.2,8.791,11.0,35,2420,44.2,45.56666666666666,0.0471404520791038,10.566666666666668,0.047140452079103,35.0,0.0,0.4815528575164625,0.0008261808062711,Data\NafisaData\LAS_Nafisa_Requested_Data_0.8Torr\OscopeData_Laser_True\Scope_TrialNumber_0_35.00W_0.90Torr_11.00NitrogenFlow_2420.00MHz.csv,True,474b180d|Scope_TrialNumber_0_35.00W_0.90Torr_11.00NitrogenFlow_2420.00MHz.csv,1035.006481072603,119.9158077561431,10.35006481072603,120.36164169449708,5960813717.008078,325715011.30988306,728220196.7951792,797743645.2977904,1.5675583255549932,0.0860248010179039,0.0530242029962718,0.0027252385076144,3.0,1.4636702548451055,0.3637264514471214,LAS_DataFrame_474b180d_Laser_True_20260929_112405_LAS.csv,Data\NafisaData\LAS_Nafisa_Requested_Data_0.8Torr\OscopeData_Laser_True\Plasma_Off_Measuremnt_11.0.csv,
474b180d,2026-09-29 12:00:06.619308,2026-09-29,0.9,0.8909999999999999,71.2,8.794,11.0,40,2420,45.4,51.06666666666666,0.0471404520791038,11.066666666666668,0.047140452079103,40.0,0.0816496580927737,0.4655207300565501,0.0011152552265375,Data\NafisaData\LAS_Nafisa_Requested_Data_0.8Torr\OscopeData_Laser_True\Scope_TrialNumber_0_40.00W_0.90Torr_11.00NitrogenFlow_2420.00MHz.csv,True,474b180d|Scope_TrialNumber_0_40.00W_0.90Torr_11.00NitrogenFlow_2420.00MHz.csv,1084.6663596770777,130.98151663644356,10.846663596770778,131.42985890414877,6606215369.110477,378072289.8046514,807067572.4084954,891233259.4508995,1.6047236745451336,0.0899876518758005,0.05876535006778,0.0030952434468026,3.0,1.564832077047814,0.1952566940743774,LAS_DataFrame_474b180d_Laser_True_20260929_112405_LAS.csv,Data\NafisaData\LAS_Nafisa_Requested_Data_0.8Torr\OscopeData_Laser_True\Plasma_Off_Measuremnt_11.0.csv,
474b180d,2026-09-29 12:00:24.516360,2026-09-29,0.9,0.8909999999999999,71.2,8.805,11.0,45,2420,46.5,56.13333333333333,0.0471404520791038,11.233333333333334,0.0471404520791038,44.900000000000006,0.0,0.4473451002197879,0.0007499130367663,Data\NafisaData\LAS_Nafisa_Requested_Data_0.8Torr\OscopeData_Laser_True\Scope_TrialNumber_0_45.00W_0.90Torr_11.00NitrogenFlow_2420.00MHz.csv,True,474b180d|Scope_TrialNumber_0_45.00W_0.90Torr_11.00NitrogenFlow_2420.00MHz.csv,1049.3764644670102,124.66192750329787,10.493764644670105,125.1028187742196,7042404730.459739,394575005.711945,860355918.2018542,946520861.4275424,1.578402768981701,0.0879105502243402,0.0626454567678106,0.0032630319470812,3.0,1.5958865327770928,0.2174639996503339,LAS_DataFrame_474b180d_Laser_True_20260929_112405_LAS.csv,Data\NafisaData\LAS_Nafisa_Requested_Data_0.8Torr\OscopeData_Laser_True\Plasma_Off_Measuremnt_11.0.csv,
474b180d,2026-09-29 12:00:42.730453,2026-09-29,0.9,0.8909999999999999,71.21,8.801,11.0,50,2420,47.5,62.1,0.0816496580927737,12.066666666666668,0.047140452079103,50.03333333333333,0.1247219128924665,0.4408062999747889,0.0011216030558261,Data\NafisaData\LAS_Nafisa_Requested_Data_0.8Torr\OscopeData_Laser_True\Scope_TrialNumber_0_50.00W_0.90Torr_11.00NitrogenFlow_2420.00MHz.csv,True,474b180d|Scope_TrialNumber_0_50.00W_0.90Torr_11.00NitrogenFlow_2420.00MHz.csv,1045.630943406341,110.30919765393082,10.45630943406341,110.80367094115095,7514551776.420587,373995916.4394308,918037139.4325773,991294676.1134748,1.5755833682250635,0.0788259371817553,0.0668454237517954,0.0031336612036691,3.0,1.5521217749593186,0.0639390645473918,LAS_DataFrame_474b180d_Laser_True_20260929_112405_LAS.csv,Data\NafisaData\LAS_Nafisa_Requested_Data_0.8Torr\OscopeData_Laser_True\Plasma_Off_Measuremnt_11.0.csv,
474b180d,2026-09-29 12:01:00.866104,2026-09-29,0.9,0.8909999999999999,71.23,8.802,11.0,55,2420,48.5,67.76666666666667,0.0942809041582076,12.699999999999998,1.7763568394002505e-15,55.06666666666666,0.0942809041582076,0.4329065067692129,0.0003009204158217,Data\NafisaData\LAS_Nafisa_Requested_Data_0.8Torr\OscopeData_Laser_True\Scope_TrialNumber_0_55.00W_0.90Torr_11.00NitrogenFlow_2420.00MHz.csv,True,474b180d|Scope_TrialNumber_0_55.00W_0.90Torr_11.00NitrogenFlow_2420.00MHz.csv,1062.612632487366,104.90764144530952,10.62612632487366,105.44442988745206,8098805835.746972,378589604.2592237,989414240.9928988,1059372752.4968296,1.588326060372944,0.0726389918211547,0.0720426346216342,0.0030903017386733,3.0,1.5555792894587472,0.2155583812837244,LAS_DataFrame_474b180d_Laser_True_20260929_112405_LAS.csv,Data\NafisaData\LAS_Nafisa_Requested_Data_0.8Torr\OscopeData_Laser_True\Plasma_Off_Measuremnt_11.0.csv,
474b180d,2026-09-29 12:01:19.210199,2026-09-29,0.9,0.8909999999999999,71.21,8.796,11.0,60,2420,49.4,73.5,0.0,13.4,0.0,60.1,0.0,0.426981176599236,5.551115123125783e-17,Data\NafisaData\LAS_Nafisa_Requested_Data_0.8Torr\OscopeData_Laser_True\Scope_TrialNumber_0_60.00W_0.90Torr_11.00NitrogenFlow_2420.00MHz.csv,True,474b180d|Scope_TrialNumber_0_60.00W_0.90Torr_11.00NitrogenFlow_2420.00MHz.csv,1064.3724159759695,100.53758157513413,10.643724159759696,101.0994271643801,8641755483.05887,387919897.8334823,1055745268.5650538,1124757715.7915552,1.5896407227475962,0.0683359027513606,0.0768724235871364,0.0031059473416309,3.0,1.5593984418731657,0.3434645093277801,LAS_DataFrame_474b180d_Laser_True_20260929_112405_LAS.csv,Data\NafisaData\LAS_Nafisa_Requested_Data_0.8Torr\OscopeData_Laser_True\Plasma_Off_Measuremnt_11.0.csv,
474b180d,2026-09-29 12:01:37.589229,2026-09-29,0.9,0.8909999999999999,71.22,8.805,11.0,65,2420,50.3,79.3,0.0,14.300000000000002,1.7763568394002505e-15,65.0,0.0,0.4246502900652006,5.551115123125783e-17,Data\NafisaData\LAS_Nafisa_Requested_Data_0.8Torr\OscopeData_Laser_True\Scope_TrialNumber_0_65.00W_0.90Torr_11.00NitrogenFlow_2420.00MHz.csv,True,474b180d|Scope_TrialNumber_0_65.00W_0.90Torr_11.00NitrogenFlow_2420.00MHz.csv,1012.4417478316576,92.4589402708617,10.124417478316577,93.01160930381762,8742704904.775442,378875162.7194513,1068078049.1616098,1133285978.0419772,1.5503765710451696,0.063231547823011,0.0777704155197115,0.0029679869134655,3.0,1.541292809363818,0.2789163468888302,LAS_DataFrame_474b180d_Laser_True_20260929_112405_LAS.csv,Data\NafisaData\LAS_Nafisa_Requested_Data_0.8Torr\OscopeData_Laser_True\Plasma_Off_Measuremnt_11.0.csv,
474b180d,2026-09-29 12:01:55.929829,2026-09-29,0.9,0.8909999999999999,71.2,8.799,11.0,70,2420,51.1,85.03333333333333,0.0942809041582009,15.1,0.0,69.93333333333334,0.0942809041582009,0.421399554405023,0.0002337513909664,Data\NafisaData\LAS_Nafisa_Requested_Data_0.8Torr\OscopeData_Laser_True\Scope_TrialNumber_0_70.00W_0.90Torr_11.00NitrogenFlow_2420.00MHz.csv,True,474b180d|Scope_TrialNumber_0_70.00W_0.90Torr_11.00NitrogenFlow_2420.00MHz.csv,982.2457182079348,82.77908763679297,9.822457182079347,83.35981055085017,8869547749.476257,360646696.0861757,1083574175.3140726,1142015338.2531457,1.5270816076865728,0.056319831855167,0.0788987414606564,0.0027760004454295,3.0,1.4558639488605032,0.2766446753408318,LAS_DataFrame_474b180d_Laser_True_20260929_112405_LAS.csv,Data\NafisaData\LAS_Nafisa_Requested_Data_0.8Torr\OscopeData_Laser_True\Plasma_Off_Measuremnt_11.0.csv,
474b180d,2026-09-29 12:02:14.310667,2026-09-29,0.9,0.8909999999999999,71.19,8.803,11.0,75,2420,51.9,90.83333333333331,0.2357022603955158,15.9,0.0,74.93333333333332,0.2357022603955158,0.4183858947366703,0.0005435811940707,Data\NafisaData\LAS_Nafisa_Requested_Data_0.8Torr\OscopeData_Laser_True\Scope_TrialNumber_0_75.00W_0.90Torr_11.00NitrogenFlow_2420.00MHz.csv,True,474b180d|Scope_TrialNumber_0_75.00W_0.90Torr_11.00NitrogenFlow_2420.00MHz.csv,944.0174093951672,74.40696429101958,9.44017409395167,75.00342140148794,8930988479.536854,338089846.1736337,1091080261.3385868,1142261301.4404323,1.4970702363269734,0.0542452087158276,0.0794452852544469,0.0027438605642944,3.0,1.4224104475562476,0.2116613766477065,LAS_DataFrame_474b180d_Laser_True_20260929_112405_LAS.csv,Data\NafisaData\LAS_Nafisa_Requested_Data_0.8Torr\OscopeData_Laser_True\Plasma_Off_Measuremnt_11.0.csv,
474b180d,2026-09-29 12:02:32.664547,2026-09-29,0.9,0.89,71.2,8.802,11.0,80,2420,52.6,96.4,0.2160246899469295,16.4,0.0,80.00000000000001,0.2160246899469295,0.4124622665871738,0.0004616865892303,Data\NafisaData\LAS_Nafisa_Requested_Data_0.8Torr\OscopeData_Laser_True\Scope_TrialNumber_0_80.00W_0.90Torr_11.00NitrogenFlow_2420.00MHz.csv,True,474b180d|Scope_TrialNumber_0_80.00W_0.90Torr_11.00NitrogenFlow_2420.00MHz.csv,1012.886782809398,75.4775517593206,10.12886782809398,76.15415144993685,9585567737.145435,345232131.64037526,1171048845.90174,1220876989.792483,1.5507172800286169,0.0500390720110699,0.0852680713840574,0.0026283870946235,3.0,1.3704091907882927,0.6372778012105265,LAS_DataFrame_474b180d_Laser_True_20260929_112405_LAS.csv,Data\NafisaData\LAS_Nafisa_Requested_Data_0.8Torr\OscopeData_Laser_True\Plasma_Off_Measuremnt_11.0.csv,
474b180d,2026-09-29 12:02:50.963856,2026-09-29,0.9,0.8909999999999999,71.21,8.795,11.0,85,2420,53.3,102.06666666666666,0.0942809041582076,17.0,0.0,85.06666666666666,0.0942809041582076,0.4081150718675756,0.0001883995456299,Data\NafisaData\LAS_Nafisa_Requested_Data_0.8Torr\OscopeData_Laser_True\Scope_TrialNumber_0_85.00W_0.90Torr_11.00NitrogenFlow_2420.00MHz.csv,True,474b180d|Scope_TrialNumber_0_85.00W_0.90Torr_11.00NitrogenFlow_2420.00MHz.csv,913.5502660532096,64.68122115636565,9.135502660532095,65.32317949349428,9516404649.61757,326164915.9413697,1162599335.549354,1207485307.327108,1.4727139430287293,0.0423886574866292,0.0846528336385022,0.0023181823863483,3.0,1.3039831547910807,0.7449452898939234,LAS_DataFrame_474b180d_Laser_True_20260929_112405_LAS.csv,Data\NafisaData\LAS_Nafisa_Requested_Data_0.8Torr\OscopeData_Laser_True\Plasma_Off_Measuremnt_11.0.csv,
474b180d,2026-09-29 12:03:09.201034,2026-09-29,0.9,0.8909999999999999,71.2,8.797,11.0,90,2420,53.9,108.2,0.0816496580927737,18.2,0.0,90.0,0.0816496580927737,0.4101305839223853,0.0001547460044299,Data\NafisaData\LAS_Nafisa_Requested_Data_0.8Torr\OscopeData_Laser_True\Scope_TrialNumber_0_90.00W_0.90Torr_11.00NitrogenFlow_2420.00MHz.csv,True,474b180d|Scope_TrialNumber_0_90.00W_0.90Torr_11.00NitrogenFlow_2420.00MHz.csv,948.6890418819293,53.95153276242414,9.486890418819293,54.77927507035494,10130041970.903126,279452420.9543248,1237566129.024613,1268725178.7862482,1.500769919598781,0.0343111732243316,0.0901114222531898,0.001964277477461,3.0,1.2098838860544388,0.3231258320803952,LAS_DataFrame_474b180d_Laser_True_20260929_112405_LAS.csv,Data\NafisaData\LAS_Nafisa_Requested_Data_0.8Torr\OscopeData_Laser_True\Plasma_Off_Measuremnt_11.0.csv,
474b180d,2026-09-29 12:03:27.581158,2026-09-29,0.9,0.8909999999999999,71.21,8.792,11.0,95,2420,54.7,114.8,0.0816496580927737,19.83333333333333,0.094280904158206,94.96666666666664,0.0471404520791004,0.4156477623451837,0.0008641135410561,Data\NafisaData\LAS_Nafisa_Requested_Data_0.8Torr\OscopeData_Laser_True\Scope_TrialNumber_0_95.00W_0.90Torr_11.00NitrogenFlow_2420.00MHz.csv,True,474b180d|Scope_TrialNumber_0_95.00W_0.90Torr_11.00NitrogenFlow_2420.00MHz.csv,978.7088200276838,58.34260381112871,9.78708820027684,59.1578102612185,10617156085.414106,308976152.0580177,1297075845.8471246,1333368670.856119,1.524329748874615,0.0331342788321131,0.0944445282545536,0.0019607323530687,3.0,1.2183441062129294,0.2784408903961245,LAS_DataFrame_474b180d_Laser_True_20260929_112405_LAS.csv,Data\NafisaData\LAS_Nafisa_Requested_Data_0.8Torr\OscopeData_Laser_True\Plasma_Off_Measuremnt_11.0.csv,
474b180d,2026-09-29 12:03:45.899928,2026-09-29,0.9,0.8909999999999999,71.2,8.793,11.0,100,2420,55.4,121.73333333333332,0.0942809041582076,21.766666666666666,0.0471404520791038,99.96666666666664,0.0471404520791071,0.4228544125338582,0.000294378221911,Data\NafisaData\LAS_Nafisa_Requested_Data_0.8Torr\OscopeData_Laser_True\Scope_TrialNumber_0_100.00W_0.90Torr_11.00NitrogenFlow_2420.00MHz.csv,True,474b180d|Scope_TrialNumber_0_100.00W_0.90Torr_11.00NitrogenFlow_2420.00MHz.csv,936.6471389160256,48.85150417129236,9.366471389160257,49.74133337659689,10563025249.897202,266434329.78320667,1290462794.4141748,1317680339.025466,1.4912147122981558,0.0328068878607373,0.0939630093634974,0.0019713539116249,3.0,1.2454989869548716,0.3329454677952134,LAS_DataFrame_474b180d_Laser_True_20260929_112405_LAS.csv,Data\NafisaData\LAS_Nafisa_Requested_Data_0.8Torr\OscopeData_Laser_True\Plasma_Off_Measuremnt_11.0.csv,
474b180d,2026-09-29 12:04:04.146888,2026-09-29,0.9,0.8909999999999999,71.21,8.791,11.0,105,2420,56.2,129.13333333333333,0.0942809041582009,24.2,0.0,104.93333333333332,0.0942809041582009,0.432900999976028,0.0001580928488506,Data\NafisaData\LAS_Nafisa_Requested_Data_0.8Torr\OscopeData_Laser_True\Scope_TrialNumber_0_105.00W_0.90Torr_11.00NitrogenFlow_2420.00MHz.csv,True,474b180d|Scope_TrialNumber_0_105.00W_0.90Torr_11.00NitrogenFlow_2420.00MHz.csv,956.7264856789218,51.97903809335715,9.56726485678922,52.85218025730469,10923993109.285572,288497205.84291804,1334561485.9821565,1365388222.3184998,1.5071138913653412,0.0321847145314512,0.0971739859113345,0.0019809351720579,3.0,1.2285011443515306,0.1117654983783787,LAS_DataFrame_474b180d_Laser_True_20260929_112405_LAS.csv,Data\NafisaData\LAS_Nafisa_Requested_Data_0.8Torr\OscopeData_Laser_True\Plasma_Off_Measuremnt_11.0.csv,
474b180d,2026-09-29 12:04:22.501999,2026-09-29,0.9,0.8909999999999999,71.2,8.802,11.0,110,2420,57.1,137.63333333333333,0.1247219128924702,27.633333333333336,0.094280904158206,110.0,0.2160246899469361,0.4480790533058346,0.0009586991376008,Data\NafisaData\LAS_Nafisa_Requested_Data_0.8Torr\OscopeData_Laser_True\Scope_TrialNumber_0_110.00W_0.90Torr_11.00NitrogenFlow_2420.00MHz.csv,True,474b180d|Scope_TrialNumber_0_110.00W_0.90Torr_11.00NitrogenFlow_2420.00MHz.csv,958.9471092885595,50.85857831043017,9.589471092885596,51.75473836857304,11127210550.85352,286119632.5919947,1359388137.5630589,1389172614.4370036,1.508861931685516,0.0327791661086254,0.0989816993185386,0.0020523730774727,3.0,1.253743673522608,0.82548976974922,LAS_DataFrame_474b180d_Laser_True_20260929_112405_LAS.csv,Data\NafisaData\LAS_Nafisa_Requested_Data_0.8Torr\OscopeData_Laser_True\Plasma_Off_Measuremnt_11.0.csv,
ca6fb2be,2026-09-29 13:02:13.061973,2026-09-29,1.0,1.013,79.2,0.799,1.0,30,2420,42.0,36.53333333333333,0.0471404520791038,6.566666666666666,0.047140452079103,29.96666666666667,0.0471404520791038,0.4239599175075957,0.001407537134844,Data\NafisaData\LAS_Nafisa_Requested_Data_0.8Torr\OscopeData_Laser_True\Scope_TrialNumber_0_30.00W_1.00Torr_1.00NitrogenFlow_2420.00MHz.csv,True,ca6fb2be|Scope_TrialNumber_0_30.00W_1.00Torr_1.00NitrogenFlow_2420.00MHz.csv,664.7859280874111,25.14823835682283,6.647859280874111,26.012072686925183,29600704868.56806,568739665.5056986,3616256462.294583,3660706982.019575,1.256299200223631,0.011461956475701,0.2633120003910293,0.0025616771164674,3.0,1.3030421104756982,1.2916312504015588,LAS_DataFrame_ca6fb2be_Laser_True_20260929_130126_LAS.csv,Data\NafisaData\LAS_Nafisa_Requested_Data_0.8Torr\OscopeData_Laser_True\Plasma_Off_Measuremnt_1.0.csv,
ca6fb2be,2026-09-29 13:02:31.434981,2026-09-29,1.0,1.0119999999999998,79.21,0.799,1.0,35,2422,43.6,43.76666666666667,0.0942809041582043,8.733333333333333,0.0471404520791038,35.03333333333333,0.0471404520791004,0.4467002534419375,0.000722951074763,Data\NafisaData\LAS_Nafisa_Requested_Data_0.8Torr\OscopeData_Laser_True\Scope_TrialNumber_0_35.00W_1.00Torr_1.00NitrogenFlow_2422.00MHz.csv,True,ca6fb2be|Scope_TrialNumber_0_35.00W_1.00Torr_1.00NitrogenFlow_2422.00MHz.csv,644.5862381298173,29.812366425113552,6.445862381298173,30.501251346524665,30010772366.51033,720632025.5115422,3666353554.4413767,3736503566.485356,1.237065482025362,0.0143725108945177,0.2669597409991653,0.0035497222747194,3.0,1.3096483748169676,1.7283967419130648,LAS_DataFrame_ca6fb2be_Laser_True_20260929_130126_LAS.csv,Data\NafisaData\LAS_Nafisa_Requested_Data_0.8Torr\OscopeData_Laser_True\Plasma_Off_Measuremnt_1.0.csv,
ca6fb2be,2026-09-29 13:02:49.843928,2026-09-29,1.0,1.013,79.21,0.801,1.0,40,2426,45.1,52.23333333333333,0.1247219128924633,12.166666666666666,0.047140452079103,40.06666666666667,0.0942809041582076,0.4826266348146102,0.0006266474908722,Data\NafisaData\LAS_Nafisa_Requested_Data_0.8Torr\OscopeData_Laser_True\Scope_TrialNumber_0_40.00W_1.00Torr_1.00NitrogenFlow_2426.00MHz.csv,True,ca6fb2be|Scope_TrialNumber_0_40.00W_1.00Torr_1.00NitrogenFlow_2426.00MHz.csv,624.9735501683048,30.931487487968884,6.249735501683048,31.55655418545208,25919795044.44985,634381106.4729364,3166567375.575378,3229487317.254577,1.2181001402722726,0.0197541812272284,0.2305686000783987,0.0036429550387915,3.0,1.1865973960343397,2.569814412117488,LAS_DataFrame_ca6fb2be_Laser_True_20260929_130126_LAS.csv,Data\NafisaData\LAS_Nafisa_Requested_Data_0.8Torr\OscopeData_Laser_True\Plasma_Off_Measuremnt_1.0.csv,
ca6fb2be,2026-09-29 13:03:08.196269,2026-09-29,1.0,1.013,79.19,0.803,1.0,45,2424,46.6,57.23333333333333,0.0942809041582043,12.233333333333334,0.0471404520791038,45.0,0.0816496580927679,0.4623247859165825,0.0007731311046277,Data\NafisaData\LAS_Nafisa_Requested_Data_0.8Torr\OscopeData_Laser_True\Scope_TrialNumber_0_45.00W_1.00Torr_1.00NitrogenFlow_2424.00MHz.csv,True,ca6fb2be|Scope_TrialNumber_0_45.00W_1.00Torr_1.00NitrogenFlow_2424.00MHz.csv,669.9316869387529,24.72603449312359,6.69931686938753,25.617525803082504,26243918410.511986,484258025.7177972,3206164852.132346,3242529706.035232,1.2611520038454396,0.0083513306170035,0.2334518277674096,0.0015446479712365,3.0,1.2007896305470067,0.888139876676755,LAS_DataFrame_ca6fb2be_Laser_True_20260929_130126_LAS.csv,Data\NafisaData\LAS_Nafisa_Requested_Data_0.8Torr\OscopeData_Laser_True\Plasma_Off_Measuremnt_1.0.csv,
ca6fb2be,2026-09-29 13:03:26.335654,2026-09-29,1.0,1.013,79.2,0.798,1.0,50,2422,47.8,59.9,0.1414213562373081,10.0,0.0,49.9,0.1414213562373081,0.408589778487585,0.0004829369945356,Data\NafisaData\LAS_Nafisa_Requested_Data_0.8Torr\OscopeData_Laser_True\Scope_TrialNumber_0_50.00W_1.00Torr_1.00NitrogenFlow_2422.00MHz.csv,True,ca6fb2be|Scope_TrialNumber_0_50.00W_1.00Torr_1.00NitrogenFlow_2422.00MHz.csv,693.5935673529777,34.32643741278497,6.9359356735297775,35.02015861073714,28693999879.68145,699111842.5004327,3505486202.261428,3574519671.588002,1.2832305864146023,0.0204040210641784,0.2552464389306407,0.0039054975770925,3.0,1.2327647855138166,2.452298397279938,LAS_DataFrame_ca6fb2be_Laser_True_20260929_130126_LAS.csv,Data\NafisaData\LAS_Nafisa_Requested_Data_0.8Torr\OscopeData_Laser_True\Plasma_Off_Measuremnt_1.0.csv,
ca6fb2be,2026-09-29 13:03:44.464454,2026-09-29,1.0,1.013,79.21,0.801,1.0,55,2426,48.9,66.89999999999999,0.1414213562373081,12.066666666666668,0.047140452079103,54.83333333333332,0.1247219128924633,0.4246978359798294,0.0007202565240382,Data\NafisaData\LAS_Nafisa_Requested_Data_0.8Torr\OscopeData_Laser_True\Scope_TrialNumber_0_55.00W_1.00Torr_1.00NitrogenFlow_2426.00MHz.csv,True,ca6fb2be|Scope_TrialNumber_0_55.00W_1.00Torr_1.00NitrogenFlow_2426.00MHz.csv,700.9731435938976,32.26548065074184,7.009731435938976,33.0181401115718,29624615884.70235,677070337.6926702,3619177621.3345313,3681965629.518008,1.290039071234788,0.0085105008600888,0.2635246999709095,0.0015853644359314,3.0,1.2453784144149314,0.7215777545214116,LAS_DataFrame_ca6fb2be_Laser_True_20260929_130126_LAS.csv,Data\NafisaData\LAS_Nafisa_Requested_Data_0.8Torr\OscopeData_Laser_True\Plasma_Off_Measuremnt_1.0.csv,
ca6fb2be,2026-09-29 13:04:02.571294,2026-09-29,1.0,1.013,79.2,0.799,1.0,60,2432,49.6,75.5,0.0816496580927679,15.366666666666667,0.124721912892465,60.13333333333333,0.1247219128924614,0.4511413736326366,0.0017675933285255,Data\NafisaData\LAS_Nafisa_Requested_Data_0.8Torr\OscopeData_Laser_True\Scope_TrialNumber_0_60.00W_1.00Torr_1.00NitrogenFlow_2432.00MHz.csv,True,ca6fb2be|Scope_TrialNumber_0_60.00W_1.00Torr_1.00NitrogenFlow_2432.00MHz.csv,667.6083673207163,31.38358880371797,6.676083673207163,32.08581835348002,28969024582.261494,689866307.5259517,3539085397.3620768,3605695629.4286656,1.2589632702617757,0.0186528783356975,0.2576929112330688,0.0039432730990244,3.0,1.264470703327474,2.1879021831977874,LAS_DataFrame_ca6fb2be_Laser_True_20260929_130126_LAS.csv,Data\NafisaData\LAS_Nafisa_Requested_Data_0.8Torr\OscopeData_Laser_True\Plasma_Off_Measuremnt_1.0.csv,
ca6fb2be,2026-09-29 13:04:20.962906,2026-09-29,1.0,1.013,79.19,0.794,1.0,65,2432,50.3,83.89999999999999,0.0816496580927737,19.0,0.0,64.89999999999999,0.0816496580927737,0.4758783798094546,0.0002315574069097,Data\NafisaData\LAS_Nafisa_Requested_Data_0.8Torr\OscopeData_Laser_True\Scope_TrialNumber_0_65.00W_1.00Torr_1.00NitrogenFlow_2432.00MHz.csv,True,ca6fb2be|Scope_TrialNumber_0_65.00W_1.00Torr_1.00NitrogenFlow_2432.00MHz.csv,672.6304368573216,38.97759799523416,6.726304368573216,39.55371431277686,29040454999.387222,858978427.7571974,3547811902.649105,3650316867.880224,1.263689660389685,0.0237221785691751,0.2583283179271207,0.0050871611954085,3.0,1.2240621097572173,2.968946380014174,LAS_DataFrame_ca6fb2be_Laser_True_20260929_130126_LAS.csv,Data\NafisaData\LAS_Nafisa_Requested_Data_0.8Torr\OscopeData_Laser_True\Plasma_Off_Measuremnt_1.0.csv,
ca6fb2be,2026-09-29 13:04:39.120885,2026-09-29,1.0,1.013,79.21,0.804,1.0,70,2432,51.2,92.76666666666664,0.124721912892469,22.8,0.0816496580927723,69.96666666666668,0.094280904158211,0.4957591096289242,0.0007151183151448,Data\NafisaData\LAS_Nafisa_Requested_Data_0.8Torr\OscopeData_Laser_True\Scope_TrialNumber_0_70.00W_1.00Torr_1.00NitrogenFlow_2432.00MHz.csv,True,ca6fb2be|Scope_TrialNumber_0_70.00W_1.00Torr_1.00NitrogenFlow_2432.00MHz.csv,704.2901523783864,31.360523558648172,7.042901523783865,32.14163809992024,29722832723.398567,655838306.0414855,3631176567.9548354,3689927797.577565,1.293087704956073,0.0094551989001691,0.2643983843099823,0.0017668231141421,3.0,1.2969979961299076,0.7374669510961968,LAS_DataFrame_ca6fb2be_Laser_True_20260929_130126_LAS.csv,Data\NafisaData\LAS_Nafisa_Requested_Data_0.8Torr\OscopeData_Laser_True\Plasma_Off_Measuremnt_1.0.csv,
ca6fb2be,2026-09-29 13:04:57.406059,2026-09-29,1.0,1.013,79.2,0.793,1.0,75,2428,52.5,96.53333333333336,0.1247219128924639,21.6,0.0816496580927723,74.93333333333334,0.0471404520791004,0.473028382265191,0.0005968542881825,Data\NafisaData\LAS_Nafisa_Requested_Data_0.8Torr\OscopeData_Laser_True\Scope_TrialNumber_0_75.00W_1.00Torr_1.00NitrogenFlow_2428.00MHz.csv,True,ca6fb2be|Scope_TrialNumber_0_75.00W_1.00Torr_1.00NitrogenFlow_2428.00MHz.csv,688.1686108293569,22.489050711976358,6.881686108293569,23.518397173679265,28796891153.19469,473020486.71668816,3518056214.847551,3549713778.839242,1.2782023275851595,0.0099526634166583,0.2561617045356947,0.0020405814805114,3.0,1.2719121681048504,1.085274825031773,LAS_DataFrame_ca6fb2be_Laser_True_20260929_130126_LAS.csv,Data\NafisaData\LAS_Nafisa_Requested_Data_0.8Torr\OscopeData_Laser_True\Plasma_Off_Measuremnt_1.0.csv,
ca6fb2be,2026-09-29 13:05:15.709065,2026-09-29,1.0,1.013,79.22,0.809,1.0,80,2432,53.5,104.16666666666669,0.0942809041582076,24.266666666666666,0.0471404520791038,79.89999999999999,0.0816496580927737,0.4826591144241228,0.0004065871003774,Data\NafisaData\LAS_Nafisa_Requested_Data_0.8Torr\OscopeData_Laser_True\Scope_TrialNumber_0_80.00W_1.00Torr_1.00NitrogenFlow_2432.00MHz.csv,True,ca6fb2be|Scope_TrialNumber_0_80.00W_1.00Torr_1.00NitrogenFlow_2432.00MHz.csv,707.9375649985469,36.448672582721,7.07937564998547,37.12981676006501,28878922838.40615,770865434.2187139,3528077854.9765954,3611310962.579858,1.2964317342217884,0.0162517857417518,0.2568914144268741,0.003695737951954,3.0,1.2057958048992297,1.9807945553824085,LAS_DataFrame_ca6fb2be_Laser_True_20260929_130126_LAS.csv,Data\NafisaData\LAS_Nafisa_Requested_Data_0.8Torr\OscopeData_Laser_True\Plasma_Off_Measuremnt_1.0.csv,
ca6fb2be,2026-09-29 13:05:34.093228,2026-09-29,1.0,1.013,79.21,0.804,1.0,85,2420,55.7,127.03333333333336,0.4109609335312648,42.26666666666667,0.1699673171197586,84.76666666666667,0.2624669291337229,0.5768191608354291,0.0004670549780158,Data\NafisaData\LAS_Nafisa_Requested_Data_0.8Torr\OscopeData_Laser_True\Scope_TrialNumber_0_85.00W_1.00Torr_1.00NitrogenFlow_2420.00MHz.csv,True,ca6fb2be|Scope_TrialNumber_0_85.00W_1.00Torr_1.00NitrogenFlow_2420.00MHz.csv,708.4318539742856,25.6923650699744,7.084318539742855,26.651176185327824,28333463082.78911,507321545.6820889,3461440172.700782,3498420103.4038324,1.296884245947,0.0092204438664551,0.2520392968836585,0.0016399058150146,3.0,1.2455196092521583,0.7505644110190212,LAS_DataFrame_ca6fb2be_Laser_True_20260929_130126_LAS.csv,Data\NafisaData\LAS_Nafisa_Requested_Data_0.8Torr\OscopeData_Laser_True\Plasma_Off_Measuremnt_1.0.csv,
ca6fb2be,2026-09-29 13:05:52.393590,2026-09-29,1.0,1.013,79.21,0.803,1.0,90,2420,58.3,137.53333333333333,0.0942809041582009,47.6,0.0,89.93333333333334,0.0942809041582009,0.588300975425882,0.0002017173786477,Data\NafisaData\LAS_Nafisa_Requested_Data_0.8Torr\OscopeData_Laser_True\Scope_TrialNumber_0_90.00W_1.00Torr_1.00NitrogenFlow_2420.00MHz.csv,True,ca6fb2be|Scope_TrialNumber_0_90.00W_1.00Torr_1.00NitrogenFlow_2420.00MHz.csv,711.9365307118662,38.19290444652892,7.119365307118662,38.85078264897495,28089250687.31181,779681238.424734,3431605252.9838867,3519064853.8863463,1.3000881903733386,0.0213017857182819,0.2498669143455083,0.0044658711217954,3.0,1.2764595517287978,2.29776170102184,LAS_DataFrame_ca6fb2be_Laser_True_20260929_130126_LAS.csv,Data\NafisaData\LAS_Nafisa_Requested_Data_0.8Torr\OscopeData_Laser_True\Plasma_Off_Measuremnt_1.0.csv,
ca6fb2be,2026-09-29 13:06:10.746068,2026-09-29,1.0,1.013,79.2,0.802,1.0,95,2420,60.1,146.36666666666667,0.2624669291337253,51.36666666666667,0.2867441755680886,95.0,0.0816496580927737,0.5924031896179835,0.0011537968789862,Data\NafisaData\LAS_Nafisa_Requested_Data_0.8Torr\OscopeData_Laser_True\Scope_TrialNumber_0_95.00W_1.00Torr_1.00NitrogenFlow_2420.00MHz.csv,True,ca6fb2be|Scope_TrialNumber_0_95.00W_1.00Torr_1.00NitrogenFlow_2420.00MHz.csv,703.3345050114283,26.81366945556577,7.033345050114283,27.72076500146249,27602600534.04144,521636500.2448707,3372152217.339816,3412259546.8834944,1.2922101154201966,0.0106372913265829,0.2455379354945929,0.0019263147682398,3.0,1.212718135735222,1.1738616538443725,LAS_DataFrame_ca6fb2be_Laser_True_20260929_130126_LAS.csv,Data\NafisaData\LAS_Nafisa_Requested_Data_0.8Torr\OscopeData_Laser_True\Plasma_Off_Measuremnt_1.0.csv,
ca6fb2be,2026-09-29 13:06:29.113764,2026-09-29,1.0,1.013,79.21,0.804,1.0,100,2420,61.7,157.53333333333333,0.249443825784938,57.56666666666667,0.2867441755680858,99.96666666666664,0.0471404520790971,0.6045016897872354,0.0010313753431538,Data\NafisaData\LAS_Nafisa_Requested_Data_0.8Torr\OscopeData_Laser_True\Scope_TrialNumber_0_100.00W_1.00Torr_1.00NitrogenFlow_2420.00MHz.csv,True,ca6fb2be|Scope_TrialNumber_0_100.00W_1.00Torr_1.00NitrogenFlow_2420.00MHz.csv,704.5348033900273,36.62143887147713,7.0453480339002725,37.292984781807405,27413483258.744507,735753206.4718579,3349048153.7048216,3428914743.277717,1.2933122769918928,0.0200278208392369,0.2438556496068736,0.0041144006063125,3.0,1.2614749433313242,2.0933540925859724,LAS_DataFrame_ca6fb2be_Laser_True_20260929_130126_LAS.csv,Data\NafisaData\LAS_Nafisa_Requested_Data_0.8Torr\OscopeData_Laser_True\Plasma_Off_Measuremnt_1.0.csv,
ca6fb2be,2026-09-29 13:06:47.295468,2026-09-29,1.0,1.013,79.21,0.805,1.0,105,2420,63.3,167.9,0.2160246899469295,62.9,0.1414213562373081,105.0,0.0816496580927737,0.6120679811601462,0.0003107784288771,Data\NafisaData\LAS_Nafisa_Requested_Data_0.8Torr\OscopeData_Laser_True\Scope_TrialNumber_0_105.00W_1.00Torr_1.00NitrogenFlow_2420.00MHz.csv,True,ca6fb2be|Scope_TrialNumber_0_105.00W_1.00Torr_1.00NitrogenFlow_2420.00MHz.csv,673.9650744589685,36.35790000004516,6.739650744589685,36.97728741501102,26858247401.824966,736791458.315772,3281216145.494265,3362921504.659204,1.264942749641652,0.0164079431824475,0.2389165691078292,0.0033212999407898,3.0,1.2136949962018917,1.880467644632128,LAS_DataFrame_ca6fb2be_Laser_True_20260929_130126_LAS.csv,Data\NafisaData\LAS_Nafisa_Requested_Data_0.8Torr\OscopeData_Laser_True\Plasma_Off_Measuremnt_1.0.csv,
ca6fb2be,2026-09-29 13:07:05.569079,2026-09-29,1.0,1.013,79.18,0.797,1.0,110,2420,64.8,178.1,0.2828427124746297,68.03333333333332,0.1699673171197609,110.06666666666668,0.1247219128924753,0.6180570556922813,0.0003183738156105,Data\NafisaData\LAS_Nafisa_Requested_Data_0.8Torr\OscopeData_Laser_True\Scope_TrialNumber_0_110.00W_1.00Torr_1.00NitrogenFlow_2420.00MHz.csv,True,ca6fb2be|Scope_TrialNumber_0_110.00W_1.00Torr_1.00NitrogenFlow_2420.00MHz.csv,700.5117318335773,31.19528678124595,7.005117318335773,31.9721376515213,27982168985.08188,631724388.2680929,3418523304.449152,3476402923.3957686,1.2896144207402045,0.016712918593579,0.2489143729332469,0.0033566364107675,3.0,1.3411814112337324,1.5297698308229908,LAS_DataFrame_ca6fb2be_Laser_True_20260929_130126_LAS.csv,Data\NafisaData\LAS_Nafisa_Requested_Data_0.8Torr\OscopeData_Laser_True\Plasma_Off_Measuremnt_1.0.csv,
ca6fb2be,2026-09-29 13:17:07.922531,2026-09-29,1.0,1.011,77.59,2.398,3.0,30,2418,49.0,36.36666666666667,0.0471404520791038,6.400000000000001,8.881784197001252e-16,29.96666666666667,0.0471404520791038,0.4195063247475724,0.0002720806304278,Data\NafisaData\LAS_Nafisa_Requested_Data_0.8Torr\OscopeData_Laser_True\Scope_TrialNumber_0_30.00W_1.00Torr_3.00NitrogenFlow_2418.00MHz.csv,True,ca6fb2be|Scope_TrialNumber_0_30.00W_1.00Torr_3.00NitrogenFlow_2418.00MHz.csv,669.8773584198739,36.141331928793086,6.698773584198739,36.75689651098903,15572557690.758396,431314030.72376,1902466939.0038235,1950746587.104987,1.2611008658630605,0.0205953937524493,0.1385251241470406,0.0024237100415626,3.0,1.1622217526533738,1.876565898485991,LAS_DataFrame_ca6fb2be_Laser_True_20260929_130126_LAS.csv,Data\NafisaData\LAS_Nafisa_Requested_Data_0.8Torr\OscopeData_Laser_True\Plasma_Off_Measuremnt_3.0.csv,
ca6fb2be,2026-09-29 13:17:26.220426,2026-09-29,1.0,1.011,77.59,2.403,3.0,35,2418,48.9,42.43333333333333,0.0942809041582076,7.466666666666666,0.047140452079103,34.96666666666667,0.0471404520791038,0.4194758059099682,0.0008601519807434,Data\NafisaData\LAS_Nafisa_Requested_Data_0.8Torr\OscopeData_Laser_True\Scope_TrialNumber_0_35.00W_1.00Torr_3.00NitrogenFlow_2418.00MHz.csv,True,ca6fb2be|Scope_TrialNumber_0_35.00W_1.00Torr_3.00NitrogenFlow_2418.00MHz.csv,719.3609873114087,32.45325561148817,7.193609873114087,33.24096603276073,16951142054.794886,377570288.72209626,2070885719.482222,2105024224.582959,1.3068496171787605,0.0110626603702924,0.1507882715353887,0.0011579585327549,3.0,1.1394487196009555,0.588778381910021,LAS_DataFrame_ca6fb2be_Laser_True_20260929_130126_LAS.csv,Data\NafisaData\LAS_Nafisa_Requested_Data_0.8Torr\OscopeData_Laser_True\Plasma_Off_Measuremnt_3.0.csv,
ca6fb2be,2026-09-29 13:17:44.390418,2026-09-29,1.0,1.011,77.6,2.395,3.0,40,2418,49.4,48.833333333333336,0.0471404520791038,8.766666666666667,0.0471404520791038,40.06666666666666,0.0471404520791004,0.4236989219212952,0.0010532916254158,Data\NafisaData\LAS_Nafisa_Requested_Data_0.8Torr\OscopeData_Laser_True\Scope_TrialNumber_0_40.00W_1.00Torr_3.00NitrogenFlow_2418.00MHz.csv,True,ca6fb2be|Scope_TrialNumber_0_40.00W_1.00Torr_3.00NitrogenFlow_2418.00MHz.csv,714.4540596886337,32.856593465863966,7.144540596886337,33.62439879792071,18065452083.499424,429603807.9424664,2207018654.836116,2248441854.83932,1.3023848286093958,0.0186999811433261,0.1607005761246467,0.0025047357647414,3.0,1.1855851969516746,1.5817012470390783,LAS_DataFrame_ca6fb2be_Laser_True_20260929_130126_LAS.csv,Data\NafisaData\LAS_Nafisa_Requested_Data_0.8Torr\OscopeData_Laser_True\Plasma_Off_Measuremnt_3.0.csv,
ca6fb2be,2026-09-29 13:18:02.615867,2026-09-29,1.0,1.011,77.59,2.398,3.0,45,2420,49.9,54.76666666666667,0.0471404520791004,9.8,0.0,44.96666666666667,0.0471404520791004,0.423014256424026,0.000182138110295,Data\NafisaData\LAS_Nafisa_Requested_Data_0.8Torr\OscopeData_Laser_True\Scope_TrialNumber_0_45.00W_1.00Torr_3.00NitrogenFlow_2420.00MHz.csv,True,ca6fb2be|Scope_TrialNumber_0_45.00W_1.00Torr_3.00NitrogenFlow_2420.00MHz.csv,684.0659866835422,30.770312836156208,6.840659866835422,31.521528824735835,18988432609.496384,431986129.166434,2319777263.3398194,2359656451.117531,1.2743865310345557,0.015534789824206,0.1689109160372036,0.0021387313522503,3.0,1.1691633885590245,1.5935068151090728,LAS_DataFrame_ca6fb2be_Laser_True_20260929_130126_LAS.csv,Data\NafisaData\LAS_Nafisa_Requested_Data_0.8Torr\OscopeData_Laser_True\Plasma_Off_Measuremnt_3.0.csv,
ca6fb2be,2026-09-29 13:18:21.051587,2026-09-29,1.0,1.011,77.59,2.411,3.0,50,2420,50.5,61.6,0.2160246899469295,11.566666666666668,0.047140452079103,50.03333333333333,0.1699673171197596,0.4333245849650113,0.000198439484175,Data\NafisaData\LAS_Nafisa_Requested_Data_0.8Torr\OscopeData_Laser_True\Scope_TrialNumber_0_50.00W_1.00Torr_3.00NitrogenFlow_2420.00MHz.csv,True,ca6fb2be|Scope_TrialNumber_0_50.00W_1.00Torr_3.00NitrogenFlow_2420.00MHz.csv,707.8497048262225,45.88402927674912,7.078497048262225,46.42681620714291,20194773157.60961,701587295.561266,2467153375.571348,2564969885.181124,1.2963512834479305,0.0272963815291373,0.1796418747858853,0.004399738236621,3.0,1.2684944443953277,2.485790154709782,LAS_DataFrame_ca6fb2be_Laser_True_20260929_130126_LAS.csv,Data\NafisaData\LAS_Nafisa_Requested_Data_0.8Torr\OscopeData_Laser_True\Plasma_Off_Measuremnt_3.0.csv,
ca6fb2be,2026-09-29 13:18:39.347137,2026-09-29,1.0,1.01,77.59,2.396,3.0,55,2420,51.6,71.43333333333334,0.0471404520791004,16.366666666666667,0.0471404520791021,55.06666666666667,0.0942809041582043,0.4786625906745942,0.0008474155781489,Data\NafisaData\LAS_Nafisa_Requested_Data_0.8Torr\OscopeData_Laser_True\Scope_TrialNumber_0_55.00W_1.00Torr_3.00NitrogenFlow_2420.00MHz.csv,True,ca6fb2be|Scope_TrialNumber_0_55.00W_1.00Torr_3.00NitrogenFlow_2420.00MHz.csv,695.4596473841868,31.705277872276135,6.954596473841868,32.459067409157285,17389450854.009777,391581163.275727,2124432992.5853205,2160220208.084674,1.2849556618781768,0.0109475466561758,0.1546872316183567,0.0011989323778284,3.0,1.1902811591125793,0.2041908874033658,LAS_DataFrame_ca6fb2be_Laser_True_20260929_130126_LAS.csv,Data\NafisaData\LAS_Nafisa_Requested_Data_0.8Torr\OscopeData_Laser_True\Plasma_Off_Measuremnt_3.0.csv,
ca6fb2be,2026-09-29 13:18:57.593938,2026-09-29,1.0,1.011,77.59,2.392,3.0,60,2424,52.3,77.46666666666667,0.0471404520791004,17.3,0.0,60.16666666666666,0.0471404520791004,0.4725694879157314,0.0001438317547864,Data\NafisaData\LAS_Nafisa_Requested_Data_0.8Torr\OscopeData_Laser_True\Scope_TrialNumber_0_60.00W_1.00Torr_3.00NitrogenFlow_2424.00MHz.csv,True,ca6fb2be|Scope_TrialNumber_0_60.00W_1.00Torr_3.00NitrogenFlow_2424.00MHz.csv,700.4711861767446,28.495687818983377,7.004711861767446,29.343997896390043,17552361846.662006,367284915.7997791,2144335489.2513044,2175562662.815457,1.2895770987240214,0.0181652068192731,0.1561364004659032,0.0023292566701283,3.0,1.2940293819057924,1.4765584336208009,LAS_DataFrame_ca6fb2be_Laser_True_20260929_130126_LAS.csv,Data\NafisaData\LAS_Nafisa_Requested_Data_0.8Torr\OscopeData_Laser_True\Plasma_Off_Measuremnt_3.0.csv,
ca6fb2be,2026-09-29 13:19:15.886590,2026-09-29,1.0,1.011,77.61,2.403,3.0,65,2424,52.9,82.9,0.0,17.933333333333334,0.0471404520791038,64.96666666666667,0.0471404520791004,0.4651069942291314,0.0006110189463055,Data\NafisaData\LAS_Nafisa_Requested_Data_0.8Torr\OscopeData_Laser_True\Scope_TrialNumber_0_65.00W_1.00Torr_3.00NitrogenFlow_2424.00MHz.csv,True,ca6fb2be|Scope_TrialNumber_0_65.00W_1.00Torr_3.00NitrogenFlow_2424.00MHz.csv,725.366056442362,33.126567600670214,7.253660564423621,33.91142982219488,18025399958.978268,413934358.532334,2202125570.2027807,2240691562.9141145,1.3122929291372922,0.0113623645856553,0.1603442938984496,0.001442225743358,3.0,1.1831278046282,1.0178204051771698,LAS_DataFrame_ca6fb2be_Laser_True_20260929_130126_LAS.csv,Data\NafisaData\LAS_Nafisa_Requested_Data_0.8Torr\OscopeData_Laser_True\Plasma_Off_Measuremnt_3.0.csv,
ca6fb2be,2026-09-29 13:19:34.105867,2026-09-29,1.0,1.011,77.59,2.397,3.0,70,2424,53.6,87.09999999999998,1.4210854715202004e-14,17.5,0.216024689946929,69.59999999999998,0.2160246899469273,0.4482307462325175,0.002771756196802,Data\NafisaData\LAS_Nafisa_Requested_Data_0.8Torr\OscopeData_Laser_True\Scope_TrialNumber_0_70.00W_1.00Torr_3.00NitrogenFlow_2424.00MHz.csv,True,ca6fb2be|Scope_TrialNumber_0_70.00W_1.00Torr_3.00NitrogenFlow_2424.00MHz.csv,738.2987674272114,37.56574926683416,7.382987674272114,38.284383565327325,20949703200.55061,553716850.2774181,2559381606.5708275,2618594385.989211,1.3239398243828764,0.0124467754913935,0.1863573276997502,0.0022029510084177,3.0,1.261671661316843,1.0946404996908616,LAS_DataFrame_ca6fb2be_Laser_True_20260929_130126_LAS.csv,Data\NafisaData\LAS_Nafisa_Requested_Data_0.8Torr\OscopeData_Laser_True\Plasma_Off_Measuremnt_3.0.csv,
ca6fb2be,2026-09-29 13:19:52.325390,2026-09-29,1.0,1.011,77.59,2.402,3.0,75,2422,54.1,90.33333333333331,0.1247219128924639,15.266666666666666,0.0942809041582068,75.06666666666666,0.1699673171197609,0.4110990868475257,0.0013505011576042,Data\NafisaData\LAS_Nafisa_Requested_Data_0.8Torr\OscopeData_Laser_True\Scope_TrialNumber_0_75.00W_1.00Torr_3.00NitrogenFlow_2422.00MHz.csv,True,ca6fb2be|Scope_TrialNumber_0_75.00W_1.00Torr_3.00NitrogenFlow_2422.00MHz.csv,760.3708398691311,31.571420122256296,7.603708398691311,32.47415818690823,21561808204.752377,451093507.7760798,2634161200.0594263,2672506422.9401293,1.343584240072658,0.012216379042131,0.1918022856431968,0.0018130892376921,3.0,1.3579004311402925,0.7713759151731893,LAS_DataFrame_ca6fb2be_Laser_True_20260929_130126_LAS.csv,Data\NafisaData\LAS_Nafisa_Requested_Data_0.8Torr\OscopeData_Laser_True\Plasma_Off_Measuremnt_3.0.csv,
ca6fb2be,2026-09-29 13:20:10.645820,2026-09-29,1.0,1.011,77.6,2.4,3.0,80,2422,54.8,99.33333333333331,0.1699673171197628,19.33333333333333,0.094280904158206,80.0,0.0816496580927737,0.441168166858966,0.0007163376419708,Data\NafisaData\LAS_Nafisa_Requested_Data_0.8Torr\OscopeData_Laser_True\Scope_TrialNumber_0_80.00W_1.00Torr_3.00NitrogenFlow_2422.00MHz.csv,True,ca6fb2be|Scope_TrialNumber_0_80.00W_1.00Torr_3.00NitrogenFlow_2422.00MHz.csv,760.4663160432713,33.16440145242662,7.604663160432713,34.025114628482285,21551356073.22304,478834920.4442178,2632884284.919886,2676072222.271836,1.343668591187612,0.0141860492161906,0.1917093090849168,0.0021828559518964,3.0,1.3012888095150894,1.1904516069567768,LAS_DataFrame_ca6fb2be_Laser_True_20260929_130126_LAS.csv,Data\NafisaData\LAS_Nafisa_Requested_Data_0.8Torr\OscopeData_Laser_True\Plasma_Off_Measuremnt_3.0.csv,
ca6fb2be,2026-09-29 13:20:28.996967,2026-09-29,1.0,1.011,77.6,2.4,3.0,85,2420,55.9,110.83333333333331,0.0471404520791071,25.9,0.0816496580927723,84.93333333333334,0.124721912892469,0.4834085201051847,0.0008524970004739,Data\NafisaData\LAS_Nafisa_Requested_Data_0.8Torr\OscopeData_Laser_True\Scope_TrialNumber_0_85.00W_1.00Torr_3.00NitrogenFlow_2420.00MHz.csv,True,ca6fb2be|Scope_TrialNumber_0_85.00W_1.00Torr_3.00NitrogenFlow_2420.00MHz.csv,763.9105557709127,47.242055689912014,7.639105557709127,47.855697252579766,21711971593.497124,706929385.1973765,2652506348.5063763,2745093638.570854,1.3467079687285706,0.0299611979236304,0.1931380586408817,0.0047267856146523,3.0,1.2921623847180408,2.5225310301089383,LAS_DataFrame_ca6fb2be_Laser_True_20260929_130126_LAS.csv,Data\NafisaData\LAS_Nafisa_Requested_Data_0.8Torr\OscopeData_Laser_True\Plasma_Off_Measuremnt_3.0.csv,
ca6fb2be,2026-09-29 13:20:47.256730,2026-09-29,1.0,1.011,77.61,2.398,3.0,90,2420,57.2,121.1,0.0816496580927737,31.066666666666663,0.0471404520791038,90.03333333333335,0.0942809041582009,0.5064950510746401,0.0004206914248082,Data\NafisaData\LAS_Nafisa_Requested_Data_0.8Torr\OscopeData_Laser_True\Scope_TrialNumber_0_90.00W_1.00Torr_3.00NitrogenFlow_2420.00MHz.csv,True,ca6fb2be|Scope_TrialNumber_0_90.00W_1.00Torr_3.00NitrogenFlow_2420.00MHz.csv,746.9004767371042,31.85811488656331,7.469004767371042,32.72194242920915,21817555567.603443,477520216.04269207,2665405322.715676,2707842515.9322896,1.331629913973427,0.0113576710326945,0.1940772770667473,0.0019109475037891,3.0,1.256019041515316,1.0213802610130611,LAS_DataFrame_ca6fb2be_Laser_True_20260929_130126_LAS.csv,Data\NafisaData\LAS_Nafisa_Requested_Data_0.8Torr\OscopeData_Laser_True\Plasma_Off_Measuremnt_3.0.csv,
ca6fb2be,2026-09-29 13:21:05.548055,2026-09-29,1.0,1.011,77.6,2.407,3.0,95,2420,58.5,131.36666666666665,0.1699673171197591,36.7,0.1414213562373081,94.66666666666669,0.2494438257849279,0.5285548463289879,0.0011597855555159,Data\NafisaData\LAS_Nafisa_Requested_Data_0.8Torr\OscopeData_Laser_True\Scope_TrialNumber_0_95.00W_1.00Torr_3.00NitrogenFlow_2420.00MHz.csv,True,ca6fb2be|Scope_TrialNumber_0_95.00W_1.00Torr_3.00NitrogenFlow_2420.00MHz.csv,711.3269529068812,36.92849532470829,7.113269529068812,37.607344632932815,21577266143.12505,555015250.4095564,2636049664.195065,2693844791.425464,1.2995314872232275,0.010878246418625,0.1919397911753421,0.0014606917886793,3.0,1.3002349023804165,0.8573732027313842,LAS_DataFrame_ca6fb2be_Laser_True_20260929_130126_LAS.csv,Data\NafisaData\LAS_Nafisa_Requested_Data_0.8Torr\OscopeData_Laser_True\Plasma_Off_Measuremnt_3.0.csv,
ca6fb2be,2026-09-29 13:21:23.869807,2026-09-29,1.0,1.011,77.59,2.404,3.0,100,2420,59.5,136.70000000000002,0.2828427124746163,36.7,0.0816496580927708,100.0,0.2160246899469273,0.518141967929267,0.0002909296103688,Data\NafisaData\LAS_Nafisa_Requested_Data_0.8Torr\OscopeData_Laser_True\Scope_TrialNumber_0_100.00W_1.00Torr_3.00NitrogenFlow_2420.00MHz.csv,True,ca6fb2be|Scope_TrialNumber_0_100.00W_1.00Torr_3.00NitrogenFlow_2420.00MHz.csv,770.4045247245905,41.14048873699095,7.704045247245905,41.85561045654563,22878912939.425915,633396045.5042714,2795069142.26656,2865938251.3430347,1.3524200066263403,0.0156072541898858,0.2035185432104161,0.0027808375576604,3.0,1.3413857192660006,1.2970266193528843,LAS_DataFrame_ca6fb2be_Laser_True_20260929_130126_LAS.csv,Data\NafisaData\LAS_Nafisa_Requested_Data_0.8Torr\OscopeData_Laser_True\Plasma_Off_Measuremnt_3.0.csv,
ca6fb2be,2026-09-29 13:21:42.176580,2026-09-29,1.0,1.011,77.6,2.392,3.0,105,2420,60.5,146.63333333333335,0.2357022603955158,41.7,0.0,104.93333333333334,0.2357022603955158,0.5332760691190527,0.0004289669519762,Data\NafisaData\LAS_Nafisa_Requested_Data_0.8Torr\OscopeData_Laser_True\Scope_TrialNumber_0_105.00W_1.00Torr_3.00NitrogenFlow_2420.00MHz.csv,True,ca6fb2be|Scope_TrialNumber_0_105.00W_1.00Torr_3.00NitrogenFlow_2420.00MHz.csv,727.7834870954653,40.95405230749088,7.277834870954653,41.59568824786509,21488771291.78528,633589076.292392,2625238432.5214214,2700613253.537903,1.31447785243983,0.0253179404794358,0.1911525884234467,0.0040490153115889,3.0,1.2568982859178368,2.217998161632478,LAS_DataFrame_ca6fb2be_Laser_True_20260929_130126_LAS.csv,Data\NafisaData\LAS_Nafisa_Requested_Data_0.8Torr\OscopeData_Laser_True\Plasma_Off_Measuremnt_3.0.csv,
ca6fb2be,2026-09-29 13:22:00.394726,2026-09-29,1.0,1.011,77.58,2.405,3.0,110,2420,61.8,157.79999999999998,0.1414213562373148,47.66666666666666,0.0471404520791038,110.13333333333333,0.1699673171197674,0.5496092303792087,0.000448966812457,Data\NafisaData\LAS_Nafisa_Requested_Data_0.8Torr\OscopeData_Laser_True\Scope_TrialNumber_0_110.00W_1.00Torr_3.00NitrogenFlow_2420.00MHz.csv,True,ca6fb2be|Scope_TrialNumber_0_110.00W_1.00Torr_3.00NitrogenFlow_2420.00MHz.csv,735.889423520151,39.03252724433344,7.35889423520151,39.72016499770003,21284223972.57108,584980999.0772612,2600249312.558308,2665239061.836927,1.3217778046539228,0.0192264166442727,0.189333045137702,0.0030740945735625,3.0,1.2638734831413097,1.6895490624670024,LAS_DataFrame_ca6fb2be_Laser_True_20260929_130126_LAS.csv,Data\NafisaData\LAS_Nafisa_Requested_Data_0.8Torr\OscopeData_Laser_True\Plasma_Off_Measuremnt_3.0.csv,
ca6fb2be,2026-09-29 13:25:30.874104,2026-09-29,1.0,1.008,76.01,3.999,5.0,30,2420,43.9,37.0,0.0816496580927737,6.966666666666666,0.094280904158206,30.03333333333333,0.0471404520791038,0.4339100921437839,0.0025242348861063,Data\NafisaData\LAS_Nafisa_Requested_Data_0.8Torr\OscopeData_Laser_True\Scope_TrialNumber_0_30.00W_1.00Torr_5.00NitrogenFlow_2420.00MHz.csv,True,ca6fb2be|Scope_TrialNumber_0_30.00W_1.00Torr_5.00NitrogenFlow_2420.00MHz.csv,696.139591063419,53.04178146276109,6.96139591063419,53.496650491109264,8807323944.136147,336026187.75342625,1075972422.6136267,1127222361.8617303,1.2855836523279198,0.0309174659095064,0.0783452318490172,0.0018910894004697,3.0,1.056666114039145,2.498156479389017,LAS_DataFrame_ca6fb2be_Laser_True_20260929_130126_LAS.csv,Data\NafisaData\LAS_Nafisa_Requested_Data_0.8Torr\OscopeData_Laser_True\Plasma_Off_Measuremnt_5.0.csv,
ca6fb2be,2026-09-29 13:25:49.159972,2026-09-29,1.0,1.008,76.0,4.005,5.0,35,2420,45.3,42.46666666666667,0.1247219128924664,7.533333333333334,0.047140452079103,34.93333333333333,0.0942809041582076,0.4211795578317902,0.0009396518324727,Data\NafisaData\LAS_Nafisa_Requested_Data_0.8Torr\OscopeData_Laser_True\Scope_TrialNumber_0_35.00W_1.00Torr_5.00NitrogenFlow_2420.00MHz.csv,True,ca6fb2be|Scope_TrialNumber_0_35.00W_1.00Torr_5.00NitrogenFlow_2420.00MHz.csv,695.7975044729947,43.27090988492391,6.957975044729947,43.82676190402721,10022006203.543217,356317699.6061888,1224367624.3400474,1275162100.5130043,1.285267742289969,0.0314235737951178,0.0891503939890444,0.002666987940944,3.0,1.177579398167395,1.8092436760539068,LAS_DataFrame_ca6fb2be_Laser_True_20260929_130126_LAS.csv,Data\NafisaData\LAS_Nafisa_Requested_Data_0.8Torr\OscopeData_Laser_True\Plasma_Off_Measuremnt_5.0.csv,
ca6fb2be,2026-09-29 13:26:07.249565,2026-09-29,1.0,1.008,76.01,4.002,5.0,40,2420,46.5,48.4,0.0816496580927737,8.466666666666667,0.047140452079103,39.93333333333334,0.0471404520791038,0.418245659753182,0.000878339464394,Data\NafisaData\LAS_Nafisa_Requested_Data_0.8Torr\OscopeData_Laser_True\Scope_TrialNumber_0_40.00W_1.00Torr_5.00NitrogenFlow_2420.00MHz.csv,True,ca6fb2be|Scope_TrialNumber_0_40.00W_1.00Torr_5.00NitrogenFlow_2420.00MHz.csv,704.1383155897973,33.0220955995323,7.041383155897973,33.76447651797395,10866578962.315191,249681944.81491652,1327547319.2273223,1350823067.0055234,1.292948310086624,0.0179930146444016,0.0966632604419026,0.0012668833770076,3.0,1.1447616107995915,1.076030227796027,LAS_DataFrame_ca6fb2be_Laser_True_20260929_130126_LAS.csv,Data\NafisaData\LAS_Nafisa_Requested_Data_0.8Torr\OscopeData_Laser_True\Plasma_Off_Measuremnt_5.0.csv,
ca6fb2be,2026-09-29 13:26:25.581911,2026-09-29,1.0,1.008,75.99,4.013,5.0,45,2420,47.6,54.333333333333336,0.0471404520791038,9.466666666666669,0.047140452079103,44.86666666666667,0.0471404520791038,0.4174110167072057,0.0009627526661342,Data\NafisaData\LAS_Nafisa_Requested_Data_0.8Torr\OscopeData_Laser_True\Scope_TrialNumber_0_45.00W_1.00Torr_5.00NitrogenFlow_2420.00MHz.csv,True,ca6fb2be|Scope_TrialNumber_0_45.00W_1.00Torr_5.00NitrogenFlow_2420.00MHz.csv,715.0121114189751,41.07384409338361,7.150121114189751,41.69154471298906,11345936843.82051,312403130.9324701,1386109473.217992,1420878315.6769862,1.302893368122428,0.0209049166303926,0.1009273711528742,0.0013933899577062,3.0,1.04301955323596,1.8765790492676555,LAS_DataFrame_ca6fb2be_Laser_True_20260929_130126_LAS.csv,Data\NafisaData\LAS_Nafisa_Requested_Data_0.8Torr\OscopeData_Laser_True\Plasma_Off_Measuremnt_5.0.csv,
ca6fb2be,2026-09-29 13:26:43.899191,2026-09-29,1.0,1.008,75.98,4.005,5.0,50,2420,48.7,60.5,0.1632993161855475,10.5,0.0816496580927723,50.0,0.1414213562373115,0.4165946919345595,0.0014250360126769,Data\NafisaData\LAS_Nafisa_Requested_Data_0.8Torr\OscopeData_Laser_True\Scope_TrialNumber_0_50.00W_1.00Torr_5.00NitrogenFlow_2420.00MHz.csv,True,ca6fb2be|Scope_TrialNumber_0_50.00W_1.00Torr_5.00NitrogenFlow_2420.00MHz.csv,671.0173362386954,35.10613927713141,6.710173362386954,35.7416765345253,11538154980.440027,324603371.7683286,1409592362.6223812,1446484696.6790607,1.2621734621287972,0.0237469273736076,0.1026372406404237,0.0022040943402921,3.0,1.0846329183097283,2.4019533917131803,LAS_DataFrame_ca6fb2be_Laser_True_20260929_130126_LAS.csv,Data\NafisaData\LAS_Nafisa_Requested_Data_0.8Torr\OscopeData_Laser_True\Plasma_Off_Measuremnt_5.0.csv,
ca6fb2be,2026-09-29 13:27:02.192694,2026-09-29,1.0,1.008,75.99,3.999,5.0,55,2420,49.7,66.66666666666667,0.1247219128924639,11.666666666666666,0.047140452079103,55.0,0.0816496580927708,0.4183289595191374,0.000493139718985,Data\NafisaData\LAS_Nafisa_Requested_Data_0.8Torr\OscopeData_Laser_True\Scope_TrialNumber_0_55.00W_1.00Torr_5.00NitrogenFlow_2420.00MHz.csv,True,ca6fb2be|Scope_TrialNumber_0_55.00W_1.00Torr_5.00NitrogenFlow_2420.00MHz.csv,711.589448287132,27.775127569878087,7.11589448287132,28.672175812350908,12742286304.38604,242695536.51109287,1556698578.53871,1575503598.1764207,1.2997712430387482,0.0132173962610701,0.1133485473153671,0.0010468182699577,3.0,1.1544118207316605,1.001442974057161,LAS_DataFrame_ca6fb2be_Laser_True_20260929_130126_LAS.csv,Data\NafisaData\LAS_Nafisa_Requested_Data_0.8Torr\OscopeData_Laser_True\Plasma_Off_Measuremnt_5.0.csv,
ca6fb2be,2026-09-29 13:27:20.551357,2026-09-29,1.0,1.008,75.99,4.003,5.0,60,2420,50.7,73.06666666666666,0.0471404520791004,13.166666666666666,0.1247219128924649,59.9,0.0816496580927737,0.4244952475777654,0.0018837901243738,Data\NafisaData\LAS_Nafisa_Requested_Data_0.8Torr\OscopeData_Laser_True\Scope_TrialNumber_0_60.00W_1.00Torr_5.00NitrogenFlow_2420.00MHz.csv,True,ca6fb2be|Scope_TrialNumber_0_60.00W_1.00Torr_5.00NitrogenFlow_2420.00MHz.csv,703.8016985588105,44.86120487545264,7.038016985588105,45.40992607312593,13371231288.33625,440313913.3179874,1633535477.279349,1691837609.7580028,1.2926392227667254,0.0305134452531207,0.1189433046900702,0.00297564150547,3.0,1.1837360784309328,2.148210464537623,LAS_DataFrame_ca6fb2be_Laser_True_20260929_130126_LAS.csv,Data\NafisaData\LAS_Nafisa_Requested_Data_0.8Torr\OscopeData_Laser_True\Plasma_Off_Measuremnt_5.0.csv,
ca6fb2be,2026-09-29 13:27:38.720854,2026-09-29,1.0,1.008,75.99,4.001,5.0,65,2420,51.6,80.10000000000001,0.0816496580927737,15.133333333333333,0.094280904158206,64.96666666666665,0.0471404520791071,0.4346588238933788,0.0011692558740647,Data\NafisaData\LAS_Nafisa_Requested_Data_0.8Torr\OscopeData_Laser_True\Scope_TrialNumber_0_65.00W_1.00Torr_5.00NitrogenFlow_2420.00MHz.csv,True,ca6fb2be|Scope_TrialNumber_0_65.00W_1.00Torr_5.00NitrogenFlow_2420.00MHz.csv,693.6644784568869,36.96581846279077,6.936644784568869,37.61101933597772,13547682318.67841,382538759.07092977,1655092132.14911,1698724777.0293498,1.2832961817258024,0.0202218877714727,0.1205129184535516,0.0022078311045131,3.0,1.0954828856198258,2.081401372290541,LAS_DataFrame_ca6fb2be_Laser_True_20260929_130126_LAS.csv,Data\NafisaData\LAS_Nafisa_Requested_Data_0.8Torr\OscopeData_Laser_True\Plasma_Off_Measuremnt_5.0.csv,
ca6fb2be,2026-09-29 13:27:57.073068,2026-09-29,1.0,1.008,75.98,4.006,5.0,70,2420,53.0,90.3,0.0,20.2,0.0,70.1,0.0,0.4729680558328614,0.0,Data\NafisaData\LAS_Nafisa_Requested_Data_0.8Torr\OscopeData_Laser_True\Scope_TrialNumber_0_70.00W_1.00Torr_5.00NitrogenFlow_2420.00MHz.csv,True,ca6fb2be|Scope_TrialNumber_0_70.00W_1.00Torr_5.00NitrogenFlow_2420.00MHz.csv,705.0822452688635,35.715349767982445,7.050822452688635,36.40467423709024,12474670224.318537,316433612.336721,1524004479.4199524,1556508877.041357,1.293814648071824,0.0109333442743939,0.1109679781467522,0.000950627131081,3.0,1.0872625941635834,1.0712781189782097,LAS_DataFrame_ca6fb2be_Laser_True_20260929_130126_LAS.csv,Data\NafisaData\LAS_Nafisa_Requested_Data_0.8Torr\OscopeData_Laser_True\Plasma_Off_Measuremnt_5.0.csv,
ca6fb2be,2026-09-29 13:28:15.364090,2026-09-29,1.0,1.008,75.98,4.0,5.0,75,2420,54.2,96.93333333333334,0.0471404520791004,22.133333333333336,0.0471404520791021,74.8,0.0816496580927737,0.4778446051682952,0.0005756452377032,Data\NafisaData\LAS_Nafisa_Requested_Data_0.8Torr\OscopeData_Laser_True\Scope_TrialNumber_0_75.00W_1.00Torr_5.00NitrogenFlow_2420.00MHz.csv,True,ca6fb2be|Scope_TrialNumber_0_75.00W_1.00Torr_5.00NitrogenFlow_2420.00MHz.csv,782.2490682481624,51.49665814337621,7.822490682481624,52.08739924793008,13271766938.759115,468835955.5756605,1621384124.853003,1687807344.9199946,1.3627767061801608,0.0320966883124716,0.1180585231630412,0.0031660419291653,3.0,1.081771630150969,2.9104066456897595,LAS_DataFrame_ca6fb2be_Laser_True_20260929_130126_LAS.csv,Data\NafisaData\LAS_Nafisa_Requested_Data_0.8Torr\OscopeData_Laser_True\Plasma_Off_Measuremnt_5.0.csv,
ca6fb2be,2026-09-29 13:28:33.768063,2026-09-29,1.0,1.008,76.01,3.995,5.0,80,2420,55.2,103.33333333333331,0.3399346342395173,23.46666666666667,0.0471404520791038,79.86666666666666,0.3091206165165233,0.4765478623273209,0.0005675080427293,Data\NafisaData\LAS_Nafisa_Requested_Data_0.8Torr\OscopeData_Laser_True\Scope_TrialNumber_0_80.00W_1.00Torr_5.00NitrogenFlow_2420.00MHz.csv,True,ca6fb2be|Scope_TrialNumber_0_80.00W_1.00Torr_5.00NitrogenFlow_2420.00MHz.csv,746.2042628186209,44.09946020494432,7.462042628186209,44.72632860578136,13221381154.46234,389044586.6179652,1615228598.527531,1661420812.4006257,1.33100913821012,0.0257734746090289,0.1176103182397678,0.0022551128358007,3.0,1.0498139858099034,2.541160732154226,LAS_DataFrame_ca6fb2be_Laser_True_20260929_130126_LAS.csv,Data\NafisaData\LAS_Nafisa_Requested_Data_0.8Torr\OscopeData_Laser_True\Plasma_Off_Measuremnt_5.0.csv,
ca6fb2be,2026-09-29 13:28:52.135134,2026-09-29,1.0,1.008,76.02,3.987,5.0,85,2420,56.1,109.53333333333336,0.2054804667656324,24.46666666666667,0.0471404520791038,85.06666666666666,0.2494438257849329,0.4726231404787369,0.0008796040208635,Data\NafisaData\LAS_Nafisa_Requested_Data_0.8Torr\OscopeData_Laser_True\Scope_TrialNumber_0_85.00W_1.00Torr_5.00NitrogenFlow_2420.00MHz.csv,True,ca6fb2be|Scope_TrialNumber_0_85.00W_1.00Torr_5.00NitrogenFlow_2420.00MHz.csv,698.8190732083204,32.95150932192255,6.988190732083204,33.68436991099466,13696530534.407888,321000202.9116733,1673276608.6479895,1703788642.7951832,1.2880554195845886,0.0106139231558204,0.1218369923772094,0.000954086113149,3.0,1.0714070177223385,1.1902212035138766,LAS_DataFrame_ca6fb2be_Laser_True_20260929_130126_LAS.csv,Data\NafisaData\LAS_Nafisa_Requested_Data_0.8Torr\OscopeData_Laser_True\Plasma_Off_Measuremnt_5.0.csv,
ca6fb2be,2026-09-29 13:29:10.382097,2026-09-29,1.0,1.008,76.0,4.007,5.0,90,2420,56.8,113.93333333333334,0.1247219128924626,23.6,0.2160246899469284,90.33333333333331,0.3299831645537202,0.4551213164530821,0.0023041533129418,Data\NafisaData\LAS_Nafisa_Requested_Data_0.8Torr\OscopeData_Laser_True\Scope_TrialNumber_0_90.00W_1.00Torr_5.00NitrogenFlow_2420.00MHz.csv,True,ca6fb2be|Scope_TrialNumber_0_90.00W_1.00Torr_5.00NitrogenFlow_2420.00MHz.csv,750.4532598190744,42.32457963905775,7.504532598190744,42.98474207367365,15428999909.653597,453988634.8432625,1884928783.884276,1938830111.402828,1.3347932401043512,0.013707187636306,0.1372481110933907,0.0018210400522944,3.0,1.051851016062748,1.5856943565421184,LAS_DataFrame_ca6fb2be_Laser_True_20260929_130126_LAS.csv,Data\NafisaData\LAS_Nafisa_Requested_Data_0.8Torr\OscopeData_Laser_True\Plasma_Off_Measuremnt_5.0.csv,
ca6fb2be,2026-09-29 13:29:28.673689,2026-09-29,1.0,1.008,76.0,4.005,5.0,95,2420,57.1,115.73333333333332,0.0471404520791004,20.7,0.0,95.03333333333336,0.0471404520791004,0.4229178043723117,8.611275251754481e-05,Data\NafisaData\LAS_Nafisa_Requested_Data_0.8Torr\OscopeData_Laser_True\Scope_TrialNumber_0_95.00W_1.00Torr_5.00NitrogenFlow_2420.00MHz.csv,True,ca6fb2be|Scope_TrialNumber_0_95.00W_1.00Torr_5.00NitrogenFlow_2420.00MHz.csv,776.187291796325,34.642310367638245,7.76187291796325,35.50121601864347,16107045435.938765,361666742.2094885,1967764193.6167765,2000724557.279364,1.357486246876074,0.0131907584608436,0.1432796405679444,0.0014371648732358,3.0,1.0674617926793344,1.5050269968364651,LAS_DataFrame_ca6fb2be_Laser_True_20260929_130126_LAS.csv,Data\NafisaData\LAS_Nafisa_Requested_Data_0.8Torr\OscopeData_Laser_True\Plasma_Off_Measuremnt_5.0.csv,
ca6fb2be,2026-09-29 13:29:47.084435,2026-09-29,1.0,1.008,76.0,4.0,5.0,100,2420,57.6,124.26666666666668,0.1699673171197609,24.266666666666666,0.094280904158206,100.0,0.0816496580927737,0.4419027097392309,0.0005689350250907,Data\NafisaData\LAS_Nafisa_Requested_Data_0.8Torr\OscopeData_Laser_True\Scope_TrialNumber_0_100.00W_1.00Torr_5.00NitrogenFlow_2420.00MHz.csv,True,ca6fb2be|Scope_TrialNumber_0_100.00W_1.00Torr_5.00NitrogenFlow_2420.00MHz.csv,762.6203475275345,41.11196211491454,7.626203475275345,41.81330420314173,15850450316.033802,435138943.3538641,1936416502.2469373,1984705209.898281,1.3455702255840978,0.0225695334907535,0.1409971079521588,0.0024763187557607,3.0,1.0904521939903942,2.5387320797397743,LAS_DataFrame_ca6fb2be_Laser_True_20260929_130126_LAS.csv,Data\NafisaData\LAS_Nafisa_Requested_Data_0.8Torr\OscopeData_Laser_True\Plasma_Off_Measuremnt_5.0.csv,
ca6fb2be,2026-09-29 13:30:05.362052,2026-09-29,1.0,1.008,76.01,4.009,5.0,105,2420,58.5,133.66666666666666,0.2054804667656316,28.76666666666667,0.1247219128924636,104.9,0.0816496580927679,0.4639079905909298,0.0006512537638338,Data\NafisaData\LAS_Nafisa_Requested_Data_0.8Torr\OscopeData_Laser_True\Scope_TrialNumber_0_105.00W_1.00Torr_5.00NitrogenFlow_2420.00MHz.csv,True,ca6fb2be|Scope_TrialNumber_0_105.00W_1.00Torr_5.00NitrogenFlow_2420.00MHz.csv,782.7268099745983,29.958835279722887,7.827268099745983,30.96446248884146,16107586938.482306,315555073.5952065,1967830347.854695,1992970467.0189188,1.3631927858845874,0.0095110869731335,0.1432844574842506,0.0011660096137966,3.0,1.0682756421155173,0.9437520317429962,LAS_DataFrame_ca6fb2be_Laser_True_20260929_130126_LAS.csv,Data\NafisaData\LAS_Nafisa_Requested_Data_0.8Torr\OscopeData_Laser_True\Plasma_Off_Measuremnt_5.0.csv,
ca6fb2be,2026-09-29 13:30:23.665279,2026-09-29,1.0,1.008,76.0,4.005,5.0,110,2420,59.4,143.0666666666667,0.2357022603955158,33.23333333333333,0.0942809041582043,109.83333333333331,0.2054804667656324,0.4819671884077289,0.0005952411997396,Data\NafisaData\LAS_Nafisa_Requested_Data_0.8Torr\OscopeData_Laser_True\Scope_TrialNumber_0_110.00W_1.00Torr_5.00NitrogenFlow_2420.00MHz.csv,True,ca6fb2be|Scope_TrialNumber_0_110.00W_1.00Torr_5.00NitrogenFlow_2420.00MHz.csv,757.5258203316348,39.91720872901123,7.5752582033163485,40.62964545208784,16017188795.757849,432469313.02514416,1956786595.0367048,2004006857.5790305,1.3410682929017876,0.0226461503211785,0.1424803240726275,0.0025487939141603,3.0,1.1096649718910478,2.18416899701003,LAS_DataFrame_ca6fb2be_Laser_True_20260929_130126_LAS.csv,Data\NafisaData\LAS_Nafisa_Requested_Data_0.8Torr\OscopeData_Laser_True\Plasma_Off_Measuremnt_5.0.csv,
ca6fb2be,2026-09-29 13:42:14.806220,2026-09-29,1.0,1.006,74.41,5.595,7.0,30,2420,49.1,37.9,0.2160246899469295,7.966666666666666,0.094280904158206,29.933333333333337,0.1247219128924639,0.4584682507387659,0.0014439094048238,Data\NafisaData\LAS_Nafisa_Requested_Data_0.8Torr\OscopeData_Laser_True\Scope_TrialNumber_0_30.00W_1.00Torr_7.00NitrogenFlow_2420.00MHz.csv,True,ca6fb2be|Scope_TrialNumber_0_30.00W_1.00Torr_7.00NitrogenFlow_2420.00MHz.csv,611.4475467764354,47.36534975063021,6.114475467764354,47.75838321431555,4985361188.634159,178924818.51409137,609051193.0482622,634789292.9420062,1.204846659199111,0.0413607554603182,0.0443471002829049,0.0013785972275266,3.0,1.200855561325235,0.1957796562314301,LAS_DataFrame_ca6fb2be_Laser_True_20260929_130126_LAS.csv,Data\NafisaData\LAS_Nafisa_Requested_Data_0.8Torr\OscopeData_Laser_True\Plasma_Off_Measuremnt_7.0.csv,
ca6fb2be,2026-09-29 13:42:32.928290,2026-09-29,1.0,1.006,74.41,5.611,7.0,35,2420,48.9,43.03333333333333,0.0471404520791038,8.0,0.0,35.03333333333333,0.0471404520791038,0.4311642012532237,0.0002360203083471,Data\NafisaData\LAS_Nafisa_Requested_Data_0.8Torr\OscopeData_Laser_True\Scope_TrialNumber_0_35.00W_1.00Torr_7.00NitrogenFlow_2420.00MHz.csv,True,ca6fb2be|Scope_TrialNumber_0_35.00W_1.00Torr_7.00NitrogenFlow_2420.00MHz.csv,656.9211598854802,36.38546625018838,6.569211598854801,36.97372979933356,5889896939.8269205,155440286.25410116,719556441.8303851,736154301.4683547,1.2488457489539029,0.0254200899752821,0.0523933653677839,0.0009715424307873,3.0,1.093057751416944,0.3426370892775078,LAS_DataFrame_ca6fb2be_Laser_True_20260929_130126_LAS.csv,Data\NafisaData\LAS_Nafisa_Requested_Data_0.8Torr\OscopeData_Laser_True\Plasma_Off_Measuremnt_7.0.csv,
ca6fb2be,2026-09-29 13:42:51.141790,2026-09-29,1.0,1.007,74.38,5.596,7.0,40,2420,49.3,48.73333333333333,0.1247219128924633,8.8,0.0,39.93333333333333,0.1247219128924626,0.4249416921706108,0.0005433747901783,Data\NafisaData\LAS_Nafisa_Requested_Data_0.8Torr\OscopeData_Laser_True\Scope_TrialNumber_0_40.00W_1.00Torr_7.00NitrogenFlow_2420.00MHz.csv,True,ca6fb2be|Scope_TrialNumber_0_40.00W_1.00Torr_7.00NitrogenFlow_2420.00MHz.csv,658.0004943353545,44.16031342479965,6.580004943353544,44.647841457690845,6508891593.595636,224125407.3012271,795177729.4570131,826159681.6731931,1.2498712670147878,0.0254228310464114,0.0578996099399619,0.0012597350152665,3.0,1.08886168252759,1.2246729167216626,LAS_DataFrame_ca6fb2be_Laser_True_20260929_130126_LAS.csv,Data\NafisaData\LAS_Nafisa_Requested_Data_0.8Torr\OscopeData_Laser_True\Plasma_Off_Measuremnt_7.0.csv,
ca6fb2be,2026-09-29 13:43:09.369880,2026-09-29,1.0,1.007,74.41,5.593,7.0,45,2420,49.9,54.46666666666667,0.0471404520791038,9.5,0.0,44.96666666666667,0.0471404520791038,0.4176346521672096,0.0001808127089357,Data\NafisaData\LAS_Nafisa_Requested_Data_0.8Torr\OscopeData_Laser_True\Scope_TrialNumber_0_45.00W_1.00Torr_7.00NitrogenFlow_2420.00MHz.csv,True,ca6fb2be|Scope_TrialNumber_0_45.00W_1.00Torr_7.00NitrogenFlow_2420.00MHz.csv,663.829128292369,43.05189940196779,6.6382912829236895,43.56068127651466,7071896540.505288,252822504.96585423,863958871.2104236,900191174.2293403,1.2553948040975351,0.0317611752098711,0.0629078000982389,0.0018519435377114,3.0,1.107928750215017,1.3797217324551294,LAS_DataFrame_ca6fb2be_Laser_True_20260929_130126_LAS.csv,Data\NafisaData\LAS_Nafisa_Requested_Data_0.8Torr\OscopeData_Laser_True\Plasma_Off_Measuremnt_7.0.csv,
ca6fb2be,2026-09-29 13:43:27.622102,2026-09-29,1.0,1.006,74.39,5.595,7.0,50,2420,50.5,60.36666666666667,0.0942809041582076,10.4,0.0,49.96666666666667,0.0942809041582076,0.4150672510469044,0.000323858834687,Data\NafisaData\LAS_Nafisa_Requested_Data_0.8Torr\OscopeData_Laser_True\Scope_TrialNumber_0_50.00W_1.00Torr_7.00NitrogenFlow_2420.00MHz.csv,True,ca6fb2be|Scope_TrialNumber_0_50.00W_1.00Torr_7.00NitrogenFlow_2420.00MHz.csv,668.4836247521231,30.75272044238852,6.684836247521231,31.470888933487,7374883835.480351,161066830.41475502,900974197.9842868,915257903.1580576,1.2597882719288631,0.0218744335939625,0.0656030126307508,0.001036009759272,3.0,1.1030670822129376,0.3412328730705697,LAS_DataFrame_ca6fb2be_Laser_True_20260929_130126_LAS.csv,Data\NafisaData\LAS_Nafisa_Requested_Data_0.8Torr\OscopeData_Laser_True\Plasma_Off_Measuremnt_7.0.csv,
ca6fb2be,2026-09-29 13:43:45.957448,2026-09-29,1.0,1.006,74.39,5.607,7.0,55,2420,51.2,66.39999999999999,0.1414213562373081,11.466666666666669,0.047140452079103,54.93333333333334,0.1699673171197586,0.4155610656776558,0.0011425729421353,Data\NafisaData\LAS_Nafisa_Requested_Data_0.8Torr\OscopeData_Laser_True\Scope_TrialNumber_0_55.00W_1.00Torr_7.00NitrogenFlow_2420.00MHz.csv,True,ca6fb2be|Scope_TrialNumber_0_55.00W_1.00Torr_7.00NitrogenFlow_2420.00MHz.csv,691.5795464561684,40.45099907040169,6.915795464561684,41.037928221357504,7797926651.710248,217403354.56502512,952656457.7416596,977148169.4466876,1.2813661428721097,0.0271893540655877,0.0693661747137873,0.0013382997108986,3.0,1.1663553660373194,0.7311773816805689,LAS_DataFrame_ca6fb2be_Laser_True_20260929_130126_LAS.csv,Data\NafisaData\LAS_Nafisa_Requested_Data_0.8Torr\OscopeData_Laser_True\Plasma_Off_Measuremnt_7.0.csv,
ca6fb2be,2026-09-29 13:44:04.173183,2026-09-29,1.0,1.007,74.41,5.595,7.0,60,2420,51.8,72.3,0.1414213562373148,12.4,0.1414213562373098,59.9,7.105427357601002e-15,0.4141262864000201,0.0019626076407225,Data\NafisaData\LAS_Nafisa_Requested_Data_0.8Torr\OscopeData_Laser_True\Scope_TrialNumber_0_60.00W_1.00Torr_7.00NitrogenFlow_2420.00MHz.csv,True,ca6fb2be|Scope_TrialNumber_0_60.00W_1.00Torr_7.00NitrogenFlow_2420.00MHz.csv,663.3088356405758,37.28475079526213,6.633088356405758,37.87017960095629,8116720945.403712,214605854.31258836,991602892.6265864,1014559988.0591828,1.254902734151288,0.0288857520848608,0.0722019978321349,0.0015128294369254,3.0,1.2292804515749016,0.6143686398048355,LAS_DataFrame_ca6fb2be_Laser_True_20260929_130126_LAS.csv,Data\NafisaData\LAS_Nafisa_Requested_Data_0.8Torr\OscopeData_Laser_True\Plasma_Off_Measuremnt_7.0.csv,
ca6fb2be,2026-09-29 13:44:22.593922,2026-09-29,1.0,1.007,74.41,5.593,7.0,65,2420,52.4,78.53333333333333,0.0471404520791004,13.466666666666669,0.047140452079103,65.06666666666666,0.0942809041582009,0.4140975493400891,0.0008493207837512,Data\NafisaData\LAS_Nafisa_Requested_Data_0.8Torr\OscopeData_Laser_True\Scope_TrialNumber_0_65.00W_1.00Torr_7.00NitrogenFlow_2420.00MHz.csv,True,ca6fb2be|Scope_TrialNumber_0_65.00W_1.00Torr_7.00NitrogenFlow_2420.00MHz.csv,692.8648056801296,49.34287164572045,6.928648056801296,49.82695200532599,8745102262.929508,295470894.71275616,1068370929.4141432,1108476202.9198449,1.2825562613570038,0.0345741853534723,0.0777917411325306,0.0019060333742799,3.0,1.321226057932266,0.6034391349815851,LAS_DataFrame_ca6fb2be_Laser_True_20260929_130126_LAS.csv,Data\NafisaData\LAS_Nafisa_Requested_Data_0.8Torr\OscopeData_Laser_True\Plasma_Off_Measuremnt_7.0.csv,
ca6fb2be,2026-09-29 13:44:40.974250,2026-09-29,1.0,1.006,74.42,5.604,7.0,70,2420,53.1,84.93333333333334,0.0942809041582076,14.933333333333332,0.047140452079103,69.99999999999999,0.0816496580927737,0.4193134231775975,0.0005809421713042,Data\NafisaData\LAS_Nafisa_Requested_Data_0.8Torr\OscopeData_Laser_True\Scope_TrialNumber_0_70.00W_1.00Torr_7.00NitrogenFlow_2420.00MHz.csv,True,ca6fb2be|Scope_TrialNumber_0_70.00W_1.00Torr_7.00NitrogenFlow_2420.00MHz.csv,673.8032753953091,42.29621379351301,6.738032753953092,42.82955506026072,9057505569.328863,267243370.7318035,1106536590.692314,1138350669.0563614,1.2647909028729534,0.0327367248049568,0.0805707134543733,0.0018988031340287,3.0,1.3518181803513882,0.5084660979344992,LAS_DataFrame_ca6fb2be_Laser_True_20260929_130126_LAS.csv,Data\NafisaData\LAS_Nafisa_Requested_Data_0.8Torr\OscopeData_Laser_True\Plasma_Off_Measuremnt_7.0.csv,
ca6fb2be,2026-09-29 13:44:59.385373,2026-09-29,1.0,1.006,74.38,5.599,7.0,75,2420,53.9,92.03333333333336,0.0942809041582009,17.066666666666666,0.0471404520791038,74.96666666666667,0.0471404520791004,0.4306269700307526,0.0003745411262919,Data\NafisaData\LAS_Nafisa_Requested_Data_0.8Torr\OscopeData_Laser_True\Scope_TrialNumber_0_75.00W_1.00Torr_7.00NitrogenFlow_2420.00MHz.csv,True,ca6fb2be|Scope_TrialNumber_0_75.00W_1.00Torr_7.00NitrogenFlow_2420.00MHz.csv,663.7269115480476,44.27634642236934,6.637269115480477,44.77106424717833,9227735477.627735,291240561.6048552,1127333224.0392208,1164345851.8612823,1.2552981472137008,0.0325236838708791,0.0820849874515495,0.0019336114044132,3.0,1.348627373008906,0.7881834747563597,LAS_DataFrame_ca6fb2be_Laser_True_20260929_130126_LAS.csv,Data\NafisaData\LAS_Nafisa_Requested_Data_0.8Torr\OscopeData_Laser_True\Plasma_Off_Measuremnt_7.0.csv,
ca6fb2be,2026-09-29 13:45:17.664372,2026-09-29,1.0,1.007,74.38,5.59,7.0,80,2420,55.0,102.16666666666669,0.0471404520791071,22.133333333333336,0.0471404520791021,80.03333333333333,0.0942809041582076,0.4654453496555167,0.0006029630180171,Data\NafisaData\LAS_Nafisa_Requested_Data_0.8Torr\OscopeData_Laser_True\Scope_TrialNumber_0_80.00W_1.00Torr_7.00NitrogenFlow_2420.00MHz.csv,True,ca6fb2be|Scope_TrialNumber_0_80.00W_1.00Torr_7.00NitrogenFlow_2420.00MHz.csv,682.302932619864,46.63201392839261,6.8230293261986406,47.12853119081868,8736171054.800655,281078741.41852987,1067279822.3187052,1103671816.2597394,1.2727432232610218,0.0355558643367944,0.0777122938933936,0.0019780131919526,3.0,1.3661765057675097,0.0933294122116474,LAS_DataFrame_ca6fb2be_Laser_True_20260929_130126_LAS.csv,Data\NafisaData\LAS_Nafisa_Requested_Data_0.8Torr\OscopeData_Laser_True\Plasma_Off_Measuremnt_7.0.csv,
ca6fb2be,2026-09-29 13:45:35.886721,2026-09-29,1.0,1.007,74.39,5.595,7.0,85,2420,56.1,109.7,0.2160246899469273,24.7,0.0,85.0,0.2160246899469273,0.4745104650876998,0.0004676222480096,Data\NafisaData\LAS_Nafisa_Requested_Data_0.8Torr\OscopeData_Laser_True\Scope_TrialNumber_0_85.00W_1.00Torr_7.00NitrogenFlow_2420.00MHz.csv,True,ca6fb2be|Scope_TrialNumber_0_85.00W_1.00Torr_7.00NitrogenFlow_2420.00MHz.csv,722.9683512775368,50.07595366565893,7.229683512775368,50.59515252689842,9164542181.219303,302683318.7679538,1119613030.6341865,1159806246.6749566,1.3101222347667614,0.0332987651915511,0.0815228537671494,0.0018899196843855,3.0,1.325694637190361,0.3282516544995098,LAS_DataFrame_ca6fb2be_Laser_True_20260929_130126_LAS.csv,Data\NafisaData\LAS_Nafisa_Requested_Data_0.8Torr\OscopeData_Laser_True\Plasma_Off_Measuremnt_7.0.csv,
ca6fb2be,2026-09-29 13:45:54.297487,2026-09-29,1.0,1.006,74.42,5.604,7.0,90,2420,57.2,116.5,0.0816496580927679,26.5,0.0,90.0,0.0816496580927679,0.4769359442920081,0.0001671316319014,Data\NafisaData\LAS_Nafisa_Requested_Data_0.8Torr\OscopeData_Laser_True\Scope_TrialNumber_0_90.00W_1.00Torr_7.00NitrogenFlow_2420.00MHz.csv,True,ca6fb2be|Scope_TrialNumber_0_90.00W_1.00Torr_7.00NitrogenFlow_2420.00MHz.csv,703.0475477236635,43.78264302647357,7.030475477236635,44.34351605161279,9105352360.521091,266502260.5436777,1112381933.5183454,1143860577.5586913,1.291946480594145,0.0329871905498064,0.0809963328562443,0.0018804949156857,3.0,1.3508438612673055,0.282927429772447,LAS_DataFrame_ca6fb2be_Laser_True_20260929_130126_LAS.csv,Data\NafisaData\LAS_Nafisa_Requested_Data_0.8Torr\OscopeData_Laser_True\Plasma_Off_Measuremnt_7.0.csv,
ca6fb2be,2026-09-29 13:46:12.423222,2026-09-29,1.0,1.006,74.39,5.591,7.0,95,2420,58.1,123.43333333333334,0.3091206165165233,28.26666666666667,0.1247219128924636,95.16666666666669,0.188561808316412,0.4785417765738329,0.0004838301959649,Data\NafisaData\LAS_Nafisa_Requested_Data_0.8Torr\OscopeData_Laser_True\Scope_TrialNumber_0_95.00W_1.00Torr_7.00NitrogenFlow_2420.00MHz.csv,True,ca6fb2be|Scope_TrialNumber_0_95.00W_1.00Torr_7.00NitrogenFlow_2420.00MHz.csv,695.757387454199,50.11497118148964,6.957573874541991,50.59563390986664,9280396468.895826,319329693.8112953,1133766707.6616423,1177878771.6703005,1.2852306899485413,0.0329714116170886,0.0825534313962104,0.0019273305400655,3.0,1.357671900883225,0.444789400264618,LAS_DataFrame_ca6fb2be_Laser_True_20260929_130126_LAS.csv,Data\NafisaData\LAS_Nafisa_Requested_Data_0.8Torr\OscopeData_Laser_True\Plasma_Off_Measuremnt_7.0.csv,
ca6fb2be,2026-09-29 13:46:30.737078,2026-09-29,1.0,1.007,74.4,5.598,7.0,100,2420,59.0,129.4333333333333,0.4642796092394667,29.433333333333337,0.2357022603955158,100.0,0.2449489742783155,0.4768614840833157,0.0011111847726812,Data\NafisaData\LAS_Nafisa_Requested_Data_0.8Torr\OscopeData_Laser_True\Scope_TrialNumber_0_100.00W_1.00Torr_7.00NitrogenFlow_2420.00MHz.csv,True,ca6fb2be|Scope_TrialNumber_0_100.00W_1.00Torr_7.00NitrogenFlow_2420.00MHz.csv,702.794272468704,44.352950616180486,7.02794272468704,44.90630476116719,10280015143.874811,306858547.4899579,1255888039.206744,1292832910.777803,1.2917137455885328,0.0316509833158351,0.0914455031933399,0.002036022209207,3.0,1.4011350371407216,0.3937973934668632,LAS_DataFrame_ca6fb2be_Laser_True_20260929_130126_LAS.csv,Data\NafisaData\LAS_Nafisa_Requested_Data_0.8Torr\OscopeData_Laser_True\Plasma_Off_Measuremnt_7.0.csv,
ca6fb2be,2026-09-29 13:46:49.102810,2026-09-29,1.0,1.007,74.4,5.598,7.0,105,2420,59.7,133.9,0.0816496580927679,28.866666666666664,0.0471404520791021,105.03333333333336,0.1247219128924639,0.4643100023220192,0.0005067118202302,Data\NafisaData\LAS_Nafisa_Requested_Data_0.8Torr\OscopeData_Laser_True\Scope_TrialNumber_0_105.00W_1.00Torr_7.00NitrogenFlow_2420.00MHz.csv,True,ca6fb2be|Scope_TrialNumber_0_105.00W_1.00Torr_7.00NitrogenFlow_2420.00MHz.csv,728.1960445541994,47.34340814720127,7.281960445541994,47.90015911166603,11123577155.37232,351770767.3538707,1358944253.2046523,1403735073.324978,1.3148503676321264,0.0318488316837815,0.0989493785803463,0.0022781339559727,3.0,1.406655694501386,0.96808250229984,LAS_DataFrame_ca6fb2be_Laser_True_20260929_130126_LAS.csv,Data\NafisaData\LAS_Nafisa_Requested_Data_0.8Torr\OscopeData_Laser_True\Plasma_Off_Measuremnt_7.0.csv,
ca6fb2be,2026-09-29 13:47:07.378268,2026-09-29,1.0,1.006,74.39,5.591,7.0,110,2420,60.0,134.20000000000002,0.0816496580927795,24.2,0.0,110.0,0.0816496580927795,0.4246503490128617,0.0001291824323038,Data\NafisaData\LAS_Nafisa_Requested_Data_0.8Torr\OscopeData_Laser_True\Scope_TrialNumber_0_110.00W_1.00Torr_7.00NitrogenFlow_2420.00MHz.csv,True,ca6fb2be|Scope_TrialNumber_0_110.00W_1.00Torr_7.00NitrogenFlow_2420.00MHz.csv,766.4581196799724,43.17497552802085,7.664581196799723,43.85002071570247,12651166843.304647,337454817.80222344,1545566703.7593942,1581977303.828222,1.3489516666250017,0.0298508681755745,0.1125379974423682,0.0022728789079423,3.0,1.4472334366321131,0.4617744030544782,LAS_DataFrame_ca6fb2be_Laser_True_20260929_130126_LAS.csv,Data\NafisaData\LAS_Nafisa_Requested_Data_0.8Torr\OscopeData_Laser_True\Plasma_Off_Measuremnt_7.0.csv,
ca6fb2be,2026-09-29 13:50:12.516171,2026-09-29,1.0,1.004,72.8,7.195,9.0,30,2420,43.6,38.6,0.0,8.5,0.0,30.100000000000005,3.552713678800501e-15,0.4692624573583639,0.0,Data\NafisaData\LAS_Nafisa_Requested_Data_0.8Torr\OscopeData_Laser_True\Scope_TrialNumber_0_30.00W_1.00Torr_9.00NitrogenFlow_2420.00MHz.csv,True,ca6fb2be|Scope_TrialNumber_0_30.00W_1.00Torr_9.00NitrogenFlow_2420.00MHz.csv,766.5348734412936,45.88886042259758,7.665348734412936,46.52467175708829,4124701132.752079,118734718.90289316,503906146.5792066,517705841.2199479,1.3490192075118757,0.0214153622181327,0.0366911298599976,0.0004986385033819,3.0,1.023190064949845,1.3116830837077498,LAS_DataFrame_ca6fb2be_Laser_True_20260929_130126_LAS.csv,Data\NafisaData\LAS_Nafisa_Requested_Data_0.8Torr\OscopeData_Laser_True\Plasma_Off_Measuremnt_9.0.csv,
ca6fb2be,2026-09-29 13:50:30.839310,2026-09-29,1.0,1.004,72.8,7.195,9.0,35,2420,44.9,43.76666666666667,0.0471404520791004,8.8,0.0,34.96666666666667,0.0471404520791004,0.4484043214870736,0.0002416230443814,Data\NafisaData\LAS_Nafisa_Requested_Data_0.8Torr\OscopeData_Laser_True\Scope_TrialNumber_0_35.00W_1.00Torr_9.00NitrogenFlow_2420.00MHz.csv,True,ca6fb2be|Scope_TrialNumber_0_35.00W_1.00Torr_9.00NitrogenFlow_2420.00MHz.csv,786.5308435488049,33.72571902115739,7.865308435488049,34.63072624533619,4679899362.009021,97517698.67573117,571733557.8965929,579990485.0772187,1.3665013130824737,0.0168709371160254,0.0416298756435291,0.000469100358367,3.0,1.0470376737598008,0.4593596498063014,LAS_DataFrame_ca6fb2be_Laser_True_20260929_130126_LAS.csv,Data\NafisaData\LAS_Nafisa_Requested_Data_0.8Torr\OscopeData_Laser_True\Plasma_Off_Measuremnt_9.0.csv,
ca6fb2be,2026-09-29 13:50:49.054740,2026-09-29,1.0,1.004,72.8,7.199,9.0,40,2420,45.9,49.20000000000001,0.0816496580927708,9.2,0.0,40.0,0.0816496580927679,0.4324260123590548,0.0003588161019464,Data\NafisaData\LAS_Nafisa_Requested_Data_0.8Torr\OscopeData_Laser_True\Scope_TrialNumber_0_40.00W_1.00Torr_9.00NitrogenFlow_2420.00MHz.csv,True,ca6fb2be|Scope_TrialNumber_0_40.00W_1.00Torr_9.00NitrogenFlow_2420.00MHz.csv,732.2766086256092,34.85056696182723,7.322766086256093,35.61158408039196,4907491074.176983,114860016.86274652,599537963.3506681,610441310.0146298,1.318529209216647,0.0136756862716158,0.0436544094939713,0.0004121150403923,3.0,1.0181770150725955,0.4641710331332985,LAS_DataFrame_ca6fb2be_Laser_True_20260929_130126_LAS.csv,Data\NafisaData\LAS_Nafisa_Requested_Data_0.8Torr\OscopeData_Laser_True\Plasma_Off_Measuremnt_9.0.csv,
ca6fb2be,2026-09-29 13:51:07.314814,2026-09-29,1.0,1.004,72.8,7.211,9.0,45,2420,46.9,54.93333333333334,0.1247219128924664,9.9,0.0,45.03333333333333,0.1247219128924664,0.424522252477595,0.0004816109062962,Data\NafisaData\LAS_Nafisa_Requested_Data_0.8Torr\OscopeData_Laser_True\Scope_TrialNumber_0_45.00W_1.00Torr_9.00NitrogenFlow_2420.00MHz.csv,True,ca6fb2be|Scope_TrialNumber_0_45.00W_1.00Torr_9.00NitrogenFlow_2420.00MHz.csv,713.2180496682518,33.13985526387376,7.132180496682517,33.898643122516866,5226528833.005971,117077026.13363744,638514141.8641198,649158947.7229515,1.3012577739698157,0.0193365733706796,0.0464923983476332,0.0006286726148895,3.0,1.0395120981747232,0.8773290769263199,LAS_DataFrame_ca6fb2be_Laser_True_20260929_130126_LAS.csv,Data\NafisaData\LAS_Nafisa_Requested_Data_0.8Torr\OscopeData_Laser_True\Plasma_Off_Measuremnt_9.0.csv,
ca6fb2be,2026-09-29 13:51:25.634633,2026-09-29,1.0,1.004,72.81,7.202,9.0,50,2420,47.8,60.63333333333333,0.0942809041582076,10.6,0.0,50.03333333333333,0.0942809041582076,0.4181167871637139,0.0003253407613273,Data\NafisaData\LAS_Nafisa_Requested_Data_0.8Torr\OscopeData_Laser_True\Scope_TrialNumber_0_50.00W_1.00Torr_9.00NitrogenFlow_2420.00MHz.csv,True,ca6fb2be|Scope_TrialNumber_0_50.00W_1.00Torr_9.00NitrogenFlow_2420.00MHz.csv,742.0084875452495,36.6882863914829,7.420084875452495,37.4311102948121,5740085876.842875,144097250.73761287,701254336.2878057,715906182.284096,1.3272618481013865,0.0205263296322774,0.0510607264711703,0.000820434401746,3.0,1.0529818856245847,1.163924905689555,LAS_DataFrame_ca6fb2be_Laser_True_20260929_130126_LAS.csv,Data\NafisaData\LAS_Nafisa_Requested_Data_0.8Torr\OscopeData_Laser_True\Plasma_Off_Measuremnt_9.0.csv,
ca6fb2be,2026-09-29 13:51:43.894690,2026-09-29,1.0,1.004,72.8,7.194,9.0,55,2420,48.6,66.39999999999999,0.0816496580927737,11.5,0.0,54.9,0.0816496580927737,0.4161645918320332,0.0002558714816253,Data\NafisaData\LAS_Nafisa_Requested_Data_0.8Torr\OscopeData_Laser_True\Scope_TrialNumber_0_55.00W_1.00Torr_9.00NitrogenFlow_2420.00MHz.csv,True,ca6fb2be|Scope_TrialNumber_0_55.00W_1.00Torr_9.00NitrogenFlow_2420.00MHz.csv,723.8756955258596,39.85466881530535,7.238756955258595,40.50671831480523,5931812566.110575,161952722.84249318,724677186.5927958,742553505.9537106,1.310944095871507,0.0241794966216576,0.0527662243065625,0.0009553267467083,3.0,1.0578268978066168,1.1876539408364768,LAS_DataFrame_ca6fb2be_Laser_True_20260929_130126_LAS.csv,Data\NafisaData\LAS_Nafisa_Requested_Data_0.8Torr\OscopeData_Laser_True\Plasma_Off_Measuremnt_9.0.csv,
ca6fb2be,2026-09-29 13:52:02.254357,2026-09-29,1.0,1.004,72.81,7.209,9.0,60,2420,49.4,72.43333333333334,0.0471404520791004,12.4,0.0,60.03333333333334,0.0471404520791004,0.4137534954044571,0.0001345913454501,Data\NafisaData\LAS_Nafisa_Requested_Data_0.8Torr\OscopeData_Laser_True\Scope_TrialNumber_0_60.00W_1.00Torr_9.00NitrogenFlow_2420.00MHz.csv,True,ca6fb2be|Scope_TrialNumber_0_60.00W_1.00Torr_9.00NitrogenFlow_2420.00MHz.csv,741.8696702531711,33.08309345969619,7.418696702531711,33.90469191169782,6239546994.892022,130898219.92120916,762272460.8165909,773429795.4552321,1.3271376881241732,0.0177910380230585,0.055503664796288,0.0006147103197008,3.0,1.0532779631621396,1.1035165901370874,LAS_DataFrame_ca6fb2be_Laser_True_20260929_130126_LAS.csv,Data\NafisaData\LAS_Nafisa_Requested_Data_0.8Torr\OscopeData_Laser_True\Plasma_Off_Measuremnt_9.0.csv,
ca6fb2be,2026-09-29 13:52:20.381072,2026-09-29,1.0,1.004,72.8,7.198,9.0,65,2420,50.1,78.26666666666667,0.124721912892469,13.4,0.0,64.86666666666666,0.124721912892469,0.4137751397536371,0.0003298368574673,Data\NafisaData\LAS_Nafisa_Requested_Data_0.8Torr\OscopeData_Laser_True\Scope_TrialNumber_0_65.00W_1.00Torr_9.00NitrogenFlow_2420.00MHz.csv,True,ca6fb2be|Scope_TrialNumber_0_65.00W_1.00Torr_9.00NitrogenFlow_2420.00MHz.csv,790.1797366491373,32.964848702677,7.901797366491373,33.89866740170585,6790544559.446561,146635239.21767247,829586685.6763085,842446415.1694316,1.369667398420534,0.0170422493905369,0.0604050437187711,0.0008238585307765,3.0,1.0476970560907202,1.3211470703661092,LAS_DataFrame_ca6fb2be_Laser_True_20260929_130126_LAS.csv,Data\NafisaData\LAS_Nafisa_Requested_Data_0.8Torr\OscopeData_Laser_True\Plasma_Off_Measuremnt_9.0.csv,
ca6fb2be,2026-09-29 13:52:38.660534,2026-09-29,1.0,1.004,72.79,7.21,9.0,70,2420,50.7,84.13333333333334,0.2054804667656331,14.266666666666666,0.0471404520791038,69.86666666666667,0.1699673171197628,0.4117910303075003,0.0004080823621812,Data\NafisaData\LAS_Nafisa_Requested_Data_0.8Torr\OscopeData_Laser_True\Scope_TrialNumber_0_70.00W_1.00Torr_9.00NitrogenFlow_2420.00MHz.csv,True,ca6fb2be|Scope_TrialNumber_0_70.00W_1.00Torr_9.00NitrogenFlow_2420.00MHz.csv,807.3020371894754,36.26722551506282,8.073020371894755,37.15488264663813,7236529379.702793,160304733.00397483,884071722.2826313,898487850.5373646,1.3844274397378944,0.0132898802265917,0.0643722855695015,0.0005697157221992,3.0,1.0383202548647188,0.9339443590536088,LAS_DataFrame_ca6fb2be_Laser_True_20260929_130126_LAS.csv,Data\NafisaData\LAS_Nafisa_Requested_Data_0.8Torr\OscopeData_Laser_True\Plasma_Off_Measuremnt_9.0.csv,
ca6fb2be,2026-09-29 13:52:57.019939,2026-09-29,1.0,1.004,72.8,7.205,9.0,75,2420,51.4,90.6,0.0816496580927737,15.5,0.0,75.10000000000001,0.0816496580927737,0.4136203354722221,0.0001863795709574,Data\NafisaData\LAS_Nafisa_Requested_Data_0.8Torr\OscopeData_Laser_True\Scope_TrialNumber_0_75.00W_1.00Torr_9.00NitrogenFlow_2420.00MHz.csv,True,ca6fb2be|Scope_TrialNumber_0_75.00W_1.00Torr_9.00NitrogenFlow_2420.00MHz.csv,811.1115094964333,35.77334019037852,8.111115094964333,36.68135843259229,7606908863.094297,175377931.6479409,929320212.3528156,945723784.1973692,1.387689992513376,0.0181674323543099,0.0676669828785231,0.0009959713727114,3.0,1.029331526400603,1.3428210467468793,LAS_DataFrame_ca6fb2be_Laser_True_20260929_130126_LAS.csv,Data\NafisaData\LAS_Nafisa_Requested_Data_0.8Torr\OscopeData_Laser_True\Plasma_Off_Measuremnt_9.0.csv,
ca6fb2be,2026-09-29 13:53:15.334650,2026-09-29,1.0,1.004,72.8,7.196,9.0,80,2420,52.2,96.9,0.0816496580927737,16.866666666666667,0.094280904158206,80.03333333333335,0.0471404520791071,0.4172061704044955,0.0010162183768518,Data\NafisaData\LAS_Nafisa_Requested_Data_0.8Torr\OscopeData_Laser_True\Scope_TrialNumber_0_80.00W_1.00Torr_9.00NitrogenFlow_2420.00MHz.csv,True,ca6fb2be|Scope_TrialNumber_0_80.00W_1.00Torr_9.00NitrogenFlow_2420.00MHz.csv,823.5766881379814,39.63947867405215,8.235766881379813,40.48599913149073,7916380951.489465,187754618.6631904,967127772.8324713,985184209.0762804,1.3983123613338446,0.013965440930176,0.0704198806565435,0.0006419750525453,3.0,1.0564435323418842,0.9008574619254704,LAS_DataFrame_ca6fb2be_Laser_True_20260929_130126_LAS.csv,Data\NafisaData\LAS_Nafisa_Requested_Data_0.8Torr\OscopeData_Laser_True\Plasma_Off_Measuremnt_9.0.csv,
ca6fb2be,2026-09-29 13:53:33.676546,2026-09-29,1.0,1.004,72.8,7.197,9.0,85,2420,53.0,104.03333333333336,0.0942809041582009,19.133333333333333,0.0471404520791021,84.89999999999999,0.0816496580927679,0.4288532890710564,0.0004624605379315,Data\NafisaData\LAS_Nafisa_Requested_Data_0.8Torr\OscopeData_Laser_True\Scope_TrialNumber_0_85.00W_1.00Torr_9.00NitrogenFlow_2420.00MHz.csv,True,ca6fb2be|Scope_TrialNumber_0_85.00W_1.00Torr_9.00NitrogenFlow_2420.00MHz.csv,797.6717835622509,35.39275370899613,7.976717835622509,36.28050499283049,8018578432.101548,175571106.48253223,979613026.1848704,995222032.7658448,1.376145293784378,0.0120714746238951,0.0713289746519188,0.0005714601605374,3.0,1.0346732032305432,0.5321504705249891,LAS_DataFrame_ca6fb2be_Laser_True_20260929_130126_LAS.csv,Data\NafisaData\LAS_Nafisa_Requested_Data_0.8Torr\OscopeData_Laser_True\Plasma_Off_Measuremnt_9.0.csv,
ca6fb2be,2026-09-29 13:53:51.998055,2026-09-29,1.0,1.004,72.8,7.202,9.0,90,2420,54.1,113.83333333333331,0.0471404520791071,23.8,0.0,90.03333333333335,0.0471404520791071,0.4572500691238705,9.465699777929702e-05,Data\NafisaData\LAS_Nafisa_Requested_Data_0.8Torr\OscopeData_Laser_True\Scope_TrialNumber_0_90.00W_1.00Torr_9.00NitrogenFlow_2420.00MHz.csv,True,ca6fb2be|Scope_TrialNumber_0_90.00W_1.00Torr_9.00NitrogenFlow_2420.00MHz.csv,848.4070464837523,41.9115849570896,8.484070464837524,42.76166981383758,7967288153.680672,213066876.4048026,973346999.6961116,996394437.7796986,1.4192349835516849,0.0141874202547679,0.0708727238338528,0.0010147554037176,3.0,1.038173911951179,1.3110389119467103,LAS_DataFrame_ca6fb2be_Laser_True_20260929_130126_LAS.csv,Data\NafisaData\LAS_Nafisa_Requested_Data_0.8Torr\OscopeData_Laser_True\Plasma_Off_Measuremnt_9.0.csv,
ca6fb2be,2026-09-29 13:54:10.289677,2026-09-29,1.0,1.004,72.8,7.202,9.0,95,2420,55.3,121.9,0.0816496580927737,27.0,0.0816496580927737,94.90000000000002,1.4210854715202004e-14,0.470629759886066,0.0005539933809797,Data\NafisaData\LAS_Nafisa_Requested_Data_0.8Torr\OscopeData_Laser_True\Scope_TrialNumber_0_95.00W_1.00Torr_9.00NitrogenFlow_2420.00MHz.csv,True,ca6fb2be|Scope_TrialNumber_0_95.00W_1.00Torr_9.00NitrogenFlow_2420.00MHz.csv,804.6525246917282,55.68986059579201,8.046525246917282,56.26817165794554,7838709848.549758,255070563.83194807,957638855.9574708,991026322.038462,1.382153772532226,0.039599515402658,0.0697289601673714,0.0018212464115797,3.0,1.0403224930718735,3.2390123665090904,LAS_DataFrame_ca6fb2be_Laser_True_20260929_130126_LAS.csv,Data\NafisaData\LAS_Nafisa_Requested_Data_0.8Torr\OscopeData_Laser_True\Plasma_Off_Measuremnt_9.0.csv,
ca6fb2be,2026-09-29 13:54:28.659580,2026-09-29,1.0,1.004,72.8,7.184,9.0,100,2420,56.4,128.93333333333334,0.2867441755680944,28.8,0.0816496580927723,100.13333333333333,0.2624669291337362,0.4726217610929848,0.0006506623851072,Data\NafisaData\LAS_Nafisa_Requested_Data_0.8Torr\OscopeData_Laser_True\Scope_TrialNumber_0_100.00W_1.00Torr_9.00NitrogenFlow_2420.00MHz.csv,True,ca6fb2be|Scope_TrialNumber_0_100.00W_1.00Torr_9.00NitrogenFlow_2420.00MHz.csv,822.5947958102505,50.117884670461954,8.225947958102505,50.78846900282717,8042183539.478852,247387560.15252763,982496812.9891156,1013163655.315364,1.3974785581958484,0.0306754114662008,0.0715389530315068,0.0015997690525717,3.0,1.0525304422474016,2.366064972051007,LAS_DataFrame_ca6fb2be_Laser_True_20260929_130126_LAS.csv,Data\NafisaData\LAS_Nafisa_Requested_Data_0.8Torr\OscopeData_Laser_True\Plasma_Off_Measuremnt_9.0.csv,
ca6fb2be,2026-09-29 13:54:47.026851,2026-09-29,1.0,1.004,72.79,7.204,9.0,105,2420,57.4,135.4333333333333,0.1247219128924576,30.53333333333333,0.1247219128924649,104.9,0.2160246899469229,0.4748142699510633,0.0010954266029511,Data\NafisaData\LAS_Nafisa_Requested_Data_0.8Torr\OscopeData_Laser_True\Scope_TrialNumber_0_105.00W_1.00Torr_9.00NitrogenFlow_2420.00MHz.csv,True,ca6fb2be|Scope_TrialNumber_0_105.00W_1.00Torr_9.00NitrogenFlow_2420.00MHz.csv,865.5767893265494,32.20392309917662,8.655767893265494,33.34688862247522,8319366790.502048,152263576.3248396,1016359713.4573013,1027701933.3514158,1.433524023619924,0.0117983605879271,0.0740046266236011,0.0005570365486742,3.0,1.0603285637433433,0.5897320688725434,LAS_DataFrame_ca6fb2be_Laser_True_20260929_130126_LAS.csv,Data\NafisaData\LAS_Nafisa_Requested_Data_0.8Torr\OscopeData_Laser_True\Plasma_Off_Measuremnt_9.0.csv,
ca6fb2be,2026-09-29 13:55:05.287541,2026-09-29,1.0,1.004,72.79,7.193,9.0,110,2420,58.5,142.16666666666666,0.0942809041582143,32.03333333333333,0.1247219128924664,110.13333333333333,0.0471404520790971,0.4746802480886575,0.0007766562575768,Data\NafisaData\LAS_Nafisa_Requested_Data_0.8Torr\OscopeData_Laser_True\Scope_TrialNumber_0_110.00W_1.00Torr_9.00NitrogenFlow_2420.00MHz.csv,True,ca6fb2be|Scope_TrialNumber_0_110.00W_1.00Torr_9.00NitrogenFlow_2420.00MHz.csv,848.0063505371975,31.764108705487818,8.480063505371975,32.876588614228034,8542224552.106433,158881123.50619262,1043585782.0307604,1055610958.5748644,1.4188997972343946,0.0139860381885315,0.0759870497878896,0.0007301759531376,3.0,1.0346008150626176,1.029543916990702,LAS_DataFrame_ca6fb2be_Laser_True_20260929_130126_LAS.csv,Data\NafisaData\LAS_Nafisa_Requested_Data_0.8Torr\OscopeData_Laser_True\Plasma_Off_Measuremnt_9.0.csv,
ca6fb2be,2026-09-29 13:57:55.866837,2026-09-29,1.0,1.0019999999999998,71.2,8.803,11.0,30,2420,43.4,38.7,0.0816496580927708,8.7,0.0,30.0,0.0816496580927708,0.4741381149669979,0.0005001723015717,Data\NafisaData\LAS_Nafisa_Requested_Data_0.8Torr\OscopeData_Laser_True\Scope_TrialNumber_0_30.00W_1.00Torr_11.00NitrogenFlow_2420.00MHz.csv,True,ca6fb2be|Scope_TrialNumber_0_30.00W_1.00Torr_11.00NitrogenFlow_2420.00MHz.csv,832.1109117799557,63.20023500302713,8.321109117799557,63.74567092272371,3310384158.53899,120130303.8109461,404422737.8756115,421887474.1024149,1.40553861895235,0.0388576516146307,0.0294474026452412,0.0007444009739235,3.0,1.0765126441786463,0.6815106345458064,LAS_DataFrame_ca6fb2be_Laser_True_20260929_130126_LAS.csv,Data\NafisaData\LAS_Nafisa_Requested_Data_0.8Torr\OscopeData_Laser_True\Plasma_Off_Measuremnt_11.0.csv,
ca6fb2be,2026-09-29 13:58:14.133240,2026-09-29,1.0,1.0019999999999998,71.19,8.806,11.0,35,2420,44.8,44.70000000000001,0.0816496580927708,9.7,0.0,35.0,0.0816496580927679,0.4658355720240433,0.000425451950939,Data\NafisaData\LAS_Nafisa_Requested_Data_0.8Torr\OscopeData_Laser_True\Scope_TrialNumber_0_35.00W_1.00Torr_11.00NitrogenFlow_2420.00MHz.csv,True,ca6fb2be|Scope_TrialNumber_0_35.00W_1.00Torr_11.00NitrogenFlow_2420.00MHz.csv,793.2658630941024,54.08037429101355,7.932658630941025,54.65907021173304,3500438208.605252,111647381.74995898,427641245.3330869,441975307.6379432,1.372339478842384,0.0397067730433419,0.0311380215790661,0.0008194258014498,3.0,1.0812724533815283,0.1947384657378932,LAS_DataFrame_ca6fb2be_Laser_True_20260929_130126_LAS.csv,Data\NafisaData\LAS_Nafisa_Requested_Data_0.8Torr\OscopeData_Laser_True\Plasma_Off_Measuremnt_11.0.csv,
ca6fb2be,2026-09-29 13:58:32.423765,2026-09-29,1.0,1.0019999999999998,71.2,8.8,11.0,40,2420,45.9,49.8,0.0816496580927708,9.8,0.0,40.0,0.0816496580927679,0.4436074225456878,0.0003636592654442,Data\NafisaData\LAS_Nafisa_Requested_Data_0.8Torr\OscopeData_Laser_True\Scope_TrialNumber_0_40.00W_1.00Torr_11.00NitrogenFlow_2420.00MHz.csv,True,ca6fb2be|Scope_TrialNumber_0_40.00W_1.00Torr_11.00NitrogenFlow_2420.00MHz.csv,840.0872071869733,51.21060976566103,8.400872071869733,51.89509807427612,3963871984.06286,113911789.1402804,484257984.4541788,497475317.1894695,1.4122590290603363,0.0348843278240963,0.0352604799801863,0.0007939462377738,3.0,1.05819863931932,0.5365504703447811,LAS_DataFrame_ca6fb2be_Laser_True_20260929_130126_LAS.csv,Data\NafisaData\LAS_Nafisa_Requested_Data_0.8Torr\OscopeData_Laser_True\Plasma_Off_Measuremnt_11.0.csv,
ca6fb2be,2026-09-29 13:58:50.745483,2026-09-29,1.0,1.0019999999999998,71.18,8.799,11.0,45,2420,46.9,55.53333333333333,0.0471404520791038,10.4,0.0,45.13333333333333,0.0471404520791038,0.4327528291332787,0.0001835923335991,Data\NafisaData\LAS_Nafisa_Requested_Data_0.8Torr\OscopeData_Laser_True\Scope_TrialNumber_0_45.00W_1.00Torr_11.00NitrogenFlow_2420.00MHz.csv,True,ca6fb2be|Scope_TrialNumber_0_45.00W_1.00Torr_11.00NitrogenFlow_2420.00MHz.csv,817.0853550401955,54.256490531209664,8.170853550401954,54.86829332597616,4205667430.4875975,164602091.92751765,513797630.5392742,539520021.6995542,1.3927907942097058,0.0377496625511675,0.0374113626353878,0.0012764235742774,3.0,1.068184177630757,1.1566961039406318,LAS_DataFrame_ca6fb2be_Laser_True_20260929_130126_LAS.csv,Data\NafisaData\LAS_Nafisa_Requested_Data_0.8Torr\OscopeData_Laser_True\Plasma_Off_Measuremnt_11.0.csv,
ca6fb2be,2026-09-29 13:59:08.885214,2026-09-29,1.0,1.0019999999999998,71.2,8.803,11.0,50,2420,47.9,60.833333333333336,0.1247219128924639,11.033333333333331,0.047140452079103,49.79999999999999,0.0816496580927708,0.4258742285983143,0.0005165180273123,Data\NafisaData\LAS_Nafisa_Requested_Data_0.8Torr\OscopeData_Laser_True\Scope_TrialNumber_0_50.00W_1.00Torr_11.00NitrogenFlow_2420.00MHz.csv,True,ca6fb2be|Scope_TrialNumber_0_50.00W_1.00Torr_11.00NitrogenFlow_2420.00MHz.csv,779.312627515048,38.77668407402296,7.79312627515048,39.55204223446656,4371012498.273623,129841914.4853146,533997493.0947322,549556407.8315077,1.3602164758716009,0.0194147910479694,0.0388821837103197,0.0008404080456684,3.0,1.0179989567131007,1.1193187168029466,LAS_DataFrame_ca6fb2be_Laser_True_20260929_130126_LAS.csv,Data\NafisaData\LAS_Nafisa_Requested_Data_0.8Torr\OscopeData_Laser_True\Plasma_Off_Measuremnt_11.0.csv,
ca6fb2be,2026-09-29 13:59:27.194341,2026-09-29,1.0,1.0019999999999998,71.22,8.8,11.0,55,2420,48.8,66.63333333333334,0.0471404520791071,11.699999999999998,1.7763568394002505e-15,54.93333333333333,0.0471404520791071,0.4190320510185724,0.0001481687443393,Data\NafisaData\LAS_Nafisa_Requested_Data_0.8Torr\OscopeData_Laser_True\Scope_TrialNumber_0_55.00W_1.00Torr_11.00NitrogenFlow_2420.00MHz.csv,True,ca6fb2be|Scope_TrialNumber_0_55.00W_1.00Torr_11.00NitrogenFlow_2420.00MHz.csv,800.9424835163379,41.35738674887066,8.00942483516338,42.12581542101938,4711008403.992495,116736662.2620334,575534084.7626942,587253719.4771202,1.3789637173816018,0.0264299984109553,0.0419066050022146,0.0007435520243021,3.0,1.059300846980873,1.003653536910086,LAS_DataFrame_ca6fb2be_Laser_True_20260929_130126_LAS.csv,Data\NafisaData\LAS_Nafisa_Requested_Data_0.8Torr\OscopeData_Laser_True\Plasma_Off_Measuremnt_11.0.csv,
ca6fb2be,2026-09-29 13:59:45.549252,2026-09-29,1.0,1.0019999999999998,71.21,8.795,11.0,60,2420,49.7,72.60000000000001,0.1414213562373081,12.6,0.0,60.0,0.1414213562373081,0.4165983825681678,0.0004053386380229,Data\NafisaData\LAS_Nafisa_Requested_Data_0.8Torr\OscopeData_Laser_True\Scope_TrialNumber_0_60.00W_1.00Torr_11.00NitrogenFlow_2420.00MHz.csv,True,ca6fb2be|Scope_TrialNumber_0_60.00W_1.00Torr_11.00NitrogenFlow_2420.00MHz.csv,843.2236108645094,48.81524027187387,8.432236108645094,49.538170016591394,5140107147.13184,143520147.88016826,627956184.4974836,644148276.7936145,1.4148928555553106,0.0264688791120351,0.0457236373642133,0.0007809691737475,3.0,1.0781775016218489,0.6664078240091325,LAS_DataFrame_ca6fb2be_Laser_True_20260929_130126_LAS.csv,Data\NafisaData\LAS_Nafisa_Requested_Data_0.8Torr\OscopeData_Laser_True\Plasma_Off_Measuremnt_11.0.csv,
ca6fb2be,2026-09-29 14:00:03.765824,2026-09-29,1.0,1.0019999999999998,71.19,8.801,11.0,65,2420,50.6,78.56666666666666,0.1699673171197563,13.566666666666668,0.047140452079103,65.00000000000001,0.2160246899469229,0.4155452386548181,0.0011627907033773,Data\NafisaData\LAS_Nafisa_Requested_Data_0.8Torr\OscopeData_Laser_True\Scope_TrialNumber_0_65.00W_1.00Torr_11.00NitrogenFlow_2420.00MHz.csv,True,ca6fb2be|Scope_TrialNumber_0_65.00W_1.00Torr_11.00NitrogenFlow_2420.00MHz.csv,836.4054543412964,50.94014100697718,8.364054543412964,51.62223720661383,5276518586.12342,155761240.56712294,644621285.8852557,663172802.7289492,1.409160958954556,0.02593211798085,0.0469370803898635,0.0007892578740985,3.0,1.055909245413276,0.3870410104767879,LAS_DataFrame_ca6fb2be_Laser_True_20260929_130126_LAS.csv,Data\NafisaData\LAS_Nafisa_Requested_Data_0.8Torr\OscopeData_Laser_True\Plasma_Off_Measuremnt_11.0.csv,
ca6fb2be,2026-09-29 14:00:22.134945,2026-09-29,1.0,1.0019999999999998,71.21,8.801,11.0,70,2420,51.3,84.53333333333333,0.1247219128924639,14.433333333333332,0.047140452079103,70.1,0.1632993161855417,0.4132087360929503,0.0009267641866217,Data\NafisaData\LAS_Nafisa_Requested_Data_0.8Torr\OscopeData_Laser_True\Scope_TrialNumber_0_70.00W_1.00Torr_11.00NitrogenFlow_2420.00MHz.csv,True,ca6fb2be|Scope_TrialNumber_0_70.00W_1.00Torr_11.00NitrogenFlow_2420.00MHz.csv,814.8343121922412,50.21739836561084,8.148343121922412,50.87418396635994,5435951675.533073,160527750.04672784,664098894.3557712,683225072.7393005,1.3908709249567883,0.0297910265873941,0.0483553116748068,0.0009442361964323,3.0,1.0948071613249946,0.8336094949268713,LAS_DataFrame_ca6fb2be_Laser_True_20260929_130126_LAS.csv,Data\NafisaData\LAS_Nafisa_Requested_Data_0.8Torr\OscopeData_Laser_True\Plasma_Off_Measuremnt_11.0.csv,
ca6fb2be,2026-09-29 14:00:40.389456,2026-09-29,1.0,1.0019999999999998,71.21,8.795,11.0,75,2420,52.1,90.3,0.2160246899469273,15.266666666666666,0.0471404520791038,75.03333333333335,0.188561808316412,0.4111763472445432,0.0004862419098567,Data\NafisaData\LAS_Nafisa_Requested_Data_0.8Torr\OscopeData_Laser_True\Scope_TrialNumber_0_75.00W_1.00Torr_11.00NitrogenFlow_2420.00MHz.csv,True,ca6fb2be|Scope_TrialNumber_0_75.00W_1.00Torr_11.00NitrogenFlow_2420.00MHz.csv,868.4941413890402,58.35269210628685,8.684941413890403,58.99546493938175,5898159686.980536,192131309.04018903,720565884.4407297,745740996.4145378,1.4359377761588146,0.0291794805514014,0.0524668663364739,0.000975213864756,3.0,1.118575415683763,0.2584898435327199,LAS_DataFrame_ca6fb2be_Laser_True_20260929_130126_LAS.csv,Data\NafisaData\LAS_Nafisa_Requested_Data_0.8Torr\OscopeData_Laser_True\Plasma_Off_Measuremnt_11.0.csv,
ca6fb2be,2026-09-29 14:00:58.749501,2026-09-29,1.0,1.0019999999999998,71.19,8.799,11.0,80,2420,52.8,95.9,0.0816496580927737,16.133333333333333,0.0471404520791021,79.76666666666667,0.094280904158211,0.4101591503672606,0.0006237265904617,Data\NafisaData\LAS_Nafisa_Requested_Data_0.8Torr\OscopeData_Laser_True\Scope_TrialNumber_0_80.00W_1.00Torr_11.00NitrogenFlow_2420.00MHz.csv,True,ca6fb2be|Scope_TrialNumber_0_80.00W_1.00Torr_11.00NitrogenFlow_2420.00MHz.csv,877.1085208278793,46.30760702929701,8.771085208278793,47.13094953966751,6232484872.541552,168698836.34593263,761409696.0378196,779874363.3463513,1.4430415609832157,0.0280767146512363,0.055440843942144,0.0011285594849432,3.0,1.1127020900379891,0.8785158537819375,LAS_DataFrame_ca6fb2be_Laser_True_20260929_130126_LAS.csv,Data\NafisaData\LAS_Nafisa_Requested_Data_0.8Torr\OscopeData_Laser_True\Plasma_Off_Measuremnt_11.0.csv,
ca6fb2be,2026-09-29 14:01:16.908867,2026-09-29,1.0,1.0019999999999998,71.21,8.799,11.0,85,2420,53.5,102.6,0.0816496580927737,17.5,0.0,85.10000000000001,0.0816496580927737,0.412995621235159,0.0001643321943635,Data\NafisaData\LAS_Nafisa_Requested_Data_0.8Torr\OscopeData_Laser_True\Scope_TrialNumber_0_85.00W_1.00Torr_11.00NitrogenFlow_2420.00MHz.csv,True,ca6fb2be|Scope_TrialNumber_0_85.00W_1.00Torr_11.00NitrogenFlow_2420.00MHz.csv,804.0496423913935,54.149297625414825,8.040496423913934,54.74299969921933,6200150381.543752,203383050.9449277,757459458.6179681,784289166.6097986,1.381635889246701,0.0262571709791881,0.0551532136460392,0.0009605813505975,3.0,1.1195983416733375,0.455717789386825,LAS_DataFrame_ca6fb2be_Laser_True_20260929_130126_LAS.csv,Data\NafisaData\LAS_Nafisa_Requested_Data_0.8Torr\OscopeData_Laser_True\Plasma_Off_Measuremnt_11.0.csv,
ca6fb2be,2026-09-29 14:01:35.260354,2026-09-29,1.0,1.0019999999999998,71.2,8.79,11.0,90,2420,54.2,109.40000000000002,1.4210854715202004e-14,19.2,0.0,90.2,0.0,0.4189304742201829,0.0,Data\NafisaData\LAS_Nafisa_Requested_Data_0.8Torr\OscopeData_Laser_True\Scope_TrialNumber_0_90.00W_1.00Torr_11.00NitrogenFlow_2420.00MHz.csv,True,ca6fb2be|Scope_TrialNumber_0_90.00W_1.00Torr_11.00NitrogenFlow_2420.00MHz.csv,854.1765871717031,54.00164600356092,8.54176587171703,54.67302383535355,6558393294.010646,201816848.89888704,801225249.0959942,826251741.4737558,1.424052517826348,0.0263203838731637,0.0583399505270157,0.0009923478903127,3.0,1.106820462558363,0.5971701226846665,LAS_DataFrame_ca6fb2be_Laser_True_20260929_130126_LAS.csv,Data\NafisaData\LAS_Nafisa_Requested_Data_0.8Torr\OscopeData_Laser_True\Plasma_Off_Measuremnt_11.0.csv,
ca6fb2be,2026-09-29 14:01:53.638812,2026-09-29,1.0,1.0019999999999998,71.21,8.808,11.0,95,2420,55.1,116.46666666666664,0.0471404520791004,21.46666666666667,0.0471404520791038,95.0,0.0816496580927679,0.4293201736309934,0.0005204703222685,Data\NafisaData\LAS_Nafisa_Requested_Data_0.8Torr\OscopeData_Laser_True\Scope_TrialNumber_0_95.00W_1.00Torr_11.00NitrogenFlow_2420.00MHz.csv,True,ca6fb2be|Scope_TrialNumber_0_95.00W_1.00Torr_11.00NitrogenFlow_2420.00MHz.csv,880.1207150681734,49.052840705427336,8.801207150681734,49.83615583671397,6779229233.887847,181760368.04424748,828204315.9200357,847914630.3137802,1.4455173070609035,0.0284880989266397,0.0603043886491986,0.0010966023317519,3.0,1.1299376720544254,0.5959350304044893,LAS_DataFrame_ca6fb2be_Laser_True_20260929_130126_LAS.csv,Data\NafisaData\LAS_Nafisa_Requested_Data_0.8Torr\OscopeData_Laser_True\Plasma_Off_Measuremnt_11.0.csv,
ca6fb2be,2026-09-29 14:02:11.952086,2026-09-29,1.0,1.0019999999999998,71.2,8.805,11.0,100,2420,56.1,126.1,0.0816496580927737,26.2,0.0,99.9,0.0816496580927737,0.4558197836486619,0.0001475715323479,Data\NafisaData\LAS_Nafisa_Requested_Data_0.8Torr\OscopeData_Laser_True\Scope_TrialNumber_0_100.00W_1.00Torr_11.00NitrogenFlow_2420.00MHz.csv,True,ca6fb2be|Scope_TrialNumber_0_100.00W_1.00Torr_11.00NitrogenFlow_2420.00MHz.csv,915.9069389453464,58.90078231875784,9.159069389453464,59.60864626748808,6737301019.544392,209016003.71422297,823082033.300577,849206525.7349806,1.474612289352076,0.0322400024342347,0.059931417733789,0.0012084394196519,3.0,1.147561474887863,0.1460149969211273,LAS_DataFrame_ca6fb2be_Laser_True_20260929_130126_LAS.csv,Data\NafisaData\LAS_Nafisa_Requested_Data_0.8Torr\OscopeData_Laser_True\Plasma_Off_Measuremnt_11.0.csv,
ca6fb2be,2026-09-29 14:02:30.282011,2026-09-29,1.0,1.0019999999999998,71.2,8.799,11.0,105,2420,57.3,134.39999999999998,0.1632993161855475,29.33333333333333,0.0471404520791021,105.06666666666666,0.1699673171197609,0.4671766999033689,0.000470277563642,Data\NafisaData\LAS_Nafisa_Requested_Data_0.8Torr\OscopeData_Laser_True\Scope_TrialNumber_0_105.00W_1.00Torr_11.00NitrogenFlow_2420.00MHz.csv,True,ca6fb2be|Scope_TrialNumber_0_105.00W_1.00Torr_11.00NitrogenFlow_2420.00MHz.csv,890.1421321640053,59.1518920101045,8.901421321640052,59.81790392449749,6759023692.338828,210279618.813624,825735846.992514,852089905.5245565,1.4537236408333885,0.0362490353523769,0.0601246509845761,0.0013250453093484,3.0,1.1220144207156548,1.2836129276729633,LAS_DataFrame_ca6fb2be_Laser_True_20260929_130126_LAS.csv,Data\NafisaData\LAS_Nafisa_Requested_Data_0.8Torr\OscopeData_Laser_True\Plasma_Off_Measuremnt_11.0.csv,
ca6fb2be,2026-09-29 14:02:48.692789,2026-09-29,1.0,1.0019999999999998,71.17,8.805,11.0,110,2420,58.5,141.13333333333333,0.0942809041582009,31.133333333333336,0.094280904158206,110.0,1.1603114287023092e-14,0.4696749153448174,0.0005547747139408,Data\NafisaData\LAS_Nafisa_Requested_Data_0.8Torr\OscopeData_Laser_True\Scope_TrialNumber_0_110.00W_1.00Torr_11.00NitrogenFlow_2420.00MHz.csv,True,ca6fb2be|Scope_TrialNumber_0_110.00W_1.00Torr_11.00NitrogenFlow_2420.00MHz.csv,944.268854948408,50.57973945867104,9.442688549484082,51.45361416605836,7032605198.363355,180428352.91634145,859158729.7758231,877899831.123181,1.4972696005479682,0.0298871391163442,0.0625582853842016,0.0011524531846997,3.0,1.1241823360698997,0.1654564981204815,LAS_DataFrame_ca6fb2be_Laser_True_20260929_130126_LAS.csv,Data\NafisaData\LAS_Nafisa_Requested_Data_0.8Torr\OscopeData_Laser_True\Plasma_Off_Measuremnt_11.0.csv,
