species,wl_air,wl_vac,Aki,acc,Ei,Ek,gi,gk,lower,upper,lower_in_model,upper_in_model,lower_desc,upper_desc,source,group,status,centre_fit,shift,fwhm_group,height,area,sigma,snr,pedestal_frac,blended,n_resid_peaks,resid_peaks_nm,fwhm_free,centre_free,asym,height_free,area_free,ref_scale,ref_shift,excess_frac,excess_z,resid_core_frac,extra_amp_frac,extra_pos,extra_gain,extra_peaks,n_extra_near,width_ratio,pedestal_change,ratio_mix_pure,branching_dev,band_overlap,contamination,contam_reason,A_branch_dev,A_branch_partner
Ar I,340.61804,340.7157737641212,390000.0,D,11.82807116,15.4670046,3.0,1.0,4s4,7p'[1/2]0,True,False,4s'[1/2]1,7p'[1/2]0,NIST-csv,0,ok,340.6165214401909,-0.00151855980906638,0.016,17348793.32024237,295475.4930612282,389720.9505223986,44.51593710060316,-0.016694771539865302,False,1.0,340.616,0.009897902858722895,340.6172540755876,-0.2534022823787641,21382219.480475366,225282.87531295736,22.07700168295679,0.006,0.3923443258715429,1.9731772698787453,0.23646213289674706,0.5253089762427687,340.61918810685734,0.4808655336089609,,0,,,,,,contaminated,absent in pure Ar,,
Ar I,346.107,346.20613966126814,67000.0,D,11.62359272,15.2048089,3.0,5.0,4s2,6p'[3/2]2,True,False,4s[3/2]1,6p'[3/2]2,NIST-csv,1,not_detected,346.1026242973338,-0.004375702666209236,0.016,636451.3184749321,10839.703007841363,349611.0458339812,1.8204554062549898,0.5622939550991711,False,0.0,,,,,,,,,,,,,,,,0,,,,,"SPS C-B (3,4)",n/a,,,
Ar I,355.4306,355.53213571608427,270000.0,D,11.54835442,15.0356402,5.0,5.0,4s1,6p[3/2]2,True,False,4s[3/2]2,6p[3/2]2,NIST-csv,2,not_detected,355.416066921528,-0.014533078472007813,0.016251801289277723,0.0,0.0,3725225.408320352,0.0,6.725966363290056e+36,False,0.0,,,,,,,,,,,,,,,,0,,,,,"FNS B-X (2,1); SPS C-B (0,1); FNS B-X (1,0)",n/a,,,
Ar I,356.32859,356.4303569887415,120000.0,D,11.72316039,15.2016576,1.0,3.0,4s3,6p'[3/2]1,True,False,4s'[1/2]0,6p'[3/2]1,NIST-csv,3,not_detected,356.314037978358,-0.01455202164204726,0.016282110361340838,0.0,0.0,5095391.996424463,0.0,1.519455857653196e+37,False,0.0,,,,,,,,,,,,,,,,0,,,,,"FNS B-X (2,1); SPS C-B (0,1); FNS B-X (1,0)",n/a,,,
Ar I,356.7656,356.8674795689208,110000.0,D,11.54835442,15.0225909,5.0,7.0,4s1,6p[5/2]3,True,False,4s[3/2]2,6p[5/2]3,NIST-csv,4,not_detected,356.75103875959746,-0.014561240402544525,0.016296860378136463,0.0,0.0,5602568.756712363,0.0,9.25882865862743e+36,False,1.0,356.788,,,,,,,,,,,,,,,0,,,,,"FNS B-X (2,1); SPS C-B (0,1); FNS B-X (1,0)",n/a,,,
Ar I,357.22953,357.33152910581157,510000.0,D,11.82807116,15.2977958,3.0,1.0,4s4,7p[1/2]0,True,False,4s'[1/2]1,7p[1/2]0,NIST-csv,5,not_detected,357.21495897295745,-0.014571027042569917,0.01631251900217709,23065519.802514527,400512.8800023952,8575170.00708143,2.6898032089704196,0.5012468666646992,False,0.0,,,,,,,,,,,,,,,,0,,,,,"SPS C-B (0,1); FNS B-X (1,0)",n/a,,,
Ar I,360.6522,360.75508167664606,760000.0,D,11.62359272,15.0603901,3.0,1.0,4s2,6p[1/2]0,True,False,4s[3/2]1,6p[1/2]0,NIST-csv,6,weak,360.6390235608733,-0.013176439126711067,0.018481546567053846,836560.3888232978,16457.649842883748,236351.94944270686,3.539468960572653,0.42788972028668615,False,0.0,,,,,,,0.26424765095702435,-0.006930579962645192,0.06814383180620702,0.22412016294238293,0.3928940698556601,0.619558207063413,360.62978278758965,0.33796888141352777,,0,,,0.30653050430807194,,"FPS B-A (12,0); SPS C-B (4,6)",clean?,"N2 band region: FPS B-A (12,0)/SPS C-B (4,6)",,
Ar I,363.26829,363.37184705196796,66000.0,D,11.62359272,15.0356402,3.0,5.0,4s2,6p[3/2]2,True,False,4s[3/2]1,6p[3/2]2,NIST-csv,7,not_detected,363.2535915848378,-0.014698415162156345,0.016516339993515376,0.0,0.0,1079827.641009943,0.0,7.88610018275113e+35,False,0.0,,,,,,,,,,,,,,,,0,,,,,"FPS B-A (12,0); SPS C-B (4,6)",n/a,,,
Ar I,363.446,363.54960295421716,130000.0,D,11.62359272,15.0339719,3.0,3.0,4s2,6p[3/2]1,True,False,4s[3/2]1,6p[3/2]1,NIST-csv,8,not_detected,363.45195075863626,0.005950758636236512,0.023750860995625216,1255288.839111858,31736.222740036083,874446.0606277962,1.435524608814226,0.6356624115570835,False,0.0,,,,,,,,,,,,,,,,0,,,,,"FPS B-A (12,0); SPS C-B (4,6)",n/a,,,
Ar I,364.31163,364.4154565888143,24000.0,D,11.62359272,15.0258688,3.0,5.0,4s2,6p[5/2]2,True,False,4s[3/2]1,6p[5/2]2,NIST-csv,9,not_detected,364.3175990191695,0.005969019169517781,0.03724099860861726,455360.9218955805,18051.333328186647,556474.0939991756,0.8182967128318018,1.7981749170099635,False,1.0,364.344,,,,,,,,,,,,,,,0,,,,,"FPS B-A (12,0); SPS C-B (4,6); SPS C-B (3,5)",n/a,,,
Ar I,364.98317,365.0871701299456,800000.0,D,11.82807116,15.2240875,3.0,1.0,4s4,6p'[1/2]0,True,False,4s'[1/2]1,6p'[1/2]0,NIST-csv,10,not_detected,364.96843540930865,-0.014734590691323985,0.0165742208401836,0.0,0.0,319991.23701995116,0.0,5.838379769483249e+35,False,0.0,,,,,,,,,,,,,,,,0,,,,,"FPS B-A (12,0); SPS C-B (3,5)",n/a,,,
Ar I,365.95291,366.05716080832093,44000.0,D,11.62359272,15.0106102,3.0,3.0,4s2,6p[1/2]1,True,False,4s[3/2]1,6p[1/2]1,NIST-csv,11,weak,365.9470515337956,-0.005858466204362993,0.016606951627322085,1362868.0248971349,24092.170788899217,190797.13803068316,7.143021320780841,0.06330299339972023,False,0.0,,,,,,,0.0,-0.008303475813661042,0.38413272876196175,3.9140590916023887,0.4708030392510833,1.15297721474026,365.94705153379573,0.9119315024717656,,0,,,,,"FPS B-A (12,0); SPS C-B (3,5)",contaminated?,"excess 0.38 (3.9 sigma); hidden line 1.15 x height at 365.947 (Ar I 365.95); reference shift at scan limit; N2 band region: FPS B-A (12,0)/SPS C-B (3,5)",,
Ar I,367.06701,367.1715489130723,31000.0,D,11.82807116,15.2048089,3.0,5.0,4s4,6p'[3/2]2,True,False,4s'[1/2]1,6p'[3/2]2,NIST-csv,12,weak,367.0730371441284,0.0060271441284408134,0.01664455487144008,12025475.831441715,213062.32663947874,3867287.123557746,3.1095378872150485,0.41968347781471665,False,0.0,,,,,,,3.639508336029939,0.00832227743572004,-0.17853601791963133,-0.7282425500670708,0.3473497394089998,0.4382747923941617,367.07581123660674,0.13803611321315223,,0,,,3.974498957153437,,"SPS C-B (3,5)",suspect?,"reference shift at scan limit; N2 band region: SPS C-B (3,5)",,
Ar I,367.52352,367.62817699937335,49000.0,D,11.82807116,15.2006146,3.0,3.0,4s4,6p'[1/2]1,True,False,4s'[1/2]1,6p'[1/2]1,NIST-csv,13,not_detected,367.5087318204246,-0.014788179575398097,0.01665996305470218,718912.308214025,12749.177370302676,335619.21681002295,2.1420475116029034,0.8141925551495615,False,1.0,367.553,,,,,,,,,,,,,,,0,,,,,"SPS C-B (2,4)",n/a,,,
Ar I,377.0369,377.14402209973827,70000.0,D,11.72316039,15.0106102,1.0,3.0,4s3,6p[1/2]1,True,False,4s'[1/2]0,6p[1/2]1,NIST-csv,14,not_detected,377.0219111349214,-0.014988865078566158,0.016981059859771077,0.0,0.0,724844.1681919515,0.0,8.740942083444678e+35,False,0.0,,,,,,,,,,,,,,,,0,,,,,"FPS B-A (11,0); FPS B-A (12,1); SPS C-B (0,2)",n/a,,,
N I,381.82679,381.9351561761767,895000.0,C+,10.6796703,13.925881,2.0,4.0,other8,other121,True,True,(3P).3s 2P 0.5,(1D).3p 2P* 1.5,NIST-json,15,not_detected,381.81170009181324,-0.01508990818677477,0.017142728832904856,125581.59462823934,2291.596546068049,245661.99062816123,0.5111966825113051,1.1886275570169125,False,0.0,,,,,,,,,,,,,,,,0,,,,,"FPS B-A (11,0); FPS B-A (12,1); FNS B-X (3,3)",n/a,,,
N I,382.20339,382.3118540693448,3700000.0,C+,10.6796703,13.9226824,2.0,2.0,other8,other120,True,True,(3P).3s 2P 0.5,(1D).3p 2P* 0.5,NIST-json,16,weak,382.18829214740646,-0.015097852593546401,0.0321664497820115,4449100.573536201,152337.75944240045,456250.561343298,9.751441314257477,0.04410119719308039,False,1.0,382.182,,,,,,,,,,,,,,,0,,,,,"FPS B-A (11,0); FPS B-A (12,1); FNS B-X (3,3); SPS C-B (4,7); FNS B-X (2,2)",suspect?,"1 unexplained feature(s) in fit window; N2 band region: FPS B-A (11,0)/FPS B-A (12,1)",,
N I,383.04343,383.15211246948115,4670000.0,C+,10.6899808,13.925881,4.0,4.0,other9,other121,True,True,(3P).3s 2P 1.5,(1D).3p 2P* 1.5,NIST-json,17,not_detected,383.0283144266962,-0.015115573303754685,0.019331767147581808,2297639.58965799,47280.893087205695,1664460.5275540268,1.3804109809888,0.9897820864214188,False,1.0,382.980,,,,,,,,,,,,,,,0,,,,,"FPS B-A (11,0); FPS B-A (12,1); FNS B-X (3,3); SPS C-B (4,7); FNS B-X (2,2)",n/a,,,
N I,383.42244,383.53122102573747,1890000.0,C+,10.6899808,13.9226824,4.0,2.0,other9,other120,True,True,(3P).3s 2P 1.5,(1D).3p 2P* 0.5,NIST-json,18,weak,383.4288126427084,0.0063726427083952535,0.017197352599367183,3582293.5760815954,65577.518732913,369689.2773841466,9.690012113495005,0.059536498738681894,False,0.0,,,,,,,,,,,,,,,,0,,,,,"FPS B-A (12,1); FNS B-X (3,3); SPS C-B (4,7); FNS B-X (2,2)",clean?,"N2 band region: FPS B-A (12,1)/FNS B-X (3,3)",,
Ar I,383.4679,383.57669284773596,750000.0,D,11.82807116,15.0603901,3.0,1.0,4s4,6p[1/2]0,True,False,4s'[1/2]1,6p[1/2]0,NIST-csv,18,not_detected,383.4742726427084,0.0063726427083952535,0.017197352599367183,0.0,0.0,369689.2773841466,0.0,3.616814418670956e+35,False,0.0,,,,,,,,,,,,,,,,0,,,,,"FPS B-A (12,1); FNS B-X (3,3); SPS C-B (4,7); FNS B-X (2,2)",n/a,,,
N I,388.75717,388.8673394286197,2090000.0,C,10.6796703,13.8680121,2.0,4.0,other8,5p12,True,True,(3P).3s 2P 0.5,(3P).5p 2D* 1.5,NIST-json,19,not_detected,388.7636546997683,0.006484699768328604,0.039097448764336226,3569407.3252717396,148551.39686603335,1737107.6885636323,2.054799105876497,0.34285677553099425,False,1.0,388.788,,,,,,,,,,,,,,,0,,,,,"FNS B-X (1,1); SPS C-B (3,6); FNS B-X (0,0)",n/a,,,
N I,389.22051,389.33080011827843,2500000.0,C,10.6899808,13.8745272,4.0,6.0,other9,5p13,True,True,(3P).3s 2P 1.5,(3P).5p 2D* 2.5,NIST-json,20,not_detected,389.2052641207053,-0.015245879294675826,0.017392282605546545,0.0,0.0,1235591.0198934593,0.0,1.6081596158617732e+36,False,0.0,,,,,,,,,,,,,,,,0,,,,,"SPS C-B (3,6); FNS B-X (0,0)",n/a,,,
Ar I,389.46601,389.5763640719906,57000.0,D,11.82807116,15.0106102,3.0,3.0,4s4,6p[1/2]1,True,False,4s'[1/2]1,6p[1/2]1,NIST-csv,21,not_detected,389.4507589418634,-0.015251058136583513,0.017400568752598846,227794.724733007,4219.28941832345,919006.2444690561,0.2478707039304313,7.675021182163158,False,1.0,389.411,,,,,,,,,,,,,,,0,,,,,"SPS C-B (3,6); FNS B-X (0,0)",n/a,,,
N I,390.01845,390.1289480011208,414000.0,C,10.6899808,13.8680121,4.0,4.0,other9,5p12,True,True,(3P).3s 2P 1.5,(3P).5p 2D* 1.5,NIST-json,22,not_detected,390.00318728809793,-0.015262711902055949,0.017419214777354742,0.0,0.0,1266793.506964505,0.0,2.9194993182015154e+36,False,1.0,389.971,,,,,,,,,,,,,,,0,,,,,"FNS B-X (0,0)",n/a,,,
Ar I,394.7505,394.8622317696901,56000.0,C+,11.54835442,14.6882903,5.0,5.0,4s1,5p9,True,True,4s[3/2]2,5p'[3/2]2,NIST-csv,23,not_detected,394.73513746512907,-0.015362534870892095,0.017578931527492576,0.0,0.0,99395.3805341161,0.0,1.776057626443461e+35,False,0.0,,,,,,,,,,,,,,,,0,,,,,,n/a,,,
Ar I,394.8979,395.00967022645796,460000.0,B,11.54835442,14.68711824,5.0,3.0,4s1,5p8,True,True,4s[3/2]2,5p'[1/2]1,NIST-csv,24,ok,394.8935242973338,-0.004375702666209236,0.039563789829607364,15485847.485980762,652176.3923577241,1231828.4294720227,12.571432121125985,0.043077154008090666,False,0.0,,,,,,,1.5509303165063404,0.0049454737287009205,0.22765524524301997,6.710536182860083,0.2737392174685483,0.46784123377888986,394.87374240241905,0.4000345263044466,,0,2.641509282424165,0.05686077022012522,2.5644318551629364,1.9891472837260258,,contaminated,excess 0.23 (6.7 sigma); width x2.64 vs pure; pedestal +0.06 of height; mix/pure ratio 2.56 vs 0.86 for other 5p8 lines,,
N I,401.11348,401.22687324331247,575000.0,C,10.6796703,13.7697973,2.0,2.0,other8,5p1,True,True,(3P).3s 2P 0.5,(3P).5p 2S* 0.5,NIST-json,25,not_detected,401.11545918863135,0.001979188631390812,0.017793695633280135,106247.09429405643,2012.405192612415,197857.94899352093,0.5369867363657732,0.49887040491570184,False,0.0,,,,,,,,,,,,,,,,0,,,,,"FPS B-A (10,0); FPS B-A (11,1); FPS B-A (12,2)",n/a,,,
N I,402.45635,402.5700942371561,1140000.0,C,10.6899808,13.7697973,4.0,2.0,other9,5p1,True,True,(3P).3s 2P 1.5,(3P).5p 2S* 0.5,NIST-json,26,not_detected,402.44082490961415,-0.015525090385818186,0.017839020351374323,0.0,0.0,750692.0462975126,0.0,4.904599955489287e+35,False,0.0,,,,,,,,,,,,,,,,0,,,,,"SPS C-B (0,3); FPS B-A (10,0); FPS B-A (11,1); FPS B-A (12,2)",n/a,,,
Ar I,404.4418,404.5560634024932,330000.0,B,11.62359272,14.6882903,3.0,5.0,4s2,5p9,True,True,4s[3/2]1,5p'[3/2]2,NIST-csv,27,ok,404.4342267913497,-0.007573208650299567,0.01790603351090585,24368696.78026348,464476.67242722475,1501613.213571228,16.2283446629431,0.07912031472029266,False,0.0,,0.019079853959215586,404.43413890072327,0.14267397220446978,24167180.778411165,490832.4273615162,1.161885502835326,0.0,-0.10961068158446945,-2.0860506929397684,0.1142658916080524,0.110194813991106,404.43124245243143,0.14720758138662127,,0,1.1713034120635912,0.08091393126335363,0.8614053884095808,-0.24897689007997237,"SPS C-B (0,3); FPS B-A (10,0); FPS B-A (11,1); FPS B-A (12,2)",suspect,"pedestal +0.08 of height; N2 band region: SPS C-B (0,3)/FPS B-A (10,0)",,
Ar I,404.596541,404.7108448756777,41000.0,B,11.62359272,14.68711824,3.0,3.0,4s2,5p8,True,True,4s[3/2]1,5p'[1/2]1,NIST-csv,28,not_detected,404.60335983255175,0.006818832551734771,0.040300326784598425,1450365.272393363,62218.30425485258,1364816.1859887298,1.0626817642426023,0.7444087873185039,False,1.0,404.625,,,,,,,,,,,,,,,0,,,,,"SPS C-B (0,3); FPS B-A (10,0); FPS B-A (11,1); FPS B-A (12,2)",n/a,,,
Ar I,405.452576,405.5671038031719,27000.0,C+,11.62359272,14.68065033,3.0,3.0,4s2,5p7,True,True,4s[3/2]1,5p'[3/2]1,NIST-csv,29,not_detected,405.43698770398987,-0.015588296010150993,0.01794014935030681,363706.64447187056,6945.595698050215,903407.3710149587,0.4025942848609415,3.732729863750502,False,0.0,,,,,,,,,,,,,,,,0,,,,,"SPS C-B (0,3); FPS B-A (10,0); FPS B-A (11,1); FPS B-A (12,2); SPS C-B (4,8)",n/a,,,
N I,409.505,409.6205884933759,80500.0,C+,12.0001429,15.02695,4.0,6.0,other22,other321,True,True,(3P).3p 2D* 1.5,2s.2p4 2D 2.5,NIST-json,30,not_detected,409.4893262177852,-0.015673782214790176,0.040673086374891386,658139.5013580433,28494.254371634164,319334.15795467095,2.0609743272483407,0.3871357234896824,False,1.0,409.470,,,,,,,,,,,,,,,0,,,,,,n/a,,,
N I,409.994,410.1097165544255,3480000.0,C+,10.6796703,13.7028638,2.0,4.0,other8,other103,True,True,(3P).3s 2P 0.5,(1D).3p 2D* 1.5,NIST-json,31,not_detected,409.98639332732176,-0.007606672678277296,0.018093432067581135,658303.212118801,12678.828824877886,249261.64237227733,2.6410128965435113,0.11092386730818074,False,0.0,,,,,,,,,,,,,,,,0,,,,,,n/a,,,
N I,410.79,410.90592504505616,1230000.0,C+,12.0096116,15.02695,6.0,6.0,other23,other321,True,True,(3P).3p 2D* 2.5,2s.2p4 2D 2.5,NIST-json,32,ok,410.7775348782444,-0.012465121755612783,0.01812029876026395,5465076.679323446,105412.91518063411,289033.7902842854,18.90808916821854,0.015635609468235723,False,0.0,,0.013097136553081158,410.77764847364494,0.053679879357167365,5866708.972273576,81790.54660616585,,,,,,,,,,0,0.6831326407059299,,1.5424425281154521,,"SPS C-B (3,7)",clean,"N2 band region: SPS C-B (3,7)",,
N I,410.995,411.11097874550984,3900000.0,C+,10.6899808,13.7058146,4.0,6.0,other9,other104,True,True,(3P).3s 2P 1.5,(1D).3p 2D* 2.5,NIST-json,33,ok,410.9906242973338,-0.004375702666209236,0.01812721794619357,20898992.16235739,403263.30918784335,1162949.661332238,17.970676510981715,0.07892188532680808,False,1.0,411.023,0.0072509220518417435,410.9936631499908,-1.2862226231387257,58610977.31648281,452381.0557021269,,,,,,,,,,0,0.7781465257969726,,,,"SPS C-B (3,7)",suspect,"1 unexplained feature(s) in fit window; N2 band region: SPS C-B (3,7)",,
N I,411.39741,411.5134941656142,662000.0,C+,10.6899808,13.7028638,4.0,4.0,other9,other103,True,True,(3P).3s 2P 1.5,(1D).3p 2D* 1.5,NIST-json,34,weak,411.3914145830356,-0.005995416964371092,0.01814080013941278,2396396.287865275,46275.09158798595,515055.28330856794,4.65269722595895,0.16458230960912035,False,0.0,,,,,,,,,,,,,,,,0,,,,,"SPS C-B (3,7)",clean?,"N2 band region: SPS C-B (3,7)",,
N I,413.764,413.8807043429259,280000.0,C+,10.3259087,13.3215593,2.0,4.0,other5,4p11,True,True,(3P).3s 4P 0.5,(3P).4p 4S* 1.5,NIST-json,35,not_detected,413.74823637384355,-0.01576362615647996,0.04099652456497461,1210964.3212334795,52845.81490259162,1364537.4783230664,0.8874540571224772,0.9785133857069058,False,0.0,,,,,,,,,,,,,,,,0,,,,,"SPS C-B (3,7); FNS B-X (3,4)",n/a,,,
N I,414.34296,414.4598161132607,609000.0,C+,10.3300944,13.3215593,4.0,4.0,other6,4p11,True,True,(3P).3s 4P 1.5,(3P).4p 4S* 1.5,NIST-json,36,not_detected,414.32718416063653,-0.015775839363448903,0.018240218715583466,610968.0839752082,11862.624288631927,267576.81915422034,2.2833371213037372,0.3902181613090962,False,0.0,,,,,,,,,,,,,,,,0,,,,,"FNS B-X (3,4)",n/a,,,
N I,415.14805,415.26511719484915,1010000.0,C+,10.3358956,13.3215593,6.0,4.0,other7,4p11,True,True,(3P).3s 4P 2.5,(3P).4p 4S* 1.5,NIST-json,37,ok,415.1550914174682,0.0070414174682257875,0.01826739221509604,12475503.128386943,242586.61423607662,673180.2784015255,18.532187481799337,0.03277424015468654,False,0.0,,0.007306957237404526,415.15514196205237,1.3297020332314853,36324130.863482274,282529.6344134203,,,,,,,,,,0,0.6419624599188143,,1.4561729299108963,,"FNS B-X (3,4)",suspect,"present in pure Ar (pure/mix = 0.69); N2 band region: FNS B-X (3,4)",,
Ar I,415.859,415.97625362602895,1400000.0,B,11.54835442,14.52891349,5.0,5.0,4s1,5p5,True,True,4s[3/2]2,5p[3/2]2,NIST-csv,38,ok,415.85625745700247,-0.002742542997510913,0.022864235361776526,199393474.72888955,4852883.145231591,821965.4936641804,242.58132034232707,0.0010955556022198285,False,0.0,,0.022827395246367628,415.85620058176687,0.11384726282546272,200145788.37200657,4863344.388874676,0.8999932900768545,0.0,0.03944350409169573,5.729755631614849,0.08168710721246697,0.09879058449605217,415.84101463342785,0.2905240441724958,,0,1.0695249143527006,-0.0011943541419870318,0.9819188956011838,0.07618643808120651,"FNS B-X (3,4); FPS B-A (9,0); FPS B-A (10,1); FPS B-A (11,2)",clean,"N2 band region: FNS B-X (3,4)/FPS B-A (9,0)",-0.031988468710622664,426.63
Ar I,416.418,416.53540023229743,290000.0,B,11.54835442,14.5249133,5.0,3.0,4s1,5p4,True,True,4s[3/2]2,5p[3/2]1,NIST-csv,39,ok,416.4136242973338,-0.004375702666209236,0.020599037694142727,13467575.133361569,295303.4695459517,440272.63534872705,30.589171463482614,0.06518690542621908,False,2.0,416.434;416.465,0.018170611920281583,416.4131962793951,0.08846379069880854,13214989.874775087,255604.56029311896,1.1288811032234474,-0.005149759423535682,-0.028374031751015688,-0.14504816964894815,0.1118487552044578,0.05150086014408799,416.4170574702829,0.016445434432726502,,0,0.9277121342130056,0.06625659277579733,1.0905467922360919,0.09645429289283669,"FNS B-X (3,4); SPS C-B (2,6); FNS B-X (2,3); FPS B-A (9,0); FPS B-A (10,1); FPS B-A (11,2); FPS B-A (12,3)",suspect,"pedestal +0.07 of height; N2 band region: FNS B-X (3,4)/SPS C-B (2,6)",-0.4554990069407313,427.22
Ar I,418.1884,418.3062646657038,560000.0,B,11.72316039,14.68711824,1.0,3.0,4s3,5p8,True,True,4s'[1/2]0,5p'[1/2]1,NIST-csv,40,ok,418.1840242973338,-0.004375702666209236,0.01837001049285759,29696748.473102737,580698.2471568087,1029530.9302072711,28.84493083381576,0.06514483184811438,False,0.0,,0.019164662412297,418.18348144448515,0.05411579955738061,29226967.500724543,596234.5525204987,0.7454997490426425,0.004592502623214398,0.02191861039285174,4.063513078717389,0.11472495405753029,0.08383392424188842,418.1564692815945,0.06261715572708249,,0,1.220080438724968,0.0658937676095033,0.6144390589967796,-0.28379892781408933,"SPS C-B (2,6); FNS B-X (2,3); FPS B-A (9,0); FPS B-A (10,1); FPS B-A (11,2); FPS B-A (12,3)",suspect,"pedestal +0.07 of height; N2 band region: SPS C-B (2,6)/FNS B-X (2,3)",,
Ar I,419.0713,419.189396346025,280000.0,B,11.54835442,14.50606764,5.0,5.0,4s1,5p3,True,True,4s[3/2]2,5p[5/2]2,NIST-csv,41,ok,419.07021007296396,-0.0010899270360430744,0.02070038647004683,51817368.46578796,1141789.4280151974,4138636.3607002827,12.52039656294426,0.08698395222495633,False,0.0,,,,,,,1.313733280795995,0.0,-0.09314576013110858,-2.2174348834331012,0.10724195293858617,0.09675392312117306,419.0667600085521,0.07606839119759257,,0,0.7205574856267944,0.08785470469952468,0.8535088280509617,-0.020334220841554784,"SPS C-B (2,6); FNS B-X (2,3); FPS B-A (9,0); FPS B-A (10,1); FPS B-A (11,2); FPS B-A (12,3)",suspect,"pedestal +0.09 of height; N2 band region: SPS C-B (2,6)/FNS B-X (2,3)",0.07621894052529332,430.01
Ar I,419.1029,419.22100463894833,540000.0,C+,11.72316039,14.68065033,1.0,3.0,4s3,5p7,True,True,4s'[1/2]0,5p'[3/2]1,NIST-csv,41,weak,419.10181007296393,-0.0010899270360430744,0.02070038647004683,17408059.01288748,383584.4685224184,4138636.3607002827,4.206230626636144,0.23468153216168008,False,0.0,,,,,,,1.6384901427234388,0.0,0.2700985562239641,1.1042859075913887,0.3124670138422317,0.7070822433224571,419.11216026619866,0.7120982849553175,,0,,,2.1595731334737156,,"SPS C-B (2,6); FNS B-X (2,3); FPS B-A (9,0); FPS B-A (10,1); FPS B-A (11,2); FPS B-A (12,3)",clean?,"N2 band region: SPS C-B (2,6)/FNS B-X (2,3)",,
Ar I,419.8317,419.9499959167012,2570000.0,B,11.62359272,14.57594878,3.0,1.0,4s2,5p6,True,True,4s[3/2]1,5p[1/2]0,NIST-csv,42,ok,419.8207437704187,-0.010956229581320646,0.020728659782600942,90415019.55025299,1995005.118477531,3203482.065457489,28.223981811910296,0.08651640309849834,False,0.0,,0.021226022378959025,419.8212311264943,-0.1631136030467858,89353221.0286093,2018882.4865568294,1.3985424107783215,0.0,-0.08690723456948325,-2.1020278157936088,0.14072337072196636,0.1183171395315967,419.82419854704887,0.11919917142167957,,0,1.3060427285406522,0.05932761598251276,1.2906324355379561,0.19687678901341754,"SPS C-B (2,6); FNS B-X (2,3); FPS B-A (9,0); FPS B-A (10,1); FNS B-X (1,2); FPS B-A (11,2); FPS B-A (12,3)",contaminated,"width x1.31 vs pure; pedestal +0.06 of height; N2 band region: SPS C-B (2,6)/FNS B-X (2,3)",,
Ar I,420.0674,420.1857577839226,970000.0,B+,11.54835442,14.49905364,5.0,7.0,4s1,5p2,True,True,4s[3/2]2,5p[5/2]3,NIST-csv,43,ok,420.05973261327335,-0.007667386726660074,0.02649805668662924,139590041.98311657,3937319.637216725,3656273.9174728896,38.17822327699046,0.02798551376119527,False,0.0,,0.027068164939113515,420.0595709468749,0.14253298141557247,138547018.40150675,3991978.6354500903,0.623841569638169,0.0,0.006991636213371552,0.7296906013464407,0.03805294839508038,0.04261062349217229,420.04648358493,0.21404578540670072,,0,1.007687741918663,0.028093859068770828,0.6325176583544594,,"SPS C-B (2,6); FNS B-X (2,3); FPS B-A (9,0); FPS B-A (10,1); FNS B-X (1,2); FPS B-A (11,2); FPS B-A (12,3)",clean,"N2 band region: SPS C-B (2,6)/FNS B-X (2,3)",,
N I,424.987,425.1066497969264,2590000.0,C,12.0001429,14.91669,4.0,2.0,other22,3d24,True,True,(3P).3p 2D* 1.5,(1D).3d 2P 0.5,NIST-json,44,ok,424.9726600292414,-0.014339970758612278,0.018599967105819012,8456880.442591766,167438.21180673075,326329.8626308724,25.91512886504584,0.05078339578901191,False,0.0,,0.018885933167232524,424.9728027729738,-0.13796225606430434,8805121.444023926,177013.34500093595,,,,,,,,,,0,0.6937457952894707,,,,"SPS C-B (1,5); FNS B-X (0,1)",clean,"N2 band region: SPS C-B (1,5)/FNS B-X (0,1)",,
N I,425.016,425.13565741698346,224000.0,C,12.0001429,14.91649,4.0,4.0,other22,3d23,True,True,(3P).3p 2D* 1.5,(1D).3d 2P 1.5,NIST-json,44,weak,425.0016600292414,-0.014339970758612278,0.018599967105819012,1962719.4935004143,38859.984423429516,326329.8626308724,6.014526153619419,0.20949634144616502,False,0.0,,,,,,,,,,,,,,,,0,,,,,"SPS C-B (1,5); FNS B-X (0,1)",clean?,"N2 band region: SPS C-B (1,5)/FNS B-X (0,1)",,
Ar I,425.1185,425.23818435030626,111000.0,C+,11.54835442,14.46399577,5.0,3.0,4s1,5p1,True,True,4s[3/2]2,5p[1/2]1,NIST-csv,45,ok,425.12575174489916,0.007251744899176928,0.020929405617695095,7336653.721572947,163450.82859381047,438264.4040656915,16.740245508218948,0.07311208924366074,False,1.0,425.174,0.018811396525276722,425.1248133380535,-0.24595069806784434,7224462.7898417935,144663.44619614608,0.6588609889631919,0.00784852710663566,0.012204382350063683,0.22138891796541238,0.07647727353664878,0.1271829752429974,425.1362164477083,0.19646797148640038,,0,1.376205107980879,0.0853501967092031,0.6422218555240872,-0.3512159804162619,"SPS C-B (1,5); FNS B-X (0,1)",contaminated,"width x1.38 vs pure; pedestal +0.09 of height; N2 band region: SPS C-B (1,5)/FNS B-X (0,1); mix/pure ratio 0.64 vs 0.99 for other 5p1 lines",,
Ar I,425.9362,426.05609923270424,3980000.0,B+,11.82807116,14.73811536,3.0,1.0,4s4,5p10,True,True,4s'[1/2]1,5p'[1/2]0,NIST-csv,46,ok,425.9284972410448,-0.0077027589552173484,0.03493409103458517,63569164.57789906,2363894.889747978,1120460.0303687968,56.734879295047605,-0.010444342255579983,False,1.0,425.934,0.03365658127374648,425.9285398363939,-0.35890967919676126,64365595.80090224,2305982.480602391,1.1289885276411658,0.004366761379323146,0.02168158732599996,2.516592437379486,0.13632826840283319,0.18376093463083235,425.9110301955276,0.2919106982184503,,0,1.1062792205388545,-0.020465239956645766,1.4007260510750397,,"SPS C-B (1,5); FNS B-X (0,1)",clean,"N2 band region: SPS C-B (1,5)/FNS B-X (0,1)",,
N I,426.4,426.52002113002,2260000.0,C,12.0096116,14.91649,6.0,4.0,other23,3d23,True,True,(3P).3p 2D* 2.5,(1D).3d 2P 1.5,NIST-json,47,not_detected,426.38396981642455,-0.01603018357540274,0.018647169454709605,0.0,0.0,325567.79605687567,0.0,1.0786585828701655e+36,False,1.0,426.334,,,,,,,,,,,,,,,0,,,,,"SPS C-B (1,5); FNS B-X (0,1)",n/a,,,
Ar I,426.6286,426.7486812155708,310000.0,C+,11.62359272,14.52891349,3.0,5.0,4s2,5p5,True,True,4s[3/2]1,5p[3/2]2,NIST-csv,48,ok,426.6225586825846,-0.006041317415389977,0.026816397461809922,38888421.66494137,1110076.6338259585,1702078.4809713664,22.847607851048075,0.04082721873581685,False,1.0,426.629,0.028379065320351216,426.62272270831915,0.019541988273058856,38763907.47033398,1171002.5641045137,0.8302201043802094,-0.0033520496827262403,0.010458854406030354,0.8624801050826449,0.13620482011915772,0.06511644952221858,426.5957422851228,0.0380077570939541,,0,1.143256251990309,0.033842097057512496,0.8428929787277706,-0.07618643808120651,"SPS C-B (1,5); FNS B-X (0,1)",clean,"N2 band region: SPS C-B (1,5)/FNS B-X (0,1)",0.033045545095949924,415.86
Ar I,427.2169,427.33713585791656,800000.0,B,11.62359272,14.5249133,3.0,3.0,4s2,5p4,True,True,4s[3/2]1,5p[3/2]1,NIST-csv,49,ok,427.2108569096939,-0.006043090306105306,0.021009084262690478,66899447.24034552,1496104.270149139,1360776.4171544213,49.16270328981881,0.022430240307116083,False,0.0,,0.021405671307282166,427.21037640232026,0.011548124602824674,67017027.40037816,1527025.2661351515,0.823515992105099,0.0,0.036951900367300734,2.315147017385646,0.07159693213178532,0.07011290629084875,427.22136145182503,0.15501287746006986,,0,1.2063575632319699,0.013788689165424056,0.898677563589706,-0.09645429289283669,"FNS B-X (0,1)",suspect,"N2 band region: FNS B-X (0,1); I/A branching vs 416.42: +84%",0.836543941603336,416.42
N I,427.328,427.44826506405724,828000.0,C+,12.1263787,15.02695,4.0,6.0,other25,other321,True,True,(3P).3p 2P* 1.5,2s.2p4 2D 2.5,NIST-json,50,weak,427.3269597422316,-0.0010402577683362789,0.02101330285659964,7830892.050607484,175161.1417044512,811042.5812405501,9.655340214849817,0.11269443883198114,False,1.0,427.284,,,,,,,,,,,,,,,0,,,1.4641326683240792,,"FNS B-X (0,1)",suspect?,"1 unexplained feature(s) in fit window; N2 band region: FNS B-X (0,1)",,
N I,427.813,427.9333925692257,5010000.0,C+,12.0001429,14.89742,4.0,4.0,other22,3d22,True,True,(3P).3p 2D* 1.5,(1D).3d 2D 1.5,NIST-json,51,not_detected,427.82030858558966,0.007308585589687172,0.01869486120943425,2577770.416674471,51297.79418187423,1056213.5728193515,2.440576871014474,0.6713528948464973,False,0.0,,,,,,,,,,,,,,,,0,,,,,"FNS B-X (0,1)",n/a,,,
N I,427.917,428.0374199121503,361000.0,C+,12.0001429,14.89671,4.0,6.0,other22,3d21,True,True,(3P).3p 2D* 1.5,(1D).3d 2D 2.5,NIST-json,52,ok,427.92097178457954,0.00397178457958933,0.01869837143058879,5528117.535844706,110030.54417880204,248517.2218433364,22.244404210061525,-0.00042098851682856916,False,1.0,427.921,0.01144739708488078,427.9192684435165,0.3025240534037287,6867895.337345511,83687.89151396966,,,,,,,,,,0,0.5501688171770062,,,,"FNS B-X (0,1)",suspect,"1 unexplained feature(s) in fit window; N2 band region: FNS B-X (0,1)",,
N I,429.216,429.33676148344557,557000.0,C+,12.0096116,14.89742,6.0,4.0,other23,3d22,True,True,(3P).3p 2D* 2.5,(1D).3d 2D 1.5,NIST-json,53,not_detected,429.2233381819856,0.007338181985599539,0.01874221544289404,75743.0776641653,1511.1100145553216,89976.4880141152,0.8418096697915459,0.029471641414405766,False,0.0,,,,,,,,,,,,,,,,0,,,,,,n/a,,,
N I,429.321,429.44178909697274,5210000.0,C+,12.0096116,14.89671,6.0,6.0,other23,3d21,True,True,(3P).3p 2D* 2.5,(1D).3d 2D 2.5,NIST-json,54,not_detected,429.3049081976987,-0.016091802301318653,0.042177958686393895,19906.649507445916,893.7497580165901,233370.8108871159,0.08530051136975733,-0.5150738660679816,False,0.0,,,,,,,,,,,,,,,,0,,,,,,n/a,,,
Ar I,430.0101,430.1310703347699,377000.0,B+,11.62359272,14.50606764,3.0,5.0,4s2,5p3,True,True,4s[3/2]1,5p[5/2]2,NIST-csv,55,ok,430.007400102513,-0.0026998974870541892,0.018769018006536534,71498172.97979377,1428462.0447995334,941545.0945736768,75.93706705271244,0.020454039460329438,False,1.0,429.968,0.018798183162192304,430.007295228616,-0.13780359567857775,68600594.68714796,1372701.055411931,1.1610047362825238,0.0,-0.06358974746563771,-0.6608114631049391,0.11768436405395245,0.11449749282377371,430.00427193284537,0.13389882913513962,,0,0.9108297771928097,0.01736071713750164,0.8889401707987173,0.020334220841554895,,clean,,-0.07082103618069713,419.07
Ar I,433.3561,433.4779507000512,570000.0,B+,11.82807116,14.6882903,3.0,5.0,4s4,5p9,True,True,4s'[1/2]1,5p'[3/2]2,NIST-csv,56,ok,433.3432948541991,-0.01280514580092286,0.03540366116579722,36905343.591999255,1390815.8738889017,1581854.5871529535,23.33042739309058,0.021441454298623756,False,1.0,433.311,0.03426372339608742,433.3426288541163,0.22596177531218967,37411245.06229216,1364485.508273556,1.313763520919976,0.0,0.04798595342374895,2.784684067413198,0.1178189928522287,0.14511518972972068,433.30789119303336,0.2512363563115947,,0,1.1716127492361785,0.01985227961520792,1.4325463609615066,0.24897689007997248,"SPS C-B (0,4)",clean,"N2 band region: SPS C-B (0,4)",,
Ar I,433.5338,433.65569747049074,390000.0,C+,11.82807116,14.68711824,3.0,3.0,4s4,5p8,True,True,4s'[1/2]1,5p'[1/2]1,NIST-csv,57,ok,433.5226786007714,-0.011121399228578903,0.01888795037463507,27772785.42628351,558388.5212891815,228629.93125877052,121.47484484369372,-0.0074236439543560314,False,0.0,,0.015269955133638415,433.52309057163734,-0.1428388790673217,29593224.085968047,481019.02521681093,1.3276025956120139,-0.0047219875936587675,-0.14835738984841182,-1.2976822899144915,0.20636540700800593,0.2427489575727364,433.5226786007716,0.19172180573166253,,0,1.0326706010266968,-0.032472134020612796,0.8579141847993271,0.0,"SPS C-B (0,4)",clean,"N2 band region: SPS C-B (0,4)",,
Ar I,434.5168,434.6389562234752,300000.0,B,11.82807116,14.68065033,3.0,3.0,4s4,5p7,True,True,4s'[1/2]1,5p'[3/2]1,NIST-csv,58,weak,434.50904552434895,-0.007754475651025444,0.01892112871497076,11150463.945600517,224580.57427567826,1194184.4255414275,9.33730478066237,0.09991624654991146,False,0.0,,,,,,,1.039409874926174,-0.0070954232681140345,-0.15106828786444065,-5.922182708359134,0.1839297731110331,0.09918412245424334,434.51219904580125,0.044105102215220016,,0,,,0.8398657863421936,,"SPS C-B (0,4)",clean?,"N2 band region: SPS C-B (0,4)",,
N I,435.629,435.75144904332876,5100000.0,C+,12.0096116,14.85491,6.0,8.0,other23,3d18,True,True,(3P).3p 2D* 2.5,(1D).3d 2F 3.5,NIST-json,59,ok,435.6364734647276,0.007473464727571032,0.035547502181340805,4896324.585464594,185272.72956771997,374414.11108718003,13.077297143655237,0.04267491933458348,False,0.0,,,,,,,,,,,,,,,,0,1.111779132668221,,2.1889838508591977,,,clean,,,
Ar I,436.37949,436.50213666664746,12000.0,B,11.62359272,14.46399577,3.0,3.0,4s2,5p1,True,True,4s[3/2]1,5p[1/2]1,NIST-csv,60,not_detected,436.3632492982941,-0.016240701705868527,0.018983998463454867,0.0,0.0,137475.65240705304,0.0,1.0543650100497922e+35,False,0.0,,,,,,,,,,,,,,,,0,,,,,,n/a,,,
N I,438.554,438.6772194259448,884000.0,C,12.1219574,14.94828,2.0,2.0,other24,3d25,True,True,(3P).3p 2P* 0.5,(1D).3d 2S 0.5,NIST-json,61,ok,438.5411165326909,-0.01288346730907523,0.019057392800019828,2795965.8498318526,56718.86847990659,246094.24152246673,11.36136234856434,0.01738544613367384,False,0.0,,,,,,,,,,,,,,,,0,0.75050680446066,,,,"SPS C-B (3,8)",clean,"N2 band region: SPS C-B (3,8)",,
N I,439.241,439.36440042705016,1760000.0,C,12.1263787,14.94828,4.0,2.0,other25,3d25,True,True,(3P).3p 2P* 1.5,(1D).3d 2S 0.5,NIST-json,62,not_detected,439.22469893451444,-0.01630106548553153,0.019080580510915674,0.0,0.0,212283.82447768853,0.0,1.1429628328454043e+35,False,0.0,,,,,,,,,,,,,,,,0,,,,,"SPS C-B (3,8)",n/a,,,
Ar I,442.39944,442.5236728565454,7300.0,C+,11.72316039,14.5249133,1.0,3.0,4s3,5p4,True,True,4s'[1/2]0,5p[3/2]1,NIST-csv,63,ok,442.383072306973,-0.016367693027017956,0.027581577829860055,3535823.38503054,103810.64292216413,231198.48235218783,15.293454131088852,0.020654520740334775,False,1.0,442.374,0.01504543242344694,442.3767850372565,-0.37021697723503477,5576828.83055717,89314.95823054746,1.0529741355462543,-0.010343091686197521,0.5058769879568767,13.078731792864525,0.517208003783897,1.146598413992854,442.3784753773346,0.8108208135873634,,0,,,,,"FPS B-A (11,3); FPS B-A (12,4); FPS B-A (10,2); FPS B-A (9,1); FPS B-A (8,0)",contaminated,"absent in pure Ar; excess 0.51 (13.1 sigma); hidden line 1.15 x height at 442.378 (N2? FPS B-A (11,3)/FPS B-A (12,4)); N2 band region: FPS B-A (11,3)/FPS B-A (12,4)",,
N I,443.511,443.6355259272406,2990000.0,C,12.1219574,14.91669,2.0,2.0,other24,3d24,True,True,(3P).3p 2P* 0.5,(1D).3d 2P 0.5,NIST-json,64,not_detected,443.49460852100566,-0.016391478994355765,0.01922524212503445,0.0,0.0,681872.3356793942,0.0,1.1684100816993402e+35,False,0.0,,,,,,,,,,,,,,,,0,,,,,"FPS B-A (11,3); FPS B-A (12,4); FPS B-A (10,2); FPS B-A (9,1); FPS B-A (8,0)",n/a,,,
N I,443.543,443.6675343651147,751000.0,C,12.1219574,14.91649,2.0,4.0,other24,3d23,True,True,(3P).3p 2P* 0.5,(1D).3d 2P 1.5,NIST-json,64,not_detected,443.52660852100564,-0.016391478994355765,0.01922524212503445,0.0,0.0,681872.3356793942,0.0,4.458454713741461e+35,False,0.0,,,,,,,,,,,,,,,,0,,,,,"FPS B-A (11,3); FPS B-A (12,4); FPS B-A (10,2); FPS B-A (9,1); FPS B-A (8,0)",n/a,,,
N I,444.214,444.3387113076469,1410000.0,C,12.1263787,14.91669,4.0,2.0,other25,3d24,True,True,(3P).3p 2P* 1.5,(1D).3d 2P 0.5,NIST-json,65,not_detected,444.1975937017126,-0.016406298287391007,0.01924895299389083,0.0,0.0,265403.3781851265,0.0,2.7997169820938722e+35,False,0.0,,,,,,,,,,,,,,,,0,,,,,"FPS B-A (11,3); FPS B-A (12,4); FPS B-A (10,2); FPS B-A (9,1); FPS B-A (8,0)",n/a,,,
N I,444.245,444.36971948283934,3810000.0,C,12.1263787,14.91649,4.0,4.0,other25,3d23,True,True,(3P).3p 2P* 1.5,(1D).3d 2P 1.5,NIST-json,65,not_detected,444.2285937017126,-0.016406298287391007,0.01924895299389083,0.0,0.0,265403.3781851265,0.0,3.4755177412613115e+35,False,0.0,,,,,,,,,,,,,,,,0,,,,,"FPS B-A (11,3); FPS B-A (12,4); FPS B-A (10,2); FPS B-A (9,1); FPS B-A (8,0)",n/a,,,
N I,446.59,446.7153380235673,20400.0,C,12.1219574,14.89742,2.0,4.0,other24,3d22,True,True,(3P).3p 2P* 0.5,(1D).3d 2D 1.5,NIST-json,66,ok,446.59770468788906,0.007704687889078833,0.01932862488846091,9554796.55372345,196586.9171469448,365183.75889483036,26.164352386972244,0.04139680863202709,False,0.0,,0.007734133761397512,446.59995334851305,-1.280905830139619,29659627.866244886,244179.71740309242,,,,,,,,,,0,0.6367867298187389,,,,"SPS C-B (2,7); FPS B-A (11,3); FPS B-A (12,4); FPS B-A (10,2); FPS B-A (9,1); FPS B-A (8,0)",clean,"N2 band region: SPS C-B (2,7)/FPS B-A (11,3)",,
N I,447.417,447.5425562206646,27600.0,C,12.1263787,14.89671,4.0,6.0,other25,3d21,True,True,(3P).3p 2P* 1.5,(1D).3d 2D 2.5,NIST-json,67,weak,447.4005264611481,-0.016473538851874726,0.04355221026839577,5030572.74707906,233216.80650624356,1116431.9639856203,4.5059375845171115,0.17198443579673345,False,2.0,447.385;447.483,,,,,,,,,,,,,,,0,,,,,"SPS C-B (2,7); FPS B-A (11,3); FPS B-A (12,4); FPS B-A (10,2); FPS B-A (9,1); FPS B-A (8,0)",suspect?,"2 unexplained feature(s) in fit window; N2 band region: SPS C-B (2,7)/FPS B-A (11,3)",,
Ar I,451.0733,451.199821268912,1180000.0,B+,11.82807116,14.57594878,3.0,1.0,4s4,5p6,True,True,4s'[1/2]1,5p[1/2]0,NIST-csv,68,ok,451.06718501645906,-0.006114983540953465,0.028002422083382085,21016085.29619872,626440.2151670065,1699665.815830886,12.364833781118879,0.08980382777997226,False,0.0,,,,,,,0.8111082068357288,-0.0035003027604227606,-0.05104836856915809,-1.4661882851265078,0.1702746428626179,0.12026540892824174,451.0671850164591,0.08182930231933949,,0,1.2400721714273992,0.06516732543254969,0.8660347291780064,-0.19687678901341732,,suspect,pedestal +0.07 of height,,
Ar I,452.2323,452.35912729880243,90000.0,B,11.72316039,14.46399577,1.0,3.0,4s3,5p1,True,True,4s'[1/2]0,5p[1/2]1,NIST-csv,69,ok,452.22618152371666,-0.006118476283328216,0.01951906451173258,16500051.672449334,342828.1805968524,928112.9399302187,17.778064460226048,0.06844278257951754,False,1.0,452.271,0.0078077317155538385,452.2286856762256,-1.2002656844075221,41612774.63922353,345846.803921366,1.241912119242055,-0.007319649191899718,-0.08450996755487848,-1.6868899254662693,0.27236891648490325,0.36514964612776174,452.22943470113535,0.2878663885822198,,0,0.4956375532217309,0.0891202329478635,0.9898854412846648,0.0,,suspect,pedestal +0.09 of height,,
Ar I,454.4746,454.60201953396387,83000.0,E,12.9070153,15.634328,3.0,3.0,4p1,11d[1/2]1,True,False,4p[1/2]1,11d[1/2]1,NIST-csv,70,weak,454.4579775805182,-0.01662241948180425,0.03674015044678504,1375814.2550717061,53806.277294140265,168946.9567569188,8.143468704507239,0.0980841291006011,False,1.0,454.441,,,,,,0.0,-0.01837007522339252,-0.3043562316819635,-0.8205660154215684,0.5666872320546856,0.6395757029458674,454.45185422211057,0.0585745958958771,"454.373:N2? SPS C-B (1,6)",1,,,,,"SPS C-B (1,6)",suspect?,"1 resolved feature(s) 1.5-3 FWHM away; reference shift at scan limit; N2 band region: SPS C-B (1,6)",,
Ar I,455.4324,455.560072572669,38000.0,E,12.9070153,15.628593,3.0,5.0,4p1,7d'[3/2]2,True,False,4p[1/2]1,7d'[3/2]2,NIST-csv,71,weak,455.429776714717,-0.002623285283021713,0.01962707469170026,11118367.865053935,232289.0963399604,1768399.189693985,6.287250033731314,0.10812392504051424,False,0.0,,,,,,,7.633744668429708,0.0,0.5139487376311627,3.7053495459366377,0.38160949333253663,0.9156887220361984,455.42977671471715,0.8610591922878764,,0,,,,,"SPS C-B (1,6)",contaminated?,"excess 0.51 (3.7 sigma); hidden line 0.92 x height at 455.430 (Ar I 455.43); N2 band region: SPS C-B (1,6)",,
Ar I,458.4956,458.62408208873904,160000.0,E,12.9070153,15.61041,3.0,5.0,4p1,10d[3/2]2,True,False,4p[1/2]1,10d[3/2]2,NIST-csv,72,weak,458.5035558374623,0.007955837462260779,0.04439354446249205,8230434.441921063,388932.99811222864,943188.6711619298,8.726180342880765,0.02187006170021398,False,1.0,458.519,,,,,,12.130326914944188,-0.011098386115623013,0.5004606791741435,3.1913130878056175,0.6019453852725317,1.1222172800808254,458.5109547615396,0.5602121790279905,,0,,,,,"FNS B-X (2,4)",contaminated?,"excess 0.50 (3.2 sigma); hidden line 1.12 x height at 458.511 (Ar I 458.50); N2 band region: FNS B-X (2,4)",,
Ar I,458.6611,458.78962583668863,230000.0,E,12.9070153,15.609435,3.0,3.0,4p1,10d[1/2]1,True,False,4p[1/2]1,10d[1/2]1,NIST-csv,73,weak,458.6690599594407,0.007959959440707874,0.022204191792450798,1399068.2857071995,33067.8601445088,240579.1676044712,5.815417434677322,0.2926482651548986,False,0.0,,,,,,,0.0,-0.011102095896225399,0.7485695388874641,7.050194399908017,0.46043032711419013,1.088260786426824,458.6690599594408,0.809478214225808,,0,,,,,"FNS B-X (2,4)",contaminated?,"excess 0.75 (7.1 sigma); hidden line 1.09 x height at 458.669 (Ar I 458.66); reference shift at scan limit; N2 band region: FNS B-X (2,4)",,
Ar I,458.7209,458.8494416443809,490000.0,E,12.9070153,15.609082,3.0,1.0,4p1,10d[1/2]0,True,False,4p[1/2]1,10d[1/2]0,NIST-csv,73,not_detected,458.7288599594407,0.007959959440707874,0.022204191792450798,0.0,0.0,240579.1676044712,0.0,6.141674892968252e+35,False,1.0,458.778,,,,,,,,,,,,,,,0,,,,,"FNS B-X (2,4)",n/a,,,
Ar I,458.92893,459.0575266367283,6200.0,C,11.82807116,14.52891349,3.0,5.0,4s4,5p5,True,True,4s'[1/2]1,5p[3/2]2,NIST-csv,74,not_detected,458.9368949785929,0.007964978592867124,0.044426452532674895,738121.9824475119,34906.15282152573,607363.6043370789,1.2152884650590026,0.6653631389984817,False,0.0,,,,,,,,,,,,,,,,0,,,,,"FNS B-X (2,4)",n/a,,,
Ar I,459.6097,459.7384766093728,95000.0,B,11.82807116,14.5249133,3.0,3.0,4s4,5p4,True,True,4s'[1/2]1,5p[3/2]1,NIST-csv,75,weak,459.61061931540064,0.0009193154006666591,0.019768067449670017,8011546.395642514,168582.61122492194,1138358.7437531597,7.037804593329261,0.12960849722065043,False,1.0,459.660,,,,,,1.0385960668245162,0.009884033724835008,-0.11839425454014316,-0.5640124690970626,0.23106242106925745,0.05267471965334436,459.6073246374924,0.006006308736579924,,0,,,1.026627635859019,,"FNS B-X (2,4)",suspect?,"reference shift at scan limit; N2 band region: FNS B-X (2,4)",,
Ar I,462.8441,462.9737319314691,38300.0,B+,11.82807116,14.50606764,3.0,5.0,4s4,5p3,True,True,4s'[1/2]1,5p[5/2]2,NIST-csv,76,not_detected,462.85214756941355,0.00804756941352587,0.024846544159470213,5010648.6484041875,132523.2729560092,2005228.1770836439,2.498792259986869,0.2948123575227205,False,0.0,,,,,,,,,,,,,,,,0,,,,,"FNS B-X (1,3)",n/a,,,
Ar I,464.2137,464.3436942414903,96000.0,E,12.9070153,15.577111,3.0,5.0,4p1,9d[3/2]2,True,False,4p[1/2]1,9d[3/2]2,NIST-csv,77,not_detected,464.2217764612338,0.008076461233797842,0.019923462240011326,249077.31130916814,5282.398856452363,196765.65310402497,1.2658576706854796,0.25200031962842007,False,0.0,,,,,,,,,,,,,,,,0,,,,,"FNS B-X (1,3); SPS C-B (0,5)",n/a,,,
Ar I,464.7489,464.8790358417999,120000.0,E,12.9070153,15.574036,3.0,3.0,4p1,9d[1/2]1,True,False,4p[1/2]1,9d[1/2]1,NIST-csv,78,not_detected,464.7320608433475,-0.01683915665252586,0.04486843435073986,2076655.3017256367,99183.0686169546,993064.5499317588,2.09115842657795,0.9016651827447091,False,2.0,464.708;464.810,,,,,,,,,,,,,,,0,,,,,"FNS B-X (1,3); SPS C-B (0,5)",n/a,,,
N I,465.1823,465.3125505166261,240000.0,C+,10.6796703,13.3442064,2.0,4.0,other8,4p13,True,True,(3P).3s 2P 0.5,(3P).4p 2P* 1.5,NIST-json,79,weak,465.17970609684716,-0.0025939031528408782,0.04490134773688263,4040419.4559389553,193115.90364510464,705249.8704017319,5.729060898142964,-0.031454665402764086,False,0.0,,,,,,,,,,,,,,,,0,,,,,"FNS B-X (1,3); SPS C-B (0,5)",clean?,"N2 band region: FNS B-X (1,3)/SPS C-B (0,5)",,
N I,466.0457,466.1761789884514,672000.0,C+,10.6796703,13.3392701,2.0,2.0,other8,4p12,True,True,(3P).3s 2P 0.5,(3P).4p 2P* 0.5,NIST-json,80,weak,466.02883348724896,-0.016866512751042725,0.04496691630540056,3108351.537480051,148783.73107260483,434933.9245004591,7.146721288871937,0.06441181801160416,False,2.0,466.015;466.048,,,,,,,,,,,,,,,0,,,,,"SPS C-B (0,5)",suspect?,"2 unexplained feature(s) in fit window; N2 band region: SPS C-B (0,5)",,
N I,466.291,466.42154390470216,1510000.0,C+,12.1219574,14.78016,2.0,4.0,other24,4s6,True,True,(3P).3p 2P* 0.5,(1D).4s 2D 1.5,NIST-json,81,not_detected,466.2741283126261,-0.016871687373934602,0.019993575532360586,0.0,0.0,150006.17745660816,0.0,1.986156382504007e+35,False,0.0,,,,,,,,,,,,,,,,0,,,,,"SPS C-B (0,5)",n/a,,,
N I,466.9893,467.1200287156979,749000.0,C+,10.6899808,13.3442064,4.0,4.0,other9,4p13,True,True,(3P).3s 2P 1.5,(3P).4p 2P* 1.5,NIST-json,82,not_detected,466.97241247514387,-0.01688752485611883,0.045042559883674546,98869.91683047294,4740.448618022414,157607.465833318,0.6273174707030406,2.0557596506870803,False,0.0,,,,,,,,,,,,,,,,0,,,,,"FNS B-X (0,2)",n/a,,,
N I,467.068,467.1987495454949,302000.0,C+,12.1263787,14.78016,4.0,4.0,other25,4s6,True,True,(3P).3p 2P* 1.5,(1D).4s 2D 1.5,NIST-json,82,not_detected,467.05111247514384,-0.01688752485611883,0.045042559883674546,0.0,0.0,157607.465833318,0.0,1.5306549252113474e+35,False,0.0,,,,,,,,,,,,,,,,0,,,,,"FNS B-X (0,2)",n/a,,,
N I,467.068,467.1987495454949,1800000.0,C+,12.1263787,14.78016,4.0,6.0,other25,4s7,True,True,(3P).3p 2P* 1.5,(1D).4s 2D 2.5,NIST-json,82,not_detected,467.05111247514384,-0.01688752485611883,0.045042559883674546,0.0,0.0,157607.465833318,0.0,1.5306549252113474e+35,False,0.0,,,,,,,,,,,,,,,,0,,,,,"FNS B-X (0,2)",n/a,,,
N I,467.8595,467.99045904770276,269000.0,C+,10.6899808,13.3392701,4.0,2.0,other9,4p12,True,True,(3P).3s 2P 1.5,(3P).4p 2P* 0.5,NIST-json,83,not_detected,467.84259522499457,-0.016904775005430358,0.020046515742753797,0.0,0.0,931794.7439071418,0.0,1.0298417316752857e+36,False,0.0,,,,,,,,,,,,,,,,0,,,,,"FNS B-X (0,2)",n/a,,,
Ar I,470.2316,470.3631870617995,109000.0,B,11.82807116,14.46399577,3.0,3.0,4s4,5p1,True,True,4s'[1/2]1,5p[1/2]1,NIST-csv,84,ok,470.21644220135414,-0.015157798645847334,0.020126579161991117,18436158.55911309,394977.73092059797,438494.4100597601,42.04422710109468,0.015750920560495853,False,0.0,,0.019546462533852237,470.2171325907954,-0.01356673057351531,18680314.33909989,388673.16917123983,1.7655496746728077,-0.0025158223952488896,0.06300695411237281,5.261092742025193,0.06357343108763094,0.17016892779922374,470.2332143506559,0.9021012455247924,,0,1.3861410349928711,0.03661487483035683,1.6128137609032616,0.6292933440966317,"FNS B-X (0,2); FPS B-A (12,5); FPS B-A (11,4); FPS B-A (10,3)",contaminated,"width x1.39 vs pure; excess 0.06 (5.3 sigma); N2 band region: FNS B-X (0,2)/FPS B-A (12,5); mix/pure ratio 1.61 vs 0.99 for other 5p1 lines",,
Ar I,474.6821,474.8148658995534,360000.0,E,12.9070153,15.518227,3.0,1.0,4p1,8d[1/2]0,True,False,4p[1/2]1,8d[1/2]0,NIST-csv,85,not_detected,474.66867215760124,-0.013427842398761393,0.02027679300091683,237870.25394423306,5134.186187479133,252260.1912117326,0.942955972567937,-0.2526429462962784,False,0.0,,,,,,,,,,,,,,,,0,,,,,"FPS B-A (12,5); FPS B-A (11,4); FPS B-A (10,3); FPS B-A (9,2); FPS B-A (8,1); FPS B-A (7,0)",n/a,,,
Ar I,475.29388,475.42680800312036,450000.0,E,12.9070153,15.5148657,3.0,3.0,4p1,8d[1/2]1,True,False,4p[1/2]1,8d[1/2]1,NIST-csv,86,not_detected,475.27681839616076,-0.017061603839245737,0.020297441876858405,0.0,0.0,670238.627679717,0.0,7.449356664926227e+35,False,1.0,475.216,,,,,,,,,,,,,,,0,,,,,"FPS B-A (12,5); FPS B-A (11,4); FPS B-A (10,3); FPS B-A (9,2); FPS B-A (8,1); FPS B-A (7,0)",n/a,,,
Ar I,476.86729,477.00063497211664,860000.0,D,12.9070153,15.5062613,3.0,5.0,4p1,6d'[3/2]2,True,False,4p[1/2]1,6d'[3/2]2,NIST-csv,87,not_detected,476.85019520495246,-0.017094795047579648,0.02035054781019266,2031320.2279636476,44003.44797281782,1098757.4489684913,1.8487430778017861,0.5603884403135474,False,0.0,,,,,,,,,,,,,,,,0,,,,,"FPS B-A (12,5); FPS B-A (11,4); FPS B-A (10,3); FPS B-A (9,2); FPS B-A (8,1); FPS B-A (7,0)",n/a,,,
Ar I,479.8742,480.0083420777605,88000.0,E,13.07571571,15.658675,7.0,9.0,4p2,12d[7/2]4,True,False,4p[5/2]3,12d[7/2]4,NIST-csv,88,not_detected,479.85704177394825,-0.01715822605173706,0.020452037416844523,0.0,0.0,208760.6119737228,0.0,-2.138154210220304e+34,False,0.0,,,,,,,,,,,,,,,,0,,,,,"FPS B-A (8,1); SPS C-B (2,8); FPS B-A (7,0)",n/a,,,
Ar I,483.597,483.7321293967067,93000.0,E,13.07571571,15.638792,7.0,9.0,4p2,11d[7/2]4,True,False,4p[5/2]3,11d[7/2]4,NIST-csv,89,not_detected,483.5944617006126,-0.0025382993873588637,0.023151281313514696,2757.4470718371053,67.95390635933883,163421.20985968882,0.016873250872421097,99.159168312445,False,1.0,483.534,,,,,,,,,,,,,,,0,,,,,,n/a,,,
Ar I,483.6697,483.80484868211494,102000.0,C,12.9070153,15.469706,3.0,5.0,4p1,9s[3/2]2,True,False,4p[1/2]1,9s[3/2]2,NIST-csv,89,ok,483.6671617006126,-0.0025382993873588637,0.023151281313514696,2237114.0855525867,55130.937103904966,163421.20985968882,13.68925176525949,0.09771011830030482,False,0.0,,,,,,,0.9800611306389236,0.011575640656757348,0.4763590582440322,2.323365187139719,0.3844870312170223,0.9282949904643052,483.671020247498,0.8037175379543097,,0,,,,,,contaminated,absent in pure Ar; hidden line 0.93 x height at 483.671 (Ar I 483.67); reference shift at scan limit,,
Ar I,487.62607,487.76226847213036,780000.0,D,12.9070153,15.4489134,3.0,5.0,4p1,7d[3/2]2,True,False,4p[1/2]1,7d[3/2]2,NIST-csv,90,not_detected,487.60874824763783,-0.01732175236220121,0.025892099391983944,341418.27027545124,9409.926547142568,219623.50829375122,1.5545615900953411,0.1512832632762746,False,0.0,,,,,,,,,,,,,,,,0,,,,,,n/a,,,
Ar I,488.629,488.765464674099,120000.0,E,13.07571571,15.612397,7.0,9.0,4p2,10d[7/2]4,True,False,4p[5/2]3,10d[7/2]4,NIST-csv,91,not_detected,488.61165709075016,-0.01734290924983655,0.02074753053380371,0.0,0.0,566746.0064654114,0.0,1.2991947607254515e+35,False,0.0,,,,,,,,,,,,,,,,0,,,,,"SPS C-B (1,7)",n/a,,,
Ar I,488.79471,488.93121866074034,1300000.0,D,12.9070153,15.4428362,3.0,3.0,4p1,7d[1/2]1,True,False,4p[1/2]1,7d[1/2]1,NIST-csv,92,not_detected,488.77736359508464,-0.017346404915386544,0.020753123598683695,0.0,0.0,337076.9051427785,0.0,3.5827610146466905e+35,False,1.0,488.727,,,,,,,,,,,,,,,0,,,,,"SPS C-B (1,7)",n/a,,,
Ar I,489.46909,489.6057776798005,1800000.0,D,12.9070153,15.4393425,3.0,1.0,4p1,7d[1/2]0,True,False,4p[1/2]1,7d[1/2]0,NIST-csv,93,not_detected,489.4517293689852,-0.01736063101479879,0.020775885357743287,0.0,0.0,1042124.3379717757,0.0,3.089398777014061e+35,False,0.0,,,,,,,,,,,,,,,,0,,,,,"SPS C-B (1,7)",n/a,,,
N I,491.494,491.6312252957362,808000.0,B,10.6796703,13.2015647,2.0,2.0,other8,4p1,True,True,(3P).3s 2P 0.5,(3P).4p 2S* 0.5,NIST-json,94,not_detected,491.4765966533487,-0.017403346651325452,0.04689951834641839,147171.24987135376,7347.228910226812,222359.52485564494,0.6618616853354802,0.777200759100734,False,0.0,,,,,,,,,,,,,,,,0,,,,,"SPS C-B (1,7)",n/a,,,
Ar I,492.1034,492.2407871180447,59000.0,E,13.09487256,15.613644,5.0,7.0,4p3,10d[7/2]3,True,False,4p[5/2]2,10d[7/2]3,NIST-csv,95,not_detected,492.1120647966601,0.00866479666008232,0.046945797574649596,207501.59113853538,10369.322055742903,194615.01879322223,1.0662157135930248,0.354195947957223,False,0.0,,,,,,,,,,,,,,,,0,,,,,,n/a,,,
N I,493.512,493.64976120828936,1760000.0,B,10.6899808,13.2015647,4.0,2.0,other9,4p1,True,True,(3P).3s 2P 1.5,(3P).4p 2S* 0.5,NIST-json,96,weak,493.5206945111884,0.008694511188437386,0.020912342167434594,551956.7117773155,12286.831574617161,130891.04898952105,4.216917169190877,0.11203675368565061,False,0.0,,,,,,,,,,,,,,,,0,,,,,,clean?,,,
Ar I,493.772,493.9098302649278,36000.0,E,13.07571571,15.585975,7.0,5.0,4p2,11s[3/2]2,True,False,4p[5/2]3,11s[3/2]2,NIST-csv,97,ok,493.7657563403945,-0.006243659605523606,0.02092111772032094,21121349.216214657,470369.06388905394,746153.7050765492,28.306968219165757,0.051451612872861874,False,2.0,493.743;493.791,0.008374484767769074,493.7637820804426,0.7685056804447926,34088033.25161764,303873.09690756426,16.886864652305086,0.01046055886016047,0.7223826099729964,4.304505386660275,0.41853026850979735,0.9933710035843004,493.76924319334813,0.7980177044100074,,0,,,,,,contaminated,absent in pure Ar; excess 0.72 (4.3 sigma); hidden line 0.99 x height at 493.769 (Ar I 493.77); reference shift at scan limit,,
Ar I,495.675,495.8133357713084,180000.0,E,13.07571571,15.576338,7.0,9.0,4p2,9d[7/2]4,True,False,4p[5/2]3,9d[7/2]4,NIST-csv,98,weak,495.6575084548232,-0.017491545176849047,0.023608516519151662,2886082.887975655,72528.66911000886,883274.3091462443,3.267481979369791,0.3257238257635971,False,0.0,,,,,,,4.5136201568340635,0.0059021291297879155,-0.32826354142919556,-1.4860781049791263,0.19682512936063612,0.4782740924334599,495.692921229602,0.24431812722286717,,0,,,2.1122793302346503,,,clean?,,,
Ar I,498.9943,499.13351776865477,110000.0,E,13.09487256,15.578861,5.0,7.0,4p3,9d[7/2]3,True,False,4p[5/2]2,9d[7/2]3,NIST-csv,99,weak,499.00311016074033,0.008810160740333584,0.047469108263554154,2089802.9064139612,105596.27839270594,463996.18050013017,4.503922649021407,0.010489001977007596,False,1.0,499.021,,,,,,7.185984177111165,-0.005933638532944269,0.012015234483533746,0.06382386824197103,0.8506133471352818,0.7811237400145503,499.0189331968279,0.1500489681468341,,0,,,,,,clean?,,,
Ar I,503.2024,503.34273641866025,82000.0,E,13.07571571,15.538932,7.0,5.0,4p2,10s[3/2]2,True,False,4p[5/2]3,10s[3/2]2,NIST-csv,100,weak,503.196127921104,-0.006272078896024775,0.021239413773934034,2974756.6360820835,67255.24790538305,734393.3224075413,4.050631378741327,0.21241432280283074,False,0.0,,,,,,,0.0,-0.010619706886967017,0.3200271315423554,5.792484434822801,0.5945285275550037,1.1180196175206834,503.1961279211039,0.5774095392367408,"503.159:N2? SPS C-B (0,6)/FPS B-A (12,6)",1,,,,,"SPS C-B (0,6); FPS B-A (12,6); FPS B-A (11,5); FPS B-A (10,4)",contaminated?,"excess 0.32 (5.8 sigma); hidden line 1.12 x height at 503.196 (Ar I 503.20); 1 resolved feature(s) 1.5-3 FWHM away; reference shift at scan limit; N2 band region: SPS C-B (0,6)/FPS B-A (12,6)",,
Ar I,504.8811,505.021882819203,460000.0,D,12.9070153,15.3620414,3.0,5.0,4p1,8s[3/2]2,True,False,4p[1/2]1,8s[3/2]2,NIST-csv,101,not_detected,504.86341425141586,-0.017685748584125482,0.021296073468665994,0.0,0.0,313791.88115483883,0.0,3.326429112680966e+35,False,0.0,,,,,,,,,,,,,,,,0,,,,,"FPS B-A (12,6); FPS B-A (11,5); FPS B-A (10,4); FPS B-A (9,3)",n/a,,,
Ar I,505.4176,505.55852550295856,450000.0,D,12.9070153,15.3594356,3.0,3.0,4p1,7s'[1/2]1,True,False,4p[1/2]1,7s'[1/2]1,NIST-csv,102,not_detected,505.39990293390593,-0.017697066094037803,0.021314181484525706,0.0,0.0,918157.0161783446,0.0,8.293752448037018e+35,False,0.0,,,,,,,,,,,,,,,,0,,,,,"FPS B-A (12,6); FPS B-A (11,5); FPS B-A (10,4); FPS B-A (9,3)",n/a,,,
Ar I,505.6529,505.79388808434175,570000.0,D,12.9070153,15.3582946,3.0,1.0,4p1,7s'[1/2]0,True,False,4p[1/2]1,7s'[1/2]0,NIST-csv,103,weak,505.63519797023383,-0.01770202976613914,0.02132212335988785,1200954.7567915078,27257.706346715517,326087.565840003,3.682921039009393,0.12028353276009493,False,0.0,,,,,,,0.0030656276541010806,0.010661061679943925,0.5451860011034773,1.6124586661076727,0.6251788217923683,1.342618439291441,505.6280905957806,0.814767662346788,,0,,,0.23954951394315896,,"FPS B-A (12,6); FPS B-A (11,5); FPS B-A (10,4); FPS B-A (9,3)",contaminated?,"hidden line 1.34 x height at 505.628 (N2? FPS B-A (12,6)/FPS B-A (11,5)); reference shift at scan limit; N2 band region: FPS B-A (12,6)/FPS B-A (11,5)",,
Ar I,506.0079,506.14898250469895,370000.0,E,13.07571571,15.525275,7.0,9.0,4p2,8d[7/2]4,True,False,4p[5/2]3,8d[7/2]4,NIST-csv,104,not_detected,506.0035242973338,-0.004375702666209236,0.02133410536479036,845814.216006356,19207.976958604642,1440599.8239799868,0.5871264190978454,1.842018921881816,False,0.0,,,,,,,,,,,,,,,,0,,,,,"FPS B-A (12,6); FPS B-A (11,5); FPS B-A (10,4); FPS B-A (9,3)",n/a,,,
Ar I,507.0977,507.2390723847706,260000.0,E,13.09487256,15.539168,5.0,3.0,4p3,10s[3/2]1,True,False,4p[5/2]2,10s[3/2]1,NIST-csv,105,not_detected,507.07996749206364,-0.017732507936355953,0.04808449897252817,54427.34110306457,2785.8288005882605,550980.6301389983,0.09878267606128723,14.821767209488936,False,1.0,507.054,,,,,,,,,,,,,,,0,,,,,"FPS B-A (12,6); FPS B-A (11,5); FPS B-A (10,4); FPS B-A (9,3); FPS B-A (8,2)",n/a,,,
Ar I,507.3076,507.4490282208231,59000.0,D,12.9070153,15.3502992,3.0,5.0,4p1,6d[3/2]2,True,False,4p[1/2]1,6d[3/2]2,NIST-csv,106,ok,507.3127680352818,0.005168035281819401,0.024050219629032164,2702148.9302077424,69176.81117764933,72905.85295995956,37.063539078155806,0.03777558053171985,False,1.0,507.287,0.023348261805647936,507.31335424494057,0.0553150435607355,2663798.086366138,66204.58494466987,0.0,-0.012025109814516082,0.5501822663458993,14.141594785208603,0.41719865432665154,0.9917324776984838,507.31276803528175,0.9370722556556402,,0,,,,,"FPS B-A (12,6); FPS B-A (11,5); FPS B-A (10,4); FPS B-A (9,3); FPS B-A (8,2)",contaminated,"absent in pure Ar; excess 0.55 (14.1 sigma); hidden line 0.99 x height at 507.313 (Ar I 507.31); reference shift at scan limit; N2 band region: FPS B-A (12,6)/FPS B-A (11,5)",,
Ar I,507.8033,507.94486008832877,47000.0,E,13.07571571,15.5166146,7.0,7.0,4p2,6d'[5/2]3,True,False,4p[5/2]3,6d'[5/2]3,NIST-csv,107,not_detected,507.78555260737585,-0.017747392624136257,0.021394703932683234,0.0,0.0,1125591.9481189458,0.0,9.504385412798611e+35,False,1.0,507.723,,,,,,,,,,,,,,,0,,,,,"FPS B-A (12,6); FPS B-A (11,5); FPS B-A (10,4); FPS B-A (9,3); FPS B-A (8,2)",n/a,,,
Ar I,508.7084,508.8502008837815,160000.0,E,13.09487256,15.531429,5.0,7.0,4p3,8d[7/2]3,True,False,4p[5/2]2,8d[7/2]3,NIST-csv,108,not_detected,508.69063351421977,-0.017766485780187774,0.021425252982365667,0.0,0.0,319480.11605909065,0.0,1.4252554900150105e+35,False,0.0,,,,,,,,,,,,,,,,0,,,,,"FPS B-A (11,5); FPS B-A (10,4); FPS B-A (9,3); FPS B-A (8,2)",n/a,,,
Ar I,510.4729,510.61517038370135,87000.0,E,13.15314387,15.581278,3.0,5.0,4p4,9d[5/2]2,True,False,4p[3/2]1,9d[5/2]2,NIST-csv,109,not_detected,510.4550962919528,-0.01780370804717806,0.02148480860955012,0.0,0.0,243642.16244750592,0.0,3.492324468539136e+35,False,0.0,,,,,,,,,,,,,,,,0,,,,,"FPS B-A (10,4); FPS B-A (9,3); FPS B-A (8,2); FPS B-A (7,1)",n/a,,,
Ar I,511.8202,511.96282893388303,270000.0,D+,13.09487256,15.5166146,5.0,7.0,4p3,6d'[5/2]3,True,False,4p[5/2]2,6d'[5/2]3,NIST-csv,110,weak,511.82928072411477,0.009080724114768663,0.04844313641152044,1663609.3430614625,85785.88072740514,541735.4946043126,3.0708885787086455,0.20368406153909202,False,1.0,511.849,,,,,,2.5315018792060986,-0.006055392051440055,0.5231803260664456,2.5887820001064603,1.1712412741482092,2.280453097275351,511.85350229232023,0.6067344116075155,,0,,,,,"FPS B-A (9,3); FPS B-A (8,2); FNS B-X (1,4); FPS B-A (7,1); FPS B-A (6,0)",contaminated?,"hidden line 2.28 x height at 511.854 (N2? FPS B-A (9,3)/FPS B-A (8,2)); N2 band region: FPS B-A (9,3)/FPS B-A (8,2)",,
Ar I,512.7801,512.9229844182661,33000.0,D,13.09487256,15.5120816,5.0,5.0,4p3,6d'[5/2]2,True,False,4p[5/2]2,6d'[5/2]2,NIST-csv,111,not_detected,512.7622476213863,-0.017852378613570797,0.04851603341050162,331100.11177248304,17099.240629677355,535945.2069971147,0.6177872428930324,1.3309076730941358,False,0.0,,,,,,,,,,,,,,,,0,,,,,"FPS B-A (9,3); FPS B-A (8,2); FNS B-X (1,4); FPS B-A (7,1); FPS B-A (6,0)",n/a,,,
Ar I,515.1391,515.2826123918364,2390000.0,C,12.9070153,15.3131553,3.0,1.0,4p1,6d[1/2]0,True,False,4p[1/2]1,6d[1/2]0,NIST-csv,112,ok,515.1482516986136,0.009151698613720293,0.04058220383978858,4227241.216300094,182610.13120248227,269375.4482866109,15.692748701442088,0.02181262647568967,False,2.0,515.140;515.190,0.04507631804004721,515.1516743224938,0.03663464728774402,4108103.730854993,197116.07630670545,2.5458251878695526,0.02029110191989429,0.48477390729267456,3.560326286846695,0.37312835985700327,0.8172520952917325,515.1550153992531,0.6739342640875883,,0,,,,,"FNS B-X (1,4); FPS B-A (7,1); FPS B-A (6,0)",contaminated,"absent in pure Ar; excess 0.48 (3.6 sigma); hidden line 0.82 x height at 515.155 (Ar I 515.14); reference shift at scan limit; N2 band region: FNS B-X (1,4)/FPS B-A (7,1)",,
Ar I,515.23031,515.3738466753132,110000.0,D,12.9070153,15.31272913,3.0,5.0,4p1,5d'[5/2]2,True,False,4p[1/2]1,5d'[5/2]2,NIST-csv,112,not_detected,515.2394616986137,0.009151698613720293,0.04058220383978858,284150.7458802799,12274.8625714567,269375.4482866109,1.0548502014108887,0.6220980339204674,False,2.0,515.140;515.190,,,,,,,,,,,,,,,0,,,,,"FNS B-X (1,4); FPS B-A (7,1); FPS B-A (6,0)",n/a,,,
Ar I,516.2285,516.3723024452706,1900000.0,C,12.9070153,15.3080777,3.0,3.0,4p1,6d[1/2]1,True,False,4p[1/2]1,6d[1/2]1,NIST-csv,113,weak,516.2105748771158,-0.01792512288417964,0.04877791278469346,3855024.799932239,200162.44589974766,1132724.0249852228,3.4033221816607364,0.33042822535798877,False,1.0,516.190,,,,,,0.5825989241960551,-0.012194478196173366,0.23055208272477828,0.822553180444585,0.451934511795322,0.6056369828007574,516.2430934856396,0.20457697022063825,,0,,,0.4530535796706934,,"FPS B-A (7,1); FPS B-A (6,0)",clean?,"N2 band region: FPS B-A (7,1)/FPS B-A (6,0)",,
Ar I,517.7536,517.8978085582379,240000.0,D,13.07571571,15.469706,7.0,5.0,4p2,9s[3/2]2,True,False,4p[5/2]3,9s[3/2]2,NIST-csv,114,not_detected,517.7356427050107,-0.017957294989244463,0.02173054771685637,0.0,0.0,1653651.142515356,0.0,7.95524533472198e+35,False,0.0,,,,,,,,,,,,,,,,0,,,,,"FPS B-A (6,0)",n/a,,,
Ar I,518.7746,518.9190804713825,1380000.0,C,12.9070153,15.29629325,3.0,5.0,4p1,5d'[3/2]2,True,False,4p[1/2]1,5d'[3/2]2,NIST-csv,115,ok,518.7585644712777,-0.01603552872227987,0.02176500863799852,17739527.331046913,410991.74404562643,588277.0747135414,30.155054639321254,0.05276639061438666,False,1.0,518.784,0.018577249805228877,518.7574480257969,-0.1558923750362963,16973517.127163332,335649.09003941686,0.9303848567139802,-0.01088250431899926,0.046011531871959145,0.30130575177990293,0.10947692130925474,0.35062751803876757,518.7912119842338,0.6806592546533689,,0,0.9523462163339987,0.05651539242593938,0.8762869325332117,,"FPS B-A (6,0)",suspect,"reference shift at scan limit; pedestal +0.06 of height; N2 band region: FPS B-A (6,0)",,
Ar I,519.2733,519.4179132955132,12000.0,D,13.07571571,15.4626994,7.0,7.0,4p2,7d[5/2]3,True,False,4p[5/2]3,7d[5/2]3,NIST-csv,116,not_detected,519.2553106468191,-0.0179893531808824,0.02178184082347706,0.0,0.0,675642.9184907945,0.0,7.441464193504042e+35,False,1.0,519.214,,,,,,,,,,,,,,,0,,,,,"FPS B-A (6,0); FNS B-X (0,3)",n/a,,,
Ar I,519.4052,519.5498484269668,780000.0,D,13.15314387,15.539521,3.0,1.0,4p4,8s'[1/2]0,True,False,4p[3/2]1,8s'[1/2]0,NIST-csv,117,weak,519.4144407302895,0.009240730289391114,0.049019158640161264,2590281.808124253,135159.0337685134,534403.241456496,4.847054821494977,0.010565557894046214,False,1.0,519.435,,,,,,3.3952747553177334,0.024509579320080632,0.638051168706227,4.7883077712123185,0.6330878763811715,1.3430282025813784,519.4307804498363,0.7593684714602906,,0,,,,,"FPS B-A (6,0); FNS B-X (0,3)",contaminated?,"excess 0.64 (4.8 sigma); hidden line 1.34 x height at 519.431 (N2? FPS B-A (6,0)/FNS B-X (0,3)); reference shift at scan limit; N2 band region: FPS B-A (6,0)/FNS B-X (0,3)",,
N I,519.9837,520.1285025154162,1870000.0,D+,11.6026335,13.9863558,2.0,2.0,other13,other132,True,True,(3P).3p 2S* 0.5,(3P).5d 2P 0.5,NIST-json,118,not_detected,519.965695660875,-0.018004339125042162,0.021805818334132684,0.0,0.0,121090.18547256597,0.0,9.837091058338377e+34,False,1.0,519.930,,,,,,,,,,,,,,,0,,,,,"FNS B-X (0,3)",n/a,,,
N I,520.1606,520.3054496360255,1870000.0,D+,11.6026335,13.9855454,2.0,4.0,other13,other131,True,True,(3P).3p 2S* 0.5,(3P).5d 2P 1.5,NIST-json,119,not_detected,520.1562242973339,-0.004375702666209236,0.02181178908530805,290666.2874784801,6748.669549781704,108882.0451335158,2.6695520562830417,0.06617872857457097,False,0.0,,,,,,,,,,,,,,,,0,,,,,"FNS B-X (0,3)",n/a,,,
Ar I,521.0486,521.1936861838656,110000.0,D,13.07571571,15.4545665,7.0,7.0,4p2,7d[7/2]3,True,False,4p[5/2]3,7d[7/2]3,NIST-csv,120,not_detected,521.0305731967252,-0.018026803274726465,0.02184176097362757,0.0,0.0,496797.7800244787,0.0,3.0763346220059975e+35,False,0.0,,,,,,,,,,,,,,,,0,,,,,"FNS B-X (0,3)",n/a,,,
Ar I,521.4774,521.62260041621,210000.0,D,13.09487256,15.471767,5.0,3.0,4p3,7d[3/2]1,True,False,4p[5/2]2,7d[3/2]1,NIST-csv,121,not_detected,521.4593641511553,-0.0180358488446247,0.021856233885464746,0.0,0.0,321706.19034425396,0.0,3.53514813034101e+35,False,0.0,,,,,,,,,,,,,,,,0,,,,,"FNS B-X (0,3)",n/a,,,
Ar I,521.63,521.7752410700243,130000.0,D,13.09487256,15.471072,5.0,3.0,4p3,9s[3/2]1,True,False,4p[5/2]2,9s[3/2]1,NIST-csv,122,weak,521.6178166600266,-0.012183339973340129,0.03142574016120184,1936004.2766137915,64762.56449185672,281877.52139766986,6.868246417856417,0.02103127583814525,False,0.0,,,,,,,2.0712725578205764,-0.00785643504030046,0.5906444104608031,4.144787513055933,0.3654705226096796,0.9065232121066944,521.617816660027,0.7963097705373625,,0,,,,,"FNS B-X (0,3)",contaminated?,"excess 0.59 (4.1 sigma); hidden line 0.91 x height at 521.618 (Ar I 521.63); N2 band region: FNS B-X (0,3)",,
Ar I,522.1271,522.2724735055224,880000.0,D,13.07571571,15.4496531,7.0,9.0,4p2,7d[7/2]4,True,False,4p[5/2]3,7d[7/2]4,NIST-csv,123,not_detected,522.1246777047126,-0.002422295287455427,0.041021554953829996,2649941.704074878,115712.59913021573,1088905.8009901291,2.4335821350802953,0.25801144169046497,False,1.0,522.215,,,,,,,,,,,,,,,0,,,,,"FNS B-X (0,3)",n/a,,,
Ar I,524.1093,524.2552016597781,130000.0,D,13.09487256,15.4598316,5.0,5.0,4p3,7d[5/2]2,True,False,4p[5/2]2,7d[5/2]2,NIST-csv,124,not_detected,524.0912086310168,-0.01809136898318618,0.027431332633953885,506102.0458023512,14778.052649076779,180370.66972981108,2.805899909117565,0.22468726268782027,False,0.0,,,,,,,,,,,,,,,,0,,,,,,n/a,,,
Ar I,524.6198,524.7658376982235,120000.0,E,13.1717777,15.534435,5.0,7.0,4p5,8d[5/2]3,True,False,4p[3/2]2,8d[5/2]3,NIST-csv,125,not_detected,524.6291507326887,0.009350732688624632,0.03157080131611789,92417.88140427587,3105.8024181343603,159892.21056245058,0.5780011488938629,-0.37911155235171035,False,0.0,,,,,,,,,,,,,,,,0,,,,,,n/a,,,
Ar I,524.9165,525.0626167661574,79000.0,E,13.1717777,15.5331,5.0,5.0,4p5,8d[3/2]2,True,False,4p[3/2]2,8d[3/2]2,NIST-csv,126,not_detected,524.8983916030691,-0.01810839693099834,0.02197231082366257,0.0,0.0,281277.0740173655,0.0,5.921328117535312e+34,False,0.0,,,,,,,,,,,,,,,,0,,,,,,n/a,,,
Ar I,525.2787,525.4249132923273,540000.0,D,13.09487256,15.4545665,5.0,7.0,4p3,7d[7/2]3,True,False,4p[5/2]2,7d[7/2]3,NIST-csv,127,not_detected,525.2703984873616,-0.008301512638329912,0.021984535843875778,7053700.534228089,165069.3832816076,2815047.711689792,2.505712604776406,0.2412440672843724,False,0.0,,,,,,,,,,,,,,,,0,,,,,,n/a,,,
Ar I,525.4471,525.593358172012,360000.0,E,13.15314387,15.5120816,3.0,5.0,4p4,6d'[5/2]2,True,False,4p[3/2]1,6d'[5/2]2,NIST-csv,128,not_detected,525.4368340599136,-0.010265940086381382,0.021990219701976014,960379.4023016454,22480.430075223318,1192150.3547442392,0.8055858042400051,1.1552588110459925,False,0.0,,,,,,,,,,,,,,,,0,,,,,,n/a,,,
N I,528.12,528.2669706137277,245000.0,C,10.923908,13.2709052,6.0,6.0,other10,4p8,True,True,2s.2p4 4P 2.5,(3P).4p 4P* 2.5,NIST-json,129,not_detected,528.1294245696844,0.009424569684328456,0.04968098046193569,311705.2821027614,16484.148948681897,248572.45118381354,1.2539816082525677,0.8257920131084232,False,1.0,528.166,,,,,,,,,,,,,,,0,,,,,"SPS C-B (1,8)",n/a,,,
Ar I,528.6069,528.7540004127601,96000.0,E,13.1717777,15.5166146,5.0,7.0,4p5,6d'[5/2]3,True,False,4p[3/2]2,6d'[5/2]3,NIST-csv,130,not_detected,528.5887137537893,-0.01818624621073818,0.022096869671246314,0.0,0.0,380607.1478497144,0.0,4.368956444541779e+35,False,1.0,528.528,,,,,,,,,,,,,,,0,,,,,"SPS C-B (1,8)",n/a,,,
Ar I,529.0015,529.148705610587,90000.0,E,13.1717777,15.5148657,5.0,3.0,4p5,8d[1/2]1,True,False,4p[3/2]2,8d[1/2]1,NIST-csv,131,not_detected,528.9833054296711,-0.018194570328932777,0.02211018826035767,0.0,0.0,1562411.9022247181,0.0,1.0991899363587016e+36,False,0.0,,,,,,,,,,,,,,,,0,,,,,"SPS C-B (1,8)",n/a,,,
Ar I,530.9513,531.0990254717273,120000.0,E,13.1717777,15.5062613,5.0,5.0,4p5,6d'[3/2]2,True,False,4p[3/2]2,6d'[3/2]2,NIST-csv,132,weak,530.9568249572388,0.005524957238847182,0.02217747818732638,1827962.7187338204,43153.07071705646,554562.7908043603,3.2962231672313775,0.2552001477122639,False,0.0,,,,,,,1.0980459034410355,-0.01108873909366319,0.41863038788442114,1.8624949204476413,0.45387105690980967,0.9544634670874284,530.9568249572392,0.5964123545573192,,0,,,,,,contaminated?,hidden line 0.95 x height at 530.957 (Ar I 530.95); reference shift at scan limit,,
N I,531.039,531.1867488567628,94000.0,D+,11.9955753,14.32967,4.0,6.0,other21,other228,True,True,(3P).3p 4S* 1.5,(3P).9s 4P 2.5,NIST-json,132,not_detected,531.0445249572389,0.005524957238847182,0.02217747818732638,0.0,0.0,554562.7908043603,0.0,7.182556842940143e+35,False,0.0,,,,,,,,,,,,,,,,0,,,,,,n/a,,,
Ar I,531.7715,531.9194441838781,260000.0,E,13.30222747,15.633111,5.0,7.0,4p8,7d'[5/2]3,True,False,4p'[3/2]2,7d'[5/2]3,NIST-csv,133,ok,531.7770366552136,0.00553665521357815,0.02775460206340468,7003639.151229152,206914.52430662268,215326.38763238044,32.52568915606494,0.017134849149688457,False,0.0,,0.028376116114477844,531.7765928343168,0.24014320137782255,6943474.416987496,209730.69811224288,4.857412139700978,0.01387730103170234,0.6543672202833846,16.46822361980884,0.34068270104902754,0.8880763469487066,531.7770366552136,0.8627586590175059,,0,,,,,,contaminated,absent in pure Ar; excess 0.65 (16.5 sigma); hidden line 0.89 x height at 531.777 (Ar I 531.77); reference shift at scan limit,,
N I,532.8617,533.0099349190201,205000.0,D+,10.923908,13.250022,6.0,8.0,other10,4p5,True,True,2s.2p4 4P 2.5,(3P).4p 4D* 3.5,NIST-json,134,not_detected,532.8712245962207,0.009524596220677469,0.05004107599279214,112899.71517660665,6013.837597053044,1227805.391547783,0.09195245105927105,14.570223400602817,False,0.0,,,,,,,,,,,,,,,,0,,,,,,n/a,,,
N I,533.337,533.4853616813789,92800.0,D+,11.9955753,14.31962,4.0,4.0,other21,other227,True,True,(3P).3p 4S* 1.5,(3P).9s 4P 1.5,NIST-json,135,weak,533.3365986760132,-0.0004013239867918274,0.022256520604737498,2616162.3771125167,61980.371837212864,762506.0581444042,3.4310053660151576,0.2677187284957934,False,0.0,,,,,,,,,,,,,,,,0,,,,,,clean?,,,
N I,534.4049,534.5535465099919,61000.0,D+,10.923908,13.2433051,6.0,6.0,other10,4p4,True,True,2s.2p4 4P 2.5,(3P).4p 4D* 2.5,NIST-json,136,not_detected,534.412466742602,0.007566742601975679,0.022292564500611844,3340915.5754871396,79278.92329409797,2679664.4109304044,1.2467664092038833,0.5486232199273248,False,0.0,,,,,,,,,,,,,,,,0,,,,,"FPS B-A (12,7)",n/a,,,
N I,534.649,534.7977116198373,92100.0,D+,11.9955753,14.31391,4.0,2.0,other21,other226,True,True,(3P).3p 4S* 1.5,(3P).9s 4P 0.5,NIST-json,137,not_detected,534.6306862952121,-0.01831370478788865,0.022300803394687065,0.0,0.0,891662.468685254,0.0,8.49246172756234e+35,False,0.0,,,,,,,,,,,,,,,,0,,,,,"FPS B-A (12,7)",n/a,,,
N I,535.4388,535.5877222964368,10100.0,D,10.923908,13.2388265,6.0,4.0,other10,4p3,True,True,2s.2p4 4P 2.5,(3P).4p 4D* 1.5,NIST-json,138,not_detected,535.4204696343187,-0.018330365681325275,0.022327460824185668,0.0,0.0,1003667.9259722965,0.0,1.3668691544047353e+36,False,0.0,,,,,,,,,,,,,,,,0,,,,,"FPS B-A (12,7)",n/a,,,
N I,535.6623,535.8112819170617,141000.0,D+,10.9293522,13.2433051,4.0,6.0,other11,4p4,True,True,2s.2p4 4P 1.5,(3P).4p 4D* 2.5,NIST-json,139,not_detected,535.6439649195685,-0.018335080431493782,0.05025375995502437,460780.8322920174,24648.76566313333,746135.5832910667,0.6175564369408546,2.07893880823156,False,1.0,535.620,,,,,,,,,,,,,,,0,,,,,"FPS B-A (12,7)",n/a,,,
N I,536.701,536.8502590152709,107000.0,D+,10.9293522,13.2388265,4.0,4.0,other11,4p3,True,True,2s.2p4 4P 1.5,(3P).4p 4D* 1.5,NIST-json,140,not_detected,536.68264300811,-0.01835699189010688,0.022370062758236234,0.0,0.0,312822.3935174204,0.0,6.842933149341174e+35,False,1.0,536.637,,,,,,,,,,,,,,,0,,,,,"FPS B-A (12,7); FPS B-A (11,6)",n/a,,,
N I,537.2606,537.4100083126932,83400.0,D+,10.9317574,13.2388265,2.0,4.0,other12,4p3,True,True,2s.2p4 4P 0.5,(3P).4p 4D* 1.5,NIST-json,141,ok,537.2622216230186,0.0016216230187042898,0.0419812797943947,12165358.347841948,543641.7355150648,1170176.5688717149,10.396173254068653,-0.00575595628919532,False,2.0,537.251;537.381,,,,,,,,,,,,,,,0,0.7494474972594919,,,,"FPS B-A (12,7); FPS B-A (11,6)",suspect,"2 unexplained feature(s) in fit window; N2 band region: FPS B-A (12,7)/FPS B-A (11,6)",,
N I,537.2665,537.4159098868122,33300.0,D,10.9293522,13.2363957,4.0,2.0,other11,4p2,True,True,2s.2p4 4P 1.5,(3P).4p 4D* 0.5,NIST-json,141,not_detected,537.2681216230186,0.0016216230187042898,0.0419812797943947,0.0,0.0,1170176.5688717149,0.0,-3.9561206212012937e+34,True,2.0,537.251;537.381,,,,,,,,,,,,,,,0,,,,,"FPS B-A (12,7); FPS B-A (11,6)",n/a,,,
Ar I,537.3494,537.498832004605,270000.0,D,13.15314387,15.4598316,3.0,5.0,4p4,7d[5/2]2,True,False,4p[3/2]1,7d[5/2]2,NIST-csv,141,weak,537.3510216230186,0.0016216230187042898,0.0419812797943947,4847116.822257734,216606.4431602961,1170176.5688717149,4.1422097751720734,0.08014178987297536,False,2.0,537.251;537.381,,,,,,12.979761100457582,0.010495319948598675,-0.4283254022586358,-0.42969833261102186,0.6670051350187435,0.6281117457295168,537.3790091428818,0.0669656728356347,,0,,,,,"FPS B-A (12,7); FPS B-A (11,6)",clean?,"N2 band region: FPS B-A (12,7)/FPS B-A (11,6)",,
N I,537.8273,537.976859511921,166000.0,D+,10.9317574,13.2363957,2.0,2.0,other12,4p2,True,True,2s.2p4 4P 0.5,(3P).4p 4D* 0.5,NIST-json,142,not_detected,537.814921412413,-0.01237858758702972,0.022408077778297356,704554.7232164224,16805.504097892914,1014959.8723004506,0.6941700282391643,1.7367082731173762,False,0.0,,,,,,,,,,,,,,,,0,,,,,"FPS B-A (12,7); FPS B-A (11,6)",n/a,,,
Ar I,539.3979,539.547878597778,96000.0,D,13.1717777,15.469706,5.0,5.0,4p5,9s[3/2]2,True,False,4p[3/2]2,9s[3/2]2,NIST-csv,143,not_detected,539.3794861167912,-0.018413883208806853,0.02246108886815619,0.0,0.0,912396.0679203671,0.0,9.138290061119002e+35,False,0.0,,,,,,,,,,,,,,,,0,,,,,"FPS B-A (12,7); FPS B-A (11,6); FPS B-A (10,5)",n/a,,,
Ar I,541.0475,541.1979188255287,200000.0,D,13.1717777,15.4626994,5.0,7.0,4p5,7d[5/2]3,True,False,4p[3/2]2,7d[5/2]3,NIST-csv,144,not_detected,541.0290513183488,-0.018448681651213866,0.02251676637600741,0.0,0.0,1089227.590093211,0.0,1.2150411249287982e+36,False,0.0,,,,,,,,,,,,,,,,0,,,,,"FPS B-A (12,7); FPS B-A (11,6); FPS B-A (10,5)",n/a,,,
Ar I,542.1352,542.2859091339134,600000.0,D,13.07571571,15.3620414,7.0,5.0,4p2,8s[3/2]2,True,False,4p[5/2]3,8s[3/2]2,NIST-csv,145,not_detected,542.1167283732314,-0.018471626768700594,0.025372663384484444,3187589.943098268,86091.58745110623,2400942.255845697,1.3276412355762741,0.4741327221320844,False,0.0,,,,,,,,,,,,,,,,0,,,,,"FPS B-A (12,7); SPS C-B (0,7); FPS B-A (11,6); FPS B-A (10,5)",n/a,,,
Ar I,543.99888,544.1500866154693,190000.0,D+,12.9070153,15.185508,3.0,3.0,4p1,7s[3/2]1,True,False,4p[1/2]1,7s[3/2]1,NIST-csv,146,not_detected,544.0086395359132,0.009759535913212955,0.022616381727075505,72689.85840776526,1749.964178250039,221908.732516011,0.32756646204772766,2.6911486587917413,False,0.0,,,,,,,,,,,,,,,,0,,,,,"SPS C-B (0,7); FPS B-A (11,6); FPS B-A (10,5); FPS B-A (9,4)",n/a,,,
Ar I,544.2246,544.3758668734384,93000.0,D,13.07571571,15.3532632,7.0,7.0,4p2,6d[5/2]3,True,False,4p[5/2]3,6d[5/2]3,NIST-csv,147,ok,544.2081042971961,-0.01649570280392312,0.05090400057839831,13545666.333392825,733980.4609672818,980622.422505697,13.813335308793768,0.03445105040605861,False,1.0,544.225,,,,,,23.643460538075576,0.006363000072299789,0.48361309730653107,5.16304082525293,0.2726155339084296,0.4635336088912563,544.191136297003,0.34044202267100243,,0,,,38.912472825583,,"SPS C-B (0,7); FPS B-A (11,6); FPS B-A (10,5); FPS B-A (9,4)",contaminated,"excess 0.48 (5.2 sigma); N2 band region: SPS C-B (0,7)/FPS B-A (11,6)",,
Ar I,545.1652,545.3167179874531,470000.0,D+,12.9070153,15.18063359,3.0,5.0,4p1,7s[3/2]2,True,False,4p[1/2]1,7s[3/2]2,NIST-csv,148,not_detected,545.1466644551418,-0.01853554485823336,0.0226557475072386,0.0,0.0,3579415.60945365,0.0,3.591538724008535e+36,False,0.0,,,,,,,,,,,,,,,,0,,,,,"FPS B-A (10,5); FPS B-A (9,4)",n/a,,,
Ar I,545.7416,545.8932718800921,360000.0,D,13.09487256,15.3660895,5.0,3.0,4p3,8s[3/2]1,True,False,4p[5/2]2,8s[3/2]1,NIST-csv,149,not_detected,545.7513962987293,0.00979629872938145,0.0226752022329451,660693.2170539773,15947.155441149716,515411.59676874435,1.281874954300685,1.4800284275602404,False,1.0,545.804,,,,,,,,,,,,,,,0,,,,,"FPS B-A (10,5); FPS B-A (9,4); FPS B-A (8,3)",n/a,,,
Ar I,545.96506,546.1167915435371,38000.0,D,13.07571571,15.34600299,7.0,7.0,4p2,6d[7/2]3,True,False,4p[5/2]3,6d[7/2]3,NIST-csv,150,weak,545.9748610126358,0.009801012635746793,0.036859459785085674,4055945.947048216,159137.79441735544,808788.0210959489,5.014844237618904,0.21155918429512605,False,2.0,545.929;545.985,,,,,,11.938159496713066,0.018429729892542837,0.6696439370494212,2.959257592017365,0.7634582283370209,0.8854253019134748,545.9871474992308,0.21863353730348734,,0,,,,,"FPS B-A (10,5); FPS B-A (9,4); FPS B-A (8,3)",suspect?,"reference shift at scan limit; N2 band region: FPS B-A (10,5)/FPS B-A (9,4)",,
Ar I,546.716,546.8679320514734,76000.0,D,13.09487256,15.3620414,5.0,5.0,4p3,8s[3/2]2,True,False,4p[5/2]2,8s[3/2]2,NIST-csv,151,not_detected,546.6974317408932,-0.018568259106829865,0.022708090304993007,1625540.687663663,39292.59096573319,1000360.159431192,1.624955444635011,0.8105371585929362,False,0.0,,,,,,,,,,,,,,,,0,,,,,"FPS B-A (10,5); FPS B-A (9,4); FPS B-A (8,3)",n/a,,,
N I,547.18,547.3320559500833,139000.0,D+,11.9955753,14.26082,4.0,6.0,other21,other207,True,True,(3P).3p 4S* 1.5,(3P).8s 4P 2.5,NIST-json,152,not_detected,547.1614219527764,-0.018578047223510787,0.022723751291682484,0.0,0.0,984609.8236399428,0.0,1.0759547746069389e+36,False,0.0,,,,,,,,,,,,,,,,0,,,,,"FPS B-A (10,5); FPS B-A (9,4); FPS B-A (8,3)",n/a,,,
Ar I,547.3451,547.4972000367181,200000.0,D,13.09487256,15.3594356,5.0,3.0,4p3,7s'[1/2]1,True,False,4p[5/2]2,7s'[1/2]1,NIST-csv,153,not_detected,547.326518469979,-0.01858153002106256,0.02272932376776532,0.0,0.0,1193797.6545065565,0.0,1.9127921913282073e+36,False,1.0,547.297,,,,,,,,,,,,,,,0,,,,,"FPS B-A (10,5); FPS B-A (9,4); FPS B-A (8,3)",n/a,,,
Ar I,549.012,549.1645451827748,85000.0,D,13.09487256,15.3525603,5.0,5.0,4p3,6d[5/2]2,True,False,4p[5/2]2,6d[5/2]2,NIST-csv,154,not_detected,548.9933833065916,-0.0186166934083372,0.02278558518740474,0.0,0.0,1984786.8427645809,0.0,8.541239536179597e+35,False,0.0,,,,,,,,,,,,,,,,0,,,,,"FPS B-A (9,4); FPS B-A (8,3); FPS B-A (7,2)",n/a,,,
Ar I,549.208,549.3605975286639,560000.0,E,13.28263902,15.539521,3.0,1.0,4p7,8s'[1/2]0,True,False,4p'[3/2]1,8s'[1/2]0,NIST-csv,155,not_detected,549.1893791719561,-0.01862082804383173,0.032763788368531735,1614508.8535258172,56307.56581137609,1754128.1156254981,0.9204053222475744,1.0736407738925933,False,0.0,,,,,,,,,,,,,,,,0,,,,,"FPS B-A (9,4); FPS B-A (8,3); FPS B-A (7,2)",n/a,,,
Ar I,549.5874,549.7400988577538,1690000.0,C,13.07571571,15.33104,7.0,9.0,4p2,6d[7/2]4,True,False,4p[5/2]3,6d[7/2]4,NIST-csv,156,ok,549.5850605559369,-0.0023394440631136783,0.022806096354670256,12545085.082554726,304548.7183202896,497102.5892974621,25.236410657776418,0.022666398703672923,False,0.0,,0.020229145774196895,549.5844203967857,-0.14043072323626118,13367343.813959775,287842.46990996244,0.5678024829579823,0.005701524088667564,-0.03642514320232977,-0.42485915796298507,0.1507826285459562,0.17500064570368445,549.585060555937,0.14892816349398852,,0,1.1663983354325793,-0.02396869349221023,0.5523796096664358,,"FPS B-A (9,4); FPS B-A (8,3); FPS B-A (7,2)",clean,"N2 band region: FPS B-A (9,4)/FPS B-A (8,3)",,
N I,549.652,549.8047161112565,137000.0,D+,11.9955753,14.25063,4.0,4.0,other21,other206,True,True,(3P).3p 4S* 1.5,(3P).8s 4P 1.5,NIST-json,156,not_detected,549.649660555937,-0.0023394440631136783,0.022806096354670256,350679.0047781678,8513.201843129855,497102.5892974621,0.7054459428058307,0.7830429663175584,False,0.0,,,,,,,,,,,,,,,,0,,,,,"FPS B-A (9,4); FPS B-A (8,3); FPS B-A (7,2)",n/a,,,
Ar I,550.6113,550.7642723338756,360000.0,D+,13.09487256,15.34600299,5.0,7.0,4p3,6d[7/2]3,True,False,4p[5/2]2,6d[7/2]3,NIST-csv,157,not_detected,550.5926495692318,-0.018650430768267813,0.04282418430617573,757441.4892076744,34527.91864920669,631852.2677137821,1.1987635843237678,0.28418816200481833,False,0.0,,,,,,,,,,,,,,,,0,,,,,"FPS B-A (9,4); FPS B-A (8,3); FPS B-A (7,2)",n/a,,,
N I,551.019,551.1720812339172,136000.0,D+,11.9955753,14.24504,4.0,2.0,other21,other205,True,True,(3P).3p 4S* 1.5,(3P).8s 4P 0.5,NIST-json,158,weak,551.0289076258996,0.00990762589957954,0.022853325705262044,10090513.10006347,245467.99199639796,1232130.8388635255,8.189481816209232,0.08345757967538042,False,0.0,,,,,,,,,,,,,,,,0,,,2.4102220011187407,,"FPS B-A (8,3); FPS B-A (7,2)",clean?,"N2 band region: FPS B-A (8,3)/FPS B-A (7,2)",,
N I,551.1696,551.3227214613393,129000.0,C,11.7500916,13.9989413,2.0,4.0,other14,other146,True,True,(3P).3p 4D* 0.5,(3P).5d 4D 1.5,NIST-json,159,weak,551.1509377918491,-0.0186622081509035,0.022858408775510826,5092390.65165054,123908.1626834543,1166097.4850687166,4.367036818838908,0.25674777021387596,False,0.0,,,,,,,,,,,,,,,,0,,,,,"FPS B-A (8,3); FPS B-A (7,2)",clean?,"N2 band region: FPS B-A (8,3)/FPS B-A (7,2)",,
N I,551.309,551.4621586975209,257000.0,C,11.7500916,13.99837,2.0,2.0,other14,other145,True,True,(3P).3p 4D* 0.5,(3P).5d 4D 0.5,NIST-json,160,not_detected,551.2903348511951,-0.018665148804923593,0.02286311382194297,0.0,0.0,784608.2339238918,0.0,1.2068444852789643e+36,False,0.0,,,,,,,,,,,,,,,,0,,,,,"FPS B-A (8,3); FPS B-A (7,2)",n/a,,,
N I,551.8102,551.9634925803098,120000.0,C,11.7528949,13.999134,4.0,6.0,other15,other147,True,True,(3P).3p 4D* 1.5,(3P).5d 4D 2.5,NIST-json,161,gap,,,,,,,,,,,,,,,,,,,,,,,,,,0,,,,,,n/a,,,
N I,551.8576,552.0109052422924,205000.0,C,11.7528949,13.9989413,4.0,4.0,other15,other146,True,True,(3P).3p 4D* 1.5,(3P).5d 4D 1.5,NIST-json,161,edge,,,,,,,,,,,,,,,,,,,,,,,,,,0,,,,,,n/a,,,
N I,551.997,552.1503424805572,256000.0,C,11.7528949,13.99837,4.0,2.0,other15,other145,True,True,(3P).3p 4D* 1.5,(3P).5d 4D 0.5,NIST-json,162,edge,,,,,,,,,,,,,,,,,,,,,,,,,,0,,,,,,n/a,,,
Ar I,552.49567,552.6491456949459,170000.0,D+,13.07571571,15.31916801,7.0,7.0,4p2,5d'[5/2]3,True,False,4p[5/2]3,5d'[5/2]3,NIST-csv,163,not_detected,552.4769798182977,-0.01869018170238427,0.022903166457880052,0.0,0.0,681683.4800572003,0.0,2.505622419041539e+36,False,0.0,,,,,,,,,,,,,,,,0,,,,,"FPS B-A (8,3); FPS B-A (7,2)",n/a,,,
Ar I,552.8961,553.0496826694523,120000.0,E,13.2730381,15.5148657,1.0,3.0,4p6,8d[1/2]1,True,False,4p[1/2]0,8d[1/2]1,NIST-csv,164,ok,552.8937705807706,-0.0023294192295099433,0.02291837449103209,5104164.7229939485,124520.45627506966,170896.83359146188,29.866935599261776,0.06104542152723221,False,0.0,,0.023007986045377113,552.893726125837,0.19765955686086223,5242682.246178955,128399.80134426456,0.0943551465093496,0.011459187245516044,0.522117294192299,3.4007559814071744,0.39375692284868613,0.9877226156165825,552.8937705807701,0.9720748577282331,,0,,,,,"FPS B-A (8,3); FPS B-A (7,2); FPS B-A (6,1)",contaminated,"absent in pure Ar; excess 0.52 (3.4 sigma); hidden line 0.99 x height at 552.894 (Ar I 552.90); reference shift at scan limit; N2 band region: FPS B-A (8,3)/FPS B-A (7,2)",,
N I,552.938,553.0915938631985,72600.0,C,11.7575319,13.9991896,6.0,8.0,other16,other148,True,True,(3P).3p 4D* 2.5,(3P).5d 4D 3.5,NIST-json,164,not_detected,552.9356705807705,-0.0023294192295099433,0.02291837449103209,220591.59921281785,5381.520400524101,170896.83359146188,1.2907881004990063,1.307979838595971,False,0.0,,,,,,,,,,,,,,,,0,,,,,"FPS B-A (8,3); FPS B-A (7,2); FPS B-A (6,1)",n/a,,,
N I,552.9517,553.1052975232144,292000.0,C,11.7575319,13.999134,6.0,6.0,other16,other147,True,True,(3P).3p 4D* 2.5,(3P).5d 4D 2.5,NIST-json,164,not_detected,552.9493705807705,-0.0023294192295099433,0.02291837449103209,0.0,0.0,170896.83359146188,0.0,2.809905967602542e+35,True,0.0,,,,,,,,,,,,,,,,0,,,,,"FPS B-A (8,3); FPS B-A (7,2); FPS B-A (6,1)",n/a,,,
N I,552.9992,553.152810213082,178000.0,C,11.7575319,13.9989413,6.0,4.0,other16,other146,True,True,(3P).3p 4D* 2.5,(3P).5d 4D 1.5,NIST-json,164,not_detected,552.9968705807705,-0.0023294192295099433,0.02291837449103209,0.0,0.0,170896.83359146188,0.0,2.548525340044749e+35,False,0.0,,,,,,,,,,,,,,,,0,,,,,"FPS B-A (8,3); FPS B-A (7,2); FPS B-A (6,1)",n/a,,,
Ar I,553.4479,553.6016300879749,270000.0,D+,13.30222747,15.54182,5.0,3.0,4p8,8s'[1/2]1,True,False,4p'[3/2]2,8s'[1/2]1,NIST-csv,165,not_detected,553.4291897309305,-0.01871026906951159,0.022935306245283768,0.0,0.0,158660.22632936848,0.0,5.501592826116269e+33,False,0.0,,,,,,,,,,,,,,,,0,,,,,"FPS B-A (8,3); FPS B-A (7,2); FPS B-A (6,1)",n/a,,,
Ar I,554.08596,554.2398605598136,41000.0,D,13.07571571,15.31272913,7.0,5.0,4p2,5d'[5/2]2,True,False,4p[5/2]3,5d'[5/2]2,NIST-csv,166,not_detected,554.0672362710044,-0.018723728995652604,0.02295684212710939,0.0,0.0,469146.8751745907,0.0,4.687444027115339e+35,False,0.0,,,,,,,,,,,,,,,,0,,,,,"FPS B-A (7,2); FPS B-A (6,1)",n/a,,,
N I,554.5,554.6540111844172,433000.0,C,11.7638464,13.9991896,8.0,8.0,other17,other148,True,True,(3P).3p 4D* 3.5,(3P).5d 4D 3.5,NIST-json,167,weak,554.4833183778263,-0.016681622173655156,0.022971049747232384,10734103.738426257,262469.4980261423,2940853.7788244253,3.6499957310754496,0.18044138841664745,False,0.0,,,,,,,,,,,,,,,,0,,,,,"FPS B-A (7,2); FPS B-A (6,1)",clean?,"N2 band region: FPS B-A (7,2)/FPS B-A (6,1)",,
N I,554.5138,554.6678148716109,95900.0,C,11.7638464,13.999134,8.0,6.0,other17,other147,True,True,(3P).3p 4D* 3.5,(3P).5d 4D 2.5,NIST-json,167,not_detected,554.4971183778263,-0.016681622173655156,0.022971049747232384,0.0,0.0,2940853.7788244253,0.0,2.252068608978907e+36,False,0.0,,,,,,,,,,,,,,,,0,,,,,"FPS B-A (7,2); FPS B-A (6,1)",n/a,,,
Ar I,555.2741,555.4283180208736,79000.0,E,13.28263902,15.5148657,3.0,3.0,4p7,8d[1/2]1,True,False,4p'[3/2]1,8d[1/2]1,NIST-csv,168,not_detected,555.2779374917548,0.0038374917547451936,0.022996944378672404,3793630.3306538234,92866.13133773969,2714376.174602891,1.397606700997818,0.9594571250216016,False,1.0,555.334,,,,,,,,,,,,,,,0,,,,,"FPS B-A (7,2); FPS B-A (6,1)",n/a,,,
N I,555.7383,555.8926420593855,994000.0,C,11.7500916,13.980454,2.0,4.0,other14,other127,True,True,(3P).3p 4D* 0.5,(3P).5d 4F 1.5,NIST-json,169,weak,555.7318695998234,-0.006430400176547378,0.023012612115787184,8318368.883197948,203768.15023780818,2338951.524439771,3.55645202402832,0.1746442650340349,False,0.0,,,,,,,,,,,,,,,,0,,,,,"FPS B-A (7,2); FPS B-A (6,1)",clean?,"N2 band region: FPS B-A (7,2)/FPS B-A (6,1)",,
Ar I,555.8702,556.0245773051125,1420000.0,C,12.9070153,15.13684847,3.0,5.0,4p1,5d[3/2]2,True,False,4p[1/2]1,5d[3/2]2,NIST-csv,170,ok,555.8658242973338,-0.004375702666209236,0.05179499849520915,9334668.751926007,514658.2586423637,690550.8345801341,13.517714097907989,0.10421491565701013,False,2.0,555.822;555.866,,,,,,0.9015696617082989,0.012948749623802288,0.10106460832094695,0.6139636829743266,0.2423303890254333,0.21539676517826686,555.831294298337,0.05333842784472198,555.733:N I 555.74,1,2.294840709873659,0.10817995515176156,1.5194178715963265,,"FPS B-A (7,2); FPS B-A (6,1)",contaminated,"width x2.29 vs pure; 1 resolved feature(s) 1.5-3 FWHM away; pedestal +0.11 of height; N2 band region: FPS B-A (7,2)/FPS B-A (6,1)",,
Ar I,555.9676,556.1220033321405,220000.0,D+,13.28263902,15.5120816,3.0,5.0,4p7,6d'[5/2]2,True,False,4p'[3/2]1,6d'[5/2]2,NIST-csv,170,not_detected,555.9632242973337,-0.004375702666209236,0.05179499849520915,0.0,0.0,690550.8345801341,0.0,6.812833250456178e+35,False,2.0,555.822;555.866,,,,,,,,,,,,,,,0,,,,,"FPS B-A (7,2); FPS B-A (6,1)",n/a,,,
N I,556.0337,556.188120995361,1420000.0,C,11.7638464,13.9930238,8.0,10.0,other17,other130,True,True,(3P).3p 4D* 3.5,(3P).5d 4F 4.5,NIST-json,170,not_detected,556.0293242973337,-0.004375702666209236,0.05179499849520915,0.0,0.0,690550.8345801341,0.0,4.834391085541252e+35,False,0.0,,,,,,,,,,,,,,,,0,,,,,"FPS B-A (7,2); FPS B-A (6,1)",n/a,,,
N I,556.4265,556.5810259611544,1060000.0,C,11.7528949,13.9804985,4.0,6.0,other15,other128,True,True,(3P).3p 4D* 1.5,(3P).5d 4F 2.5,NIST-json,171,not_detected,556.4077268183731,-0.018773181626942796,0.023035966337173697,0.0,0.0,904310.638482604,0.0,7.180033995027802e+35,False,0.0,,,,,,,,,,,,,,,,0,,,,,"FPS B-A (7,2); FPS B-A (6,1)",n/a,,,
N I,556.4265,556.5810259611544,1210000.0,C,11.7575319,13.9851355,6.0,8.0,other16,other129,True,True,(3P).3p 4D* 2.5,(3P).5d 4F 3.5,NIST-json,171,not_detected,556.4077268183731,-0.018773181626942796,0.023035966337173697,0.0,0.0,904310.638482604,0.0,7.180033995027802e+35,False,0.0,,,,,,,,,,,,,,,,0,,,,,"FPS B-A (7,2); FPS B-A (6,1)",n/a,,,
N I,556.4377,556.5922289541166,396000.0,C,11.7528949,13.980454,4.0,4.0,other15,other127,True,True,(3P).3p 4D* 1.5,(3P).5d 4F 1.5,NIST-json,171,not_detected,556.418926818373,-0.018773181626942796,0.023035966337173697,0.0,0.0,904310.638482604,0.0,8.344186285651267e+35,False,0.0,,,,,,,,,,,,,,,,0,,,,,"FPS B-A (7,2); FPS B-A (6,1); FPS B-A (5,0)",n/a,,,
Ar I,557.2541,557.4088471268145,660000.0,C,13.09487256,15.31916801,5.0,7.0,4p3,5d'[5/2]3,True,False,4p[5/2]2,5d'[5/2]3,NIST-csv,172,weak,557.264139155827,0.010039155826987377,0.05189349057550781,2157042.386637967,119152.66862403868,335612.2561044755,6.427185978471786,0.14577822427303988,False,1.0,557.298,,,,,,0.5710974362962044,0.01946005896581543,-0.45092230113091625,-0.5981044515044234,0.6851972661635456,0.7461435644330056,557.2987348162109,0.06385664702664073,,0,,,1.005479559466482,,"FPS B-A (7,2); FPS B-A (6,1); FPS B-A (5,0)",clean?,"N2 band region: FPS B-A (7,2)/FPS B-A (6,1)",,
Ar I,557.4228,557.5775922115278,46000.0,D,13.28263902,15.5062613,3.0,5.0,4p7,6d'[3/2]2,True,False,4p'[3/2]1,6d'[3/2]2,NIST-csv,173,not_detected,557.4040058801008,-0.018794119899242213,0.023069467572852765,0.0,0.0,251739.87754736564,0.0,2.7012131780769366e+35,False,0.0,,,,,,,,,,,,,,,,0,,,,,"FPS B-A (6,1); FPS B-A (5,0)",n/a,,,
N I,557.5872,557.7420361476493,342000.0,C,11.7575319,13.9804985,6.0,6.0,other16,other128,True,True,(3P).3p 4D* 2.5,(3P).5d 4F 2.5,NIST-json,174,not_detected,557.5684022939374,-0.018797706062681344,0.023075205434355373,0.0,0.0,964529.4025267373,0.0,7.554786969972725e+35,False,0.0,,,,,,,,,,,,,,,,0,,,,,"FPS B-A (6,1); FPS B-A (5,0)",n/a,,,
N I,557.5984,557.753239140885,28100.0,D+,11.7575319,13.980454,6.0,4.0,other16,other127,True,True,(3P).3p 4D* 2.5,(3P).5d 4F 1.5,NIST-json,174,not_detected,557.5796022939373,-0.018797706062681344,0.023075205434355373,0.0,0.0,964529.4025267373,0.0,8.797879960961517e+35,False,0.0,,,,,,,,,,,,,,,,0,,,,,"FPS B-A (6,1); FPS B-A (5,0)",n/a,,,
N I,558.0083,558.1632486897729,200000.0,C,11.7638464,13.9851355,8.0,8.0,other17,other129,True,True,(3P).3p 4D* 3.5,(3P).5d 4F 3.5,NIST-json,175,not_detected,558.0183550657356,0.010055065735609691,0.05195076624654814,2038306.859105747,112718.1192156982,1453415.2169430915,1.4024257041926629,0.3790546448343624,False,1.0,558.048,,,,,,,,,,,,,,,0,,,,,"FPS B-A (6,1); FPS B-A (5,0)",n/a,,,
Ar I,558.18714,558.3421364872216,56000.0,D+,13.07571571,15.29629325,7.0,5.0,4p2,5d'[3/2]2,True,False,4p[5/2]3,5d'[3/2]2,NIST-csv,176,weak,558.1827642973337,-0.004375702666209236,0.051964347764724826,2203572.8520723158,121889.16557419434,463657.41118329426,4.752588439055908,0.06553862936681477,False,0.0,,,,,,,5.7552952232725145,-0.01948663041177181,-0.0364076676683629,-0.034239402874802025,0.5300120474691867,0.6815642355153994,558.1567821234515,0.05789997927851109,,0,,,,,"FPS B-A (6,1); FPS B-A (5,0)",clean?,"N2 band region: FPS B-A (6,1)/FPS B-A (5,0)",,
Ar I,558.87196,559.027139520948,150000.0,D+,13.09487256,15.31272913,5.0,5.0,4p3,5d'[5/2]2,True,False,4p[5/2]2,5d'[5/2]2,NIST-csv,177,weak,558.8572635920639,-0.014696407936062422,0.05201635456006006,2951351.187195826,163415.41182709855,381481.2056370022,7.736557249963656,0.0677650933287409,False,1.0,558.848,,,,,,0.5091695619471872,-0.013004088640015015,0.12418939092862735,2.068059402582819,0.3619453519860048,0.6074610319263428,558.8832717693438,0.45281800395892746,,0,,,0.7550337754870522,,"FPS B-A (6,1); FPS B-A (5,0)",clean?,"N2 band region: FPS B-A (6,1)/FPS B-A (5,0)",,
N I,559.1756,559.3308606787684,13500.0,D+,11.7638464,13.9804985,8.0,6.0,other17,other128,True,True,(3P).3p 4D* 3.5,(3P).5d 4F 2.5,NIST-json,178,not_detected,559.1567689046462,-0.01883109535380757,0.023128628300157335,0.0,0.0,1673957.9546045226,0.0,1.3046390963866975e+36,False,0.0,,,,,,,,,,,,,,,,0,,,,,"FPS B-A (6,1); FPS B-A (5,0)",n/a,,,
Ar I,559.7476,559.9030135698574,420000.0,E,13.30222747,15.5166146,5.0,7.0,4p8,6d'[5/2]3,True,False,4p'[3/2]2,6d'[5/2]3,NIST-csv,179,ok,559.7390907375988,-0.008509262401299827,0.023147934516507297,10689877.62621818,263400.86016565986,466948.5339367755,22.893053193878494,0.03475713635466736,False,0.0,,0.013550981472516708,559.7374169741158,0.30743542649134403,13712393.795466887,197795.42336602596,18.292635870382043,0.005786983629126824,0.05068433935776719,0.516089644925088,0.28201265605560316,0.3765931579324291,559.742948726685,0.2899336941297527,,0,,,18.918145610621472,,"FPS B-A (6,1); FPS B-A (5,0)",clean,"N2 band region: FPS B-A (6,1)/FPS B-A (5,0)",,
Ar I,560.6733,560.8289610164917,2200000.0,C,12.9070153,15.11774638,3.0,3.0,4p1,5d[1/2]1,True,False,4p[1/2]1,5d[1/2]1,NIST-csv,180,ok,560.675133005957,0.0018330059570037987,0.028973973574994174,40360300.1168922,1244785.8900003678,1498136.1931436558,26.940341139613647,0.027910647457660132,False,0.0,,0.028555135700698696,560.6763287884069,0.4672512617732944,41150526.637289375,1250811.4154353184,1.719864864423157,0.010865240090622815,0.06724064238903221,7.276114827640451,0.10034841869302202,0.1791672937958081,560.6896199927448,0.49865138089768535,,0,1.3061883686073905,0.03545998408721431,1.8031732654796877,,"FPS B-A (6,1); FPS B-A (5,0)",contaminated,"width x1.31 vs pure; excess 0.07 (7.3 sigma); N2 band region: FPS B-A (6,1)/FPS B-A (5,0)",,
Ar I,561.8014,561.9573625899949,210000.0,D,13.15314387,15.3594356,3.0,3.0,4p4,7s'[1/2]1,True,False,4p[3/2]1,7s'[1/2]1,NIST-csv,181,not_detected,561.803243204825,0.0018432048250097265,0.023217254633884136,660269.851836217,16317.910332850932,291489.05308420636,2.265161743983147,0.1826396652103609,False,0.0,,,,,,,,,,,,,,,,0,,,,,"FPS B-A (5,0)",n/a,,,
Ar I,562.0921,562.2481403066669,360000.0,D,13.15314387,15.3582946,3.0,1.0,4p4,7s'[1/2]0,True,False,4p[3/2]1,7s'[1/2]0,NIST-csv,182,not_detected,562.0732073808481,-0.018892619151867737,0.0232270663770536,0.0,0.0,644713.1295333519,0.0,1.2855437602945376e+36,False,0.0,,,,,,,,,,,,,,,,0,,,,,"FPS B-A (5,0)",n/a,,,
Ar I,562.377,562.53311647442,140000.0,D,13.30222747,15.5062613,5.0,5.0,4p8,6d'[3/2]2,True,False,4p'[3/2]2,6d'[3/2]2,NIST-csv,183,weak,562.35810137086,-0.01889862913989014,0.02323668235788945,1343244.8119852114,33224.73328734307,353576.94802982436,3.7990169310243274,0.23333017935837552,False,0.0,,,,,,,0.3862512262805798,0.011618341178944724,0.28574354319604706,0.5454422380644014,0.38679154838285956,0.8704218125388249,562.3542285904668,0.6408849536293959,,0,,,,,"FPS B-A (5,0)",suspect?,"reference shift at scan limit; N2 band region: FPS B-A (5,0)",,
Ar I,563.5576,563.7140321243243,96000.0,D,13.15314387,15.3525603,3.0,5.0,4p4,6d[5/2]2,True,False,4p[3/2]1,6d[5/2]2,NIST-csv,184,not_detected,563.5386764660097,-0.01892353399022096,0.02327653011841876,149956.08289539418,3715.4766572454505,190880.29824872923,0.7856027273175769,3.173064404831284,False,0.0,,,,,,,,,,,,,,,,0,,,,,"FPS B-A (5,0)",n/a,,,
Ar I,563.734,563.8904792897531,91000.0,D,13.2730381,15.471767,1.0,3.0,4p6,7d[3/2]1,True,False,4p[1/2]0,7d[3/2]1,NIST-csv,185,not_detected,563.7150727448379,-0.018927255162166035,0.023282483993530882,0.0,0.0,727955.4830317635,0.0,5.190329664693344e+35,False,0.0,,,,,,,,,,,,,,,,0,,,,,"FPS B-A (5,0)",n/a,,,
Ar I,563.912,564.0685268836232,210000.0,D,13.2730381,15.471072,1.0,3.0,4p6,9s[3/2]1,True,False,4p[1/2]0,9s[3/2]1,NIST-csv,186,not_detected,563.9221796047539,0.010179604753819127,0.05239910671210211,1815106.448368452,101241.41189450382,1210517.221788318,1.4994470261951036,0.4152490906825661,False,0.0,,,,,,,,,,,,,,,,0,,,,,"FPS B-A (5,0)",n/a,,,
Ar I,564.1376,564.2941872057611,87000.0,D,13.15314387,15.3502992,3.0,5.0,4p4,6d[3/2]2,True,False,4p[3/2]1,6d[3/2]2,NIST-csv,187,not_detected,564.1186642308639,-0.018935769136072117,0.023296106351780612,0.0,0.0,382878.10509209346,0.0,3.111310373193388e+35,False,0.0,,,,,,,,,,,,,,,,0,,,,,"FPS B-A (5,0)",n/a,,,
Ar I,564.8687,565.0254826982383,120000.0,D,13.1717777,15.3660895,5.0,3.0,4p5,8s[3/2]1,True,False,4p[3/2]2,8s[3/2]1,NIST-csv,188,gap,,,,,,,,,,,,,,,,,,,,,,,,,,0,,,,,,n/a,,,
Ar I,565.0704,565.2272366336966,3200000.0,C,12.9070153,15.10054371,3.0,1.0,4p1,5d[1/2]0,True,False,4p[1/2]1,5d[1/2]0,NIST-csv,189,edge,,,,,,,,,,,,,,,,,,,,,,,,,,0,,,,,,n/a,,,
Ar I,565.9127,566.0697618771827,260000.0,D,13.1717777,15.3620414,5.0,5.0,4p5,8s[3/2]2,True,False,4p[3/2]2,8s[3/2]2,NIST-csv,190,not_detected,565.8937267849891,-0.018973215010900372,0.05255104444088809,1171596.8786145523,65537.78632257502,1098124.259777994,1.0669073815484345,0.745941965296678,False,1.0,565.860,,,,,,,,,,,,,,,0,,,,,,n/a,,,
Ar I,568.1899,568.3475709047741,200000.0,D,13.1717777,15.3532632,5.0,7.0,4p5,6d[5/2]3,True,False,4p[3/2]2,6d[5/2]3,NIST-csv,191,not_detected,568.1876165187707,-0.002283481229250342,0.02343288009393962,297464.568739791,7419.815808377682,877206.4000915658,0.3391044213867348,4.316751448604955,False,0.0,,,,,,,,,,,,,,,,0,,,,,,n/a,,,
Ar I,568.373,568.5307198785501,200000.0,D,13.1717777,15.3525603,5.0,5.0,4p5,6d[5/2]2,True,False,4p[3/2]2,6d[5/2]2,NIST-csv,192,not_detected,568.3539748847661,-0.019025115233896234,0.0234390601082992,0.0,0.0,2542659.0631084433,0.0,1.632071685106249e+36,False,0.0,,,,,,,,,,,,,,,,0,,,,,,n/a,,,
Ar I,570.08724,570.2454184183588,590000.0,D,13.1717777,15.34600299,5.0,7.0,4p5,6d[7/2]3,True,False,4p[3/2]2,6d[7/2]3,NIST-csv,193,not_detected,570.0681787227377,-0.01906127726221328,0.02349691935360647,0.0,0.0,1641245.9336582243,0.0,1.4030973241786256e+36,False,0.0,,,,,,,,,,,,,,,,0,,,,,,n/a,,,
Ar I,571.2504,571.4088895830891,87000.0,D,13.2730381,15.4428362,1.0,3.0,4p6,7d[1/2]1,True,False,4p[1/2]0,7d[1/2]1,NIST-csv,194,weak,571.2355165956398,-0.014883404360259289,0.02353725179467212,5237558.796628966,131225.08865764222,1608038.2401105016,3.2571108484764952,0.17501859242038856,False,0.0,,,,,,,11.90323356217312,-0.00588431294866803,-0.14371947313335726,-0.3606800309959064,0.22154383466655722,0.20033174391831646,571.231593720341,0.03915294270584002,,0,,,,,,clean?,,,
N I,571.314,571.4725065979068,89400.0,D+,11.9955753,14.16513,4.0,2.0,other21,other181,True,True,(3P).3p 4S* 1.5,(3P).6d 4P 0.5,NIST-json,194,weak,571.2991165956397,-0.014883404360259289,0.02353725179467212,5516627.923256829,138217.06188511648,1608038.2401105016,3.430657173226015,0.32464133525897715,False,0.0,,,,,,,,,,,,,,,,0,,,,,,clean?,,,
N I,572.935,573.0939402880277,88700.0,D+,11.9955753,14.159,4.0,4.0,other21,other180,True,True,(3P).3p 4S* 1.5,(3P).6d 4P 1.5,NIST-json,195,not_detected,572.9158786490154,-0.019121350984539293,0.023593037309328095,0.0,0.0,3800332.2198798656,0.0,5.160541752790483e+36,False,1.0,572.860,,,,,,,,,,,,,,,0,,,,,,n/a,,,
N I,573.211,573.3700141354144,88500.0,D+,11.9955753,14.15795,4.0,6.0,other21,other179,True,True,(3P).3p 4S* 1.5,(3P).6d 4P 2.5,NIST-json,196,weak,573.2192684149568,0.00826841495677552,0.023602352896238216,18038410.07582669,453195.684214313,3150192.8417915613,5.726128837740606,0.17109067929147193,False,0.0,,,,,,,,,,,,,,,,0,,,,,"FPS B-A (12,8)",clean?,"N2 band region: FPS B-A (12,8)",,
N I,573.4405,573.5995755422298,447000.0,C,11.8374298,13.9989413,2.0,4.0,other18,other146,True,True,(3P).3p 4P* 0.5,(3P).5d 4D 1.5,NIST-json,197,not_detected,573.4508806092147,0.01038060921458248,0.026561361385425086,6940513.195434309,196233.9406409491,5359296.75604731,1.2950417771889173,0.6186617447807287,False,0.0,,,,,,,,,,,,,,,,0,,,,,"FPS B-A (12,8)",n/a,,,
N I,573.591,573.7501158117326,894000.0,C,11.8374298,13.99837,2.0,2.0,other18,other145,True,True,(3P).3p 4P* 0.5,(3P).5d 4D 0.5,NIST-json,198,not_detected,573.6013837840239,0.010383784023980063,0.053134152084681474,257856.7419597649,14584.261934245616,1553223.761194979,0.1660139050160949,10.094313137762756,False,0.0,,,,,,,,,,,,,,,,0,,,,,"FPS B-A (12,8)",n/a,,,
Ar I,573.952,574.1112124067843,870000.0,D,13.15314387,15.31272913,3.0,5.0,4p4,5d'[5/2]2,True,False,4p[3/2]1,5d'[5/2]2,NIST-csv,199,weak,573.9623923570641,0.010392357064107495,0.038396955298823504,16413129.158139657,670842.2168122111,3237672.3889831984,5.069422469669408,0.27539713578414915,False,0.0,,,,,,,8.582439081364335,0.019198477649411752,0.09016562754409939,0.524663543347533,0.21785913166510718,0.2815558335337157,573.9879903272633,0.14543133391804997,,0,,,10.48191857824009,,"FPS B-A (12,8)",suspect?,"reference shift at scan limit; N2 band region: FPS B-A (12,8)",,
N I,573.9945,574.1537237789411,749000.0,C,11.8397086,13.999134,4.0,6.0,other19,other147,True,True,(3P).3p 4P* 1.5,(3P).5d 4D 2.5,NIST-json,199,not_detected,574.0048923570641,0.010392357064107495,0.038396955298823504,0.0,0.0,3237672.3889831984,0.0,4.9877162747828026e+36,False,1.0,574.092,,,,,,,,,,,,,,,0,,,,,"FPS B-A (12,8)",n/a,,,
N I,574.0457,574.204937479091,571000.0,C,11.8397086,13.9989413,4.0,4.0,other19,other146,True,True,(3P).3p 4P* 1.5,(3P).5d 4D 1.5,NIST-json,199,not_detected,574.0560923570641,0.010392357064107495,0.038396955298823504,2415537.9020970045,98728.57182952561,3237672.3889831984,0.7460723667769277,2.298047859340792,False,1.0,574.092,,,,,,,,,,,,,,,0,,,,,"FPS B-A (12,8)",n/a,,,
N I,574.197,574.356277964395,178000.0,C,11.8397086,13.99837,4.0,2.0,other19,other145,True,True,(3P).3p 4P* 1.5,(3P).5d 4D 0.5,NIST-json,200,weak,574.2073965676419,0.010396567641886616,0.038407902801049214,23280809.29569857,951811.3458267701,4911502.696455469,4.7400583354051395,0.266949384801317,False,1.0,574.220,,,,,,,,,,,,,,,0,,,,,"FPS B-A (12,8)",suspect?,"1 unexplained feature(s) in fit window; N2 band region: FPS B-A (12,8)",,
N I,574.6958,574.8552114378604,221000.0,D+,11.9955753,14.1523654,4.0,6.0,other21,other166,True,True,(3P).3p 4S* 1.5,(3P).7s 4P 2.5,NIST-json,201,not_detected,574.6766415048003,-0.01915849519973708,0.023652468053644553,0.0,0.0,3827452.0033320677,0.0,6.868082845773493e+36,False,1.0,574.616,,,,,,,,,,,,,,,0,,,,,"FPS B-A (12,8)",n/a,,,
N I,575.25,575.4095597412895,1060000.0,C,11.844477,13.9991896,6.0,8.0,other20,other148,True,True,(3P).3p 4P* 2.5,(3P).5d 4D 3.5,NIST-json,202,weak,575.2371699813375,-0.012830018662480016,0.023672084789558186,17262390.383355062,434980.36334140477,3113302.882088184,5.544719237781539,0.14881486940083502,False,0.0,,,,,,,,,,,,,,,,0,,,13.816790786124397,,"FPS B-A (12,8)",clean?,"N2 band region: FPS B-A (12,8)",,
N I,575.2648,575.424363701836,319000.0,C,11.844477,13.999134,6.0,6.0,other20,other147,True,True,(3P).3p 4P* 2.5,(3P).5d 4D 2.5,NIST-json,202,not_detected,575.2519699813375,-0.012830018662480016,0.023672084789558186,0.0,0.0,3113302.882088184,0.0,3.022657690738636e+36,False,0.0,,,,,,,,,,,,,,,,0,,,,,"FPS B-A (12,8)",n/a,,,
N I,575.3162,575.4757774567389,53100.0,C,11.844477,13.9989413,6.0,4.0,other20,other146,True,True,(3P).3p 4P* 2.5,(3P).5d 4D 1.5,NIST-json,202,not_detected,575.3033699813375,-0.012830018662480016,0.023672084789558186,0.0,0.0,3113302.882088184,0.0,4.598544600400727e+36,False,1.0,575.361,,,,,,,,,,,,,,,0,,,,,"FPS B-A (12,8)",n/a,,,
N I,577.1967,577.3567807223149,218000.0,D+,11.9955753,14.1430205,4.0,4.0,other21,other165,True,True,(3P).3p 4S* 1.5,(3P).7s 4P 1.5,NIST-json,203,not_detected,577.1774885927517,-0.019211407248199752,0.05340853649516586,2250616.637202257,127951.21455157218,5096762.043670558,0.44157773463197036,2.932669381048392,False,1.0,577.143,,,,,,,,,,,,,,,0,,,,,"FPS B-A (12,8); FPS B-A (11,7)",n/a,,,
Ar I,577.21143,577.3715146646672,200000.0,D,13.1717777,15.31916801,5.0,7.0,4p5,5d'[5/2]3,True,False,4p[3/2]2,5d'[5/2]3,NIST-csv,203,not_detected,577.1922185927517,-0.019211407248199752,0.05340853649516586,0.0,0.0,5096762.043670558,0.0,5.840061855653695e+36,True,1.0,577.143,,,,,,,,,,,,,,,0,,,,,"FPS B-A (12,8); FPS B-A (11,7)",n/a,,,
Ar I,577.4008,577.5609353482098,110000.0,D,13.30222747,15.4489134,5.0,5.0,4p8,7d[3/2]2,True,False,4p'[3/2]2,7d[3/2]2,NIST-csv,204,not_detected,577.4112641520562,0.010464152056158917,0.023743767555789046,12828548.789757766,324234.6109191295,5202972.345747851,2.4656192532412646,0.4097861742962134,False,0.0,,,,,,,,,,,,,,,,0,,,,,"FPS B-A (12,8); FPS B-A (11,7)",n/a,,,
Ar I,578.35365,578.5140403819117,81000.0,D,13.15314387,15.29629325,3.0,5.0,4p4,5d'[3/2]2,True,False,4p[3/2]1,5d'[3/2]2,NIST-csv,205,gap,,,,,,,,,,,,,,,,,,,,,,,,,,0,,,,,,n/a,,,
N I,578.6835,578.8439786713684,216000.0,D+,11.9955753,14.1375033,4.0,2.0,other21,other164,True,True,(3P).3p 4S* 1.5,(3P).7s 4P 0.5,NIST-json,206,gap,,,,,,,,,,,,,,,,,,,,,,,,,,0,,,,,,n/a,,,
Ar I,578.94741,579.107959312414,46000.0,D,13.1717777,15.31272913,5.0,5.0,4p5,5d'[5/2]2,True,False,4p[3/2]2,5d'[5/2]2,NIST-csv,207,edge,,,,,,,,,,,,,,,,,,,,,,,,,,0,,,,,,n/a,,,
Ar I,579.0401,579.2006741231417,34000.0,D,13.30222747,15.4428362,5.0,3.0,4p8,7d[1/2]1,True,False,4p'[3/2]2,7d[1/2]1,NIST-csv,207,edge,,,,,,,,,,,,,,,,,,,,,,,,,,0,,,,,,n/a,,,
Ar I,580.20798,580.3688667481301,420000.0,D,13.1717777,15.3080777,5.0,3.0,4p5,6d[1/2]1,True,False,4p[3/2]2,6d[1/2]1,NIST-csv,208,not_detected,580.1887052249274,-0.019274775072595403,0.023838515850217873,0.0,0.0,5573875.741806987,0.0,7.442332385937307e+36,False,0.0,,,,,,,,,,,,,,,,0,,,,,"FPS B-A (12,8); FPS B-A (11,7)",n/a,,,
Ar I,583.4263,583.5880483759478,520000.0,C,13.1717777,15.29629325,5.0,5.0,4p5,5d'[3/2]2,True,False,4p[3/2]2,5d'[3/2]2,NIST-csv,209,not_detected,583.4069573342125,-0.019342665787415565,0.05388106723634279,1663552.8413386233,95412.43947594339,3463665.7072930695,0.48028677762864314,3.1761986377189695,False,0.0,,,,,,,,,,,,,,,,0,,,,,"FPS B-A (11,7); FNS B-X (0,4); FPS B-A (10,6)",n/a,,,
Ar I,584.3779,584.539903179866,33000.0,D,13.32785705,15.4489134,3.0,5.0,4p9,7d[3/2]2,True,False,4p'[1/2]1,7d[3/2]2,NIST-csv,210,not_detected,584.3585372601353,-0.019362739864643083,0.023979259517494158,0.0,0.0,4163586.5767584965,0.0,6.805692875716093e+36,False,0.0,,,,,,,,,,,,,,,,0,,,,,"FPS B-A (11,7); FNS B-X (0,4); FPS B-A (10,6)",n/a,,,
Ar I,586.031,586.1934458585256,285000.0,C,12.9070153,15.02208834,3.0,3.0,4p1,6s'[1/2]1,True,False,4p[1/2]1,6s'[1/2]1,NIST-csv,211,not_detected,586.0116023878601,-0.019397612139826784,0.024035055157788077,0.0,0.0,4206082.933722589,0.0,7.101030287999101e+36,False,0.0,,,,,,,,,,,,,,,,0,,,,,"FNS B-X (0,4); FPS B-A (10,6); FPS B-A (9,5)",n/a,,,
Ar I,588.2624,588.4254434752356,1230000.0,C,12.9070153,15.0140655,3.0,1.0,4p1,6s'[1/2]0,True,False,4p[1/2]1,6s'[1/2]0,NIST-csv,212,not_detected,588.2429553163007,-0.01944468369922725,0.024110369652828825,0.0,0.0,10544587.147425737,0.0,1.668468905158879e+37,False,0.0,,,,,,,,,,,,,,,,0,,,,,"FPS B-A (10,6); FPS B-A (9,5)",n/a,,,
Ar I,588.8584,589.0216031116131,1290000.0,C,13.07571571,15.18063359,7.0,5.0,4p2,7s[3/2]2,True,False,4p[5/2]3,7s[3/2]2,NIST-csv,213,not_detected,588.8561788050052,-0.002221194994761518,0.05429359332048251,13096331.181186711,756885.9521158468,10589179.041722195,1.2367654876347014,0.9477486658411588,False,0.0,,,,,,,,,,,,,,,,0,,,,,"FPS B-A (10,6); FPS B-A (9,5)",n/a,,,
Ar I,591.2085,591.3723326374068,1050000.0,C,12.9070153,15.00356588,3.0,3.0,4p1,4d'[3/2]1,True,False,4p[1/2]1,4d'[3/2]1,NIST-csv,214,weak,591.1911547579805,-0.017345242019424813,0.034801597264461796,19964707.614166863,739595.6384152663,3916789.687768865,5.097212055197028,0.20859930172038824,False,0.0,,,,,,,1.2646958380339195,-0.017400798632230898,0.30103754464399934,1.5171941526518642,0.3185992594274964,0.4872962767245281,591.1795542255588,0.16233208630955054,,0,,,1.7339532013489647,,"SPS C-B (0,8); FPS B-A (9,5); FPS B-A (8,4)",suspect?,"reference shift at scan limit; N2 band region: SPS C-B (0,8)/FPS B-A (9,5)",,
Ar I,591.6598,591.8237535389395,59000.0,D,13.09487256,15.1898239,5.0,3.0,4p3,5d[3/2]1,True,False,4p[5/2]2,5d[3/2]1,NIST-csv,215,edge,,,,,,,,,,,,,,,,,,,,,,,,,,0,,,,,,n/a,,,
Ar I,592.7125,592.8767355668145,37000.0,D+,13.07571571,15.1669463,7.0,7.0,4p2,5d[5/2]3,True,False,4p[5/2]3,5d[5/2]3,NIST-csv,216,gap,,,,,,,,,,,,,,,,,,,,,,,,,,0,,,,,,n/a,,,
Ar I,592.8813,593.0455807916304,1100000.0,D+,13.09487256,15.185508,5.0,3.0,4p3,7s[3/2]1,True,False,4p[5/2]2,7s[3/2]1,NIST-csv,217,gap,,,,,,,,,,,,,,,,,,,,,,,,,,0,,,,,,n/a,,,
Ar I,594.0855,594.2501034344143,120000.0,D,13.2730381,15.3594356,1.0,3.0,4p6,7s'[1/2]1,True,False,4p[1/2]0,7s'[1/2]1,NIST-csv,218,not_detected,594.065932477546,-0.019567522454064956,0.024306911660569155,0.0,0.0,3238390.7934926283,0.0,7.263335873319175e+36,False,0.0,,,,,,,,,,,,,,,,0,,,,,"FPS B-A (8,4)",n/a,,,
Ar I,594.2669,594.4315520392748,180000.0,D,13.09487256,15.18063359,5.0,5.0,4p3,7s[3/2]2,True,False,4p[5/2]2,7s[3/2]2,NIST-csv,219,not_detected,594.277719943769,0.010819943768986828,0.024313034296313703,15247690.99793397,394616.69509805023,5696927.879033927,2.6764760449310168,0.8037425525453865,False,0.0,,,,,,,,,,,,,,,,0,,,,,"FPS B-A (8,4)",n/a,,,
Ar I,594.3888,594.5534847018401,36000.0,D,13.07571571,15.1610486,7.0,5.0,4p2,5d[5/2]2,True,False,4p[5/2]3,5d[5/2]2,NIST-csv,220,not_detected,594.3887666453124,-3.3354687542748625e-05,0.02431714868053234,10440929.366653204,270261.39746474224,5250355.835000224,1.9886136663445322,0.8846272785301307,False,0.0,,,,,,,,,,,,,,,,0,,,,,"FPS B-A (8,4)",n/a,,,
Ar I,594.9259,595.0907286184023,150000.0,D,13.28263902,15.3660895,3.0,3.0,4p7,8s[3/2]1,True,False,4p'[3/2]1,8s[3/2]1,NIST-csv,221,weak,594.936733845426,0.010833845426083228,0.024335276947667944,21034880.024386108,544889.629739785,4672225.754583134,4.5021112269141375,0.3055337706121047,False,0.0,,,,,,,12.285374229858116,-0.012167638473833972,0.46712012096999167,2.2435291962121204,0.43927868722471236,1.0130368302028658,594.9367338454259,0.8405397242381831,,0,,,,,"FPS B-A (8,4); FPS B-A (7,3)",contaminated?,"hidden line 1.01 x height at 594.937 (Ar I 594.93); reference shift at scan limit; N2 band region: FPS B-A (8,4)/FPS B-A (7,3)",,
Ar I,596.448,596.6132364932607,77000.0,D,13.2730381,15.351173,1.0,3.0,4p6,5d'[3/2]1,True,False,4p[1/2]0,5d'[3/2]1,NIST-csv,222,weak,596.4283826404217,-0.019617359578329364,0.05486996488363246,15901562.611552857,928766.8286897332,3420546.6486105835,4.648836646625482,0.09342385790452849,False,0.0,,,,,,,0.0,-0.02743498244181623,0.5405249534442496,25.00298138773395,0.5694449217752428,1.302374815209848,596.4100926521271,0.8908501657661607,,0,,,,,"FPS B-A (8,4); FPS B-A (7,3)",contaminated?,"excess 0.54 (25.0 sigma); hidden line 1.30 x height at 596.410 (N2? FPS B-A (8,4)/FPS B-A (7,3)); reference shift at scan limit; N2 band region: FPS B-A (8,4)/FPS B-A (7,3)",,
Ar I,596.832,596.9973393993065,180000.0,D,13.28263902,15.3594356,3.0,3.0,4p7,7s'[1/2]1,True,False,4p'[3/2]1,7s'[1/2]1,NIST-csv,223,not_detected,596.8123745399113,-0.019625460088685993,0.02439961187596281,0.0,0.0,2112660.162251248,0.0,3.748345377524795e+36,False,0.0,,,,,,,,,,,,,,,,0,,,,,"FPS B-A (8,4); FPS B-A (7,3)",n/a,,,
Ar I,597.1601,597.3255273269712,1100000.0,D+,13.28263902,15.3582946,3.0,1.0,4p7,7s'[1/2]0,True,False,4p'[3/2]1,7s'[1/2]0,NIST-csv,224,not_detected,597.140467618616,-0.01963238138412352,0.024410685948662855,0.0,0.0,1950690.3635301753,0.0,3.7540506733876276e+36,False,1.0,597.080,,,,,,,,,,,,,,,0,,,,,"FPS B-A (8,4); FPS B-A (7,3)",n/a,,,
Ar I,598.1923,598.3580039584003,12000.0,D,13.09487256,15.1669463,5.0,7.0,4p3,5d[5/2]3,True,False,4p[5/2]2,5d[5/2]3,NIST-csv,225,not_detected,598.1726458442753,-0.019654155724722767,0.02444552489362165,0.0,0.0,13704405.208967596,0.0,1.5517373350957817e+37,False,0.0,,,,,,,,,,,,,,,,0,,,,,"FPS B-A (7,3)",n/a,,,
Ar I,598.7302,598.8960481235627,120000.0,D,13.07571571,15.1459283,7.0,7.0,4p2,5d[7/2]3,True,False,4p[5/2]3,5d[7/2]3,NIST-csv,226,not_detected,598.7411149855382,0.01091498553815545,0.04587206461309405,17117438.383976955,835832.5322658271,6914994.421407605,2.4754088493527027,0.38644594244991853,False,0.0,,,,,,,,,,,,,,,,0,,,,,"FPS B-A (7,3)",n/a,,,
Ar I,598.8144,598.9802706908423,61000.0,D,13.28263902,15.3525603,3.0,5.0,4p7,6d[5/2]2,True,False,4p'[3/2]1,6d[5/2]2,NIST-csv,226,weak,598.8253149855382,0.01091498553815545,0.04587206461309405,22571450.06024941,1102148.1040311318,6914994.421407605,3.2641313477234597,0.35977504752510364,False,0.0,,,,,,,0.910032546665164,0.022936032306547026,-0.15677330412523902,-0.3850988436576154,0.5683992874473925,0.7058642011763026,598.8253149855386,0.1604138808815182,,0,,,,,"FPS B-A (7,3)",suspect?,"reference shift at scan limit; N2 band region: FPS B-A (7,3)",,
Ar I,599.4692,599.6352461942998,26000.0,D,13.28263902,15.3502992,3.0,5.0,4p7,6d[3/2]2,True,False,4p'[3/2]1,6d[3/2]2,NIST-csv,227,not_detected,599.4495189079688,-0.019681092031166456,0.024488622983931556,2040090.255973962,53179.709028463236,6530317.031639868,0.31240294247424344,4.859547179242324,False,0.0,,,,,,,,,,,,,,,,0,,,,,"FPS B-A (7,3)",n/a,,,
Ar I,599.8999,600.0660616369703,140000.0,D,13.09487256,15.1610486,5.0,5.0,4p3,5d[5/2]2,True,False,4p[5/2]2,5d[5/2]2,NIST-csv,228,not_detected,599.8802093677193,-0.019690632280668502,0.05513374661205336,10087062.008074133,591990.0491739298,6747874.914192603,1.4948501767361333,0.7876889061912125,False,0.0,,,,,,,,,,,,,,,,0,,,,,"FPS B-A (7,3)",n/a,,,
N I,599.943,600.1091731894462,3640000.0,C+,11.6026335,13.6686606,2.0,2.0,other13,4d4,True,True,(3P).3p 2S* 0.5,(3P).4d 2P 0.5,NIST-json,228,not_detected,599.9233093677193,-0.019690632280668502,0.05513374661205336,0.0,0.0,6747874.914192603,0.0,7.483917897021509e+36,False,0.0,,,,,,,,,,,,,,,,0,,,,,"FPS B-A (7,3)",n/a,,,
Ar I,600.5725,600.7388419233978,140000.0,D+,13.30222747,15.3660895,5.0,3.0,4p8,8s[3/2]1,True,False,4p'[3/2]2,8s[3/2]1,NIST-csv,229,weak,600.5637446791721,-0.00875532082783129,0.02759159441821894,51234426.05959268,1504772.6294652023,11919403.52112114,4.298405198616312,0.3079475999951779,False,0.0,,,,,,,2.3909946827880897,-0.01379579720910947,0.1726385494754233,0.4756290541181035,0.3245794007298807,0.6131969272666622,600.5591460801024,0.46958940566561636,,0,,,4.68875410901298,,"FPS B-A (7,3); FPS B-A (6,2)",suspect?,"reference shift at scan limit; N2 band region: FPS B-A (7,3)/FPS B-A (6,2)",,
N I,600.847,601.0134155036183,3580000.0,C+,11.6026335,13.6655516,2.0,4.0,other13,4d3,True,True,(3P).3p 2S* 0.5,(3P).4d 2P 1.5,NIST-json,230,not_detected,600.8382430247152,-0.008756975284745647,0.024535126663803895,17076398.832481634,445981.45913104626,7379587.198403836,2.3140046148076094,0.6212340132021028,False,0.0,,,,,,,,,,,,,,,,0,,,,,"FPS B-A (7,3); FPS B-A (6,2)",n/a,,,
Ar I,601.36772,601.5342750869364,140000.0,D+,13.07571571,15.13684847,7.0,5.0,4p2,5d[3/2]2,True,False,4p[5/2]3,5d[3/2]2,NIST-csv,231,not_detected,601.3786897361282,0.010969736128233048,0.030690877588884568,16364204.31203338,534609.1780339947,5534973.909703657,2.956509746747753,0.7344547552328331,False,0.0,,,,,,,,,,,,,,,,0,,,,,"FPS B-A (7,3); FPS B-A (6,2)",n/a,,,
Ar I,602.515,602.6818626404377,900000.0,D+,13.30222747,15.3594356,5.0,3.0,4p8,7s'[1/2]1,True,False,4p'[3/2]2,7s'[1/2]1,NIST-csv,232,weak,602.5259939380906,0.010993938090529799,0.024591425210782458,27517799.497339968,720326.863375934,3959792.4696561256,6.949303456736372,0.1305299748528604,False,0.0,,,,,,,37.15505704586285,0.006147856302695614,0.2853618455232013,1.7180967778614664,0.18067592788681133,0.42641852273852404,602.5423882215642,0.5669338762850282,,0,,,,,"FPS B-A (7,3); FPS B-A (6,2)",clean?,"N2 band region: FPS B-A (7,3)/FPS B-A (6,2)",,
Ar I,603.2127,603.3797496846166,2460000.0,C,13.07571571,15.13054437,7.0,9.0,4p2,5d[7/2]4,True,False,4p[5/2]3,5d[7/2]4,NIST-csv,233,ok,603.2171153595015,0.0044153595014449435,0.024614974069431705,71780789.1776879,1880787.8975569415,4893533.373263166,14.668498956168792,0.08691163898020543,False,0.0,,,,,,,0.6022546520575576,0.006153743517357926,-0.05294563708402507,-0.5693181528235348,0.15795635360034388,0.07438052391162653,603.2171153595015,0.03815299712060716,,0,0.8868895615480743,0.08592416420937957,0.5457516230090248,,"FPS B-A (6,2)",suspect,"pedestal +0.09 of height; N2 band region: FPS B-A (6,2)",,
Ar I,604.3223,604.4896471699226,1470000.0,C,13.09487256,15.1459283,5.0,7.0,4p3,5d[7/2]3,True,False,4p[5/2]2,5d[7/2]3,NIST-csv,234,weak,604.3289298444004,0.006629844400299919,0.04006019132209333,50129431.025226295,2137656.917892322,5399997.9106217995,9.28323155951999,0.04473667263951446,False,0.0,,,,,,,1.7561797770175458,0.010015047830523333,0.06757552412313053,2.2222266734820435,0.16650422445483892,0.10385882007026047,604.3422832415072,0.06115157608036148,,0,,,2.1599794836614734,,"FPS B-A (6,2)",clean?,"N2 band region: FPS B-A (6,2)",,
Ar I,605.2723,605.4399018819377,190000.0,D+,12.9070153,14.95485204,3.0,5.0,4p1,4d'[5/2]2,True,False,4p[1/2]1,4d'[5/2]2,NIST-csv,235,not_detected,605.2524964911155,-0.019803508884423088,0.02468448994914216,1399561.282039742,36774.62794273862,3491942.0063436725,0.40079740141652254,3.6942236030024005,False,0.0,,,,,,,,,,,,,,,,0,,,,,"FPS B-A (6,2)",n/a,,,
Ar I,605.9372,606.104980162105,420000.0,C,12.9070153,14.95260474,3.0,5.0,4p1,4d'[3/2]2,True,False,4p[1/2]1,4d'[3/2]2,NIST-csv,236,weak,605.9460601536219,0.008860153622027906,0.027795298205298,37148016.47109089,1099104.9843992917,6760089.57089722,5.495195896666276,0.1711159706117161,False,0.0,,,,,,,0.0,-0.013897649102649,0.5716739640802526,66.21882250259428,0.4646465465511759,1.1894142927784106,605.9460601536219,0.965101297837314,,0,,,,,"FPS B-A (6,2); FPS B-A (5,1)",contaminated?,"excess 0.57 (66.2 sigma); hidden line 1.19 x height at 605.946 (Ar I 605.94); reference shift at scan limit; N2 band region: FPS B-A (6,2)/FPS B-A (5,1)",,
Ar I,606.47502,606.6429443733524,58000.0,D,13.30222747,15.34600299,5.0,7.0,4p8,6d[7/2]3,True,False,4p'[3/2]2,6d[7/2]3,NIST-csv,237,edge,,,,,,,,,,,,,,,,,,,,,,,,,,0,,,,,,n/a,,,
Ar I,608.1244,608.2927666672252,75000.0,D,13.32785705,15.3660895,3.0,3.0,4p9,8s[3/2]1,True,False,4p'[1/2]1,8s[3/2]1,NIST-csv,238,gap,,,,,,,,,,,,,,,,,,,,,,,,,,0,,,,,,n/a,,,
Ar I,608.5879,608.7563909660057,9000.0,,13.15314387,15.1898239,3.0,3.0,4p4,5d[3/2]1,True,False,4p[3/2]1,5d[3/2]1,NIST-csv,239,gap,,,,,,,,,,,,,,,,,,,,,,,,,,0,,,,,,n/a,,,
Ar I,609.07849,609.2471125332941,300000.0,D,13.2730381,15.3080777,1.0,3.0,4p6,6d[1/2]1,True,False,4p[1/2]0,6d[1/2]1,NIST-csv,240,weak,609.0586061992366,-0.019883800763366558,0.03566862562346184,10064500.993871024,382129.7346580147,1611318.9362030323,6.246125933074033,0.23755823568506695,False,0.0,,,,,,,0.08481956128986325,0.01783431281173092,0.5551296679658628,3.860711861331855,0.45705000409314067,1.040447979484128,609.0526614282996,0.8050029772632945,,0,,,,,"FPS B-A (5,1)",contaminated?,"excess 0.56 (3.9 sigma); hidden line 1.04 x height at 609.053 (N2? FPS B-A (5,1)); reference shift at scan limit; N2 band region: FPS B-A (5,1)",,
Ar I,609.8803,610.0491375722012,520000.0,D+,13.15314387,15.185508,3.0,3.0,4p4,7s[3/2]1,True,False,4p[3/2]1,7s[3/2]1,NIST-csv,241,weak,609.8603992849913,-0.01990071500870262,0.024840019747989415,2100566.319528716,55541.87601675607,599105.5282797315,3.5061708169515167,0.5158733635153534,False,0.0,,,,,,,0.3396210898288333,0.012420009873994707,-0.23741115164419976,-0.98599224563972,0.45214851676279494,0.7393136559037419,609.8603992849916,0.3673118650522672,,0,,,,,"FPS B-A (5,1)",suspect?,"reference shift at scan limit; N2 band region: FPS B-A (5,1)",,
Ar I,610.1161,610.2850008137447,330000.0,D+,13.32785705,15.3594356,3.0,3.0,4p9,7s'[1/2]1,True,False,4p'[1/2]1,7s'[1/2]1,NIST-csv,242,not_detected,610.0961943107716,-0.019905689228343487,0.0248479784994148,0.0,0.0,2876437.9661823516,0.0,4.30205667010089e+36,False,0.0,,,,,,,,,,,,,,,,0,,,,,"FPS B-A (5,1)",n/a,,,
Ar I,610.459,610.6279927810418,340000.0,D,13.32785705,15.3582946,3.0,1.0,4p9,7s'[1/2]0,True,False,4p'[1/2]1,7s'[1/2]0,NIST-csv,243,not_detected,610.4701626196163,0.011162619616413091,0.05593796021744038,2904361.2515281267,172937.6168358306,2184556.755933464,1.3294968160655956,0.4720219485961862,False,1.0,610.590,,,,,,,,,,,,,,,0,,,,,"FPS B-A (5,1)",n/a,,,
Ar I,610.5635,610.732520808767,1210000.0,C,13.28263902,15.31272913,3.0,5.0,4p7,5d'[5/2]2,True,False,4p'[3/2]1,5d'[5/2]2,NIST-csv,243,ok,610.5746626196163,0.011162619616413091,0.05593796021744038,22507419.073973592,1340184.3223635969,2184556.755933464,10.302968331146033,0.049332542260128114,False,1.0,610.590,,,,,,10.370297361206587,0.02796898010872019,-0.31239193835110557,-1.132496492552911,0.4433734572282809,0.2989560821691092,610.5839856129857,0.054217169615279115,,0,,,20.07638841147644,,"FPS B-A (5,1)",suspect,"reference shift at scan limit; N2 band region: FPS B-A (5,1)",,
Ar I,611.34657,611.515800839705,47000.0,D+,13.15314387,15.18063359,3.0,5.0,4p4,7s[3/2]2,True,False,4p[3/2]1,7s[3/2]2,NIST-csv,244,not_detected,611.3266383539097,-0.019931646090266715,0.02488950947849197,0.0,0.0,2477098.6570676374,0.0,2.1970183346983523e+36,False,0.0,,,,,,,,,,,,,,,,0,,,,,"FPS B-A (5,1)",n/a,,,
Ar I,611.96565,612.1350468928046,51000.0,D+,13.28263902,15.3080777,3.0,3.0,4p7,6d[1/2]1,True,False,4p'[3/2]1,6d[1/2]1,NIST-csv,245,not_detected,611.9768433002994,0.011193300299388817,0.056048410676152995,7041726.00083472,420121.23609788297,3707143.3545088,1.8995019419117543,0.610767486467231,False,0.0,,,,,,,,,,,,,,,,0,,,,,"FPS B-A (5,1); FPS B-A (4,0)",n/a,,,
Ar I,612.1879,612.357356507382,13000.0,D,13.32785705,15.3525603,3.0,5.0,4p9,6d[5/2]2,True,False,4p'[1/2]1,6d[5/2]2,NIST-csv,246,weak,612.1679506059869,-0.01994939401312698,0.056065288848903876,4469645.814402119,266746.90191516886,1374694.3762175008,3.251374190313079,0.28608888802782734,False,1.0,612.139,,,,,,8.764357035221579,-0.021024483318338952,0.3552425326530246,0.8834794226143083,0.7600396810549325,1.3807284003278613,612.1399179615624,0.4866801235099453,,0,,,,,"FPS B-A (5,1); FPS B-A (4,0)",clean?,"N2 band region: FPS B-A (5,1)/FPS B-A (4,0)",,
Ar I,612.74159,612.9111950280952,110000.0,D+,13.09487256,15.11774638,5.0,3.0,4p3,5d[1/2]1,True,False,4p[5/2]2,5d[1/2]1,NIST-csv,247,not_detected,612.7216289258525,-0.01996107414744823,0.056107337332460386,10319711.391577458,616338.6756615895,4586062.036049653,2.2502337104158894,0.27685658175133915,False,0.0,,,,,,,,,,,,,,,,0,,,,,"FPS B-A (5,1); FPS B-A (4,0)",n/a,,,
Ar I,612.8724,613.042040116998,86000.0,D,13.32785705,15.3502992,3.0,5.0,4p9,6d[3/2]2,True,False,4p'[1/2]1,6d[3/2]2,NIST-csv,248,not_detected,612.8524361664053,-0.019963833594739248,0.056117271342708046,679782.8281741805,40606.81674839111,662727.1356579462,1.0257356181730835,2.3336720006024216,False,1.0,612.824,,,,,,,,,,,,,,,0,,,,,"FPS B-A (5,1); FPS B-A (4,0)",n/a,,,
Ar I,614.5441,614.7141885622841,760000.0,C,13.30222747,15.31916801,5.0,7.0,4p8,5d'[5/2]3,True,False,4p'[3/2]2,5d'[5/2]3,NIST-csv,249,not_detected,614.5553476929059,0.011247692905974877,0.056244224059862805,3136336.7508807397,187772.8624819835,3279028.10633186,0.9564836436822298,1.8590057037284575,False,0.0,,,,,,,,,,,,,,,,0,,,,,"FPS B-A (4,0)",n/a,,,
Ar I,615.52382,615.6941713987998,510000.0,D,13.1717777,15.185508,5.0,3.0,4p5,7s[3/2]1,True,False,4p[3/2]2,7s[3/2]1,NIST-csv,250,not_detected,615.5038002344908,-0.020019765509243857,0.046932188529103865,5730900.245927115,286302.97826336295,1946601.6625799832,2.9440539151351106,0.6012668474789679,False,0.0,,,,,,,,,,,,,,,,0,,,,,"FPS B-A (4,0)",n/a,,,
Ar I,616.51229,616.6829065974239,98900.0,C,13.30222747,15.31272913,5.0,5.0,4p8,5d'[5/2]2,True,False,4p'[3/2]2,5d'[5/2]2,NIST-csv,251,not_detected,616.5123899872469,9.998724688414784e-05,0.02506386351332296,6020457.518459462,160623.7360936899,3630961.2556923437,1.6580891655125893,0.6963001005931726,False,0.0,,,,,,,,,,,,,,,,0,,,,,"FPS B-A (4,0); FPS B-A (12,9)",n/a,,,
Ar I,617.0174,617.1881521200806,500000.0,C,13.1717777,15.18063359,5.0,5.0,4p5,7s[3/2]2,True,False,4p[3/2]2,7s[3/2]2,NIST-csv,252,ok,617.0197423987756,0.002342398775736906,0.025080912049932277,33880951.28584329,904546.9864092491,2814022.220259392,12.04004397759169,0.0776917084365175,False,0.0,,,,,,,19.865932781994598,0.0,-0.11494820504847833,-0.5074850049139761,0.24131896763203164,0.26516441014191977,617.0155622467671,0.14784856808637736,,0,,,18.627976382116888,,"FPS B-A (4,0); FPS B-A (12,9)",clean,"N2 band region: FPS B-A (4,0)/FPS B-A (12,9)",,
Ar I,617.3096,617.4804305200366,670000.0,C,13.15314387,15.1610486,3.0,5.0,4p4,5d[5/2]2,True,False,4p[3/2]1,5d[5/2]2,NIST-csv,253,weak,617.3209060313471,0.011306031347097935,0.03136346802661434,15362813.811797766,512893.33594690706,3971696.7953378283,3.8680731695912405,0.26434710588363536,False,0.0,,,,,,,0.6902846467425772,0.011761300509980378,0.07776248253413773,0.7255280378573337,0.3180295117504281,0.32389461281537096,617.3679512333873,0.07638752968013851,"617.377:N2? FPS B-A (4,0)/FPS B-A (12,9)",1,,,0.6998419831227874,,"FPS B-A (4,0); FPS B-A (12,9)",suspect?,"1 resolved feature(s) 1.5-3 FWHM away; N2 band region: FPS B-A (4,0)/FPS B-A (12,9)",,
Ar I,617.94195,618.112950189744,66000.0,D,13.30222747,15.3080777,5.0,3.0,4p8,6d[1/2]1,True,False,4p'[3/2]2,6d[1/2]1,NIST-csv,254,weak,617.9218792238472,-0.020070776152756025,0.05650226455156844,3907857.1889670314,235037.27787595804,796072.5017379732,4.908921210612674,0.19589983934145797,False,0.0,,,,,,,3.4116518119683836,-0.021188349206838167,0.08950458711283393,0.32470311385291506,0.3632698348137183,0.5265564908697492,617.9124621797554,0.21032689061700371,,0,,,,,"FPS B-A (4,0); FPS B-A (12,9)",clean?,"N2 band region: FPS B-A (4,0)/FPS B-A (12,9)",,
N I,618.7123,618.8835068951273,9020.0,D+,12.0001429,14.0034956,4.0,6.0,other22,other150,True,True,(3P).3p 2D* 1.5,(3P).5d 2D 2.5,NIST-json,255,not_detected,618.6922129732532,-0.020087026746905056,0.025138118529113313,0.0,0.0,2335443.817350369,0.0,3.8763729987509294e+36,False,0.0,,,,,,,,,,,,,,,,0,,,,,"FPS B-A (4,0); FPS B-A (12,9)",n/a,,,
N I,619.4313,619.6026998298873,121000.0,C,12.0001429,14.0011704,4.0,4.0,other22,other149,True,True,(3P).3p 2D* 1.5,(3P).5d 2D 1.5,NIST-json,256,not_detected,619.4246776556992,-0.0066223443008571565,0.025162386308056707,897064.1963645403,24027.44319801217,2414168.8774353676,0.3715830341237412,3.244535295772124,False,0.0,,,,,,,,,,,,,,,,0,,,,,"FPS B-A (4,0); FPS B-A (12,9)",n/a,,,
N I,620.198,620.3696055727725,280000.0,D+,11.9955753,13.99413,4.0,2.0,other21,other137,True,True,(3P).3p 4S* 1.5,(3P).5d 4P 0.5,NIST-json,257,not_detected,620.2093669623735,0.011366962373436693,0.056673594142725346,1341502.2094135713,80929.0343077614,1148381.188891637,1.1681680459328367,1.3072103574493101,False,1.0,620.265,,,,,,,,,,,,,,,0,,,,,"FPS B-A (12,9)",n/a,,,
Ar I,621.2503,621.4221879701082,390000.0,D+,13.1717777,15.1669463,5.0,7.0,4p5,5d[5/2]3,True,False,4p[3/2]2,5d[5/2]3,NIST-csv,258,weak,621.2369158039673,-0.013384196032685897,0.025223781426134653,5588627.640707922,150054.00070603302,767245.1701888811,7.2840180138665565,0.2517063946197357,False,1.0,621.289,,,,,,0.43564162334088263,-0.012611890713067326,-0.07448755621188058,-0.21198683342927294,0.2475201531298848,0.37486246683654106,621.2285078768256,0.18157132259724607,,0,,,0.569003860065389,,"FPS B-A (12,9)",suspect?,"reference shift at scan limit; N2 band region: FPS B-A (12,9)",,
N I,621.441,621.6129391484802,278000.0,D+,11.9955753,13.990131,4.0,4.0,other21,other136,True,True,(3P).3p 4S* 1.5,(3P).5d 4P 1.5,NIST-json,259,not_detected,621.4208554111109,-0.020144588889118936,0.02523021795665552,0.0,0.0,1563744.3164553742,0.0,1.618773241434943e+36,False,0.0,,,,,,,,,,,,,,,,0,,,,,"FPS B-A (12,9)",n/a,,,
Ar I,621.5938,621.7657801559709,570000.0,D+,13.30222747,15.29629325,5.0,5.0,4p8,5d'[3/2]2,True,False,4p'[3/2]2,5d'[3/2]2,NIST-csv,260,not_detected,621.5736515897373,-0.020148410262689515,0.056781747347329006,3158668.324015209,190917.17009197426,5201908.07872651,0.6072134063523262,1.245189599525279,False,1.0,621.716,,,,,,,,,,,,,,,0,,,,,"FPS B-A (12,9)",n/a,,,
N I,621.6505,621.8224953728426,125000.0,C,12.0096116,14.0034956,6.0,6.0,other23,other150,True,True,(3P).3p 2D* 2.5,(3P).5d 2D 2.5,NIST-json,260,not_detected,621.6303515897373,-0.020148410262689515,0.056781747347329006,0.0,0.0,5201908.07872651,0.0,6.60546360776006e+36,False,1.0,621.716,,,,,,,,,,,,,,,0,,,,,"FPS B-A (12,9)",n/a,,,
N I,621.9654,622.1374798850355,277000.0,D+,11.9955753,13.9884501,4.0,6.0,other21,other135,True,True,(3P).3p 4S* 1.5,(3P).5d 4P 2.5,NIST-json,261,edge,,,,,,,,,,,,,,,,,,,,,,,,,,0,,,,,,n/a,,,
N I,622.3763,622.5484901636794,13300.0,D+,12.0096116,14.0011704,6.0,4.0,other23,other149,True,True,(3P).3p 2D* 2.5,(3P).5d 2D 1.5,NIST-json,262,gap,,,,,,,,,,,,,,,,,,,,,,,,,,0,,,,,,n/a,,,
Ar I,623.0921,623.2644822782175,12000.0,D,13.1717777,15.1610486,5.0,5.0,4p5,5d[5/2]2,True,False,4p[3/2]2,5d[5/2]2,NIST-csv,263,gap,,,,,,,,,,,,,,,,,,,,,,,,,,0,,,,,,n/a,,,
N I,623.7672,623.9397634760367,281000.0,C,12.0096116,13.9967297,6.0,8.0,other23,other134,True,True,(3P).3p 2D* 2.5,(3P).5d 2F 3.5,NIST-json,264,gap,,,,,,,,,,,,,,,,,,,,,,,,,,0,,,,,,n/a,,,
N I,623.8587,624.0312880352767,262000.0,C,12.0001429,13.9869696,4.0,6.0,other22,other133,True,True,(3P).3p 2D* 1.5,(3P).5d 2F 2.5,NIST-json,264,gap,,,,,,,,,,,,,,,,,,,,,,,,,,0,,,,,,n/a,,,
Ar I,624.339,624.5117169531383,130000.0,D,13.32785705,15.3131553,3.0,1.0,4p9,6d[1/2]0,True,False,4p'[1/2]1,6d[1/2]0,NIST-csv,265,gap,,,,,,,,,,,,,,,,,,,,,,,,,,0,,,,,,n/a,,,
Ar I,624.47304,624.6457929315584,20000.0,D,13.32785705,15.31272913,3.0,5.0,4p9,5d'[5/2]2,True,False,4p'[1/2]1,5d'[5/2]2,NIST-csv,266,gap,,,,,,,,,,,,,,,,,,,,,,,,,,0,,,,,,n/a,,,
Ar I,624.84057,625.0134215836517,68000.0,D,13.15314387,15.13684847,3.0,5.0,4p4,5d[3/2]2,True,False,4p[3/2]1,5d[3/2]2,NIST-csv,267,edge,,,,,,,,,,,,,,,,,,,,,,,,,,0,,,,,,n/a,,,
N I,626.8461,627.0194899404221,18500.0,C,12.0096116,13.9869696,6.0,6.0,other23,other133,True,True,(3P).3p 2D* 2.5,(3P).5d 2F 2.5,NIST-json,268,not_detected,626.8258413900991,-0.020258609900912185,0.02541265157552472,1721961.4525818229,46580.65781838825,2786150.3027468836,0.6180432731443561,1.8215035284584886,False,0.0,,,,,,,,,,,,,,,,0,,,,,"FPS B-A (11,8)",n/a,,,
N I,627.5512,627.7247792283774,375000.0,D+,11.9955753,13.9707117,4.0,6.0,other21,6s3,True,True,(3P).3p 4S* 1.5,(3P).6s 4P 2.5,NIST-json,269,not_detected,627.5309265159589,-0.02027348404115296,0.025436450199909963,0.0,0.0,5681217.852413305,0.0,5.498339003071621e+36,False,0.0,,,,,,,,,,,,,,,,0,,,,,"FPS B-A (11,8)",n/a,,,
Ar I,627.86454,628.0382033484779,20000.0,D,13.1717777,15.1459283,5.0,7.0,4p5,5d[7/2]3,True,False,4p[3/2]2,5d[7/2]3,NIST-csv,270,not_detected,627.8442599060268,-0.020280093973223653,0.02544702609122307,0.0,0.0,6603263.210796614,0.0,6.760321678407509e+36,False,0.0,,,,,,,,,,,,,,,,0,,,,,"FPS B-A (11,8); FPS B-A (10,7)",n/a,,,
Ar I,629.6872,629.8613526921519,900000.0,D+,13.32785705,15.29629325,3.0,5.0,4p9,5d'[3/2]2,True,False,4p'[1/2]1,5d'[3/2]2,NIST-csv,271,not_detected,629.66688145687,-0.020318543130011704,0.02550854474208395,0.0,0.0,9680587.246152373,0.0,1.1576931134158365e+37,False,0.0,,,,,,,,,,,,,,,,0,,,,,"FPS B-A (11,8); FPS B-A (10,7)",n/a,,,
N I,630.3915,630.5658417935298,370000.0,D+,11.9955753,13.9618125,4.0,4.0,other21,6s2,True,True,(3P).3p 4S* 1.5,(3P).6s 4P 1.5,NIST-json,272,weak,630.3985226528537,0.007022652853776476,0.025532316364768,19256177.13915705,523350.32666950254,2939939.5468822885,6.549854795340131,0.2783306701064027,False,1.0,630.337,,,,,,,,,,,,,,,0,,,,,"FPS B-A (10,7)",suspect?,"1 unexplained feature(s) in fit window; N2 band region: FPS B-A (10,7)",,
Ar I,630.7657,630.9401422673631,600000.0,D+,13.1717777,15.13684847,5.0,5.0,4p5,5d[3/2]2,True,False,4p[3/2]2,5d[3/2]2,NIST-csv,273,weak,630.7590434985472,-0.006656501452860937,0.02554494641049905,23029418.142526954,626210.2491079739,5533058.815779785,4.162149528728871,0.3573936982652688,False,0.0,,,,,,,3.1125881377030296,0.009579354903937144,-0.3411547276991982,-0.8538957854832349,0.1927076196598671,0.06134923352307596,630.7590434985472,0.006661989710180172,,0,,,2.405764848901831,,"FPS B-A (10,7)",clean?,"N2 band region: FPS B-A (10,7)",,
Ar I,630.91603,631.0905126319727,76000.0,D,13.15314387,15.11774638,3.0,3.0,4p4,5d[1/2]1,True,False,4p[3/2]1,5d[1/2]1,NIST-csv,274,not_detected,630.895685534604,-0.020344465396005283,0.05748754582726577,1438668.894166964,88037.32389475148,5972485.64176753,0.24088277150570037,4.708615903885852,False,0.0,,,,,,,,,,,,,,,,0,,,,,"FPS B-A (10,7)",n/a,,,
N I,632.1511,632.3259142684103,367000.0,D+,11.9955753,13.9563396,4.0,2.0,other21,6s1,True,True,(3P).3p 4S* 1.5,(3P).6s 4P 0.5,NIST-json,275,not_detected,632.1307294807048,-0.02037051929529216,0.025591706606532677,0.0,0.0,7410603.117748161,0.0,1.0071973985634589e+37,False,0.0,,,,,,,,,,,,,,,,0,,,,,"FPS B-A (10,7)",n/a,,,
Ar I,636.48937,636.6653493309988,560000.0,D+,13.15314387,15.10054371,3.0,1.0,4p4,5d[1/2]0,True,False,4p[3/2]1,5d[1/2]0,NIST-csv,276,weak,636.4689079645561,-0.020462035443898532,0.05791079799968147,23241788.400729265,1432719.93111558,4586929.30462794,5.0669602379264225,0.23903072667703817,False,1.0,636.445,,,,,,2.0154529295266586,-0.021716549249880552,0.5915622189627743,3.978566551298019,0.680097116828673,1.377157268734064,636.4496043652227,0.6109365925959513,,0,,,,,"FPS B-A (9,6)",contaminated?,"excess 0.59 (4.0 sigma); hidden line 1.38 x height at 636.450 (N2? FPS B-A (9,6)); N2 band region: FPS B-A (9,6)",,
Ar I,636.9575,637.1336050648074,420000.0,D+,13.1717777,15.11774638,5.0,3.0,4p5,5d[1/2]1,True,False,4p[3/2]2,5d[1/2]1,NIST-csv,277,not_detected,636.9370280893168,-0.020471910683255948,0.025753932827274742,0.0,0.0,1318151.2026385907,0.0,2.120557741543292e+36,False,0.0,,,,,,,,,,,,,,,,0,,,,,"FPS B-A (9,6)",n/a,,,
Ar I,638.4717,638.6482117800306,421000.0,C,12.9070153,14.84836899,3.0,3.0,4p1,6s2,True,True,4p[1/2]1,6s[3/2]1,NIST-csv,278,gap,,,,,,,,,,,,,,,,,,,,,,,,,,0,,,,,,n/a,,,
N I,639.8402,640.0170793865467,395000.0,C,11.7500916,13.687293,2.0,4.0,other14,4d13,True,True,(3P).3p 4D* 0.5,(3P).4d 4D 1.5,NIST-json,279,gap,,,,,,,,,,,,,,,,,,,,,,,,,,0,,,,,,n/a,,,
N I,640.2364,640.4133858184604,789000.0,C,11.7500916,13.6860943,2.0,2.0,other14,4d12,True,True,(3P).3p 4D* 0.5,(3P).4d 4D 0.5,NIST-json,280,gap,,,,,,,,,,,,,,,,,,,,,,,,,,0,,,,,,n/a,,,
N I,640.5255,640.7025634812246,368000.0,C,11.7528949,13.6880236,4.0,6.0,other15,4d14,True,True,(3P).3p 4D* 1.5,(3P).4d 4D 2.5,NIST-json,281,gap,,,,,,,,,,,,,,,,,,,,,,,,,,0,,,,,,n/a,,,
N I,640.7675,640.944628492069,630000.0,C,11.7528949,13.687293,4.0,4.0,other15,4d13,True,True,(3P).3p 4D* 1.5,(3P).4d 4D 1.5,NIST-json,282,gap,,,,,,,,,,,,,,,,,,,,,,,,,,0,,,,,,n/a,,,
N I,641.165,641.3422352780924,786000.0,C,11.7528949,13.6860943,4.0,2.0,other15,4d12,True,True,(3P).3p 4D* 1.5,(3P).4d 4D 0.5,NIST-json,283,gap,,,,,,,,,,,,,,,,,,,,,,,,,,0,,,,,,n/a,,,
Ar I,641.6307,641.8080603882967,1160000.0,C,12.9070153,14.838811,3.0,5.0,4p1,6s1,True,True,4p[1/2]1,6s[3/2]2,NIST-csv,284,gap,,,,,,,,,,,,,,,,,,,,,,,,,,0,,,,,,n/a,,,
N I,641.9872,642.164656163876,223000.0,C,11.7575319,13.6882547,6.0,8.0,other16,4d15,True,True,(3P).3p 4D* 2.5,(3P).4d 4D 3.5,NIST-json,285,weak,641.9666211773466,-0.020578822653408095,0.03726717597055737,11731083.506491078,465368.3255649034,1240614.3774111972,9.45586615800024,0.12806244116186588,False,2.0,641.945;642.034,,,,,,,,,,,,,,,0,,,,,"FPS B-A (9,6); FPS B-A (8,5)",suspect?,"2 unexplained feature(s) in fit window; N2 band region: FPS B-A (9,6)/FPS B-A (8,5)",,
N I,642.064,642.2414767968145,897000.0,C,11.7575319,13.6880236,6.0,6.0,other16,4d14,True,True,(3P).3p 4D* 2.5,(3P).4d 4D 2.5,NIST-json,285,weak,642.0434211773465,-0.020578822653408095,0.03726717597055737,11894788.408365179,471862.44659215235,1240614.3774111972,9.587820861133462,0.1365258844205379,False,3.0,641.945;642.034;642.140,,,,,,,,,,,,,,,0,,,,,"FPS B-A (9,6); FPS B-A (8,5)",suspect?,"3 unexplained feature(s) in fit window; N2 band region: FPS B-A (9,6)/FPS B-A (8,5)",,
N I,642.302,642.4795407379235,547000.0,C,11.7575319,13.687293,6.0,4.0,other16,4d13,True,True,(3P).3p 4D* 2.5,(3P).4d 4D 1.5,NIST-json,286,ok,642.3115176836199,0.009517683619833026,0.025934321067278894,33925399.382452294,936552.3594486559,2576954.9569768854,13.16491748938109,0.21739166975324414,False,1.0,642.370,,,,,,,,,,,,,,,0,0.7324341496680489,,20.40683526084738,,"FPS B-A (9,6); FPS B-A (8,5)",suspect,"1 unexplained feature(s) in fit window; N2 band region: FPS B-A (9,6)/FPS B-A (8,5)",,
Ar I,643.15549,643.333260042761,51000.0,D,13.09487256,15.02208834,5.0,3.0,4p3,6s'[1/2]1,True,False,4p[5/2]2,6s'[1/2]1,NIST-csv,287,not_detected,643.1348873422277,-0.0206026577722801,0.025963128169713384,0.0,0.0,6212934.580099674,0.0,8.588105234097987e+36,False,0.0,,,,,,,,,,,,,,,,0,,,,,"FPS B-A (8,5)",n/a,,,
N I,644.094,644.2720222006841,1330000.0,C,11.7638464,13.6882547,8.0,8.0,other17,4d15,True,True,(3P).3p 4D* 3.5,(3P).4d 4D 3.5,NIST-json,288,not_detected,644.0733767310699,-0.020623268930220328,0.02599610602241775,0.0,0.0,8865568.760958085,0.0,1.2558419009240284e+37,False,0.0,,,,,,,,,,,,,,,,0,,,,,"FPS B-A (8,5)",n/a,,,
N I,644.1711,644.3491429163447,294000.0,C,11.7638464,13.6880236,8.0,6.0,other17,4d14,True,True,(3P).3p 4D* 3.5,(3P).4d 4D 2.5,NIST-json,288,not_detected,644.1504767310698,-0.020623268930220328,0.02599610602241775,0.0,0.0,8865568.760958085,0.0,1.3487083375240224e+37,False,0.0,,,,,,,,,,,,,,,,0,,,,,"FPS B-A (8,5)",n/a,,,
Ar I,646.6552,646.8339103994876,150000.0,D,13.2730381,15.1898239,1.0,3.0,4p6,5d[3/2]1,True,False,4p[1/2]0,5d[3/2]1,NIST-csv,289,not_detected,646.6345235155686,-0.02067648443139519,0.026081250824297526,9868197.061180733,273967.1168813986,13316114.86068163,0.7410717889133315,2.5841940785016613,False,0.0,,,,,,,,,,,,,,,,0,,,,,"FPS B-A (8,5)",n/a,,,
Ar I,648.1145,648.2936025536388,94000.0,D,13.2730381,15.185508,1.0,3.0,4p6,7s[3/2]1,True,False,4p[1/2]0,7s[3/2]1,NIST-csv,290,not_detected,648.1264593986831,0.011959398683089213,0.02613616215887752,15942845.551567081,443547.2234894302,10212676.910358673,1.561083904984434,0.6778967605948681,False,0.0,,,,,,,,,,,,,,,,0,,,,,"FPS B-A (8,5); FPS B-A (7,4)",n/a,,,
N I,648.171,648.3501177372942,3430000.0,C,11.7500916,13.6623958,2.0,4.0,other14,4d1,True,True,(3P).3p 4D* 0.5,(3P).4d 4F 1.5,NIST-json,290,not_detected,648.1829593986831,0.011959398683089213,0.02613616215887752,0.0,0.0,10212676.910358673,0.0,1.0159209595363286e+37,False,0.0,,,,,,,,,,,,,,,,0,,,,,"FPS B-A (8,5); FPS B-A (7,4)",n/a,,,
N I,648.27,648.4491443423814,4900000.0,C,11.7638464,13.6758579,8.0,10.0,other17,4d8,True,True,(3P).3p 4D* 3.5,(3P).4d 4F 4.5,NIST-json,290,not_detected,648.2819593986831,0.011959398683089213,0.02613616215887752,16317240.320365472,453963.2912893952,10212676.910358673,1.5977437124065843,0.5529786802794827,False,0.0,,,,,,,,,,,,,,,,0,,,,,"FPS B-A (8,5); FPS B-A (7,4)",n/a,,,
N I,648.375,648.5541725600347,3670000.0,C,11.7528949,13.6645956,4.0,6.0,other15,4d2,True,True,(3P).3p 4D* 1.5,(3P).4d 4F 2.5,NIST-json,290,weak,648.3869593986831,0.011959398683089213,0.02613616215887752,34470661.66501619,959011.1265839003,10212676.910358673,3.3752817177690946,0.22680465326001775,False,0.0,,,,,,,,,,,,,,,,0,,,11.270036598479019,,"FPS B-A (8,5); FPS B-A (7,4)",clean?,"N2 band region: FPS B-A (8,5)/FPS B-A (7,4)",,
N I,648.48,648.6592007778283,4200000.0,C,11.7575319,13.6689216,6.0,8.0,other16,4d5,True,True,(3P).3p 4D* 2.5,(3P).4d 4F 3.5,NIST-json,290,weak,648.4919593986831,0.011959398683089213,0.02613616215887752,67822138.1798928,1886885.310624553,10212676.910358673,6.640975600736091,0.09750690692551027,False,0.0,,,,,,,,,,,,,,,,0,,,,,"FPS B-A (8,5); FPS B-A (7,4)",clean?,"N2 band region: FPS B-A (8,5)/FPS B-A (7,4)",,
N I,649.122,649.3013733125299,1370000.0,C,11.7528949,13.6623958,4.0,4.0,other15,4d1,True,True,(3P).3p 4D* 1.5,(3P).4d 4F 1.5,NIST-json,291,not_detected,649.1012714782275,-0.0207285217724049,0.026164510569913063,0.0,0.0,7399367.017724272,0.0,1.245171116709279e+37,False,0.0,,,,,,,,,,,,,,,,0,,,,,"FPS B-A (7,4)",n/a,,,
Ar I,649.39688,649.5763271869317,31000.0,D,13.09487256,15.00356588,5.0,3.0,4p3,4d'[3/2]1,True,False,4p[5/2]2,4d'[3/2]1,NIST-csv,292,not_detected,649.3761456796123,-0.020734320387735188,0.026173788354441525,0.0,0.0,9225167.898358779,0.0,1.4932565263841886e+37,False,0.0,,,,,,,,,,,,,,,,0,,,,,"FPS B-A (7,4)",n/a,,,
N I,649.954,650.1335969166811,1180000.0,C,11.7575319,13.6645956,6.0,6.0,other16,4d2,True,True,(3P).3p 4D* 2.5,(3P).4d 4F 2.5,NIST-json,293,not_detected,649.9519629216497,-0.002037078350213757,0.026192592339149376,14728182.419465072,410638.67355109524,12901267.741468975,1.1416073764691965,1.0855358809253728,False,0.0,,,,,,,,,,,,,,,,0,,,,,"FPS B-A (7,4)",n/a,,,
N I,650.631,650.8107788702646,691000.0,C,11.7638464,13.6689216,8.0,8.0,other17,4d5,True,True,(3P).3p 4D* 3.5,(3P).4d 4F 3.5,NIST-json,294,not_detected,650.6430097020086,0.012009702008600708,0.02621664747969591,0.0,0.0,12418072.469995778,0.0,2.084135939188531e+37,False,0.0,,,,,,,,,,,,,,,,0,,,,,"FPS B-A (7,4)",n/a,,,
N I,650.7024,650.8821980603884,97000.0,C,11.7575319,13.6623958,6.0,4.0,other16,4d1,True,True,(3P).3p 4D* 2.5,(3P).4d 4F 1.5,NIST-json,294,not_detected,650.7144097020087,0.012009702008600708,0.02621664747969591,22253241.48762455,621015.7938049186,12418072.469995778,1.792004479068088,1.0898659068041807,False,0.0,,,,,,,,,,,,,,,,0,,,,,"FPS B-A (7,4)",n/a,,,
Ar I,651.38458,651.5645614126223,54000.0,D,13.28263902,15.185508,3.0,3.0,4p7,7s[3/2]1,True,False,4p'[3/2]1,7s[3/2]1,NIST-csv,295,not_detected,651.368489619898,-0.016090380102038542,0.026240877456257646,13975349.857128505,390367.1392696384,19763745.09797828,0.7071205274023751,2.0638928161577006,False,0.0,,,,,,,,,,,,,,,,0,,,,,"FPS B-A (7,4)",n/a,,,
N I,652.111,652.2911766618346,46600.0,C,11.7638464,13.6645956,8.0,6.0,other17,4d2,True,True,(3P).3p 4D* 3.5,(3P).4d 4F 2.5,NIST-json,296,not_detected,652.1019340481059,-0.009065951894062731,0.026265395675979564,8478627.50084941,237050.95715096642,11246202.633915804,0.75391025547414,2.758559172284488,False,0.0,,,,,,,,,,,,,,,,0,,,,,"FPS B-A (7,4)",n/a,,,
Ar I,653.8112,653.9918336721202,110000.0,D+,13.07571571,14.97152236,7.0,7.0,4p2,4d'[5/2]3,True,False,4p[5/2]3,4d'[5/2]3,NIST-csv,297,not_detected,653.8232760354847,0.012076035484685124,0.0592262573432197,1157057.0866864678,72945.9670492787,5655650.638860975,0.20458425750984757,8.250030364410451,False,1.0,653.862,,,,,,,,,,,,,,,0,,,,,"FPS B-A (7,4)",n/a,,,
N I,659.5844,659.7665857620774,90800.0,C,12.1219574,14.0011704,2.0,4.0,other24,other149,True,True,(3P).3p 2P* 0.5,(3P).5d 2D 1.5,NIST-json,298,gap,,,,,,,,,,,,,,,,,,,,,,,,,,0,,,,,,n/a,,,
Ar I,659.61134,659.7935330056839,23000.0,D,13.07571571,14.95485204,7.0,5.0,4p2,4d'[5/2]2,True,False,4p[5/2]3,4d'[5/2]2,NIST-csv,298,edge,,,,,,,,,,,,,,,,,,,,,,,,,,0,,,,,,n/a,,,
Ar I,659.86776,660.0500219521325,36000.0,D,13.30222747,15.18063359,5.0,5.0,4p8,7s[3/2]2,True,False,4p'[3/2]2,7s[3/2]2,NIST-csv,299,not_detected,659.8468047955708,-0.02095520442909718,0.02652720282062071,0.0,0.0,2773933.086760888,0.0,7.686927159525905e+36,False,0.0,,,,,,,,,,,,,,,,0,,,,,"FPS B-A (6,3)",n/a,,,
N I,660.321,660.5033838216601,109000.0,C,12.1263787,14.0034956,4.0,6.0,other25,other150,True,True,(3P).3p 2P* 1.5,(3P).5d 2D 2.5,NIST-json,300,not_detected,660.326105392315,0.005105392314882799,0.026547065947057698,0.0,0.0,21864378.201812476,0.0,3.58083514239275e+37,False,0.0,,,,,,,,,,,,,,,,0,,,,,"FPS B-A (6,3)",n/a,,,
Ar I,660.40114,660.5835453703766,280000.0,D+,13.07571571,14.95260474,7.0,5.0,4p2,4d'[3/2]2,True,False,4p[5/2]3,4d'[3/2]2,NIST-csv,300,not_detected,660.406245392315,0.005105392314882799,0.026547065947057698,22115521.99989003,624950.9512730218,21864378.201812476,1.0114864367858736,1.4235332937518643,False,0.0,,,,,,,,,,,,,,,,0,,,,,"FPS B-A (6,3)",n/a,,,
Ar I,660.4853,660.6677280001074,13000.0,D,13.09487256,14.97152236,5.0,7.0,4p3,4d'[5/2]3,True,False,4p[5/2]2,4d'[5/2]3,NIST-csv,300,not_detected,660.490405392315,0.005105392314882799,0.026547065947057698,9731048.996688511,274984.61611691146,21864378.201812476,0.44506406296438117,2.768355403869279,False,0.0,,,,,,,,,,,,,,,,0,,,,,"FPS B-A (6,3)",n/a,,,
N I,660.6176,660.8000635743451,88700.0,D+,11.7528949,13.629169,4.0,6.0,other15,5s3,True,True,(3P).3p 4D* 1.5,(3P).5s 4P 2.5,NIST-json,300,not_detected,660.622705392315,0.005105392314882799,0.026547065947057698,0.0,0.0,21864378.201812476,0.0,1.9797097517641423e+37,False,0.0,,,,,,,,,,,,,,,,0,,,,,"FPS B-A (6,3)",n/a,,,
N I,661.1399,661.3225040179973,18000.0,C,12.1263787,14.0011704,4.0,4.0,other25,other149,True,True,(3P).3p 2P* 1.5,(3P).5d 2D 1.5,NIST-json,301,not_detected,661.118917959677,-0.020982040322964576,0.059782815564319226,2662630.431986837,169441.37478953952,15838679.15898812,0.16810937359482087,11.788026926756707,False,0.0,,,,,,,,,,,,,,,,0,,,,,"FPS B-A (6,3)",n/a,,,
N I,662.254,662.4369036043628,793000.0,D+,11.7575319,13.629169,6.0,6.0,other16,5s3,True,True,(3P).3p 4D* 2.5,(3P).5s 4P 2.5,NIST-json,302,not_detected,662.2662541370181,0.012254137018119855,0.05986742286358473,22709291.043477554,1447192.6552818334,18953065.194365807,1.1981856660435255,1.3448238190482873,False,0.0,,,,,,,,,,,,,,,,0,,,,,"FPS B-A (6,3)",n/a,,,
N I,662.699,662.8820232709387,220000.0,D+,11.7500916,13.6204726,2.0,4.0,other14,5s2,True,True,(3P).3p 4D* 0.5,(3P).5s 4P 1.5,NIST-json,303,not_detected,662.6779850703392,-0.02101492966071723,0.059901217180228776,4501096.978253083,287002.86198650027,4347253.917475121,1.0353885610774984,1.4533854624082736,False,0.0,,,,,,,,,,,,,,,,0,,,,,"FPS B-A (6,3)",n/a,,,
Ar I,663.20841,663.3915702611268,53000.0,D,13.15314387,15.02208834,3.0,3.0,4p4,6s'[1/2]1,True,False,4p[3/2]1,6s'[1/2]1,NIST-csv,304,weak,663.2206842703724,0.012274270372519512,0.026639956861965998,30556102.79851974,866490.2690992889,8920814.094768899,3.4252594520983934,0.33974219310481624,False,0.0,,,,,,,13.657619515826912,0.013319978430982999,0.4083038701491977,1.5230356291442957,0.4473015246488195,1.0650315178647984,663.2206842703729,0.8146943988046064,,0,,,,,"FPS B-A (6,3); FPS B-A (5,2)",contaminated?,"hidden line 1.07 x height at 663.221 (Ar I 663.21); reference shift at scan limit; N2 band region: FPS B-A (6,3)/FPS B-A (5,2)",,
N I,663.694,663.8772908485156,1400000.0,D+,11.7528949,13.6204726,4.0,4.0,other15,5s2,True,True,(3P).3p 4D* 1.5,(3P).5s 4P 1.5,NIST-json,305,not_detected,663.6729640807356,-0.021035919264375678,0.026656346557066307,0.0,0.0,5733510.021998221,0.0,7.817439878918056e+36,False,0.0,,,,,,,,,,,,,,,,0,,,,,"FPS B-A (6,3); FPS B-A (5,2)",n/a,,,
N I,664.496,664.6795065326196,3490000.0,D+,11.7638464,13.629169,8.0,6.0,other17,5s3,True,True,(3P).3p 4D* 3.5,(3P).5s 4P 2.5,NIST-json,306,not_detected,664.4749471624822,-0.02105283751777676,0.02668341576250804,0.0,0.0,10898965.065088429,0.0,1.166904171415163e+37,False,0.0,,,,,,,,,,,,,,,,0,,,,,"FPS B-A (5,2)",n/a,,,
N I,664.65,664.833547949137,2180000.0,D+,11.7500916,13.6149817,2.0,2.0,other14,5s1,True,True,(3P).3p 4D* 0.5,(3P).5s 4P 0.5,NIST-json,307,not_detected,664.6623046808276,0.012304680827532562,0.060049380577470474,15834334.813090192,1012139.9469036162,13460426.172575327,1.176362071310308,1.002087694026958,False,0.0,,,,,,,,,,,,,,,,0,,,,,"FPS B-A (5,2)",n/a,,,
N I,664.8256,665.0091951750644,137000.0,D+,12.1219574,13.9863558,2.0,2.0,other24,other132,True,True,(3P).3p 2P* 0.5,(3P).5d 2P 0.5,NIST-json,308,not_detected,664.8045402095441,-0.021059790455832866,0.02669454046339781,0.0,0.0,13186466.863874905,0.0,1.5490998390116145e+37,False,0.0,,,,,,,,,,,,,,,,0,,,,,"FPS B-A (5,2)",n/a,,,
N I,665.1147,665.2983729265113,34200.0,D+,12.1219574,13.9855454,2.0,4.0,other24,other131,True,True,(3P).3p 2P* 0.5,(3P).5d 2P 1.5,NIST-json,309,not_detected,665.0936341109568,-0.021065889043187295,0.03338037275395612,3530912.2998721073,125461.45592008343,23032789.934598476,0.15329937493018084,7.162831501215469,False,0.0,,,,,,,,,,,,,,,,0,,,,,"FPS B-A (5,2)",n/a,,,
N I,665.346,665.5297351337533,2740000.0,D+,11.7575319,13.6204726,6.0,4.0,other16,5s2,True,True,(3P).3p 4D* 2.5,(3P).5s 4P 1.5,NIST-json,310,not_detected,665.3416242973337,-0.004375702666209236,0.0267121050700211,1131699.359192285,32178.914841727033,11927648.439189058,0.0948803416668464,13.46178153552607,False,0.0,,,,,,,,,,,,,,,,0,,,,,"FPS B-A (5,2)",n/a,,,
N I,665.651,665.8348171632834,2170000.0,D+,11.7528949,13.6149817,4.0,2.0,other15,5s1,True,True,(3P).3p 4D* 1.5,(3P).5s 4P 0.5,NIST-json,311,not_detected,665.6466242973338,-0.004375702666209236,0.026723121764106107,0.0,0.0,6712175.038604654,0.0,1.8154859089437924e+37,False,0.0,,,,,,,,,,,,,,,,0,,,,,"FPS B-A (5,2)",n/a,,,
Ar I,665.6938,665.8776286743996,31000.0,D,13.32785705,15.1898239,3.0,3.0,4p9,5d[3/2]1,True,False,4p'[1/2]1,5d[3/2]1,NIST-csv,311,weak,665.6894242973337,-0.004375702666209236,0.026723121764106107,61409975.65415634,1746860.9072106867,6712175.038604654,9.149042642803668,0.3230675471395456,False,0.0,,,,,,,13.532956898576833,-0.013361560882053054,0.273026470703529,0.9530338881013021,0.11919759581751502,0.3012429985997505,665.684970443706,0.285092234458314,,0,,,13.69614038661653,,"FPS B-A (5,2)",suspect?,"reference shift at scan limit; N2 band region: FPS B-A (5,2)",,
Ar I,666.0676,666.2515292093102,780000.0,D,13.15314387,15.0140655,3.0,1.0,4p4,6s'[1/2]0,True,False,4p[3/2]1,6s'[1/2]0,NIST-csv,312,weak,666.0465140094559,-0.021085990544017583,0.033420575755616695,64701755.45558197,2301771.4633570523,14547937.706325697,4.447486424653064,0.21052058816196575,False,0.0,,,,,,,6.48577861452404,-0.008355143938904174,-0.0687898436355905,-0.6457413492047196,0.22142770473393897,0.1929963752081666,666.0465140094556,0.09133380632640109,,0,,,5.377001405060239,,"FPS B-A (5,2); FPS B-A (12,10)",clean?,"N2 band region: FPS B-A (5,2)/FPS B-A (12,10)",,
Ar I,666.4051,666.5891199826008,150000.0,D+,13.09487256,14.95485204,5.0,5.0,4p3,4d'[5/2]2,True,False,4p[5/2]2,4d'[5/2]2,NIST-csv,313,not_detected,666.3911714882452,-0.013928511754792433,0.026747865448032954,0.0,0.0,18263884.99542807,0.0,2.5553242144396995e+37,True,0.0,,,,,,,,,,,,,,,,0,,,,,"FPS B-A (5,2); FPS B-A (12,10)",n/a,,,
N I,666.4059,666.5899201977686,67900.0,D+,12.1263787,13.9863558,4.0,2.0,other25,other132,True,True,(3P).3p 2P* 1.5,(3P).5d 2P 0.5,NIST-json,313,not_detected,666.3919714882452,-0.013928511754792433,0.026747865448032954,24081962.32412851,685666.9440050266,18263884.99542807,1.3185563931308621,1.0575359597714762,False,0.0,,,,,,,,,,,,,,,,0,,,,,"FPS B-A (5,2); FPS B-A (12,10)",n/a,,,
N I,666.6964,666.8804983311035,170000.0,D+,12.1263787,13.9855454,4.0,4.0,other25,other131,True,True,(3P).3p 2P* 1.5,(3P).5d 2P 1.5,NIST-json,314,not_detected,666.6753007448704,-0.02109925512972656,0.05017065739055197,8959575.3296573,478486.2112894615,16482499.726558255,0.5435810998510581,2.148722637721734,False,0.0,,,,,,,,,,,,,,,,0,,,,,"FPS B-A (5,2); FPS B-A (12,10)",n/a,,,
Ar I,667.7282,667.9125758535733,236000.0,B,11.62359272,13.47988682,3.0,1.0,4s2,4p10,True,True,4s[3/2]1,4p'[1/2]0,NIST-csv,315,ok,667.7238242973337,-0.004375702666209236,0.026792509385735925,77723392.31017669,2216651.143378155,6401558.365043165,12.141323702459534,0.34250005938425665,False,0.0,,,,,,,1.109120395115344,-0.006698127346433981,-0.30013209541451435,-1.6244053709359774,0.2500398750627889,0.20379663520913738,667.7238242973342,0.0863986598247859,,0,0.8607509139246652,0.3015256433602288,0.831948345710552,-0.09335645437837947,"FPS B-A (5,2); FPS B-A (12,10)",suspect,"pedestal +0.30 of height; N2 band region: FPS B-A (5,2)/FPS B-A (12,10)",,
Ar I,668.47883,668.6634077577071,39000.0,D,13.28263902,15.13684847,3.0,5.0,4p7,5d[3/2]2,True,False,4p'[3/2]1,5d[3/2]2,NIST-csv,316,not_detected,668.4600875947922,-0.018742405207873562,0.026817844744440072,6248690.815721106,178379.57248617263,9979579.3543411,0.6261477156352222,3.488377820324328,False,0.0,,,,,,,,,,,,,,,,0,,,,,"FPS B-A (5,2); FPS B-A (12,10)",n/a,,,
Ar I,669.84708,670.0320258057046,25000.0,D,13.15314387,15.00356588,3.0,3.0,4p4,4d'[3/2]1,True,False,4p[3/2]1,4d'[3/2]1,NIST-csv,317,not_detected,669.8594947389178,0.012414738917774781,0.02686470653437443,0.0,0.0,14198514.092173154,0.0,1.813057456670993e+37,False,0.0,,,,,,,,,,,,,,,,0,,,,,"FPS B-A (5,2); FPS B-A (12,10)",n/a,,,
Ar I,669.8874,670.0723566517788,160000.0,D+,13.1717777,15.02208834,5.0,3.0,4p5,6s'[1/2]1,True,False,4p[3/2]2,6s'[1/2]1,NIST-csv,317,not_detected,669.8998147389177,0.012414738917774781,0.02686470653437443,30171123.437134303,862791.370247654,14198514.092173154,2.124949360283127,0.35658915490913806,False,0.0,,,,,,,,,,,,,,,,0,,,,,"FPS B-A (5,2); FPS B-A (12,10)",n/a,,,
N I,670.0494,670.2344002299443,1500000.0,C,11.8374298,13.687293,2.0,4.0,other18,4d13,True,True,(3P).3p 4P* 0.5,(3P).4d 4D 1.5,NIST-json,318,weak,670.0618185815973,0.012418581597375206,0.05038285279075333,48100182.129606314,2579655.343035599,7031516.232708843,6.840655775756639,0.17454701650511362,False,0.0,,,,,,,,,,,,,,,,0,,,,,"FPS B-A (5,2); FPS B-A (12,10)",clean?,"N2 band region: FPS B-A (5,2)/FPS B-A (12,10)",,
N I,670.4839,670.6690171123707,2990000.0,C,11.8374298,13.6860943,2.0,2.0,other18,4d12,True,True,(3P).3p 4P* 0.5,(3P).4d 4D 0.5,NIST-json,319,weak,670.4867263491209,0.0028263491209815986,0.02688766000551246,50855943.69830323,1455549.3532385505,5632111.169743646,9.029641313102493,0.23334407358110512,False,1.0,670.421,,,,,,,,,,,,,,,0,,,9.966190302633738,,"FPS B-A (5,2); FPS B-A (12,10)",suspect?,"1 unexplained feature(s) in fit window; N2 band region: FPS B-A (5,2)/FPS B-A (12,10)",,
N I,670.6107,670.7958512225395,2510000.0,C,11.8397086,13.6880236,4.0,6.0,other19,4d14,True,True,(3P).3p 4P* 1.5,(3P).4d 4D 2.5,NIST-json,319,not_detected,670.6135263491209,0.0028263491209815986,0.02688766000551246,643371.6527842078,18413.957641952384,5632111.169743646,0.11423276874229239,6.516975257679165,False,0.0,,,,,,,,,,,,,,,,0,,,,,"FPS B-A (5,2); FPS B-A (12,10)",n/a,,,
N I,670.8759,671.0611225639591,1910000.0,C,11.8397086,13.687293,4.0,4.0,other19,4d13,True,True,(3P).3p 4P* 1.5,(3P).4d 4D 1.5,NIST-json,320,not_detected,670.8883360166802,0.012436016680213102,0.06052218964712042,21069533.705709554,1357381.0020381757,7821181.789948,2.693906659066371,0.3692857679696816,False,0.0,,,,,,,,,,,,,,,,0,,,,,"FPS B-A (5,2); FPS B-A (12,10)",n/a,,,
N I,671.3114,671.4967397194998,596000.0,C,11.8397086,13.6860943,4.0,2.0,other19,4d12,True,True,(3P).3p 4P* 1.5,(3P).4d 4D 0.5,NIST-json,321,not_detected,671.2974123509033,-0.013987649096695082,0.026913450005360374,4873967.568429243,139631.76196524614,2705058.066477052,1.8017977613238014,0.7218684094524381,False,0.0,,,,,,,,,,,,,,,,0,,,,,"FPS B-A (5,2); FPS B-A (12,10)",n/a,,,
Ar I,671.92185,672.107353942648,240000.0,D,13.2730381,15.11774638,1.0,3.0,4p6,5d[1/2]1,True,False,4p[1/2]0,5d[1/2]1,NIST-csv,322,not_detected,671.9006405135893,-0.02120948641056781,0.060601621479690865,9002632.463008747,580745.6625515277,4438366.937252626,2.028365971151864,0.8644847685088721,False,0.0,,,,,,,,,,,,,,,,0,,,,,"FPS B-A (12,10); FPS B-A (4,1)",n/a,,,
N I,672.0967,672.2822509815429,195000.0,D+,11.8374298,13.681658,2.0,2.0,other18,4d10,True,True,(3P).3p 4P* 0.5,(3P).4d 4P 0.5,NIST-json,323,not_detected,672.0754868251149,-0.021213174885140355,0.02693995555028979,1222300.086007359,35051.52577267622,8172304.207147514,0.14956615111541402,5.039846410815315,False,0.0,,,,,,,,,,,,,,,,0,,,,,"FPS B-A (12,10); FPS B-A (4,1)",n/a,,,
N I,672.262,672.4475954515742,3560000.0,C,11.844477,13.6882547,6.0,8.0,other20,4d15,True,True,(3P).3p 4P* 2.5,(3P).4d 4D 3.5,NIST-json,324,weak,672.2407825624322,-0.021217437567764737,0.0606302456455998,27088843.043014783,1748284.0474741033,4488541.421192088,6.035110406939366,0.09333208848338435,False,2.0,672.230;672.294,,,,,,,,,,,,,,,0,,,,,"FPS B-A (12,10); FPS B-A (4,1)",suspect?,"2 unexplained feature(s) in fit window; N2 band region: FPS B-A (12,10)/FPS B-A (4,1)",,
Ar I,672.28901,672.4746127180014,32000.0,D,13.30222747,15.1459283,5.0,7.0,4p8,5d[7/2]3,True,False,4p'[3/2]2,5d[7/2]3,NIST-csv,324,not_detected,672.2677925624322,-0.021217437567764737,0.0606302456455998,694319.7335955873,44810.629681161176,4488541.421192088,0.1546871619179993,3.806770457138986,True,2.0,672.230;672.294,,,,,,,,,,,,,,,0,,,,,"FPS B-A (12,10); FPS B-A (4,1)",n/a,,,
N I,672.3453,672.5309178615742,1070000.0,C,11.844477,13.6880236,6.0,6.0,other20,4d14,True,True,(3P).3p 4P* 2.5,(3P).4d 4D 2.5,NIST-json,324,not_detected,672.3240825624322,-0.021217437567764737,0.0606302456455998,5832766.500615685,376440.31564859574,4488541.421192088,1.2994792635926242,0.4941881222894736,False,2.0,672.230;672.294,,,,,,,,,,,,,,,0,,,,,"FPS B-A (12,10); FPS B-A (4,1)",n/a,,,
N I,672.6118,672.7974895579601,178000.0,C,11.844477,13.687293,6.0,4.0,other20,4d13,True,True,(3P).3p 4P* 2.5,(3P).4d 4D 1.5,NIST-json,325,not_detected,672.5905759590397,-0.021224040960360922,0.0269573412706427,0.0,0.0,4852557.246489664,0.0,1.0164457946805473e+37,False,1.0,672.520,,,,,,,,,,,,,,,0,,,,,"FPS B-A (12,10); FPS B-A (4,1)",n/a,,,
N I,672.9283,673.1140747068686,973000.0,D+,11.8397086,13.681658,4.0,2.0,other19,4d10,True,True,(3P).3p 4P* 1.5,(3P).4d 4P 0.5,NIST-json,326,not_detected,672.9070692824472,-0.021230717552881428,0.02696802381867551,1583283.3821603477,45450.63830223456,3335287.7145477976,0.4747066872984933,2.9277618476921656,False,0.0,,,,,,,,,,,,,,,,0,,,,,"FPS B-A (12,10); FPS B-A (4,1)",n/a,,,
N I,673.3322,673.5180833708932,485000.0,D+,11.8374298,13.6782741,2.0,4.0,other18,4d9,True,True,(3P).3p 4P* 0.5,(3P).4d 4P 1.5,NIST-json,327,not_detected,673.3109607621446,-0.021239237855311222,0.02698165630256318,0.0,0.0,7023363.994592556,0.0,8.833982228543108e+36,False,0.0,,,,,,,,,,,,,,,,0,,,,,"FPS B-A (12,10); FPS B-A (4,1)",n/a,,,
N I,674.1668,674.352907914952,155000.0,D+,11.8397086,13.6782741,4.0,4.0,other19,4d9,True,True,(3P).3p 4P* 1.5,(3P).4d 4P 1.5,NIST-json,328,gap,,,,,,,,,,,,,,,,,,,,,,,,,,0,,,,,,n/a,,,
N I,675.2025,675.3888865746086,347000.0,D+,11.8397086,13.6754539,4.0,6.0,other19,4d7,True,True,(3P).3p 4P* 1.5,(3P).4d 4P 2.5,NIST-json,329,gap,,,,,,,,,,,,,,,,,,,,,,,,,,0,,,,,,n/a,,,
Ar I,675.2834,675.4698083416159,1930000.0,C,12.9070153,14.74254085,3.0,5.0,4p1,4d3,True,True,4p[1/2]1,4d[3/2]2,NIST-csv,329,gap,,,,,,,,,,,,,,,,,,,,,,,,,,0,,,,,,n/a,,,
Ar I,675.43724,675.6236897341089,210000.0,D,13.28263902,15.11774638,3.0,3.0,4p7,5d[1/2]1,True,False,4p'[3/2]1,5d[1/2]1,NIST-csv,330,gap,,,,,,,,,,,,,,,,,,,,,,,,,,0,,,,,,n/a,,,
Ar I,675.6163,675.8027979126772,360000.0,D+,13.30222747,15.13684847,5.0,5.0,4p8,5d[3/2]2,True,False,4p'[3/2]2,5d[3/2]2,NIST-csv,331,gap,,,,,,,,,,,,,,,,,,,,,,,,,,0,,,,,,n/a,,,
N I,675.9198,676.1063795743637,518000.0,D+,11.844477,13.6782741,6.0,4.0,other20,4d9,True,True,(3P).3p 4P* 2.5,(3P).4d 4P 1.5,NIST-json,332,gap,,,,,,,,,,,,,,,,,,,,,,,,,,0,,,,,,n/a,,,
Ar I,676.6612,676.847979064583,400000.0,D+,13.1717777,15.00356588,5.0,3.0,4p5,4d'[3/2]1,True,False,4p[3/2]2,4d'[3/2]1,NIST-csv,333,gap,,,,,,,,,,,,,,,,,,,,,,,,,,0,,,,,,n/a,,,
N I,676.961,677.147859734197,802000.0,D+,11.844477,13.6754539,6.0,6.0,other20,4d7,True,True,(3P).3p 4P* 2.5,(3P).4d 4P 2.5,NIST-json,334,gap,,,,,,,,,,,,,,,,,,,,,,,,,,0,,,,,,n/a,,,
Ar I,677.99259,678.1797273200674,121000.0,C,13.47988682,15.3080777,1.0,3.0,4p10,6d[1/2]1,True,False,4p'[1/2]0,6d[1/2]1,NIST-csv,335,gap,,,,,,,,,,,,,,,,,,,,,,,,,,0,,,,,,n/a,,,
Ar I,681.82888,682.0170497123539,200000.0,D,13.28263902,15.10054371,3.0,1.0,4p7,5d[1/2]0,True,False,4p'[3/2]1,5d[1/2]0,NIST-csv,336,not_detected,681.8415470706592,0.012667070659186895,0.06135398397142607,892901.2261709361,58314.747307438985,8733575.913035465,0.10223775862968333,9.543107224721675,False,0.0,,,,,,,,,,,,,,,,0,,,,,"FPS B-A (11,9); FPS B-A (3,0); FPS B-A (10,8)",n/a,,,
Ar I,682.72488,682.9132908598932,240000.0,D,13.30222747,15.11774638,5.0,3.0,4p8,5d[1/2]1,True,False,4p'[3/2]2,5d[1/2]1,NIST-csv,337,not_detected,682.7034426228175,-0.021437377182437496,0.027298679225965218,0.0,0.0,16039244.666458702,0.0,1.5419627627917495e+37,False,0.0,,,,,,,,,,,,,,,,0,,,,,"FPS B-A (3,0); FPS B-A (10,8)",n/a,,,
Ar I,685.18842,685.3774939362952,67000.0,D,13.32785705,15.13684847,3.0,5.0,4p9,5d[3/2]2,True,False,4p'[1/2]1,5d[3/2]2,NIST-csv,338,weak,685.201157940421,0.012737940421071021,0.02738182893964841,13870557.86178678,404285.8967600836,4101506.702259462,3.3818201136050043,0.5161076648394556,False,0.0,,,,,,,0.5645052360835953,0.013690914469824206,-0.18171732459186415,-0.6564407302816004,0.3542979167550078,0.6001379963906913,685.2148488548905,0.2677373608836876,,0,,,0.5263301674510427,,"FPS B-A (3,0); FPS B-A (10,8)",suspect?,"reference shift at scan limit; N2 band region: FPS B-A (3,0)/FPS B-A (10,8)",,
Ar I,687.1289,687.3184962735359,2780000.0,C,12.9070153,14.7108981,3.0,3.0,4p1,4d2,True,True,4p[1/2]1,4d[1/2]1,NIST-csv,339,ok,687.1220736433816,-0.006826356618535296,0.03430915533256484,163594054.5720149,5974612.629343843,7216939.496193126,22.668065134578082,0.07157147953857329,False,1.0,687.029,0.035777921690049515,687.1223987630939,0.1454101738301812,165657857.1415103,6308983.020510154,1.3565144642192126,-0.004288644416570605,-0.00994956088984256,-0.44590399803167874,0.061857188331173756,0.10298872097247211,687.150664606158,0.1840382996248071,,0,1.1805125846531064,0.046745786004592935,1.42283435014618,,"FPS B-A (3,0); FPS B-A (10,8)",clean,"N2 band region: FPS B-A (3,0)/FPS B-A (10,8)",,
Ar I,687.9582,688.1480195161516,180000.0,D+,13.15314387,14.95485204,3.0,5.0,4p4,4d'[5/2]2,True,False,4p[3/2]1,4d'[5/2]2,NIST-csv,340,weak,687.9636369097998,0.005436909799700287,0.06181945853523,32350888.591086924,2128842.9373409385,4544444.473814579,7.1187773945737725,0.06334562882326436,False,1.0,687.982,,,,,,1.1943539985353313,0.030909729267615,0.10907349368792488,1.0327672629677878,0.3801376914170862,0.6200246066944091,687.9430304236213,0.4475673621247612,,0,,,1.9783806997527695,,"FPS B-A (3,0); FPS B-A (10,8)",suspect?,"reference shift at scan limit; N2 band region: FPS B-A (3,0)/FPS B-A (10,8)",,
N I,688.4314,688.6213469020116,290.0,C,10.3259087,12.1263787,2.0,4.0,other5,other25,True,True,(3P).3s 4P 0.5,(3P).3p 2P* 1.5,NIST-json,341,not_detected,688.4098422433271,-0.02155775667295912,0.027491286410799814,0.0,0.0,1807616.8594625709,0.0,3.5467134441465045e+36,False,0.0,,,,,,,,,,,,,,,,0,,,,,"FPS B-A (10,8)",n/a,,,
Ar I,688.70882,688.8988415848139,130000.0,D+,13.1717777,14.97152236,5.0,7.0,4p5,4d'[5/2]3,True,False,4p[3/2]2,4d'[5/2]3,NIST-csv,342,not_detected,688.6872552458783,-0.02156475412163203,0.02750248232867647,0.0,0.0,2016820.42170612,0.0,3.753114784626541e+36,False,0.0,,,,,,,,,,,,,,,,0,,,,,"FPS B-A (10,8)",n/a,,,
Ar I,688.8174,689.0074508152934,250000.0,D+,13.15314387,14.95260474,3.0,5.0,4p4,4d'[3/2]2,True,False,4p[3/2]1,4d'[3/2]2,NIST-csv,342,not_detected,688.7958352458784,-0.02156475412163203,0.02750248232867647,0.0,0.0,2016820.42170612,0.0,3.510375032447373e+36,False,0.0,,,,,,,,,,,,,,,,0,,,,,"FPS B-A (10,8)",n/a,,,
N I,690.0355,690.2258787445978,1270.0,C,10.3300944,12.1263787,4.0,4.0,other6,other25,True,True,(3P).3s 4P 1.5,(3P).3p 2P* 1.5,NIST-json,343,not_detected,690.0139074491036,-0.021592550896350322,0.02754695716822574,0.0,0.0,741539.2794683785,0.0,8.123947139886405e+35,False,0.0,,,,,,,,,,,,,,,,0,,,,,,n/a,,,
N I,690.1261,690.3165031359845,81.0,D,10.3259087,12.1219574,2.0,2.0,other5,other24,True,True,(3P).3s 4P 0.5,(3P).3p 2P* 0.5,NIST-json,343,not_detected,690.1045074491036,-0.021592550896350322,0.02754695716822574,0.0,0.0,741539.2794683785,0.0,9.739120021198486e+35,False,0.0,,,,,,,,,,,,,,,,0,,,,,,n/a,,,
N I,691.7382,691.9290371607648,87.0,C,10.3300944,12.1219574,4.0,2.0,other6,other24,True,True,(3P).3s 4P 1.5,(3P).3p 2P* 0.5,NIST-json,344,weak,691.7165724861196,-0.021627513880373955,0.05175543364249416,19668247.186086643,1083562.133613314,2286796.578924099,8.600785643706113,0.09974443536630624,False,1.0,691.697,,,,,,,,,,,,,,,0,,,,,"FPS B-A (9,7)",suspect?,"1 unexplained feature(s) in fit window; N2 band region: FPS B-A (9,7)",,
N I,692.2713,692.4622806928942,700.0,C,10.3358956,12.1263787,6.0,4.0,other7,other25,True,True,(3P).3s 4P 2.5,(3P).3p 2P* 1.5,NIST-json,345,not_detected,692.249661240333,-0.02163875966701749,0.02762089120129321,0.0,0.0,1103100.4392245905,0.0,1.3226772458940224e+36,False,0.0,,,,,,,,,,,,,,,,0,,,,,"FPS B-A (9,7)",n/a,,,
Ar I,692.50094,692.6919825221934,120000.0,D+,13.32785705,15.11774638,3.0,3.0,4p9,5d[1/2]1,True,False,4p'[1/2]1,5d[1/2]1,NIST-csv,346,ok,692.489163768216,-0.011776231783964444,0.027628642039619445,16967964.846416857,499024.08336552605,1431597.0869473645,11.85247231998644,0.06029358558054596,False,0.0,,,,,,,1.4176643777142435,0.013814321019809723,0.33030001805618314,2.344849214697323,0.42696554831959715,0.9553533502278576,692.4891637682157,0.8701547190095608,,0,,,,,"FPS B-A (9,7)",contaminated,"absent in pure Ar; hidden line 0.96 x height at 692.489 (Ar I 692.50); reference shift at scan limit; N2 band region: FPS B-A (9,7)",,
N I,692.667,692.8580872332676,775000.0,B,11.8397086,13.629169,4.0,6.0,other19,5s3,True,True,(3P).3p 4P* 1.5,(3P).5s 4P 2.5,NIST-json,347,ok,692.6774283581826,0.010428358182582028,0.0276342469177437,68398629.60798204,2011996.6093303938,737395.0701789816,92.75710182247384,0.0050816617837528685,False,0.0,,0.021162219747380195,692.6769683479739,-0.1387706952711053,81066046.84078284,1826133.086469245,,,,,,,,,,0,0.7767592523979452,,,,"FPS B-A (9,7)",clean,"N2 band region: FPS B-A (9,7)",,
Ar I,693.7664,693.9577832500145,3080000.0,C,12.9070153,14.6936397,3.0,1.0,4p1,4d1,True,True,4p[1/2]1,4d[1/2]0,NIST-csv,348,gap,,,,,,,,,,,,,,,,,,,,,,,,,,0,,,,,,n/a,,,
N I,694.5177,694.7092855469085,1830000.0,B,11.844477,13.629169,6.0,6.0,other20,5s3,True,True,(3P).3p 4P* 2.5,(3P).5s 4P 2.5,NIST-json,349,gap,,,,,,,,,,,,,,,,,,,,,,,,,,0,,,,,,n/a,,,
Ar I,695.1478,695.3395552136285,220000.0,D,13.1717777,14.95485204,5.0,5.0,4p5,4d'[5/2]2,True,False,4p[3/2]2,4d'[5/2]2,NIST-csv,350,gap,,,,,,,,,,,,,,,,,,,,,,,,,,0,,,,,,n/a,,,
N I,695.16,695.3517584987565,1030000.0,B,11.8374298,13.6204726,2.0,4.0,other18,5s2,True,True,(3P).3p 4P* 0.5,(3P).5s 4P 1.5,NIST-json,350,gap,,,,,,,,,,,,,,,,,,,,,,,,,,0,,,,,,n/a,,,
Ar I,696.025,696.2169914235626,240000.0,D,13.1717777,14.95260474,5.0,5.0,4p5,4d'[3/2]2,True,False,4p[3/2]2,4d'[3/2]2,NIST-csv,351,gap,,,,,,,,,,,,,,,,,,,,,,,,,,0,,,,,,n/a,,,
N I,696.0496,696.2415980478937,467000.0,B,11.8397086,13.6204726,4.0,4.0,other19,5s2,True,True,(3P).3p 4P* 1.5,(3P).5s 4P 1.5,NIST-json,351,gap,,,,,,,,,,,,,,,,,,,,,,,,,,0,,,,,,n/a,,,
Ar I,696.5431,696.7352309397262,6400000.0,B+,11.54835442,13.32785705,5.0,3.0,4s1,4p9,True,True,4s[3/2]2,4p'[1/2]1,NIST-csv,352,gap,,,,,,,,,,,,,,,,,,,,,,,,,,0,,,,,,n/a,,,
N I,697.3074,697.4997367586163,383000.0,B,11.8374298,13.6149817,2.0,2.0,other18,5s1,True,True,(3P).3p 4P* 0.5,(3P).5s 4P 0.5,NIST-json,353,gap,,,,,,,,,,,,,,,,,,,,,,,,,,0,,,,,,n/a,,,
N I,697.9185,698.1110013264,983000.0,B,11.844477,13.6204726,6.0,4.0,other20,5s2,True,True,(3P).3p 4P* 2.5,(3P).5s 4P 1.5,NIST-json,354,gap,,,,,,,,,,,,,,,,,,,,,,,,,,0,,,,,,n/a,,,
N I,698.2025,698.3950778082041,2040000.0,B,11.8397086,13.6149817,4.0,2.0,other19,5s1,True,True,(3P).3p 4P* 1.5,(3P).5s 4P 0.5,NIST-json,355,gap,,,,,,,,,,,,,,,,,,,,,,,,,,0,,,,,,n/a,,,
Ar I,699.22122,699.4140721583098,750000.0,D+,13.32785705,15.10054371,3.0,1.0,4p9,5d[1/2]0,True,False,4p'[1/2]1,5d[1/2]0,NIST-csv,356,weak,699.209383011857,-0.011836988143048639,0.027855465780200435,15716239.05493587,466005.7346182661,1609974.736685126,9.761792341720207,0.03442839546209254,False,0.0,,,,,,,2.2457303643364317,0.013927732890100217,0.38948825756611505,7.1552522600863915,0.3860920518318679,0.8584559811456118,699.2140255894875,0.7696794747237325,,0,,,,,,contaminated?,excess 0.39 (7.2 sigma); hidden line 0.86 x height at 699.214 (Ar I 699.22); reference shift at scan limit,,
Ar I,703.0251,703.2189766671971,2670000.0,C,13.07571571,14.838811,7.0,5.0,4p2,6s1,True,True,4p[5/2]3,6s[3/2]2,NIST-csv,357,ok,703.0232228557998,-0.0018771442002183617,0.027983854819097806,184864239.9827668,5506715.743792128,4402938.833322522,41.986556475340706,0.025755140697894065,False,1.0,702.991,0.026697337085458538,703.0233717664621,0.38417565927922104,181317794.79511598,5152767.935649314,0.5425720975918087,0.013991927409548903,-0.006371874118693758,-0.3250408056342598,0.09130076044519168,0.14256299788138682,702.9905750251775,0.4027836930502793,,0,0.7294277335505895,0.020820006235882052,0.5044547862201119,-0.9835731249127129,"FPS B-A (8,6)",suspect,"reference shift at scan limit; N2 band region: FPS B-A (8,6); mix/pure ratio 0.50 vs 30.71 for other 6s1 lines; I/A branching vs 710.75: -80%",-0.7995936274508296,710.75
Ar I,706.7218,706.9166724449472,3800000.0,B,11.54835442,13.30222747,5.0,5.0,4s1,4p8,True,True,4s[3/2]2,4p'[3/2]2,NIST-csv,358,ok,706.7124048997794,-0.009395100220687524,0.04567651774575242,7477798377.278077,363579131.9157362,41482768.51266689,180.26276078933134,0.003637004043559536,False,1.0,706.728,0.04832005119201334,706.7132229810624,-0.1334013927084442,7371103148.073032,379133433.95261604,0.9317052351889125,0.0,-0.029782271546029575,-7.464737826504546,0.032227836330950645,0.008321456224782588,706.7809196763973,0.008690644060263653,,0,0.9350311811731846,0.007057817983136816,0.8430491345824652,,"FPS B-A (8,6)",clean,"N2 band region: FPS B-A (8,6)",,
Ar I,706.8736,707.0685133380482,2000000.0,D+,13.09487256,14.84836899,5.0,3.0,4p3,6s2,True,True,4p[5/2]2,6s[3/2]1,NIST-csv,359,not_detected,706.8516532036601,-0.021946796339883598,0.02811374987787898,0.0,0.0,253525229.78721222,0.0,1.9713258195930878e+38,False,0.0,,,,,,,,,,,,,,,,0,,,,,"FPS B-A (8,6)",n/a,,,
Ar I,708.67047,708.8658674101181,150000.0,D+,13.2730381,15.02208834,1.0,3.0,4p6,6s'[1/2]1,True,False,4p[1/2]0,6s'[1/2]1,NIST-csv,360,ok,708.6686098685893,-0.0018601314107272921,0.028174398061397782,52227731.84378461,1566347.1528908517,2014714.2418036049,25.92314620113545,0.02528222682669599,False,0.0,,0.011269862263376531,708.6637311307289,1.289965946564738,180011468.01387063,2159488.979565108,28.52718260595224,0.014087199030698891,0.15359998129830496,0.6834190664107752,0.27117477658491745,0.4721282798645622,708.673305601599,0.41060916593453123,,0,,,39.50212124138456,,,suspect,reference shift at scan limit,,
Ar I,710.7478,710.9437570758067,450000.0,D+,13.09487256,14.838811,5.0,5.0,4p3,6s1,True,True,4p[5/2]2,6s[3/2]2,NIST-csv,361,ok,710.7610771175628,0.013277117562735037,0.04060148652657183,107153963.41358007,4631081.074222712,3806603.764730496,28.14949231291124,0.031019549622753828,False,1.0,710.766,0.03529503971086581,710.7660443516116,0.025819400805335325,117775454.39980409,4424871.605861997,30.444688133956817,0.010150371631642957,-0.04051068752184581,-0.2838393938258977,0.27498218550880094,0.4612176569896147,710.7610771175625,0.42909193206792406,,0,,,60.913774005269815,0.9835731249127131,"FPS B-A (7,5)",suspect,"N2 band region: FPS B-A (7,5); mix/pure ratio 60.91 vs 30.71 for other 6s1 lines; I/A branching vs 703.03: +399%",3.989861286744495,703.03
Ar I,712.582,712.778451272378,600000.0,D+,13.28263902,15.02208834,3.0,3.0,4p7,6s'[1/2]1,True,False,4p'[3/2]1,6s'[1/2]1,NIST-csv,362,weak,712.5953158101568,0.013315810156735369,0.06368944616260058,14152213.672098467,959453.7827989535,2043463.2224431103,6.925602338552713,0.13999003563730011,False,1.0,712.630,,,,,,0.3774016015046221,0.015922361540650146,0.7846130744326195,10.060915767670116,0.5611772453706901,1.152631295923633,712.605930717851,0.6424677565279904,,0,,,,,"FPS B-A (7,5)",contaminated?,"excess 0.78 (10.1 sigma); hidden line 1.15 x height at 712.606 (Ar I 712.58); N2 band region: FPS B-A (7,5)",,
Ar I,714.7042,714.9012231054458,630000.0,B,11.54835442,13.28263902,5.0,3.0,4s1,4p7,True,True,4s[3/2]2,4p'[3/2]1,NIST-csv,363,gap,,,,,,,,,,,,,,,,,,,,,,,,,,0,,,,,,n/a,,,
Ar I,715.8839,716.0812409972345,2100000.0,D+,13.28263902,15.0140655,3.0,1.0,4p7,6s'[1/2]0,True,False,4p'[3/2]1,6s'[1/2]0,NIST-csv,364,gap,,,,,,,,,,,,,,,,,,,,,,,,,,0,,,,,,n/a,,,
Ar I,716.25567,716.4531111801458,58000.0,D,13.2730381,15.00356588,1.0,3.0,4p6,4d'[3/2]1,True,False,4p[1/2]0,4d'[3/2]1,NIST-csv,365,gap,,,,,,,,,,,,,,,,,,,,,,,,,,0,,,,,,n/a,,,
Ar I,720.698,720.896638377435,2480000.0,C,13.30222747,15.02208834,5.0,3.0,4p8,6s'[1/2]1,True,False,4p'[3/2]2,6s'[1/2]1,NIST-csv,366,weak,720.6757615768493,-0.022238423150753812,0.04108425711445252,54535871.41233554,2385008.359649573,5904677.071271256,9.236046400856628,0.044831144987499766,False,0.0,,,,,,,0.46354806420270367,-0.015406596417919697,0.032451680309238985,0.8300735358744519,0.18953155982631997,0.14813640551996582,720.6689142006636,0.11392592194800022,,0,,,0.5574013872006237,,"FPS B-A (6,4)",clean?,"N2 band region: FPS B-A (6,4)",,
Ar I,722.994,723.1932572141802,66000.0,D,13.09487256,14.809272,5.0,5.0,4p3,4d6,True,True,4p[5/2]2,4d[5/2]2,NIST-csv,367,not_detected,722.9717131425477,-0.022286857452261152,0.028657847657683068,0.0,0.0,2397682.660006457,0.0,6.394832064841518e+36,False,1.0,722.917,,,,,,,,,,,,,,,0,,,,,"FPS B-A (6,4)",n/a,,,
Ar I,726.5172,726.717406907619,170000.0,D,13.15314387,14.85923,3.0,3.0,4p4,4d8,True,True,4p[3/2]1,4d[3/2]1,NIST-csv,368,weak,726.5025468819232,-0.014653118076822935,0.06474771708686632,27700596.264132578,1909175.2166043012,3337920.429430706,8.298758718121094,0.22374570954541625,False,1.0,726.550,,,,,,1.1138599226424986,-0.024280393907574867,0.44450030889964076,6.0475881626976955,0.373586046130211,0.8511018453203556,726.5565033128295,0.6986518225928644,,0,,,1.7313687928558346,,"FPS B-A (6,4)",contaminated?,"excess 0.44 (6.0 sigma); hidden line 0.85 x height at 726.557 (N2? FPS B-A (6,4)); N2 band region: FPS B-A (6,4)",,
Ar I,727.0664,727.2667549567067,110000.0,D,13.07571571,14.780512,7.0,7.0,4p2,4d5,True,True,4p[5/2]3,4d[7/2]3,NIST-csv,369,weak,727.0543112705969,-0.012088729403062212,0.02879529981758444,81583045.04918675,2500654.6956222067,12633895.923364209,6.457473256393778,0.26417334724757185,False,0.0,,,,,,,1.9988858511304752,0.010798237431594165,-0.031338168439778546,-0.1611442529859541,0.1977498931924525,0.17757167351913763,727.0495120539604,0.09487736392061363,,0,,,1.5603421570143026,,"FPS B-A (6,4)",clean?,"N2 band region: FPS B-A (6,4)",,
Ar I,727.2936,727.4940162043018,1830000.0,B+,11.62359272,13.32785705,3.0,3.0,4s2,4p9,True,True,4s[3/2]1,4p'[1/2]1,NIST-csv,370,ok,727.2866526037354,-0.00694739626448799,0.04140426693228794,2314613879.23601,102013080.67497472,25024967.164704375,92.4921844653039,0.012727038379075564,False,0.0,,0.04091933604627973,727.2856040565125,0.26373563253239024,2339757136.0328455,101913465.31248163,0.6064846350601347,0.0,0.03297171503537514,8.015009220411768,0.05893251720207152,0.06582447523292233,727.3142554483568,0.1908617431008316,,0,1.0217423987574838,0.00846779969972426,0.6694012666356461,0.0,"FPS B-A (6,4)",clean,"N2 band region: FPS B-A (6,4)",,
Ar I,728.54433,728.7450833788091,120000.0,D,13.30222747,15.00356588,5.0,3.0,4p8,4d'[3/2]1,True,False,4p'[3/2]2,4d'[3/2]1,NIST-csv,371,not_detected,728.5219260578975,-0.02240394210238537,0.0540847183085284,9998946.71184799,575653.3496742167,19778005.68601329,0.5055588956028614,2.381593852915392,False,0.0,,,,,,,,,,,,,,,,0,,,,,"FPS B-A (6,4)",n/a,,,
N I,730.6559,730.8572226514309,40300.0,C,12.0001429,13.6965647,4.0,6.0,other22,4d17,True,True,(3P).3p 2D* 1.5,(3P).4d 2D 2.5,NIST-json,372,weak,730.6334515141615,-0.02244848583846283,0.028916453075605753,21618919.700960875,665443.5492952041,3359527.608924829,6.435107020263398,0.47107514102809234,False,1.0,730.576,,,,,,,,,,,,,,,0,,,,,,suspect?,1 unexplained feature(s) in fit window,,
Ar I,731.1716,731.3730616884092,1700000.0,D+,13.15314387,14.84836899,3.0,3.0,4p4,6s2,True,True,4p[3/2]1,6s[3/2]1,NIST-csv,373,ok,731.1853079592383,0.013707959238312362,0.036167323809043195,57460570.58170057,2212170.1039555706,2598325.220507676,22.114464397368085,0.06152271619463054,False,0.0,,0.037816394673741476,731.1857752793459,-0.2525507461560538,57520045.99987851,2315429.470921184,1.2376753103951688,-0.004520915476130399,-0.06429230033960769,-1.6397899045850848,0.05809335836227099,0.055037798260610275,731.239558944951,0.0711816061779631,,0,0.9932465592367484,0.0590544765653751,1.0695481456344642,,"FPS B-A (5,3)",suspect,"pedestal +0.06 of height; N2 band region: FPS B-A (5,3)",,
Ar I,731.6005,731.8020773251417,960000.0,D+,13.32785705,15.02208834,3.0,3.0,4p9,6s'[1/2]1,True,False,4p'[1/2]1,6s'[1/2]1,NIST-csv,374,not_detected,731.5780315877498,-0.022468412250136974,0.03256687725106993,2829131.444016301,98075.70824946793,2935470.248130673,0.9637745249906419,1.9558252099552975,False,1.0,731.674,,,,,,,,,,,,,,,0,,,,,"FPS B-A (5,3)",n/a,,,
N I,731.8975,732.0991574009366,541000.0,C,12.0001429,13.6936867,4.0,4.0,other22,4d16,True,True,(3P).3p 2D* 1.5,(3P).4d 2D 1.5,NIST-json,375,not_detected,731.8750253225114,-0.022474677488615927,0.028958359715850708,0.0,0.0,8649190.667918662,0.0,1.6423675277429507e+37,False,1.0,731.800,,,,,,,,,,,,,,,0,,,,,"FPS B-A (5,3)",n/a,,,
N I,734.757,734.9594284051173,555000.0,C,12.0096116,13.6965647,6.0,6.0,other23,4d17,True,True,(3P).3p 2D* 2.5,(3P).4d 2D 2.5,NIST-json,376,gap,,,,,,,,,,,,,,,,,,,,,,,,,,0,,,,,,n/a,,,
Ar I,735.0814,735.2839158771817,1200000.0,D+,13.32785705,15.0140655,3.0,1.0,4p9,6s'[1/2]0,True,False,4p'[1/2]1,6s'[1/2]0,NIST-csv,377,gap,,,,,,,,,,,,,,,,,,,,,,,,,,0,,,,,,n/a,,,
N I,735.1363,735.3388306806498,1320000.0,D+,11.9955753,13.681658,4.0,2.0,other21,4d10,True,True,(3P).3p 4S* 1.5,(3P).4d 4P 0.5,NIST-json,377,gap,,,,,,,,,,,,,,,,,,,,,,,,,,0,,,,,,n/a,,,
Ar I,735.31749,735.5200695376692,210000.0,E,13.15314387,14.838811,3.0,5.0,4p4,6s1,True,True,4p[3/2]1,6s[3/2]2,NIST-csv,378,gap,,,,,,,,,,,,,,,,,,,,,,,,,,0,,,,,,n/a,,,
Ar I,735.3293,735.5318827221889,960000.0,D+,13.09487256,14.780512,5.0,7.0,4p3,4d5,True,True,4p[5/2]2,4d[7/2]3,NIST-csv,378,gap,,,,,,,,,,,,,,,,,,,,,,,,,,0,,,,,,n/a,,,
N I,736.0126,736.2153669733485,59100.0,C,12.0096116,13.6936867,6.0,4.0,other23,4d16,True,True,(3P).3p 2D* 2.5,(3P).4d 2D 1.5,NIST-json,379,gap,,,,,,,,,,,,,,,,,,,,,,,,,,0,,,,,,n/a,,,
N I,736.6146,736.8175293053192,1310000.0,D+,11.9955753,13.6782741,4.0,4.0,other21,4d9,True,True,(3P).3p 4S* 1.5,(3P).4d 4P 1.5,NIST-json,380,gap,,,,,,,,,,,,,,,,,,,,,,,,,,0,,,,,,n/a,,,
Ar I,737.2118,737.4148903459709,1900000.0,D+,13.07571571,14.7570516,7.0,9.0,4p2,4d4,True,True,4p[5/2]3,4d[7/2]4,NIST-csv,381,gap,,,,,,,,,,,,,,,,,,,,,,,,,,0,,,,,,n/a,,,
N I,737.8513,738.0545627965487,1300000.0,D+,11.9955753,13.6754539,4.0,6.0,other21,4d7,True,True,(3P).3p 4S* 1.5,(3P).4d 4P 2.5,NIST-json,382,gap,,,,,,,,,,,,,,,,,,,,,,,,,,0,,,,,,n/a,,,
N I,738.01,738.213305592869,1940.0,C,10.3300944,12.0096116,4.0,6.0,other6,other23,True,True,(3P).3s 4P 1.5,(3P).3p 2D* 2.5,NIST-json,383,gap,,,,,,,,,,,,,,,,,,,,,,,,,,0,,,,,,n/a,,,
Ar I,738.398,738.6014102249644,8500000.0,B,11.62359272,13.30222747,3.0,5.0,4s2,4p8,True,True,4s[3/2]1,4p'[3/2]2,NIST-csv,384,gap,,,,,,,,,,,,,,,,,,,,,,,,,,0,,,,,,n/a,,,
Ar I,739.298,739.5016529331292,720000.0,D+,13.1717777,14.84836899,5.0,3.0,4p5,6s2,True,True,4p[3/2]2,6s[3/2]1,NIST-csv,385,gap,,,,,,,,,,,,,,,,,,,,,,,,,,0,,,,,,n/a,,,
N I,740.3388,740.5427336200631,11400.0,B,10.3259087,12.0001429,2.0,4.0,other5,other22,True,True,(3P).3s 4P 0.5,(3P).3p 2D* 1.5,NIST-json,386,gap,,,,,,,,,,,,,,,,,,,,,,,,,,0,,,,,,n/a,,,
N I,740.568,740.771995432808,4390.0,B,10.3358956,12.0096116,6.0,6.0,other7,other23,True,True,(3P).3s 4P 2.5,(3P).3p 2D* 2.5,NIST-json,387,gap,,,,,,,,,,,,,,,,,,,,,,,,,,0,,,,,,n/a,,,
N I,740.612,740.8160072991789,1520000.0,C,12.0001429,13.6737591,4.0,6.0,other22,4d6,True,True,(3P).3p 2D* 1.5,(3P).4d 2F 2.5,NIST-json,387,gap,,,,,,,,,,,,,,,,,,,,,,,,,,0,,,,,,n/a,,,
N I,740.624,740.8280105354645,1630000.0,C,12.0096116,13.6832014,6.0,8.0,other23,4d11,True,True,(3P).3p 2D* 2.5,(3P).4d 2F 3.5,NIST-json,387,gap,,,,,,,,,,,,,,,,,,,,,,,,,,0,,,,,,n/a,,,
Ar I,741.2337,741.437874967321,390000.0,D+,13.28263902,14.95485204,3.0,5.0,4p7,4d'[5/2]2,True,False,4p'[3/2]1,4d'[5/2]2,NIST-csv,388,gap,,,,,,,,,,,,,,,,,,,,,,,,,,0,,,,,,n/a,,,
N I,742.1943,742.3987340407085,16300.0,B,10.3300944,12.0001429,4.0,4.0,other6,other22,True,True,(3P).3s 4P 1.5,(3P).3p 2D* 1.5,NIST-json,389,gap,,,,,,,,,,,,,,,,,,,,,,,,,,0,,,,,,n/a,,,
Ar I,742.23116,742.4356039819857,66000.0,D,13.28263902,14.95260474,3.0,5.0,4p7,4d'[3/2]2,True,False,4p'[3/2]1,4d'[3/2]2,NIST-csv,389,gap,,,,,,,,,,,,,,,,,,,,,,,,,,0,,,,,,n/a,,,
N I,742.364,742.5684798095133,5640000.0,B+,10.3259087,11.9955753,2.0,4.0,other5,other21,True,True,(3P).3s 4P 0.5,(3P).3p 4S* 1.5,NIST-json,389,edge,,,,,,,,,,,,,,,,,,,,,,,,,,0,,,,,,n/a,,,
Ar I,742.5294,742.7339244188182,310000.0,D,13.30222747,14.97152236,5.0,7.0,4p8,4d'[5/2]3,True,False,4p'[3/2]2,4d'[5/2]3,NIST-csv,390,edge,,,,,,,,,,,,,,,,,,,,,,,,,,0,,,,,,n/a,,,
N I,742.8753,743.0799177107097,906000.0,D+,12.0001429,13.6686606,4.0,2.0,other22,4d4,True,True,(3P).3p 2D* 1.5,(3P).4d 2P 0.5,NIST-json,391,weak,742.889254849715,0.01395484971503336,0.06598998857247335,215075905.23056284,15107827.68597883,25017164.250871155,8.59713367485579,0.04828567235994245,False,1.0,742.913,,,,,,,,,,,,,,,0,,,155.0405746696455,,"FPS B-A (4,2)",suspect?,"1 unexplained feature(s) in fit window; N2 band region: FPS B-A (4,2)",,
Ar I,743.5368,743.7415961250854,900000.0,D+,13.1717777,14.838811,5.0,5.0,4p5,6s1,True,True,4p[3/2]2,6s[3/2]2,NIST-csv,392,not_detected,743.5481490001702,0.01134900017018391,0.02935277862793388,31587505.679151785,986953.6611237427,17414187.394178957,1.8138948986910837,0.8295027415922336,False,1.0,743.585,,,,,,,,,,,,,,,0,,,,,"FPS B-A (4,2)",n/a,,,
Ar I,743.6297,743.8345211816016,270000.0,D,13.07571571,14.74254085,7.0,5.0,4p2,4d3,True,True,4p[5/2]3,4d[3/2]2,NIST-csv,392,weak,743.6410490001701,0.01134900017018391,0.02935277862793388,157396291.27504578,4917857.316721718,17414187.394178957,9.038394253622117,0.1776809637555307,False,1.0,743.585,,,,,,4.617861539065745,0.0,-0.26119019389653864,-0.4538592903120415,0.1897549245567322,0.16944641544532657,743.6850781681115,0.04387856138334789,,0,,,,,"FPS B-A (4,2)",clean?,"N2 band region: FPS B-A (4,2)",,
N I,744.229,744.4339828234525,11900000.0,B+,10.3300944,11.9955753,4.0,4.0,other6,other21,True,True,(3P).3s 4P 1.5,(3P).3p 4S* 1.5,NIST-json,393,weak,744.2141331785263,-0.014866821473818351,0.029375132661305526,98885876.73214592,3092048.626553369,16007323.23421652,6.177539822571459,0.2232858438094714,False,0.0,,,,,,,,,,,,,,,,0,,,,,"FPS B-A (4,2); FPS B-A (10,9)",clean?,"N2 band region: FPS B-A (4,2)/FPS B-A (10,9)",,
N I,744.2621,744.4670917511959,90100.0,D+,12.0001429,13.6655516,4.0,4.0,other22,4d3,True,True,(3P).3p 2D* 1.5,(3P).4d 2P 1.5,NIST-json,393,not_detected,744.2472331785262,-0.014866821473818351,0.029375132661305526,0.0,0.0,16007323.23421652,0.0,2.847411787100695e+37,False,1.0,744.335,,,,,,,,,,,,,,,0,,,,,"FPS B-A (4,2); FPS B-A (10,9)",n/a,,,
N I,744.7815,744.9866318451117,14900.0,B,10.3358956,12.0001429,6.0,4.0,other7,other22,True,True,(3P).3s 4P 2.5,(3P).3p 2D* 1.5,NIST-json,394,ok,744.7954955326298,0.013995532629742409,0.04225384118068878,119479511.05812106,5373927.987597188,9383437.881308144,12.733020942795907,0.1374988250978986,False,0.0,,,,,,,,,,,,,,,,0,0.7693764842230213,,,,"FPS B-A (4,2); FPS B-A (10,9)",clean,"N2 band region: FPS B-A (4,2)/FPS B-A (10,9)",,
N I,744.8262,745.0313439018145,107000.0,C,12.0096116,13.6737591,6.0,6.0,other23,4d6,True,True,(3P).3p 2D* 2.5,(3P).4d 2F 2.5,NIST-json,394,not_detected,744.8401955326298,0.013995532629742409,0.04225384118068878,7704554.694856748,346534.07718184474,9383437.881308144,0.8210801619099819,1.939928344411143,False,0.0,,,,,,,,,,,,,,,,0,,,,,"FPS B-A (4,2); FPS B-A (10,9)",n/a,,,
N I,746.831,747.0366846629747,19600000.0,B+,10.3358956,11.9955753,6.0,4.0,other7,other21,True,True,(3P).3s 4P 2.5,(3P).3p 4S* 1.5,NIST-json,395,not_detected,746.8108408703177,-0.020159129682313856,0.029462397096728623,29892674.05321621,937486.5711716185,49812281.78215015,0.6001064995165113,2.5499468023166214,False,0.0,,,,,,,,,,,,,,,,0,,,,,"FPS B-A (4,2); FPS B-A (10,9)",n/a,,,
Ar I,747.11636,747.3221216366925,22000.0,B,11.62359272,13.28263902,3.0,3.0,4s2,4p7,True,True,4s[3/2]1,4p'[3/2]1,NIST-csv,396,weak,747.1119842973337,-0.004375702666209236,0.02947202860354265,171649714.66168982,5384995.267913605,24863917.595686916,6.903566744906904,0.2523429812525929,False,0.0,,,,,,,2.176000527689969,0.0036840035754428313,-0.16702892340918696,-0.7544148567677109,0.12790527967694953,0.09626707300423135,747.1168963021006,0.0513302140466988,,0,,,1.8519532029528778,,"FPS B-A (4,2); FPS B-A (10,9)",clean?,"N2 band region: FPS B-A (4,2)/FPS B-A (10,9)",,
Ar I,748.433,748.6391167989443,340000.0,D+,13.15314387,14.809272,3.0,5.0,4p4,4d6,True,True,4p[3/2]1,4d[5/2]2,NIST-csv,397,not_detected,748.4128111371051,-0.0201888628948818,0.029517899093522117,51368291.06527708,1614034.3444432288,18614427.031864453,2.759595607071014,0.7165151411933346,False,0.0,,,,,,,,,,,,,,,,0,,,,,"FPS B-A (4,2); FPS B-A (10,9)",n/a,,,
N I,748.5178,748.7239396741323,797000.0,D+,12.0096116,13.6655516,6.0,4.0,other23,4d3,True,True,(3P).3p 2D* 2.5,(3P).4d 2P 1.5,NIST-json,397,weak,748.4976111371051,-0.0201888628948818,0.029517899093522117,108774827.96329665,3417795.385105586,18614427.031864453,5.843576478453744,0.4823683481568754,False,0.0,,,,,,,,,,,,,,,,0,,,1.8858816914911336,,"FPS B-A (4,2); FPS B-A (10,9)",clean?,"N2 band region: FPS B-A (4,2)/FPS B-A (10,9)",,
Ar I,750.3869,750.5935438870197,45000000.0,B,11.82807116,13.47988682,3.0,1.0,4s4,4p10,True,True,4s'[1/2]1,4p'[1/2]0,NIST-csv,398,ok,750.3772417229975,-0.00965827700251281,0.05546703053118751,15208753256.486092,897967751.9147236,157533348.0195865,96.54307134128292,-0.006062874361537909,False,0.0,,0.05284971344519349,750.3771960618085,-0.2912432748175657,15446766060.595402,868985272.8512022,1.0001502419352908,0.0,-0.0021624728178804547,-0.32789856462912526,0.02636280139034658,0.040974574083125194,750.4142197433516,0.4530575008775679,,0,0.9683968842013119,0.0019422323719256321,1.0032786290541436,0.09335645437837936,"FPS B-A (4,2); FPS B-A (10,9)",clean,"N2 band region: FPS B-A (4,2)/FPS B-A (10,9)",,
N I,750.7609,750.9676447814987,230000.0,C+,12.0001429,13.6511356,4.0,4.0,other22,5s5,True,True,(3P).3p 2D* 1.5,(3P).5s 2P 1.5,NIST-json,399,not_detected,750.7380273975972,-0.022872602402837828,0.02959503957860575,0.0,0.0,22415536.416360036,0.0,2.7364773639721966e+37,False,0.0,,,,,,,,,,,,,,,,0,,,,,"FPS B-A (4,2); FPS B-A (10,9)",n/a,,,
Ar I,751.0408,751.2476202912225,450000.0,D,13.30222747,14.95260474,5.0,5.0,4p8,4d'[3/2]2,True,False,4p'[3/2]2,4d'[3/2]2,NIST-csv,400,not_detected,751.0179214930845,-0.022878506915464964,0.06661009529732062,8075314.0201009065,572574.0809213539,14417051.157934012,0.5601224502596627,4.439887024410468,False,1.0,750.982,,,,,,,,,,,,,,,0,,,,,"FPS B-A (4,2); FPS B-A (10,9)",n/a,,,
Ar I,751.4652,751.6721347844647,40000000.0,B,11.62359272,13.2730381,3.0,1.0,4s2,4p6,True,True,4s[3/2]1,4p[1/2]0,NIST-csv,401,ok,751.4608242973338,-0.004375702666209236,0.04813056820209593,15437777053.011036,790929845.1166253,81958581.23642609,188.3607161094901,0.0017223814461347939,False,0.0,,0.04747036493731769,751.4600704442918,-0.04509947598605635,15535057506.160212,784996365.228779,0.9033165252592812,0.0,-0.018415408282122896,-2.7137082436423197,0.05365172375863591,0.0482884357587784,751.4848895814346,0.15205116797544216,,0,0.9272353903427819,-0.008223400800336839,0.9123750883466816,,"FPS B-A (10,9)",clean,"N2 band region: FPS B-A (10,9)",,
N I,754.6209,754.828686163444,2850000.0,B,12.0001429,13.6426905,4.0,2.0,other22,5s4,True,True,(3P).3p 2D* 1.5,(3P).5s 2P 0.5,NIST-json,402,not_detected,754.597945970592,-0.02295402940798518,0.06688197627039341,15040457.23571567,1070785.1676137405,8125550.6760659795,1.8510077452372216,0.4443271906698642,False,1.0,754.571,,,,,,,,,,,,,,,0,,,,,,n/a,,,
N I,755.0914,755.2993131067298,1790000.0,B,12.0096116,13.6511356,6.0,4.0,other23,5s5,True,True,(3P).3p 2D* 2.5,(3P).5s 2P 1.5,NIST-json,403,ok,755.0896797619018,-0.0017202380981419913,0.029741203162353153,77862964.17992471,2465026.9783881283,4222895.560640964,18.438287914491173,0.03639590025026766,False,0.0,,0.021859654993045794,755.0897083841237,-0.29354389396503083,88812091.47951499,2066558.0587138992,,,,,,,,,,0,0.6825493406982833,,,,"FPS B-A (3,1)",clean,"N2 band region: FPS B-A (3,1)",,
N I,758.7571,758.9660021900409,701000.0,D+,11.9955753,13.629169,4.0,6.0,other21,5s3,True,True,(3P).3p 4S* 1.5,(3P).5s 4P 2.5,NIST-json,404,gap,,,,,,,,,,,,,,,,,,,,,,,,,,0,,,,,,n/a,,,
Ar I,761.83441,762.0441425930469,290000.0,D,13.32785705,14.95485204,3.0,5.0,4p9,4d'[5/2]2,True,False,4p'[1/2]1,4d'[5/2]2,NIST-csv,405,gap,,,,,,,,,,,,,,,,,,,,,,,,,,0,,,,,,n/a,,,
N I,762.818,763.0279980270864,690000.0,D+,11.9955753,13.6204726,4.0,4.0,other21,5s2,True,True,(3P).3p 4S* 1.5,(3P).5s 4P 1.5,NIST-json,406,gap,,,,,,,,,,,,,,,,,,,,,,,,,,0,,,,,,n/a,,,
Ar I,762.88816,763.0981769609175,290000.0,D,13.32785705,14.95260474,3.0,5.0,4p9,4d'[3/2]2,True,False,4p'[1/2]1,4d'[3/2]2,NIST-csv,406,gap,,,,,,,,,,,,,,,,,,,,,,,,,,0,,,,,,n/a,,,
Ar I,763.5106,763.7207849382266,24500000.0,B,11.54835442,13.1717777,5.0,5.0,4s1,4p5,True,True,4s[3/2]2,4p[3/2]2,NIST-csv,407,gap,,,,,,,,,,,,,,,,,,,,,,,,,,0,,,,,,n/a,,,
N I,765.4044,765.6150960341937,683000.0,D+,11.9955753,13.6149817,4.0,2.0,other21,5s1,True,True,(3P).3p 4S* 1.5,(3P).5s 4P 0.5,NIST-json,408,gap,,,,,,,,,,,,,,,,,,,,,,,,,,0,,,,,,n/a,,,
Ar I,767.00571,767.2168382143002,280000.0,D,13.09487256,14.7108981,5.0,3.0,4p3,4d2,True,True,4p[5/2]2,4d[1/2]1,NIST-csv,409,not_detected,766.982494712046,-0.023215287954000456,0.030143336460465953,0.0,0.0,14271103.952826312,0.0,1.4595805188901368e+37,False,0.0,,,,,,,,,,,,,,,,0,,,,,,n/a,,,
N I,770.351,770.5630311411942,693000.0,C,13.3392701,14.94828,2.0,2.0,4p12,3d25,True,True,(3P).4p 2P* 0.5,(1D).3d 2S 0.5,NIST-json,410,not_detected,770.3655358335062,0.014535833506267616,0.056734608517430556,0.0,0.0,25500064.22561086,0.0,3.208053314726176e+37,False,1.0,770.266,,,,,,,,,,,,,,,0,,,,,"FPS B-A (2,0); FPS B-A (8,7)",n/a,,,
Ar I,770.482,770.694066501065,63000.0,D,13.1717777,14.780512,5.0,7.0,4p5,4d5,True,True,4p[3/2]2,4d[7/2]3,NIST-csv,410,not_detected,770.4965358335062,0.014535833506267616,0.056734608517430556,38555312.197897986,2328437.026517446,25500064.22561086,1.5119692192451482,0.3351991475965603,False,0.0,,,,,,,,,,,,,,,,0,,,,,"FPS B-A (2,0); FPS B-A (8,7)",n/a,,,
Ar I,772.3761,772.5886777756037,5200000.0,B+,11.54835442,13.15314387,5.0,3.0,4s1,4p4,True,True,4s[3/2]2,4p[3/2]1,NIST-csv,411,ok,772.3663090560452,-0.009790943954681643,0.037906689019306834,16525426561.980412,666807907.030757,132335337.08862348,124.87538797678447,0.007692993819145181,False,0.0,,0.036900200673403966,772.3678094660625,0.41682884088364214,16696307809.814425,655815052.964326,0.7785572219760597,0.004738336127413354,-0.03516763903082753,-0.639646202621212,0.14817587670682958,0.12458043077340333,772.3726268375481,0.12006164085931126,,0,0.5692399637728339,-0.01708570900688217,0.7212641383296717,,"FPS B-A (2,0); FPS B-A (8,7)",clean,"N2 band region: FPS B-A (2,0)/FPS B-A (8,7)",,
Ar I,772.4207,772.6332898147994,11700000.0,B+,11.72316039,13.32785705,1.0,3.0,4s3,4p9,True,True,4s'[1/2]0,4p'[1/2]1,NIST-csv,411,ok,772.4109090560453,-0.009790943954681643,0.037906689019306834,15925448996.268593,642598560.0975809,132335337.08862348,120.34162111669009,0.0071156910171638775,False,0.0,,0.04015916452243349,772.4100435731776,0.2966409731476339,15751795057.344137,673359407.3540916,0.7687358602466763,0.004738336127413354,0.04324774966687231,0.3131527685490671,0.11565037427168569,0.1670697034070304,772.3730023670258,0.1785201385473767,,0,0.7105728524519248,-0.011382265277151755,0.6337365566743236,-0.05327852177599002,"FPS B-A (2,0); FPS B-A (8,7)",clean,"N2 band region: FPS B-A (2,0)/FPS B-A (8,7)",,
N I,772.721,772.9336708772918,1370000.0,C,13.3442064,14.94828,4.0,2.0,4p13,3d25,True,True,(3P).4p 2P* 1.5,(1D).3d 2S 0.5,NIST-json,412,weak,772.7247500758118,0.0037500758118576803,0.030336239651449833,117230929.90185265,3785612.583936987,34666940.35182092,3.381634742268074,0.39976370787792415,False,0.0,,,,,,,,,,,,,,,,0,,,,,"FPS B-A (2,0); FPS B-A (8,7)",clean?,"N2 band region: FPS B-A (2,0)/FPS B-A (8,7)",,
Ar I,779.85609,780.0706871023142,87000.0,D+,13.15314387,14.74254085,3.0,5.0,4p4,4d3,True,True,4p[3/2]1,4d[3/2]2,NIST-csv,413,not_detected,779.8708249624035,0.0147349624035523,0.05733199520928461,4826781.011290845,294568.87872135005,2892262.1178584495,1.6688601567221695,0.22908643385573327,False,0.0,,,,,,,,,,,,,,,,0,,,,,,n/a,,,
Ar I,786.81945,787.0359273118548,350000.0,C,13.2730381,14.84836899,1.0,3.0,4p6,6s2,True,True,4p[1/2]0,6s[3/2]1,NIST-csv,414,gap,,,,,,,,,,,,,,,,,,,,,,,,,,0,,,,,,n/a,,,
N I,788.6224,788.8393641893091,686000.0,C,12.1219574,13.6936867,2.0,4.0,other24,4d16,True,True,(3P).3p 2P* 0.5,(3P).4d 2D 1.5,NIST-json,415,gap,,,,,,,,,,,,,,,,,,,,,,,,,,0,,,,,,n/a,,,
Ar I,789.1075,789.3245951918676,950000.0,C,13.1717777,14.74254085,5.0,5.0,4p5,4d3,True,True,4p[3/2]2,4d[3/2]2,NIST-csv,416,gap,,,,,,,,,,,,,,,,,,,,,,,,,,0,,,,,,n/a,,,
N I,789.3976,789.6147735349144,821000.0,C,12.1263787,13.6965647,4.0,6.0,other25,4d17,True,True,(3P).3p 2P* 1.5,(3P).4d 2D 2.5,NIST-json,417,gap,,,,,,,,,,,,,,,,,,,,,,,,,,0,,,,,,n/a,,,
N I,789.8982,790.1155087259455,28200000.0,C,12.3566901,13.925881,6.0,4.0,other26,other121,True,True,(1D).3s 2D 2.5,(1D).3p 2P* 1.5,NIST-json,418,gap,,,,,,,,,,,,,,,,,,,,,,,,,,0,,,,,,n/a,,,
N I,789.9284,790.1457168817511,3280000.0,C,12.3567502,13.925881,4.0,4.0,other27,other121,True,True,(1D).3s 2D 1.5,(1D).3p 2P* 1.5,NIST-json,418,gap,,,,,,,,,,,,,,,,,,,,,,,,,,0,,,,,,n/a,,,
N I,790.8471,791.0646649886196,136000.0,C,12.1263787,13.6936867,4.0,4.0,other25,4d16,True,True,(3P).3p 2P* 1.5,(3P).4d 2D 1.5,NIST-json,419,gap,,,,,,,,,,,,,,,,,,,,,,,,,,0,,,,,,n/a,,,
N I,791.5419,791.7596526321604,31300000.0,C,12.3567502,13.9226824,4.0,2.0,other27,other120,True,True,(1D).3s 2D 1.5,(1D).3p 2P* 0.5,NIST-json,420,gap,,,,,,,,,,,,,,,,,,,,,,,,,,0,,,,,,n/a,,,
Ar I,791.64418,791.8619602550325,120000.0,D+,13.28263902,14.84836899,3.0,3.0,4p7,6s2,True,True,4p'[3/2]1,6s[3/2]1,NIST-csv,420,gap,,,,,,,,,,,,,,,,,,,,,,,,,,0,,,,,,n/a,,,
Ar I,794.8176,795.0362373388097,18600000.0,B,11.72316039,13.28263902,1.0,3.0,4s3,4p7,True,True,4s'[1/2]0,4p'[3/2]1,NIST-csv,421,ok,794.7965732007858,-0.021026799214187403,0.050508326195533776,18737878668.36047,1007431692.8362659,142096555.79141253,131.86722622514736,0.00938916913145407,False,0.0,,0.04882238218795661,794.7978473788473,-0.19857199219279223,18965698022.626003,985643829.8932531,0.5047011200089091,0.0,0.0459155474782408,4.332525850195308,0.05208473254347201,0.12054419278471658,794.7629009833223,0.863496141300488,,0,1.0848849830730327,0.004841456455938777,0.5478319425071517,-0.053785366992002426,,clean,,,
N I,795.4953685872335,795.7141889878502,,,13.3392701,14.89742,2.0,4.0,4p12,3d22,True,True,(3P).4p 2P* 0.5,(1D).3d 2D 1.5,ritz,422,not_detected,795.4715523076794,-0.023816279554111582,0.031104923020643757,0.0,0.0,7602143.745361113,0.0,4.023810808888184e+36,False,0.0,,,,,,,,,,,,,,,,0,,,,,,n/a,,,
N I,795.9706085743761,796.1895573366788,,,13.2976904,14.85491,6.0,8.0,4p10,3d18,True,True,(3P).4p 2D* 2.5,(1D).3d 2F 3.5,ritz,423,not_detected,795.946782269597,-0.023826304779209842,0.031120963380800972,0.0,0.0,16260416.945789158,0.0,2.670818767393954e+37,False,1.0,795.871,,,,,,,,,,,,,,,0,,,,,,n/a,,,
Ar I,796.50647,796.725563499545,34000.0,E,13.28263902,14.838811,3.0,5.0,4p7,6s1,True,True,4p'[3/2]1,6s[3/2]2,NIST-csv,424,not_detected,796.4826323911817,-0.023837608818345218,0.031139049843417574,0.0,0.0,18241935.820638694,0.0,1.7244063168465355e+37,False,0.0,,,,,,,,,,,,,,,,0,,,,,,n/a,,,
N I,798.0235612935279,798.243064572702,,,13.3442064,14.89742,4.0,4.0,4p13,3d22,True,True,(3P).4p 2P* 1.5,(1D).3d 2D 1.5,ritz,425,not_detected,797.9996916815488,-0.023869611979113893,0.031190254900647453,0.0,0.0,113056710.72053972,0.0,2.290168026963629e+38,False,0.0,,,,,,,,,,,,,,,,0,,,,,"FPS B-A (6,5)",n/a,,,
N I,798.3885198861285,798.6081217460616,,,13.3442064,14.89671,4.0,6.0,4p13,3d21,True,True,(3P).4p 2P* 1.5,(1D).3d 2D 2.5,ritz,426,not_detected,798.3646425753191,-0.023877310809476138,0.031202573029227045,0.0,0.0,16901764.811339945,0.0,2.1612211818025524e+37,False,0.0,,,,,,,,,,,,,,,,0,,,,,"FPS B-A (6,5)",n/a,,,
Ar I,800.6157,800.8359034733126,4900000.0,C+,11.62359272,13.1717777,3.0,5.0,4s2,4p5,True,True,4s[3/2]1,4p[3/2]2,NIST-csv,427,ok,800.6085316415217,-0.007168358478185793,0.03127774509413742,28302126654.289825,942294630.1856163,89949929.36911634,314.6431225993509,0.009527987034754992,False,0.0,,0.03177404971259954,800.6094992608009,-0.18878681364677347,27926886761.94201,944555116.5697134,0.9788309791685363,0.0,-0.022672531063879727,-1.0282397208904996,0.07117582439432284,0.06906032789983647,800.5981057264905,0.15346740671529713,,0,0.9327958243979625,0.003594541753040627,0.9011910397960023,,"FPS B-A (6,5)",clean,"N2 band region: FPS B-A (6,5)",,
N I,801.0319062387492,801.2522221426613,,,12.1263787,13.6737591,4.0,6.0,other25,4d6,True,True,(3P).3p 2P* 1.5,(3P).4d 2F 2.5,ritz,428,not_detected,801.0079731654956,-0.02393307325355419,0.03129179293975193,0.0,0.0,27271732.114811067,0.0,5.780585281608758e+37,False,1.0,801.096,,,,,,,,,,,,,,,0,,,,,"FPS B-A (6,5)",n/a,,,
N I,801.382627351448,801.6030379972052,,,12.1219574,13.6686606,2.0,2.0,other24,4d4,True,True,(3P).3p 2P* 0.5,(3P).4d 2P 0.5,ritz,429,not_detected,801.3810467604036,-0.0015805910444596305,0.035218406434045044,42404326.41434677,1589688.6743620883,142821732.72263908,0.2969038787443946,7.144832261718212,False,0.0,,,,,,,,,,,,,,,,0,,,,,"FPS B-A (6,5)",n/a,,,
Ar I,801.4786,801.6990365714116,9300000.0,B,11.54835442,13.09487256,5.0,5.0,4s1,4p3,True,True,4s[3/2]2,4p[5/2]2,NIST-csv,429,ok,801.4770194089556,-0.0015805910444596305,0.035218406434045044,45132572399.07743,1691967430.0819955,142821732.72263908,316.0063355814709,0.007615294179256803,False,0.0,,0.03356251193606971,801.476193672743,-0.22010704979272042,49332654343.383804,1762467636.508573,0.7918619885542151,0.0,-0.0269990077390273,-0.886730949610459,0.05868924196811722,0.06886577934182944,801.4946286121726,0.23499090374771703,,0,0.8129036057341317,0.0014417662659399347,0.744305012991758,,"FPS B-A (6,5)",clean,"N2 band region: FPS B-A (6,5)",,
Ar I,801.67376,801.8942492913102,4200.0,E,13.30222747,14.84836899,5.0,3.0,4p8,6s2,True,True,4p'[3/2]2,6s[3/2]1,NIST-csv,430,not_detected,801.6498133867906,-0.023946613209388703,0.031313456869087146,0.0,0.0,171611129.02744862,0.0,1.9291249302649462e+38,False,0.0,,,,,,,,,,,,,,,,0,,,,,"FPS B-A (6,5)",n/a,,,
N I,802.996724363817,803.2175710429588,,,12.1219574,13.6655516,2.0,4.0,other24,4d3,True,True,(3P).3p 2P* 0.5,(3P).4d 2P 1.5,ritz,431,not_detected,802.9727498425697,-0.023974521247228674,0.0313581097296311,0.0,0.0,9542398.738441633,0.0,1.3941656728334363e+37,False,1.0,802.936,,,,,,,,,,,,,,,0,,,,,"FPS B-A (6,5)",n/a,,,
N I,803.6799832041044,803.9010144643462,,,12.1263787,13.6686606,4.0,2.0,other25,4d4,True,True,(3P).3p 2P* 1.5,(3P).4d 2P 0.5,ritz,432,not_detected,803.6559938275498,-0.023989376554589444,0.03138187822140833,0.0,0.0,24428665.023579817,0.0,2.4041342580122176e+37,False,0.0,,,,,,,,,,,,,,,,0,,,,,"FPS B-A (6,5)",n/a,,,
Ar I,803.72188,803.9429225786804,359000.0,C,13.47988682,15.02208834,1.0,3.0,4p10,6s'[1/2]1,True,False,4p'[1/2]0,6s'[1/2]1,NIST-csv,432,not_detected,803.6978906234455,-0.023989376554589444,0.03138187822140833,0.0,0.0,24428665.023579817,0.0,1.757482044472974e+37,False,0.0,,,,,,,,,,,,,,,,0,,,,,"FPS B-A (6,5)",n/a,,,
Ar I,804.6118,804.8330829936231,1120000.0,C,13.15314387,14.6936397,3.0,1.0,4p4,4d1,True,True,4p[3/2]1,4d[1/2]0,NIST-csv,433,not_detected,804.6270571860631,0.015257186063033217,0.03141262196678792,2044144.0402008924,68351.47533146004,3067960.393369043,0.66628762373172,2.5037308212222746,False,0.0,,,,,,,,,,,,,,,,0,,,,,"FPS B-A (6,5)",n/a,,,
N I,805.30335717921,805.524827002866,,,12.1263787,13.6655516,4.0,4.0,other25,4d3,True,True,(3P).3p 2P* 1.5,(3P).4d 2P 1.5,ritz,434,not_detected,805.279333709907,-0.0240234693030543,0.0314364266189521,0.0,0.0,5863307.1924297735,0.0,7.758422609956984e+35,False,0.0,,,,,,,,,,,,,,,,0,,,,,"FPS B-A (6,5)",n/a,,,
Ar I,805.3308,805.5522772376291,860000.0,C,13.1717777,14.7108981,5.0,3.0,4p5,4d2,True,True,4p[3/2]2,4d[1/2]1,NIST-csv,434,not_detected,805.3067765306969,-0.0240234693030543,0.0314364266189521,5403195.0063575,180807.3270845272,5863307.1924297735,0.9215268497843107,-0.07425104278999518,False,0.0,,,,,,,,,,,,,,,,0,,,,,"FPS B-A (6,5)",n/a,,,
Ar I,806.66043,806.88226645721,140000.0,D+,13.30222747,14.838811,5.0,5.0,4p8,6s1,True,True,4p'[3/2]2,6s[3/2]2,NIST-csv,435,not_detected,806.6363781925928,-0.024051807407253507,0.03148176758567083,0.0,0.0,39210991.2276759,0.0,1.8289931702424241e+37,False,0.0,,,,,,,,,,,,,,,,0,,,,,,n/a,,,
Ar I,810.3693,810.5921385232361,25000000.0,B+,11.62359272,13.15314387,3.0,3.0,4s2,4p4,True,True,4s[3/2]1,4p[3/2]1,NIST-csv,436,gap,,,,,,,,,,,,,,,,,,,,,,,,,,0,,,,,,n/a,,,
N I,810.5668407838438,810.7897326812529,,,12.1219574,13.6511356,2.0,4.0,other24,5s5,True,True,(3P).3p 2P* 0.5,(3P).5s 2P 1.5,ritz,437,gap,,,,,,,,,,,,,,,,,,,,,,,,,,0,,,,,,n/a,,,
Ar I,811.5311,811.7542524371603,33000000.0,B,11.54835442,13.07571571,5.0,7.0,4s1,4p2,True,True,4s[3/2]2,4p[5/2]3,NIST-csv,438,gap,,,,,,,,,,,,,,,,,,,,,,,,,,0,,,,,,n/a,,,
N I,812.9172327085003,813.1407596843799,,,12.1263787,13.6511356,4.0,4.0,other25,5s5,True,True,(3P).3p 2P* 1.5,(3P).5s 2P 1.5,ritz,439,gap,,,,,,,,,,,,,,,,,,,,,,,,,,0,,,,,,n/a,,,
N I,815.0681899717888,815.2922981685604,,,12.1219574,13.6426905,2.0,2.0,other24,5s4,True,True,(3P).3p 2P* 0.5,(3P).5s 2P 0.5,ritz,440,gap,,,,,,,,,,,,,,,,,,,,,,,,,,0,,,,,,n/a,,,
Ar I,815.18675,815.4108902342938,33000.0,E,13.32785705,14.84836899,3.0,3.0,4p9,6s2,True,True,4p'[1/2]1,6s[3/2]1,NIST-csv,440,gap,,,,,,,,,,,,,,,,,,,,,,,,,,0,,,,,,n/a,,,
N I,816.6233296110191,816.847858047481,,,12.3566901,13.8745272,6.0,6.0,other26,5p13,True,True,(1D).3s 2D 2.5,(3P).5p 2D* 2.5,ritz,441,gap,,,,,,,,,,,,,,,,,,,,,,,,,,0,,,,,,n/a,,,
N I,816.6556659117499,816.8802030864882,,,12.3567502,13.8745272,4.0,6.0,other27,5p13,True,True,(1D).3s 2D 1.5,(3P).5p 2D* 2.5,ritz,441,gap,,,,,,,,,,,,,,,,,,,,,,,,,,0,,,,,,n/a,,,
N I,817.4447974875808,817.669547912243,,,12.1263787,13.6426905,4.0,2.0,other25,5s4,True,True,(3P).3p 2P* 1.5,(3P).5s 2P 0.5,ritz,442,gap,,,,,,,,,,,,,,,,,,,,,,,,,,0,,,,,,n/a,,,
N I,818.4861604289263,818.7111922706986,,,10.3300944,11.844477,4.0,6.0,other6,other20,True,True,(3P).3s 4P 1.5,(3P).3p 4P* 2.5,ritz,443,gap,,,,,,,,,,,,,,,,,,,,,,,,,,0,,,,,,n/a,,,
N I,818.8012180025685,819.0263349865459,,,10.3259087,11.8397086,2.0,4.0,other5,other19,True,True,(3P).3s 4P 0.5,(3P).3p 4P* 1.5,ritz,444,gap,,,,,,,,,,,,,,,,,,,,,,,,,,0,,,,,,n/a,,,
N I,820.0356651818677,820.2611157727132,,,10.3259087,11.8374298,2.0,2.0,other5,other18,True,True,(3P).3s 4P 0.5,(3P).3p 4P* 0.5,ritz,445,weak,820.0512494842135,0.015584302345820412,0.03193600801924744,23393669.75638994,795263.7625513601,6059992.225461163,3.860346496502261,0.29387225238760956,False,0.0,,,,,,,,,,,,,,,,0,,,,,"FPS B-A (5,4); FPS B-A (10,10)",clean?,"N2 band region: FPS B-A (5,4)/FPS B-A (10,10)",,
N I,820.1436963387886,820.3691761252732,,,12.3566901,13.8680121,6.0,4.0,other26,5p12,True,True,(1D).3s 2D 2.5,(3P).5p 2D* 1.5,ritz,445,not_detected,820.1592806411344,0.015584302345820412,0.03193600801924744,0.0,0.0,6059992.225461163,0.0,4.378713599838171e+36,False,0.0,,,,,,,,,,,,,,,,0,,,,,"FPS B-A (5,4); FPS B-A (10,10)",n/a,,,
N I,820.176312039951,820.4018006409085,,,12.3567502,13.8680121,4.0,4.0,other27,5p12,True,True,(1D).3s 2D 1.5,(3P).5p 2D* 1.5,ritz,445,not_detected,820.1918963422968,0.015584302345820412,0.03193600801924744,1244927.268623705,42321.08745905701,6059992.225461163,0.20543380623379703,2.9119249591212673,False,1.0,820.263,,,,,,,,,,,,,,,0,,,,,"FPS B-A (5,4); FPS B-A (10,10)",n/a,,,
Ar I,820.34348,820.5690137786079,160000.0,E,13.32785705,14.838811,3.0,5.0,4p9,6s1,True,True,4p'[1/2]1,6s[3/2]2,NIST-csv,446,not_detected,820.3191395475714,-0.02434045242869948,0.03194359961998439,0.0,0.0,22701642.211043105,0.0,1.2229746116933812e+37,False,0.0,,,,,,,,,,,,,,,,0,,,,,"FPS B-A (5,4); FPS B-A (10,10)",n/a,,,
N I,821.0715148149885,821.2972453491761,,,10.3300944,11.8397086,4.0,4.0,other6,other19,True,True,(3P).3s 4P 1.5,(3P).3p 4P* 1.5,ritz,447,not_detected,821.0471590046078,-0.02435581038067552,0.031968172343146056,0.0,0.0,8297578.822665315,0.0,9.271323062266231e+36,False,0.0,,,,,,,,,,,,,,,,0,,,,,"FPS B-A (10,10)",n/a,,,
N I,821.6336366952397,821.8595191482547,,,10.3358956,11.844477,6.0,6.0,other7,other20,True,True,(3P).3s 4P 2.5,(3P).3p 4P* 2.5,ritz,448,weak,821.6235490023678,-0.010087692871914383,0.07197107659188484,274337982.3743796,21017262.55621812,44993948.136720926,6.097219598083771,0.12178502899646415,False,0.0,,,,,,,,,,,,,,,,0,,,,,"FPS B-A (10,10)",clean?,"N2 band region: FPS B-A (10,10)",,
N I,822.312822147951,822.5388881598611,,,10.3300944,11.8374298,4.0,2.0,other6,other18,True,True,(3P).3s 4P 1.5,(3P).3p 4P* 0.5,ritz,449,not_detected,822.288440152094,-0.024381995856994326,0.032010069105256146,0.0,0.0,294564742.3874856,0.0,3.359630053441539e+38,False,0.0,,,,,,,,,,,,,,,,0,,,,,"FPS B-A (10,10)",n/a,,,
N I,823.3238642446919,823.5502035092491,,,13.6511356,15.15662,4.0,6.0,5s5,4p14,True,True,(3P).5s 2P 1.5,(1D).4p 2F* 2.5,ritz,450,not_detected,823.299460920822,-0.024403323869951712,0.032044193925987965,0.0,0.0,9732788.675319947,0.0,2.663514189757767e+36,False,0.0,,,,,,,,,,,,,,,,0,,,,,"FPS B-A (10,10)",n/a,,,
N I,824.2389446991001,824.4655312861377,,,10.3358956,11.8397086,6.0,4.0,other7,other19,True,True,(3P).3s 4P 2.5,(3P).3p 4P* 1.5,ritz,451,ok,824.24602438209,0.007079682989944321,0.032075079837229965,899257390.700334,30703223.360326096,17024577.161939006,52.821129250173605,0.006925083512006444,False,0.0,,0.022473193018212507,824.2431956211143,0.6055551501016893,1114656778.252552,26664789.118654117,,,,,,,,,,0,0.7149640931076552,,34.34876259592364,,"FPS B-A (10,10)",clean,"N2 band region: FPS B-A (10,10)",,
Ar I,826.4522,826.679384792882,15300000.0,B+,11.82807116,13.32785705,3.0,3.0,4s4,4p9,True,True,4s'[1/2]1,4p'[1/2]1,NIST-csv,452,ok,826.4392127486078,-0.012987251392126638,0.04621531149575672,20871823491.794136,1026782570.831013,93402242.58361909,223.4616955059561,-0.0001922423990120948,False,0.0,,0.04337255383014371,826.440511388118,0.345315699479056,21392082087.106663,987643616.9811867,0.8610865262242309,0.0,0.01578647292624825,1.0241618712187455,0.03925262092862562,0.08256999784005041,826.4084025409439,0.6841562416464328,,0,1.0934386405948877,-0.0072721152276454745,0.9404927754887209,0.40497609186722583,,suspect,mix/pure ratio 0.94 vs 0.67 for other 4p9 lines,,
N I,831.2173724525617,831.4458452888466,,,13.2889721,14.78016,4.0,4.0,4p9,4s6,True,True,(3P).4p 2D* 1.5,(1D).4s 2D 1.5,ritz,453,not_detected,831.1928021460798,-0.02457030648190125,0.03231136610510723,0.0,0.0,20597784.11049149,0.0,2.0767209721599171e+37,False,0.0,,,,,,,,,,,,,,,,0,,,,,"FPS B-A (4,3)",n/a,,,
N I,831.2173724525617,831.4458452888466,,,13.2889721,14.78016,4.0,6.0,4p9,4s7,True,True,(3P).4p 2D* 1.5,(1D).4s 2D 2.5,ritz,453,not_detected,831.1928021460798,-0.02457030648190125,0.03231136610510723,0.0,0.0,20597784.11049149,0.0,2.0767209721599171e+37,False,0.0,,,,,,,,,,,,,,,,0,,,,,"FPS B-A (4,3)",n/a,,,
N I,831.2839897369287,831.5124805810385,,,13.6655516,15.15662,4.0,6.0,4d3,4p14,True,True,(3P).4d 2P 1.5,(1D).4p 2F* 2.5,ritz,453,ok,831.2594194304468,-0.02457030648190125,0.03231136610510723,220220811.19183308,7574359.0505928425,20597784.11049149,10.691480695715395,0.11299323159430284,False,0.0,,,,,,,,,,,,,,,,0,0.8893669008901601,,,,"FPS B-A (4,3)",clean,"N2 band region: FPS B-A (4,3)",,
N I,835.8850917498496,836.1148264142643,,,13.6737591,15.15662,6.0,6.0,4d6,4p14,True,True,(3P).4d 2F 2.5,(1D).4p 2F* 2.5,ritz,454,gap,,,,,,,,,,,,,,,,,,,,,,,,,,0,,,,,,n/a,,,
N I,835.8850917498496,836.1148264142643,,,13.6737591,15.15662,6.0,8.0,4d6,4p15,True,True,(3P).4d 2F 2.5,(1D).4p 2F* 3.5,ritz,454,gap,,,,,,,,,,,,,,,,,,,,,,,,,,0,,,,,,n/a,,,
N I,836.1057258231226,836.3355201347805,,,13.2976904,14.78016,6.0,6.0,4p10,4s7,True,True,(3P).4p 2D* 2.5,(1D).4s 2D 2.5,ritz,455,gap,,,,,,,,,,,,,,,,,,,,,,,,,,0,,,,,,n/a,,,
N I,836.1057258231226,836.3355201347805,,,13.2976904,14.78016,6.0,4.0,4p10,4s6,True,True,(3P).4p 2D* 2.5,(1D).4s 2D 1.5,ritz,455,gap,,,,,,,,,,,,,,,,,,,,,,,,,,0,,,,,,n/a,,,
Ar I,838.473,838.703434308838,240000.0,D,13.30222747,14.780512,5.0,7.0,4p8,4d5,True,True,4p'[3/2]2,4d[7/2]3,NIST-csv,456,gap,,,,,,,,,,,,,,,,,,,,,,,,,,0,,,,,,n/a,,,
Ar I,840.821,841.0520691261936,22300000.0,B+,11.82807116,13.30222747,3.0,5.0,4s4,4p8,True,True,4s'[1/2]1,4p'[3/2]2,NIST-csv,457,gap,,,,,,,,,,,,,,,,,,,,,,,,,,0,,,,,,n/a,,,
N I,841.2418268683326,841.4730097746829,,,13.6832014,15.15662,8.0,6.0,4d11,4p14,True,True,(3P).4d 2F 3.5,(1D).4p 2F* 2.5,ritz,458,gap,,,,,,,,,,,,,,,,,,,,,,,,,,0,,,,,,n/a,,,
N I,841.2418268683326,841.4730097746829,,,13.6832014,15.15662,8.0,8.0,4d11,4p15,True,True,(3P).4d 2F 3.5,(1D).4p 2F* 3.5,ritz,458,gap,,,,,,,,,,,,,,,,,,,,,,,,,,0,,,,,,n/a,,,
Ar I,842.4648,842.696313570635,21500000.0,B+,11.62359272,13.09487256,3.0,5.0,4s2,4p3,True,True,4s[3/2]1,4p[5/2]2,NIST-csv,459,gap,,,,,,,,,,,,,,,,,,,,,,,,,,0,,,,,,n/a,,,
N I,847.2712965043992,847.5041097225692,,,13.6936867,15.15662,4.0,6.0,4d16,4p14,True,True,(3P).4d 2D 1.5,(1D).4p 2F* 2.5,ritz,460,gap,,,,,,,,,,,,,,,,,,,,,,,,,,0,,,,,,n/a,,,
N I,848.9414095752699,849.1746744113045,,,13.6965647,15.15662,6.0,8.0,4d17,4p15,True,True,(3P).4d 2D 2.5,(1D).4p 2F* 3.5,ritz,461,edge,,,,,,,,,,,,,,,,,,,,,,,,,,0,,,,,,n/a,,,
N I,848.9414095752699,849.1746744113045,,,13.6965647,15.15662,6.0,6.0,4d17,4p14,True,True,(3P).4d 2D 2.5,(1D).4p 2F* 2.5,ritz,461,edge,,,,,,,,,,,,,,,,,,,,,,,,,,0,,,,,,n/a,,,
Ar I,849.03066,849.2639489708039,96000.0,D,13.28263902,14.74254085,3.0,5.0,4p7,4d3,True,True,4p'[3/2]1,4d[3/2]2,NIST-csv,461,not_detected,849.0350994343034,0.00443943430346575,0.03290984468678663,41353839.98874438,1448684.7414822613,43242743.98842819,0.9563185906937524,0.131116121427408,False,0.0,,,,,,,,,,,,,,,,0,,,,,"FPS B-A (3,2)",n/a,,,
Ar I,852.1442,852.3783309494852,13900000.0,B,11.82807116,13.28263902,3.0,3.0,4s4,4p7,True,True,4s'[1/2]1,4p'[3/2]1,NIST-csv,462,ok,852.1280325324967,-0.01616746750326946,0.04127117692971079,9846896172.365236,432591939.1879977,160505570.22310963,61.349248868295525,0.010842957896737195,False,0.0,,0.04030653953783868,852.1275989451963,-0.25300833337377737,9856025320.749788,422872589.0318322,0.7704967811007766,0.0,-0.09528763540182313,-5.239337742853214,0.12490139720723076,0.08071963771343431,852.1211540030084,0.0762302647184312,,0,0.8645610897985099,0.010982989682844654,0.6101124041483312,0.053785366992002315,"FPS B-A (3,2); FPS B-A (8,8)",clean,"N2 band region: FPS B-A (3,2)/FPS B-A (8,8)",,
N I,856.7735236344027,857.0089065633404,,,10.6796703,12.1263787,2.0,4.0,other8,other25,True,True,(3P).3s 2P 0.5,(3P).3p 2P* 1.5,ritz,463,weak,856.7632241476185,-0.010299486784177341,0.07463967988639811,42486337.44272711,3375602.2867860873,9448025.29231228,4.496848402522549,0.48343600129763964,False,0.0,,,,,,,,,,,,,,,,0,,,,,"FPS B-A (8,8)",clean?,"N2 band region: FPS B-A (8,8)",,
N I,859.3999555983168,859.6360488837487,,,10.6796703,12.1219574,2.0,2.0,other8,other24,True,True,(3P).3s 2P 0.5,(3P).3p 2P* 0.5,ritz,464,not_detected,859.3747912464478,-0.025164351869005577,0.03326183872447415,0.0,0.0,55804015.669196114,0.0,8.942245270803465e+37,False,0.0,,,,,,,,,,,,,,,,0,,,,,"FPS B-A (8,8)",n/a,,,
N I,860.2333008207132,860.4696195038912,,,13.3392701,14.78016,2.0,4.0,4p12,4s6,True,True,(3P).4p 2P* 0.5,(1D).4s 2D 1.5,ritz,465,not_detected,860.2497313467331,0.016430526019932598,0.033289965897826936,18780419.671346515,665504.2806810809,19682566.26840976,0.9541651944791785,1.2992336061469156,False,0.0,,,,,,,,,,,,,,,,0,,,,,,n/a,,,
Ar I,860.5776,860.8140118080078,1040000.0,C,13.30222747,14.74254085,5.0,5.0,4p8,4d3,True,True,4p'[3/2]2,4d[3/2]2,NIST-csv,466,not_detected,860.5761976532915,-0.0014023467084168057,0.03330158672727523,28515337.625931133,1010824.2567528341,20257658.41339802,1.4076324639313518,-0.09250646456015578,False,0.0,,,,,,,,,,,,,,,,0,,,,,,n/a,,,
Ar I,862.04603,862.2828389906388,920000.0,C,13.2730381,14.7108981,1.0,3.0,4p6,4d2,True,True,4p[1/2]0,4d[1/2]1,NIST-csv,467,not_detected,862.0208098289822,-0.025220171017691105,0.047942277208408296,24951789.97080637,1273364.0220049585,31261118.635867503,0.7981732919236578,0.2880633561385575,False,0.0,,,,,,,,,,,,,,,,0,,,,,,n/a,,,
N I,862.9234915655751,863.1605378983083,,,10.6899808,12.1263787,4.0,4.0,other9,other25,True,True,(3P).3s 2P 1.5,(3P).3p 2P* 1.5,ritz,468,weak,862.9131550119167,-0.010336553658373316,0.033380765556118845,48348372.813478544,1717949.3878936663,15975580.864833554,3.0263921683064434,-0.41562351409863135,False,0.0,,,,,,,,,,,,,,,,0,,,0.4585170756983712,,,clean?,,,
N I,863.1904908066952,863.4276093600788,,,13.3442064,14.78016,4.0,6.0,4p13,4s7,True,True,(3P).4p 2P* 1.5,(1D).4s 2D 2.5,ritz,469,not_detected,863.171208953427,-0.01928185326811851,0.03338977734827678,19979115.31653509,710104.0454324272,23750393.59129166,0.8412119672770665,-0.0883491074334629,True,0.0,,,,,,,,,,,,,,,,0,,,,,,n/a,,,
N I,863.1904908066952,863.4276093600788,,,13.3442064,14.78016,4.0,4.0,4p13,4s6,True,True,(3P).4p 2P* 1.5,(1D).4s 2D 1.5,ritz,469,not_detected,863.171208953427,-0.01928185326811851,0.03338977734827678,19979115.316535152,710104.0454324294,23750393.59129166,0.8412119672770692,-0.08834910743346261,True,0.0,,,,,,,,,,,,,,,,0,,,,,,n/a,,,
N I,865.5747661602601,865.8125296526206,,,12.3566901,13.7886883,6.0,4.0,other26,5p6,True,True,(1D).3s 2D 2.5,(3P).5p 2P* 1.5,ritz,470,gap,,,,,,,,,,,,,,,,,,,,,,,,,,0,,,,,,n/a,,,
N I,865.5878225839376,865.8255896080991,,,10.6899808,12.1219574,4.0,2.0,other9,other24,True,True,(3P).3s 2P 1.5,(3P).3p 2P* 0.5,ritz,470,gap,,,,,,,,,,,,,,,,,,,,,,,,,,0,,,,,,n/a,,,
N I,865.6110954269552,865.8488687464911,,,12.3567502,13.7886883,4.0,4.0,other27,5p6,True,True,(1D).3s 2D 1.5,(3P).5p 2P* 1.5,ritz,470,gap,,,,,,,,,,,,,,,,,,,,,,,,,,0,,,,,,n/a,,,
N I,866.4385471608413,866.6765443103604,,,11.6026335,13.0332041,2.0,4.0,other13,3d16,True,True,(3P).3p 2S* 0.5,(3P).3d 2D 1.5,ritz,471,gap,,,,,,,,,,,,,,,,,,,,,,,,,,0,,,,,,n/a,,,
N I,866.6934846946357,866.9315508067763,,,12.3567502,13.7869,4.0,2.0,other27,5p4,True,True,(1D).3s 2D 1.5,(3P).5p 2P* 0.5,ritz,472,gap,,,,,,,,,,,,,,,,,,,,,,,,,,0,,,,,,n/a,,,
Ar I,866.7944,867.0324934106203,2430000.0,B,11.72316039,13.15314387,1.0,3.0,4s3,4p4,True,True,4s'[1/2]0,4p[3/2]1,NIST-csv,472,gap,,,,,,,,,,,,,,,,,,,,,,,,,,0,,,,,,n/a,,,
N I,868.0281713802698,868.2665985410704,,,10.3358956,11.7638464,6.0,8.0,other7,other17,True,True,(3P).3s 4P 2.5,(3P).3p 4D* 3.5,ritz,473,gap,,,,,,,,,,,,,,,,,,,,,,,,,,0,,,,,,n/a,,,
N I,868.3403116411932,868.5788232409475,,,10.3300944,11.7575319,4.0,6.0,other6,other16,True,True,(3P).3s 4P 1.5,(3P).3p 4D* 2.5,ritz,474,gap,,,,,,,,,,,,,,,,,,,,,,,,,,0,,,,,,n/a,,,
N I,868.6149349077264,868.8535207978886,,,10.3259087,11.7528949,2.0,4.0,other5,other15,True,True,(3P).3s 4P 0.5,(3P).3p 4D* 1.5,ritz,475,gap,,,,,,,,,,,,,,,,,,,,,,,,,,0,,,,,,n/a,,,
