wl,height,snr,nearest_catalogue,nearest_dist_nm,band_overlap,height_in_other
254.161,7228258.0,12.816625905931648,Ar I 340.618,86.45704,,828920.0
260.831,25376435.0,60.81403482651848,Ar I 340.618,79.78703999999999,,160247.0
271.138,16360345.0,48.32958806421133,Ar I 340.618,69.48004000000003,,180981.0
273.219,16942174.0,50.04835107891622,Ar I 340.618,67.39904000000001,,362198.0
277.89,11201167.0,37.15694090294142,Ar I 340.618,62.72804000000002,"SPS C-B (4,1)",-189966.0
280.213,9305508.0,33.286641324764105,Ar I 340.618,60.405039999999985,"SPS C-B (4,1); SPS C-B (3,0)",335298.0
287.603,6548900.0,21.035757651708103,Ar I 340.618,53.01504,,-152653.0
288.032,4158348.0,13.357052445367174,Ar I 340.618,52.586040000000025,,-582930.0
289.019,9240280.0,29.680754128773586,Ar I 340.618,51.59904,,-185088.0
289.13,6453542.0,20.729457696272597,Ar I 340.618,51.48804000000001,,0.0
291.68,3839782.0,11.728492658780459,Ar I 340.618,48.93804,,456607.0
295.308,8443541.0,32.69263885834048,Ar I 340.618,45.310040000000015,"SPS C-B (4,2); SPS C-B (3,1); SPS C-B (2,0)",463515.0
296.74,3013243.0,11.667008568019325,Ar I 340.618,43.87804,"SPS C-B (2,0)",146452.0
297.495,2170825.0,8.405241088976412,Ar I 340.618,43.12304,"SPS C-B (2,0)",-148648.0
298.178,10875939.0,42.11066731035483,Ar I 340.618,42.44004000000001,,-476023.0
303.016,8141645.0,28.486909732189787,Ar I 340.618,37.60203999999999,"OH A-X (0,0)",-103146.0
303.325,2460025.0,8.607414117654379,Ar I 340.618,37.29304000000002,"OH A-X (0,0)",52110.0
303.412,16670773.0,58.32958887507706,Ar I 340.618,37.20604000000003,"OH A-X (0,0)",44219.0
304.385,13636811.0,47.714018971833426,Ar I 340.618,36.23304000000002,"OH A-X (0,0); FNS B-X (3,0)",-155192.0
304.852,11520252.0,40.3083625994598,Ar I 340.618,35.76604000000003,"OH A-X (0,0); FNS B-X (3,0)",261251.0
304.928,6949511.0,24.31573625966988,Ar I 340.618,35.69004000000001,"OH A-X (0,0); FNS B-X (3,0)",-439434.0
307.354,2571985.0,8.202114929327156,Ar I 340.618,33.26404000000002,"FNS B-X (3,0); OH A-X (0,0); SPS C-B (4,3)",128725.0
308.206,11254944.0,35.892256063367824,Ar I 340.618,32.41203999999999,"FNS B-X (3,0); OH A-X (0,0); SPS C-B (4,3); SPS C-B (3,2)",-66559.0
308.873,18368106.0,58.57628113930046,Ar I 340.618,31.745040000000017,"OH A-X (0,0); SPS C-B (4,3); SPS C-B (3,2)",-71632.0
309.454,3265583.0,10.414013719853328,Ar I 340.618,31.16404,"SPS C-B (4,3); SPS C-B (3,2)",198897.0
309.643,4189547.0,13.360554589477697,Ar I 340.618,30.975040000000035,"SPS C-B (4,3); SPS C-B (3,2)",80897.0
309.851,10321368.0,32.915062321078686,Ar I 340.618,30.76704000000001,"SPS C-B (4,3); SPS C-B (3,2)",433285.0
310.125,6748699.0,12.541424524424547,Ar I 340.618,30.493040000000008,"SPS C-B (4,3); SPS C-B (3,2); SPS C-B (2,1)",540209.0
310.224,6268707.0,11.649432832347662,Ar I 340.618,30.394040000000018,"SPS C-B (4,3); SPS C-B (3,2); SPS C-B (2,1)",-186893.0
310.273,7714687.0,14.33656542395197,Ar I 340.618,30.345039999999983,"SPS C-B (4,3); SPS C-B (3,2); SPS C-B (2,1)",-249048.0
310.29,5825937.0,10.82661253221582,Ar I 340.618,30.328039999999987,"SPS C-B (4,3); SPS C-B (3,2); SPS C-B (2,1)",38993.0
310.331,13697071.0,25.453910768902904,Ar I 340.618,30.28703999999999,"SPS C-B (4,3); SPS C-B (3,2); SPS C-B (2,1)",306314.0
310.504,13926314.0,25.879923809676043,Ar I 340.618,30.11403999999999,"SPS C-B (4,3); SPS C-B (3,2); SPS C-B (2,1)",-11516.0
310.537,11453414.0,21.28441751928593,Ar I 340.618,30.08104000000003,"SPS C-B (4,3); SPS C-B (3,2); SPS C-B (2,1)",-185758.0
310.945,10023069.0,18.626340182989257,Ar I 340.618,29.673040000000015,"SPS C-B (3,2); SPS C-B (2,1)",-167231.0
310.969,5483417.0,10.190091518594395,Ar I 340.618,29.649040000000014,"SPS C-B (3,2); SPS C-B (2,1)",285937.0
311.213,10249506.0,19.047138702087103,Ar I 340.618,29.405039999999985,"SPS C-B (3,2); SPS C-B (2,1)",-241309.0
311.285,7465617.0,13.873706937257213,Ar I 340.618,29.333039999999983,"SPS C-B (3,2); SPS C-B (2,1)",-55567.0
311.382,4926306.0,9.154785964408813,Ar I 340.618,29.236040000000003,"SPS C-B (3,2); SPS C-B (2,1)",94685.0
311.535,5684089.0,10.563009727298818,Ar I 340.618,29.083039999999983,"SPS C-B (3,2); SPS C-B (2,1)",-63261.0
311.575,23827689.0,44.280114313138135,Ar I 340.618,29.04304000000002,"SPS C-B (3,2); SPS C-B (2,1)",44805.0
311.664,5670945.0,10.53858361436223,Ar I 340.618,28.95404000000002,"SPS C-B (3,2); SPS C-B (2,1)",402086.0
311.967,6852124.0,12.733624062652376,Ar I 340.618,28.651040000000023,"SPS C-B (2,1)",16001517.0
311.983,20497784.0,38.09199535406115,Ar I 340.618,28.635040000000004,"SPS C-B (2,1)",-42759.0
312.308,9194465.0,17.086506427381504,Ar I 340.618,28.310040000000015,"SPS C-B (2,1)",-520657.0
312.403,6656740.0,12.370532792871316,Ar I 340.618,28.215039999999988,"SPS C-B (2,1); SPS C-B (1,0)",33200.0
312.654,5608022.0,10.421650846231607,Ar I 340.618,27.96404000000001,"SPS C-B (2,1); SPS C-B (1,0)",-250816.0
312.686,4397399.0,8.171893228943828,Ar I 340.618,27.93204000000003,"SPS C-B (2,1); SPS C-B (1,0)",-135554.0
312.795,5786036.0,10.752462628664178,Ar I 340.618,27.823039999999992,"SPS C-B (2,1); SPS C-B (1,0)",-150922.0
312.818,7703688.0,14.316125465325255,Ar I 340.618,27.800040000000024,"SPS C-B (2,1); SPS C-B (1,0)",495331.0
312.935,8421236.0,15.649578636766416,Ar I 340.618,27.683040000000005,"SPS C-B (2,1); SPS C-B (1,0)",-72948.0
313.005,8333086.0,15.485765348927082,Ar I 340.618,27.613040000000012,"SPS C-B (2,1); SPS C-B (1,0)",35700.0
313.168,4839197.0,8.992907215793991,Ar I 340.618,27.45004,"SPS C-B (2,1); SPS C-B (1,0)",-214751.0
313.184,6352417.0,11.804995059517607,Ar I 340.618,27.43403999999998,"SPS C-B (2,1); SPS C-B (1,0)",77725.0
313.315,5507234.0,10.234351769036476,Ar I 340.618,27.30304000000001,"SPS C-B (2,1); SPS C-B (1,0)",273652.0
313.362,21969390.0,40.82674994582621,Ar I 340.618,27.256039999999985,"SPS C-B (2,1); SPS C-B (1,0)",-88898.0
313.385,9139410.0,16.98419513342808,Ar I 340.618,27.233040000000017,"SPS C-B (2,1); SPS C-B (1,0)",-72805.0
313.485,23311820.0,43.32145070582799,Ar I 340.618,27.133039999999994,"SPS C-B (2,1); SPS C-B (1,0)",-225714.0
313.516,17030240.0,31.64809537258009,Ar I 340.618,27.102039999999988,"SPS C-B (2,1); SPS C-B (1,0)",2714900.0
313.539,23912027.0,44.43684358222258,Ar I 340.618,27.07904000000002,"SPS C-B (2,1); SPS C-B (1,0)",-172810.0
313.577,15889900.0,29.528947957325347,Ar I 340.618,27.04104000000001,"SPS C-B (2,1); SPS C-B (1,0)",151617.0
313.722,10154180.0,18.86998991619292,Ar I 340.618,26.896040000000028,"SPS C-B (2,1); SPS C-B (1,0)",-324773.0
313.745,5989562.0,11.130684559699779,Ar I 340.618,26.873040000000003,"SPS C-B (2,1); SPS C-B (1,0)",439033.0
314.361,9619335.0,17.876062316256125,Ar I 340.618,26.257040000000018,"SPS C-B (1,0)",70355.0
314.619,10878141.0,20.215360666929755,Ar I 340.618,25.99903999999998,"SPS C-B (1,0)",-376323.0
314.859,5751263.0,10.68784232851628,Ar I 340.618,25.759040000000027,"SPS C-B (1,0)",471427.0
314.876,4605110.0,8.557892342164427,Ar I 340.618,25.74204000000003,"SPS C-B (1,0)",-130297.0
315.033,12326534.0,31.45599212808472,Ar I 340.618,25.585039999999992,"SPS C-B (1,0)",-107872.0
315.058,3155590.0,8.052727084471828,Ar I 340.618,25.560040000000015,"SPS C-B (1,0)",5076.0
315.197,15098710.0,38.53028782496637,Ar I 340.618,25.421040000000005,"SPS C-B (1,0)",107652.0
315.247,5519190.0,14.084380669651656,Ar I 340.618,25.371039999999994,"SPS C-B (1,0)",195981.0
315.312,7819770.0,19.955213976891887,Ar I 340.618,25.306039999999996,"SPS C-B (1,0)",151006.0
315.329,9193130.0,23.45988133505002,Ar I 340.618,25.28904,"SPS C-B (1,0)",-283559.0
315.361,4454140.0,11.36648734976006,Ar I 340.618,25.257040000000018,"SPS C-B (1,0)",-86489.0
315.394,5416110.0,13.821331570159215,Ar I 340.618,25.224040000000002,"SPS C-B (1,0)",-193469.0
315.443,10923780.0,27.876314435909503,Ar I 340.618,25.175040000000024,"SPS C-B (1,0)",-8130.0
315.557,3453750.0,8.813599411835687,Ar I 340.618,25.06103999999999,"SPS C-B (1,0)",1355726.0
315.582,6975630.0,17.801059273306805,Ar I 340.618,25.036040000000014,"SPS C-B (1,0)",-334190.0
315.598,11515200.0,29.38555481640834,Ar I 340.618,25.020039999999995,"SPS C-B (1,0)",-170436.0
315.647,13359810.0,34.092801609333776,Ar I 340.618,24.971040000000016,"SPS C-B (1,0)",-157912.0
315.753,14456730.0,36.892023749567095,Ar I 340.618,24.865040000000022,"SPS C-B (1,0)",223317.0
315.81,16535270.0,42.196234801750066,Ar I 340.618,24.808040000000005,"SPS C-B (1,0)",-154345.0
315.834,24719790.0,63.08225164088359,Ar I 340.618,24.784040000000005,"SPS C-B (1,0)",1214851.0
315.874,19933080.0,50.86708133596054,Ar I 340.618,24.744039999999984,"SPS C-B (1,0)",-41055.0
315.899,11055160.0,28.21158209880548,Ar I 340.618,24.719040000000007,"SPS C-B (1,0)",-120474.0
316.036,5940366.0,15.159176629370602,Ar I 340.618,24.582040000000006,"SPS C-B (1,0)",-159352.0
317.231,8647534.0,22.06757888562551,Ar I 340.618,23.387040000000013,,-55203.0
317.419,4347820.0,11.09517011792036,Ar I 340.618,23.199040000000025,,-566058.0
318.124,22968382.0,58.61284635136226,Ar I 340.618,22.494039999999984,,-504865.0
319.496,4305865.0,10.988105459701448,Ar I 340.618,21.122040000000027,,202856.0
319.72,14053790.0,35.86376410512118,Ar I 340.618,20.89803999999998,,36279.0
320.123,8087183.0,26.094068645367226,Ar I 340.618,20.495040000000017,,-9663.0
320.189,4737664.0,15.286525559602778,Ar I 340.618,20.429039999999986,,184842.0
320.45,18319182.0,59.108591042761816,Ar I 340.618,20.16804000000002,,-456531.0
321.624,6050178.0,19.521477385721404,Ar I 340.618,18.994039999999984,,-146213.0
321.893,17171747.0,55.406282382738056,Ar I 340.618,18.725040000000035,,-279634.0
322.755,5977370.0,19.28655541722732,Ar I 340.618,17.863040000000012,,-152175.0
322.961,2791685.0,9.007638386103295,Ar I 340.618,17.657039999999995,,-221672.0
323.396,5043993.0,16.27492534653312,Ar I 340.618,17.222039999999993,"SPS C-B (4,4)",-45929.0
323.421,3182781.0,10.269546997659203,Ar I 340.618,17.197040000000015,"SPS C-B (4,4)",72160.0
324.129,18137231.0,58.52150875661926,Ar I 340.618,16.48903999999999,"SPS C-B (4,4)",262607.0
324.587,6732281.0,21.72234788725586,Ar I 340.618,16.03104000000002,"SPS C-B (4,4)",-355332.0
324.662,4160153.0,13.42313113938814,Ar I 340.618,15.95604000000003,"SPS C-B (4,4)",-174272.0
325.539,12073546.0,18.69403427555119,Ar I 340.618,15.07904000000002,"SPS C-B (4,4); SPS C-B (3,3)",541500.0
325.595,8318387.0,12.879746488339004,Ar I 340.618,15.02303999999998,"SPS C-B (4,4); SPS C-B (3,3)",34359.0
325.701,6379954.0,9.878380283012124,Ar I 340.618,14.917039999999986,"SPS C-B (4,4); SPS C-B (3,3)",-433366.0
326.431,5643072.0,8.737431520731622,Ar I 340.618,14.187040000000025,"SPS C-B (4,4); SPS C-B (3,3); FNS B-X (3,1)",148280.0
326.595,5702605.0,8.82960924072593,Ar I 340.618,14.02303999999998,"SPS C-B (4,4); SPS C-B (3,3); FNS B-X (3,1)",0.0
326.621,6007485.0,9.301669161641462,Ar I 340.618,13.997040000000027,"SPS C-B (4,4); SPS C-B (3,3); FNS B-X (3,1)",260459.0
326.656,9739745.0,15.080501359346153,Ar I 340.618,13.962040000000002,"SPS C-B (4,4); SPS C-B (3,3); FNS B-X (3,1)",-245521.0
326.735,14589482.0,22.58957530542701,Ar I 340.618,13.883039999999994,"SPS C-B (4,4); SPS C-B (3,3); FNS B-X (3,1)",1933896.0
326.753,12967382.0,20.078002234982623,Ar I 340.618,13.865040000000022,"SPS C-B (4,4); SPS C-B (3,3); FNS B-X (3,1)",172316.0
326.814,22800447.0,35.302995301950915,Ar I 340.618,13.804039999999986,"SPS C-B (4,4); SPS C-B (3,3); FNS B-X (3,1)",-200569.0
326.972,8432226.0,13.056008720486416,Ar I 340.618,13.646040000000028,"SPS C-B (4,4); SPS C-B (3,3); FNS B-X (3,1); FNS B-X (2,0)",87253.0
327.19,6584529.0,10.195133295086695,Ar I 340.618,13.42804000000001,"SPS C-B (3,3); FNS B-X (3,1); FNS B-X (2,0)",-111090.0
327.216,5524333.0,8.553582390091405,Ar I 340.618,13.40204,"SPS C-B (3,3); FNS B-X (3,1); FNS B-X (2,0)",22560.0
327.511,8228738.0,12.740938761199944,Ar I 340.618,13.107039999999984,"SPS C-B (3,3); FNS B-X (3,1); FNS B-X (2,0); SPS C-B (2,2)",-25199.0
327.676,13986944.0,21.65663762296636,Ar I 340.618,12.94204000000002,"SPS C-B (3,3); FNS B-X (3,1); FNS B-X (2,0); SPS C-B (2,2)",-203320.0
327.822,12056544.0,18.66770928612779,Ar I 340.618,12.796040000000005,"SPS C-B (3,3); FNS B-X (3,1); FNS B-X (2,0); SPS C-B (2,2)",-71652.0
327.857,9475828.0,14.671866361483831,Ar I 340.618,12.76103999999998,"SPS C-B (3,3); FNS B-X (3,1); FNS B-X (2,0); SPS C-B (2,2)",-378164.0
327.917,5197388.0,8.047358200758786,Ar I 340.618,12.701040000000035,"SPS C-B (3,3); FNS B-X (3,1); FNS B-X (2,0); SPS C-B (2,2)",244515.0
328.182,5288596.0,8.188579800295862,Ar I 340.618,12.436039999999991,"SPS C-B (3,3); FNS B-X (3,1); FNS B-X (2,0); SPS C-B (2,2)",386557.0
328.379,11307276.0,17.507582702473435,Ar I 340.618,12.239039999999989,"SPS C-B (3,3); FNS B-X (3,1); FNS B-X (2,0); SPS C-B (2,2)",3249.0
328.472,7508256.0,11.625382883670866,Ar I 340.618,12.146040000000028,"SPS C-B (3,3); FNS B-X (3,1); FNS B-X (2,0); SPS C-B (2,2)",-71435.0
329.147,17755070.0,27.491002820945116,Ar I 340.618,11.471040000000016,"FNS B-X (3,1); FNS B-X (2,0); SPS C-B (2,2)",18374.0
329.239,17398670.0,26.939172081590957,Ar I 340.618,11.379040000000032,"FNS B-X (3,1); FNS B-X (2,0); SPS C-B (2,2)",-93873.0
329.29,6425010.0,9.948142588826773,Ar I 340.618,11.328039999999987,"FNS B-X (3,1); FNS B-X (2,0); SPS C-B (2,2)",7629.0
329.381,15105270.0,23.388193917632407,Ar I 340.618,11.237040000000036,"FNS B-X (3,1); FNS B-X (2,0); SPS C-B (2,2)",-166932.0
329.473,19397373.0,30.03385713837933,Ar I 340.618,11.145039999999995,"FNS B-X (3,1); FNS B-X (2,0); SPS C-B (2,2)",200950.0
329.506,6762693.0,10.470992924285051,Ar I 340.618,11.112040000000036,"FNS B-X (3,1); FNS B-X (2,0); SPS C-B (2,2)",329565.0
329.672,18366573.0,28.437821430954337,Ar I 340.618,10.946039999999982,"FNS B-X (3,1); FNS B-X (2,0); SPS C-B (2,2)",2100671.0
329.714,16607315.0,25.713880233269943,Ar I 340.618,10.904040000000009,"FNS B-X (3,1); FNS B-X (2,0); SPS C-B (2,2)",139719.0
329.854,10305696.0,15.956789683611657,Ar I 340.618,10.764040000000023,"FNS B-X (3,1); FNS B-X (2,0); SPS C-B (2,2)",-393456.0
329.962,8395559.0,12.999235494560773,Ar I 340.618,10.656040000000019,"FNS B-X (3,1); FNS B-X (2,0); SPS C-B (2,2)",635114.0
330.052,9979224.0,12.923623230912476,Ar I 340.618,10.566039999999987,"FNS B-X (3,1); FNS B-X (2,0); SPS C-B (2,2)",-212336.0
330.265,10874553.0,14.08312167124307,Ar I 340.618,10.353040000000021,"FNS B-X (2,0); SPS C-B (2,2)",-519039.0
330.314,14043794.0,18.18745649847616,Ar I 340.618,10.304039999999986,"FNS B-X (2,0); SPS C-B (2,2)",208038.0
330.347,9381461.0,12.149488509276813,Ar I 340.618,10.271040000000028,"FNS B-X (2,0); SPS C-B (2,2)",227587.0
330.535,11397417.0,14.76025822384554,Ar I 340.618,10.083039999999983,"FNS B-X (2,0); SPS C-B (2,2); SPS C-B (1,1)",0.0
330.648,23032597.0,29.828432116309344,Ar I 340.618,9.970039999999983,"FNS B-X (2,0); SPS C-B (2,2); SPS C-B (1,1)",-566139.0
330.737,7118289.0,9.218560990789337,Ar I 340.618,9.881039999999985,"FNS B-X (2,0); SPS C-B (2,2); SPS C-B (1,1)",-568840.0
330.786,25138020.0,32.55506633092337,Ar I 340.618,9.832040000000006,"FNS B-X (2,0); SPS C-B (2,2); SPS C-B (1,1)",-232989.0
330.947,6331030.0,8.199018920068715,Ar I 340.618,9.671040000000005,"FNS B-X (2,0); SPS C-B (2,2); SPS C-B (1,1)",-19793.0
331.845,7441945.0,9.63771264029878,Ar I 340.618,8.77303999999998,"SPS C-B (1,1)",-29553.0
331.88,17422341.0,22.56285367323941,Ar I 340.618,8.738040000000012,"SPS C-B (1,1)",85233.0
332.867,15339183.0,19.865053812001587,Ar I 340.618,7.751039999999989,"SPS C-B (1,1)",-346531.0
333.013,10084571.0,13.060053171407542,Ar I 340.618,7.605040000000031,"SPS C-B (1,1)",238520.0
333.246,6530987.0,8.457973817802605,Ar I 340.618,7.372040000000027,"SPS C-B (1,1)",-7191.0
333.451,17107031.0,22.154510535442423,Ar I 340.618,7.167039999999986,"SPS C-B (1,1)",-268236.0
333.545,10922382.0,14.145062757595207,Ar I 340.618,7.073039999999992,"SPS C-B (1,1)",19538.0
333.825,19631051.0,25.423250019322904,Ar I 340.618,6.793040000000019,"SPS C-B (1,1); SPS C-B (0,0)",0.0
333.919,10668064.0,13.815707487802765,Ar I 340.618,6.699040000000025,"SPS C-B (1,1); SPS C-B (0,0)",121941.0
334.029,9808104.0,12.702013774378205,Ar I 340.618,6.589040000000011,"SPS C-B (1,1); NH A-X (0,0); SPS C-B (0,0)",-115000.0
334.323,9597218.0,12.428905243226463,Ar I 340.618,6.295040000000029,"NH A-X (0,0); SPS C-B (0,0)",312704.0
334.365,8246445.0,10.679582718500159,Ar I 340.618,6.253039999999999,"NH A-X (0,0); SPS C-B (0,0)",200766.0
334.424,7262655.0,9.405522601366865,Ar I 340.618,6.1940400000000295,"NH A-X (0,0); SPS C-B (0,0)",-66983.0
334.499,11722135.0,15.180785219561383,Ar I 340.618,6.119039999999984,"NH A-X (0,0); SPS C-B (0,0)",-155683.0
334.532,26056109.0,33.74404017582806,Ar I 340.618,6.086040000000025,"NH A-X (0,0); SPS C-B (0,0)",259304.0
334.641,18698609.0,24.21568827978499,Ar I 340.618,5.977039999999988,"NH A-X (0,0); SPS C-B (0,0)",-17401.0
334.749,11082409.0,14.352306192031914,Ar I 340.618,5.869039999999984,"NH A-X (0,0); SPS C-B (0,0)",-72911.0
334.957,27953430.0,36.20117128663368,Ar I 340.618,5.661040000000014,"NH A-X (0,0); SPS C-B (0,0)",2666631.0
334.99,9128030.0,11.821281951428888,Ar I 340.618,5.628039999999999,"NH A-X (0,0); SPS C-B (0,0)",-304213.0
335.056,15304630.0,19.357535201938756,Ar I 340.618,5.5620400000000245,"NH A-X (0,0); SPS C-B (0,0)",111488.0
335.072,14277040.0,18.057823310951502,Ar I 340.618,5.546040000000005,"NH A-X (0,0); SPS C-B (0,0)",116942.0
335.122,12780530.0,16.165014075768855,Ar I 340.618,5.496039999999994,"NH A-X (0,0); SPS C-B (0,0)",-142868.0
335.155,6511150.0,8.235404275052943,Ar I 340.618,5.463040000000035,"NH A-X (0,0); SPS C-B (0,0)",293392.0
335.188,6552810.0,8.28809649410775,Ar I 340.618,5.4300400000000195,"NH A-X (0,0); SPS C-B (0,0)",1839788.0
335.36,12391310.0,15.672722537110385,Ar I 340.618,5.258039999999994,"NH A-X (0,0); SPS C-B (0,0)",16171657.0
335.393,14228660.0,17.99663153087777,Ar I 340.618,5.225040000000035,"NH A-X (0,0); SPS C-B (0,0)",-591511.0
335.459,13508320.0,17.08553424153693,Ar I 340.618,5.1590400000000045,"NH A-X (0,0); SPS C-B (0,0)",-81642.0
335.54,7773660.0,9.832246653326687,Ar I 340.618,5.078039999999987,"NH A-X (0,0); SPS C-B (0,0)",-65613.0
335.622,7030370.0,8.89212184532747,Ar I 340.618,4.996039999999994,"NH A-X (0,0); SPS C-B (0,0)",162456.0
335.663,6861790.0,8.67889922679028,Ar I 340.618,4.955039999999997,"NH A-X (0,0); SPS C-B (0,0)",-144048.0
335.696,16752950.0,21.189392972016957,Ar I 340.618,4.922039999999981,"NH A-X (0,0); SPS C-B (0,0)",-435733.0
335.723,7230620.0,9.145401174797588,Ar I 340.618,4.8950399999999945,"NH A-X (0,0); SPS C-B (0,0)",787592.0
335.823,7500720.0,9.48702787587064,Ar I 340.618,4.795040000000029,"NH A-X (0,0); SPS C-B (0,0)",84298.0
335.922,53645960.0,67.8522485771821,Ar I 340.618,4.696039999999982,"NH A-X (0,0); SPS C-B (0,0)",2479032.0
336.031,11433700.0,14.461522443757682,Ar I 340.618,4.587040000000002,"NH A-X (0,0); SPS C-B (0,0)",2664010.0
336.067,7873140.0,9.958070511981804,Ar I 340.618,4.55104,"NH A-X (0,0); SPS C-B (0,0)",317960.0
336.166,9027840.0,11.418553117420727,Ar I 340.618,4.452040000000011,"NH A-X (0,0); SPS C-B (0,0)",10523949.0
336.246,12415660.0,15.7035207976477,Ar I 340.618,4.372040000000027,"NH A-X (0,0); SPS C-B (0,0)",-492762.0
336.273,36532660.0,46.20707929368171,Ar I 340.618,4.345039999999983,"NH A-X (0,0); SPS C-B (0,0)",758259.0
336.336,12773340.0,16.15592005140486,Ar I 340.618,4.282039999999995,"SPS C-B (0,0)",-201962.0
336.426,13510990.0,17.088911299263195,Ar I 340.618,4.19204000000002,"SPS C-B (0,0)",1146262.0
336.488,21724610.0,27.47762623620373,Ar I 340.618,4.130040000000008,"SPS C-B (0,0)",-155378.0
336.578,7545390.0,9.543527189965172,Ar I 340.618,4.040040000000033,"SPS C-B (0,0)",64432.0
336.613,18709010.0,23.66344822896236,Ar I 340.618,4.005040000000008,"SPS C-B (0,0)",14169.0
336.631,15885890.0,20.092721933762974,Ar I 340.618,3.987040000000036,"SPS C-B (0,0)",0.0
336.738,9040800.0,11.434945127957219,Ar I 340.618,3.880040000000008,"SPS C-B (0,0)",214884.0
336.774,14936500.0,18.891918624870918,Ar I 340.618,3.844040000000007,"SPS C-B (0,0)",638596.0
336.863,9340600.0,11.8141368531764,Ar I 340.618,3.755040000000008,"SPS C-B (0,0)",6025036.0
336.916,21379400.0,27.040999233325433,Ar I 340.618,3.702040000000011,"SPS C-B (0,0)",2619745.0
336.96,34109300.0,43.14197569385797,Ar I 340.618,3.658040000000028,"SPS C-B (0,0)",1231160.0
337.005,21782400.0,27.550719931335205,Ar I 340.618,3.6130400000000122,"SPS C-B (0,0)",3687060.0
337.031,45623200.0,57.704936350966484,Ar I 340.618,3.587040000000002,"SPS C-B (0,0)",-1353521.0
337.049,33971200.0,42.96730465565661,Ar I 340.618,3.5690400000000295,"SPS C-B (0,0)",-1121487.0
337.075,59870100.0,75.72463811889561,Ar I 340.618,3.543040000000019,"SPS C-B (0,0)",3339682.0
337.111,49791000.0,62.97643492457724,Ar I 340.618,3.5070400000000177,"SPS C-B (0,0)",1295578.0
337.726,6550650.0,8.285364492351668,Ar I 340.618,2.8920400000000086,,123757.0
337.944,7119013.0,9.004238897023948,Ar I 340.618,2.674039999999991,,-287900.0
338.351,8381036.0,10.600465310086946,Ar I 340.618,2.2670400000000086,,407763.0
340.03,5181535.0,15.329338132154438,Ar I 340.618,0.588040000000035,,49693.0
340.534,3772837.0,11.16176848955052,Ar I 340.618,0.08404000000001588,,-17360.0
340.909,12755033.0,37.7351911631955,Ar I 340.618,0.2909599999999841,,213420.0
341.01,10879202.0,32.18562956074037,Ar I 340.618,0.3919599999999832,,1122268.0
341.028,13477175.0,39.87161577432527,Ar I 340.618,0.4099600000000123,"SPS C-B (4,5)",-214548.0
341.292,7382095.0,21.839595868538304,Ar I 340.618,0.6739599999999655,"SPS C-B (4,5)",218864.0
341.743,6196736.0,18.332764607340135,Ar I 340.618,1.1249599999999873,"SPS C-B (4,5)",-148181.0
342.856,3820933.0,11.304058341265138,Ar I 340.618,2.237959999999987,"SPS C-B (4,5)",-65931.0
343.041,3798860.0,11.23875636403425,Ar I 340.618,2.422959999999989,"SPS C-B (4,5)",-195888.0
343.172,7261912.0,21.484039871186802,Ar I 340.618,2.5539600000000178,"SPS C-B (4,5)",2558.0
343.547,13526707.0,40.01815396742092,Ar I 346.107,2.5600000000000023,"SPS C-B (4,5); SPS C-B (3,4)",-125959.0
343.686,9020925.0,26.68800067736786,Ar I 346.107,2.421000000000049,"SPS C-B (4,5); SPS C-B (3,4)",551614.0
343.911,7269694.0,21.507062568002404,Ar I 346.107,2.1960000000000264,"SPS C-B (4,5); SPS C-B (3,4)",81671.0
344.126,9295483.0,27.500268165455473,Ar I 346.107,1.9810000000000514,"SPS C-B (4,5); SPS C-B (3,4)",191117.0
344.791,14153731.0,41.873176255792224,Ar I 346.107,1.316000000000031,"SPS C-B (4,5); SPS C-B (3,4)",324011.0
345.605,11395597.0,20.701377695414262,Ar I 346.107,0.5020000000000095,"SPS C-B (3,4)",-128203.0
346.592,15025360.0,27.295248539376185,Ar I 346.107,0.4849999999999568,"SPS C-B (3,4); SPS C-B (2,3)",-204534.0
346.647,7249731.0,13.169947973866867,Ar I 346.107,0.5399999999999636,"SPS C-B (3,4); SPS C-B (2,3)",60516.0
346.965,6877704.0,12.49411927968859,Ar I 346.107,0.8579999999999472,"SPS C-B (3,4); SPS C-B (2,3)",38354.0
347.065,4899309.0,8.900143279508951,Ar I 346.107,0.95799999999997,"SPS C-B (3,4); SPS C-B (2,3)",-125324.0
347.427,9264082.0,16.829242073345412,Ar I 346.107,1.3199999999999932,"SPS C-B (2,3)",291849.0
347.49,10261218.0,18.64065124740576,Ar I 346.107,1.3829999999999814,"SPS C-B (2,3)",134050.0
347.598,11033907.0,20.04432731897024,Ar I 346.107,1.4909999999999854,"SPS C-B (2,3)",-176075.0
347.75,7232725.0,13.139054671033481,Ar I 346.107,1.6429999999999723,"SPS C-B (2,3)",-73016.0
347.812,6602476.0,11.994136805724876,Ar I 346.107,1.704999999999984,"SPS C-B (2,3)",16481.0
347.911,8166999.0,14.836267984649737,Ar I 346.107,1.8039999999999736,"SPS C-B (2,3)",272821.0
348.036,10302849.0,18.716278619524818,Ar I 346.107,1.9289999999999736,"SPS C-B (2,3)",-212265.0
348.089,9153888.0,16.629062336051398,Ar I 346.107,1.981999999999971,"SPS C-B (2,3)",-174408.0
348.107,4757230.0,8.642040870167275,Ar I 346.107,2.0,"SPS C-B (2,3)",-144688.0
348.452,5186379.0,9.421638072192701,Ar I 346.107,2.3449999999999704,"SPS C-B (2,3)",175725.0
348.532,13576442.0,24.66312678501051,Ar I 346.107,2.4249999999999545,"SPS C-B (2,3)",-278198.0
348.576,11856216.0,21.538143675527813,Ar I 346.107,2.468999999999994,"SPS C-B (2,3)",168064.0
348.637,7905183.0,14.36064991016864,Ar I 346.107,2.5299999999999727,"SPS C-B (2,3)",-66328.0
348.769,9553866.0,17.35566715086333,Ar I 346.107,2.6619999999999777,"SPS C-B (2,3)",60702.0
348.848,22479718.0,40.8369243668763,Ar I 346.107,2.7409999999999854,"SPS C-B (2,3)",113560.0
348.944,6004993.0,10.908742047592485,Ar I 346.107,2.836999999999989,"SPS C-B (2,3)",18610.0
349.066,11056315.0,20.085033959561237,Ar I 346.107,2.9589999999999463,"SPS C-B (2,3)",-489204.0
349.127,16597428.0,30.151086055468983,Ar I 346.107,3.019999999999982,"SPS C-B (2,3)",52796.0
349.171,5923920.0,10.76146386691443,Ar I 346.107,3.0639999999999645,"SPS C-B (2,3)",-774.0
349.197,6539030.0,11.878880043901582,Ar I 346.107,3.089999999999975,"SPS C-B (2,3)",-240778.0
349.24,10230180.0,18.584267245680334,Ar I 346.107,3.1329999999999814,"SPS C-B (2,3)",-71348.0
349.275,4527060.0,8.223911297477622,Ar I 346.107,3.1679999999999495,"SPS C-B (2,3)",-132408.0
349.318,12326480.0,22.39243087790574,Ar I 346.107,3.210999999999956,"SPS C-B (2,3)",-365465.0
349.336,7338330.0,13.330897976085794,Ar I 346.107,3.228999999999985,"SPS C-B (2,3)",-532032.0
349.37,6078771.0,11.042768044090279,Ar I 346.107,3.262999999999977,"SPS C-B (2,3)",19610.0
349.405,4436000.0,8.058490613248052,Ar I 346.107,3.297999999999945,"SPS C-B (2,3)",82993.0
349.569,28133669.0,51.107959322075686,Ar I 346.107,3.461999999999989,"SPS C-B (2,3)",-471023.0
349.647,24218659.0,43.995905369016114,Ar I 346.107,3.5399999999999636,"SPS C-B (2,3)",565355.0
349.664,5284509.0,9.599902202913627,Ar I 346.107,3.5569999999999595,"SPS C-B (2,3)",360054.0
349.724,5255815.0,9.547776339600611,Ar I 346.107,3.616999999999962,"SPS C-B (2,3)",-327490.0
349.802,6859910.0,12.461794486638064,Ar I 346.107,3.694999999999993,"SPS C-B (2,3)",-454716.0
349.87,7793640.0,14.158019563353147,Ar I 346.107,3.762999999999977,"SPS C-B (2,3)",-76479.0
349.887,12673640.0,23.02308588270628,Ar I 346.107,3.7799999999999727,"SPS C-B (2,3)",184821.0
349.99,15172500.0,27.56254482180029,Ar I 346.107,3.8829999999999814,"SPS C-B (2,3)",2815526.0
353.258,40903300.0,10.247600644112508,Ar I 355.431,2.1726000000000454,"SPS C-B (1,2); FNS B-X (3,2); FNS B-X (2,1)",-222080.0
353.617,34052300.0,8.531203384898342,Ar I 355.431,1.813600000000008,"SPS C-B (1,2); FNS B-X (3,2); FNS B-X (2,1)",106837.0
355.133,42630440.0,14.952516030817014,Ar I 355.431,0.2976000000000454,"FNS B-X (3,2); FNS B-X (2,1); SPS C-B (0,1); FNS B-X (1,0)",-551416.0
355.788,27938620.0,9.799398350777164,Ar I 355.431,0.3573999999999842,"FNS B-X (2,1); SPS C-B (0,1); FNS B-X (1,0)",981452.0
356.381,30872470.0,10.828438613017303,Ar I 356.329,0.052409999999952106,"FNS B-X (2,1); SPS C-B (0,1); FNS B-X (1,0)",-91626.0
356.883,25540500.0,8.958263993641209,Ar I 356.766,0.11739999999997508,"SPS C-B (0,1); FNS B-X (1,0)",189227.0
357.033,36592200.0,12.834619044580874,Ar I 357.230,0.19652999999999565,"SPS C-B (0,1); FNS B-X (1,0)",-94069.0
357.529,23268600.0,8.16140097345157,Ar I 357.230,0.29946999999998525,"SPS C-B (0,1); FNS B-X (1,0)",-361776.0
357.567,31257300.0,10.963416735320035,Ar I 357.230,0.33746999999999616,"SPS C-B (0,1); FNS B-X (1,0)",-20724.0
357.604,80141000.0,28.10924745852274,Ar I 357.230,0.3744699999999739,"SPS C-B (0,1); FNS B-X (1,0)",18366.0
357.632,47951900.0,16.819004295009254,Ar I 357.230,0.4024699999999939,"SPS C-B (0,1); FNS B-X (1,0)",1957198.0
357.66,26955200.0,9.454466341747324,Ar I 357.230,0.4304700000000139,"SPS C-B (0,1); FNS B-X (1,0)",-57427.0
360.21,8310857.0,21.52744601364621,Ar I 360.652,0.4422000000000139,"FPS B-A (12,0)",418858.0
360.816,11003354.0,28.50176693017797,Ar I 360.652,0.16379999999998063,"FPS B-A (12,0); SPS C-B (4,6)",-103767.0
360.904,8445368.0,21.875867156103787,Ar I 360.652,0.2518000000000029,"FPS B-A (12,0); SPS C-B (4,6)",-578474.0
360.999,4216719.0,10.922482558322955,Ar I 360.652,0.3468000000000302,"FPS B-A (12,0); SPS C-B (4,6)",322241.0
361.233,3382122.0,8.760642707071623,Ar I 360.652,0.5808000000000106,"FPS B-A (12,0); SPS C-B (4,6)",105485.0
361.292,4079920.0,10.56813485540606,Ar I 360.652,0.6397999999999797,"FPS B-A (12,0); SPS C-B (4,6)",92271.0
361.379,3234650.0,8.378648946557583,Ar I 360.652,0.7268000000000256,"FPS B-A (12,0); SPS C-B (4,6)",209905.0
361.719,4124715.0,10.68416644446857,Ar I 360.652,1.0668000000000006,"FPS B-A (12,0); SPS C-B (4,6)",443666.0
362.027,9453907.0,24.488265477378807,Ar I 363.268,1.2412899999999922,"FPS B-A (12,0); SPS C-B (4,6)",-280296.0
362.094,3352107.0,8.682895455241926,Ar I 363.268,1.174289999999985,"FPS B-A (12,0); SPS C-B (4,6)",-225534.0
362.209,6675584.0,17.291631196344785,Ar I 363.268,1.0592899999999759,"FPS B-A (12,0); SPS C-B (4,6)",511579.0
362.563,3303224.0,8.55627480186225,Ar I 363.268,0.7052899999999909,"FPS B-A (12,0); SPS C-B (4,6)",-15786.0
362.687,10062005.0,26.06340951679691,Ar I 363.268,0.5812899999999672,"FPS B-A (12,0); SPS C-B (4,6)",-12225.0
362.791,8336019.0,21.59262263701915,Ar I 363.268,0.47728999999998223,"FPS B-A (12,0); SPS C-B (4,6)",270543.0
362.914,7673251.0,19.87586799431837,Ar I 363.268,0.3542899999999918,"FPS B-A (12,0); SPS C-B (4,6)",-405274.0
362.943,7887361.0,20.430472828209965,Ar I 363.268,0.3252899999999954,"FPS B-A (12,0); SPS C-B (4,6)",89317.0
363.018,6329673.0,16.3956248785816,Ar I 363.268,0.2502900000000068,"FPS B-A (12,0); SPS C-B (4,6)",-167909.0
363.047,16261644.0,42.12220993612738,Ar I 363.268,0.22128999999995358,"FPS B-A (12,0); SPS C-B (4,6)",-80155.0
363.15,7208954.0,18.673208797824206,Ar I 363.268,0.11829000000000178,"FPS B-A (12,0); SPS C-B (4,6)",-46178.0
363.329,12513974.0,32.41469558448332,Ar I 363.268,0.060710000000028685,"FPS B-A (12,0); SPS C-B (4,6)",188169.0
363.498,3221903.0,8.34563064840422,Ar I 363.446,0.051999999999964075,"FPS B-A (12,0); SPS C-B (4,6)",0.0
363.909,5352585.0,13.864693451102875,Ar I 364.312,0.40262999999998783,"FPS B-A (12,0); SPS C-B (4,6); SPS C-B (3,5)",-79334.0
363.927,5316666.0,13.771653186619423,Ar I 364.312,0.3846299999999587,"FPS B-A (12,0); SPS C-B (4,6); SPS C-B (3,5)",-154975.0
364.094,4553897.0,11.795867961535787,Ar I 364.312,0.21762999999998556,"FPS B-A (12,0); SPS C-B (4,6); SPS C-B (3,5)",-22203.0
364.168,7327341.0,18.979864266835108,Ar I 364.312,0.14362999999997328,"FPS B-A (12,0); SPS C-B (4,6); SPS C-B (3,5)",-159430.0
364.187,4082131.0,10.573861964311456,Ar I 364.312,0.12462999999996782,"FPS B-A (12,0); SPS C-B (4,6); SPS C-B (3,5)",-45154.0
364.344,6280645.0,16.268628634613375,Ar I 364.312,0.03237000000001444,"FPS B-A (12,0); SPS C-B (3,5)",8106.0
364.445,4338294.0,11.237395839722097,Ar I 364.312,0.13337000000001353,"FPS B-A (12,0); SPS C-B (3,5)",-341972.0
364.51,12344957.0,31.976894243070703,Ar I 364.312,0.19837000000001126,"FPS B-A (12,0); SPS C-B (3,5)",16666.0
364.583,7507997.0,19.447813876248585,Ar I 364.312,0.2713700000000472,"FPS B-A (12,0); SPS C-B (3,5)",-53302.0
364.73,11770415.0,30.48866963668266,Ar I 364.983,0.2531699999999546,"FPS B-A (12,0); SPS C-B (3,5)",49745.0
365.113,11538635.0,22.11651664904275,Ar I 364.983,0.12983000000002676,"FPS B-A (12,0); SPS C-B (3,5)",-72318.0
365.457,8375570.0,16.053756215550884,Ar I 364.983,0.47383000000002085,"FPS B-A (12,0); SPS C-B (3,5)",-90331.0
365.538,6657019.0,12.759747712488862,Ar I 365.953,0.4149099999999635,"FPS B-A (12,0); SPS C-B (3,5)",-189710.0
365.619,12897119.0,24.720371784720253,Ar I 365.953,0.3339099999999462,"FPS B-A (12,0); SPS C-B (3,5)",140621.0
365.682,13227826.0,25.354249784280423,Ar I 365.953,0.270909999999958,"FPS B-A (12,0); SPS C-B (3,5)",45578.0
366.129,8910988.0,17.080011150488783,Ar I 365.953,0.1760900000000447,"FPS B-A (12,0); SPS C-B (3,5)",-21980.0
366.439,13254910.0,25.406162661056808,Ar I 365.953,0.486090000000047,"SPS C-B (3,5)",636630.0
366.608,6384526.0,12.237450580180958,Ar I 367.067,0.45900999999997794,"SPS C-B (3,5)",121459.0
366.767,7207798.0,13.815445628528593,Ar I 367.067,0.3000099999999861,"SPS C-B (3,5)",-60124.0
366.797,5181536.0,9.931636386072908,Ar I 367.067,0.27000999999995656,"SPS C-B (3,5)",192667.0
366.846,8845697.0,16.954865542838256,Ar I 367.067,0.2210099999999784,"SPS C-B (3,5)",-196729.0
366.984,15722820.0,30.13649450735744,Ar I 367.067,0.08301000000000158,"SPS C-B (3,5)",-4980.0
367.034,12890040.0,24.70680321085007,Ar I 367.067,0.033009999999990214,"SPS C-B (3,5)",-53655.0
367.132,7662420.0,14.686835964735703,Ar I 367.067,0.06499000000002297,"SPS C-B (3,5)",0.0
367.171,4380790.0,8.39681773198996,Ar I 367.067,0.10399000000001024,"SPS C-B (3,5)",60403.0
367.368,5401680.0,10.353594307541684,Ar I 367.524,0.15552000000002408,,-144999.0
367.553,4931625.0,9.452622985243528,Ar I 367.524,0.02947999999997819,"SPS C-B (2,4)",77046.0
367.661,5500736.0,10.543458504926173,Ar I 367.524,0.13747999999998228,"SPS C-B (2,4)",82382.0
367.768,10204573.0,19.559472039012597,Ar I 367.524,0.24447999999995318,"SPS C-B (2,4)",78235.0
368.32,4225975.0,8.100078254138243,Ar I 367.524,0.7964799999999741,"SPS C-B (2,4)",-283663.0
368.378,4493477.0,8.6128089572632,Ar I 367.524,0.8544799999999668,"SPS C-B (2,4)",-128483.0
368.465,8552587.0,16.393051065215822,Ar I 367.524,0.9414799999999559,"SPS C-B (2,4)",50499.0
368.8,18546102.0,35.54798064570419,Ar I 367.524,1.2764799999999923,"SPS C-B (2,4)",-7626.0
368.982,4416222.0,8.464731520571442,Ar I 367.524,1.4584800000000087,"SPS C-B (2,4)",-298883.0
369.409,4873139.0,9.34052076580978,Ar I 367.524,1.8854799999999727,"SPS C-B (2,4)",-485100.0
369.475,6317032.0,12.108082403207643,Ar I 367.524,1.9514800000000037,"SPS C-B (2,4)",128544.0
369.673,6693218.0,12.829131637552676,Ar I 367.524,2.1494799999999827,"SPS C-B (2,4)",20730.0
369.87,6197881.0,11.879701396680433,Ar I 367.524,2.3464799999999855,"SPS C-B (2,4)",13688.0
370.086,22367720.0,21.761683792725435,Ar I 367.524,2.5624799999999937,"SPS C-B (2,4)",-294828.0
370.188,9563520.0,9.304403765131427,Ar I 367.524,2.664479999999969,"SPS C-B (2,4)",-330304.0
370.356,10860810.0,10.566544688187724,Ar I 367.524,2.8324799999999755,"SPS C-B (2,4)",64705.0
370.55,14155558.0,13.772024019684833,Ar I 367.524,3.0264799999999923,"SPS C-B (2,4)",130008.0
370.928,60943960.0,59.29273017529311,Ar I 367.524,3.404479999999978,"SPS C-B (2,4)",-304972.0
372.634,18378802.0,17.880842464636977,Ar I 377.037,4.402899999999988,"SPS C-B (1,3)",-163523.0
372.694,8810302.0,8.571593628783644,Ar I 377.037,4.342899999999986,"SPS C-B (1,3)",25587.0
373.253,12527676.0,12.18824823315543,Ar I 377.037,3.783900000000017,"SPS C-B (1,3)",549627.0
373.589,15851623.0,15.422135440156337,Ar I 377.037,3.447900000000004,"SPS C-B (1,3)",51940.0
373.668,13411123.0,13.04775891469257,Ar I 377.037,3.3688999999999965,"SPS C-B (1,3)",-265338.0
373.718,29877570.0,29.0680601704161,Ar I 377.037,3.318899999999985,"SPS C-B (1,3)",79515.0
373.855,9226624.0,8.97663570370031,Ar I 377.037,3.1818999999999846,"SPS C-B (1,3)",-2542.0
373.914,21604724.0,21.019360583783516,Ar I 377.037,3.1229000000000156,"SPS C-B (1,3)",-302258.0
374.237,35539110.0,34.57620508906971,Ar I 377.037,2.7998999999999796,"SPS C-B (1,3)",-277693.0
374.316,17949440.0,17.46311369851275,Ar I 377.037,2.7209000000000287,"SPS C-B (1,3)",120213.0
374.413,8394090.0,8.166658573501396,Ar I 377.037,2.623899999999992,"SPS C-B (1,3)",201222.0
374.452,9960770.0,9.690890581251272,Ar I 377.037,2.5849000000000046,"SPS C-B (1,3)",121568.0
374.84,11145560.0,10.84357960546935,Ar I 377.037,2.196900000000028,"SPS C-B (1,3)",-190686.0
374.888,10308240.0,10.028946148267416,Ar I 377.037,2.148900000000026,"SPS C-B (1,3)",-225744.0
374.907,10322620.0,10.042936533203358,Ar I 377.037,2.1299000000000206,"FPS B-A (11,0); SPS C-B (1,3)",192632.0
375.215,7435310.0,8.368601920911916,Ar I 377.037,1.8219000000000278,"FPS B-A (11,0); SPS C-B (1,3)",-84192.0
375.235,14028630.0,15.789525919667442,Ar I 377.037,1.8018999999999892,"FPS B-A (11,0); SPS C-B (1,3)",142800.0
375.331,10508470.0,11.827509845298344,Ar I 377.037,1.7058999999999855,"FPS B-A (11,0); SPS C-B (1,3)",234566.0
375.388,7779510.0,8.756006451614454,Ar I 377.037,1.648900000000026,"FPS B-A (11,0); SPS C-B (1,3)",124860.0
375.417,34546290.0,38.882595191643674,Ar I 377.037,1.6199000000000296,"FPS B-A (11,0); SPS C-B (1,3)",-60195.0
375.445,22574640.0,25.408244668735396,Ar I 377.037,1.5919000000000096,"FPS B-A (11,0); SPS C-B (1,3)",1342313.0
375.503,13139660.0,14.788970993291397,Ar I 377.037,1.533900000000017,"FPS B-A (11,0); SPS C-B (1,3)",177386.0
375.531,14204010.0,15.986919895828427,Ar I 377.037,1.505899999999997,"FPS B-A (11,0); SPS C-B (1,3)",-142023.0
375.731,9967355.0,11.218473231030178,Ar I 377.037,1.3059000000000083,"FPS B-A (11,0); SPS C-B (1,3)",-144270.0
376.176,11914801.0,13.410365746133412,Ar I 377.037,0.8609000000000151,"FPS B-A (11,0); FPS B-A (12,1)",-441325.0
376.308,8766274.0,9.866630636199456,Ar I 377.037,0.7289000000000101,"FPS B-A (11,0); FPS B-A (12,1)",2029.0
376.393,10474839.0,11.789657428761283,Ar I 377.037,0.6439000000000306,"FPS B-A (11,0); FPS B-A (12,1)",-80917.0
376.767,7563194.0,8.512538123713668,Ar I 377.037,0.2699000000000069,"FPS B-A (11,0); FPS B-A (12,1)",-224137.0
376.888,8693685.0,9.784930149624307,Ar I 377.037,0.148900000000026,"FPS B-A (11,0); FPS B-A (12,1)",67796.0
377.102,10439369.0,11.749735178023284,Ar I 377.037,0.06509999999997262,"FPS B-A (11,0); FPS B-A (12,1); SPS C-B (0,2)",-145629.0
377.526,16577394.0,18.658214825220963,Ar I 377.037,0.48910000000000764,"FPS B-A (11,0); FPS B-A (12,1); SPS C-B (0,2)",338966.0
377.645,8496144.0,9.562593489544383,Ar I 377.037,0.608099999999979,"FPS B-A (11,0); FPS B-A (12,1); SPS C-B (0,2)",-351863.0
377.673,12955094.0,14.58123797582003,Ar I 377.037,0.636099999999999,"FPS B-A (11,0); FPS B-A (12,1); SPS C-B (0,2)",41682.0
378.136,11687355.0,13.154370362954534,Ar I 377.037,1.0991000000000213,"FPS B-A (11,0); FPS B-A (12,1); SPS C-B (0,2)",1760581.0
378.228,9234850.0,10.394023039971891,Ar I 377.037,1.1911000000000058,"FPS B-A (11,0); FPS B-A (12,1); SPS C-B (0,2)",91364.0
378.341,7982751.0,8.984758584747848,Ar I 377.037,1.3041000000000054,"FPS B-A (11,0); FPS B-A (12,1); SPS C-B (0,2)",-63521.0
378.422,15779786.0,17.76048980219775,Ar I 377.037,1.3851000000000226,"FPS B-A (11,0); FPS B-A (12,1); SPS C-B (0,2)",305058.0
378.524,14916252.0,16.78856364294242,Ar I 377.037,1.487099999999998,"FPS B-A (11,0); FPS B-A (12,1); SPS C-B (0,2)",-59053.0
378.667,10789294.0,12.143583319819,Ar I 377.037,1.6300999999999704,"FPS B-A (11,0); FPS B-A (12,1); SPS C-B (0,2)",53059.0
379.153,11488833.0,12.930929566196461,Ar I 377.037,2.116100000000017,"FPS B-A (11,0); FPS B-A (12,1); SPS C-B (0,2)",-173258.0
379.224,7330243.0,8.250346744191045,Ar I 377.037,2.1870999999999867,"FPS B-A (11,0); FPS B-A (12,1); SPS C-B (0,2)",459398.0
379.264,18094112.0,20.3653136776268,Ar I 377.037,2.227100000000007,"FPS B-A (11,0); FPS B-A (12,1); SPS C-B (0,2)",698856.0
379.284,18746070.0,21.099106481310024,Ar I 377.037,2.247099999999989,"FPS B-A (11,0); FPS B-A (12,1); SPS C-B (0,2)",-139419.0
379.505,7997302.0,9.001136049379609,N I 381.827,2.3217900000000213,"FPS B-A (11,0); FPS B-A (12,1); SPS C-B (0,2)",-76047.0
379.565,14163330.0,15.94113367761524,N I 381.827,2.261790000000019,"FPS B-A (11,0); FPS B-A (12,1); SPS C-B (0,2)",118575.0
379.595,9090060.0,10.231058769197864,N I 381.827,2.2317899999999895,"FPS B-A (11,0); FPS B-A (12,1); SPS C-B (0,2)",19700.0
379.755,12218670.0,13.752376865657087,N I 381.827,2.0717900000000213,"FPS B-A (11,0); FPS B-A (12,1); SPS C-B (0,2); FNS B-X (3,3)",-292051.0
379.855,15942540.0,17.943672942784502,N I 381.827,1.9717899999999986,"FPS B-A (11,0); FPS B-A (12,1); SPS C-B (0,2); FNS B-X (3,3)",1802395.0
379.915,8186500.0,9.214082482848113,N I 381.827,1.9117899999999963,"FPS B-A (11,0); FPS B-A (12,1); SPS C-B (0,2); FNS B-X (3,3)",45975.0
380.035,5284170.0,11.771390097062506,N I 381.827,1.7917899999999918,"FPS B-A (11,0); FPS B-A (12,1); SPS C-B (0,2); FNS B-X (3,3)",141432.0
380.074,4957640.0,11.043988819587742,N I 381.827,1.7527900000000045,"FPS B-A (11,0); FPS B-A (12,1); SPS C-B (0,2); FNS B-X (3,3)",1476229.0
380.114,3663330.0,8.160692499346537,N I 381.827,1.712790000000041,"FPS B-A (11,0); FPS B-A (12,1); SPS C-B (0,2); FNS B-X (3,3)",186197.0
380.154,5770010.0,12.853681576094568,N I 381.827,1.6727900000000204,"FPS B-A (11,0); FPS B-A (12,1); SPS C-B (0,2); FNS B-X (3,3)",-190371.0
380.283,28015970.0,62.41035239547559,N I 381.827,1.5437900000000013,"FPS B-A (11,0); FPS B-A (12,1); SPS C-B (0,2); FNS B-X (3,3)",-7771.0
380.362,22530070.0,50.189574310464096,N I 381.827,1.4647899999999936,"FPS B-A (11,0); FPS B-A (12,1); SPS C-B (0,2); FNS B-X (3,3)",2986.0
380.382,5831760.0,12.991240234974507,N I 381.827,1.4447900000000118,"FPS B-A (11,0); FPS B-A (12,1); SPS C-B (0,2); FNS B-X (3,3)",4517.0
380.401,13132660.0,29.255240439291107,N I 381.827,1.4257900000000063,"FPS B-A (11,0); FPS B-A (12,1); SPS C-B (0,2); FNS B-X (3,3)",-146706.0
380.441,30418910.0,67.76331116096485,N I 381.827,1.3857900000000427,"FPS B-A (11,0); FPS B-A (12,1); SPS C-B (0,2); FNS B-X (3,3)",363144.0
380.5,17456380.0,38.88706431900563,N I 381.827,1.3267900000000168,"FPS B-A (11,0); FPS B-A (12,1); SPS C-B (0,2); FNS B-X (3,3)",-151215.0
380.727,6091723.0,13.5703521643414,N I 381.827,1.0997900000000413,"FPS B-A (11,0); FPS B-A (12,1); SPS C-B (0,2); FNS B-X (3,3)",153635.0
381.099,5871875.0,13.080603240658212,N I 381.827,0.7277900000000272,"FPS B-A (11,0); FPS B-A (12,1); FNS B-X (3,3)",13292.0
381.304,11512935.0,25.64702669428204,N I 381.827,0.5227900000000432,"FPS B-A (11,0); FPS B-A (12,1); FNS B-X (3,3)",26306.0
381.961,11685963.0,26.03247608098128,N I 381.827,0.13420999999999594,"FPS B-A (11,0); FPS B-A (12,1); FNS B-X (3,3); SPS C-B (4,7); FNS B-X (2,2)",-187103.0
382.019,8834060.0,19.679375644776,N I 382.203,0.1843900000000076,"FPS B-A (11,0); FPS B-A (12,1); FNS B-X (3,3); SPS C-B (4,7); FNS B-X (2,2)",-143495.0
382.44,10411917.0,23.194321277558586,N I 382.203,0.23660999999998467,"FPS B-A (11,0); FPS B-A (12,1); FNS B-X (3,3); SPS C-B (4,7); FNS B-X (2,2)",-362829.0
382.961,7126015.0,15.87441403333331,N I 383.043,0.08242999999998801,"FPS B-A (11,0); FPS B-A (12,1); FNS B-X (3,3); SPS C-B (4,7); FNS B-X (2,2)",237237.0
382.98,11471714.0,25.555199884926736,N I 383.043,0.06342999999998256,"FPS B-A (11,0); FPS B-A (12,1); FNS B-X (3,3); SPS C-B (4,7); FNS B-X (2,2)",-86373.0
383.018,7740890.0,17.244152986836188,N I 383.043,0.025430000000028485,"FPS B-A (11,0); FPS B-A (12,1); FNS B-X (3,3); SPS C-B (4,7); FNS B-X (2,2)",-333682.0
383.178,3745611.0,8.34398746309229,N I 383.043,0.13456999999999653,"FPS B-A (11,0); FPS B-A (12,1); FNS B-X (3,3); SPS C-B (4,7); FNS B-X (2,2)",381046.0
383.253,11757206.0,26.19118201676401,N I 383.422,0.1694400000000087,"FPS B-A (12,1); FNS B-X (3,3); SPS C-B (4,7); FNS B-X (2,2)",11457.0
383.271,10961785.0,24.41924604907267,N I 383.422,0.1514399999999796,"FPS B-A (12,1); FNS B-X (3,3); SPS C-B (4,7); FNS B-X (2,2)",-159039.0
383.309,16714006.0,37.23329959305687,N I 383.422,0.11343999999996868,"FPS B-A (12,1); FNS B-X (3,3); SPS C-B (4,7); FNS B-X (2,2)",249857.0
383.766,4858016.0,10.82205936481438,Ar I 383.468,0.29810000000003356,"FPS B-A (12,1); FNS B-X (3,3); SPS C-B (4,7); FNS B-X (2,2)",-191253.0
383.821,9900496.0,22.05504375718551,Ar I 383.468,0.3531000000000404,"FPS B-A (12,1); FNS B-X (3,3); SPS C-B (4,7); FNS B-X (2,2)",-133364.0
384.272,5066844.0,11.28725935860515,Ar I 383.468,0.8041000000000054,"FPS B-A (12,1); SPS C-B (4,7); FNS B-X (2,2)",2180977.0
384.408,7995239.0,17.8107587735156,Ar I 383.468,0.9401000000000295,"FPS B-A (12,1); SPS C-B (4,7); FNS B-X (2,2)",366075.0
384.439,6751939.0,15.041095930026877,Ar I 383.468,0.9711000000000354,"FPS B-A (12,1); SPS C-B (4,7); FNS B-X (2,2)",-174765.0
384.48,4719423.0,10.51331981485248,Ar I 383.468,1.0121000000000322,"SPS C-B (4,7); FNS B-X (2,2); FNS B-X (1,1)",53564.0
384.77,12083304.0,26.91762094054426,Ar I 383.468,1.3020999999999958,"SPS C-B (4,7); FNS B-X (2,2); FNS B-X (1,1)",45305.0
384.997,12421617.0,27.671270860570964,Ar I 383.468,1.529100000000028,"SPS C-B (4,7); FNS B-X (2,2); FNS B-X (1,1)",81490.0
385.018,12877517.0,10.540645830960148,Ar I 383.468,1.5500999999999863,"SPS C-B (4,7); FNS B-X (2,2); FNS B-X (1,1)",-162034.0
385.346,11586829.0,9.484177795525188,Ar I 383.468,1.8781000000000176,"SPS C-B (4,7); FNS B-X (2,2); FNS B-X (1,1)",-59990.0
385.449,11052164.0,9.04653796144768,Ar I 383.468,1.9811000000000263,"SPS C-B (4,7); FNS B-X (2,2); FNS B-X (1,1)",-16559.0
385.693,20041013.0,16.404188798715477,Ar I 383.468,2.2250999999999976,"FNS B-X (2,2); CN B-X (1,1); FNS B-X (1,1)",-85584.0
385.754,11963900.0,9.792822067874118,Ar I 383.468,2.286100000000033,"FNS B-X (2,2); CN B-X (1,1); FNS B-X (1,1); SPS C-B (3,6)",57360.0
385.775,14049200.0,11.499704594319333,Ar I 383.468,2.3070999999999913,"FNS B-X (2,2); CN B-X (1,1); FNS B-X (1,1); SPS C-B (3,6)",299547.0
386.523,16487698.0,13.495690604472117,N I 388.757,2.234169999999949,"CN B-X (1,1); CN B-X (0,0); FNS B-X (1,1); SPS C-B (3,6)",-342133.0
386.753,15433288.0,12.632623417636124,N I 388.757,2.004169999999988,"CN B-X (1,1); CN B-X (0,0); FNS B-X (1,1); SPS C-B (3,6)",169897.0
386.953,25045215.0,20.500282863167687,N I 388.757,1.8041699999999992,"CN B-X (1,1); CN B-X (0,0); FNS B-X (1,1); SPS C-B (3,6)",-19525.0
387.795,17692290.0,14.481686401861314,N I 388.757,0.9621699999999578,"CN B-X (0,0); FNS B-X (1,1); SPS C-B (3,6); FNS B-X (0,0)",259080.0
387.824,12846350.0,10.515134677791913,N I 388.757,0.9331699999999614,"CN B-X (0,0); FNS B-X (1,1); SPS C-B (3,6); FNS B-X (0,0)",3164535.0
387.942,9939370.0,8.135681665407265,N I 388.757,0.8151699999999664,"CN B-X (0,0); FNS B-X (1,1); SPS C-B (3,6); FNS B-X (0,0)",-192452.0
388.05,11106410.0,9.090939989707184,N I 388.757,0.7071699999999623,"CN B-X (0,0); FNS B-X (1,1); SPS C-B (3,6); FNS B-X (0,0)",2281473.0
388.079,14773680.0,12.092713874882815,N I 388.757,0.678169999999966,"CN B-X (0,0); FNS B-X (1,1); SPS C-B (3,6); FNS B-X (0,0)",-100393.0
388.42,28591440.0,23.40297767319175,N I 388.757,0.3371699999999578,"CN B-X (0,0); FNS B-X (1,1); SPS C-B (3,6); FNS B-X (0,0)",513871.0
388.604,10558975.0,8.642847515787587,N I 388.757,0.1531699999999887,"CN B-X (0,0); FNS B-X (1,1); SPS C-B (3,6); FNS B-X (0,0)",-179605.0
388.788,12102311.0,9.90611575097382,N I 388.757,0.030830000000037217,"SPS C-B (3,6); FNS B-X (0,0)",6493650.0
389.038,10960868.0,8.971809362620487,N I 389.221,0.1825099999999793,"SPS C-B (3,6); FNS B-X (0,0)",936277.0
389.278,12714490.0,10.407203190745893,N I 389.221,0.057490000000029795,"SPS C-B (3,6); FNS B-X (0,0)",318081.0
389.592,33233049.0,27.202278155947635,Ar I 389.466,0.1259900000000016,"FNS B-X (0,0)",305051.0
389.649,13047835.0,10.680056380108518,Ar I 389.466,0.18299000000001797,"FNS B-X (0,0)",-567473.0
389.838,21049360.0,17.22955199580628,N I 390.018,0.1804499999999507,"FNS B-X (0,0)",-264639.0
389.942,11131710.0,9.111648821970679,N I 390.018,0.07644999999996571,"FNS B-X (0,0)",-110947.0
390.093,12748245.0,17.400876364563725,N I 390.018,0.07455000000004475,"FNS B-X (0,0)",-234800.0
390.178,11417977.0,15.585110429744034,N I 390.018,0.15955000000002428,"FNS B-X (0,0)",115622.0
390.206,9130509.0,12.462802390018108,N I 390.018,0.1875500000000443,"FNS B-X (0,0)",-296890.0
390.377,8818419.0,12.03681124342368,N I 390.018,0.35855000000003656,"FNS B-X (0,0)",-255360.0
390.493,16912977.0,23.085579366705765,N I 390.018,0.474550000000022,"FNS B-X (0,0)",-196391.0
390.589,12526358.0,17.098008930347962,N I 390.018,0.5705500000000256,"FNS B-X (0,0)",252176.0
390.663,12405610.0,16.93319243840979,N I 390.018,0.6445500000000379,"FNS B-X (0,0); SPS C-B (2,5)",176830.0
390.821,8816480.0,12.034164581136368,N I 390.018,0.8025500000000534,"FNS B-X (0,0); SPS C-B (2,5)",-59737.0
390.895,18974450.0,25.89941270626633,N I 390.018,0.8765500000000088,"FNS B-X (0,0); SPS C-B (2,5)",124481.0
390.937,11739750.0,16.024318508225015,N I 390.018,0.9185500000000388,"FNS B-X (0,0); SPS C-B (2,5)",-46669.0
391.0,7351900.0,10.035067803029834,N I 390.018,0.981550000000027,"FNS B-X (0,0); SPS C-B (2,5)",56540.0
391.283,7516110.0,10.259208295138748,N I 390.018,1.2645500000000425,"FNS B-X (0,0); SPS C-B (2,5)",-411499.0
391.336,16963110.0,23.154009031713354,N I 390.018,1.3175500000000397,"FNS B-X (0,0); SPS C-B (2,5)",221599.0
391.367,23899300.0,32.62164827390891,N I 390.018,1.3485500000000457,"FNS B-X (0,0); SPS C-B (2,5)",56087.0
391.419,41851790.0,57.126123903775344,N I 390.018,1.4005500000000097,"FNS B-X (0,0); SPS C-B (2,5)",1249078.0
392.538,6186226.0,8.443966505919018,Ar I 394.750,2.2124999999999773,"SPS C-B (2,5)",-153253.0
392.794,6197027.0,8.45870946588046,Ar I 394.750,1.9565000000000055,"SPS C-B (2,5)",108690.0
393.008,12730165.0,17.3761978425655,Ar I 394.750,1.7425000000000068,"SPS C-B (2,5)",-77647.0
393.11,10437599.0,14.24693122401507,Ar I 394.750,1.6404999999999745,"SPS C-B (2,5)",159503.0
393.14,6504505.0,8.878405405425342,Ar I 394.750,1.6105000000000018,"SPS C-B (2,5)",-21296.0
393.161,8899859.0,12.147973789415701,Ar I 394.750,1.5894999999999868,"SPS C-B (2,5)",122369.0
393.333,9483683.0,12.944871655958512,Ar I 394.750,1.4174999999999613,"SPS C-B (2,5)",216121.0
393.384,9131610.0,12.4643052137305,Ar I 394.750,1.3664999999999736,"SPS C-B (2,5)",31021.0
393.485,10392307.0,14.185109342469506,Ar I 394.750,1.2654999999999745,"SPS C-B (2,5)",-117108.0
393.535,8529687.0,11.642702890901962,Ar I 394.750,1.2154999999999632,"SPS C-B (2,5)",95148.0
393.596,7777715.0,10.616289309925623,Ar I 394.750,1.1544999999999845,"SPS C-B (2,5)",121317.0
394.068,9373890.0,12.795008328206766,Ar I 394.750,0.6825000000000045,"SPS C-B (2,5)",-301536.0
394.128,5953000.0,8.125621761916864,Ar I 394.750,0.6225000000000023,"SPS C-B (2,5)",441892.0
394.158,15568900.0,21.250964664724926,Ar I 394.750,0.5924999999999727,"SPS C-B (2,5)",40351.0
394.178,26365990.0,35.98858762279228,Ar I 394.750,0.5724999999999909,"SPS C-B (2,5)",-187659.0
394.238,11766120.0,16.06031256934743,Ar I 394.750,0.5124999999999886,"SPS C-B (2,5)",80976.0
394.872,12037833.0,16.431190625083318,Ar I 394.898,0.025899999999978718,,74594.0
395.01,8094048.0,17.654835300094646,Ar I 394.898,0.11209999999999809,,44694.0
395.392,5808539.0,12.669655452892847,Ar I 394.898,0.4941000000000031,,157573.0
396.081,10588375.0,23.09549149209884,Ar I 394.898,1.1831000000000245,,-112225.0
396.206,15131583.0,33.00519167846694,Ar I 394.898,1.3081000000000245,,-163811.0
396.713,29571173.0,64.50099986380185,Ar I 394.898,1.8151000000000295,"SPS C-B (1,4)",81151.0
396.954,6170836.0,13.459902047022062,Ar I 394.898,2.056100000000015,"SPS C-B (1,4)",-100276.0
397.534,3753090.0,8.186285257566078,Ar I 394.898,2.636099999999999,"SPS C-B (1,4)",238457.0
397.63,7858992.0,17.142128312651643,Ar I 394.898,2.7321000000000026,"SPS C-B (1,4)",-112142.0
397.705,10768717.0,23.488855641618297,Ar I 394.898,2.8070999999999913,"SPS C-B (1,4)",-51955.0
397.971,5097748.0,11.119269535019669,Ar I 394.898,3.073100000000011,"SPS C-B (1,4)",-354121.0
398.172,5944994.0,12.967292747714229,N I 401.113,2.941479999999956,"SPS C-B (1,4)",-112440.0
398.214,6606588.0,14.410369574727216,N I 401.113,2.8994799999999827,"SPS C-B (1,4)",-94787.0
398.246,7217158.0,15.742152236403895,N I 401.113,2.8674800000000005,"SPS C-B (1,4)",0.0
398.267,5582835.0,12.177347160852504,N I 401.113,2.8464799999999855,"SPS C-B (1,4)",40422.0
398.499,7244407.0,15.801588084460674,N I 401.113,2.6144799999999577,"SPS C-B (1,4)",-29960.0
398.731,3889199.0,8.483167853006652,N I 401.113,2.382479999999987,"SPS C-B (1,4); FPS B-A (10,0)",-179962.0
398.814,5549697.0,12.1050661548374,N I 401.113,2.29947999999996,"SPS C-B (1,4); FPS B-A (10,0)",127717.0
398.856,7363496.0,16.061346450244145,N I 401.113,2.257479999999987,"SPS C-B (1,4); FPS B-A (10,0)",66565.0
398.93,21570170.0,47.049115441994225,N I 401.113,2.1834799999999746,"SPS C-B (1,4); FPS B-A (10,0)",215096.0
399.107,7380560.0,16.09856665323291,N I 401.113,2.0064799999999536,"SPS C-B (1,4); FPS B-A (10,0); FPS B-A (11,1)",-89611.0
399.17,6513654.0,14.207660810981437,N I 401.113,1.9434799999999655,"SPS C-B (1,4); FPS B-A (10,0); FPS B-A (11,1)",-110749.0
399.243,11009150.0,24.013291006432993,N I 401.113,1.8704799999999864,"SPS C-B (1,4); FPS B-A (10,0); FPS B-A (11,1)",13644.0
399.264,7214572.0,15.73651162195658,N I 401.113,1.8494799999999714,"SPS C-B (1,4); FPS B-A (10,0); FPS B-A (11,1)",-19846.0
399.347,6065620.0,13.230403636469672,N I 401.113,1.7664800000000014,"SPS C-B (1,4); FPS B-A (10,0); FPS B-A (11,1)",199854.0
399.482,5023030.0,10.956293730582571,N I 401.113,1.6314799999999536,"SPS C-B (1,4); FPS B-A (10,0); FPS B-A (11,1)",25554.0
399.72,7227770.0,15.76529925903146,N I 401.113,1.393479999999954,"SPS C-B (1,4); FPS B-A (10,0); FPS B-A (11,1); FPS B-A (12,2)",-83221.0
399.771,5794310.0,12.638618986160127,N I 401.113,1.3424799999999664,"SPS C-B (1,4); FPS B-A (10,0); FPS B-A (11,1); FPS B-A (12,2)",76429.0
399.802,5053670.0,11.023126068813689,N I 401.113,1.3114799999999605,"SPS C-B (1,4); FPS B-A (10,0); FPS B-A (11,1); FPS B-A (12,2)",154838.0
399.823,7315080.0,15.95574088602098,N I 401.113,1.2904800000000023,"SPS C-B (1,4); FPS B-A (10,0); FPS B-A (11,1); FPS B-A (12,2)",-178.0
400.265,4927176.0,16.145193401273573,N I 401.113,0.848479999999995,"FPS B-A (10,0); FPS B-A (11,1); FPS B-A (12,2)",216168.0
400.754,6452432.0,21.143097496124845,N I 401.113,0.3594799999999623,"FPS B-A (10,0); FPS B-A (11,1); FPS B-A (12,2)",-96055.0
400.835,8184802.0,26.819665309526336,N I 401.113,0.27848000000000184,"FPS B-A (10,0); FPS B-A (11,1); FPS B-A (12,2)",-230451.0
400.906,3858089.0,12.642047506386245,N I 401.113,0.20747999999997546,"FPS B-A (10,0); FPS B-A (11,1); FPS B-A (12,2)",217008.0
401.819,14055263.0,46.05578112914266,N I 402.456,0.6373499999999694,"FPS B-A (10,0); FPS B-A (11,1); FPS B-A (12,2)",-133358.0
402.107,7826445.0,25.645413959117867,N I 402.456,0.3493499999999585,"FPS B-A (10,0); FPS B-A (11,1); FPS B-A (12,2)",-406084.0
402.265,3588649.0,11.75915618891775,N I 402.456,0.1913499999999999,"FPS B-A (10,0); FPS B-A (11,1); FPS B-A (12,2)",284051.0
402.531,8531795.0,27.956679512771384,N I 402.456,0.07465000000001965,"SPS C-B (0,3); FPS B-A (10,0); FPS B-A (11,1); FPS B-A (12,2)",-84269.0
402.952,3433256.0,11.249969986069688,N I 402.456,0.4956500000000119,"SPS C-B (0,3); FPS B-A (10,0); FPS B-A (11,1); FPS B-A (12,2)",65924.0
403.05,6805153.0,22.298881004099925,N I 402.456,0.5936500000000251,"SPS C-B (0,3); FPS B-A (10,0); FPS B-A (11,1); FPS B-A (12,2)",-153892.0
403.205,7465018.0,24.461102942941036,N I 402.456,0.7486499999999978,"SPS C-B (0,3); FPS B-A (10,0); FPS B-A (11,1); FPS B-A (12,2)",-152105.0
403.234,6301785.0,20.649462815666578,N I 402.456,0.7776499999999942,"SPS C-B (0,3); FPS B-A (10,0); FPS B-A (11,1); FPS B-A (12,2)",-139528.0
403.292,8118084.0,26.601046162707515,N I 402.456,0.8356499999999869,"SPS C-B (0,3); FPS B-A (10,0); FPS B-A (11,1); FPS B-A (12,2)",129619.0
403.491,2742996.0,8.988150802593575,Ar I 404.442,0.9508000000000152,"SPS C-B (0,3); FPS B-A (10,0); FPS B-A (11,1); FPS B-A (12,2)",286917.0
403.623,2837653.0,9.298319461432706,Ar I 404.442,0.8188000000000102,"SPS C-B (0,3); FPS B-A (10,0); FPS B-A (11,1); FPS B-A (12,2)",-150197.0
404.115,4535763.0,14.862625336976155,Ar I 404.442,0.32679999999999154,"SPS C-B (0,3); FPS B-A (10,0); FPS B-A (11,1); FPS B-A (12,2)",75731.0
404.137,3722703.0,12.198419522765441,Ar I 404.442,0.3048000000000002,"SPS C-B (0,3); FPS B-A (10,0); FPS B-A (11,1); FPS B-A (12,2)",225607.0
404.224,4920803.0,16.124310583702957,Ar I 404.442,0.2178000000000111,"SPS C-B (0,3); FPS B-A (10,0); FPS B-A (11,1); FPS B-A (12,2)",3784166.0
404.365,4004536.0,13.12191977765001,Ar I 404.442,0.07679999999999154,"SPS C-B (0,3); FPS B-A (10,0); FPS B-A (11,1); FPS B-A (12,2)",28956.0
404.484,3038267.0,9.955684213372377,Ar I 404.442,0.04219999999997981,"SPS C-B (0,3); FPS B-A (10,0); FPS B-A (11,1); FPS B-A (12,2)",-277576.0
404.625,8221117.0,26.938660997597403,Ar I 404.597,0.028458999999998014,"SPS C-B (0,3); FPS B-A (10,0); FPS B-A (11,1); FPS B-A (12,2)",-189366.0
404.647,3637427.0,11.918990187891467,Ar I 404.597,0.05045899999998937,"SPS C-B (0,3); FPS B-A (10,0); FPS B-A (11,1); FPS B-A (12,2)",74546.0
404.776,9937451.0,32.562682621988635,Ar I 404.597,0.17945900000000847,"SPS C-B (0,3); FPS B-A (10,0); FPS B-A (11,1); FPS B-A (12,2)",-144994.0
404.83,12873486.0,42.18337668851036,Ar I 404.597,0.2334589999999821,"SPS C-B (0,3); FPS B-A (10,0); FPS B-A (11,1); FPS B-A (12,2)",-131177.0
404.863,9835286.0,32.227912018332276,Ar I 404.597,0.26645899999999756,"SPS C-B (0,3); FPS B-A (10,0); FPS B-A (11,1); FPS B-A (12,2)",18154.0
404.906,4932317.0,16.162039245480468,Ar I 404.597,0.3094590000000039,"SPS C-B (0,3); FPS B-A (10,0); FPS B-A (11,1); FPS B-A (12,2)",293552.0
405.035,6497633.0,15.444446696985842,Ar I 405.453,0.41757599999999684,"SPS C-B (0,3); FPS B-A (10,0); FPS B-A (11,1); FPS B-A (12,2)",64979.0
405.088,4345922.0,10.329971033799247,Ar I 405.453,0.36457599999999957,"SPS C-B (0,3); FPS B-A (10,0); FPS B-A (11,1); FPS B-A (12,2)",-148249.0
405.527,4764060.0,11.323857584945529,Ar I 405.453,0.07442399999996496,"SPS C-B (0,3); FPS B-A (10,0); FPS B-A (11,1); FPS B-A (12,2); SPS C-B (4,8)",-14465.0
405.549,7317060.0,17.392170833386132,Ar I 405.453,0.09642399999995632,"SPS C-B (0,3); FPS B-A (10,0); FPS B-A (11,1); FPS B-A (12,2); SPS C-B (4,8)",-11632.0
405.634,4654080.0,11.062442351469816,Ar I 405.453,0.1814239999999927,"SPS C-B (0,3); FPS B-A (10,0); FPS B-A (11,1); FPS B-A (12,2); SPS C-B (4,8)",-282440.0
405.676,6667930.0,15.849231476174909,Ar I 405.453,0.22342399999996587,"SPS C-B (0,3); FPS B-A (10,0); FPS B-A (11,1); FPS B-A (12,2); SPS C-B (4,8)",-133777.0
405.729,7764630.0,18.456015314625677,Ar I 405.453,0.27642399999996314,"SPS C-B (0,3); FPS B-A (10,0); FPS B-A (11,1); FPS B-A (12,2); SPS C-B (4,8)",737894.0
405.868,17105650.0,40.659006078412844,Ar I 405.453,0.41542399999997315,"SPS C-B (0,3); FPS B-A (10,0); FPS B-A (11,1); FPS B-A (12,2); SPS C-B (4,8)",34486.0
405.899,10843220.0,25.773621457797145,Ar I 405.453,0.44642399999997906,"SPS C-B (0,3); FPS B-A (10,0); FPS B-A (11,1); FPS B-A (12,2); SPS C-B (4,8)",-38211.0
405.952,3983690.0,9.468969371202641,Ar I 405.453,0.49942399999997633,"SPS C-B (0,3); FPS B-A (10,0); FPS B-A (11,1); FPS B-A (12,2); SPS C-B (4,8)",-127802.0
406.773,5521193.0,13.123512976536434,Ar I 405.453,1.3204240000000027,"FPS B-A (10,0); FPS B-A (11,1); FPS B-A (12,2); SPS C-B (4,8)",996310.0
406.846,5023083.0,11.93953823616011,Ar I 405.453,1.3934239999999818,"FPS B-A (10,0); FPS B-A (11,1); FPS B-A (12,2); SPS C-B (4,8)",-354491.0
407.117,4291007.0,10.19944168713332,Ar I 405.453,1.6644239999999968,"FPS B-A (11,1); FPS B-A (12,2); SPS C-B (4,8)",61691.0
407.82,5516176.0,13.111587897191573,N I 409.505,1.6850000000000023,"FPS B-A (12,2); SPS C-B (4,8)",176484.0
407.882,6097665.0,14.493749041932066,N I 409.505,1.6229999999999905,"FPS B-A (12,2); SPS C-B (4,8)",-41810.0
407.974,4571115.0,10.865239997902687,N I 409.505,1.531000000000006,"SPS C-B (4,8)",13965.0
408.025,4610194.0,10.958128213114522,N I 409.505,1.4800000000000182,"SPS C-B (4,8)",-248684.0
408.086,4885519.0,11.612557647163447,N I 409.505,1.4189999999999827,"SPS C-B (4,8)",-5766.0
408.107,4506844.0,10.712472053997272,N I 409.505,1.3979999999999677,"SPS C-B (4,8)",93766.0
408.28,15225464.0,36.18992749896414,N I 409.505,1.2250000000000227,"SPS C-B (4,8)",-255148.0
408.372,7192522.0,17.09615219048198,N I 409.505,1.1329999999999814,"SPS C-B (4,8)",96424.0
408.535,13765966.0,32.72079665310728,N I 409.505,0.9699999999999704,"SPS C-B (4,8)",-59559.0
408.646,4783886.0,11.370982684226211,N I 409.505,0.8589999999999804,"SPS C-B (4,8)",60554.0
408.838,4518804.0,10.74090018813411,N I 409.505,0.6669999999999732,"SPS C-B (4,8)",426954.0
408.888,6135582.0,14.583875259496157,N I 409.505,0.6170000000000186,"SPS C-B (4,8)",260304.0
409.16,4958124.0,11.78513496146154,N I 409.505,0.34499999999997044,,-76240.0
409.2,5077356.0,12.068541591010334,N I 409.505,0.3050000000000068,,-83153.0
409.24,8610159.0,20.465782189925612,N I 409.505,0.26499999999998636,,111225.0
409.26,6048349.0,14.376528150369161,N I 409.505,0.24500000000000455,,-53170.0
410.144,5796654.0,13.09627978268734,N I 409.994,0.14999999999997726,,457465.0
410.488,8415088.0,19.01206227660558,N I 410.790,0.3020000000000209,"SPS C-B (3,7)",139775.0
410.956,4531562.0,10.238079382449635,N I 410.995,0.03899999999998727,"SPS C-B (3,7)",12089.0
411.023,12605868.0,28.480218800643488,N I 410.995,0.02800000000002001,"SPS C-B (3,7)",102011.0
411.222,5553683.0,12.547339619089628,N I 411.397,0.1754099999999994,"SPS C-B (3,7)",157760.0
411.74,6318606.0,14.275516877938017,N I 411.397,0.3425900000000297,"SPS C-B (3,7)",-82910.0
411.915,4100006.0,9.263072401198482,N I 411.397,0.5175900000000411,"SPS C-B (3,7)",96889.0
412.243,6097254.0,13.775420145847848,N I 411.397,0.8455900000000156,"SPS C-B (3,7)",-23138.0
412.363,4248413.0,9.598365760731289,N I 411.397,0.9655900000000202,"SPS C-B (3,7)",-15626.0
412.558,4073837.0,9.203949233655077,N I 411.397,1.1605900000000133,"SPS C-B (3,7)",707669.0
412.634,6708673.0,15.15678848152062,N I 413.764,1.1299999999999955,"SPS C-B (3,7)",-29166.0
412.775,6952233.0,15.707059362596379,N I 413.764,0.9890000000000327,"SPS C-B (3,7); FNS B-X (3,4)",11172.0
412.937,8596342.0,19.421566293186732,N I 413.764,0.8269999999999982,"SPS C-B (3,7); FNS B-X (3,4)",188653.0
413.066,15439335.0,34.881821619616595,N I 413.764,0.6980000000000359,"SPS C-B (3,7); FNS B-X (3,4)",-167230.0
413.537,5327130.0,12.035492357961543,N I 413.764,0.2270000000000323,"SPS C-B (3,7); FNS B-X (3,4)",-32035.0
413.58,7589693.0,17.147261677633963,N I 413.764,0.18400000000002592,"SPS C-B (3,7); FNS B-X (3,4)",-117290.0
413.612,5086087.0,11.490908091303863,N I 413.764,0.1519999999999868,"SPS C-B (3,7); FNS B-X (3,4)",-136503.0
413.633,5337807.0,12.059614718764818,N I 413.764,0.13100000000002865,"SPS C-B (3,7); FNS B-X (3,4)",-114615.0
413.729,4805210.0,10.856327559755512,N I 413.764,0.03500000000002501,"SPS C-B (3,7); FNS B-X (3,4)",581686.0
413.857,4342570.0,9.811093036759578,N I 413.764,0.09300000000001774,"SPS C-B (3,7); FNS B-X (3,4)",83706.0
413.878,8721780.0,19.704966189640917,N I 413.764,0.1139999999999759,"SPS C-B (3,7); FNS B-X (3,4)",-14022.0
413.952,8146110.0,18.404364949252994,N I 413.764,0.18799999999998818,"SPS C-B (3,7); FNS B-X (3,4)",-165434.0
414.048,11544190.0,26.08158812040556,N I 413.764,0.2839999999999918,"SPS C-B (3,7); FNS B-X (3,4)",3145.0
414.533,5302272.0,11.979331109966054,N I 414.343,0.19004000000001042,"FNS B-X (3,4)",67767.0
414.962,5885450.0,13.296895044454473,N I 415.148,0.18605000000002292,"FNS B-X (3,4)",-86707.0
415.585,14587381.0,16.059094156252478,Ar I 415.859,0.2740000000000009,"FNS B-X (3,4); FPS B-A (9,0); FPS B-A (10,1)",-199146.0
415.636,13866645.0,15.26564348228977,Ar I 415.859,0.22299999999995634,"FNS B-X (3,4); FPS B-A (9,0); FPS B-A (10,1)",-166473.0
416.006,8726391.0,9.606791974054438,Ar I 415.859,0.14699999999999136,"FNS B-X (3,4); FNS B-X (2,3); FPS B-A (9,0); FPS B-A (10,1); FPS B-A (11,2)",36147.0
416.698,10738646.0,11.822062317057739,Ar I 416.418,0.2799999999999727,"FNS B-X (3,4); SPS C-B (2,6); FNS B-X (2,3); FPS B-A (9,0); FPS B-A (10,1); FPS B-A (11,2); FPS B-A (12,3)",1994926.0
417.211,11076139.0,12.193604807383872,Ar I 416.418,0.7930000000000064,"SPS C-B (2,6); FNS B-X (2,3); FPS B-A (9,0); FPS B-A (10,1); FPS B-A (11,2); FPS B-A (12,3)",-133989.0
417.261,12889828.0,14.190275931635675,Ar I 416.418,0.8430000000000177,"SPS C-B (2,6); FNS B-X (2,3); FPS B-A (9,0); FPS B-A (10,1); FPS B-A (11,2); FPS B-A (12,3)",629213.0
417.526,9221280.0,10.151610063600028,Ar I 418.188,0.662399999999991,"SPS C-B (2,6); FNS B-X (2,3); FPS B-A (9,0); FPS B-A (10,1); FPS B-A (11,2); FPS B-A (12,3)",-129473.0
417.594,8178959.0,9.004129849020096,Ar I 418.188,0.5944000000000074,"SPS C-B (2,6); FNS B-X (2,3); FPS B-A (9,0); FPS B-A (10,1); FPS B-A (11,2); FPS B-A (12,3)",-443310.0
417.72,13499010.0,14.860917981520723,Ar I 418.188,0.46839999999997417,"SPS C-B (2,6); FNS B-X (2,3); FPS B-A (9,0); FPS B-A (10,1); FPS B-A (11,2); FPS B-A (12,3)",-80136.0
417.844,17947204.0,19.757887922271387,Ar I 418.188,0.34440000000000737,"SPS C-B (2,6); FNS B-X (2,3); FPS B-A (9,0); FPS B-A (10,1); FPS B-A (11,2); FPS B-A (12,3)",-13907.0
418.297,9864430.0,10.859647127045054,Ar I 418.188,0.10860000000002401,"SPS C-B (2,6); FNS B-X (2,3); FPS B-A (9,0); FPS B-A (10,1); FPS B-A (11,2); FPS B-A (12,3)",-77312.0
418.342,13377810.0,14.727490177603228,Ar I 418.188,0.15359999999998308,"SPS C-B (2,6); FNS B-X (2,3); FPS B-A (9,0); FPS B-A (10,1); FPS B-A (11,2); FPS B-A (12,3)",8060.0
418.724,11911590.0,13.11334401704291,Ar I 419.071,0.34730000000001837,"SPS C-B (2,6); FNS B-X (2,3); FPS B-A (9,0); FPS B-A (10,1); FPS B-A (11,2); FPS B-A (12,3)",136117.0
418.802,11299780.0,12.439808829627376,Ar I 419.071,0.269299999999987,"SPS C-B (2,6); FNS B-X (2,3); FPS B-A (9,0); FPS B-A (10,1); FPS B-A (11,2); FPS B-A (12,3)",100695.0
418.914,8028690.0,8.838700289062354,Ar I 419.071,0.15730000000002065,"SPS C-B (2,6); FNS B-X (2,3); FPS B-A (9,0); FPS B-A (10,1); FPS B-A (11,2); FPS B-A (12,3)",-107407.0
418.981,8942380.0,9.84457199006381,Ar I 419.071,0.09030000000001337,"SPS C-B (2,6); FNS B-X (2,3); FPS B-A (9,0); FPS B-A (10,1); FPS B-A (11,2); FPS B-A (12,3)",-49575.0
419.891,12669310.0,13.947509987210937,Ar I 419.832,0.05930000000000746,"SPS C-B (2,6); FNS B-X (2,3); FPS B-A (9,0); FPS B-A (10,1); FNS B-X (1,2); FPS B-A (11,2); FPS B-A (12,3)",-144283.0
420.429,8533477.0,21.716784383712678,Ar I 420.067,0.36159999999995307,"FPS B-A (9,0); FPS B-A (10,1); FNS B-X (1,2); FPS B-A (11,2); FPS B-A (12,3)",182202.0
420.516,4573850.0,11.639958044469356,Ar I 420.067,0.448599999999999,"FPS B-A (9,0); FPS B-A (10,1); FNS B-X (1,2); FPS B-A (11,2); FPS B-A (12,3)",-52532.0
420.701,4222109.0,10.744814897553805,Ar I 420.067,0.6336000000000013,"FPS B-A (9,0); FPS B-A (10,1); FNS B-X (1,2); FPS B-A (11,2); FPS B-A (12,3)",1110837.0
421.178,11523363.0,29.325723810616996,Ar I 420.067,1.1105999999999767,"FPS B-A (9,0); FPS B-A (10,1); FNS B-X (1,2); FPS B-A (11,2); FPS B-A (12,3)",-37580.0
421.286,5484249.0,13.95682592682817,Ar I 420.067,1.2185999999999808,"FPS B-A (9,0); FPS B-A (10,1); FNS B-X (1,2); FPS B-A (11,2); FPS B-A (12,3)",-29103.0
421.555,5196387.0,13.224247988636703,Ar I 420.067,1.4875999999999863,"FPS B-A (9,0); FPS B-A (10,1); FNS B-X (1,2); FPS B-A (11,2); FPS B-A (12,3)",81131.0
421.598,6934791.0,17.64829985398815,Ar I 420.067,1.5305999999999926,"FPS B-A (9,0); FPS B-A (10,1); FNS B-X (1,2); FPS B-A (11,2); FPS B-A (12,3)",86013.0
421.673,5108401.0,13.000333048596982,Ar I 420.067,1.6055999999999813,"FPS B-A (9,0); FPS B-A (10,1); FNS B-X (1,2); FPS B-A (11,2); FPS B-A (12,3)",-235963.0
421.844,3986132.0,10.144278723551652,Ar I 420.067,1.7765999999999735,"FPS B-A (9,0); FPS B-A (10,1); FNS B-X (1,2); FPS B-A (11,2); FPS B-A (12,3)",69201.0
421.94,3813945.0,9.706081262812223,Ar I 420.067,1.8725999999999772,"FPS B-A (9,0); FPS B-A (10,1); FNS B-X (1,2); FPS B-A (11,2); FPS B-A (12,3)",8604.0
421.983,8441215.0,21.481987481956207,Ar I 420.067,1.9155999999999835,"FPS B-A (9,0); FPS B-A (10,1); FNS B-X (1,2); FPS B-A (11,2); FPS B-A (12,3)",-51150.0
422.1,4342046.0,11.050041708223048,Ar I 420.067,2.032600000000002,"FPS B-A (9,0); FPS B-A (10,1); FNS B-X (1,2); FPS B-A (11,2); FPS B-A (12,3)",61415.0
422.228,5464526.0,13.906633005654308,Ar I 420.067,2.160599999999988,"FPS B-A (9,0); FPS B-A (10,1); FNS B-X (1,2); FPS B-A (11,2); FPS B-A (12,3)",-87849.0
422.461,3751016.0,9.545933702271231,Ar I 420.067,2.393599999999992,"FPS B-A (9,0); FPS B-A (10,1); FNS B-X (1,2); FPS B-A (11,2); FPS B-A (12,3)",-85716.0
422.724,4815264.0,12.254330800757282,N I 424.987,2.2630000000000337,"FPS B-A (9,0); FPS B-A (10,1); FNS B-X (1,2); FPS B-A (11,2); FPS B-A (12,3)",-5281.0
422.766,5312014.0,13.518506311233173,N I 424.987,2.2210000000000036,"FPS B-A (9,0); FPS B-A (10,1); FNS B-X (1,2); FPS B-A (11,2); FPS B-A (12,3)",104299.0
422.808,3632754.0,9.244969587082705,N I 424.987,2.1790000000000305,"FPS B-A (9,0); FPS B-A (10,1); FNS B-X (1,2); FPS B-A (11,2); FPS B-A (12,3)",-104705.0
422.892,5399251.0,13.740515126547486,N I 424.987,2.0950000000000273,"FPS B-A (9,0); FPS B-A (10,1); FNS B-X (1,2); FPS B-A (11,2); FPS B-A (12,3)",34243.0
423.081,6594721.0,16.782858151225117,N I 424.987,1.906000000000006,"FPS B-A (9,0); FPS B-A (10,1); FNS B-X (1,2); FPS B-A (11,2); FPS B-A (12,3)",411961.0
423.102,13244981.0,33.70705710501958,N I 424.987,1.8850000000000477,"FPS B-A (9,0); FPS B-A (10,1); FNS B-X (1,2); FPS B-A (11,2); FPS B-A (12,3)",310536.0
423.196,3629673.0,9.237128772291008,N I 424.987,1.7909999999999968,"FPS B-A (9,0); FPS B-A (10,1); FNS B-X (1,2); FPS B-A (11,2); FPS B-A (12,3)",83559.0
423.321,5493677.0,13.980819176375762,N I 424.987,1.6659999999999968,"FPS B-A (9,0); FPS B-A (10,1); FNS B-X (1,2); FPS B-A (11,2); FPS B-A (12,3); SPS C-B (1,5)",-103140.0
423.436,4315490.0,10.982459534380679,N I 424.987,1.5510000000000446,"FPS B-A (9,0); FPS B-A (10,1); FNS B-X (1,2); FPS B-A (11,2); FPS B-A (12,3); SPS C-B (1,5)",-169731.0
423.519,3637260.0,9.256436874149045,N I 424.987,1.4680000000000177,"FPS B-A (9,0); FPS B-A (10,1); FNS B-X (1,2); FPS B-A (11,2); FPS B-A (12,3); SPS C-B (1,5)",-205194.0
423.56,7458480.0,18.981032232258123,N I 424.987,1.427000000000021,"FPS B-A (10,1); FNS B-X (1,2); FPS B-A (11,2); FPS B-A (12,3); SPS C-B (1,5)",-152601.0
423.591,7581980.0,19.295326496060383,N I 424.987,1.396000000000015,"FPS B-A (10,1); FNS B-X (1,2); FPS B-A (11,2); FPS B-A (12,3); SPS C-B (1,5)",189054.0
423.633,10443870.0,26.57852982102434,N I 424.987,1.3540000000000418,"FPS B-A (10,1); FNS B-X (1,2); FPS B-A (11,2); FPS B-A (12,3); SPS C-B (1,5)",130759.0
424.128,4007064.0,10.197548420150106,N I 424.987,0.8590000000000373,"FPS B-A (12,3); SPS C-B (1,5); FNS B-X (0,1)",31476.0
424.486,4377385.0,11.139975675741333,N I 424.987,0.5010000000000332,"FPS B-A (12,3); SPS C-B (1,5); FNS B-X (0,1)",-465836.0
424.527,21968295.0,55.90695630782076,N I 424.987,0.4600000000000364,"FPS B-A (12,3); SPS C-B (1,5); FNS B-X (0,1)",-85558.0
424.838,4651646.0,11.837940526629362,N I 424.987,0.1490000000000009,"SPS C-B (1,5); FNS B-X (0,1)",-208265.0
425.255,5304970.0,10.914161400358564,Ar I 425.118,0.13650000000001228,"SPS C-B (1,5); FNS B-X (0,1)",-58679.0
425.428,4393150.0,9.03823172534156,Ar I 425.118,0.3095000000000141,"SPS C-B (1,5); FNS B-X (0,1)",0.0
425.544,12885577.0,26.510096591450676,Ar I 425.936,0.39220000000000255,"SPS C-B (1,5); FNS B-X (0,1)",-523187.0
425.647,9317988.0,19.17032989038662,Ar I 425.936,0.2891999999999939,"SPS C-B (1,5); FNS B-X (0,1)",321527.0
425.682,5475088.0,11.2641530702655,Ar I 425.936,0.2541999999999689,"SPS C-B (1,5); FNS B-X (0,1)",229512.0
425.728,4826097.0,9.928953715437837,Ar I 425.936,0.20819999999997663,"SPS C-B (1,5); FNS B-X (0,1)",-164024.0
426.071,12547197.0,25.8139316867192,Ar I 425.936,0.1348000000000411,"SPS C-B (1,5); FNS B-X (0,1)",239446.0
426.094,9745165.0,20.049180991245052,Ar I 425.936,0.15780000000000882,"SPS C-B (1,5); FNS B-X (0,1)",-205735.0
426.151,5467700.0,11.248953394409492,Ar I 425.936,0.2148000000000252,"SPS C-B (1,5); FNS B-X (0,1)",-155932.0
426.299,8808025.0,18.121159303142758,N I 426.400,0.10099999999999909,"SPS C-B (1,5); FNS B-X (0,1)",185398.0
426.334,3915983.0,8.056533873529979,N I 426.400,0.06599999999997408,"SPS C-B (1,5); FNS B-X (0,1)",-52672.0
426.504,7174868.0,14.761189484251155,N I 426.400,0.10400000000004184,"SPS C-B (1,5); FNS B-X (0,1)",30364.0
426.72,4706170.0,9.68222232312821,Ar I 426.629,0.09140000000002146,"SPS C-B (1,5); FNS B-X (0,1)",-154040.0
426.776,6391130.0,13.148768862156361,Ar I 426.629,0.14740000000000464,"SPS C-B (1,5); FNS B-X (0,1)",4714851.0
426.878,8756650.0,18.01546312730323,Ar I 426.629,0.24939999999998008,"SPS C-B (1,5); FNS B-X (0,1)",-68486.0
426.923,8204720.0,16.87995187998234,Ar I 427.217,0.2939000000000078,"SPS C-B (1,5); FNS B-X (0,1)",123361.0
426.957,8025420.0,16.511069654619277,Ar I 427.217,0.259900000000016,"SPS C-B (1,5); FNS B-X (0,1)",-121210.0
427.16,4290197.0,8.826421732325368,Ar I 427.217,0.05689999999998463,"FNS B-X (0,1)",72041.0
427.284,7378977.0,15.181112418643957,N I 427.328,0.04399999999998272,"FNS B-X (0,1)",2730143.0
427.441,5325748.0,10.956908945693721,N I 427.328,0.11299999999999955,"FNS B-X (0,1)",-598728.0
427.463,10212448.0,21.01054403036568,N I 427.328,0.13500000000004775,"FNS B-X (0,1)",-208833.0
427.743,8124858.0,16.715648074728882,N I 427.813,0.06999999999999318,"FNS B-X (0,1)",145278.0
428.64,6642758.0,13.666454844329571,N I 429.216,0.5760000000000218,,26199.0
428.673,3996479.0,8.222142036457056,N I 429.216,0.5430000000000064,,36824.0
429.503,5008518.0,10.304256919191074,N I 429.321,0.18199999999995953,,-64721.0
429.763,7188542.0,14.789321640132998,Ar I 430.010,0.24710000000004584,,-36194.0
429.968,9121840.0,18.766785491387655,Ar I 430.010,0.04210000000000491,,1038138.0
430.419,2816246.0,9.236520005217114,Ar I 430.010,0.4088999999999601,,341284.0
430.568,4673298.0,15.327144882705962,Ar I 430.010,0.557899999999961,,-199620.0
430.675,7634473.0,25.038992543190446,Ar I 430.010,0.6648999999999887,,-111670.0
430.76,4181660.0,13.714706117653146,Ar I 430.010,0.7498999999999683,,-77615.0
431.708,2716776.0,8.910285491286533,Ar I 433.356,1.6480999999999995,"SPS C-B (0,4)",-239559.0
432.156,3376267.0,11.073236389312004,Ar I 433.356,1.2001000000000204,"SPS C-B (0,4)",-425574.0
432.653,2460368.0,8.069337072186174,Ar I 433.356,0.7031000000000063,"SPS C-B (0,4)",131203.0
433.311,12174292.0,39.92836265274933,Ar I 433.356,0.04510000000004766,"SPS C-B (0,4)",669996.0
433.662,6226131.0,20.420014280216446,Ar I 433.534,0.12819999999999254,"SPS C-B (0,4)",-273246.0
433.755,10170131.0,33.355260313615624,Ar I 433.534,0.22120000000001028,"SPS C-B (0,4)",-129060.0
434.289,2534305.0,8.311830298852358,Ar I 434.517,0.227800000000002,"SPS C-B (0,4)",-281900.0
434.382,3969274.0,13.018137871190286,Ar I 434.517,0.13479999999998427,"SPS C-B (0,4)",55090.0
434.566,7805219.0,25.598992928387904,Ar I 434.517,0.04919999999998481,"SPS C-B (0,4)",-297969.0
434.612,8176051.0,26.815220909386255,Ar I 434.517,0.09520000000003392,"SPS C-B (0,4)",-2256.0
435.333,3737142.0,18.289166146810633,N I 435.629,0.29599999999999227,,-138520.0
435.47,3024075.0,14.799493868687987,N I 435.629,0.15899999999999181,,-34986.0
435.504,2942643.0,14.400974524850616,N I 435.629,0.125,,-5390.0
435.912,6718533.0,32.87976916580373,N I 435.629,0.2829999999999586,,162245.0
436.013,1741913.0,8.524732608578788,Ar I 436.379,0.36648999999999887,,70707.0
436.16,4977201.0,24.357879907981026,Ar I 436.379,0.21948999999995067,,-56103.0
436.485,8933881.0,43.72144112930007,Ar I 436.379,0.10551000000003796,,-33106.0
437.054,8100907.0,39.64495704548055,Ar I 436.379,0.674509999999998,,222106.0
437.782,8041694.0,39.35517506902606,N I 438.554,0.7719999999999914,"SPS C-B (3,8)",52657.0
438.022,7967258.0,38.99089338764922,N I 438.554,0.5319999999999823,"SPS C-B (3,8)",-60165.0
438.911,7321924.0,35.83269903854879,N I 439.241,0.3299999999999841,"SPS C-B (3,8)",-42109.0
438.976,1872523.0,9.16392373121607,N I 439.241,0.26499999999998636,"SPS C-B (3,8)",5765.0
439.425,8119842.0,39.737622874338506,N I 439.241,0.18400000000002592,"SPS C-B (3,8)",-449628.0
439.521,9798654.0,47.953546057685415,N I 439.241,0.28000000000002956,"SPS C-B (3,8)",-407105.0
439.702,5603854.0,27.424651476574706,N I 439.241,0.46100000000001273,"SPS C-B (3,8)",215967.0
440.356,23594620.0,112.65363113629175,N I 439.241,1.115000000000009,"SPS C-B (3,8)",137341.0
440.479,4659343.0,22.246253919726744,N I 439.241,1.2379999999999995,"SPS C-B (3,8)",94868.0
440.503,8728223.0,41.6733142689858,N I 439.241,1.2620000000000005,"SPS C-B (3,8)",170694.0
440.888,5513938.0,26.326558239140205,Ar I 442.399,1.51144000000005,"SPS C-B (3,8)",-37613.0
441.068,6351427.0,30.32518915104732,Ar I 442.399,1.3314400000000433,"SPS C-B (3,8); FPS B-A (11,3)",-188414.0
441.128,6156484.0,29.394424560873706,Ar I 442.399,1.271440000000041,"SPS C-B (3,8); FPS B-A (11,3); FPS B-A (12,4)",-8619.0
441.152,1976049.0,9.434739578481796,Ar I 442.399,1.24744000000004,"SPS C-B (3,8); FPS B-A (11,3); FPS B-A (12,4); FPS B-A (10,2)",-236607.0
441.331,9467642.0,45.203705319198335,Ar I 442.399,1.0684400000000096,"FPS B-A (11,3); FPS B-A (12,4); FPS B-A (10,2)",-72091.0
441.45,2371369.0,11.322213649299586,Ar I 442.399,0.9494400000000383,"FPS B-A (11,3); FPS B-A (12,4); FPS B-A (10,2); FPS B-A (9,1)",-179756.0
441.498,2725191.0,13.011553552883752,Ar I 442.399,0.9014400000000364,"FPS B-A (11,3); FPS B-A (12,4); FPS B-A (10,2); FPS B-A (9,1)",-92225.0
441.534,5384110.0,25.706688301706905,Ar I 442.399,0.8654400000000351,"FPS B-A (11,3); FPS B-A (12,4); FPS B-A (10,2); FPS B-A (9,1)",307389.0
441.902,2369480.0,11.313194529296108,Ar I 442.399,0.4974400000000401,"FPS B-A (11,3); FPS B-A (12,4); FPS B-A (10,2); FPS B-A (9,1)",-73582.0
442.374,5002186.0,23.88317406761044,Ar I 442.399,0.025440000000003238,"FPS B-A (11,3); FPS B-A (12,4); FPS B-A (10,2); FPS B-A (9,1); FPS B-A (8,0)",-37611.0
442.597,2041815.0,9.748742461567405,Ar I 442.399,0.1975599999999531,"FPS B-A (11,3); FPS B-A (12,4); FPS B-A (10,2); FPS B-A (9,1); FPS B-A (8,0)",27154.0
442.797,3213834.0,15.344602708976582,Ar I 442.399,0.3975599999999986,"FPS B-A (11,3); FPS B-A (12,4); FPS B-A (10,2); FPS B-A (9,1); FPS B-A (8,0)",10570.0
443.042,6289722.0,30.030575704877602,N I 443.511,0.46900000000005093,"FPS B-A (11,3); FPS B-A (12,4); FPS B-A (10,2); FPS B-A (9,1); FPS B-A (8,0)",-6910.0
443.634,6464014.0,30.862741117077782,N I 443.543,0.09100000000000819,"FPS B-A (11,3); FPS B-A (12,4); FPS B-A (10,2); FPS B-A (9,1); FPS B-A (8,0)",195362.0
443.773,2093696.0,9.99645075426218,N I 443.543,0.2300000000000182,"FPS B-A (11,3); FPS B-A (12,4); FPS B-A (10,2); FPS B-A (9,1); FPS B-A (8,0)",-177027.0
443.865,2306094.0,11.010555068978249,N I 443.543,0.32200000000000273,"FPS B-A (11,3); FPS B-A (12,4); FPS B-A (10,2); FPS B-A (9,1); FPS B-A (8,0)",-146054.0
443.888,1926550.0,9.198404257649534,N I 444.214,0.32600000000002183,"FPS B-A (11,3); FPS B-A (12,4); FPS B-A (10,2); FPS B-A (9,1); FPS B-A (8,0)",5949.0
443.992,6293140.0,30.04689510782725,N I 444.214,0.22199999999998,"FPS B-A (11,3); FPS B-A (12,4); FPS B-A (10,2); FPS B-A (9,1); FPS B-A (8,0)",11734.0
444.301,2874751.0,13.725634859246973,N I 444.245,0.055999999999983174,"FPS B-A (11,3); FPS B-A (12,4); FPS B-A (10,2); FPS B-A (9,1); FPS B-A (8,0)",1551046.0
444.939,2705447.0,12.917284889385254,N I 444.245,0.6940000000000168,"FPS B-A (11,3); FPS B-A (12,4); FPS B-A (10,2); FPS B-A (9,1); FPS B-A (8,0)",19148.0
445.616,3033890.0,9.915594283553954,N I 446.590,0.9739999999999895,"SPS C-B (2,7); FPS B-A (11,3); FPS B-A (12,4); FPS B-A (10,2); FPS B-A (9,1); FPS B-A (8,0)",20666.0
445.649,3190530.0,10.427537263878188,N I 446.590,0.9409999999999741,"SPS C-B (2,7); FPS B-A (11,3); FPS B-A (12,4); FPS B-A (10,2); FPS B-A (9,1); FPS B-A (8,0)",-34443.0
445.817,5649686.0,18.46474137344294,N I 446.590,0.7729999999999677,"SPS C-B (2,7); FPS B-A (11,3); FPS B-A (12,4); FPS B-A (10,2); FPS B-A (9,1); FPS B-A (8,0)",57047.0
446.208,3428659.0,11.205808905614843,N I 446.590,0.38199999999994816,"SPS C-B (2,7); FPS B-A (11,3); FPS B-A (12,4); FPS B-A (10,2); FPS B-A (9,1); FPS B-A (8,0)",-116505.0
446.882,3281061.0,10.723417690025617,N I 446.590,0.29200000000003,"SPS C-B (2,7); FPS B-A (11,3); FPS B-A (12,4); FPS B-A (10,2); FPS B-A (9,1); FPS B-A (8,0)",-244183.0
447.079,4903878.0,16.027233902364948,N I 447.417,0.33799999999996544,"SPS C-B (2,7); FPS B-A (11,3); FPS B-A (12,4); FPS B-A (10,2); FPS B-A (9,1); FPS B-A (8,0)",337373.0
447.188,4898918.0,16.011023246195336,N I 447.417,0.228999999999985,"SPS C-B (2,7); FPS B-A (11,3); FPS B-A (12,4); FPS B-A (10,2); FPS B-A (9,1); FPS B-A (8,0)",-172752.0
447.221,4215504.0,13.777436678554208,N I 447.417,0.19599999999996953,"SPS C-B (2,7); FPS B-A (11,3); FPS B-A (12,4); FPS B-A (10,2); FPS B-A (9,1); FPS B-A (8,0)",327824.0
447.309,4364892.0,14.26567811078529,N I 447.417,0.10799999999994725,"SPS C-B (2,7); FPS B-A (11,3); FPS B-A (12,4); FPS B-A (10,2); FPS B-A (9,1); FPS B-A (8,0)",0.0
447.385,15036552.0,49.14362388074775,N I 447.417,0.031999999999982265,"SPS C-B (2,7); FPS B-A (11,3); FPS B-A (12,4); FPS B-A (10,2); FPS B-A (9,1); FPS B-A (8,0)",141764.0
447.483,7936762.0,25.93954029880063,N I 447.417,0.06600000000003092,"SPS C-B (2,7); FPS B-A (11,3); FPS B-A (12,4); FPS B-A (10,2); FPS B-A (9,1); FPS B-A (8,0)",158168.0
447.787,4397516.0,14.372302394429939,N I 447.417,0.37000000000000455,"SPS C-B (2,7); FPS B-A (11,3); FPS B-A (12,4); FPS B-A (10,2); FPS B-A (9,1); FPS B-A (8,0)",160372.0
447.949,3433497.0,11.221620831935123,N I 447.417,0.5320000000000391,"SPS C-B (2,7); FPS B-A (11,3); FPS B-A (12,4); FPS B-A (10,2); FPS B-A (9,1); FPS B-A (8,0)",-352728.0
448.024,5316848.0,17.37693444235792,N I 447.417,0.6070000000000277,"SPS C-B (2,7); FPS B-A (11,3); FPS B-A (12,4); FPS B-A (10,2); FPS B-A (9,1); FPS B-A (8,0)",-12918.0
448.314,10339522.0,33.79242663309492,N I 447.417,0.8970000000000482,"SPS C-B (2,7); FPS B-A (11,3); FPS B-A (12,4); FPS B-A (10,2); FPS B-A (9,1); FPS B-A (8,0)",-169900.0
448.389,4543906.0,14.850745530855276,N I 447.417,0.9720000000000368,"SPS C-B (2,7); FPS B-A (11,3); FPS B-A (12,4); FPS B-A (10,2); FPS B-A (9,1); FPS B-A (8,0)",299322.0
448.432,5803299.0,18.966791277915277,N I 447.417,1.0150000000000432,"SPS C-B (2,7); FPS B-A (11,3); FPS B-A (12,4); FPS B-A (10,2); FPS B-A (9,1); FPS B-A (8,0)",-81461.0
448.593,3409766.0,11.144061339684903,N I 447.417,1.1760000000000446,"SPS C-B (2,7); FPS B-A (11,3); FPS B-A (12,4); FPS B-A (10,2); FPS B-A (9,1); FPS B-A (8,0)",126553.0
448.908,13238066.0,43.265672636420554,N I 447.417,1.4910000000000423,"FPS B-A (11,3); FPS B-A (12,4); FPS B-A (10,2); FPS B-A (9,1); FPS B-A (8,0)",116652.0
449.007,4370110.0,14.28273198253792,N I 447.417,1.5900000000000318,"FPS B-A (11,3); FPS B-A (12,4); FPS B-A (10,2); FPS B-A (9,1); FPS B-A (8,0)",238083.0
449.178,2912600.0,9.519184911212749,N I 447.417,1.761000000000024,"FPS B-A (11,3); FPS B-A (12,4); FPS B-A (10,2); FPS B-A (9,1); FPS B-A (8,0)",-127723.0
449.264,8051542.0,26.31467318491922,Ar I 451.073,1.8093000000000075,"FPS B-A (11,3); FPS B-A (12,4); FPS B-A (10,2); FPS B-A (9,1); FPS B-A (8,0)",-103606.0
449.727,2837095.0,9.272413622082377,Ar I 451.073,1.346300000000042,"FPS B-A (9,1); FPS B-A (8,0)",351492.0
450.005,4784185.0,18.121919036121735,Ar I 451.073,1.068300000000022,"FPS B-A (8,0)",-204362.0
450.066,2567140.0,9.724018455471423,Ar I 451.073,1.0073000000000434,"FPS B-A (8,0)",-137245.0
450.211,9255666.0,35.05935282130284,Ar I 451.073,0.8623000000000047,"FPS B-A (8,0)",242376.0
450.56,7113804.0,26.946236428323516,Ar I 451.073,0.5133000000000152,,559306.0
450.692,4491960.0,17.01500578123492,Ar I 451.073,0.3813000000000102,,110110.0
450.992,5894455.0,22.32748864687777,Ar I 451.073,0.08129999999999882,,-44310.0
451.575,3233830.0,12.249360222604592,Ar I 451.073,0.5016999999999712,,206244.0
451.598,3311426.0,12.54328456489631,Ar I 451.073,0.5246999999999957,,-151376.0
451.658,4695539.0,17.786138619002404,Ar I 452.232,0.5742999999999938,,53403.0
452.035,5670731.0,21.480048965001487,Ar I 452.232,0.19729999999998427,,-114130.0
452.271,5255572.0,19.90747646098727,Ar I 452.232,0.03870000000000573,,94784.0
452.575,3403170.0,12.890799834487671,Ar I 452.232,0.34269999999997935,,-11944.0
453.075,3267663.0,12.377515569178586,Ar I 452.232,0.8426999999999794,,-65876.0
453.318,4316191.0,16.349213888350327,Ar I 452.232,1.0856999999999744,,-18927.0
453.48,8399510.0,31.816336567899206,Ar I 454.475,0.9945999999999913,,-149542.0
453.813,5080896.0,19.245824721024537,Ar I 454.475,0.6616000000000213,"SPS C-B (1,6)",0.0
454.122,2810176.0,10.644609677354122,Ar I 454.475,0.35259999999999536,"SPS C-B (1,6)",-94818.0
454.373,4908770.0,18.59383207525279,Ar I 454.475,0.10160000000001901,"SPS C-B (1,6)",0.0
454.577,7265183.0,27.519641926181368,Ar I 454.475,0.10239999999998872,"SPS C-B (1,6)",301314.0
454.622,4292802.0,16.260619161278555,Ar I 454.475,0.14740000000000464,"SPS C-B (1,6)",63113.0
454.916,10508920.0,39.80652867668797,Ar I 454.475,0.44139999999998736,"SPS C-B (1,6)",156792.0
454.984,4808124.0,18.212597097234696,Ar I 455.432,0.44839999999999236,"SPS C-B (1,6)",45279.0
455.387,4114298.0,10.203462057612683,Ar I 455.432,0.04539999999997235,"SPS C-B (1,6)",-94226.0
456.594,7814925.0,19.3810197318203,Ar I 455.432,1.1616000000000213,"SPS C-B (1,6); FNS B-X (2,4)",133675.0
456.66,8013363.0,19.873146117363724,Ar I 455.432,1.2276000000000522,"SPS C-B (1,6); FNS B-X (2,4)",234259.0
456.769,4018513.0,9.965915187359622,Ar I 455.432,1.3366000000000327,"SPS C-B (1,6); FNS B-X (2,4)",49159.0
456.9,13574239.0,33.6641226759623,Ar I 455.432,1.4676000000000045,"SPS C-B (1,6); FNS B-X (2,4)",-477110.0
457.053,10681939.0,26.49121655461835,Ar I 458.496,1.4426000000000272,"SPS C-B (1,6); FNS B-X (2,4)",199951.0
457.198,12033057.0,29.841990185589548,Ar I 458.496,1.2976000000000454,"SPS C-B (1,6); FNS B-X (2,4)",178755.0
457.286,9279129.0,23.012246725733895,Ar I 458.496,1.209600000000023,"SPS C-B (1,6); FNS B-X (2,4)",-30950.0
457.349,9017463.0,22.36331485381619,Ar I 458.496,1.146600000000035,"SPS C-B (1,6); FNS B-X (2,4)",195463.0
457.674,13664637.0,33.88830978226429,Ar I 458.496,0.8216000000000463,"FNS B-X (2,4)",-276969.0
458.185,3524970.0,8.74192818537281,Ar I 458.496,0.3106000000000222,"FNS B-X (2,4)",-229667.0
458.358,6084210.0,15.088845262435454,Ar I 458.496,0.13760000000002037,"FNS B-X (2,4)",157329.0
459.049,3917452.0,9.715283833236903,Ar I 458.929,0.12006999999999834,"FNS B-X (2,4)",142600.0
459.184,3945642.0,9.785195053912727,Ar I 458.929,0.2550700000000461,"FNS B-X (2,4)",-34731.0
459.306,6282739.0,15.581197328045624,Ar I 459.610,0.3036999999999921,"FNS B-X (2,4)",70726.0
459.636,4740057.0,11.755344836572704,Ar I 459.610,0.02630000000004884,"FNS B-X (2,4)",27575.0
459.66,5930179.0,14.706848269462135,Ar I 459.610,0.05030000000004975,"FNS B-X (2,4)",304045.0
459.733,6839529.0,16.962036936420652,Ar I 459.610,0.12330000000002883,"FNS B-X (2,4)",-53665.0
460.459,2733371.0,10.403899877663854,Ar I 459.610,0.8493000000000279,,-227307.0
460.628,2616347.0,9.958476998997277,Ar I 459.610,1.0183000000000106,,-97113.0
461.167,15201711.0,57.861548693236756,Ar I 459.610,1.557299999999998,,0.0
461.31,7231131.0,27.52350958807688,Ar I 462.844,1.5341000000000236,"FNS B-X (1,3)",-134138.0
461.666,2918542.0,11.108707437357321,Ar I 462.844,1.178100000000029,"FNS B-X (1,3)",-25017.0
461.701,7067719.0,26.901522273947624,Ar I 462.844,1.143100000000004,"FNS B-X (1,3)",-75303.0
462.079,3347569.0,12.741692477739504,Ar I 462.844,0.7651000000000181,"FNS B-X (1,3)",107172.0
462.114,4598446.0,17.5028460376743,Ar I 462.844,0.7301000000000499,"FNS B-X (1,3)",69134.0
462.548,4232205.0,16.10884035930298,Ar I 462.844,0.296100000000024,"FNS B-X (1,3)",-137988.0
462.571,8274045.0,31.493103484044138,Ar I 462.844,0.27309999999999945,"FNS B-X (1,3)",33677.0
462.735,5616746.0,21.3787528375288,Ar I 462.844,0.10910000000001219,"FNS B-X (1,3)",129130.0
462.77,12740456.0,48.49339098855651,Ar I 462.844,0.07410000000004402,"FNS B-X (1,3)",1255880.0
463.049,3407534.0,12.969934401782787,Ar I 462.844,0.20489999999995234,"FNS B-X (1,3); SPS C-B (0,5)",-69182.0
463.153,2435086.0,9.268551886114604,Ar I 462.844,0.3088999999999942,"FNS B-X (1,3); SPS C-B (0,5)",-62859.0
463.292,3200156.0,12.180601395458298,Ar I 462.844,0.44789999999994734,"FNS B-X (1,3); SPS C-B (0,5)",6876848.0
463.315,7134046.0,27.15397957564059,Ar I 462.844,0.4708999999999719,"FNS B-X (1,3); SPS C-B (0,5)",12942.0
463.488,11841074.0,45.07011610937872,Ar I 462.844,0.6438999999999737,"FNS B-X (1,3); SPS C-B (0,5)",269598.0
463.649,16794113.0,63.92263259768722,Ar I 464.214,0.5647000000000162,"FNS B-X (1,3); SPS C-B (0,5)",422196.0
464.334,3161722.0,12.034311891436293,Ar I 464.214,0.12029999999998608,"FNS B-X (1,3); SPS C-B (0,5)",92470.0
464.436,4055405.0,15.435894938293183,Ar I 464.214,0.22229999999996153,"FNS B-X (1,3); SPS C-B (0,5)",68155.0
464.708,13920453.0,52.98475737970638,Ar I 464.749,0.040899999999965075,"FNS B-X (1,3); SPS C-B (0,5)",229137.0
464.81,7509545.0,28.58322353855777,Ar I 464.749,0.06110000000001037,"FNS B-X (1,3); SPS C-B (0,5)",29524.0
464.888,4408669.0,16.780506879512668,Ar I 464.749,0.1390999999999849,"FNS B-X (1,3); SPS C-B (0,5)",-337157.0
464.956,6288208.0,23.934506673965906,Ar I 464.749,0.20710000000002537,"FNS B-X (1,3); SPS C-B (0,5)",-127875.0
465.904,2078468.0,9.764286678515061,N I 466.046,0.14170000000001437,"SPS C-B (0,5)",-217162.0
466.015,8708585.0,40.911440784373916,N I 466.046,0.030700000000024374,"SPS C-B (0,5)",-90666.0
466.822,2532099.0,11.89536742176512,N I 466.989,0.16730000000001155,,285024.0
467.907,8612019.0,40.45779025552407,N I 467.860,0.0474999999999568,"FNS B-X (0,2)",-124356.0
468.631,5483338.0,25.75978277615793,N I 467.860,0.7714999999999463,"FNS B-X (0,2)",-13437.0
469.311,3335732.0,15.670697615116712,Ar I 470.232,0.9206000000000358,"FNS B-X (0,2); FPS B-A (12,5)",1876120.0
470.314,2913395.0,11.507179367359898,Ar I 470.232,0.08240000000000691,"FNS B-X (0,2); FPS B-A (12,5); FPS B-A (11,4); FPS B-A (10,3)",-144427.0
470.351,2575955.0,10.174376020844262,Ar I 470.232,0.11939999999998463,"FNS B-X (0,2); FPS B-A (12,5); FPS B-A (11,4); FPS B-A (10,3)",-163968.0
470.387,3223970.0,12.733872703491045,Ar I 470.232,0.155399999999986,"FNS B-X (0,2); FPS B-A (12,5); FPS B-A (11,4); FPS B-A (10,3)",-286038.0
470.882,3682187.0,14.543714900712345,Ar I 470.232,0.6503999999999905,"FNS B-X (0,2); FPS B-A (12,5); FPS B-A (11,4); FPS B-A (10,3)",-67488.0
470.931,7287106.0,28.7822405856276,Ar I 470.232,0.6993999999999687,"FNS B-X (0,2); FPS B-A (12,5); FPS B-A (11,4); FPS B-A (10,3)",243469.0
471.434,4068800.0,16.07073926121036,Ar I 470.232,1.2024000000000115,"FPS B-A (12,5); FPS B-A (11,4); FPS B-A (10,3); FPS B-A (9,2)",-213281.0
471.554,2231495.0,8.813845435434185,Ar I 470.232,1.3223999999999592,"FPS B-A (12,5); FPS B-A (11,4); FPS B-A (10,3); FPS B-A (9,2)",25634.0
471.934,19842111.0,78.3713606648137,Ar I 470.232,1.7024000000000115,"FPS B-A (12,5); FPS B-A (11,4); FPS B-A (10,3); FPS B-A (9,2)",-39325.0
472.242,8657301.0,34.19416709516705,Ar I 470.232,2.010400000000004,"FPS B-A (12,5); FPS B-A (11,4); FPS B-A (10,3); FPS B-A (9,2)",-166035.0
473.179,11177181.0,44.14706093353187,Ar I 474.682,1.5031000000000176,"FPS B-A (12,5); FPS B-A (11,4); FPS B-A (10,3); FPS B-A (9,2); FPS B-A (8,1)",195316.0
474.172,4129446.0,16.310275746964233,Ar I 474.682,0.5100999999999658,"FPS B-A (12,5); FPS B-A (11,4); FPS B-A (10,3); FPS B-A (9,2); FPS B-A (8,1); FPS B-A (7,0)",-359666.0
475.16,2083127.0,9.988766856360247,Ar I 475.294,0.13387999999997646,"FPS B-A (12,5); FPS B-A (11,4); FPS B-A (10,3); FPS B-A (9,2); FPS B-A (8,1); FPS B-A (7,0)",-544392.0
475.216,6419542.0,30.78223668677549,Ar I 475.294,0.07787999999999329,"FPS B-A (12,5); FPS B-A (11,4); FPS B-A (10,3); FPS B-A (9,2); FPS B-A (8,1); FPS B-A (7,0)",-53322.0
476.231,2063617.0,9.895214787106864,Ar I 476.867,0.6362900000000309,"FPS B-A (12,5); FPS B-A (11,4); FPS B-A (10,3); FPS B-A (9,2); FPS B-A (8,1); FPS B-A (7,0)",-30364.0
476.773,6348311.0,30.440678129882226,Ar I 476.867,0.09429000000000087,"FPS B-A (12,5); FPS B-A (11,4); FPS B-A (10,3); FPS B-A (9,2); FPS B-A (8,1); FPS B-A (7,0)",147637.0
477.158,1895749.0,9.090273794722108,Ar I 476.867,0.29070999999999003,"FPS B-A (12,5); FPS B-A (11,4); FPS B-A (10,3); FPS B-A (9,2); FPS B-A (8,1); SPS C-B (2,8); FPS B-A (7,0)",112317.0
477.21,3721404.0,17.844441041917484,Ar I 476.867,0.3427099999999541,"FPS B-A (11,4); FPS B-A (10,3); FPS B-A (9,2); FPS B-A (8,1); SPS C-B (2,8); FPS B-A (7,0)",220882.0
477.516,3100480.0,14.867058927663948,Ar I 476.867,0.6487099999999941,"FPS B-A (11,4); FPS B-A (10,3); FPS B-A (9,2); FPS B-A (8,1); SPS C-B (2,8); FPS B-A (7,0)",149500.0
478.088,3159954.0,15.152241693772384,Ar I 476.867,1.2207099999999969,"FPS B-A (10,3); FPS B-A (9,2); FPS B-A (8,1); SPS C-B (2,8); FPS B-A (7,0)",-276741.0
478.113,3024514.0,14.502795652784277,Ar I 476.867,1.2457099999999741,"FPS B-A (10,3); FPS B-A (9,2); FPS B-A (8,1); SPS C-B (2,8); FPS B-A (7,0)",24402.0
479.269,3496768.0,16.767292778011665,Ar I 479.874,0.605199999999968,"FPS B-A (9,2); FPS B-A (8,1); SPS C-B (2,8); FPS B-A (7,0)",7674.0
479.988,2112789.0,10.130998608189758,Ar I 479.874,0.1138000000000261,"FPS B-A (8,1); SPS C-B (2,8); FPS B-A (7,0)",-113492.0
481.029,11889624.0,46.647984001600534,Ar I 479.874,1.154800000000023,"FPS B-A (7,0)",146591.0
481.465,2065595.0,8.10419593704444,Ar I 479.874,1.5908000000000015,"FPS B-A (7,0)",-216054.0
481.526,2806905.0,11.012666130906457,Ar I 479.874,1.651800000000037,"FPS B-A (7,0)",221118.0
481.935,4249570.0,16.672846287963488,Ar I 483.597,1.6619999999999777,"FPS B-A (7,0)",-77020.0
482.162,3370439.0,13.22364647951613,Ar I 483.597,1.4350000000000023,,-426761.0
482.639,6172883.0,24.21881023552569,Ar I 483.597,0.95799999999997,,121882.0
483.534,2288133.0,8.977305891047036,Ar I 483.597,0.06299999999998818,,145508.0
483.884,6909884.0,27.110374414272098,Ar I 483.670,0.21430000000003702,,-121678.0
484.024,14117723.0,55.38975131955627,Ar I 483.670,0.3543000000000234,,-38856.0
484.406,24625110.0,96.61463956451888,Ar I 483.670,0.7363000000000284,,-276585.0
484.716,16521001.0,64.81881936202745,Ar I 483.670,1.0463000000000306,,535332.0
485.069,2620003.0,10.792754293031535,Ar I 483.670,1.3993000000000393,,-5875.0
485.215,1987191.0,8.18596932763956,Ar I 483.670,1.5452999999999975,,258073.0
485.508,2039311.0,8.400670743535954,Ar I 483.670,1.8383000000000038,,1208281.0
486.143,10950241.0,45.108063068049894,Ar I 487.626,1.4830700000000547,,-71789.0
486.17,8271495.0,34.07332479048264,Ar I 487.626,1.456070000000011,,270526.0
486.209,3208155.0,13.215568321471611,Ar I 487.626,1.4170700000000238,,-95442.0
486.42,5722715.0,23.573964184028018,Ar I 487.626,1.206070000000011,,-138723.0
486.813,2026128.0,8.346365126387793,Ar I 487.626,0.8130700000000388,,-81922.0
487.179,5437651.0,22.39968090657042,Ar I 487.626,0.44707000000005337,,-316853.0
487.361,2067003.0,8.514744258674154,Ar I 487.626,0.265070000000037,,-119368.0
487.814,2950331.0,12.153496605200079,Ar I 487.626,0.18792999999999438,"SPS C-B (1,7)",-71779.0
487.84,10265111.0,42.28576105206568,Ar I 487.626,0.213929999999948,"SPS C-B (1,7)",-142985.0
488.188,4487395.0,18.485227555379993,Ar I 488.629,0.4410000000000309,"SPS C-B (1,7)",65929.0
488.381,2421753.0,9.97608975539799,Ar I 488.629,0.2480000000000473,"SPS C-B (1,7)",78915.0
488.727,3678052.0,15.151246587501321,Ar I 488.795,0.06771000000003369,"SPS C-B (1,7)",80108.0
489.552,6240917.0,25.708628480274065,Ar I 489.469,0.08291000000002668,"SPS C-B (1,7)",-80199.0
489.98,3788379.0,15.605724007140646,Ar I 489.469,0.510910000000024,"SPS C-B (1,7)",9437.0
490.693,2249432.0,8.891382699028986,N I 491.494,0.8010000000000446,"SPS C-B (1,7)",-116099.0
491.213,3993055.0,15.783442283772608,N I 491.494,0.2810000000000059,"SPS C-B (1,7)",-661771.0
491.361,2321784.0,9.177370148767473,N I 491.494,0.1330000000000382,"SPS C-B (1,7)",31030.0
492.557,3401400.0,13.444793669013862,Ar I 492.103,0.45359999999999445,,311659.0
492.726,2660730.0,10.517129963825264,Ar I 492.103,0.6225999999999772,,-67487.0
492.774,3215074.0,12.70829851255691,Ar I 492.103,0.670599999999979,,-305259.0
493.123,14163568.0,55.98466789470434,N I 493.512,0.38900000000001,,71541.0
493.743,6783822.0,26.814572551689587,Ar I 493.772,0.028999999999996362,,-275492.0
494.276,3045286.0,12.03717349712958,Ar I 493.772,0.5040000000000191,,-61934.0
494.393,6339125.0,25.056808275147734,Ar I 493.772,0.6209999999999809,,-148870.0
495.537,9609541.0,40.700449653447286,Ar I 495.675,0.13800000000003365,,-14251.0
495.767,7152513.0,30.29390220116936,Ar I 495.675,0.09199999999998454,,21173.0
496.213,5048489.0,21.38247522649442,Ar I 495.675,0.5380000000000109,,-17122.0
496.24,5263411.0,22.292760331726626,Ar I 495.675,0.5649999999999977,,-186660.0
496.71,2764342.0,11.708151554367662,Ar I 495.675,1.0349999999999682,,-85660.0
496.75,3557352.0,15.066882588418116,Ar I 495.675,1.0749999999999886,,-43596.0
497.337,2703785.0,11.451667178093727,Ar I 498.994,1.6573000000000206,,-61458.0
497.509,3864333.0,16.367076295387562,Ar I 498.994,1.4852999999999952,,-40929.0
497.999,3046393.0,12.902756221250758,Ar I 498.994,0.9952999999999861,,-135462.0
499.021,6874449.0,29.116184156942673,Ar I 498.994,0.026700000000005275,,189981.0
499.19,1932921.0,8.18673377267353,Ar I 498.994,0.195699999999988,,364112.0
499.359,3602010.0,15.256028009684714,Ar I 498.994,0.3646999999999707,,62085.0
500.068,2479485.0,8.886614312833839,Ar I 498.994,1.073699999999974,"SPS C-B (0,6); FPS B-A (12,6)",-3621.0
500.746,3070057.0,11.003257723848185,Ar I 498.994,1.7516999999999712,"SPS C-B (0,6); FPS B-A (12,6)",160231.0
500.987,7177838.0,25.7257768875402,Ar I 498.994,1.9927000000000135,"SPS C-B (0,6); FPS B-A (12,6)",-118032.0
501.202,3926748.0,14.07368666464675,Ar I 503.202,2.0004000000000133,"SPS C-B (0,6); FPS B-A (12,6); FPS B-A (11,5)",-513728.0
501.831,4683391.0,16.785537921462392,Ar I 503.202,1.3713999999999942,"SPS C-B (0,6); FPS B-A (12,6); FPS B-A (11,5)",143588.0
502.244,5211094.0,18.676855284836382,Ar I 503.202,0.9583999999999833,"SPS C-B (0,6); FPS B-A (12,6); FPS B-A (11,5)",-283086.0
502.455,2453590.0,8.793805169955041,Ar I 503.202,0.7474000000000274,"SPS C-B (0,6); FPS B-A (12,6); FPS B-A (11,5)",-201219.0
503.11,3985012.0,14.282508132138165,Ar I 503.202,0.09239999999999782,"SPS C-B (0,6); FPS B-A (12,6); FPS B-A (11,5); FPS B-A (10,4)",-301218.0
503.159,2243402.0,8.040479503864738,Ar I 503.202,0.043400000000019645,"SPS C-B (0,6); FPS B-A (12,6); FPS B-A (11,5); FPS B-A (10,4)",159144.0
503.673,2373304.0,8.506055610381107,Ar I 503.202,0.47059999999999036,"FPS B-A (12,6); FPS B-A (11,5); FPS B-A (10,4)",157614.0
503.746,4683872.0,16.78726185263539,Ar I 503.202,0.5435999999999694,"FPS B-A (12,6); FPS B-A (11,5); FPS B-A (10,4)",283913.0
503.77,6146532.0,22.0295179222666,Ar I 503.202,0.5675999999999704,"FPS B-A (12,6); FPS B-A (11,5); FPS B-A (10,4)",307078.0
504.11,2498780.0,8.95576868286073,Ar I 504.881,0.7710999999999899,"FPS B-A (12,6); FPS B-A (11,5); FPS B-A (10,4)",129899.0
504.231,2421520.0,8.678864478233745,Ar I 504.881,0.650100000000009,"FPS B-A (12,6); FPS B-A (11,5); FPS B-A (10,4)",185805.0
504.28,5155610.0,18.47799749439471,Ar I 504.881,0.6011000000000308,"FPS B-A (12,6); FPS B-A (11,5); FPS B-A (10,4)",-463124.0
504.485,2491636.0,8.93016418327679,Ar I 504.881,0.3960999999999899,"FPS B-A (12,6); FPS B-A (11,5); FPS B-A (10,4)",-239062.0
504.605,4203061.0,15.064008066317685,Ar I 504.881,0.27609999999998536,"FPS B-A (12,6); FPS B-A (11,5); FPS B-A (10,4); FPS B-A (9,3)",86686.0
505.096,19815377.0,77.46601296025095,Ar I 504.881,0.2149000000000001,"FPS B-A (12,6); FPS B-A (11,5); FPS B-A (10,4); FPS B-A (9,3)",26810.0
505.215,4109787.0,16.066755278280645,Ar I 505.418,0.2026000000000181,"FPS B-A (12,6); FPS B-A (11,5); FPS B-A (10,4); FPS B-A (9,3)",-135611.0
505.286,6053910.0,23.667087965078476,Ar I 505.418,0.13159999999999172,"FPS B-A (12,6); FPS B-A (11,5); FPS B-A (10,4); FPS B-A (9,3)",-374011.0
505.477,7974998.0,31.177367880811726,Ar I 505.418,0.059399999999982356,"FPS B-A (12,6); FPS B-A (11,5); FPS B-A (10,4); FPS B-A (9,3)",1731.0
505.95,3595131.0,14.054764874763672,Ar I 506.008,0.057900000000017826,"FPS B-A (12,6); FPS B-A (11,5); FPS B-A (10,4); FPS B-A (9,3)",384975.0
506.061,7174214.0,28.046791878025527,Ar I 506.008,0.05309999999997217,"FPS B-A (12,6); FPS B-A (11,5); FPS B-A (10,4); FPS B-A (9,3)",-191439.0
506.214,7962644.0,31.12907129154618,Ar I 506.008,0.20609999999999218,"FPS B-A (12,6); FPS B-A (11,5); FPS B-A (10,4); FPS B-A (9,3)",42221.0
506.255,4701922.0,18.38164121682313,Ar I 506.008,0.247099999999989,"FPS B-A (12,6); FPS B-A (11,5); FPS B-A (10,4); FPS B-A (9,3)",37475.0
506.435,2802612.0,10.956499970429775,Ar I 506.008,0.4270999999999958,"FPS B-A (12,6); FPS B-A (11,5); FPS B-A (10,4); FPS B-A (9,3)",50786.0
506.6,13360932.0,52.233077951180626,Ar I 507.098,0.49769999999995207,"FPS B-A (12,6); FPS B-A (11,5); FPS B-A (10,4); FPS B-A (9,3)",-151721.0
506.669,2742722.0,10.722366675050663,Ar I 507.098,0.4286999999999921,"FPS B-A (12,6); FPS B-A (11,5); FPS B-A (10,4); FPS B-A (9,3); FPS B-A (8,2)",3437.0
507.054,4763066.0,18.62067688576052,Ar I 507.098,0.04370000000000118,"FPS B-A (12,6); FPS B-A (11,5); FPS B-A (10,4); FPS B-A (9,3); FPS B-A (8,2)",-245211.0
507.669,2211840.0,8.646942528825036,Ar I 507.803,0.1342999999999961,"FPS B-A (12,6); FPS B-A (11,5); FPS B-A (10,4); FPS B-A (9,3); FPS B-A (8,2)",-439939.0
507.723,7197056.0,28.136090137051234,Ar I 507.803,0.08029999999996562,"FPS B-A (12,6); FPS B-A (11,5); FPS B-A (10,4); FPS B-A (9,3); FPS B-A (8,2)",-90890.0
508.09,8561885.0,33.47173734691892,Ar I 507.803,0.2866999999999962,"FPS B-A (12,6); FPS B-A (11,5); FPS B-A (10,4); FPS B-A (9,3); FPS B-A (8,2)",-170909.0
508.347,4521631.0,17.676813600239473,Ar I 508.708,0.3614000000000033,"FPS B-A (11,5); FPS B-A (10,4); FPS B-A (9,3); FPS B-A (8,2)",122540.0
509.327,3840810.0,15.015219606362344,Ar I 508.708,0.6186000000000149,"FPS B-A (11,5); FPS B-A (10,4); FPS B-A (9,3); FPS B-A (8,2); FPS B-A (7,1)",-148364.0
509.992,5556778.0,21.72360569093575,Ar I 510.473,0.4808999999999628,"FPS B-A (10,4); FPS B-A (9,3); FPS B-A (8,2); FPS B-A (7,1)",0.0
510.032,3289888.0,14.124755287797178,Ar I 510.473,0.4408999999999992,"FPS B-A (10,4); FPS B-A (9,3); FPS B-A (8,2); FPS B-A (7,1)",-20419.0
510.546,3721720.0,15.978776253082328,Ar I 510.473,0.07310000000001082,"FPS B-A (10,4); FPS B-A (9,3); FPS B-A (8,2); FPS B-A (7,1)",-439292.0
510.677,8813080.0,37.83794412812216,Ar I 510.473,0.20410000000003947,"FPS B-A (10,4); FPS B-A (9,3); FPS B-A (8,2); FPS B-A (7,1)",60743.0
511.849,6564190.0,28.182593879367737,Ar I 511.820,0.028799999999989723,"FPS B-A (9,3); FPS B-A (8,2); FNS B-X (1,4); FPS B-A (7,1); FPS B-A (6,0)",131954.0
512.068,5029330.0,21.59284921297533,Ar I 511.820,0.2477999999999838,"FPS B-A (9,3); FPS B-A (8,2); FNS B-X (1,4); FPS B-A (7,1); FPS B-A (6,0)",-44480.0
512.248,3396910.0,14.584241920901597,Ar I 511.820,0.4278000000000475,"FPS B-A (9,3); FPS B-A (8,2); FNS B-X (1,4); FPS B-A (7,1); FPS B-A (6,0)",376168.0
512.299,4168889.0,17.898644861767178,Ar I 511.820,0.47879999999997835,"FPS B-A (9,3); FPS B-A (8,2); FNS B-X (1,4); FPS B-A (7,1); FPS B-A (6,0)",243506.0
512.53,3136841.0,13.467665617105807,Ar I 512.780,0.2500999999999749,"FPS B-A (9,3); FPS B-A (8,2); FNS B-X (1,4); FPS B-A (7,1); FPS B-A (6,0)",13214.0
512.734,2567554.0,11.02349743766499,Ar I 512.780,0.046099999999910324,"FPS B-A (9,3); FPS B-A (8,2); FNS B-X (1,4); FPS B-A (7,1); FPS B-A (6,0)",-361124.0
514.023,13941140.0,59.85467922704991,Ar I 515.139,1.1160999999999603,"FPS B-A (8,2); FNS B-X (1,4); FPS B-A (7,1); FPS B-A (6,0)",290476.0
514.522,3875374.0,16.638472008375878,Ar I 515.139,0.6170999999999367,"FPS B-A (8,2); FNS B-X (1,4); FPS B-A (7,1); FPS B-A (6,0)",-329224.0
514.77,3757569.0,16.132689806465375,Ar I 515.139,0.3691000000000031,"FPS B-A (8,2); FNS B-X (1,4); FPS B-A (7,1); FPS B-A (6,0)",209468.0
515.46,7495532.0,22.48817167647604,Ar I 515.230,0.22969000000000506,"FPS B-A (7,1); FPS B-A (6,0)",59681.0
515.521,3767949.0,11.304639081016026,Ar I 515.230,0.29068999999992684,"FPS B-A (7,1); FPS B-A (6,0)",-189032.0
515.704,8670361.0,26.012905643658446,Ar I 515.230,0.47368999999991956,"FPS B-A (7,1); FPS B-A (6,0)",341503.0
515.777,5488372.0,16.46626974047528,Ar I 516.229,0.45150000000001,"FPS B-A (7,1); FPS B-A (6,0)",169647.0
515.984,5247950.0,15.744953200061374,Ar I 516.229,0.24450000000001637,"FPS B-A (7,1); FPS B-A (6,0)",-423948.0
516.19,10747523.0,32.24482829515968,Ar I 516.229,0.03849999999999909,"FPS B-A (7,1); FPS B-A (6,0)",8308675.0
516.347,4099818.0,12.30031584500028,Ar I 516.229,0.11849999999992633,"FPS B-A (7,1); FPS B-A (6,0)",-123090.0
516.617,3390611.0,10.172545758746423,Ar I 516.229,0.38849999999990814,"FPS B-A (7,1); FPS B-A (6,0)",140035.0
516.845,4116961.0,12.351748448723383,Ar I 516.229,0.6164999999999736,"FPS B-A (7,1); FPS B-A (6,0)",-251436.0
517.058,15810021.0,47.43338651034929,Ar I 517.754,0.6956000000000131,"FPS B-A (7,1); FPS B-A (6,0)",-181584.0
517.468,2918459.0,8.755990505111123,Ar I 517.754,0.28560000000004493,"FPS B-A (6,0)",-163165.0
517.552,8309849.0,24.93129385847365,Ar I 517.754,0.2015999999999849,"FPS B-A (6,0)",-64154.0
517.819,4526027.0,13.57903244070812,Ar I 517.754,0.06539999999995416,"FPS B-A (6,0)",51438.0
517.862,9567034.0,28.703113138157942,Ar I 517.754,0.10839999999996053,"FPS B-A (6,0)",113771.0
518.114,10376132.0,31.13057722304123,Ar I 517.754,0.3604000000000269,"FPS B-A (6,0)",-138504.0
518.38,13741331.0,41.22688163979317,Ar I 518.775,0.39459999999996853,"FPS B-A (6,0)",-34788.0
519.158,5350139.0,16.051541681765862,Ar I 519.273,0.11529999999993379,"FPS B-A (6,0); FNS B-X (0,3)",32971.0
519.214,5137083.0,15.412328894107391,Ar I 519.273,0.05929999999989377,"FPS B-A (6,0); FNS B-X (0,3)",145418.0
519.435,5192183.0,15.577640476977537,Ar I 519.405,0.029799999999909232,"FPS B-A (6,0); FNS B-X (0,3)",-135392.0
520.586,2627581.0,10.653917068086995,N I 520.161,0.4253999999999678,"FNS B-X (0,3)",100992.0
520.735,20920749.0,84.82628122530339,Ar I 521.049,0.31359999999995125,"FNS B-X (0,3)",24626.0
521.155,2507970.0,10.168936519654443,Ar I 521.049,0.10640000000000782,"FNS B-X (0,3)",2393998.0
521.358,2133419.0,8.650263910981655,Ar I 521.477,0.11940000000004147,"FNS B-X (0,3)",0.0
521.385,2346060.0,9.512448399024112,Ar I 521.477,0.09239999999999782,"FNS B-X (0,3)",-45675.0
522.215,6117042.0,24.802454489511458,Ar I 522.127,0.08789999999999054,"FNS B-X (0,3)",-123294.0
522.402,5023846.0,20.369929089470723,Ar I 522.127,0.27490000000000236,"FNS B-X (0,3)",-205203.0
522.641,2739809.0,11.108962147465048,Ar I 522.127,0.5138999999999214,"FNS B-X (0,3)",343869.0
522.773,16682591.0,67.64204071913082,Ar I 522.127,0.6458999999999833,"FNS B-X (0,3)",-217645.0
523.182,11600628.0,47.03646762924831,Ar I 524.109,0.9272999999999456,,84834.0
523.274,2410612.0,9.774184061817818,Ar I 524.109,0.8352999999999611,,-26598.0
523.798,2143737.0,8.692099773057276,Ar I 524.109,0.31129999999996016,,-51299.0
523.824,4960478.0,20.112994130369355,Ar I 524.109,0.28530000000000655,,7947.0
525.142,4125982.0,12.081654971550208,Ar I 525.279,0.13669999999990523,,-107738.0
525.206,9386442.0,27.48527590630974,Ar I 525.279,0.0726999999999407,,-364051.0
525.512,10971475.0,32.12655204966692,Ar I 525.447,0.06489999999996598,,351303.0
525.627,8650925.0,25.331543141671,Ar I 525.447,0.17989999999997508,,282771.0
525.956,9718657.0,28.45806420407099,Ar I 525.447,0.5089000000000397,,-299583.0
526.02,3624817.0,10.614149147768874,Ar I 525.447,0.5729000000000042,,18931.0
526.986,4452647.0,13.038191820543114,N I 528.120,1.1340000000000146,"SPS C-B (1,8)",-39535.0
527.085,4678970.0,13.70090833218232,N I 528.120,1.0349999999999682,"SPS C-B (1,8)",41842.0
527.457,8416141.0,24.64405122317973,N I 528.120,0.6630000000000109,"SPS C-B (1,8)",1184621.0
527.482,3790281.0,11.09865900704906,N I 528.120,0.6380000000000337,"SPS C-B (1,8)",172822.0
527.626,4024081.0,11.783269587596537,N I 528.120,0.4940000000000282,"SPS C-B (1,8)",-224529.0
527.67,3467184.0,10.15256993629137,N I 528.120,0.4500000000000455,"SPS C-B (1,8)",0.0
528.528,3039986.0,8.901653465852016,Ar I 528.607,0.07889999999997599,"SPS C-B (1,8)",76239.0
528.904,9946068.0,29.123966585306587,Ar I 529.001,0.09749999999996817,"SPS C-B (1,8)",-39340.0
529.25,13022582.0,38.132580937755,Ar I 529.001,0.24850000000003547,"SPS C-B (1,8)",-233144.0
529.379,2844531.0,8.329324291254466,Ar I 529.001,0.37750000000005457,"SPS C-B (1,8)",93111.0
531.128,3291198.0,11.203946009306081,N I 531.039,0.08900000000005548,,137193.0
531.198,3245785.0,11.04935038785741,N I 531.039,0.15899999999999181,,48588.0
531.283,13757458.0,46.833346598197984,N I 531.039,0.2440000000000282,,0.0
532.15,3248869.0,11.059848987301352,Ar I 531.771,0.3785000000000309,,2659.0
532.344,7074178.0,24.08202374096632,N I 532.862,0.5176999999999907,,-147562.0
532.594,3784595.0,12.883575539086298,N I 532.862,0.2676999999999907,,1090375.0
532.718,6602499.0,22.476326955259875,N I 532.862,0.14370000000008076,,-86787.0
532.897,3792860.0,12.911711377090246,N I 532.862,0.03530000000000655,,-77543.0
532.925,5446111.0,18.539733435875917,N I 532.862,0.06329999999991287,,-24721.0
532.966,3884491.0,13.223643013162802,N I 532.862,0.10429999999996653,,144667.0
533.09,5223472.0,17.781822384773584,N I 532.862,0.22829999999999018,,-92363.0
533.173,3195178.0,10.877073273052117,N I 533.337,0.16399999999998727,,278871.0
533.2,2843011.0,9.67822104530426,N I 533.337,0.1369999999999436,,-98352.0
533.392,3694787.0,12.577849787185695,N I 533.337,0.055000000000063665,,-70327.0
533.433,2826393.0,9.62164979836541,N I 533.337,0.09600000000000364,,162155.0
533.938,3521212.0,11.986963146951561,N I 534.405,0.46690000000000964,,-296055.0
534.088,5946205.0,20.242160994344875,N I 534.405,0.3169000000000324,,-29951.0
534.223,10905355.0,37.124174428981824,N I 534.405,0.18190000000004147,,158208.0
534.318,13312293.0,45.317909172302386,N I 534.405,0.08690000000001419,,35983.0
534.561,2356764.0,8.022931653664179,N I 534.649,0.08799999999996544,"FPS B-A (12,7)",-80188.0
534.737,6996803.0,23.818622595708558,N I 534.649,0.08799999999996544,"FPS B-A (12,7)",-305409.0
534.817,4070591.0,13.85716744783123,N I 534.649,0.16800000000000637,"FPS B-A (12,7)",81902.0
534.925,3560533.0,12.12082028986181,N I 534.649,0.2759999999999536,"FPS B-A (12,7)",104174.0
535.34,5137164.0,11.474872286420036,N I 535.439,0.0987999999999829,"FPS B-A (12,7)",-32044.0
535.62,6771544.0,15.125583411756734,N I 535.662,0.04229999999995471,"FPS B-A (12,7)",231575.0
536.282,6592510.0,14.725675547237143,N I 536.701,0.4189999999999827,"FPS B-A (12,7)",39176.0
536.82,4295260.0,9.594313114583946,N I 536.701,0.1190000000000282,"FPS B-A (12,7); FPS B-A (11,6)",101892.0
537.095,7871217.0,17.581920649934137,N I 537.261,0.1655999999999267,"FPS B-A (12,7); FPS B-A (11,6)",-84216.0
537.381,7224860.0,16.138154395550668,Ar I 537.349,0.03160000000002583,"FPS B-A (12,7); FPS B-A (11,6)",-393670.0
537.924,11386397.0,25.43377072981829,N I 537.827,0.09669999999994161,"FPS B-A (12,7); FPS B-A (11,6)",-45629.0
537.963,9782696.0,21.851587221445946,N I 537.827,0.13569999999992888,"FPS B-A (12,7); FPS B-A (11,6)",-292072.0
538.014,6540724.0,14.610001269323385,N I 537.827,0.18669999999997344,"FPS B-A (12,7); FPS B-A (11,6)",100193.0
538.142,5888276.0,13.152629561211638,N I 537.827,0.3147000000000162,"FPS B-A (12,7); FPS B-A (11,6)",266833.0
538.335,3635065.0,8.119636949070625,N I 537.827,0.5076999999999998,"FPS B-A (12,7); FPS B-A (11,6)",578598.0
538.539,19472046.0,43.49466768148654,N I 537.827,0.7116999999999507,"FPS B-A (12,7); FPS B-A (11,6)",74733.0
538.883,10888071.0,24.320661004880062,Ar I 539.398,0.5149000000000115,"FPS B-A (12,7); FPS B-A (11,6)",-491782.0
539.463,7107424.0,15.875837852448674,Ar I 539.398,0.06509999999991578,"FPS B-A (12,7); FPS B-A (11,6); FPS B-A (10,5)",-33841.0
539.628,4189101.0,9.357185982365845,Ar I 539.398,0.2300999999999931,"FPS B-A (12,7); FPS B-A (11,6); FPS B-A (10,5)",204174.0
539.732,8276414.0,18.487008325904874,Ar I 539.398,0.33409999999992124,"FPS B-A (12,7); FPS B-A (11,6); FPS B-A (10,5)",144631.0
539.792,7902241.0,17.651218892663763,Ar I 539.398,0.39409999999998035,"FPS B-A (12,7); FPS B-A (11,6); FPS B-A (10,5)",-160291.0
540.135,8306211.0,8.761103047465635,Ar I 539.398,0.7370999999999412,"FPS B-A (12,7); FPS B-A (11,6); FPS B-A (10,5)",119298.0
540.209,11527954.0,12.159285734547757,Ar I 539.398,0.8110999999998967,"FPS B-A (12,7); FPS B-A (11,6); FPS B-A (10,5)",4274174.0
540.654,8055265.0,8.496413917205242,Ar I 541.048,0.3935000000000173,"FPS B-A (12,7); FPS B-A (11,6); FPS B-A (10,5)",-24927.0
541.449,15046564.0,15.87059342873504,Ar I 541.048,0.4014999999999418,"FPS B-A (12,7); SPS C-B (0,7); FPS B-A (11,6); FPS B-A (10,5)",-72422.0
541.64,21054364.0,22.20741233311443,Ar I 542.135,0.49520000000006803,"FPS B-A (12,7); SPS C-B (0,7); FPS B-A (11,6); FPS B-A (10,5)",461082.0
542.239,14461230.0,15.253203442953888,Ar I 542.135,0.10379999999997835,"FPS B-A (12,7); SPS C-B (0,7); FPS B-A (11,6); FPS B-A (10,5)",160239.0
542.413,8845250.0,9.329662674183862,Ar I 542.135,0.2777999999999565,"FPS B-A (12,7); SPS C-B (0,7); FPS B-A (11,6); FPS B-A (10,5); FPS B-A (9,4)",363807.0
542.442,20815350.0,21.95530866228462,Ar I 542.135,0.3067999999999529,"FPS B-A (12,7); SPS C-B (0,7); FPS B-A (11,6); FPS B-A (10,5); FPS B-A (9,4)",-22762.0
542.471,8182480.0,8.630595883469201,Ar I 542.135,0.33579999999994925,"FPS B-A (12,7); SPS C-B (0,7); FPS B-A (11,6); FPS B-A (10,5); FPS B-A (9,4)",231714.0
542.5,14395700.0,15.184084673553444,Ar I 542.135,0.3647999999999456,"FPS B-A (12,7); SPS C-B (0,7); FPS B-A (11,6); FPS B-A (10,5); FPS B-A (9,4)",-377617.0
542.645,9809260.0,10.346466960613299,Ar I 542.135,0.5097999999999274,"SPS C-B (0,7); FPS B-A (11,6); FPS B-A (10,5); FPS B-A (9,4)",-108328.0
542.862,18140404.0,19.13386847103424,Ar I 542.135,0.726799999999912,"SPS C-B (0,7); FPS B-A (11,6); FPS B-A (10,5); FPS B-A (9,4)",-241907.0
543.338,13149120.0,13.869235359358356,Ar I 543.999,0.6608800000000201,"SPS C-B (0,7); FPS B-A (11,6); FPS B-A (10,5); FPS B-A (9,4)",-158103.0
543.811,8869985.0,9.355752293611909,Ar I 543.999,0.1878799999999501,"SPS C-B (0,7); FPS B-A (11,6); FPS B-A (10,5); FPS B-A (9,4)",133446.0
544.196,13142024.0,13.861750744866283,Ar I 544.225,0.028599999999983083,"SPS C-B (0,7); FPS B-A (11,6); FPS B-A (10,5); FPS B-A (9,4)",83048.0
544.693,8071168.0,8.513187849599186,Ar I 544.225,0.46839999999997417,"SPS C-B (0,7); FPS B-A (11,6); FPS B-A (10,5); FPS B-A (9,4)",-43311.0
545.229,15518165.0,24.576293070512204,Ar I 545.165,0.06380000000001473,"FPS B-A (10,5); FPS B-A (9,4)",-334926.0
545.271,10719901.0,16.97722821370161,Ar I 545.165,0.10579999999993106,"FPS B-A (10,5); FPS B-A (9,4)",-33871.0
545.608,12515633.0,19.821149251278992,Ar I 545.742,0.13360000000000127,"FPS B-A (10,5); FPS B-A (9,4); FPS B-A (8,3)",-257389.0
545.804,5216746.0,8.261819523791779,Ar I 545.742,0.0624000000000251,"FPS B-A (10,5); FPS B-A (9,4); FPS B-A (8,3)",-159103.0
545.929,5267458.0,8.342132690599312,Ar I 545.965,0.03606000000002041,"FPS B-A (10,5); FPS B-A (9,4); FPS B-A (8,3)",-278466.0
546.499,16210045.0,25.672031236050845,Ar I 546.716,0.21699999999998454,"FPS B-A (10,5); FPS B-A (9,4); FPS B-A (8,3)",11365.0
546.609,5244647.0,8.306006652422024,Ar I 546.716,0.1069999999999709,"FPS B-A (10,5); FPS B-A (9,4); FPS B-A (8,3)",288975.0
547.297,11350764.0,17.97633306761588,Ar I 547.345,0.04809999999997672,"FPS B-A (10,5); FPS B-A (9,4); FPS B-A (8,3)",181562.0
547.489,6339583.0,10.040069154622145,Ar I 547.345,0.14390000000003056,"FPS B-A (10,5); FPS B-A (9,4); FPS B-A (8,3)",-166659.0
547.652,6008379.0,9.515537641384213,Ar I 547.345,0.3069000000000415,"FPS B-A (10,5); FPS B-A (9,4); FPS B-A (8,3)",-138107.0
547.707,13463821.0,21.322805289473123,Ar I 547.345,0.36189999999999145,"FPS B-A (9,4); FPS B-A (8,3)",-318885.0
547.802,27621310.0,43.744180420266794,Ar I 547.345,0.45690000000001874,"FPS B-A (9,4); FPS B-A (8,3)",45783.0
547.843,18994694.0,30.0821112888476,Ar I 547.345,0.4978999999999587,"FPS B-A (9,4); FPS B-A (8,3)",45925.0
548.358,8022861.0,12.705895523084244,Ar I 549.012,0.6539999999999964,"FPS B-A (9,4); FPS B-A (8,3)",-181885.0
548.425,9606221.0,15.213480627130128,Ar I 549.012,0.5869999999999891,"FPS B-A (9,4); FPS B-A (8,3)",-338353.0
548.695,6542595.0,10.361581550503413,Ar I 549.012,0.3169999999998936,"FPS B-A (9,4); FPS B-A (8,3)",-177639.0
549.11,6919841.0,10.959030298836637,Ar I 549.208,0.09799999999995634,"FPS B-A (9,4); FPS B-A (8,3); FPS B-A (7,2)",372742.0
549.177,6879039.0,10.894411710887415,Ar I 549.208,0.03099999999994907,"FPS B-A (9,4); FPS B-A (8,3); FPS B-A (7,2)",432379.0
549.96,6646049.0,10.525422818031936,N I 549.652,0.3079999999999927,"FPS B-A (9,4); FPS B-A (8,3); FPS B-A (7,2)",189431.0
550.382,9078385.0,14.718714086135009,Ar I 550.611,0.22930000000008022,"FPS B-A (9,4); FPS B-A (8,3); FPS B-A (7,2)",-227862.0
550.827,9113287.0,14.77530042379686,N I 551.019,0.19200000000000728,"FPS B-A (8,3); FPS B-A (7,2)",-596776.0
551.424,8547805.0,13.858488911743143,N I 551.309,0.1150000000000091,"FPS B-A (8,3); FPS B-A (7,2)",453950.0
551.515,23539495.0,38.1643978127172,N I 551.309,0.20600000000001728,"FPS B-A (8,3); FPS B-A (7,2)",-856474.0
551.54,12173148.0,19.736228959248393,N I 551.309,0.23099999999999454,"FPS B-A (8,3); FPS B-A (7,2)",6747770.0
552.386,8066144.0,13.077575726695155,Ar I 552.496,0.109670000000051,"FPS B-A (8,3); FPS B-A (7,2)",248989.0
552.584,10148989.0,16.45447591772427,Ar I 552.496,0.08832999999992808,"FPS B-A (8,3); FPS B-A (7,2)",63209.0
553.146,22401109.0,36.31874155847606,N I 552.999,0.14679999999998472,"FPS B-A (8,3); FPS B-A (7,2); FPS B-A (6,1)",158304.0
553.615,7512785.0,12.180419139043321,Ar I 553.448,0.1671000000000049,"FPS B-A (8,3); FPS B-A (7,2); FPS B-A (6,1)",-143054.0
554.546,6311454.0,10.232710652147176,N I 554.514,0.03220000000010259,"FPS B-A (7,2); FPS B-A (6,1)",331205.0
554.62,12534064.0,20.321379226956967,N I 554.514,0.10620000000005803,"FPS B-A (7,2); FPS B-A (6,1)",-235839.0
555.037,10184559.0,22.490258873207512,Ar I 555.274,0.23709999999994125,"FPS B-A (7,2); FPS B-A (6,1)",213079.0
555.156,5008036.0,11.059097019943883,Ar I 555.274,0.11810000000002674,"FPS B-A (7,2); FPS B-A (6,1)",232558.0
555.334,19981174.0,44.12383254401131,Ar I 555.274,0.05989999999997053,"FPS B-A (7,2); FPS B-A (6,1)",244245.0
555.822,5146773.0,11.365465812671403,Ar I 555.870,0.048199999999951615,"FPS B-A (7,2); FPS B-A (6,1)",321141.0
556.512,5128028.0,11.32407178642262,N I 556.438,0.07429999999999382,"FPS B-A (7,2); FPS B-A (6,1); FPS B-A (5,0)",-176787.0
556.614,16679447.0,36.83272696362645,N I 556.438,0.17630000000008295,"FPS B-A (7,2); FPS B-A (6,1); FPS B-A (5,0)",131575.0
557.109,8140971.0,17.977464244576034,Ar I 557.254,0.1450999999999567,"FPS B-A (7,2); FPS B-A (6,1); FPS B-A (5,0)",-80834.0
557.298,3959047.0,8.742645795580897,Ar I 557.254,0.04390000000000782,"FPS B-A (6,1); FPS B-A (5,0)",-343453.0
557.688,5310203.0,11.726363423225605,N I 557.598,0.08960000000001855,"FPS B-A (6,1); FPS B-A (5,0)",232079.0
557.789,5571069.0,12.302426056003142,N I 557.598,0.19060000000001764,"FPS B-A (6,1); FPS B-A (5,0)",-490618.0
558.048,9640206.0,21.288180325829355,N I 558.008,0.039700000000038926,"FPS B-A (6,1); FPS B-A (5,0)",221413.0
558.392,9855639.0,21.76391461533877,Ar I 558.187,0.20486000000005333,"FPS B-A (6,1); FPS B-A (5,0)",-303456.0
559.246,15436513.0,34.08799276135895,N I 559.176,0.07039999999994961,"FPS B-A (6,1); FPS B-A (5,0)",210289.0
559.274,4330610.0,9.563157322658858,N I 559.176,0.09839999999996962,"FPS B-A (6,1); FPS B-A (5,0)",102218.0
559.514,5384531.0,11.890499736003386,Ar I 559.748,0.233600000000024,"FPS B-A (6,1); FPS B-A (5,0)",-43962.0
559.542,7391318.0,16.322027810354715,Ar I 559.748,0.205600000000004,"FPS B-A (6,1); FPS B-A (5,0)",-428016.0
559.908,7147676.0,15.784000424742237,Ar I 559.748,0.16039999999998145,"FPS B-A (6,1); FPS B-A (5,0)",-276637.0
560.048,9696676.0,20.83925989064214,Ar I 559.748,0.3003999999999678,"FPS B-A (6,1); FPS B-A (5,0)",204121.0
560.787,5908156.0,12.69729940017143,Ar I 560.673,0.11369999999999436,"FPS B-A (6,1); FPS B-A (5,0)",197572.0
561.12,7263747.0,15.610618681378256,Ar I 560.673,0.44669999999996435,"FPS B-A (5,0)",-190415.0
561.492,3886522.0,8.352577937913804,Ar I 561.801,0.30939999999998236,"FPS B-A (5,0)",-143409.0
561.588,7170792.0,15.410847811119762,Ar I 561.801,0.21339999999997872,"FPS B-A (5,0)",-66874.0
561.985,6168180.0,13.256120558453333,Ar I 562.092,0.1070999999999458,"FPS B-A (5,0)",717369.0
562.203,8492487.0,18.251320732063213,Ar I 562.092,0.1109000000000151,"FPS B-A (5,0)",5487.0
562.881,7423605.0,15.954171710024182,Ar I 562.377,0.5040000000000191,"FPS B-A (5,0)",292452.0
563.11,10525323.0,22.62011656674444,Ar I 563.558,0.4475999999999658,"FPS B-A (5,0)",-402385.0
563.231,9309255.0,20.006648085721313,Ar I 563.558,0.3265999999999849,"FPS B-A (5,0)",488195.0
563.952,5889408.0,12.657007815258233,Ar I 563.912,0.03999999999996362,"FPS B-A (5,0)",177470.0
565.455,5413094.0,14.2688943640038,Ar I 565.070,0.3846000000000913,,314802.0
565.86,6192404.0,16.323152440218955,Ar I 565.913,0.05269999999995889,,448116.0
566.544,6987250.0,18.41836335095706,Ar I 565.913,0.6313000000000102,,116967.0
567.698,5342579.0,14.083017103036648,Ar I 568.190,0.4918999999999869,,-133441.0
567.836,10310962.0,27.17965503079336,Ar I 568.190,0.35389999999995325,,67789.0
568.065,11758283.0,30.994787459641696,Ar I 568.190,0.12489999999991142,,-361900.0
568.293,3483680.0,9.182966694831599,Ar I 568.373,0.08000000000004093,,23594.0
568.475,18171486.0,47.89996519014338,Ar I 568.373,0.10199999999997544,,-229481.0
568.506,15067186.0,39.71704267407826,Ar I 568.373,0.1329999999999245,,118453.0
568.642,4076473.0,10.745566697107728,Ar I 568.373,0.26900000000000546,,9107.0
568.794,6369046.0,16.788780053234056,Ar I 568.373,0.4209999999999354,,-78981.0
569.337,16244663.0,42.820867386718405,Ar I 570.087,0.7502399999999625,,164005.0
569.412,3493540.0,9.208957615814882,Ar I 570.087,0.675239999999917,,69547.0
569.727,5374875.0,14.16814923123909,Ar I 570.087,0.36023999999997613,,634331.0
569.996,9834925.0,25.924823382505473,Ar I 570.087,0.09123999999997068,,-119015.0
572.12,16145590.0,9.878403916235992,N I 571.314,0.80600000000004,,593992.0
572.498,20200800.0,12.359515002616817,N I 572.935,0.43699999999989814,,-80319.0
572.86,25363510.0,15.518231078176195,N I 572.935,0.07499999999993179,,481491.0
573.349,14399900.0,8.810333258394811,N I 573.441,0.09149999999999636,"FPS B-A (12,8)",72558.0
574.092,14036790.0,8.588170596886346,N I 574.046,0.04629999999997381,"FPS B-A (12,8)",-64434.0
574.333,21480880.0,13.14271012184723,N I 574.197,0.13599999999996726,"FPS B-A (12,8)",0.0
574.376,13333940.0,8.158143809848742,N I 574.197,0.17899999999997362,"FPS B-A (12,8)",-324878.0
574.616,20290730.0,12.414537139571063,N I 574.696,0.07979999999997744,"FPS B-A (12,8)",-255303.0
574.772,14841930.0,9.080781776107314,N I 574.696,0.07620000000008531,"FPS B-A (12,8)",424719.0
574.8,20226810.0,12.375428777577119,N I 574.696,0.10419999999999163,"FPS B-A (12,8)",133245.0
575.361,18884910.0,8.252877391870125,N I 575.316,0.04480000000000928,"FPS B-A (12,8)",-1068520.0
575.445,40118580.0,17.532184261187,N I 575.316,0.1288000000000693,"FPS B-A (12,8)",40917.0
575.501,30225990.0,13.209032477141404,N I 575.316,0.18479999999999563,"FPS B-A (12,8)",-234044.0
575.974,24050206.0,10.51015871228506,N I 575.316,0.6578000000000657,"FPS B-A (12,8)",-437113.0
576.705,26075630.0,11.395287417613872,N I 577.197,0.4916999999999234,"FPS B-A (12,8); FPS B-A (11,7)",1191993.0
577.143,31405140.0,13.724331749238738,N I 577.197,0.053699999999935244,"FPS B-A (12,8); FPS B-A (11,7)",313758.0
579.545,25847630.0,11.29564934439317,Ar I 579.040,0.5048999999999069,"FPS B-A (12,8); FPS B-A (11,7)",475553.0
579.593,24461820.0,10.690037773121317,Ar I 579.040,0.5528999999999087,"FPS B-A (12,8); FPS B-A (11,7)",-412941.0
580.373,62809630.0,10.818106149944507,Ar I 580.208,0.1650200000000268,"FPS B-A (12,8); FPS B-A (11,7)",94545.0
583.187,50520990.0,8.701554723698976,Ar I 583.426,0.23929999999995744,"FPS B-A (11,7); FNS B-X (0,4); FPS B-A (10,6)",-127660.0
593.454,56012910.0,9.956122709620832,Ar I 592.881,0.5726999999999407,"FPS B-A (8,4)",654700.0
593.552,51256090.0,9.11061256512774,Ar I 594.086,0.5335000000000036,"FPS B-A (8,4)",4003870.0
593.7,63492200.0,11.285543534584933,Ar I 594.086,0.3854999999999791,"FPS B-A (8,4)",123018.0
595.136,47891280.0,8.642909441528934,Ar I 594.926,0.21010000000001128,"FPS B-A (8,4); FPS B-A (7,3)",-49268.0
598.109,58241100.0,10.510735003846854,Ar I 598.192,0.08330000000000837,"FPS B-A (8,4); FPS B-A (7,3)",-102235.0
602.862,46360230.0,9.258521914090103,Ar I 602.515,0.34699999999998,"FPS B-A (7,3); FPS B-A (6,2)",-536.0
604.53,41162200.0,8.220432269903744,Ar I 604.322,0.2076999999999316,"FPS B-A (6,2)",-461777.0
605.719,35603900.0,13.289431764049583,Ar I 605.937,0.2181999999999107,"FPS B-A (6,2)",-288753.0
606.049,23894990.0,8.918990310265087,Ar I 605.937,0.11180000000001655,"FPS B-A (6,2); FPS B-A (5,1)",-376781.0
606.192,23618460.0,8.815773343424022,Ar I 605.937,0.25480000000004566,"FPS B-A (6,2); FPS B-A (5,1)",2305773.0
610.706,24892490.0,11.946432017022351,Ar I 610.563,0.14250000000004093,"FPS B-A (5,1)",-647973.0
611.038,20142460.0,9.666792235151727,Ar I 611.347,0.30857000000003154,"FPS B-A (5,1)",-720866.0
611.087,39350660.0,18.88521335209779,Ar I 611.347,0.25957000000005337,"FPS B-A (5,1)",404648.0
611.549,18596980.0,8.92508372171383,Ar I 611.347,0.20242999999993572,"FPS B-A (5,1); FPS B-A (4,0)",779440.0
611.631,26078060.0,12.515412115293804,Ar I 611.347,0.28442999999992935,"FPS B-A (5,1); FPS B-A (4,0)",405399.0
612.515,18873550.0,9.057815509612425,Ar I 612.742,0.2265899999999874,"FPS B-A (5,1); FPS B-A (4,0)",-369714.0
612.71,19761550.0,9.48398547618129,Ar I 612.742,0.03158999999993739,"FPS B-A (5,1); FPS B-A (4,0)",-342092.0
613.391,17404440.0,8.352758573141719,Ar I 612.872,0.5185999999999922,"FPS B-A (5,1); FPS B-A (4,0)",233337.0
614.356,20432080.0,9.805786993842803,Ar I 614.544,0.18809999999996307,"FPS B-A (4,0)",327212.0
614.404,18558060.0,8.906405191197097,Ar I 614.544,0.14009999999996126,"FPS B-A (4,0)",-150863.0
615.706,16281550.0,9.380939853231537,Ar I 615.524,0.18218000000001666,"FPS B-A (4,0)",245111.0
615.8,48708530.0,28.064391306068764,Ar I 615.524,0.2761799999999539,"FPS B-A (4,0)",206646.0
616.052,18067410.0,10.409898720556335,Ar I 616.512,0.4602899999999863,"FPS B-A (4,0)",-449792.0
616.13,14936680.0,8.606066172260407,Ar I 616.512,0.3822900000000118,"FPS B-A (4,0)",407272.0
616.177,18891900.0,10.884945082824723,Ar I 616.512,0.3352899999999863,"FPS B-A (4,0)",251502.0
616.631,21011890.0,12.10641961562119,Ar I 616.512,0.11870999999996457,"FPS B-A (4,0); FPS B-A (12,9)",-608671.0
617.16,22234800.0,12.811023609461788,Ar I 617.017,0.14260000000001583,"FPS B-A (4,0); FPS B-A (12,9)",-367607.0
617.439,22957190.0,13.22724301981129,Ar I 617.310,0.1293999999999187,"FPS B-A (4,0); FPS B-A (12,9)",766611.0
617.547,20745210.0,11.952766613292802,Ar I 617.310,0.23739999999997963,"FPS B-A (4,0); FPS B-A (12,9)",-500567.0
617.624,32594310.0,18.779861970609875,Ar I 617.310,0.3143999999999778,"FPS B-A (4,0); FPS B-A (12,9)",205231.0
619.243,17007975.0,9.799484109330232,N I 619.431,0.18829999999991287,"FPS B-A (4,0); FPS B-A (12,9)",250303.0
619.666,14147520.0,8.151375894333784,N I 619.431,0.23470000000008895,"FPS B-A (4,0); FPS B-A (12,9)",208689.0
619.891,16577112.0,9.551233796062583,N I 620.198,0.30700000000001637,"FPS B-A (12,9)",-870624.0
620.026,13205830.0,8.918282353760999,N I 620.198,0.17200000000002547,"FPS B-A (12,9)",779443.0
620.846,23203400.0,15.669933110395785,Ar I 621.250,0.40430000000003474,"FPS B-A (12,9)",723911.0
621.716,65638190.0,44.32738507233636,N I 621.650,0.06550000000004275,"FPS B-A (12,9)",423991.0
621.906,35536293.0,23.998695635183893,N I 621.965,0.05940000000009604,"FPS B-A (12,9)",182418.0
624.781,15427205.0,10.418441712437117,Ar I 624.841,0.059570000000007894,"FPS B-A (12,9); FPS B-A (11,8)",354776.0
626.107,34701110.0,8.631664403637295,N I 626.846,0.7391000000000076,"FPS B-A (11,8)",166177.0
627.924,33805280.0,8.408832801918779,Ar I 627.865,0.05945999999994456,"FPS B-A (11,8); FPS B-A (10,7)",436694.0
629.611,34692340.0,8.629482925960648,Ar I 629.687,0.07619999999997162,"FPS B-A (11,8); FPS B-A (10,7)",7698.0
630.189,47687640.0,12.80938277416786,N I 630.391,0.20249999999998636,"FPS B-A (11,8); FPS B-A (10,7)",-225721.0
632.21,42791390.0,11.494200466802274,N I 632.151,0.05889999999999418,"FPS B-A (10,7)",-725271.0
634.22,36653800.0,9.845581671221177,N I 632.151,2.068899999999985,"FPS B-A (10,7); FPS B-A (9,6)",791311.0
635.27,53740750.0,13.602641629549426,Ar I 636.489,1.2193700000000263,"FPS B-A (10,7); FPS B-A (9,6)",-51872.0
635.859,40957900.0,10.367098255958885,Ar I 636.489,0.6303699999999708,"FPS B-A (10,7); FPS B-A (9,6)",-19439.0
635.952,39311700.0,9.9504187594769,Ar I 636.489,0.5373700000000099,"FPS B-A (10,7); FPS B-A (9,6)",21014.0
636.445,51551840.0,13.048593569383966,Ar I 636.489,0.044369999999958054,"FPS B-A (9,6)",-685220.0
637.513,50441230.0,12.767480450936718,Ar I 636.957,0.5555000000000518,"FPS B-A (9,6)",-520286.0
637.68,36560250.0,9.253982846103458,Ar I 636.957,0.7224999999999682,"FPS B-A (9,6)",523847.0
637.997,32025860.0,8.106256359617642,Ar I 638.472,0.47470000000009804,"FPS B-A (9,6)",-25601.0
638.328,58055604.0,14.69480005022327,Ar I 638.472,0.14370000000008076,"FPS B-A (9,6)",1059040.0
659.68,74500850.0,12.111840044636988,Ar I 659.611,0.0686599999999089,"FPS B-A (6,3)",-81282.0
672.52,52206290.0,10.029743788474521,N I 672.612,0.09180000000003474,"FPS B-A (12,10); FPS B-A (4,1)",699621.0
678.841,113904500.0,15.999985986869685,Ar I 677.993,0.8484100000000581,"FPS B-A (4,1); FPS B-A (11,9)",267304.0
679.159,58022660.0,8.150351802790095,Ar I 677.993,1.1664100000000417,"FPS B-A (4,1); FPS B-A (11,9)",-380612.0
682.857,85876720.0,19.15837707934792,Ar I 682.725,0.13211999999998625,"FPS B-A (3,0); FPS B-A (10,8)",1186991.0
683.146,70902600.0,15.817776304290309,Ar I 682.725,0.4211199999999735,"FPS B-A (3,0); FPS B-A (10,8)",487378.0
683.399,36362250.0,8.112113468627108,Ar I 682.725,0.6741200000000163,"FPS B-A (3,0); FPS B-A (10,8)",-1613514.0
683.471,36000450.0,8.031398918428776,Ar I 682.725,0.746120000000019,"FPS B-A (3,0); FPS B-A (10,8)",-372542.0
684.51,43142940.0,9.624828624471014,Ar I 685.188,0.67841999999996,"FPS B-A (3,0); FPS B-A (10,8)",-183515.0
685.751,62853320.0,19.689376233048232,Ar I 685.188,0.5625800000000254,"FPS B-A (3,0); FPS B-A (10,8)",-81480.0
686.436,44782800.0,14.028620890182928,Ar I 687.129,0.6929000000000087,"FPS B-A (3,0); FPS B-A (10,8)",5796930.0
686.559,27606900.0,8.648113428664377,Ar I 687.129,0.5699000000000751,"FPS B-A (3,0); FPS B-A (10,8)",2446910.0
686.628,32237600.0,10.098722474015943,Ar I 687.129,0.5009000000000015,"FPS B-A (3,0); FPS B-A (10,8)",-1420.0
686.733,25567800.0,8.009346740177458,Ar I 687.129,0.39590000000009695,"FPS B-A (3,0); FPS B-A (10,8)",-2806850.0
687.029,47507090.0,14.882029600779774,Ar I 687.129,0.09990000000004784,"FPS B-A (3,0); FPS B-A (10,8)",-1156640.0
687.377,28915350.0,9.057997335069512,Ar I 687.129,0.2480999999999085,"FPS B-A (3,0); FPS B-A (10,8)",692470.0
689.74,42515830.0,13.318471844133597,N I 690.035,0.29549999999994725,"FPS B-A (10,8)",1492161.0
690.815,15255130.0,12.776204703007588,N I 690.126,0.6889000000001033,"FPS B-A (9,7)",1053228.0
691.032,31452380.0,26.341436964272464,N I 691.738,0.7061999999999671,"FPS B-A (9,7)",-398064.0
691.132,24172690.0,20.244680685274034,N I 691.738,0.606200000000058,"FPS B-A (9,7)",1414629.0
691.697,43623600.0,36.53486030483659,N I 691.738,0.041200000000003456,"FPS B-A (9,7)",-805899.0
692.093,29078930.0,24.35366740397679,N I 692.271,0.17830000000003565,"FPS B-A (9,7)",8808882.0
699.032,35571560.0,23.003415149936675,Ar I 699.221,0.18921999999997752,,356869.0
699.819,105842200.0,68.44603011458108,Ar I 699.221,0.5977799999999434,"FPS B-A (8,6)",-198077.0
700.048,80135800.0,46.817180813024876,Ar I 699.221,0.8267799999999852,"FPS B-A (8,6)",-624970.0
700.239,19788700.0,11.561014502316135,Ar I 699.221,1.0177800000000161,"FPS B-A (8,6)",581717.0
700.372,39187630.0,22.894316389727415,Ar I 699.221,1.1507799999999406,"FPS B-A (8,6)",516489.0
700.999,65121640.0,38.04556259150983,Ar I 699.221,1.777780000000007,"FPS B-A (8,6)",575943.0
701.075,36110840.0,21.096784777717467,Ar I 699.221,1.8537800000000288,"FPS B-A (8,6)",1139041.0
701.264,20078330.0,11.7302230218402,Ar I 703.025,1.7610999999999422,"FPS B-A (8,6)",1726176.0
701.999,27807480.0,16.245770543434684,Ar I 703.025,1.0260999999999285,"FPS B-A (8,6)",-680931.0
702.187,49434500.0,28.88077394749261,Ar I 703.025,0.8380999999999403,"FPS B-A (8,6)",350331.0
703.196,22049710.0,12.881948641490604,Ar I 703.025,0.17090000000007421,"FPS B-A (8,6)",-631977.0
703.456,28581300.0,16.697854017446733,Ar I 703.025,0.4309000000000651,"FPS B-A (8,6)",163179.0
704.196,24385380.0,14.24650087294718,Ar I 703.025,1.1709000000000742,"FPS B-A (8,6)",0.0
704.509,15646080.0,9.140800445931186,Ar I 703.025,1.4839000000000624,"FPS B-A (8,6)",-548010.0
704.564,27332030.0,15.96800169832984,Ar I 703.025,1.5389000000000124,"FPS B-A (8,6)",-1478587.0
704.656,22442410.0,13.111373029907204,Ar I 703.025,1.630899999999997,"FPS B-A (8,6)",36950.0
704.729,28352540.0,16.564207154461805,Ar I 703.025,1.7039000000000897,"FPS B-A (8,6)",-220271.0
704.894,15715430.0,9.181316313862663,Ar I 706.722,1.8278000000000247,"FPS B-A (8,6)",1267395.0
704.986,29779810.0,17.39805117497456,Ar I 706.722,1.7358000000000402,"FPS B-A (8,6)",-1188564.0
705.824,31357780.0,9.677308928385138,Ar I 706.722,0.8978000000000748,"FPS B-A (8,6)",19144290.0
706.096,33144060.0,10.228571912964906,Ar I 706.722,0.6258000000000266,"FPS B-A (8,6)",-322080.0
706.44,35746700.0,11.031771352127127,Ar I 706.722,0.2817999999999756,"FPS B-A (8,6)",16695300.0
706.944,26710100.0,8.242990709420752,Ar I 706.874,0.07039999999994961,"FPS B-A (8,6)",2421000.0
707.213,93134380.0,28.742154805398027,Ar I 706.874,0.33939999999995507,"FPS B-A (8,6)",4096560.0
707.481,59923780.0,18.493048016045353,Ar I 706.874,0.6073999999999842,"FPS B-A (8,6)",284850.0
707.945,31121310.0,9.60433203900409,Ar I 708.670,0.725469999999973,"FPS B-A (8,6)",-505453.0
708.175,57432900.0,17.724338775036074,Ar I 708.670,0.49547000000006847,,742375.0
708.883,26993190.0,8.330354973872398,Ar I 708.670,0.2125300000000152,,1142873.0
709.41,29850430.0,9.212126392720899,Ar I 708.670,0.7395299999999452,,66324.0
709.637,73442420.0,22.665028799494454,Ar I 708.670,0.9665299999999206,,309308.0
709.707,53000610.0,16.356491957111075,Ar I 708.670,1.0365299999999706,,-545744.0
709.881,29618430.0,9.140528987822167,Ar I 710.748,0.866800000000012,"FPS B-A (7,5)",325805.0
710.003,16368540.0,9.366964556344708,Ar I 710.748,0.7447999999999411,"FPS B-A (7,5)",-793832.0
710.316,79890440.0,45.71763394113241,Ar I 710.748,0.4317999999999529,"FPS B-A (7,5)",-1240490.0
710.628,15943190.0,9.12355626372721,Ar I 710.748,0.11979999999994106,"FPS B-A (7,5)",-311452.0
710.922,14621720.0,8.36733960345862,Ar I 710.748,0.17420000000004165,"FPS B-A (7,5)",-185475.0
711.848,32993990.0,18.880946920274607,Ar I 712.582,0.7340000000000373,"FPS B-A (7,5)",3179505.0
712.069,21807390.0,12.47936891111767,Ar I 712.582,0.5130000000000337,"FPS B-A (7,5)",-1829736.0
712.155,22338450.0,12.783270187425295,Ar I 712.582,0.4270000000000209,"FPS B-A (7,5)",-442848.0
712.63,22536350.0,12.896519279018108,Ar I 712.582,0.04800000000000182,"FPS B-A (7,5)",-170660.0
712.832,44319990.0,25.362297154636387,Ar I 712.582,0.25,"FPS B-A (7,5)",1298396.0
713.052,27166135.0,15.545932849104162,Ar I 712.582,0.4700000000000273,"FPS B-A (7,5)",634146.0
713.102,27727924.0,15.867418922458556,Ar I 712.582,0.5199999999999818,"FPS B-A (7,5)",1135020.0
720.328,46309130.0,8.100783042836753,Ar I 720.698,0.37000000000000455,"FPS B-A (6,4)",-2053507.0
721.413,54323160.0,9.502664665937534,Ar I 720.698,0.7150000000000318,"FPS B-A (6,4)",-7213.0
721.884,62180030.0,10.877054538210512,Ar I 722.994,1.1100000000000136,"FPS B-A (6,4)",-1111870.0
722.372,81773950.0,14.304588047881282,Ar I 722.994,0.6220000000000709,"FPS B-A (6,4)",1840617.0
722.625,81694790.0,14.290740713982524,Ar I 722.994,0.3690000000000282,"FPS B-A (6,4)",-644154.0
723.421,132658580.0,23.205756086344156,Ar I 722.994,0.4270000000000209,"FPS B-A (6,4)",-2376347.0
723.711,63498900.0,11.107762386354196,Ar I 722.994,0.7169999999999845,"FPS B-A (6,4)",2124458.0
724.019,61953050.0,10.837349284946997,Ar I 722.994,1.0249999999999773,"FPS B-A (6,4)",-77525.0
724.057,86630140.0,15.154073702325523,Ar I 722.994,1.0629999999999882,"FPS B-A (6,4)",1252768.0
724.403,70120580.0,12.266082420850445,Ar I 722.994,1.4089999999999918,"FPS B-A (6,4)",-205612.0
724.843,118991030.0,20.814913129952547,Ar I 726.517,1.6742000000000417,"FPS B-A (6,4)",-80786.0
728.12,276820400.0,22.7542311601443,Ar I 728.544,0.4243299999999408,"FPS B-A (6,4)",402957900.0
730.049,61787010.0,10.376344665548809,N I 730.656,0.606899999999996,,-2758266.0
731.8,61433740.0,10.317017449682586,N I 731.898,0.09750000000008185,"FPS B-A (5,3)",-1848983.0
731.835,55524100.0,9.324568365492983,N I 731.898,0.0625,"FPS B-A (5,3)",171835.0
732.157,55349210.0,9.295197808177491,N I 731.898,0.25950000000000273,"FPS B-A (5,3)",-1777907.0
732.192,79628720.0,13.37263356806681,N I 731.898,0.2944999999999709,"FPS B-A (5,3)",1088603.0
733.572,81089680.0,13.617983270254701,N I 734.757,1.1849999999999454,"FPS B-A (5,3); FPS B-A (11,10)",-720271.0
733.624,69258300.0,11.631053060343573,N I 734.757,1.1329999999999245,"FPS B-A (5,3); FPS B-A (11,10)",2291641.0
733.66,109126350.0,18.326386398909936,N I 734.757,1.09699999999998,"FPS B-A (5,3); FPS B-A (11,10)",-374844.0
734.149,157899000.0,26.51713436765254,N I 734.757,0.6079999999999472,"FPS B-A (5,3); FPS B-A (11,10)",-120899.0
734.341,84686200.0,14.221973188467924,N I 734.757,0.41599999999994,"FPS B-A (5,3); FPS B-A (11,10)",-1927952.0
734.48,98065150.0,16.468798151565252,N I 734.757,0.27699999999992997,"FPS B-A (5,3); FPS B-A (11,10)",-335971.0
742.402,216145837.0,15.95760605384801,N I 742.364,0.038000000000010914,,1266360.0
742.607,116326850.0,8.58817394565443,Ar I 742.529,0.07759999999996126,,-1407350.0
742.648,139563390.0,10.303680274719106,Ar I 742.529,0.11860000000001492,,-4244720.0
742.913,268875040.0,19.850495506108803,N I 742.875,0.03769999999997253,"FPS B-A (4,2)",-283698.0
744.335,174154600.0,12.857478718248359,N I 744.262,0.07290000000000418,"FPS B-A (4,2); FPS B-A (10,9)",-4168760.0
750.157,105365000.0,9.683583009685455,Ar I 750.387,0.2298999999999296,"FPS B-A (4,2); FPS B-A (10,9)",-29097800.0
750.292,240909800.0,22.140844171657772,Ar I 750.387,0.0948999999999387,"FPS B-A (4,2); FPS B-A (10,9)",138270600.0
751.211,93629000.0,8.60498451681146,Ar I 751.041,0.17020000000002256,"FPS B-A (10,9)",9917900.0
751.345,94362700.0,8.672415303640163,Ar I 751.465,0.12019999999995434,"FPS B-A (10,9)",55735600.0
751.99,98245400.0,9.029255314570792,Ar I 751.465,0.5248000000000275,"FPS B-A (10,9)",1563910.0
752.18,170877800.0,15.704544780642806,Ar I 751.465,0.7147999999999683,"FPS B-A (10,9)",802790.0
753.101,93334160.0,8.57788721111625,N I 754.621,1.519900000000007,,600800.0
754.015,99712130.0,9.164055311797535,N I 754.621,0.6059000000000196,,1667195.0
754.902,111657910.0,10.261933660826532,N I 755.091,0.1893999999999778,"FPS B-A (3,1)",-2753320.0
756.073,115732520.0,10.300586890859794,N I 755.091,0.9815999999999576,"FPS B-A (3,1)",-4358140.0
757.553,228660950.0,20.351600259128087,N I 758.757,1.2041000000000395,"FPS B-A (3,1); FPS B-A (9,8)",3494140.0
766.809,150532600.0,12.281221277739355,Ar I 767.006,0.1967100000000528,,1949073.0
767.775,305608430.0,24.93310255168992,Ar I 767.006,0.7692899999999554,"FPS B-A (2,0)",-3638364.0
767.817,108718770.0,8.8698346498609,Ar I 767.006,0.8112899999999854,"FPS B-A (2,0)",-2201934.0
768.152,422209400.0,34.44600748901943,Ar I 767.006,1.1462900000000218,"FPS B-A (2,0)",18119450.0
768.548,108661800.0,8.865186745179836,Ar I 767.006,1.54228999999998,"FPS B-A (2,0)",-5704630.0
768.715,225266700.0,18.37841231205817,N I 770.351,1.6359999999999673,"FPS B-A (2,0)",28038580.0
768.86,262254700.0,21.396082986855678,N I 770.351,1.4909999999999854,"FPS B-A (2,0)",0.0
769.399,199904200.0,16.3092095303573,N I 770.351,0.9519999999999982,"FPS B-A (2,0); FPS B-A (8,7)",-643500.0
769.709,141785800.0,11.567612489529155,N I 770.351,0.6420000000000528,"FPS B-A (2,0); FPS B-A (8,7)",-721129.0
774.568,885587000.0,21.13442881702159,N I 772.721,1.84699999999998,"FPS B-A (2,0); FPS B-A (8,7)",832649600.0
775.123,144316500.0,17.95817741376141,N I 772.721,2.4020000000000437,"FPS B-A (2,0); FPS B-A (8,7)",25095200.0
775.32,108584500.0,13.511827929478441,N I 772.721,2.5990000000000464,"FPS B-A (2,0); FPS B-A (8,7)",-6505800.0
775.615,287105100.0,35.72622896339441,N I 772.721,2.8940000000000055,"FPS B-A (2,0); FPS B-A (8,7)",193119800.0
775.674,1083441100.0,134.81914743747814,N I 772.721,2.9529999999999745,"FPS B-A (2,0); FPS B-A (8,7)",898352400.0
775.772,78265100.0,9.739001092084258,N I 772.721,3.0510000000000446,"FPS B-A (8,7)",30048400.0
775.851,75228100.0,9.361088761854566,N I 772.721,3.1299999999999955,"FPS B-A (8,7)",2883500.0
776.144,66442900.0,8.267893041230959,N I 772.721,3.423000000000002,"FPS B-A (8,7)",2264020.0
776.359,147778670.0,18.388996225862602,Ar I 779.856,3.4970899999999574,"FPS B-A (8,7)",-2612040.0
776.476,149712670.0,18.62965557609778,Ar I 779.856,3.3800899999999956,"FPS B-A (8,7)",-4692560.0
777.196,302981070.0,37.70177220256356,Ar I 779.856,2.6600899999999683,"FPS B-A (8,7)",99603727.0
777.273,89384520.0,11.122657964986018,Ar I 779.856,2.58308999999997,"FPS B-A (8,7)",258998.0
777.524,357402990.0,44.47382179188654,Ar I 779.856,2.332089999999994,,11696487.0
777.602,78991210.0,9.829355363438582,Ar I 779.856,2.2540900000000192,,3501034.0
778.39,130738990.0,16.268645493176308,Ar I 779.856,1.4660900000000083,,-5880645.0
778.428,105941370.0,13.182927232277255,Ar I 779.856,1.4280899999999974,,2946435.0
778.562,67318090.0,8.376798241195965,Ar I 779.856,1.2940899999999829,,-2969462.0
780.194,128488720.0,25.02279663944182,Ar I 779.856,0.3379099999999653,,-1117927.0
780.551,153880420.0,29.967754807207168,Ar I 779.856,0.6949100000000499,,-6735210.0
780.719,48644120.0,9.473297908677155,Ar I 779.856,0.8629100000000562,,-3991020.0
781.13,93249100.0,18.159985297627482,Ar I 779.856,1.2739100000000008,,-107950.0
781.335,181538300.0,35.35404479996362,Ar I 779.856,1.4789100000000417,,120070.0
781.744,103569850.0,20.16992070998523,Ar I 779.856,1.8879100000000335,,446680.0
792.449,257905840.0,30.92582498062179,Ar I 791.644,0.8048199999999497,,-6978300.0
793.383,610641773.0,73.22284984959853,Ar I 794.818,1.4345999999999322,,-3547201.0
794.073,576111980.0,69.08233742485041,Ar I 794.818,0.7445999999999913,,-8240110.0
795.871,169559720.0,16.51138873769784,N I 795.971,0.09960857437613413,,-9016850.0
797.056,111460090.0,10.853762171397708,Ar I 796.506,0.5495300000000043,,-2537138.0
797.308,82249700.0,8.009312413697227,N I 798.024,0.7155612935279123,"FPS B-A (6,5)",2958302.0
797.812,398086000.0,38.76482396311566,N I 798.024,0.2115612935278932,"FPS B-A (6,5)",109798400.0
798.105,965098500.0,93.97937495809192,N I 798.024,0.08143870647211315,"FPS B-A (6,5)",757658100.0
798.501,150486200.0,14.654047245766533,N I 798.389,0.11248011387147017,"FPS B-A (6,5)",-2076790.0
798.646,212994700.0,20.741000815342993,N I 798.389,0.257480113871452,"FPS B-A (6,5)",-3571910.0
798.917,154169700.0,15.012739159242859,N I 798.389,0.5284801138715238,"FPS B-A (6,5)",0.0
799.806,93418400.0,9.09689823534594,Ar I 800.616,0.809699999999907,"FPS B-A (6,5)",-10587480.0
800.463,140581400.0,10.962556911167674,Ar I 800.616,0.15269999999998163,"FPS B-A (6,5)",-9669900.0
801.096,278232600.0,21.696616423240563,N I 801.032,0.06409376125077415,"FPS B-A (6,5)",-12373900.0
801.807,184352600.0,14.375841108580008,Ar I 801.674,0.1332400000000007,"FPS B-A (6,5)",22683100.0
801.989,203889300.0,15.899315662158289,Ar I 801.674,0.31524000000001706,"FPS B-A (6,5)",-4267350.0
802.212,156221800.0,12.182197454749021,Ar I 801.674,0.5382399999999734,"FPS B-A (6,5)",7670340.0
802.292,251102760.0,19.58102776790726,Ar I 801.674,0.6182400000000143,"FPS B-A (6,5)",9566790.0
803.376,186144210.0,14.515551102843952,N I 803.680,0.30398320410438373,"FPS B-A (6,5)",-3377927.0
803.555,114770210.0,8.949796764235277,N I 803.680,0.1249832041044101,"FPS B-A (6,5)",-2212662.0
804.191,164587430.0,12.834550432972112,Ar I 804.612,0.42079999999998563,"FPS B-A (6,5)",946820.0
804.251,119758430.0,9.338778846042862,Ar I 804.612,0.3608000000000402,"FPS B-A (6,5)",-2498010.0
804.804,147477190.0,11.500291563991311,Ar I 804.612,0.19219999999995707,"FPS B-A (6,5)",3908510.0
806.485,201630090.0,22.178854790786847,Ar I 806.660,0.17543000000000575,,-1333690.0
806.795,351078870.0,38.617883262580165,Ar I 806.660,0.13456999999993968,,7848670.0
820.734,193401800.0,10.827640136436502,N I 821.072,0.3375148149884808,"FPS B-A (5,4); FPS B-A (10,10)",6088590.0
822.182,1529962100.0,85.6552474753941,N I 822.313,0.1308221479509939,"FPS B-A (10,10)",556748000.0
822.248,247389600.0,13.850158386824587,N I 822.313,0.06482214795096297,"FPS B-A (10,10)",301119100.0
823.703,242658890.0,13.585308600163648,N I 823.324,0.3791357553080843,"FPS B-A (10,10)",-6607490.0
825.164,739148700.0,21.683678514134893,N I 824.239,0.925055300899885,,39990700.0
825.272,467536100.0,13.715646778723174,N I 824.239,1.033055300899946,,6688000.0
825.575,342494000.0,10.047409660627308,Ar I 826.452,0.8771999999999025,,0.0
826.737,356951600.0,10.471538053853132,Ar I 826.452,0.28480000000001837,,-10923190.0
827.293,633609700.0,18.587584660890908,Ar I 826.452,0.8408000000000584,,2324200.0
828.143,4205780900.0,123.38085819063053,Ar I 826.452,1.6908000000000811,,301567500.0
828.587,311843200.0,9.148237283809157,Ar I 826.452,2.134800000000041,,-21201100.0
829.051,843776400.0,24.75303845547464,N I 831.217,2.1663724525616317,"FPS B-A (4,3)",475034200.0
829.093,1155841800.0,33.90779420216663,N I 831.217,2.1243724525617154,"FPS B-A (4,3)",1416221200.0
829.156,541228800.0,15.877497047334334,N I 831.217,2.061372452561727,"FPS B-A (4,3)",299525200.0
830.118,367158400.0,24.068201730361785,N I 831.217,1.0993724525616244,"FPS B-A (4,3)",-19961540.0
831.546,556069900.0,36.451848927825445,N I 831.284,0.26201026307137454,"FPS B-A (4,3)",0.0
832.774,204904900.0,13.432056760078508,N I 831.284,1.4900102630713263,"FPS B-A (4,3)",-1021983.0
833.504,181338500.0,11.887217068930497,N I 831.284,2.2200102630713445,"FPS B-A (4,3); FPS B-A (9,9)",-2637250.0
849.225,314026400.0,8.601545825754174,Ar I 849.031,0.19434000000001106,"FPS B-A (3,2)",-8495460.0
850.061,1106471300.0,35.62906982958285,Ar I 849.031,1.0303400000000238,"FPS B-A (3,2)",-55162440.0
851.813,731051700.0,23.540323249536844,Ar I 852.144,0.3311999999999671,"FPS B-A (3,2); FPS B-A (8,8)",68931000.0
852.932,276798700.0,8.913091745839008,Ar I 852.144,0.7878000000000611,"FPS B-A (3,2); FPS B-A (8,8)",-8135980.0
853.136,651044600.0,20.964044449750155,Ar I 852.144,0.991800000000012,"FPS B-A (3,2); FPS B-A (8,8)",4210290.0
853.658,1011130200.0,32.55902661243909,Ar I 852.144,1.5138000000000602,"FPS B-A (3,2); FPS B-A (8,8)",-7270270.0
853.839,1088341100.0,35.04526601847243,Ar I 852.144,1.6948000000001002,"FPS B-A (3,2); FPS B-A (8,8)",-8181530.0
854.064,514340900.0,16.562099570328208,Ar I 852.144,1.9198000000000093,"FPS B-A (3,2); FPS B-A (8,8)",-7069400.0
855.053,1586290100.0,40.20124384215416,N I 856.774,1.7205236344027526,"FPS B-A (8,8)",344211600.0
855.879,1495815100.0,37.90834197217534,N I 856.774,0.8945236344027307,"FPS B-A (8,8)",46623200.0
856.124,599051600.0,15.181724607392178,N I 856.774,0.6495236344027262,"FPS B-A (8,8)",1029300.0
857.691,502718000.0,12.74034862969898,N I 856.774,0.9174763655972811,"FPS B-A (8,8)",3248000.0
857.779,830929000.0,21.05817803724383,N I 856.774,1.0054763655972465,"FPS B-A (8,8)",13377000.0
858.653,1105981000.0,28.028802465444063,N I 859.400,0.7469555983167311,"FPS B-A (8,8)",26653000.0
859.65,409893400.0,10.387901004166661,N I 859.400,0.25004440168322617,,40636300.0
860.917,540989300.0,14.363718449171815,Ar I 860.578,0.33940000000006876,,-13335700.0
862.298,642342800.0,17.05473865574177,Ar I 862.046,0.25197000000002845,,-44743550.0
863.579,927590200.0,24.628295733410944,N I 863.190,0.3885091933047988,,-33410100.0
864.431,1606533500.0,42.65480828024245,N I 865.575,1.1437661602600429,,17028580.0
