BOLSIG+ runs collected by HelperFunctions (see library.json)

R1  
------------------------------------------------------------
Electric field / N (Td)                    3.000    
Angular frequency / N (m3/s)              0.1938E-11
Cosine of E-B field angle                  0.000    
Gas temperature (K)                        800.0    
Excitation temperature (K)                 300.0    
Transition energy (eV)                     0.000    
Ionization degree                          0.000    
Plasma density (1/m3)                     0.1000E+19
Ion charge parameter                       1.000    
Ion/neutral mass ratio                     1.000    
Coulomb collision model                    1.000    
Energy sharing                             0.000    
Growth model                               1.000    
Maxwellian mean energy (eV)                0.000    
# of grid points                           500.0    
Grid type                                  1.000    
Maximum energy                             30.00    
Precision                                 0.1000E-29
Convergence                               0.1000E-03
Maximum # of iterations                   0.2000E+05
Mole fraction Ar                           1.000    
------------------------------------------------------------
Mean energy (eV)                          0.1189    
Mobility *N (1/m/V/s)                     0.3047E+27
Re/perp mobility *N (1/m/V/s)             0.4400E+20
Im/Hall mobility *N (1/m/V/s)            -0.9094E+23
Diffusion coefficient *N (1/m/s)          0.2421E+26
Energy mobility *N (1/m/V/s)              0.5413E+27
Energy diffusion coef. *N (1/m/s)         0.4290E+26
Total collision freq. /N (m3/s)           0.1368E-14
Momentum frequency /N (m3/s)              0.9395E-15
Total ionization freq. /N (m3/s)           0.000    
Power /N (eV m3/s)                        0.3960E-21
Elastic power loss /N (eV m3/s)           0.3955E-21
Inelastic power loss /N (eV m3/s)        -0.2338-207
Growth power /N (eV m3/s)                  0.000    
Maximum energy                             6.588    
# of iterations                            8.000    
# of grid trials                           2.000    
------------------------------------------------------------
Rate coefficients (m3/s)
C1    Ar    Elastic                       0.1368E-14
C2    Ar    Excitation    11.55 eV         0.000    
C3    Ar    Excitation    11.62 eV         0.000    
C4    Ar    Excitation    11.72 eV         0.000    
C5    Ar    Excitation    11.83 eV         0.000    
C6    Ar    Excitation    12.91 eV         0.000    
C7    Ar    Excitation    13.08 eV         0.000    
C8    Ar    Excitation    13.10 eV         0.000    
C9    Ar    Excitation    13.15 eV         0.000    
C10   Ar    Excitation    13.17 eV         0.000    
C11   Ar    Excitation    13.27 eV         0.000    
C12   Ar    Excitation    13.28 eV         0.000    
C13   Ar    Excitation    13.30 eV         0.000    
C14   Ar    Excitation    13.33 eV         0.000    
C15   Ar    Excitation    13.48 eV         0.000    
C16   Ar    Excitation    13.85 eV         0.000    
C17   Ar    Excitation    13.86 eV         0.000    
C18   Ar    Excitation    13.90 eV         0.000    
C19   Ar    Excitation    13.98 eV         0.000    
C20   Ar    Excitation    14.01 eV         0.000    
C21   Ar    Excitation    14.06 eV         0.000    
C22   Ar    Excitation    14.07 eV         0.000    
C23   Ar    Excitation    14.09 eV         0.000    
C24   Ar    Excitation    14.10 eV         0.000    
C25   Ar    Excitation    14.15 eV         0.000    
C26   Ar    Excitation    14.21 eV         0.000    
C27   Ar    Excitation    14.23 eV         0.000    
C28   Ar    Excitation    14.24 eV         0.000    
C29   Ar    Excitation    14.24 eV         0.000    
C30   Ar    Excitation    14.26 eV         0.000    
C31   Ar    Excitation    14.30 eV         0.000    
C32   Ar    Excitation    14.71 eV         0.000    
C33   Ar    Excitation    14.85 eV         0.000    
C34   Ar    Excitation    14.86 eV         0.000    
C35   Ar    Excitation    15.00 eV         0.000    
C36   Ar    Excitation    15.02 eV         0.000    
C37   Ar    Excitation    15.12 eV         0.000    
C38   Ar    Excitation    15.19 eV         0.000    
C39   Ar    Excitation    15.19 eV         0.000    
C40   Ar    Excitation    15.31 eV         0.000    
C41   Ar    Excitation    15.35 eV         0.000    
C42   Ar    Excitation    15.36 eV         0.000    
C43   Ar    Excitation    15.37 eV         0.000    
C44   Ar    Excitation    15.37 eV         0.000    
C45   Ar    Excitation    15.66 eV         0.000    
C46   Ar    Ionization    15.76 eV         0.000    
------------------------------------------------------------
Energy (eV) EEDF (eV-3/2) Anisotropy
  0.6588E-02	  0.4658E+02	  0.1856E-05
  0.1976E-01	  0.3945E+02	  0.2123E-05
  0.3294E-01	  0.3341E+02	  0.2658E-05
  0.4612E-01	  0.2829E+02	  0.2794E-05
  0.5929E-01	  0.2396E+02	  0.2772E-05
  0.7247E-01	  0.2029E+02	  0.2658E-05
  0.8564E-01	  0.1718E+02	  0.2446E-05
  0.9882E-01	  0.1455E+02	  0.2206E-05
  0.1120E+00	  0.1232E+02	  0.1974E-05
  0.1252E+00	  0.1044E+02	  0.1734E-05
  0.1383E+00	  0.8837E+01	  0.1504E-05
  0.1515E+00	  0.7484E+01	  0.1310E-05
  0.1647E+00	  0.6338E+01	  0.1139E-05
  0.1779E+00	  0.5367E+01	  0.9971E-06
  0.1911E+00	  0.4545E+01	  0.8986E-06
  0.2042E+00	  0.3849E+01	  0.8306E-06
  0.2174E+00	  0.3260E+01	  0.8008E-06
  0.2306E+00	  0.2761E+01	  0.8160E-06
  0.2438E+00	  0.2338E+01	  0.8618E-06
  0.2569E+00	  0.1980E+01	  0.9492E-06
  0.2701E+00	  0.1677E+01	  0.1076E-05
  0.2833E+00	  0.1420E+01	  0.1237E-05
  0.2965E+00	  0.1202E+01	  0.1438E-05
  0.3096E+00	  0.1018E+01	  0.1671E-05
  0.3228E+00	  0.8624E+00	  0.1940E-05
  0.3360E+00	  0.7303E+00	  0.2243E-05
  0.3492E+00	  0.6185E+00	  0.2578E-05
  0.3623E+00	  0.5238E+00	  0.2946E-05
  0.3755E+00	  0.4435E+00	  0.3344E-05
  0.3887E+00	  0.3756E+00	  0.3772E-05
  0.4019E+00	  0.3181E+00	  0.4229E-05
  0.4150E+00	  0.2694E+00	  0.4714E-05
  0.4282E+00	  0.2281E+00	  0.5227E-05
  0.4414E+00	  0.1932E+00	  0.5766E-05
  0.4546E+00	  0.1636E+00	  0.6331E-05
  0.4677E+00	  0.1386E+00	  0.6921E-05
  0.4809E+00	  0.1173E+00	  0.7536E-05
  0.4941E+00	  0.9937E-01	  0.8174E-05
  0.5073E+00	  0.8415E-01	  0.8836E-05
  0.5205E+00	  0.7126E-01	  0.9521E-05
  0.5336E+00	  0.6035E-01	  0.1023E-04
  0.5468E+00	  0.5111E-01	  0.1096E-04
  0.5600E+00	  0.4328E-01	  0.1171E-04
  0.5732E+00	  0.3665E-01	  0.1248E-04
  0.5863E+00	  0.3104E-01	  0.1328E-04
  0.5995E+00	  0.2629E-01	  0.1409E-04
  0.6127E+00	  0.2226E-01	  0.1493E-04
  0.6259E+00	  0.1885E-01	  0.1578E-04
  0.6390E+00	  0.1597E-01	  0.1666E-04
  0.6522E+00	  0.1352E-01	  0.1756E-04
  0.6654E+00	  0.1145E-01	  0.1848E-04
  0.6786E+00	  0.9696E-02	  0.1941E-04
  0.6917E+00	  0.8211E-02	  0.2037E-04
  0.7049E+00	  0.6954E-02	  0.2135E-04
  0.7181E+00	  0.5889E-02	  0.2236E-04
  0.7313E+00	  0.4987E-02	  0.2338E-04
  0.7444E+00	  0.4223E-02	  0.2442E-04
  0.7576E+00	  0.3577E-02	  0.2549E-04
  0.7708E+00	  0.3029E-02	  0.2658E-04
  0.7840E+00	  0.2565E-02	  0.2769E-04
  0.7971E+00	  0.2172E-02	  0.2882E-04
  0.8103E+00	  0.1840E-02	  0.2998E-04
  0.8235E+00	  0.1558E-02	  0.3116E-04
  0.8367E+00	  0.1319E-02	  0.3236E-04
  0.8499E+00	  0.1117E-02	  0.3359E-04
  0.8630E+00	  0.9462E-03	  0.3484E-04
  0.8762E+00	  0.8013E-03	  0.3612E-04
  0.8894E+00	  0.6786E-03	  0.3743E-04
  0.9026E+00	  0.5746E-03	  0.3876E-04
  0.9157E+00	  0.4866E-03	  0.4012E-04
  0.9289E+00	  0.4121E-03	  0.4150E-04
  0.9421E+00	  0.3490E-03	  0.4292E-04
  0.9553E+00	  0.2956E-03	  0.4436E-04
  0.9684E+00	  0.2503E-03	  0.4583E-04
  0.9816E+00	  0.2120E-03	  0.4734E-04
  0.9948E+00	  0.1795E-03	  0.4882E-04
  0.1008E+01	  0.1520E-03	  0.5020E-04
  0.1021E+01	  0.1287E-03	  0.5154E-04
  0.1034E+01	  0.1090E-03	  0.5288E-04
  0.1047E+01	  0.9233E-04	  0.5422E-04
  0.1061E+01	  0.7819E-04	  0.5557E-04
  0.1074E+01	  0.6621E-04	  0.5694E-04
  0.1087E+01	  0.5607E-04	  0.5832E-04
  0.1100E+01	  0.4749E-04	  0.5972E-04
  0.1113E+01	  0.4022E-04	  0.6114E-04
  0.1127E+01	  0.3406E-04	  0.6257E-04
  0.1140E+01	  0.2884E-04	  0.6402E-04
  0.1153E+01	  0.2442E-04	  0.6549E-04
  0.1166E+01	  0.2068E-04	  0.6698E-04
  0.1179E+01	  0.1752E-04	  0.6847E-04
  0.1192E+01	  0.1483E-04	  0.6998E-04
  0.1206E+01	  0.1256E-04	  0.7150E-04
  0.1219E+01	  0.1064E-04	  0.7304E-04
  0.1232E+01	  0.9009E-05	  0.7458E-04
  0.1245E+01	  0.7630E-05	  0.7614E-04
  0.1258E+01	  0.6461E-05	  0.7771E-04
  0.1271E+01	  0.5472E-05	  0.7930E-04
  0.1285E+01	  0.4634E-05	  0.8090E-04
  0.1298E+01	  0.3924E-05	  0.8252E-04
  0.1311E+01	  0.3323E-05	  0.8416E-04
  0.1324E+01	  0.2814E-05	  0.8582E-04
  0.1337E+01	  0.2383E-05	  0.8749E-04
  0.1351E+01	  0.2018E-05	  0.8917E-04
  0.1364E+01	  0.1709E-05	  0.9087E-04
  0.1377E+01	  0.1447E-05	  0.9259E-04
  0.1390E+01	  0.1226E-05	  0.9433E-04
  0.1403E+01	  0.1038E-05	  0.9608E-04
  0.1416E+01	  0.8791E-06	  0.9784E-04
  0.1430E+01	  0.7445E-06	  0.9962E-04
  0.1443E+01	  0.6305E-06	  0.1014E-03
  0.1456E+01	  0.5339E-06	  0.1032E-03
  0.1469E+01	  0.4522E-06	  0.1051E-03
  0.1482E+01	  0.3829E-06	  0.1069E-03
  0.1495E+01	  0.3243E-06	  0.1088E-03
  0.1509E+01	  0.2746E-06	  0.1107E-03
  0.1522E+01	  0.2326E-06	  0.1127E-03
  0.1535E+01	  0.1969E-06	  0.1146E-03
  0.1548E+01	  0.1668E-06	  0.1166E-03
  0.1561E+01	  0.1412E-06	  0.1187E-03
  0.1575E+01	  0.1196E-06	  0.1207E-03
  0.1588E+01	  0.1013E-06	  0.1228E-03
  0.1601E+01	  0.8578E-07	  0.1248E-03
  0.1614E+01	  0.7265E-07	  0.1269E-03
  0.1627E+01	  0.6152E-07	  0.1290E-03
  0.1640E+01	  0.5210E-07	  0.1311E-03
  0.1654E+01	  0.4412E-07	  0.1333E-03
  0.1667E+01	  0.3736E-07	  0.1354E-03
  0.1680E+01	  0.3164E-07	  0.1376E-03
  0.1693E+01	  0.2680E-07	  0.1397E-03
  0.1706E+01	  0.2269E-07	  0.1419E-03
  0.1719E+01	  0.1922E-07	  0.1440E-03
  0.1733E+01	  0.1627E-07	  0.1461E-03
  0.1746E+01	  0.1378E-07	  0.1483E-03
  0.1759E+01	  0.1167E-07	  0.1504E-03
  0.1772E+01	  0.9884E-08	  0.1526E-03
  0.1785E+01	  0.8371E-08	  0.1547E-03
  0.1799E+01	  0.7089E-08	  0.1569E-03
  0.1812E+01	  0.6003E-08	  0.1591E-03
  0.1825E+01	  0.5084E-08	  0.1613E-03
  0.1838E+01	  0.4305E-08	  0.1635E-03
  0.1851E+01	  0.3646E-08	  0.1658E-03
  0.1864E+01	  0.3088E-08	  0.1680E-03
  0.1878E+01	  0.2615E-08	  0.1703E-03
  0.1891E+01	  0.2214E-08	  0.1726E-03
  0.1904E+01	  0.1875E-08	  0.1749E-03
  0.1917E+01	  0.1588E-08	  0.1772E-03
  0.1930E+01	  0.1345E-08	  0.1796E-03
  0.1943E+01	  0.1139E-08	  0.1819E-03
  0.1957E+01	  0.9645E-09	  0.1843E-03
  0.1970E+01	  0.8168E-09	  0.1867E-03
  0.1983E+01	  0.6917E-09	  0.1891E-03
  0.1996E+01	  0.5858E-09	  0.1916E-03
  0.2009E+01	  0.4961E-09	  0.1941E-03
  0.2023E+01	  0.4201E-09	  0.1967E-03
  0.2036E+01	  0.3558E-09	  0.1994E-03
  0.2049E+01	  0.3013E-09	  0.2021E-03
  0.2062E+01	  0.2551E-09	  0.2048E-03
  0.2075E+01	  0.2161E-09	  0.2075E-03
  0.2088E+01	  0.1830E-09	  0.2102E-03
  0.2102E+01	  0.1550E-09	  0.2130E-03
  0.2115E+01	  0.1312E-09	  0.2158E-03
  0.2128E+01	  0.1111E-09	  0.2186E-03
  0.2141E+01	  0.9411E-10	  0.2214E-03
  0.2154E+01	  0.7970E-10	  0.2243E-03
  0.2167E+01	  0.6749E-10	  0.2271E-03
  0.2181E+01	  0.5716E-10	  0.2300E-03
  0.2194E+01	  0.4840E-10	  0.2329E-03
  0.2207E+01	  0.4099E-10	  0.2358E-03
  0.2220E+01	  0.3471E-10	  0.2387E-03
  0.2233E+01	  0.2940E-10	  0.2417E-03
  0.2247E+01	  0.2490E-10	  0.2446E-03
  0.2260E+01	  0.2108E-10	  0.2476E-03
  0.2273E+01	  0.1785E-10	  0.2506E-03
  0.2286E+01	  0.1512E-10	  0.2536E-03
  0.2299E+01	  0.1280E-10	  0.2567E-03
  0.2312E+01	  0.1084E-10	  0.2597E-03
  0.2326E+01	  0.9183E-11	  0.2628E-03
  0.2339E+01	  0.7777E-11	  0.2659E-03
  0.2352E+01	  0.6586E-11	  0.2690E-03
  0.2365E+01	  0.5577E-11	  0.2721E-03
  0.2378E+01	  0.4723E-11	  0.2752E-03
  0.2391E+01	  0.4000E-11	  0.2784E-03
  0.2405E+01	  0.3387E-11	  0.2816E-03
  0.2418E+01	  0.2868E-11	  0.2848E-03
  0.2431E+01	  0.2429E-11	  0.2880E-03
  0.2444E+01	  0.2057E-11	  0.2912E-03
  0.2457E+01	  0.1742E-11	  0.2945E-03
  0.2471E+01	  0.1475E-11	  0.2978E-03
  0.2484E+01	  0.1249E-11	  0.3011E-03
  0.2497E+01	  0.1058E-11	  0.3044E-03
  0.2510E+01	  0.8960E-12	  0.3078E-03
  0.2523E+01	  0.7588E-12	  0.3112E-03
  0.2536E+01	  0.6426E-12	  0.3146E-03
  0.2550E+01	  0.5442E-12	  0.3181E-03
  0.2563E+01	  0.4608E-12	  0.3216E-03
  0.2576E+01	  0.3903E-12	  0.3251E-03
  0.2589E+01	  0.3305E-12	  0.3287E-03
  0.2602E+01	  0.2799E-12	  0.3322E-03
  0.2615E+01	  0.2370E-12	  0.3358E-03
  0.2629E+01	  0.2007E-12	  0.3394E-03
  0.2642E+01	  0.1700E-12	  0.3430E-03
  0.2655E+01	  0.1439E-12	  0.3466E-03
  0.2668E+01	  0.1219E-12	  0.3502E-03
  0.2681E+01	  0.1032E-12	  0.3539E-03
  0.2694E+01	  0.8742E-13	  0.3576E-03
  0.2708E+01	  0.7404E-13	  0.3613E-03
  0.2721E+01	  0.6270E-13	  0.3650E-03
  0.2734E+01	  0.5310E-13	  0.3687E-03
  0.2747E+01	  0.4496E-13	  0.3725E-03
  0.2760E+01	  0.3808E-13	  0.3763E-03
  0.2774E+01	  0.3225E-13	  0.3801E-03
  0.2787E+01	  0.2731E-13	  0.3839E-03
  0.2800E+01	  0.2313E-13	  0.3877E-03
  0.2813E+01	  0.1958E-13	  0.3916E-03
  0.2826E+01	  0.1659E-13	  0.3955E-03
  0.2839E+01	  0.1405E-13	  0.3994E-03
  0.2853E+01	  0.1189E-13	  0.4033E-03
  0.2866E+01	  0.1007E-13	  0.4072E-03
  0.2879E+01	  0.8530E-14	  0.4112E-03
  0.2892E+01	  0.7224E-14	  0.4151E-03
  0.2905E+01	  0.6117E-14	  0.4191E-03
  0.2918E+01	  0.5180E-14	  0.4231E-03
  0.2932E+01	  0.4387E-14	  0.4271E-03
  0.2945E+01	  0.3715E-14	  0.4312E-03
  0.2958E+01	  0.3146E-14	  0.4352E-03
  0.2971E+01	  0.2664E-14	  0.4393E-03
  0.2984E+01	  0.2256E-14	  0.4434E-03
  0.2998E+01	  0.1911E-14	  0.4475E-03
  0.3011E+01	  0.1618E-14	  0.4516E-03
  0.3024E+01	  0.1370E-14	  0.4557E-03
  0.3037E+01	  0.1160E-14	  0.4598E-03
  0.3050E+01	  0.9827E-15	  0.4640E-03
  0.3063E+01	  0.8322E-15	  0.4682E-03
  0.3077E+01	  0.7048E-15	  0.4723E-03
  0.3090E+01	  0.5968E-15	  0.4765E-03
  0.3103E+01	  0.5054E-15	  0.4807E-03
  0.3116E+01	  0.4280E-15	  0.4850E-03
  0.3129E+01	  0.3625E-15	  0.4892E-03
  0.3142E+01	  0.3070E-15	  0.4935E-03
  0.3156E+01	  0.2600E-15	  0.4978E-03
  0.3169E+01	  0.2201E-15	  0.5021E-03
  0.3182E+01	  0.1864E-15	  0.5064E-03
  0.3195E+01	  0.1579E-15	  0.5107E-03
  0.3208E+01	  0.1337E-15	  0.5151E-03
  0.3222E+01	  0.1132E-15	  0.5195E-03
  0.3235E+01	  0.9588E-16	  0.5239E-03
  0.3248E+01	  0.8120E-16	  0.5283E-03
  0.3261E+01	  0.6876E-16	  0.5327E-03
  0.3274E+01	  0.5823E-16	  0.5372E-03
  0.3287E+01	  0.4931E-16	  0.5416E-03
  0.3301E+01	  0.4176E-16	  0.5461E-03
  0.3314E+01	  0.3536E-16	  0.5506E-03
  0.3327E+01	  0.2995E-16	  0.5552E-03
  0.3340E+01	  0.2536E-16	  0.5597E-03
  0.3353E+01	  0.2148E-16	  0.5643E-03
  0.3366E+01	  0.1819E-16	  0.5689E-03
  0.3380E+01	  0.1540E-16	  0.5735E-03
  0.3393E+01	  0.1304E-16	  0.5781E-03
  0.3406E+01	  0.1105E-16	  0.5827E-03
  0.3419E+01	  0.9354E-17	  0.5874E-03
  0.3432E+01	  0.7922E-17	  0.5920E-03
  0.3446E+01	  0.6708E-17	  0.5967E-03
  0.3459E+01	  0.5681E-17	  0.6014E-03
  0.3472E+01	  0.4811E-17	  0.6062E-03
  0.3485E+01	  0.4074E-17	  0.6109E-03
  0.3498E+01	  0.3450E-17	  0.6157E-03
  0.3511E+01	  0.2922E-17	  0.6204E-03
  0.3525E+01	  0.2474E-17	  0.6252E-03
  0.3538E+01	  0.2095E-17	  0.6301E-03
  0.3551E+01	  0.1774E-17	  0.6349E-03
  0.3564E+01	  0.1503E-17	  0.6398E-03
  0.3577E+01	  0.1272E-17	  0.6446E-03
  0.3590E+01	  0.1078E-17	  0.6495E-03
  0.3604E+01	  0.9126E-18	  0.6544E-03
  0.3617E+01	  0.7728E-18	  0.6594E-03
  0.3630E+01	  0.6544E-18	  0.6643E-03
  0.3643E+01	  0.5542E-18	  0.6693E-03
  0.3656E+01	  0.4693E-18	  0.6743E-03
  0.3670E+01	  0.3974E-18	  0.6793E-03
  0.3683E+01	  0.3366E-18	  0.6843E-03
  0.3696E+01	  0.2850E-18	  0.6894E-03
  0.3709E+01	  0.2414E-18	  0.6944E-03
  0.3722E+01	  0.2044E-18	  0.6995E-03
  0.3735E+01	  0.1731E-18	  0.7046E-03
  0.3749E+01	  0.1466E-18	  0.7097E-03
  0.3762E+01	  0.1241E-18	  0.7148E-03
  0.3775E+01	  0.1051E-18	  0.7200E-03
  0.3788E+01	  0.8902E-19	  0.7252E-03
  0.3801E+01	  0.7539E-19	  0.7303E-03
  0.3814E+01	  0.6384E-19	  0.7356E-03
  0.3828E+01	  0.5406E-19	  0.7408E-03
  0.3841E+01	  0.4578E-19	  0.7460E-03
  0.3854E+01	  0.3877E-19	  0.7513E-03
  0.3867E+01	  0.3283E-19	  0.7566E-03
  0.3880E+01	  0.2780E-19	  0.7619E-03
  0.3894E+01	  0.2355E-19	  0.7672E-03
  0.3907E+01	  0.1994E-19	  0.7725E-03
  0.3920E+01	  0.1689E-19	  0.7779E-03
  0.3933E+01	  0.1430E-19	  0.7832E-03
  0.3946E+01	  0.1211E-19	  0.7886E-03
  0.3959E+01	  0.1025E-19	  0.7940E-03
  0.3973E+01	  0.8684E-20	  0.7995E-03
  0.3986E+01	  0.7354E-20	  0.8051E-03
  0.3999E+01	  0.6228E-20	  0.8111E-03
  0.4012E+01	  0.5274E-20	  0.8172E-03
  0.4025E+01	  0.4466E-20	  0.8233E-03
  0.4038E+01	  0.3782E-20	  0.8294E-03
  0.4052E+01	  0.3203E-20	  0.8355E-03
  0.4065E+01	  0.2712E-20	  0.8417E-03
  0.4078E+01	  0.2297E-20	  0.8480E-03
  0.4091E+01	  0.1945E-20	  0.8544E-03
  0.4104E+01	  0.1647E-20	  0.8608E-03
  0.4118E+01	  0.1395E-20	  0.8672E-03
  0.4131E+01	  0.1181E-20	  0.8736E-03
  0.4144E+01	  0.1000E-20	  0.8801E-03
  0.4157E+01	  0.8471E-21	  0.8866E-03
  0.4170E+01	  0.7173E-21	  0.8931E-03
  0.4183E+01	  0.6074E-21	  0.8996E-03
  0.4197E+01	  0.5144E-21	  0.9062E-03
  0.4210E+01	  0.4356E-21	  0.9128E-03
  0.4223E+01	  0.3689E-21	  0.9194E-03
  0.4236E+01	  0.3124E-21	  0.9260E-03
  0.4249E+01	  0.2645E-21	  0.9326E-03
  0.4262E+01	  0.2240E-21	  0.9393E-03
  0.4276E+01	  0.1897E-21	  0.9460E-03
  0.4289E+01	  0.1607E-21	  0.9527E-03
  0.4302E+01	  0.1360E-21	  0.9595E-03
  0.4315E+01	  0.1152E-21	  0.9662E-03
  0.4328E+01	  0.9756E-22	  0.9730E-03
  0.4341E+01	  0.8262E-22	  0.9798E-03
  0.4355E+01	  0.6996E-22	  0.9867E-03
  0.4368E+01	  0.5925E-22	  0.9935E-03
  0.4381E+01	  0.5017E-22	  0.1000E-02
  0.4394E+01	  0.4249E-22	  0.1007E-02
  0.4407E+01	  0.3598E-22	  0.1014E-02
  0.4421E+01	  0.3047E-22	  0.1021E-02
  0.4434E+01	  0.2580E-22	  0.1028E-02
  0.4447E+01	  0.2185E-22	  0.1035E-02
  0.4460E+01	  0.1850E-22	  0.1042E-02
  0.4473E+01	  0.1567E-22	  0.1049E-02
  0.4486E+01	  0.1327E-22	  0.1056E-02
  0.4500E+01	  0.1124E-22	  0.1063E-02
  0.4513E+01	  0.9515E-23	  0.1071E-02
  0.4526E+01	  0.8058E-23	  0.1078E-02
  0.4539E+01	  0.6823E-23	  0.1085E-02
  0.4552E+01	  0.5778E-23	  0.1092E-02
  0.4565E+01	  0.4893E-23	  0.1099E-02
  0.4579E+01	  0.4144E-23	  0.1106E-02
  0.4592E+01	  0.3509E-23	  0.1114E-02
  0.4605E+01	  0.2971E-23	  0.1121E-02
  0.4618E+01	  0.2516E-23	  0.1128E-02
  0.4631E+01	  0.2131E-23	  0.1136E-02
  0.4645E+01	  0.1804E-23	  0.1143E-02
  0.4658E+01	  0.1528E-23	  0.1150E-02
  0.4671E+01	  0.1294E-23	  0.1158E-02
  0.4684E+01	  0.1096E-23	  0.1165E-02
  0.4697E+01	  0.9279E-24	  0.1172E-02
  0.4710E+01	  0.7858E-24	  0.1180E-02
  0.4724E+01	  0.6654E-24	  0.1187E-02
  0.4737E+01	  0.5635E-24	  0.1195E-02
  0.4750E+01	  0.4772E-24	  0.1202E-02
  0.4763E+01	  0.4041E-24	  0.1210E-02
  0.4776E+01	  0.3422E-24	  0.1218E-02
  0.4789E+01	  0.2898E-24	  0.1225E-02
  0.4803E+01	  0.2454E-24	  0.1233E-02
  0.4816E+01	  0.2078E-24	  0.1240E-02
  0.4829E+01	  0.1760E-24	  0.1248E-02
  0.4842E+01	  0.1490E-24	  0.1256E-02
  0.4855E+01	  0.1262E-24	  0.1264E-02
  0.4869E+01	  0.1069E-24	  0.1271E-02
  0.4882E+01	  0.9048E-25	  0.1279E-02
  0.4895E+01	  0.7662E-25	  0.1287E-02
  0.4908E+01	  0.6489E-25	  0.1295E-02
  0.4921E+01	  0.5495E-25	  0.1302E-02
  0.4934E+01	  0.4653E-25	  0.1310E-02
  0.4948E+01	  0.3940E-25	  0.1318E-02
  0.4961E+01	  0.3337E-25	  0.1326E-02
  0.4974E+01	  0.2825E-25	  0.1334E-02
  0.4987E+01	  0.2393E-25	  0.1342E-02
  0.5000E+01	  0.2026E-25	  0.1350E-02
  0.5013E+01	  0.1716E-25	  0.1358E-02
  0.5027E+01	  0.1453E-25	  0.1366E-02
  0.5040E+01	  0.1230E-25	  0.1375E-02
  0.5053E+01	  0.1042E-25	  0.1383E-02
  0.5066E+01	  0.8822E-26	  0.1391E-02
  0.5079E+01	  0.7471E-26	  0.1400E-02
  0.5093E+01	  0.6326E-26	  0.1408E-02
  0.5106E+01	  0.5357E-26	  0.1416E-02
  0.5119E+01	  0.4537E-26	  0.1425E-02
  0.5132E+01	  0.3842E-26	  0.1433E-02
  0.5145E+01	  0.3253E-26	  0.1442E-02
  0.5158E+01	  0.2755E-26	  0.1450E-02
  0.5172E+01	  0.2333E-26	  0.1459E-02
  0.5185E+01	  0.1975E-26	  0.1467E-02
  0.5198E+01	  0.1673E-26	  0.1476E-02
  0.5211E+01	  0.1416E-26	  0.1484E-02
  0.5224E+01	  0.1199E-26	  0.1493E-02
  0.5237E+01	  0.1016E-26	  0.1501E-02
  0.5251E+01	  0.8601E-27	  0.1510E-02
  0.5264E+01	  0.7283E-27	  0.1519E-02
  0.5277E+01	  0.6168E-27	  0.1528E-02
  0.5290E+01	  0.5223E-27	  0.1536E-02
  0.5303E+01	  0.4423E-27	  0.1545E-02
  0.5317E+01	  0.3745E-27	  0.1554E-02
  0.5330E+01	  0.3171E-27	  0.1563E-02
  0.5343E+01	  0.2685E-27	  0.1571E-02
  0.5356E+01	  0.2274E-27	  0.1580E-02
  0.5369E+01	  0.1926E-27	  0.1589E-02
  0.5382E+01	  0.1631E-27	  0.1598E-02
  0.5396E+01	  0.1381E-27	  0.1607E-02
  0.5409E+01	  0.1169E-27	  0.1616E-02
  0.5422E+01	  0.9901E-28	  0.1625E-02
  0.5435E+01	  0.8384E-28	  0.1634E-02
  0.5448E+01	  0.7100E-28	  0.1643E-02
  0.5461E+01	  0.6012E-28	  0.1652E-02
  0.5475E+01	  0.5091E-28	  0.1661E-02

R2  
------------------------------------------------------------
Electric field / N (Td)                    4.000    
Angular frequency / N (m3/s)              0.1938E-11
Cosine of E-B field angle                  0.000    
Gas temperature (K)                        800.0    
Excitation temperature (K)                 300.0    
Transition energy (eV)                     0.000    
Ionization degree                          0.000    
Plasma density (1/m3)                     0.1000E+19
Ion charge parameter                       1.000    
Ion/neutral mass ratio                     1.000    
Coulomb collision model                    1.000    
Energy sharing                             0.000    
Growth model                               1.000    
Maxwellian mean energy (eV)                0.000    
# of grid points                           500.0    
Grid type                                  1.000    
Maximum energy                             30.00    
Precision                                 0.1000E-29
Convergence                               0.1000E-03
Maximum # of iterations                   0.2000E+05
Mole fraction Ar                           1.000    
------------------------------------------------------------
Mean energy (eV)                          0.1310    
Mobility *N (1/m/V/s)                     0.3075E+27
Re/perp mobility *N (1/m/V/s)             0.4450E+20
Im/Hall mobility *N (1/m/V/s)            -0.9094E+23
Diffusion coefficient *N (1/m/s)          0.2690E+26
Energy mobility *N (1/m/V/s)              0.5156E+27
Energy diffusion coef. *N (1/m/s)         0.4499E+26
Total collision freq. /N (m3/s)           0.1311E-14
Momentum frequency /N (m3/s)              0.9502E-15
Total ionization freq. /N (m3/s)           0.000    
Power /N (eV m3/s)                        0.7120E-21
Elastic power loss /N (eV m3/s)           0.7111E-21
Inelastic power loss /N (eV m3/s)        -0.2312-207
Growth power /N (eV m3/s)                  0.000    
Maximum energy                             7.236    
# of iterations                            8.000    
# of grid trials                           2.000    
------------------------------------------------------------
Rate coefficients (m3/s)
C1    Ar    Elastic                       0.1311E-14
C2    Ar    Excitation    11.55 eV         0.000    
C3    Ar    Excitation    11.62 eV         0.000    
C4    Ar    Excitation    11.72 eV         0.000    
C5    Ar    Excitation    11.83 eV         0.000    
C6    Ar    Excitation    12.91 eV         0.000    
C7    Ar    Excitation    13.08 eV         0.000    
C8    Ar    Excitation    13.10 eV         0.000    
C9    Ar    Excitation    13.15 eV         0.000    
C10   Ar    Excitation    13.17 eV         0.000    
C11   Ar    Excitation    13.27 eV         0.000    
C12   Ar    Excitation    13.28 eV         0.000    
C13   Ar    Excitation    13.30 eV         0.000    
C14   Ar    Excitation    13.33 eV         0.000    
C15   Ar    Excitation    13.48 eV         0.000    
C16   Ar    Excitation    13.85 eV         0.000    
C17   Ar    Excitation    13.86 eV         0.000    
C18   Ar    Excitation    13.90 eV         0.000    
C19   Ar    Excitation    13.98 eV         0.000    
C20   Ar    Excitation    14.01 eV         0.000    
C21   Ar    Excitation    14.06 eV         0.000    
C22   Ar    Excitation    14.07 eV         0.000    
C23   Ar    Excitation    14.09 eV         0.000    
C24   Ar    Excitation    14.10 eV         0.000    
C25   Ar    Excitation    14.15 eV         0.000    
C26   Ar    Excitation    14.21 eV         0.000    
C27   Ar    Excitation    14.23 eV         0.000    
C28   Ar    Excitation    14.24 eV         0.000    
C29   Ar    Excitation    14.24 eV         0.000    
C30   Ar    Excitation    14.26 eV         0.000    
C31   Ar    Excitation    14.30 eV         0.000    
C32   Ar    Excitation    14.71 eV         0.000    
C33   Ar    Excitation    14.85 eV         0.000    
C34   Ar    Excitation    14.86 eV         0.000    
C35   Ar    Excitation    15.00 eV         0.000    
C36   Ar    Excitation    15.02 eV         0.000    
C37   Ar    Excitation    15.12 eV         0.000    
C38   Ar    Excitation    15.19 eV         0.000    
C39   Ar    Excitation    15.19 eV         0.000    
C40   Ar    Excitation    15.31 eV         0.000    
C41   Ar    Excitation    15.35 eV         0.000    
C42   Ar    Excitation    15.36 eV         0.000    
C43   Ar    Excitation    15.37 eV         0.000    
C44   Ar    Excitation    15.37 eV         0.000    
C45   Ar    Excitation    15.66 eV         0.000    
C46   Ar    Ionization    15.76 eV         0.000    
------------------------------------------------------------
Energy (eV) EEDF (eV-3/2) Anisotropy
  0.7236E-02	  0.4031E+02	  0.2369E-05
  0.2171E-01	  0.3415E+02	  0.2678E-05
  0.3618E-01	  0.2894E+02	  0.3296E-05
  0.5065E-01	  0.2452E+02	  0.3419E-05
  0.6512E-01	  0.2077E+02	  0.3296E-05
  0.7960E-01	  0.1760E+02	  0.3063E-05
  0.9407E-01	  0.1491E+02	  0.2789E-05
  0.1085E+00	  0.1263E+02	  0.2473E-05
  0.1230E+00	  0.1070E+02	  0.2141E-05
  0.1375E+00	  0.9067E+01	  0.1836E-05
  0.1520E+00	  0.7682E+01	  0.1581E-05
  0.1664E+00	  0.6509E+01	  0.1360E-05
  0.1809E+00	  0.5515E+01	  0.1174E-05
  0.1954E+00	  0.4672E+01	  0.1051E-05
  0.2098E+00	  0.3958E+01	  0.9912E-06
  0.2243E+00	  0.3354E+01	  0.9731E-06
  0.2388E+00	  0.2841E+01	  0.1014E-05
  0.2533E+00	  0.2407E+01	  0.1120E-05
  0.2677E+00	  0.2040E+01	  0.1271E-05
  0.2822E+00	  0.1728E+01	  0.1479E-05
  0.2967E+00	  0.1464E+01	  0.1745E-05
  0.3111E+00	  0.1240E+01	  0.2057E-05
  0.3256E+00	  0.1051E+01	  0.2421E-05
  0.3401E+00	  0.8904E+00	  0.2838E-05
  0.3546E+00	  0.7544E+00	  0.3298E-05
  0.3690E+00	  0.6392E+00	  0.3805E-05
  0.3835E+00	  0.5415E+00	  0.4357E-05
  0.3980E+00	  0.4588E+00	  0.4951E-05
  0.4125E+00	  0.3887E+00	  0.5587E-05
  0.4269E+00	  0.3293E+00	  0.6263E-05
  0.4414E+00	  0.2790E+00	  0.6978E-05
  0.4559E+00	  0.2364E+00	  0.7731E-05
  0.4703E+00	  0.2003E+00	  0.8520E-05
  0.4848E+00	  0.1697E+00	  0.9346E-05
  0.4993E+00	  0.1438E+00	  0.1021E-04
  0.5138E+00	  0.1218E+00	  0.1110E-04
  0.5282E+00	  0.1032E+00	  0.1203E-04
  0.5427E+00	  0.8744E-01	  0.1299E-04
  0.5572E+00	  0.7408E-01	  0.1398E-04
  0.5716E+00	  0.6277E-01	  0.1500E-04
  0.5861E+00	  0.5318E-01	  0.1605E-04
  0.6006E+00	  0.4506E-01	  0.1714E-04
  0.6151E+00	  0.3817E-01	  0.1825E-04
  0.6295E+00	  0.3234E-01	  0.1940E-04
  0.6440E+00	  0.2740E-01	  0.2057E-04
  0.6585E+00	  0.2322E-01	  0.2178E-04
  0.6729E+00	  0.1967E-01	  0.2301E-04
  0.6874E+00	  0.1666E-01	  0.2428E-04
  0.7019E+00	  0.1412E-01	  0.2557E-04
  0.7164E+00	  0.1196E-01	  0.2690E-04
  0.7308E+00	  0.1013E-01	  0.2826E-04
  0.7453E+00	  0.8587E-02	  0.2965E-04
  0.7598E+00	  0.7275E-02	  0.3107E-04
  0.7743E+00	  0.6164E-02	  0.3252E-04
  0.7887E+00	  0.5222E-02	  0.3401E-04
  0.8032E+00	  0.4424E-02	  0.3553E-04
  0.8177E+00	  0.3749E-02	  0.3708E-04
  0.8321E+00	  0.3176E-02	  0.3867E-04
  0.8466E+00	  0.2691E-02	  0.4029E-04
  0.8611E+00	  0.2280E-02	  0.4195E-04
  0.8756E+00	  0.1932E-02	  0.4365E-04
  0.8900E+00	  0.1636E-02	  0.4538E-04
  0.9045E+00	  0.1386E-02	  0.4716E-04
  0.9190E+00	  0.1175E-02	  0.4897E-04
  0.9334E+00	  0.9952E-03	  0.5082E-04
  0.9479E+00	  0.8432E-03	  0.5272E-04
  0.9624E+00	  0.7144E-03	  0.5466E-04
  0.9769E+00	  0.6053E-03	  0.5664E-04
  0.9913E+00	  0.5128E-03	  0.5863E-04
  0.1006E+01	  0.4345E-03	  0.6051E-04
  0.1020E+01	  0.3681E-03	  0.6228E-04
  0.1035E+01	  0.3119E-03	  0.6407E-04
  0.1049E+01	  0.2642E-03	  0.6585E-04
  0.1064E+01	  0.2239E-03	  0.6765E-04
  0.1078E+01	  0.1897E-03	  0.6947E-04
  0.1093E+01	  0.1607E-03	  0.7132E-04
  0.1107E+01	  0.1362E-03	  0.7319E-04
  0.1122E+01	  0.1154E-03	  0.7509E-04
  0.1136E+01	  0.9773E-04	  0.7701E-04
  0.1151E+01	  0.8280E-04	  0.7896E-04
  0.1165E+01	  0.7015E-04	  0.8093E-04
  0.1179E+01	  0.5944E-04	  0.8292E-04
  0.1194E+01	  0.5036E-04	  0.8492E-04
  0.1208E+01	  0.4267E-04	  0.8695E-04
  0.1223E+01	  0.3615E-04	  0.8899E-04
  0.1237E+01	  0.3063E-04	  0.9105E-04
  0.1252E+01	  0.2595E-04	  0.9313E-04
  0.1266E+01	  0.2198E-04	  0.9523E-04
  0.1281E+01	  0.1863E-04	  0.9736E-04
  0.1295E+01	  0.1578E-04	  0.9951E-04
  0.1310E+01	  0.1337E-04	  0.1017E-03
  0.1324E+01	  0.1133E-04	  0.1039E-03
  0.1339E+01	  0.9597E-05	  0.1061E-03
  0.1353E+01	  0.8131E-05	  0.1083E-03
  0.1368E+01	  0.6889E-05	  0.1106E-03
  0.1382E+01	  0.5837E-05	  0.1129E-03
  0.1397E+01	  0.4945E-05	  0.1152E-03
  0.1411E+01	  0.4190E-05	  0.1176E-03
  0.1425E+01	  0.3550E-05	  0.1199E-03
  0.1440E+01	  0.3007E-05	  0.1223E-03
  0.1454E+01	  0.2548E-05	  0.1247E-03
  0.1469E+01	  0.2159E-05	  0.1271E-03
  0.1483E+01	  0.1829E-05	  0.1296E-03
  0.1498E+01	  0.1550E-05	  0.1321E-03
  0.1512E+01	  0.1313E-05	  0.1347E-03
  0.1527E+01	  0.1112E-05	  0.1373E-03
  0.1541E+01	  0.9424E-06	  0.1399E-03
  0.1556E+01	  0.7985E-06	  0.1426E-03
  0.1570E+01	  0.6765E-06	  0.1453E-03
  0.1585E+01	  0.5731E-06	  0.1480E-03
  0.1599E+01	  0.4856E-06	  0.1508E-03
  0.1614E+01	  0.4114E-06	  0.1535E-03
  0.1628E+01	  0.3486E-06	  0.1563E-03
  0.1643E+01	  0.2953E-06	  0.1592E-03
  0.1657E+01	  0.2502E-06	  0.1620E-03
  0.1672E+01	  0.2120E-06	  0.1649E-03
  0.1686E+01	  0.1796E-06	  0.1677E-03
  0.1700E+01	  0.1522E-06	  0.1706E-03
  0.1715E+01	  0.1289E-06	  0.1734E-03
  0.1729E+01	  0.1092E-06	  0.1763E-03
  0.1744E+01	  0.9254E-07	  0.1791E-03
  0.1758E+01	  0.7841E-07	  0.1819E-03
  0.1773E+01	  0.6643E-07	  0.1848E-03
  0.1787E+01	  0.5628E-07	  0.1877E-03
  0.1802E+01	  0.4768E-07	  0.1906E-03
  0.1816E+01	  0.4040E-07	  0.1935E-03
  0.1831E+01	  0.3423E-07	  0.1965E-03
  0.1845E+01	  0.2900E-07	  0.1994E-03
  0.1860E+01	  0.2457E-07	  0.2024E-03
  0.1874E+01	  0.2082E-07	  0.2055E-03
  0.1889E+01	  0.1764E-07	  0.2085E-03
  0.1903E+01	  0.1494E-07	  0.2116E-03
  0.1918E+01	  0.1266E-07	  0.2146E-03
  0.1932E+01	  0.1073E-07	  0.2177E-03
  0.1946E+01	  0.9087E-08	  0.2209E-03
  0.1961E+01	  0.7699E-08	  0.2240E-03
  0.1975E+01	  0.6523E-08	  0.2272E-03
  0.1990E+01	  0.5527E-08	  0.2305E-03
  0.2004E+01	  0.4682E-08	  0.2339E-03
  0.2019E+01	  0.3967E-08	  0.2373E-03
  0.2033E+01	  0.3361E-08	  0.2407E-03
  0.2048E+01	  0.2848E-08	  0.2443E-03
  0.2062E+01	  0.2413E-08	  0.2479E-03
  0.2077E+01	  0.2044E-08	  0.2516E-03
  0.2091E+01	  0.1732E-08	  0.2552E-03
  0.2106E+01	  0.1467E-08	  0.2589E-03
  0.2120E+01	  0.1243E-08	  0.2626E-03
  0.2135E+01	  0.1053E-08	  0.2664E-03
  0.2149E+01	  0.8923E-09	  0.2701E-03
  0.2164E+01	  0.7560E-09	  0.2739E-03
  0.2178E+01	  0.6405E-09	  0.2777E-03
  0.2193E+01	  0.5427E-09	  0.2816E-03
  0.2207E+01	  0.4598E-09	  0.2854E-03
  0.2221E+01	  0.3895E-09	  0.2893E-03
  0.2236E+01	  0.3300E-09	  0.2933E-03
  0.2250E+01	  0.2796E-09	  0.2972E-03
  0.2265E+01	  0.2369E-09	  0.3012E-03
  0.2279E+01	  0.2007E-09	  0.3052E-03
  0.2294E+01	  0.1700E-09	  0.3092E-03
  0.2308E+01	  0.1441E-09	  0.3132E-03
  0.2323E+01	  0.1221E-09	  0.3173E-03
  0.2337E+01	  0.1034E-09	  0.3214E-03
  0.2352E+01	  0.8762E-10	  0.3255E-03
  0.2366E+01	  0.7423E-10	  0.3297E-03
  0.2381E+01	  0.6289E-10	  0.3339E-03
  0.2395E+01	  0.5328E-10	  0.3381E-03
  0.2410E+01	  0.4514E-10	  0.3423E-03
  0.2424E+01	  0.3825E-10	  0.3466E-03
  0.2439E+01	  0.3241E-10	  0.3509E-03
  0.2453E+01	  0.2745E-10	  0.3552E-03
  0.2467E+01	  0.2326E-10	  0.3596E-03
  0.2482E+01	  0.1971E-10	  0.3640E-03
  0.2496E+01	  0.1670E-10	  0.3684E-03
  0.2511E+01	  0.1415E-10	  0.3729E-03
  0.2525E+01	  0.1199E-10	  0.3774E-03
  0.2540E+01	  0.1015E-10	  0.3820E-03
  0.2554E+01	  0.8603E-11	  0.3866E-03
  0.2569E+01	  0.7289E-11	  0.3913E-03
  0.2583E+01	  0.6175E-11	  0.3960E-03
  0.2598E+01	  0.5232E-11	  0.4007E-03
  0.2612E+01	  0.4433E-11	  0.4054E-03
  0.2627E+01	  0.3755E-11	  0.4102E-03
  0.2641E+01	  0.3182E-11	  0.4150E-03
  0.2656E+01	  0.2696E-11	  0.4198E-03
  0.2670E+01	  0.2284E-11	  0.4246E-03
  0.2685E+01	  0.1935E-11	  0.4295E-03
  0.2699E+01	  0.1639E-11	  0.4344E-03
  0.2714E+01	  0.1389E-11	  0.4393E-03
  0.2728E+01	  0.1177E-11	  0.4443E-03
  0.2742E+01	  0.9970E-12	  0.4493E-03
  0.2757E+01	  0.8447E-12	  0.4543E-03
  0.2771E+01	  0.7156E-12	  0.4594E-03
  0.2786E+01	  0.6063E-12	  0.4644E-03
  0.2800E+01	  0.5137E-12	  0.4695E-03
  0.2815E+01	  0.4352E-12	  0.4747E-03
  0.2829E+01	  0.3687E-12	  0.4798E-03
  0.2844E+01	  0.3124E-12	  0.4850E-03
  0.2858E+01	  0.2647E-12	  0.4902E-03
  0.2873E+01	  0.2242E-12	  0.4955E-03
  0.2887E+01	  0.1900E-12	  0.5007E-03
  0.2902E+01	  0.1610E-12	  0.5060E-03
  0.2916E+01	  0.1364E-12	  0.5113E-03
  0.2931E+01	  0.1155E-12	  0.5167E-03
  0.2945E+01	  0.9788E-13	  0.5221E-03
  0.2960E+01	  0.8293E-13	  0.5275E-03
  0.2974E+01	  0.7026E-13	  0.5329E-03
  0.2988E+01	  0.5953E-13	  0.5383E-03
  0.3003E+01	  0.5043E-13	  0.5438E-03
  0.3017E+01	  0.4273E-13	  0.5492E-03
  0.3032E+01	  0.3620E-13	  0.5547E-03
  0.3046E+01	  0.3067E-13	  0.5602E-03
  0.3061E+01	  0.2598E-13	  0.5658E-03
  0.3075E+01	  0.2201E-13	  0.5713E-03
  0.3090E+01	  0.1865E-13	  0.5769E-03
  0.3104E+01	  0.1580E-13	  0.5825E-03
  0.3119E+01	  0.1339E-13	  0.5881E-03
  0.3133E+01	  0.1134E-13	  0.5938E-03
  0.3148E+01	  0.9610E-14	  0.5994E-03
  0.3162E+01	  0.8142E-14	  0.6052E-03
  0.3177E+01	  0.6898E-14	  0.6109E-03
  0.3191E+01	  0.5844E-14	  0.6167E-03
  0.3206E+01	  0.4951E-14	  0.6224E-03
  0.3220E+01	  0.4195E-14	  0.6283E-03
  0.3234E+01	  0.3554E-14	  0.6341E-03
  0.3249E+01	  0.3011E-14	  0.6400E-03
  0.3263E+01	  0.2551E-14	  0.6459E-03
  0.3278E+01	  0.2161E-14	  0.6518E-03
  0.3292E+01	  0.1831E-14	  0.6578E-03
  0.3307E+01	  0.1551E-14	  0.6637E-03
  0.3321E+01	  0.1314E-14	  0.6698E-03
  0.3336E+01	  0.1114E-14	  0.6758E-03
  0.3350E+01	  0.9434E-15	  0.6819E-03
  0.3365E+01	  0.7993E-15	  0.6879E-03
  0.3379E+01	  0.6772E-15	  0.6941E-03
  0.3394E+01	  0.5737E-15	  0.7002E-03
  0.3408E+01	  0.4861E-15	  0.7064E-03
  0.3423E+01	  0.4118E-15	  0.7126E-03
  0.3437E+01	  0.3489E-15	  0.7188E-03
  0.3452E+01	  0.2956E-15	  0.7250E-03
  0.3466E+01	  0.2504E-15	  0.7313E-03
  0.3481E+01	  0.2122E-15	  0.7376E-03
  0.3495E+01	  0.1797E-15	  0.7439E-03
  0.3509E+01	  0.1523E-15	  0.7503E-03
  0.3524E+01	  0.1290E-15	  0.7567E-03
  0.3538E+01	  0.1093E-15	  0.7631E-03
  0.3553E+01	  0.9261E-16	  0.7695E-03
  0.3567E+01	  0.7846E-16	  0.7760E-03
  0.3582E+01	  0.6647E-16	  0.7825E-03
  0.3596E+01	  0.5632E-16	  0.7890E-03
  0.3611E+01	  0.4771E-16	  0.7955E-03
  0.3625E+01	  0.4042E-16	  0.8021E-03
  0.3640E+01	  0.3425E-16	  0.8087E-03
  0.3654E+01	  0.2901E-16	  0.8153E-03
  0.3669E+01	  0.2458E-16	  0.8220E-03
  0.3683E+01	  0.2083E-16	  0.8287E-03
  0.3698E+01	  0.1764E-16	  0.8354E-03
  0.3712E+01	  0.1495E-16	  0.8421E-03
  0.3727E+01	  0.1266E-16	  0.8489E-03
  0.3741E+01	  0.1073E-16	  0.8557E-03
  0.3755E+01	  0.9090E-17	  0.8625E-03
  0.3770E+01	  0.7701E-17	  0.8693E-03
  0.3784E+01	  0.6525E-17	  0.8762E-03
  0.3799E+01	  0.5528E-17	  0.8831E-03
  0.3813E+01	  0.4683E-17	  0.8900E-03
  0.3828E+01	  0.3968E-17	  0.8969E-03
  0.3842E+01	  0.3361E-17	  0.9039E-03
  0.3857E+01	  0.2848E-17	  0.9109E-03
  0.3871E+01	  0.2413E-17	  0.9179E-03
  0.3886E+01	  0.2044E-17	  0.9250E-03
  0.3900E+01	  0.1732E-17	  0.9321E-03
  0.3915E+01	  0.1467E-17	  0.9392E-03
  0.3929E+01	  0.1243E-17	  0.9463E-03
  0.3944E+01	  0.1053E-17	  0.9535E-03
  0.3958E+01	  0.8922E-18	  0.9607E-03
  0.3973E+01	  0.7559E-18	  0.9679E-03
  0.3987E+01	  0.6404E-18	  0.9754E-03
  0.4002E+01	  0.5425E-18	  0.9834E-03
  0.4016E+01	  0.4596E-18	  0.9915E-03
  0.4030E+01	  0.3894E-18	  0.9996E-03
  0.4045E+01	  0.3299E-18	  0.1008E-02
  0.4059E+01	  0.2795E-18	  0.1016E-02
  0.4074E+01	  0.2368E-18	  0.1024E-02
  0.4088E+01	  0.2006E-18	  0.1033E-02
  0.4103E+01	  0.1700E-18	  0.1041E-02
  0.4117E+01	  0.1440E-18	  0.1050E-02
  0.4132E+01	  0.1220E-18	  0.1058E-02
  0.4146E+01	  0.1033E-18	  0.1067E-02
  0.4161E+01	  0.8756E-19	  0.1076E-02
  0.4175E+01	  0.7418E-19	  0.1084E-02
  0.4190E+01	  0.6284E-19	  0.1093E-02
  0.4204E+01	  0.5324E-19	  0.1102E-02
  0.4219E+01	  0.4511E-19	  0.1110E-02
  0.4233E+01	  0.3821E-19	  0.1119E-02
  0.4248E+01	  0.3237E-19	  0.1128E-02
  0.4262E+01	  0.2743E-19	  0.1137E-02
  0.4276E+01	  0.2324E-19	  0.1146E-02
  0.4291E+01	  0.1969E-19	  0.1155E-02
  0.4305E+01	  0.1668E-19	  0.1164E-02
  0.4320E+01	  0.1413E-19	  0.1173E-02
  0.4334E+01	  0.1197E-19	  0.1182E-02
  0.4349E+01	  0.1014E-19	  0.1191E-02
  0.4363E+01	  0.8592E-20	  0.1200E-02
  0.4378E+01	  0.7279E-20	  0.1209E-02
  0.4392E+01	  0.6167E-20	  0.1218E-02
  0.4407E+01	  0.5224E-20	  0.1228E-02
  0.4421E+01	  0.4426E-20	  0.1237E-02
  0.4436E+01	  0.3750E-20	  0.1246E-02
  0.4450E+01	  0.3177E-20	  0.1255E-02
  0.4465E+01	  0.2691E-20	  0.1265E-02
  0.4479E+01	  0.2280E-20	  0.1274E-02
  0.4494E+01	  0.1932E-20	  0.1284E-02
  0.4508E+01	  0.1636E-20	  0.1293E-02
  0.4523E+01	  0.1386E-20	  0.1302E-02
  0.4537E+01	  0.1174E-20	  0.1312E-02
  0.4551E+01	  0.9950E-21	  0.1322E-02
  0.4566E+01	  0.8430E-21	  0.1331E-02
  0.4580E+01	  0.7141E-21	  0.1341E-02
  0.4595E+01	  0.6050E-21	  0.1350E-02
  0.4609E+01	  0.5126E-21	  0.1360E-02
  0.4624E+01	  0.4342E-21	  0.1370E-02
  0.4638E+01	  0.3679E-21	  0.1380E-02
  0.4653E+01	  0.3117E-21	  0.1389E-02
  0.4667E+01	  0.2640E-21	  0.1399E-02
  0.4682E+01	  0.2237E-21	  0.1409E-02
  0.4696E+01	  0.1895E-21	  0.1419E-02
  0.4711E+01	  0.1605E-21	  0.1429E-02
  0.4725E+01	  0.1360E-21	  0.1439E-02
  0.4740E+01	  0.1152E-21	  0.1449E-02
  0.4754E+01	  0.9761E-22	  0.1459E-02
  0.4769E+01	  0.8269E-22	  0.1469E-02
  0.4783E+01	  0.7006E-22	  0.1479E-02
  0.4797E+01	  0.5935E-22	  0.1489E-02
  0.4812E+01	  0.5028E-22	  0.1499E-02
  0.4826E+01	  0.4260E-22	  0.1509E-02
  0.4841E+01	  0.3609E-22	  0.1520E-02
  0.4855E+01	  0.3057E-22	  0.1530E-02
  0.4870E+01	  0.2590E-22	  0.1540E-02
  0.4884E+01	  0.2194E-22	  0.1550E-02
  0.4899E+01	  0.1859E-22	  0.1561E-02
  0.4913E+01	  0.1575E-22	  0.1571E-02
  0.4928E+01	  0.1334E-22	  0.1582E-02
  0.4942E+01	  0.1130E-22	  0.1592E-02
  0.4957E+01	  0.9574E-23	  0.1603E-02
  0.4971E+01	  0.8111E-23	  0.1613E-02
  0.4986E+01	  0.6871E-23	  0.1624E-02
  0.5000E+01	  0.5821E-23	  0.1635E-02
  0.5015E+01	  0.4931E-23	  0.1645E-02
  0.5029E+01	  0.4178E-23	  0.1656E-02
  0.5043E+01	  0.3539E-23	  0.1667E-02
  0.5058E+01	  0.2998E-23	  0.1678E-02
  0.5072E+01	  0.2540E-23	  0.1689E-02
  0.5087E+01	  0.2152E-23	  0.1700E-02
  0.5101E+01	  0.1823E-23	  0.1712E-02
  0.5116E+01	  0.1544E-23	  0.1723E-02
  0.5130E+01	  0.1308E-23	  0.1734E-02
  0.5145E+01	  0.1108E-23	  0.1745E-02
  0.5159E+01	  0.9389E-24	  0.1756E-02
  0.5174E+01	  0.7954E-24	  0.1768E-02
  0.5188E+01	  0.6738E-24	  0.1779E-02
  0.5203E+01	  0.5708E-24	  0.1791E-02
  0.5217E+01	  0.4836E-24	  0.1802E-02
  0.5232E+01	  0.4097E-24	  0.1813E-02
  0.5246E+01	  0.3470E-24	  0.1825E-02
  0.5261E+01	  0.2940E-24	  0.1837E-02
  0.5275E+01	  0.2491E-24	  0.1848E-02
  0.5290E+01	  0.2110E-24	  0.1860E-02
  0.5304E+01	  0.1787E-24	  0.1871E-02
  0.5318E+01	  0.1514E-24	  0.1883E-02
  0.5333E+01	  0.1283E-24	  0.1895E-02
  0.5347E+01	  0.1087E-24	  0.1906E-02
  0.5362E+01	  0.9205E-25	  0.1918E-02
  0.5376E+01	  0.7798E-25	  0.1930E-02
  0.5391E+01	  0.6606E-25	  0.1942E-02
  0.5405E+01	  0.5596E-25	  0.1954E-02
  0.5420E+01	  0.4741E-25	  0.1966E-02
  0.5434E+01	  0.4016E-25	  0.1978E-02
  0.5449E+01	  0.3402E-25	  0.1990E-02
  0.5463E+01	  0.2882E-25	  0.2002E-02
  0.5478E+01	  0.2442E-25	  0.2014E-02
  0.5492E+01	  0.2068E-25	  0.2026E-02
  0.5507E+01	  0.1752E-25	  0.2038E-02
  0.5521E+01	  0.1484E-25	  0.2050E-02
  0.5536E+01	  0.1257E-25	  0.2062E-02
  0.5550E+01	  0.1065E-25	  0.2075E-02
  0.5564E+01	  0.9023E-26	  0.2087E-02
  0.5579E+01	  0.7644E-26	  0.2099E-02
  0.5593E+01	  0.6475E-26	  0.2112E-02
  0.5608E+01	  0.5485E-26	  0.2124E-02
  0.5622E+01	  0.4647E-26	  0.2136E-02
  0.5637E+01	  0.3936E-26	  0.2149E-02
  0.5651E+01	  0.3335E-26	  0.2161E-02
  0.5666E+01	  0.2825E-26	  0.2174E-02
  0.5680E+01	  0.2393E-26	  0.2186E-02
  0.5695E+01	  0.2027E-26	  0.2199E-02
  0.5709E+01	  0.1717E-26	  0.2211E-02
  0.5724E+01	  0.1455E-26	  0.2224E-02
  0.5738E+01	  0.1232E-26	  0.2237E-02
  0.5753E+01	  0.1044E-26	  0.2250E-02
  0.5767E+01	  0.8843E-27	  0.2262E-02
  0.5782E+01	  0.7491E-27	  0.2275E-02
  0.5796E+01	  0.6345E-27	  0.2288E-02
  0.5811E+01	  0.5375E-27	  0.2301E-02
  0.5825E+01	  0.4553E-27	  0.2314E-02
  0.5839E+01	  0.3857E-27	  0.2327E-02
  0.5854E+01	  0.3267E-27	  0.2340E-02
  0.5868E+01	  0.2768E-27	  0.2353E-02
  0.5883E+01	  0.2345E-27	  0.2366E-02
  0.5897E+01	  0.1986E-27	  0.2379E-02
  0.5912E+01	  0.1682E-27	  0.2392E-02
  0.5926E+01	  0.1425E-27	  0.2405E-02
  0.5941E+01	  0.1207E-27	  0.2418E-02
  0.5955E+01	  0.1023E-27	  0.2431E-02
  0.5970E+01	  0.8663E-28	  0.2444E-02
  0.5984E+01	  0.7339E-28	  0.2457E-02
  0.5999E+01	  0.6217E-28	  0.2471E-02
  0.6013E+01	  0.5266E-28	  0.2484E-02
  0.6028E+01	  0.4461E-28	  0.2497E-02

R3  
------------------------------------------------------------
Electric field / N (Td)                    5.000    
Angular frequency / N (m3/s)              0.1938E-11
Cosine of E-B field angle                  0.000    
Gas temperature (K)                        800.0    
Excitation temperature (K)                 300.0    
Transition energy (eV)                     0.000    
Ionization degree                          0.000    
Plasma density (1/m3)                     0.1000E+19
Ion charge parameter                       1.000    
Ion/neutral mass ratio                     1.000    
Coulomb collision model                    1.000    
Energy sharing                             0.000    
Growth model                               1.000    
Maxwellian mean energy (eV)                0.000    
# of grid points                           500.0    
Grid type                                  1.000    
Maximum energy                             30.00    
Precision                                 0.1000E-29
Convergence                               0.1000E-03
Maximum # of iterations                   0.2000E+05
Mole fraction Ar                           1.000    
------------------------------------------------------------
Mean energy (eV)                          0.1464    
Mobility *N (1/m/V/s)                     0.3050E+27
Re/perp mobility *N (1/m/V/s)             0.4686E+20
Im/Hall mobility *N (1/m/V/s)            -0.9094E+23
Diffusion coefficient *N (1/m/s)          0.2985E+26
Energy mobility *N (1/m/V/s)              0.4774E+27
Energy diffusion coef. *N (1/m/s)         0.4658E+26
Total collision freq. /N (m3/s)           0.1258E-14
Momentum frequency /N (m3/s)              0.1001E-14
Total ionization freq. /N (m3/s)           0.000    
Power /N (eV m3/s)                        0.1172E-20
Elastic power loss /N (eV m3/s)           0.1170E-20
Inelastic power loss /N (eV m3/s)        -0.2277-207
Growth power /N (eV m3/s)                  0.000    
Maximum energy                             8.100    
# of iterations                            8.000    
# of grid trials                           2.000    
------------------------------------------------------------
Rate coefficients (m3/s)
C1    Ar    Elastic                       0.1258E-14
C2    Ar    Excitation    11.55 eV         0.000    
C3    Ar    Excitation    11.62 eV         0.000    
C4    Ar    Excitation    11.72 eV         0.000    
C5    Ar    Excitation    11.83 eV         0.000    
C6    Ar    Excitation    12.91 eV         0.000    
C7    Ar    Excitation    13.08 eV         0.000    
C8    Ar    Excitation    13.10 eV         0.000    
C9    Ar    Excitation    13.15 eV         0.000    
C10   Ar    Excitation    13.17 eV         0.000    
C11   Ar    Excitation    13.27 eV         0.000    
C12   Ar    Excitation    13.28 eV         0.000    
C13   Ar    Excitation    13.30 eV         0.000    
C14   Ar    Excitation    13.33 eV         0.000    
C15   Ar    Excitation    13.48 eV         0.000    
C16   Ar    Excitation    13.85 eV         0.000    
C17   Ar    Excitation    13.86 eV         0.000    
C18   Ar    Excitation    13.90 eV         0.000    
C19   Ar    Excitation    13.98 eV         0.000    
C20   Ar    Excitation    14.01 eV         0.000    
C21   Ar    Excitation    14.06 eV         0.000    
C22   Ar    Excitation    14.07 eV         0.000    
C23   Ar    Excitation    14.09 eV         0.000    
C24   Ar    Excitation    14.10 eV         0.000    
C25   Ar    Excitation    14.15 eV         0.000    
C26   Ar    Excitation    14.21 eV         0.000    
C27   Ar    Excitation    14.23 eV         0.000    
C28   Ar    Excitation    14.24 eV         0.000    
C29   Ar    Excitation    14.24 eV         0.000    
C30   Ar    Excitation    14.26 eV         0.000    
C31   Ar    Excitation    14.30 eV         0.000    
C32   Ar    Excitation    14.71 eV         0.000    
C33   Ar    Excitation    14.85 eV         0.000    
C34   Ar    Excitation    14.86 eV         0.000    
C35   Ar    Excitation    15.00 eV         0.000    
C36   Ar    Excitation    15.02 eV         0.000    
C37   Ar    Excitation    15.12 eV         0.000    
C38   Ar    Excitation    15.19 eV         0.000    
C39   Ar    Excitation    15.19 eV         0.000    
C40   Ar    Excitation    15.31 eV         0.000    
C41   Ar    Excitation    15.35 eV         0.000    
C42   Ar    Excitation    15.36 eV         0.000    
C43   Ar    Excitation    15.37 eV         0.000    
C44   Ar    Excitation    15.37 eV         0.000    
C45   Ar    Excitation    15.66 eV         0.000    
C46   Ar    Ionization    15.76 eV         0.000    
------------------------------------------------------------
Energy (eV) EEDF (eV-3/2) Anisotropy
  0.8100E-02	  0.3408E+02	  0.2801E-05
  0.2430E-01	  0.2887E+02	  0.3110E-05
  0.4050E-01	  0.2446E+02	  0.3729E-05
  0.5670E-01	  0.2072E+02	  0.3795E-05
  0.7290E-01	  0.1755E+02	  0.3590E-05
  0.8910E-01	  0.1487E+02	  0.3245E-05
  0.1053E+00	  0.1259E+02	  0.2841E-05
  0.1215E+00	  0.1067E+02	  0.2426E-05
  0.1377E+00	  0.9037E+01	  0.2046E-05
  0.1539E+00	  0.7656E+01	  0.1729E-05
  0.1701E+00	  0.6485E+01	  0.1468E-05
  0.1863E+00	  0.5494E+01	  0.1268E-05
  0.2025E+00	  0.4654E+01	  0.1134E-05
  0.2187E+00	  0.3942E+01	  0.1083E-05
  0.2349E+00	  0.3339E+01	  0.1121E-05
  0.2511E+00	  0.2829E+01	  0.1233E-05
  0.2673E+00	  0.2396E+01	  0.1416E-05
  0.2835E+00	  0.2030E+01	  0.1677E-05
  0.2997E+00	  0.1720E+01	  0.2019E-05
  0.3159E+00	  0.1457E+01	  0.2430E-05
  0.3321E+00	  0.1234E+01	  0.2907E-05
  0.3483E+00	  0.1045E+01	  0.3455E-05
  0.3645E+00	  0.8855E+00	  0.4070E-05
  0.3807E+00	  0.7501E+00	  0.4744E-05
  0.3969E+00	  0.6354E+00	  0.5480E-05
  0.4131E+00	  0.5383E+00	  0.6276E-05
  0.4293E+00	  0.4560E+00	  0.7126E-05
  0.4455E+00	  0.3863E+00	  0.8031E-05
  0.4617E+00	  0.3272E+00	  0.8989E-05
  0.4779E+00	  0.2772E+00	  0.9997E-05
  0.4941E+00	  0.2348E+00	  0.1105E-04
  0.5103E+00	  0.1989E+00	  0.1216E-04
  0.5265E+00	  0.1685E+00	  0.1331E-04
  0.5427E+00	  0.1427E+00	  0.1451E-04
  0.5589E+00	  0.1209E+00	  0.1575E-04
  0.5751E+00	  0.1024E+00	  0.1704E-04
  0.5913E+00	  0.8676E-01	  0.1837E-04
  0.6075E+00	  0.7349E-01	  0.1974E-04
  0.6237E+00	  0.6226E-01	  0.2116E-04
  0.6399E+00	  0.5274E-01	  0.2261E-04
  0.6561E+00	  0.4468E-01	  0.2411E-04
  0.6723E+00	  0.3785E-01	  0.2565E-04
  0.6885E+00	  0.3206E-01	  0.2724E-04
  0.7047E+00	  0.2716E-01	  0.2886E-04
  0.7209E+00	  0.2301E-01	  0.3053E-04
  0.7371E+00	  0.1949E-01	  0.3225E-04
  0.7533E+00	  0.1651E-01	  0.3400E-04
  0.7695E+00	  0.1398E-01	  0.3581E-04
  0.7857E+00	  0.1185E-01	  0.3765E-04
  0.8019E+00	  0.1003E-01	  0.3955E-04
  0.8181E+00	  0.8501E-02	  0.4149E-04
  0.8343E+00	  0.7201E-02	  0.4348E-04
  0.8505E+00	  0.6100E-02	  0.4552E-04
  0.8667E+00	  0.5167E-02	  0.4762E-04
  0.8829E+00	  0.4377E-02	  0.4976E-04
  0.8991E+00	  0.3708E-02	  0.5196E-04
  0.9153E+00	  0.3141E-02	  0.5421E-04
  0.9315E+00	  0.2661E-02	  0.5652E-04
  0.9477E+00	  0.2254E-02	  0.5889E-04
  0.9639E+00	  0.1909E-02	  0.6132E-04
  0.9801E+00	  0.1617E-02	  0.6380E-04
  0.9963E+00	  0.1370E-02	  0.6625E-04
  0.1013E+01	  0.1161E-02	  0.6854E-04
  0.1029E+01	  0.9832E-03	  0.7077E-04
  0.1045E+01	  0.8329E-03	  0.7300E-04
  0.1061E+01	  0.7056E-03	  0.7524E-04
  0.1077E+01	  0.5977E-03	  0.7752E-04
  0.1094E+01	  0.5063E-03	  0.7983E-04
  0.1110E+01	  0.4289E-03	  0.8218E-04
  0.1126E+01	  0.3633E-03	  0.8456E-04
  0.1142E+01	  0.3078E-03	  0.8697E-04
  0.1158E+01	  0.2607E-03	  0.8942E-04
  0.1175E+01	  0.2208E-03	  0.9190E-04
  0.1191E+01	  0.1871E-03	  0.9441E-04
  0.1207E+01	  0.1585E-03	  0.9694E-04
  0.1223E+01	  0.1342E-03	  0.9950E-04
  0.1239E+01	  0.1137E-03	  0.1021E-03
  0.1256E+01	  0.9634E-04	  0.1047E-03
  0.1272E+01	  0.8161E-04	  0.1073E-03
  0.1288E+01	  0.6913E-04	  0.1100E-03
  0.1304E+01	  0.5856E-04	  0.1127E-03
  0.1320E+01	  0.4961E-04	  0.1154E-03
  0.1337E+01	  0.4202E-04	  0.1182E-03
  0.1353E+01	  0.3560E-04	  0.1210E-03
  0.1369E+01	  0.3015E-04	  0.1239E-03
  0.1385E+01	  0.2554E-04	  0.1267E-03
  0.1401E+01	  0.2164E-04	  0.1296E-03
  0.1418E+01	  0.1833E-04	  0.1326E-03
  0.1434E+01	  0.1553E-04	  0.1355E-03
  0.1450E+01	  0.1315E-04	  0.1385E-03
  0.1466E+01	  0.1114E-04	  0.1416E-03
  0.1482E+01	  0.9439E-05	  0.1446E-03
  0.1499E+01	  0.7996E-05	  0.1478E-03
  0.1515E+01	  0.6773E-05	  0.1510E-03
  0.1531E+01	  0.5738E-05	  0.1543E-03
  0.1547E+01	  0.4860E-05	  0.1576E-03
  0.1563E+01	  0.4117E-05	  0.1610E-03
  0.1580E+01	  0.3488E-05	  0.1643E-03
  0.1596E+01	  0.2954E-05	  0.1678E-03
  0.1612E+01	  0.2503E-05	  0.1712E-03
  0.1628E+01	  0.2120E-05	  0.1747E-03
  0.1644E+01	  0.1796E-05	  0.1783E-03
  0.1661E+01	  0.1521E-05	  0.1818E-03
  0.1677E+01	  0.1289E-05	  0.1854E-03
  0.1693E+01	  0.1092E-05	  0.1890E-03
  0.1709E+01	  0.9248E-06	  0.1926E-03
  0.1725E+01	  0.7834E-06	  0.1961E-03
  0.1742E+01	  0.6636E-06	  0.1997E-03
  0.1758E+01	  0.5621E-06	  0.2032E-03
  0.1774E+01	  0.4762E-06	  0.2068E-03
  0.1790E+01	  0.4034E-06	  0.2104E-03
  0.1806E+01	  0.3417E-06	  0.2140E-03
  0.1823E+01	  0.2895E-06	  0.2177E-03
  0.1839E+01	  0.2452E-06	  0.2214E-03
  0.1855E+01	  0.2077E-06	  0.2252E-03
  0.1871E+01	  0.1760E-06	  0.2289E-03
  0.1887E+01	  0.1491E-06	  0.2327E-03
  0.1904E+01	  0.1263E-06	  0.2366E-03
  0.1920E+01	  0.1070E-06	  0.2404E-03
  0.1936E+01	  0.9060E-07	  0.2443E-03
  0.1952E+01	  0.7675E-07	  0.2482E-03
  0.1968E+01	  0.6501E-07	  0.2522E-03
  0.1985E+01	  0.5507E-07	  0.2563E-03
  0.2001E+01	  0.4665E-07	  0.2604E-03
  0.2017E+01	  0.3952E-07	  0.2647E-03
  0.2033E+01	  0.3348E-07	  0.2690E-03
  0.2049E+01	  0.2836E-07	  0.2735E-03
  0.2066E+01	  0.2402E-07	  0.2780E-03
  0.2082E+01	  0.2035E-07	  0.2826E-03
  0.2098E+01	  0.1724E-07	  0.2872E-03
  0.2114E+01	  0.1460E-07	  0.2918E-03
  0.2130E+01	  0.1237E-07	  0.2965E-03
  0.2147E+01	  0.1048E-07	  0.3012E-03
  0.2163E+01	  0.8876E-08	  0.3059E-03
  0.2179E+01	  0.7519E-08	  0.3107E-03
  0.2195E+01	  0.6370E-08	  0.3155E-03
  0.2211E+01	  0.5396E-08	  0.3203E-03
  0.2228E+01	  0.4571E-08	  0.3252E-03
  0.2244E+01	  0.3872E-08	  0.3301E-03
  0.2260E+01	  0.3280E-08	  0.3351E-03
  0.2276E+01	  0.2778E-08	  0.3401E-03
  0.2292E+01	  0.2354E-08	  0.3451E-03
  0.2309E+01	  0.1994E-08	  0.3502E-03
  0.2325E+01	  0.1689E-08	  0.3553E-03
  0.2341E+01	  0.1431E-08	  0.3604E-03
  0.2357E+01	  0.1212E-08	  0.3656E-03
  0.2373E+01	  0.1027E-08	  0.3708E-03
  0.2390E+01	  0.8696E-09	  0.3761E-03
  0.2406E+01	  0.7366E-09	  0.3814E-03
  0.2422E+01	  0.6240E-09	  0.3867E-03
  0.2438E+01	  0.5286E-09	  0.3921E-03
  0.2454E+01	  0.4478E-09	  0.3975E-03
  0.2471E+01	  0.3793E-09	  0.4029E-03
  0.2487E+01	  0.3213E-09	  0.4084E-03
  0.2503E+01	  0.2722E-09	  0.4140E-03
  0.2519E+01	  0.2306E-09	  0.4196E-03
  0.2535E+01	  0.1953E-09	  0.4253E-03
  0.2552E+01	  0.1654E-09	  0.4311E-03
  0.2568E+01	  0.1401E-09	  0.4369E-03
  0.2584E+01	  0.1187E-09	  0.4428E-03
  0.2600E+01	  0.1006E-09	  0.4487E-03
  0.2616E+01	  0.8519E-10	  0.4546E-03
  0.2633E+01	  0.7216E-10	  0.4606E-03
  0.2649E+01	  0.6113E-10	  0.4666E-03
  0.2665E+01	  0.5178E-10	  0.4727E-03
  0.2681E+01	  0.4386E-10	  0.4788E-03
  0.2697E+01	  0.3716E-10	  0.4849E-03
  0.2714E+01	  0.3147E-10	  0.4911E-03
  0.2730E+01	  0.2666E-10	  0.4973E-03
  0.2746E+01	  0.2259E-10	  0.5035E-03
  0.2762E+01	  0.1913E-10	  0.5098E-03
  0.2778E+01	  0.1621E-10	  0.5162E-03
  0.2795E+01	  0.1373E-10	  0.5225E-03
  0.2811E+01	  0.1163E-10	  0.5289E-03
  0.2827E+01	  0.9851E-11	  0.5354E-03
  0.2843E+01	  0.8345E-11	  0.5419E-03
  0.2859E+01	  0.7069E-11	  0.5484E-03
  0.2876E+01	  0.5988E-11	  0.5549E-03
  0.2892E+01	  0.5072E-11	  0.5615E-03
  0.2908E+01	  0.4297E-11	  0.5682E-03
  0.2924E+01	  0.3640E-11	  0.5748E-03
  0.2940E+01	  0.3083E-11	  0.5816E-03
  0.2957E+01	  0.2612E-11	  0.5883E-03
  0.2973E+01	  0.2212E-11	  0.5951E-03
  0.2989E+01	  0.1874E-11	  0.6019E-03
  0.3005E+01	  0.1587E-11	  0.6087E-03
  0.3021E+01	  0.1345E-11	  0.6155E-03
  0.3038E+01	  0.1139E-11	  0.6224E-03
  0.3054E+01	  0.9649E-12	  0.6293E-03
  0.3070E+01	  0.8174E-12	  0.6363E-03
  0.3086E+01	  0.6924E-12	  0.6432E-03
  0.3102E+01	  0.5865E-12	  0.6502E-03
  0.3119E+01	  0.4968E-12	  0.6573E-03
  0.3135E+01	  0.4208E-12	  0.6644E-03
  0.3151E+01	  0.3565E-12	  0.6715E-03
  0.3167E+01	  0.3020E-12	  0.6786E-03
  0.3183E+01	  0.2558E-12	  0.6858E-03
  0.3200E+01	  0.2167E-12	  0.6930E-03
  0.3216E+01	  0.1835E-12	  0.7003E-03
  0.3232E+01	  0.1555E-12	  0.7076E-03
  0.3248E+01	  0.1317E-12	  0.7150E-03
  0.3264E+01	  0.1116E-12	  0.7223E-03
  0.3281E+01	  0.9450E-13	  0.7298E-03
  0.3297E+01	  0.8005E-13	  0.7372E-03
  0.3313E+01	  0.6781E-13	  0.7447E-03
  0.3329E+01	  0.5744E-13	  0.7523E-03
  0.3345E+01	  0.4866E-13	  0.7598E-03
  0.3362E+01	  0.4122E-13	  0.7674E-03
  0.3378E+01	  0.3491E-13	  0.7751E-03
  0.3394E+01	  0.2957E-13	  0.7828E-03
  0.3410E+01	  0.2505E-13	  0.7905E-03
  0.3426E+01	  0.2122E-13	  0.7982E-03
  0.3443E+01	  0.1798E-13	  0.8060E-03
  0.3459E+01	  0.1523E-13	  0.8139E-03
  0.3475E+01	  0.1290E-13	  0.8217E-03
  0.3491E+01	  0.1093E-13	  0.8296E-03
  0.3507E+01	  0.9255E-14	  0.8376E-03
  0.3524E+01	  0.7840E-14	  0.8456E-03
  0.3540E+01	  0.6641E-14	  0.8536E-03
  0.3556E+01	  0.5625E-14	  0.8617E-03
  0.3572E+01	  0.4765E-14	  0.8698E-03
  0.3588E+01	  0.4036E-14	  0.8779E-03
  0.3605E+01	  0.3419E-14	  0.8861E-03
  0.3621E+01	  0.2896E-14	  0.8943E-03
  0.3637E+01	  0.2453E-14	  0.9025E-03
  0.3653E+01	  0.2078E-14	  0.9108E-03
  0.3669E+01	  0.1760E-14	  0.9192E-03
  0.3686E+01	  0.1491E-14	  0.9275E-03
  0.3702E+01	  0.1263E-14	  0.9359E-03
  0.3718E+01	  0.1070E-14	  0.9444E-03
  0.3734E+01	  0.9062E-15	  0.9528E-03
  0.3750E+01	  0.7677E-15	  0.9613E-03
  0.3767E+01	  0.6503E-15	  0.9699E-03
  0.3783E+01	  0.5508E-15	  0.9785E-03
  0.3799E+01	  0.4666E-15	  0.9871E-03
  0.3815E+01	  0.3952E-15	  0.9958E-03
  0.3831E+01	  0.3348E-15	  0.1004E-02
  0.3848E+01	  0.2836E-15	  0.1013E-02
  0.3864E+01	  0.2402E-15	  0.1022E-02
  0.3880E+01	  0.2035E-15	  0.1031E-02
  0.3896E+01	  0.1723E-15	  0.1040E-02
  0.3912E+01	  0.1460E-15	  0.1049E-02
  0.3929E+01	  0.1237E-15	  0.1057E-02
  0.3945E+01	  0.1047E-15	  0.1066E-02
  0.3961E+01	  0.8873E-16	  0.1075E-02
  0.3977E+01	  0.7516E-16	  0.1085E-02
  0.3993E+01	  0.6366E-16	  0.1094E-02
  0.4010E+01	  0.5393E-16	  0.1104E-02
  0.4026E+01	  0.4568E-16	  0.1114E-02
  0.4042E+01	  0.3869E-16	  0.1125E-02
  0.4058E+01	  0.3278E-16	  0.1135E-02
  0.4074E+01	  0.2776E-16	  0.1145E-02
  0.4091E+01	  0.2352E-16	  0.1156E-02
  0.4107E+01	  0.1992E-16	  0.1167E-02
  0.4123E+01	  0.1687E-16	  0.1177E-02
  0.4139E+01	  0.1429E-16	  0.1188E-02
  0.4155E+01	  0.1211E-16	  0.1199E-02
  0.4172E+01	  0.1025E-16	  0.1210E-02
  0.4188E+01	  0.8686E-17	  0.1220E-02
  0.4204E+01	  0.7357E-17	  0.1231E-02
  0.4220E+01	  0.6232E-17	  0.1242E-02
  0.4236E+01	  0.5279E-17	  0.1253E-02
  0.4253E+01	  0.4471E-17	  0.1264E-02
  0.4269E+01	  0.3788E-17	  0.1276E-02
  0.4285E+01	  0.3208E-17	  0.1287E-02
  0.4301E+01	  0.2717E-17	  0.1298E-02
  0.4317E+01	  0.2302E-17	  0.1309E-02
  0.4334E+01	  0.1950E-17	  0.1321E-02
  0.4350E+01	  0.1652E-17	  0.1332E-02
  0.4366E+01	  0.1399E-17	  0.1343E-02
  0.4382E+01	  0.1185E-17	  0.1355E-02
  0.4398E+01	  0.1004E-17	  0.1366E-02
  0.4415E+01	  0.8501E-18	  0.1378E-02
  0.4431E+01	  0.7201E-18	  0.1389E-02
  0.4447E+01	  0.6100E-18	  0.1401E-02
  0.4463E+01	  0.5166E-18	  0.1413E-02
  0.4479E+01	  0.4376E-18	  0.1425E-02
  0.4496E+01	  0.3707E-18	  0.1436E-02
  0.4512E+01	  0.3140E-18	  0.1448E-02
  0.4528E+01	  0.2659E-18	  0.1460E-02
  0.4544E+01	  0.2253E-18	  0.1472E-02
  0.4560E+01	  0.1908E-18	  0.1484E-02
  0.4577E+01	  0.1616E-18	  0.1496E-02
  0.4593E+01	  0.1369E-18	  0.1508E-02
  0.4609E+01	  0.1160E-18	  0.1520E-02
  0.4625E+01	  0.9821E-19	  0.1532E-02
  0.4641E+01	  0.8319E-19	  0.1544E-02
  0.4658E+01	  0.7046E-19	  0.1557E-02
  0.4674E+01	  0.5968E-19	  0.1569E-02
  0.4690E+01	  0.5055E-19	  0.1581E-02
  0.4706E+01	  0.4282E-19	  0.1594E-02
  0.4722E+01	  0.3627E-19	  0.1606E-02
  0.4739E+01	  0.3072E-19	  0.1619E-02
  0.4755E+01	  0.2602E-19	  0.1631E-02
  0.4771E+01	  0.2204E-19	  0.1644E-02
  0.4787E+01	  0.1867E-19	  0.1657E-02
  0.4803E+01	  0.1581E-19	  0.1669E-02
  0.4820E+01	  0.1339E-19	  0.1682E-02
  0.4836E+01	  0.1134E-19	  0.1695E-02
  0.4852E+01	  0.9608E-20	  0.1708E-02
  0.4868E+01	  0.8138E-20	  0.1720E-02
  0.4884E+01	  0.6893E-20	  0.1733E-02
  0.4901E+01	  0.5839E-20	  0.1746E-02
  0.4917E+01	  0.4945E-20	  0.1759E-02
  0.4933E+01	  0.4189E-20	  0.1772E-02
  0.4949E+01	  0.3548E-20	  0.1786E-02
  0.4965E+01	  0.3005E-20	  0.1799E-02
  0.4982E+01	  0.2545E-20	  0.1812E-02
  0.4998E+01	  0.2156E-20	  0.1826E-02
  0.5014E+01	  0.1826E-20	  0.1839E-02
  0.5030E+01	  0.1547E-20	  0.1853E-02
  0.5046E+01	  0.1310E-20	  0.1866E-02
  0.5063E+01	  0.1110E-20	  0.1880E-02
  0.5079E+01	  0.9397E-21	  0.1894E-02
  0.5095E+01	  0.7960E-21	  0.1908E-02
  0.5111E+01	  0.6742E-21	  0.1922E-02
  0.5127E+01	  0.5710E-21	  0.1936E-02
  0.5144E+01	  0.4836E-21	  0.1950E-02
  0.5160E+01	  0.4096E-21	  0.1964E-02
  0.5176E+01	  0.3469E-21	  0.1978E-02
  0.5192E+01	  0.2939E-21	  0.1993E-02
  0.5208E+01	  0.2489E-21	  0.2007E-02
  0.5225E+01	  0.2108E-21	  0.2021E-02
  0.5241E+01	  0.1785E-21	  0.2036E-02
  0.5257E+01	  0.1512E-21	  0.2050E-02
  0.5273E+01	  0.1281E-21	  0.2064E-02
  0.5289E+01	  0.1085E-21	  0.2079E-02
  0.5306E+01	  0.9188E-22	  0.2094E-02
  0.5322E+01	  0.7782E-22	  0.2108E-02
  0.5338E+01	  0.6591E-22	  0.2123E-02
  0.5354E+01	  0.5583E-22	  0.2138E-02
  0.5370E+01	  0.4728E-22	  0.2152E-02
  0.5387E+01	  0.4005E-22	  0.2167E-02
  0.5403E+01	  0.3392E-22	  0.2182E-02
  0.5419E+01	  0.2873E-22	  0.2197E-02
  0.5435E+01	  0.2433E-22	  0.2212E-02
  0.5451E+01	  0.2061E-22	  0.2227E-02
  0.5468E+01	  0.1745E-22	  0.2242E-02
  0.5484E+01	  0.1478E-22	  0.2257E-02
  0.5500E+01	  0.1252E-22	  0.2272E-02
  0.5516E+01	  0.1060E-22	  0.2288E-02
  0.5532E+01	  0.8981E-23	  0.2303E-02
  0.5549E+01	  0.7606E-23	  0.2318E-02
  0.5565E+01	  0.6442E-23	  0.2334E-02
  0.5581E+01	  0.5456E-23	  0.2349E-02
  0.5597E+01	  0.4621E-23	  0.2364E-02
  0.5613E+01	  0.3914E-23	  0.2380E-02
  0.5630E+01	  0.3315E-23	  0.2395E-02
  0.5646E+01	  0.2807E-23	  0.2411E-02
  0.5662E+01	  0.2378E-23	  0.2427E-02
  0.5678E+01	  0.2014E-23	  0.2442E-02
  0.5694E+01	  0.1705E-23	  0.2458E-02
  0.5711E+01	  0.1444E-23	  0.2474E-02
  0.5727E+01	  0.1223E-23	  0.2490E-02
  0.5743E+01	  0.1036E-23	  0.2506E-02
  0.5759E+01	  0.8774E-24	  0.2522E-02
  0.5775E+01	  0.7431E-24	  0.2538E-02
  0.5792E+01	  0.6294E-24	  0.2554E-02
  0.5808E+01	  0.5330E-24	  0.2570E-02
  0.5824E+01	  0.4514E-24	  0.2586E-02
  0.5840E+01	  0.3823E-24	  0.2602E-02
  0.5856E+01	  0.3238E-24	  0.2618E-02
  0.5873E+01	  0.2742E-24	  0.2635E-02
  0.5889E+01	  0.2322E-24	  0.2651E-02
  0.5905E+01	  0.1967E-24	  0.2667E-02
  0.5921E+01	  0.1666E-24	  0.2684E-02
  0.5937E+01	  0.1411E-24	  0.2700E-02
  0.5954E+01	  0.1195E-24	  0.2717E-02
  0.5970E+01	  0.1012E-24	  0.2733E-02
  0.5986E+01	  0.8569E-25	  0.2750E-02
  0.6002E+01	  0.7257E-25	  0.2766E-02
  0.6018E+01	  0.6146E-25	  0.2783E-02
  0.6035E+01	  0.5205E-25	  0.2799E-02
  0.6051E+01	  0.4408E-25	  0.2816E-02
  0.6067E+01	  0.3733E-25	  0.2832E-02
  0.6083E+01	  0.3161E-25	  0.2849E-02
  0.6099E+01	  0.2677E-25	  0.2865E-02
  0.6116E+01	  0.2267E-25	  0.2882E-02
  0.6132E+01	  0.1920E-25	  0.2898E-02
  0.6148E+01	  0.1626E-25	  0.2915E-02
  0.6164E+01	  0.1377E-25	  0.2932E-02
  0.6180E+01	  0.1166E-25	  0.2948E-02
  0.6197E+01	  0.9877E-26	  0.2965E-02
  0.6213E+01	  0.8365E-26	  0.2982E-02
  0.6229E+01	  0.7084E-26	  0.2999E-02
  0.6245E+01	  0.5999E-26	  0.3016E-02
  0.6261E+01	  0.5080E-26	  0.3033E-02
  0.6278E+01	  0.4302E-26	  0.3050E-02
  0.6294E+01	  0.3643E-26	  0.3067E-02
  0.6310E+01	  0.3086E-26	  0.3084E-02
  0.6326E+01	  0.2613E-26	  0.3101E-02
  0.6342E+01	  0.2213E-26	  0.3118E-02
  0.6359E+01	  0.1874E-26	  0.3135E-02
  0.6375E+01	  0.1587E-26	  0.3153E-02
  0.6391E+01	  0.1344E-26	  0.3170E-02
  0.6407E+01	  0.1138E-26	  0.3187E-02
  0.6423E+01	  0.9637E-27	  0.3205E-02
  0.6440E+01	  0.8161E-27	  0.3222E-02
  0.6456E+01	  0.6911E-27	  0.3240E-02
  0.6472E+01	  0.5853E-27	  0.3257E-02
  0.6488E+01	  0.4956E-27	  0.3275E-02
  0.6504E+01	  0.4197E-27	  0.3293E-02
  0.6521E+01	  0.3554E-27	  0.3310E-02
  0.6537E+01	  0.3010E-27	  0.3328E-02
  0.6553E+01	  0.2549E-27	  0.3346E-02
  0.6569E+01	  0.2158E-27	  0.3364E-02
  0.6585E+01	  0.1828E-27	  0.3381E-02
  0.6602E+01	  0.1548E-27	  0.3399E-02
  0.6618E+01	  0.1311E-27	  0.3417E-02
  0.6634E+01	  0.1110E-27	  0.3435E-02
  0.6650E+01	  0.9399E-28	  0.3453E-02
  0.6666E+01	  0.7959E-28	  0.3472E-02
  0.6683E+01	  0.6740E-28	  0.3490E-02
  0.6699E+01	  0.5707E-28	  0.3508E-02
  0.6715E+01	  0.4833E-28	  0.3526E-02
  0.6731E+01	  0.4092E-28	  0.3544E-02
  0.6747E+01	  0.3465E-28	  0.3563E-02

R4  
------------------------------------------------------------
Electric field / N (Td)                    6.000    
Angular frequency / N (m3/s)              0.1938E-11
Cosine of E-B field angle                  0.000    
Gas temperature (K)                        800.0    
Excitation temperature (K)                 300.0    
Transition energy (eV)                     0.000    
Ionization degree                          0.000    
Plasma density (1/m3)                     0.1000E+19
Ion charge parameter                       1.000    
Ion/neutral mass ratio                     1.000    
Coulomb collision model                    1.000    
Energy sharing                             0.000    
Growth model                               1.000    
Maxwellian mean energy (eV)                0.000    
# of grid points                           500.0    
Grid type                                  1.000    
Maximum energy                             30.00    
Precision                                 0.1000E-29
Convergence                               0.1000E-03
Maximum # of iterations                   0.2000E+05
Mole fraction Ar                           1.000    
------------------------------------------------------------
Mean energy (eV)                          0.1654    
Mobility *N (1/m/V/s)                     0.2962E+27
Re/perp mobility *N (1/m/V/s)             0.5182E+20
Im/Hall mobility *N (1/m/V/s)            -0.9094E+23
Diffusion coefficient *N (1/m/s)          0.3273E+26
Energy mobility *N (1/m/V/s)              0.4294E+27
Energy diffusion coef. *N (1/m/s)         0.4730E+26
Total collision freq. /N (m3/s)           0.1224E-14
Momentum frequency /N (m3/s)              0.1106E-14
Total ionization freq. /N (m3/s)           0.000    
Power /N (eV m3/s)                        0.1865E-20
Elastic power loss /N (eV m3/s)           0.1868E-20
Inelastic power loss /N (eV m3/s)        -0.2237-207
Growth power /N (eV m3/s)                  0.000    
Maximum energy                             9.108    
# of iterations                            8.000    
# of grid trials                           2.000    
------------------------------------------------------------
Rate coefficients (m3/s)
C1    Ar    Elastic                       0.1224E-14
C2    Ar    Excitation    11.55 eV         0.000    
C3    Ar    Excitation    11.62 eV         0.000    
C4    Ar    Excitation    11.72 eV         0.000    
C5    Ar    Excitation    11.83 eV         0.000    
C6    Ar    Excitation    12.91 eV         0.000    
C7    Ar    Excitation    13.08 eV         0.000    
C8    Ar    Excitation    13.10 eV         0.000    
C9    Ar    Excitation    13.15 eV         0.000    
C10   Ar    Excitation    13.17 eV         0.000    
C11   Ar    Excitation    13.27 eV         0.000    
C12   Ar    Excitation    13.28 eV         0.000    
C13   Ar    Excitation    13.30 eV         0.000    
C14   Ar    Excitation    13.33 eV         0.000    
C15   Ar    Excitation    13.48 eV         0.000    
C16   Ar    Excitation    13.85 eV         0.000    
C17   Ar    Excitation    13.86 eV         0.000    
C18   Ar    Excitation    13.90 eV         0.000    
C19   Ar    Excitation    13.98 eV         0.000    
C20   Ar    Excitation    14.01 eV         0.000    
C21   Ar    Excitation    14.06 eV         0.000    
C22   Ar    Excitation    14.07 eV         0.000    
C23   Ar    Excitation    14.09 eV         0.000    
C24   Ar    Excitation    14.10 eV         0.000    
C25   Ar    Excitation    14.15 eV         0.000    
C26   Ar    Excitation    14.21 eV         0.000    
C27   Ar    Excitation    14.23 eV         0.000    
C28   Ar    Excitation    14.24 eV         0.000    
C29   Ar    Excitation    14.24 eV         0.000    
C30   Ar    Excitation    14.26 eV         0.000    
C31   Ar    Excitation    14.30 eV         0.000    
C32   Ar    Excitation    14.71 eV         0.000    
C33   Ar    Excitation    14.85 eV         0.000    
C34   Ar    Excitation    14.86 eV         0.000    
C35   Ar    Excitation    15.00 eV         0.000    
C36   Ar    Excitation    15.02 eV         0.000    
C37   Ar    Excitation    15.12 eV         0.000    
C38   Ar    Excitation    15.19 eV         0.000    
C39   Ar    Excitation    15.19 eV         0.000    
C40   Ar    Excitation    15.31 eV         0.000    
C41   Ar    Excitation    15.35 eV         0.000    
C42   Ar    Excitation    15.36 eV         0.000    
C43   Ar    Excitation    15.37 eV         0.000    
C44   Ar    Excitation    15.37 eV         0.000    
C45   Ar    Excitation    15.66 eV         0.000    
C46   Ar    Ionization    15.76 eV         0.000    
------------------------------------------------------------
Energy (eV) EEDF (eV-3/2) Anisotropy
  0.9108E-02	  0.2841E+02	  0.3162E-05
  0.2732E-01	  0.2408E+02	  0.3429E-05
  0.4554E-01	  0.2042E+02	  0.3964E-05
  0.6376E-01	  0.1731E+02	  0.3908E-05
  0.8197E-01	  0.1467E+02	  0.3575E-05
  0.1002E+00	  0.1244E+02	  0.3121E-05
  0.1184E+00	  0.1054E+02	  0.2645E-05
  0.1366E+00	  0.8937E+01	  0.2203E-05
  0.1548E+00	  0.7576E+01	  0.1820E-05
  0.1731E+00	  0.6422E+01	  0.1515E-05
  0.1913E+00	  0.5444E+01	  0.1301E-05
  0.2095E+00	  0.4615E+01	  0.1186E-05
  0.2277E+00	  0.3912E+01	  0.1172E-05
  0.2459E+00	  0.3317E+01	  0.1262E-05
  0.2641E+00	  0.2812E+01	  0.1456E-05
  0.2823E+00	  0.2383E+01	  0.1759E-05
  0.3006E+00	  0.2020E+01	  0.2167E-05
  0.3188E+00	  0.1713E+01	  0.2668E-05
  0.3370E+00	  0.1452E+01	  0.3259E-05
  0.3552E+00	  0.1231E+01	  0.3939E-05
  0.3734E+00	  0.1043E+01	  0.4708E-05
  0.3916E+00	  0.8845E+00	  0.5562E-05
  0.4099E+00	  0.7498E+00	  0.6493E-05
  0.4281E+00	  0.6356E+00	  0.7498E-05
  0.4463E+00	  0.5388E+00	  0.8579E-05
  0.4645E+00	  0.4568E+00	  0.9730E-05
  0.4827E+00	  0.3872E+00	  0.1095E-04
  0.5009E+00	  0.3282E+00	  0.1223E-04
  0.5192E+00	  0.2783E+00	  0.1358E-04
  0.5374E+00	  0.2359E+00	  0.1499E-04
  0.5556E+00	  0.2000E+00	  0.1646E-04
  0.5738E+00	  0.1695E+00	  0.1799E-04
  0.5920E+00	  0.1437E+00	  0.1958E-04
  0.6102E+00	  0.1218E+00	  0.2122E-04
  0.6285E+00	  0.1033E+00	  0.2292E-04
  0.6467E+00	  0.8754E-01	  0.2468E-04
  0.6649E+00	  0.7421E-01	  0.2650E-04
  0.6831E+00	  0.6290E-01	  0.2837E-04
  0.7013E+00	  0.5333E-01	  0.3030E-04
  0.7195E+00	  0.4520E-01	  0.3228E-04
  0.7377E+00	  0.3832E-01	  0.3433E-04
  0.7560E+00	  0.3248E-01	  0.3643E-04
  0.7742E+00	  0.2754E-01	  0.3860E-04
  0.7924E+00	  0.2334E-01	  0.4083E-04
  0.8106E+00	  0.1979E-01	  0.4312E-04
  0.8288E+00	  0.1678E-01	  0.4547E-04
  0.8470E+00	  0.1422E-01	  0.4790E-04
  0.8653E+00	  0.1206E-01	  0.5038E-04
  0.8835E+00	  0.1022E-01	  0.5294E-04
  0.9017E+00	  0.8663E-02	  0.5558E-04
  0.9199E+00	  0.7344E-02	  0.5828E-04
  0.9381E+00	  0.6225E-02	  0.6106E-04
  0.9563E+00	  0.5277E-02	  0.6393E-04
  0.9746E+00	  0.4474E-02	  0.6687E-04
  0.9928E+00	  0.3792E-02	  0.6981E-04
  0.1011E+01	  0.3215E-02	  0.7260E-04
  0.1029E+01	  0.2725E-02	  0.7525E-04
  0.1047E+01	  0.2310E-02	  0.7792E-04
  0.1066E+01	  0.1958E-02	  0.8061E-04
  0.1084E+01	  0.1660E-02	  0.8335E-04
  0.1102E+01	  0.1407E-02	  0.8613E-04
  0.1120E+01	  0.1193E-02	  0.8896E-04
  0.1139E+01	  0.1011E-02	  0.9183E-04
  0.1157E+01	  0.8574E-03	  0.9475E-04
  0.1175E+01	  0.7268E-03	  0.9771E-04
  0.1193E+01	  0.6161E-03	  0.1007E-03
  0.1211E+01	  0.5223E-03	  0.1037E-03
  0.1230E+01	  0.4427E-03	  0.1068E-03
  0.1248E+01	  0.3753E-03	  0.1099E-03
  0.1266E+01	  0.3182E-03	  0.1130E-03
  0.1284E+01	  0.2697E-03	  0.1162E-03
  0.1302E+01	  0.2286E-03	  0.1194E-03
  0.1321E+01	  0.1938E-03	  0.1227E-03
  0.1339E+01	  0.1643E-03	  0.1260E-03
  0.1357E+01	  0.1393E-03	  0.1294E-03
  0.1375E+01	  0.1181E-03	  0.1328E-03
  0.1394E+01	  0.1001E-03	  0.1362E-03
  0.1412E+01	  0.8485E-04	  0.1397E-03
  0.1430E+01	  0.7193E-04	  0.1433E-03
  0.1448E+01	  0.6097E-04	  0.1469E-03
  0.1466E+01	  0.5169E-04	  0.1505E-03
  0.1485E+01	  0.4382E-04	  0.1541E-03
  0.1503E+01	  0.3714E-04	  0.1579E-03
  0.1521E+01	  0.3149E-04	  0.1618E-03
  0.1539E+01	  0.2669E-04	  0.1657E-03
  0.1557E+01	  0.2263E-04	  0.1697E-03
  0.1576E+01	  0.1918E-04	  0.1738E-03
  0.1594E+01	  0.1626E-04	  0.1778E-03
  0.1612E+01	  0.1378E-04	  0.1820E-03
  0.1630E+01	  0.1168E-04	  0.1862E-03
  0.1649E+01	  0.9905E-05	  0.1904E-03
  0.1667E+01	  0.8397E-05	  0.1947E-03
  0.1685E+01	  0.7118E-05	  0.1989E-03
  0.1703E+01	  0.6034E-05	  0.2032E-03
  0.1721E+01	  0.5115E-05	  0.2075E-03
  0.1740E+01	  0.4336E-05	  0.2117E-03
  0.1758E+01	  0.3676E-05	  0.2159E-03
  0.1776E+01	  0.3116E-05	  0.2202E-03
  0.1794E+01	  0.2641E-05	  0.2245E-03
  0.1812E+01	  0.2239E-05	  0.2289E-03
  0.1831E+01	  0.1898E-05	  0.2333E-03
  0.1849E+01	  0.1609E-05	  0.2378E-03
  0.1867E+01	  0.1364E-05	  0.2422E-03
  0.1885E+01	  0.1156E-05	  0.2468E-03
  0.1904E+01	  0.9802E-06	  0.2514E-03
  0.1922E+01	  0.8309E-06	  0.2560E-03
  0.1940E+01	  0.7044E-06	  0.2606E-03
  0.1958E+01	  0.5971E-06	  0.2653E-03
  0.1976E+01	  0.5062E-06	  0.2701E-03
  0.1995E+01	  0.4291E-06	  0.2751E-03
  0.2013E+01	  0.3637E-06	  0.2801E-03
  0.2031E+01	  0.3083E-06	  0.2852E-03
  0.2049E+01	  0.2614E-06	  0.2906E-03
  0.2068E+01	  0.2216E-06	  0.2960E-03
  0.2086E+01	  0.1878E-06	  0.3014E-03
  0.2104E+01	  0.1592E-06	  0.3069E-03
  0.2122E+01	  0.1350E-06	  0.3125E-03
  0.2140E+01	  0.1144E-06	  0.3181E-03
  0.2159E+01	  0.9700E-07	  0.3237E-03
  0.2177E+01	  0.8222E-07	  0.3294E-03
  0.2195E+01	  0.6970E-07	  0.3352E-03
  0.2213E+01	  0.5909E-07	  0.3410E-03
  0.2231E+01	  0.5009E-07	  0.3468E-03
  0.2250E+01	  0.4246E-07	  0.3527E-03
  0.2268E+01	  0.3599E-07	  0.3586E-03
  0.2286E+01	  0.3051E-07	  0.3646E-03
  0.2304E+01	  0.2586E-07	  0.3707E-03
  0.2323E+01	  0.2193E-07	  0.3768E-03
  0.2341E+01	  0.1859E-07	  0.3829E-03
  0.2359E+01	  0.1576E-07	  0.3891E-03
  0.2377E+01	  0.1336E-07	  0.3953E-03
  0.2395E+01	  0.1132E-07	  0.4016E-03
  0.2414E+01	  0.9598E-08	  0.4080E-03
  0.2432E+01	  0.8136E-08	  0.4143E-03
  0.2450E+01	  0.6897E-08	  0.4208E-03
  0.2468E+01	  0.5847E-08	  0.4273E-03
  0.2486E+01	  0.4956E-08	  0.4339E-03
  0.2505E+01	  0.4201E-08	  0.4406E-03
  0.2523E+01	  0.3561E-08	  0.4473E-03
  0.2541E+01	  0.3019E-08	  0.4541E-03
  0.2559E+01	  0.2559E-08	  0.4611E-03
  0.2578E+01	  0.2169E-08	  0.4680E-03
  0.2596E+01	  0.1839E-08	  0.4751E-03
  0.2614E+01	  0.1559E-08	  0.4822E-03
  0.2632E+01	  0.1322E-08	  0.4893E-03
  0.2650E+01	  0.1120E-08	  0.4965E-03
  0.2669E+01	  0.9496E-09	  0.5037E-03
  0.2687E+01	  0.8050E-09	  0.5110E-03
  0.2705E+01	  0.6824E-09	  0.5184E-03
  0.2723E+01	  0.5785E-09	  0.5258E-03
  0.2742E+01	  0.4904E-09	  0.5332E-03
  0.2760E+01	  0.4157E-09	  0.5407E-03
  0.2778E+01	  0.3524E-09	  0.5483E-03
  0.2796E+01	  0.2987E-09	  0.5559E-03
  0.2814E+01	  0.2532E-09	  0.5635E-03
  0.2833E+01	  0.2146E-09	  0.5713E-03
  0.2851E+01	  0.1819E-09	  0.5790E-03
  0.2869E+01	  0.1542E-09	  0.5868E-03
  0.2887E+01	  0.1307E-09	  0.5947E-03
  0.2905E+01	  0.1108E-09	  0.6026E-03
  0.2924E+01	  0.9395E-10	  0.6106E-03
  0.2942E+01	  0.7964E-10	  0.6186E-03
  0.2960E+01	  0.6751E-10	  0.6267E-03
  0.2978E+01	  0.5723E-10	  0.6348E-03
  0.2997E+01	  0.4851E-10	  0.6429E-03
  0.3015E+01	  0.4112E-10	  0.6511E-03
  0.3033E+01	  0.3486E-10	  0.6593E-03
  0.3051E+01	  0.2955E-10	  0.6675E-03
  0.3069E+01	  0.2505E-10	  0.6758E-03
  0.3088E+01	  0.2123E-10	  0.6842E-03
  0.3106E+01	  0.1800E-10	  0.6925E-03
  0.3124E+01	  0.1526E-10	  0.7010E-03
  0.3142E+01	  0.1293E-10	  0.7094E-03
  0.3160E+01	  0.1096E-10	  0.7179E-03
  0.3179E+01	  0.9294E-11	  0.7265E-03
  0.3197E+01	  0.7878E-11	  0.7352E-03
  0.3215E+01	  0.6678E-11	  0.7438E-03
  0.3233E+01	  0.5661E-11	  0.7526E-03
  0.3252E+01	  0.4799E-11	  0.7614E-03
  0.3270E+01	  0.4068E-11	  0.7702E-03
  0.3288E+01	  0.3448E-11	  0.7791E-03
  0.3306E+01	  0.2923E-11	  0.7880E-03
  0.3324E+01	  0.2478E-11	  0.7970E-03
  0.3343E+01	  0.2100E-11	  0.8060E-03
  0.3361E+01	  0.1780E-11	  0.8151E-03
  0.3379E+01	  0.1509E-11	  0.8243E-03
  0.3397E+01	  0.1279E-11	  0.8334E-03
  0.3416E+01	  0.1084E-11	  0.8427E-03
  0.3434E+01	  0.9192E-12	  0.8520E-03
  0.3452E+01	  0.7792E-12	  0.8613E-03
  0.3470E+01	  0.6605E-12	  0.8707E-03
  0.3488E+01	  0.5599E-12	  0.8801E-03
  0.3507E+01	  0.4746E-12	  0.8896E-03
  0.3525E+01	  0.4023E-12	  0.8992E-03
  0.3543E+01	  0.3410E-12	  0.9088E-03
  0.3561E+01	  0.2891E-12	  0.9184E-03
  0.3579E+01	  0.2450E-12	  0.9281E-03
  0.3598E+01	  0.2077E-12	  0.9378E-03
  0.3616E+01	  0.1761E-12	  0.9476E-03
  0.3634E+01	  0.1493E-12	  0.9575E-03
  0.3652E+01	  0.1265E-12	  0.9674E-03
  0.3671E+01	  0.1072E-12	  0.9773E-03
  0.3689E+01	  0.9091E-13	  0.9873E-03
  0.3707E+01	  0.7706E-13	  0.9974E-03
  0.3725E+01	  0.6532E-13	  0.1007E-02
  0.3743E+01	  0.5537E-13	  0.1018E-02
  0.3762E+01	  0.4693E-13	  0.1028E-02
  0.3780E+01	  0.3978E-13	  0.1038E-02
  0.3798E+01	  0.3372E-13	  0.1048E-02
  0.3816E+01	  0.2859E-13	  0.1059E-02
  0.3834E+01	  0.2423E-13	  0.1069E-02
  0.3853E+01	  0.2054E-13	  0.1080E-02
  0.3871E+01	  0.1741E-13	  0.1090E-02
  0.3889E+01	  0.1476E-13	  0.1101E-02
  0.3907E+01	  0.1251E-13	  0.1111E-02
  0.3926E+01	  0.1060E-13	  0.1122E-02
  0.3944E+01	  0.8989E-14	  0.1133E-02
  0.3962E+01	  0.7619E-14	  0.1143E-02
  0.3980E+01	  0.6459E-14	  0.1154E-02
  0.3998E+01	  0.5475E-14	  0.1166E-02
  0.4017E+01	  0.4641E-14	  0.1178E-02
  0.4035E+01	  0.3934E-14	  0.1190E-02
  0.4053E+01	  0.3334E-14	  0.1203E-02
  0.4071E+01	  0.2826E-14	  0.1215E-02
  0.4089E+01	  0.2396E-14	  0.1228E-02
  0.4108E+01	  0.2031E-14	  0.1240E-02
  0.4126E+01	  0.1721E-14	  0.1253E-02
  0.4144E+01	  0.1459E-14	  0.1266E-02
  0.4162E+01	  0.1237E-14	  0.1279E-02
  0.4181E+01	  0.1048E-14	  0.1292E-02
  0.4199E+01	  0.8886E-15	  0.1305E-02
  0.4217E+01	  0.7532E-15	  0.1318E-02
  0.4235E+01	  0.6384E-15	  0.1331E-02
  0.4253E+01	  0.5412E-15	  0.1344E-02
  0.4272E+01	  0.4587E-15	  0.1358E-02
  0.4290E+01	  0.3888E-15	  0.1371E-02
  0.4308E+01	  0.3296E-15	  0.1384E-02
  0.4326E+01	  0.2794E-15	  0.1398E-02
  0.4345E+01	  0.2368E-15	  0.1411E-02
  0.4363E+01	  0.2007E-15	  0.1425E-02
  0.4381E+01	  0.1701E-15	  0.1439E-02
  0.4399E+01	  0.1442E-15	  0.1453E-02
  0.4417E+01	  0.1222E-15	  0.1466E-02
  0.4436E+01	  0.1036E-15	  0.1480E-02
  0.4454E+01	  0.8782E-16	  0.1494E-02
  0.4472E+01	  0.7444E-16	  0.1508E-02
  0.4490E+01	  0.6309E-16	  0.1522E-02
  0.4508E+01	  0.5348E-16	  0.1536E-02
  0.4527E+01	  0.4533E-16	  0.1551E-02
  0.4545E+01	  0.3842E-16	  0.1565E-02
  0.4563E+01	  0.3257E-16	  0.1579E-02
  0.4581E+01	  0.2760E-16	  0.1594E-02
  0.4600E+01	  0.2340E-16	  0.1608E-02
  0.4618E+01	  0.1983E-16	  0.1622E-02
  0.4636E+01	  0.1681E-16	  0.1637E-02
  0.4654E+01	  0.1425E-16	  0.1652E-02
  0.4672E+01	  0.1208E-16	  0.1666E-02
  0.4691E+01	  0.1024E-16	  0.1681E-02
  0.4709E+01	  0.8676E-17	  0.1696E-02
  0.4727E+01	  0.7354E-17	  0.1711E-02
  0.4745E+01	  0.6233E-17	  0.1726E-02
  0.4763E+01	  0.5283E-17	  0.1741E-02
  0.4782E+01	  0.4478E-17	  0.1756E-02
  0.4800E+01	  0.3796E-17	  0.1771E-02
  0.4818E+01	  0.3217E-17	  0.1786E-02
  0.4836E+01	  0.2727E-17	  0.1802E-02
  0.4855E+01	  0.2311E-17	  0.1817E-02
  0.4873E+01	  0.1959E-17	  0.1832E-02
  0.4891E+01	  0.1660E-17	  0.1848E-02
  0.4909E+01	  0.1407E-17	  0.1863E-02
  0.4927E+01	  0.1193E-17	  0.1879E-02
  0.4946E+01	  0.1011E-17	  0.1895E-02
  0.4964E+01	  0.8569E-18	  0.1911E-02
  0.4982E+01	  0.7263E-18	  0.1926E-02
  0.5000E+01	  0.6156E-18	  0.1942E-02
  0.5019E+01	  0.5217E-18	  0.1958E-02
  0.5037E+01	  0.4422E-18	  0.1975E-02
  0.5055E+01	  0.3748E-18	  0.1991E-02
  0.5073E+01	  0.3177E-18	  0.2008E-02
  0.5091E+01	  0.2692E-18	  0.2024E-02
  0.5110E+01	  0.2282E-18	  0.2041E-02
  0.5128E+01	  0.1934E-18	  0.2058E-02
  0.5146E+01	  0.1639E-18	  0.2075E-02
  0.5164E+01	  0.1389E-18	  0.2092E-02
  0.5182E+01	  0.1178E-18	  0.2109E-02
  0.5201E+01	  0.9981E-19	  0.2126E-02
  0.5219E+01	  0.8459E-19	  0.2143E-02
  0.5237E+01	  0.7170E-19	  0.2160E-02
  0.5255E+01	  0.6076E-19	  0.2177E-02
  0.5274E+01	  0.5150E-19	  0.2195E-02
  0.5292E+01	  0.4365E-19	  0.2212E-02
  0.5310E+01	  0.3699E-19	  0.2229E-02
  0.5328E+01	  0.3135E-19	  0.2247E-02
  0.5346E+01	  0.2657E-19	  0.2264E-02
  0.5365E+01	  0.2252E-19	  0.2282E-02
  0.5383E+01	  0.1909E-19	  0.2300E-02
  0.5401E+01	  0.1618E-19	  0.2318E-02
  0.5419E+01	  0.1371E-19	  0.2335E-02
  0.5437E+01	  0.1162E-19	  0.2353E-02
  0.5456E+01	  0.9849E-20	  0.2371E-02
  0.5474E+01	  0.8347E-20	  0.2389E-02
  0.5492E+01	  0.7074E-20	  0.2407E-02
  0.5510E+01	  0.5995E-20	  0.2426E-02
  0.5529E+01	  0.5081E-20	  0.2444E-02
  0.5547E+01	  0.4306E-20	  0.2462E-02
  0.5565E+01	  0.3650E-20	  0.2480E-02
  0.5583E+01	  0.3093E-20	  0.2499E-02
  0.5601E+01	  0.2621E-20	  0.2517E-02
  0.5620E+01	  0.2222E-20	  0.2536E-02
  0.5638E+01	  0.1883E-20	  0.2555E-02
  0.5656E+01	  0.1596E-20	  0.2573E-02
  0.5674E+01	  0.1352E-20	  0.2592E-02
  0.5693E+01	  0.1146E-20	  0.2611E-02
  0.5711E+01	  0.9713E-21	  0.2630E-02
  0.5729E+01	  0.8232E-21	  0.2649E-02
  0.5747E+01	  0.6976E-21	  0.2668E-02
  0.5765E+01	  0.5912E-21	  0.2687E-02
  0.5784E+01	  0.5010E-21	  0.2706E-02
  0.5802E+01	  0.4246E-21	  0.2725E-02
  0.5820E+01	  0.3599E-21	  0.2745E-02
  0.5838E+01	  0.3050E-21	  0.2764E-02
  0.5856E+01	  0.2584E-21	  0.2783E-02
  0.5875E+01	  0.2190E-21	  0.2803E-02
  0.5893E+01	  0.1856E-21	  0.2822E-02
  0.5911E+01	  0.1573E-21	  0.2842E-02
  0.5929E+01	  0.1333E-21	  0.2862E-02
  0.5948E+01	  0.1130E-21	  0.2881E-02
  0.5966E+01	  0.9574E-22	  0.2901E-02
  0.5984E+01	  0.8113E-22	  0.2921E-02
  0.6002E+01	  0.6876E-22	  0.2940E-02
  0.6020E+01	  0.5827E-22	  0.2960E-02
  0.6039E+01	  0.4938E-22	  0.2980E-02
  0.6057E+01	  0.4184E-22	  0.3000E-02
  0.6075E+01	  0.3546E-22	  0.3019E-02
  0.6093E+01	  0.3005E-22	  0.3039E-02
  0.6111E+01	  0.2546E-22	  0.3059E-02
  0.6130E+01	  0.2158E-22	  0.3079E-02
  0.6148E+01	  0.1829E-22	  0.3099E-02
  0.6166E+01	  0.1550E-22	  0.3119E-02
  0.6184E+01	  0.1313E-22	  0.3139E-02
  0.6203E+01	  0.1113E-22	  0.3159E-02
  0.6221E+01	  0.9430E-23	  0.3179E-02
  0.6239E+01	  0.7991E-23	  0.3199E-02
  0.6257E+01	  0.6772E-23	  0.3219E-02
  0.6275E+01	  0.5738E-23	  0.3240E-02
  0.6294E+01	  0.4863E-23	  0.3260E-02
  0.6312E+01	  0.4121E-23	  0.3280E-02
  0.6330E+01	  0.3492E-23	  0.3301E-02
  0.6348E+01	  0.2959E-23	  0.3322E-02
  0.6366E+01	  0.2507E-23	  0.3342E-02
  0.6385E+01	  0.2125E-23	  0.3363E-02
  0.6403E+01	  0.1800E-23	  0.3384E-02
  0.6421E+01	  0.1526E-23	  0.3405E-02
  0.6439E+01	  0.1293E-23	  0.3425E-02
  0.6458E+01	  0.1095E-23	  0.3446E-02
  0.6476E+01	  0.9283E-24	  0.3467E-02
  0.6494E+01	  0.7866E-24	  0.3488E-02
  0.6512E+01	  0.6665E-24	  0.3510E-02
  0.6530E+01	  0.5648E-24	  0.3531E-02
  0.6549E+01	  0.4786E-24	  0.3552E-02
  0.6567E+01	  0.4055E-24	  0.3573E-02
  0.6585E+01	  0.3436E-24	  0.3595E-02
  0.6603E+01	  0.2912E-24	  0.3616E-02
  0.6622E+01	  0.2467E-24	  0.3638E-02
  0.6640E+01	  0.2090E-24	  0.3659E-02
  0.6658E+01	  0.1771E-24	  0.3681E-02
  0.6676E+01	  0.1501E-24	  0.3703E-02
  0.6694E+01	  0.1272E-24	  0.3724E-02
  0.6713E+01	  0.1078E-24	  0.3746E-02
  0.6731E+01	  0.9130E-25	  0.3768E-02
  0.6749E+01	  0.7736E-25	  0.3790E-02
  0.6767E+01	  0.6555E-25	  0.3812E-02
  0.6785E+01	  0.5554E-25	  0.3834E-02
  0.6804E+01	  0.4706E-25	  0.3856E-02
  0.6822E+01	  0.3987E-25	  0.3878E-02
  0.6840E+01	  0.3379E-25	  0.3901E-02
  0.6858E+01	  0.2863E-25	  0.3923E-02
  0.6877E+01	  0.2425E-25	  0.3945E-02
  0.6895E+01	  0.2055E-25	  0.3968E-02
  0.6913E+01	  0.1741E-25	  0.3990E-02
  0.6931E+01	  0.1475E-25	  0.4013E-02
  0.6949E+01	  0.1250E-25	  0.4035E-02
  0.6968E+01	  0.1059E-25	  0.4056E-02
  0.6986E+01	  0.8973E-26	  0.4078E-02
  0.7004E+01	  0.7603E-26	  0.4100E-02
  0.7022E+01	  0.6441E-26	  0.4122E-02
  0.7040E+01	  0.5457E-26	  0.4143E-02
  0.7059E+01	  0.4624E-26	  0.4165E-02
  0.7077E+01	  0.3918E-26	  0.4187E-02
  0.7095E+01	  0.3319E-26	  0.4208E-02
  0.7113E+01	  0.2812E-26	  0.4230E-02
  0.7132E+01	  0.2383E-26	  0.4251E-02
  0.7150E+01	  0.2019E-26	  0.4272E-02
  0.7168E+01	  0.1710E-26	  0.4293E-02
  0.7186E+01	  0.1449E-26	  0.4315E-02
  0.7204E+01	  0.1228E-26	  0.4336E-02
  0.7223E+01	  0.1040E-26	  0.4358E-02
  0.7241E+01	  0.8811E-27	  0.4379E-02
  0.7259E+01	  0.7465E-27	  0.4401E-02
  0.7277E+01	  0.6324E-27	  0.4422E-02
  0.7296E+01	  0.5358E-27	  0.4444E-02
  0.7314E+01	  0.4539E-27	  0.4466E-02
  0.7332E+01	  0.3846E-27	  0.4488E-02
  0.7350E+01	  0.3258E-27	  0.4509E-02
  0.7368E+01	  0.2760E-27	  0.4531E-02
  0.7387E+01	  0.2338E-27	  0.4553E-02
  0.7405E+01	  0.1981E-27	  0.4575E-02
  0.7423E+01	  0.1678E-27	  0.4597E-02
  0.7441E+01	  0.1422E-27	  0.4619E-02
  0.7459E+01	  0.1205E-27	  0.4642E-02
  0.7478E+01	  0.1020E-27	  0.4664E-02
  0.7496E+01	  0.8645E-28	  0.4686E-02
  0.7514E+01	  0.7323E-28	  0.4708E-02
  0.7532E+01	  0.6204E-28	  0.4731E-02
  0.7551E+01	  0.5256E-28	  0.4753E-02
  0.7569E+01	  0.4452E-28	  0.4776E-02
  0.7587E+01	  0.3772E-28	  0.4798E-02
  0.7605E+01	  0.3195E-28	  0.4821E-02

R5  
------------------------------------------------------------
Electric field / N (Td)                    7.000    
Angular frequency / N (m3/s)              0.1938E-11
Cosine of E-B field angle                  0.000    
Gas temperature (K)                        800.0    
Excitation temperature (K)                 300.0    
Transition energy (eV)                     0.000    
Ionization degree                          0.000    
Plasma density (1/m3)                     0.1000E+19
Ion charge parameter                       1.000    
Ion/neutral mass ratio                     1.000    
Coulomb collision model                    1.000    
Energy sharing                             0.000    
Growth model                               1.000    
Maxwellian mean energy (eV)                0.000    
# of grid points                           500.0    
Grid type                                  1.000    
Maximum energy                             30.00    
Precision                                 0.1000E-29
Convergence                               0.1000E-03
Maximum # of iterations                   0.2000E+05
Mole fraction Ar                           1.000    
------------------------------------------------------------
Mean energy (eV)                          0.1878    
Mobility *N (1/m/V/s)                     0.2815E+27
Re/perp mobility *N (1/m/V/s)             0.6059E+20
Im/Hall mobility *N (1/m/V/s)            -0.9094E+23
Diffusion coefficient *N (1/m/s)          0.3531E+26
Energy mobility *N (1/m/V/s)              0.3765E+27
Energy diffusion coef. *N (1/m/s)         0.4708E+26
Total collision freq. /N (m3/s)           0.1219E-14
Momentum frequency /N (m3/s)              0.1294E-14
Total ionization freq. /N (m3/s)           0.000    
Power /N (eV m3/s)                        0.2969E-20
Elastic power loss /N (eV m3/s)           0.2965E-20
Inelastic power loss /N (eV m3/s)        -0.2193-207
Growth power /N (eV m3/s)                  0.000    
Maximum energy                             10.33    
# of iterations                            8.000    
# of grid trials                           2.000    
------------------------------------------------------------
Rate coefficients (m3/s)
C1    Ar    Elastic                       0.1219E-14
C2    Ar    Excitation    11.55 eV         0.000    
C3    Ar    Excitation    11.62 eV         0.000    
C4    Ar    Excitation    11.72 eV         0.000    
C5    Ar    Excitation    11.83 eV         0.000    
C6    Ar    Excitation    12.91 eV         0.000    
C7    Ar    Excitation    13.08 eV         0.000    
C8    Ar    Excitation    13.10 eV         0.000    
C9    Ar    Excitation    13.15 eV         0.000    
C10   Ar    Excitation    13.17 eV         0.000    
C11   Ar    Excitation    13.27 eV         0.000    
C12   Ar    Excitation    13.28 eV         0.000    
C13   Ar    Excitation    13.30 eV         0.000    
C14   Ar    Excitation    13.33 eV         0.000    
C15   Ar    Excitation    13.48 eV         0.000    
C16   Ar    Excitation    13.85 eV         0.000    
C17   Ar    Excitation    13.86 eV         0.000    
C18   Ar    Excitation    13.90 eV         0.000    
C19   Ar    Excitation    13.98 eV         0.000    
C20   Ar    Excitation    14.01 eV         0.000    
C21   Ar    Excitation    14.06 eV         0.000    
C22   Ar    Excitation    14.07 eV         0.000    
C23   Ar    Excitation    14.09 eV         0.000    
C24   Ar    Excitation    14.10 eV         0.000    
C25   Ar    Excitation    14.15 eV         0.000    
C26   Ar    Excitation    14.21 eV         0.000    
C27   Ar    Excitation    14.23 eV         0.000    
C28   Ar    Excitation    14.24 eV         0.000    
C29   Ar    Excitation    14.24 eV         0.000    
C30   Ar    Excitation    14.26 eV         0.000    
C31   Ar    Excitation    14.30 eV         0.000    
C32   Ar    Excitation    14.71 eV         0.000    
C33   Ar    Excitation    14.85 eV         0.000    
C34   Ar    Excitation    14.86 eV         0.000    
C35   Ar    Excitation    15.00 eV         0.000    
C36   Ar    Excitation    15.02 eV         0.000    
C37   Ar    Excitation    15.12 eV         0.000    
C38   Ar    Excitation    15.19 eV         0.000    
C39   Ar    Excitation    15.19 eV         0.000    
C40   Ar    Excitation    15.31 eV         0.000    
C41   Ar    Excitation    15.35 eV         0.000    
C42   Ar    Excitation    15.36 eV         0.000    
C43   Ar    Excitation    15.37 eV         0.000    
C44   Ar    Excitation    15.37 eV         0.000    
C45   Ar    Excitation    15.66 eV         0.000    
C46   Ar    Ionization    15.76 eV         0.000    
------------------------------------------------------------
Energy (eV) EEDF (eV-3/2) Anisotropy
  0.1033E-01	  0.2349E+02	  0.3514E-05
  0.3100E-01	  0.1991E+02	  0.3723E-05
  0.5166E-01	  0.1688E+02	  0.4141E-05
  0.7232E-01	  0.1431E+02	  0.3924E-05
  0.9299E-01	  0.1213E+02	  0.3443E-05
  0.1137E+00	  0.1029E+02	  0.2882E-05
  0.1343E+00	  0.8723E+01	  0.2339E-05
  0.1550E+00	  0.7395E+01	  0.1873E-05
  0.1756E+00	  0.6270E+01	  0.1516E-05
  0.1963E+00	  0.5316E+01	  0.1286E-05
  0.2170E+00	  0.4507E+01	  0.1193E-05
  0.2376E+00	  0.3821E+01	  0.1240E-05
  0.2583E+00	  0.3240E+01	  0.1427E-05
  0.2790E+00	  0.2747E+01	  0.1750E-05
  0.2996E+00	  0.2329E+01	  0.2205E-05
  0.3203E+00	  0.1974E+01	  0.2789E-05
  0.3410E+00	  0.1674E+01	  0.3495E-05
  0.3616E+00	  0.1419E+01	  0.4318E-05
  0.3823E+00	  0.1203E+01	  0.5253E-05
  0.4029E+00	  0.1020E+01	  0.6295E-05
  0.4236E+00	  0.8649E+00	  0.7441E-05
  0.4443E+00	  0.7333E+00	  0.8686E-05
  0.4649E+00	  0.6217E+00	  0.1002E-04
  0.4856E+00	  0.5271E+00	  0.1145E-04
  0.5063E+00	  0.4469E+00	  0.1296E-04
  0.5269E+00	  0.3789E+00	  0.1456E-04
  0.5476E+00	  0.3212E+00	  0.1624E-04
  0.5683E+00	  0.2724E+00	  0.1799E-04
  0.5889E+00	  0.2309E+00	  0.1983E-04
  0.6096E+00	  0.1958E+00	  0.2174E-04
  0.6303E+00	  0.1660E+00	  0.2372E-04
  0.6509E+00	  0.1407E+00	  0.2578E-04
  0.6716E+00	  0.1193E+00	  0.2792E-04
  0.6922E+00	  0.1012E+00	  0.3013E-04
  0.7129E+00	  0.8576E-01	  0.3242E-04
  0.7336E+00	  0.7271E-01	  0.3478E-04
  0.7542E+00	  0.6165E-01	  0.3722E-04
  0.7749E+00	  0.5227E-01	  0.3974E-04
  0.7956E+00	  0.4431E-01	  0.4235E-04
  0.8162E+00	  0.3757E-01	  0.4504E-04
  0.8369E+00	  0.3185E-01	  0.4781E-04
  0.8576E+00	  0.2701E-01	  0.5067E-04
  0.8782E+00	  0.2290E-01	  0.5363E-04
  0.8989E+00	  0.1941E-01	  0.5668E-04
  0.9195E+00	  0.1646E-01	  0.5982E-04
  0.9402E+00	  0.1395E-01	  0.6307E-04
  0.9609E+00	  0.1183E-01	  0.6643E-04
  0.9815E+00	  0.1003E-01	  0.6988E-04
  0.1002E+01	  0.8504E-02	  0.7323E-04
  0.1023E+01	  0.7210E-02	  0.7637E-04
  0.1044E+01	  0.6113E-02	  0.7947E-04
  0.1064E+01	  0.5183E-02	  0.8260E-04
  0.1085E+01	  0.4394E-02	  0.8579E-04
  0.1106E+01	  0.3725E-02	  0.8904E-04
  0.1126E+01	  0.3158E-02	  0.9235E-04
  0.1147E+01	  0.2678E-02	  0.9572E-04
  0.1168E+01	  0.2270E-02	  0.9915E-04
  0.1188E+01	  0.1925E-02	  0.1026E-03
  0.1209E+01	  0.1632E-02	  0.1062E-03
  0.1230E+01	  0.1384E-02	  0.1097E-03
  0.1250E+01	  0.1173E-02	  0.1133E-03
  0.1271E+01	  0.9946E-03	  0.1170E-03
  0.1292E+01	  0.8432E-03	  0.1207E-03
  0.1312E+01	  0.7149E-03	  0.1245E-03
  0.1333E+01	  0.6061E-03	  0.1284E-03
  0.1353E+01	  0.5139E-03	  0.1323E-03
  0.1374E+01	  0.4357E-03	  0.1362E-03
  0.1395E+01	  0.3694E-03	  0.1402E-03
  0.1415E+01	  0.3132E-03	  0.1443E-03
  0.1436E+01	  0.2655E-03	  0.1485E-03
  0.1457E+01	  0.2251E-03	  0.1526E-03
  0.1477E+01	  0.1909E-03	  0.1569E-03
  0.1498E+01	  0.1618E-03	  0.1612E-03
  0.1519E+01	  0.1372E-03	  0.1657E-03
  0.1539E+01	  0.1163E-03	  0.1703E-03
  0.1560E+01	  0.9861E-04	  0.1750E-03
  0.1581E+01	  0.8361E-04	  0.1797E-03
  0.1601E+01	  0.7088E-04	  0.1845E-03
  0.1622E+01	  0.6010E-04	  0.1893E-03
  0.1643E+01	  0.5095E-04	  0.1943E-03
  0.1663E+01	  0.4320E-04	  0.1992E-03
  0.1684E+01	  0.3662E-04	  0.2042E-03
  0.1705E+01	  0.3105E-04	  0.2092E-03
  0.1725E+01	  0.2633E-04	  0.2141E-03
  0.1746E+01	  0.2232E-04	  0.2191E-03
  0.1767E+01	  0.1892E-04	  0.2240E-03
  0.1787E+01	  0.1604E-04	  0.2290E-03
  0.1808E+01	  0.1360E-04	  0.2341E-03
  0.1829E+01	  0.1153E-04	  0.2392E-03
  0.1849E+01	  0.9777E-05	  0.2444E-03
  0.1870E+01	  0.8289E-05	  0.2497E-03
  0.1891E+01	  0.7028E-05	  0.2550E-03
  0.1911E+01	  0.5958E-05	  0.2603E-03
  0.1932E+01	  0.5052E-05	  0.2657E-03
  0.1953E+01	  0.4283E-05	  0.2712E-03
  0.1973E+01	  0.3631E-05	  0.2767E-03
  0.1994E+01	  0.3079E-05	  0.2825E-03
  0.2015E+01	  0.2610E-05	  0.2883E-03
  0.2035E+01	  0.2213E-05	  0.2944E-03
  0.2056E+01	  0.1876E-05	  0.3006E-03
  0.2077E+01	  0.1591E-05	  0.3070E-03
  0.2097E+01	  0.1349E-05	  0.3133E-03
  0.2118E+01	  0.1143E-05	  0.3198E-03
  0.2139E+01	  0.9693E-06	  0.3263E-03
  0.2159E+01	  0.8218E-06	  0.3329E-03
  0.2180E+01	  0.6968E-06	  0.3395E-03
  0.2201E+01	  0.5907E-06	  0.3462E-03
  0.2221E+01	  0.5008E-06	  0.3530E-03
  0.2242E+01	  0.4246E-06	  0.3599E-03
  0.2263E+01	  0.3600E-06	  0.3668E-03
  0.2283E+01	  0.3052E-06	  0.3737E-03
  0.2304E+01	  0.2588E-06	  0.3808E-03
  0.2325E+01	  0.2194E-06	  0.3879E-03
  0.2345E+01	  0.1860E-06	  0.3950E-03
  0.2366E+01	  0.1577E-06	  0.4023E-03
  0.2387E+01	  0.1337E-06	  0.4096E-03
  0.2407E+01	  0.1133E-06	  0.4169E-03
  0.2428E+01	  0.9610E-07	  0.4244E-03
  0.2449E+01	  0.8147E-07	  0.4319E-03
  0.2469E+01	  0.6907E-07	  0.4395E-03
  0.2490E+01	  0.5856E-07	  0.4472E-03
  0.2511E+01	  0.4965E-07	  0.4550E-03
  0.2531E+01	  0.4209E-07	  0.4629E-03
  0.2552E+01	  0.3569E-07	  0.4709E-03
  0.2573E+01	  0.3026E-07	  0.4790E-03
  0.2593E+01	  0.2565E-07	  0.4872E-03
  0.2614E+01	  0.2175E-07	  0.4954E-03
  0.2635E+01	  0.1844E-07	  0.5038E-03
  0.2655E+01	  0.1563E-07	  0.5122E-03
  0.2676E+01	  0.1325E-07	  0.5206E-03
  0.2697E+01	  0.1124E-07	  0.5291E-03
  0.2717E+01	  0.9526E-08	  0.5377E-03
  0.2738E+01	  0.8076E-08	  0.5464E-03
  0.2759E+01	  0.6847E-08	  0.5552E-03
  0.2779E+01	  0.5805E-08	  0.5640E-03
  0.2800E+01	  0.4921E-08	  0.5728E-03
  0.2821E+01	  0.4172E-08	  0.5818E-03
  0.2841E+01	  0.3537E-08	  0.5908E-03
  0.2862E+01	  0.2999E-08	  0.5999E-03
  0.2883E+01	  0.2543E-08	  0.6090E-03
  0.2903E+01	  0.2156E-08	  0.6183E-03
  0.2924E+01	  0.1828E-08	  0.6276E-03
  0.2945E+01	  0.1549E-08	  0.6369E-03
  0.2965E+01	  0.1314E-08	  0.6463E-03
  0.2986E+01	  0.1114E-08	  0.6558E-03
  0.3007E+01	  0.9441E-09	  0.6653E-03
  0.3027E+01	  0.8004E-09	  0.6748E-03
  0.3048E+01	  0.6786E-09	  0.6844E-03
  0.3069E+01	  0.5753E-09	  0.6941E-03
  0.3089E+01	  0.4878E-09	  0.7038E-03
  0.3110E+01	  0.4135E-09	  0.7136E-03
  0.3131E+01	  0.3506E-09	  0.7234E-03
  0.3151E+01	  0.2972E-09	  0.7333E-03
  0.3172E+01	  0.2520E-09	  0.7433E-03
  0.3193E+01	  0.2136E-09	  0.7533E-03
  0.3213E+01	  0.1811E-09	  0.7634E-03
  0.3234E+01	  0.1535E-09	  0.7736E-03
  0.3255E+01	  0.1302E-09	  0.7839E-03
  0.3275E+01	  0.1104E-09	  0.7942E-03
  0.3296E+01	  0.9356E-10	  0.8046E-03
  0.3317E+01	  0.7932E-10	  0.8150E-03
  0.3337E+01	  0.6725E-10	  0.8255E-03
  0.3358E+01	  0.5701E-10	  0.8361E-03
  0.3379E+01	  0.4833E-10	  0.8467E-03
  0.3399E+01	  0.4098E-10	  0.8575E-03
  0.3420E+01	  0.3474E-10	  0.8682E-03
  0.3441E+01	  0.2945E-10	  0.8791E-03
  0.3461E+01	  0.2497E-10	  0.8900E-03
  0.3482E+01	  0.2117E-10	  0.9010E-03
  0.3503E+01	  0.1795E-10	  0.9120E-03
  0.3523E+01	  0.1521E-10	  0.9231E-03
  0.3544E+01	  0.1290E-10	  0.9343E-03
  0.3565E+01	  0.1093E-10	  0.9456E-03
  0.3585E+01	  0.9270E-11	  0.9569E-03
  0.3606E+01	  0.7859E-11	  0.9683E-03
  0.3627E+01	  0.6663E-11	  0.9797E-03
  0.3647E+01	  0.5648E-11	  0.9912E-03
  0.3668E+01	  0.4788E-11	  0.1003E-02
  0.3689E+01	  0.4060E-11	  0.1014E-02
  0.3709E+01	  0.3442E-11	  0.1026E-02
  0.3730E+01	  0.2918E-11	  0.1038E-02
  0.3751E+01	  0.2473E-11	  0.1050E-02
  0.3771E+01	  0.2097E-11	  0.1062E-02
  0.3792E+01	  0.1778E-11	  0.1074E-02
  0.3813E+01	  0.1507E-11	  0.1086E-02
  0.3833E+01	  0.1278E-11	  0.1098E-02
  0.3854E+01	  0.1083E-11	  0.1110E-02
  0.3875E+01	  0.9182E-12	  0.1122E-02
  0.3895E+01	  0.7785E-12	  0.1135E-02
  0.3916E+01	  0.6599E-12	  0.1147E-02
  0.3936E+01	  0.5595E-12	  0.1160E-02
  0.3957E+01	  0.4743E-12	  0.1172E-02
  0.3978E+01	  0.4021E-12	  0.1185E-02
  0.3998E+01	  0.3409E-12	  0.1198E-02
  0.4019E+01	  0.2890E-12	  0.1212E-02
  0.4040E+01	  0.2450E-12	  0.1227E-02
  0.4060E+01	  0.2077E-12	  0.1241E-02
  0.4081E+01	  0.1761E-12	  0.1255E-02
  0.4102E+01	  0.1493E-12	  0.1270E-02
  0.4122E+01	  0.1265E-12	  0.1285E-02
  0.4143E+01	  0.1073E-12	  0.1300E-02
  0.4164E+01	  0.9093E-13	  0.1315E-02
  0.4184E+01	  0.7709E-13	  0.1330E-02
  0.4205E+01	  0.6535E-13	  0.1346E-02
  0.4226E+01	  0.5540E-13	  0.1361E-02
  0.4246E+01	  0.4696E-13	  0.1376E-02
  0.4267E+01	  0.3981E-13	  0.1392E-02
  0.4288E+01	  0.3375E-13	  0.1407E-02
  0.4308E+01	  0.2861E-13	  0.1423E-02
  0.4329E+01	  0.2426E-13	  0.1439E-02
  0.4350E+01	  0.2056E-13	  0.1455E-02
  0.4370E+01	  0.1743E-13	  0.1470E-02
  0.4391E+01	  0.1478E-13	  0.1486E-02
  0.4412E+01	  0.1253E-13	  0.1503E-02
  0.4432E+01	  0.1062E-13	  0.1519E-02
  0.4453E+01	  0.9002E-14	  0.1535E-02
  0.4474E+01	  0.7631E-14	  0.1551E-02
  0.4494E+01	  0.6469E-14	  0.1568E-02
  0.4515E+01	  0.5484E-14	  0.1584E-02
  0.4536E+01	  0.4649E-14	  0.1601E-02
  0.4556E+01	  0.3941E-14	  0.1617E-02
  0.4577E+01	  0.3341E-14	  0.1634E-02
  0.4598E+01	  0.2832E-14	  0.1651E-02
  0.4618E+01	  0.2401E-14	  0.1668E-02
  0.4639E+01	  0.2035E-14	  0.1685E-02
  0.4660E+01	  0.1725E-14	  0.1702E-02
  0.4680E+01	  0.1462E-14	  0.1719E-02
  0.4701E+01	  0.1240E-14	  0.1736E-02
  0.4722E+01	  0.1051E-14	  0.1754E-02
  0.4742E+01	  0.8907E-15	  0.1771E-02
  0.4763E+01	  0.7551E-15	  0.1789E-02
  0.4784E+01	  0.6401E-15	  0.1806E-02
  0.4804E+01	  0.5426E-15	  0.1824E-02
  0.4825E+01	  0.4599E-15	  0.1842E-02
  0.4846E+01	  0.3899E-15	  0.1860E-02
  0.4866E+01	  0.3305E-15	  0.1878E-02
  0.4887E+01	  0.2801E-15	  0.1896E-02
  0.4908E+01	  0.2375E-15	  0.1914E-02
  0.4928E+01	  0.2013E-15	  0.1932E-02
  0.4949E+01	  0.1706E-15	  0.1950E-02
  0.4970E+01	  0.1446E-15	  0.1969E-02
  0.4990E+01	  0.1226E-15	  0.1987E-02
  0.5011E+01	  0.1039E-15	  0.2006E-02
  0.5032E+01	  0.8809E-16	  0.2025E-02
  0.5052E+01	  0.7467E-16	  0.2044E-02
  0.5073E+01	  0.6330E-16	  0.2063E-02
  0.5094E+01	  0.5365E-16	  0.2083E-02
  0.5114E+01	  0.4548E-16	  0.2102E-02
  0.5135E+01	  0.3855E-16	  0.2122E-02
  0.5156E+01	  0.3268E-16	  0.2142E-02
  0.5176E+01	  0.2770E-16	  0.2161E-02
  0.5197E+01	  0.2348E-16	  0.2181E-02
  0.5218E+01	  0.1990E-16	  0.2201E-02
  0.5238E+01	  0.1687E-16	  0.2221E-02
  0.5259E+01	  0.1430E-16	  0.2241E-02
  0.5280E+01	  0.1212E-16	  0.2262E-02
  0.5300E+01	  0.1027E-16	  0.2282E-02
  0.5321E+01	  0.8707E-17	  0.2302E-02
  0.5342E+01	  0.7381E-17	  0.2323E-02
  0.5362E+01	  0.6256E-17	  0.2343E-02
  0.5383E+01	  0.5303E-17	  0.2364E-02
  0.5404E+01	  0.4494E-17	  0.2385E-02
  0.5424E+01	  0.3810E-17	  0.2405E-02
  0.5445E+01	  0.3229E-17	  0.2426E-02
  0.5466E+01	  0.2737E-17	  0.2447E-02
  0.5486E+01	  0.2320E-17	  0.2468E-02
  0.5507E+01	  0.1966E-17	  0.2490E-02
  0.5528E+01	  0.1667E-17	  0.2511E-02
  0.5548E+01	  0.1413E-17	  0.2532E-02
  0.5569E+01	  0.1197E-17	  0.2554E-02
  0.5590E+01	  0.1015E-17	  0.2575E-02
  0.5610E+01	  0.8601E-18	  0.2597E-02
  0.5631E+01	  0.7290E-18	  0.2619E-02
  0.5652E+01	  0.6179E-18	  0.2640E-02
  0.5672E+01	  0.5237E-18	  0.2662E-02
  0.5693E+01	  0.4438E-18	  0.2684E-02
  0.5714E+01	  0.3762E-18	  0.2706E-02
  0.5734E+01	  0.3188E-18	  0.2728E-02
  0.5755E+01	  0.2702E-18	  0.2751E-02
  0.5776E+01	  0.2290E-18	  0.2773E-02
  0.5796E+01	  0.1941E-18	  0.2795E-02
  0.5817E+01	  0.1645E-18	  0.2818E-02
  0.5838E+01	  0.1394E-18	  0.2840E-02
  0.5858E+01	  0.1182E-18	  0.2863E-02
  0.5879E+01	  0.1002E-18	  0.2886E-02
  0.5900E+01	  0.8489E-19	  0.2909E-02
  0.5920E+01	  0.7194E-19	  0.2932E-02
  0.5941E+01	  0.6097E-19	  0.2954E-02
  0.5962E+01	  0.5168E-19	  0.2977E-02
  0.5982E+01	  0.4380E-19	  0.3000E-02
  0.6003E+01	  0.3712E-19	  0.3023E-02
  0.6024E+01	  0.3146E-19	  0.3047E-02
  0.6044E+01	  0.2666E-19	  0.3070E-02
  0.6065E+01	  0.2259E-19	  0.3093E-02
  0.6086E+01	  0.1915E-19	  0.3116E-02
  0.6106E+01	  0.1623E-19	  0.3139E-02
  0.6127E+01	  0.1375E-19	  0.3162E-02
  0.6148E+01	  0.1166E-19	  0.3185E-02
  0.6168E+01	  0.9878E-20	  0.3208E-02
  0.6189E+01	  0.8371E-20	  0.3232E-02
  0.6210E+01	  0.7094E-20	  0.3255E-02
  0.6230E+01	  0.6012E-20	  0.3279E-02
  0.6251E+01	  0.5095E-20	  0.3302E-02
  0.6272E+01	  0.4318E-20	  0.3326E-02
  0.6292E+01	  0.3659E-20	  0.3350E-02
  0.6313E+01	  0.3101E-20	  0.3374E-02
  0.6334E+01	  0.2628E-20	  0.3398E-02
  0.6354E+01	  0.2227E-20	  0.3422E-02
  0.6375E+01	  0.1887E-20	  0.3446E-02
  0.6396E+01	  0.1599E-20	  0.3470E-02
  0.6416E+01	  0.1355E-20	  0.3494E-02
  0.6437E+01	  0.1148E-20	  0.3519E-02
  0.6458E+01	  0.9732E-21	  0.3543E-02
  0.6478E+01	  0.8247E-21	  0.3567E-02
  0.6499E+01	  0.6989E-21	  0.3592E-02
  0.6519E+01	  0.5922E-21	  0.3617E-02
  0.6540E+01	  0.5019E-21	  0.3642E-02
  0.6561E+01	  0.4253E-21	  0.3666E-02
  0.6581E+01	  0.3604E-21	  0.3691E-02
  0.6602E+01	  0.3054E-21	  0.3716E-02
  0.6623E+01	  0.2588E-21	  0.3742E-02
  0.6643E+01	  0.2193E-21	  0.3767E-02
  0.6664E+01	  0.1858E-21	  0.3792E-02
  0.6685E+01	  0.1574E-21	  0.3817E-02
  0.6705E+01	  0.1334E-21	  0.3843E-02
  0.6726E+01	  0.1131E-21	  0.3868E-02
  0.6747E+01	  0.9579E-22	  0.3894E-02
  0.6767E+01	  0.8117E-22	  0.3920E-02
  0.6788E+01	  0.6878E-22	  0.3945E-02
  0.6809E+01	  0.5828E-22	  0.3971E-02
  0.6829E+01	  0.4938E-22	  0.3997E-02
  0.6850E+01	  0.4184E-22	  0.4023E-02
  0.6871E+01	  0.3545E-22	  0.4049E-02
  0.6891E+01	  0.3004E-22	  0.4075E-02
  0.6912E+01	  0.2545E-22	  0.4102E-02
  0.6933E+01	  0.2157E-22	  0.4128E-02
  0.6953E+01	  0.1827E-22	  0.4154E-02
  0.6974E+01	  0.1548E-22	  0.4179E-02
  0.6995E+01	  0.1312E-22	  0.4204E-02
  0.7015E+01	  0.1112E-22	  0.4230E-02
  0.7036E+01	  0.9418E-23	  0.4255E-02
  0.7057E+01	  0.7980E-23	  0.4280E-02
  0.7077E+01	  0.6761E-23	  0.4306E-02
  0.7098E+01	  0.5728E-23	  0.4331E-02
  0.7119E+01	  0.4853E-23	  0.4356E-02
  0.7139E+01	  0.4112E-23	  0.4380E-02
  0.7160E+01	  0.3484E-23	  0.4405E-02
  0.7181E+01	  0.2952E-23	  0.4430E-02
  0.7201E+01	  0.2501E-23	  0.4455E-02
  0.7222E+01	  0.2119E-23	  0.4480E-02
  0.7243E+01	  0.1795E-23	  0.4505E-02
  0.7263E+01	  0.1521E-23	  0.4531E-02
  0.7284E+01	  0.1289E-23	  0.4556E-02
  0.7305E+01	  0.1092E-23	  0.4581E-02
  0.7325E+01	  0.9249E-24	  0.4607E-02
  0.7346E+01	  0.7836E-24	  0.4632E-02
  0.7367E+01	  0.6639E-24	  0.4658E-02
  0.7387E+01	  0.5624E-24	  0.4683E-02
  0.7408E+01	  0.4765E-24	  0.4709E-02
  0.7429E+01	  0.4037E-24	  0.4735E-02
  0.7449E+01	  0.3420E-24	  0.4761E-02
  0.7470E+01	  0.2897E-24	  0.4787E-02
  0.7491E+01	  0.2454E-24	  0.4813E-02
  0.7511E+01	  0.2079E-24	  0.4839E-02
  0.7532E+01	  0.1761E-24	  0.4865E-02
  0.7553E+01	  0.1492E-24	  0.4891E-02
  0.7573E+01	  0.1264E-24	  0.4917E-02
  0.7594E+01	  0.1071E-24	  0.4943E-02
  0.7615E+01	  0.9072E-25	  0.4970E-02
  0.7635E+01	  0.7685E-25	  0.4996E-02
  0.7656E+01	  0.6510E-25	  0.5023E-02
  0.7677E+01	  0.5515E-25	  0.5049E-02
  0.7697E+01	  0.4672E-25	  0.5076E-02
  0.7718E+01	  0.3958E-25	  0.5103E-02
  0.7739E+01	  0.3353E-25	  0.5129E-02
  0.7759E+01	  0.2840E-25	  0.5156E-02
  0.7780E+01	  0.2406E-25	  0.5183E-02
  0.7801E+01	  0.2038E-25	  0.5210E-02
  0.7821E+01	  0.1726E-25	  0.5237E-02
  0.7842E+01	  0.1462E-25	  0.5264E-02
  0.7863E+01	  0.1239E-25	  0.5292E-02
  0.7883E+01	  0.1049E-25	  0.5319E-02
  0.7904E+01	  0.8887E-26	  0.5346E-02
  0.7925E+01	  0.7528E-26	  0.5373E-02
  0.7945E+01	  0.6377E-26	  0.5401E-02
  0.7966E+01	  0.5401E-26	  0.5428E-02
  0.7987E+01	  0.4575E-26	  0.5456E-02
  0.8007E+01	  0.3875E-26	  0.5484E-02
  0.8028E+01	  0.3282E-26	  0.5511E-02
  0.8049E+01	  0.2780E-26	  0.5539E-02
  0.8069E+01	  0.2355E-26	  0.5567E-02
  0.8090E+01	  0.1995E-26	  0.5595E-02
  0.8111E+01	  0.1689E-26	  0.5623E-02
  0.8131E+01	  0.1431E-26	  0.5651E-02
  0.8152E+01	  0.1212E-26	  0.5679E-02
  0.8173E+01	  0.1027E-26	  0.5707E-02
  0.8193E+01	  0.8694E-27	  0.5736E-02
  0.8214E+01	  0.7364E-27	  0.5764E-02
  0.8235E+01	  0.6237E-27	  0.5792E-02
  0.8255E+01	  0.5282E-27	  0.5821E-02
  0.8276E+01	  0.4474E-27	  0.5849E-02
  0.8297E+01	  0.3789E-27	  0.5878E-02
  0.8317E+01	  0.3209E-27	  0.5907E-02
  0.8338E+01	  0.2718E-27	  0.5935E-02
  0.8359E+01	  0.2302E-27	  0.5964E-02
  0.8379E+01	  0.1949E-27	  0.5993E-02
  0.8400E+01	  0.1651E-27	  0.6022E-02
  0.8421E+01	  0.1398E-27	  0.6051E-02
  0.8441E+01	  0.1184E-27	  0.6080E-02
  0.8462E+01	  0.1003E-27	  0.6109E-02
  0.8483E+01	  0.8493E-28	  0.6138E-02
  0.8503E+01	  0.7192E-28	  0.6168E-02
  0.8524E+01	  0.6091E-28	  0.6197E-02
  0.8545E+01	  0.5158E-28	  0.6226E-02
  0.8565E+01	  0.4368E-28	  0.6256E-02
  0.8586E+01	  0.3699E-28	  0.6285E-02
  0.8607E+01	  0.3133E-28	  0.6315E-02
  0.8627E+01	  0.2653E-28	  0.6344E-02

R6  
------------------------------------------------------------
Electric field / N (Td)                    8.000    
Angular frequency / N (m3/s)              0.1938E-11
Cosine of E-B field angle                  0.000    
Gas temperature (K)                        800.0    
Excitation temperature (K)                 300.0    
Transition energy (eV)                     0.000    
Ionization degree                          0.000    
Plasma density (1/m3)                     0.1000E+19
Ion charge parameter                       1.000    
Ion/neutral mass ratio                     1.000    
Coulomb collision model                    1.000    
Energy sharing                             0.000    
Growth model                               1.000    
Maxwellian mean energy (eV)                0.000    
# of grid points                           500.0    
Grid type                                  1.000    
Maximum energy                             30.00    
Precision                                 0.1000E-29
Convergence                               0.1000E-03
Maximum # of iterations                   0.2000E+05
Mole fraction Ar                           1.000    
------------------------------------------------------------
Mean energy (eV)                          0.2136    
Mobility *N (1/m/V/s)                     0.2615E+27
Re/perp mobility *N (1/m/V/s)             0.7333E+20
Im/Hall mobility *N (1/m/V/s)            -0.9094E+23
Diffusion coefficient *N (1/m/s)          0.3731E+26
Energy mobility *N (1/m/V/s)              0.3223E+27
Energy diffusion coef. *N (1/m/s)         0.4583E+26
Total collision freq. /N (m3/s)           0.1255E-14
Momentum frequency /N (m3/s)              0.1566E-14
Total ionization freq. /N (m3/s)           0.000    
Power /N (eV m3/s)                        0.4693E-20
Elastic power loss /N (eV m3/s)           0.4689E-20
Inelastic power loss /N (eV m3/s)         0.2917E-44
Growth power /N (eV m3/s)                  0.000    
Maximum energy                             11.77    
# of iterations                            8.000    
# of grid trials                           2.000    
------------------------------------------------------------
Rate coefficients (m3/s)
C1    Ar    Elastic                       0.1255E-14
C2    Ar    Excitation    11.55 eV        0.1247E-45
C3    Ar    Excitation    11.62 eV        0.1197E-45
C4    Ar    Excitation    11.72 eV        0.7230E-47
C5    Ar    Excitation    11.83 eV         0.000    
C6    Ar    Excitation    12.91 eV         0.000    
C7    Ar    Excitation    13.08 eV         0.000    
C8    Ar    Excitation    13.10 eV         0.000    
C9    Ar    Excitation    13.15 eV         0.000    
C10   Ar    Excitation    13.17 eV         0.000    
C11   Ar    Excitation    13.27 eV         0.000    
C12   Ar    Excitation    13.28 eV         0.000    
C13   Ar    Excitation    13.30 eV         0.000    
C14   Ar    Excitation    13.33 eV         0.000    
C15   Ar    Excitation    13.48 eV         0.000    
C16   Ar    Excitation    13.85 eV         0.000    
C17   Ar    Excitation    13.86 eV         0.000    
C18   Ar    Excitation    13.90 eV         0.000    
C19   Ar    Excitation    13.98 eV         0.000    
C20   Ar    Excitation    14.01 eV         0.000    
C21   Ar    Excitation    14.06 eV         0.000    
C22   Ar    Excitation    14.07 eV         0.000    
C23   Ar    Excitation    14.09 eV         0.000    
C24   Ar    Excitation    14.10 eV         0.000    
C25   Ar    Excitation    14.15 eV         0.000    
C26   Ar    Excitation    14.21 eV         0.000    
C27   Ar    Excitation    14.23 eV         0.000    
C28   Ar    Excitation    14.24 eV         0.000    
C29   Ar    Excitation    14.24 eV         0.000    
C30   Ar    Excitation    14.26 eV         0.000    
C31   Ar    Excitation    14.30 eV         0.000    
C32   Ar    Excitation    14.71 eV         0.000    
C33   Ar    Excitation    14.85 eV         0.000    
C34   Ar    Excitation    14.86 eV         0.000    
C35   Ar    Excitation    15.00 eV         0.000    
C36   Ar    Excitation    15.02 eV         0.000    
C37   Ar    Excitation    15.12 eV         0.000    
C38   Ar    Excitation    15.19 eV         0.000    
C39   Ar    Excitation    15.19 eV         0.000    
C40   Ar    Excitation    15.31 eV         0.000    
C41   Ar    Excitation    15.35 eV         0.000    
C42   Ar    Excitation    15.36 eV         0.000    
C43   Ar    Excitation    15.37 eV         0.000    
C44   Ar    Excitation    15.37 eV         0.000    
C45   Ar    Excitation    15.66 eV         0.000    
C46   Ar    Ionization    15.76 eV         0.000    
------------------------------------------------------------
Energy (eV) EEDF (eV-3/2) Anisotropy
  0.1177E-01	  0.1936E+02	  0.3789E-05
  0.3532E-01	  0.1641E+02	  0.3891E-05
  0.5886E-01	  0.1391E+02	  0.4096E-05
  0.8240E-01	  0.1179E+02	  0.3687E-05
  0.1059E+00	  0.9990E+01	  0.3105E-05
  0.1295E+00	  0.8468E+01	  0.2487E-05
  0.1530E+00	  0.7177E+01	  0.1935E-05
  0.1766E+00	  0.6083E+01	  0.1512E-05
  0.2001E+00	  0.5156E+01	  0.1264E-05
  0.2237E+00	  0.4371E+01	  0.1205E-05
  0.2472E+00	  0.3704E+01	  0.1323E-05
  0.2708E+00	  0.3140E+01	  0.1618E-05
  0.2943E+00	  0.2661E+01	  0.2088E-05
  0.3178E+00	  0.2256E+01	  0.2727E-05
  0.3414E+00	  0.1912E+01	  0.3527E-05
  0.3649E+00	  0.1621E+01	  0.4481E-05
  0.3885E+00	  0.1374E+01	  0.5580E-05
  0.4120E+00	  0.1164E+01	  0.6817E-05
  0.4356E+00	  0.9869E+00	  0.8185E-05
  0.4591E+00	  0.8365E+00	  0.9677E-05
  0.4827E+00	  0.7090E+00	  0.1129E-04
  0.5062E+00	  0.6010E+00	  0.1301E-04
  0.5297E+00	  0.5094E+00	  0.1485E-04
  0.5533E+00	  0.4318E+00	  0.1678E-04
  0.5768E+00	  0.3660E+00	  0.1882E-04
  0.6004E+00	  0.3102E+00	  0.2097E-04
  0.6239E+00	  0.2629E+00	  0.2321E-04
  0.6475E+00	  0.2228E+00	  0.2554E-04
  0.6710E+00	  0.1889E+00	  0.2798E-04
  0.6945E+00	  0.1601E+00	  0.3051E-04
  0.7181E+00	  0.1357E+00	  0.3315E-04
  0.7416E+00	  0.1150E+00	  0.3588E-04
  0.7652E+00	  0.9749E-01	  0.3872E-04
  0.7887E+00	  0.8264E-01	  0.4166E-04
  0.8123E+00	  0.7004E-01	  0.4471E-04
  0.8358E+00	  0.5937E-01	  0.4787E-04
  0.8594E+00	  0.5032E-01	  0.5115E-04
  0.8829E+00	  0.4265E-01	  0.5455E-04
  0.9064E+00	  0.3615E-01	  0.5807E-04
  0.9300E+00	  0.3064E-01	  0.6172E-04
  0.9535E+00	  0.2597E-01	  0.6551E-04
  0.9771E+00	  0.2201E-01	  0.6943E-04
  0.1001E+01	  0.1866E-01	  0.7328E-04
  0.1024E+01	  0.1582E-01	  0.7690E-04
  0.1048E+01	  0.1341E-01	  0.8046E-04
  0.1071E+01	  0.1136E-01	  0.8406E-04
  0.1095E+01	  0.9631E-02	  0.8774E-04
  0.1118E+01	  0.8163E-02	  0.9149E-04
  0.1142E+01	  0.6919E-02	  0.9533E-04
  0.1165E+01	  0.5865E-02	  0.9924E-04
  0.1189E+01	  0.4971E-02	  0.1032E-03
  0.1213E+01	  0.4213E-02	  0.1073E-03
  0.1236E+01	  0.3571E-02	  0.1114E-03
  0.1260E+01	  0.3027E-02	  0.1155E-03
  0.1283E+01	  0.2566E-02	  0.1197E-03
  0.1307E+01	  0.2175E-02	  0.1241E-03
  0.1330E+01	  0.1843E-02	  0.1284E-03
  0.1354E+01	  0.1562E-02	  0.1329E-03
  0.1377E+01	  0.1324E-02	  0.1375E-03
  0.1401E+01	  0.1122E-02	  0.1421E-03
  0.1424E+01	  0.9514E-03	  0.1468E-03
  0.1448E+01	  0.8064E-03	  0.1515E-03
  0.1472E+01	  0.6835E-03	  0.1564E-03
  0.1495E+01	  0.5793E-03	  0.1613E-03
  0.1519E+01	  0.4910E-03	  0.1664E-03
  0.1542E+01	  0.4162E-03	  0.1717E-03
  0.1566E+01	  0.3528E-03	  0.1770E-03
  0.1589E+01	  0.2990E-03	  0.1825E-03
  0.1613E+01	  0.2534E-03	  0.1880E-03
  0.1636E+01	  0.2148E-03	  0.1936E-03
  0.1660E+01	  0.1821E-03	  0.1993E-03
  0.1683E+01	  0.1543E-03	  0.2050E-03
  0.1707E+01	  0.1308E-03	  0.2106E-03
  0.1730E+01	  0.1109E-03	  0.2163E-03
  0.1754E+01	  0.9398E-04	  0.2220E-03
  0.1778E+01	  0.7966E-04	  0.2277E-03
  0.1801E+01	  0.6752E-04	  0.2335E-03
  0.1825E+01	  0.5723E-04	  0.2393E-03
  0.1848E+01	  0.4850E-04	  0.2452E-03
  0.1872E+01	  0.4111E-04	  0.2512E-03
  0.1895E+01	  0.3485E-04	  0.2573E-03
  0.1919E+01	  0.2954E-04	  0.2634E-03
  0.1942E+01	  0.2503E-04	  0.2697E-03
  0.1966E+01	  0.2122E-04	  0.2760E-03
  0.1989E+01	  0.1799E-04	  0.2825E-03
  0.2013E+01	  0.1524E-04	  0.2892E-03
  0.2037E+01	  0.1292E-04	  0.2961E-03
  0.2060E+01	  0.1095E-04	  0.3032E-03
  0.2084E+01	  0.9282E-05	  0.3105E-03
  0.2107E+01	  0.7868E-05	  0.3178E-03
  0.2131E+01	  0.6669E-05	  0.3253E-03
  0.2154E+01	  0.5652E-05	  0.3328E-03
  0.2178E+01	  0.4791E-05	  0.3404E-03
  0.2201E+01	  0.4061E-05	  0.3481E-03
  0.2225E+01	  0.3442E-05	  0.3558E-03
  0.2248E+01	  0.2917E-05	  0.3637E-03
  0.2272E+01	  0.2473E-05	  0.3716E-03
  0.2296E+01	  0.2096E-05	  0.3796E-03
  0.2319E+01	  0.1776E-05	  0.3877E-03
  0.2343E+01	  0.1506E-05	  0.3959E-03
  0.2366E+01	  0.1276E-05	  0.4042E-03
  0.2390E+01	  0.1082E-05	  0.4125E-03
  0.2413E+01	  0.9168E-06	  0.4210E-03
  0.2437E+01	  0.7771E-06	  0.4295E-03
  0.2460E+01	  0.6586E-06	  0.4382E-03
  0.2484E+01	  0.5582E-06	  0.4469E-03
  0.2507E+01	  0.4732E-06	  0.4558E-03
  0.2531E+01	  0.4010E-06	  0.4649E-03
  0.2555E+01	  0.3399E-06	  0.4740E-03
  0.2578E+01	  0.2881E-06	  0.4834E-03
  0.2602E+01	  0.2442E-06	  0.4928E-03
  0.2625E+01	  0.2070E-06	  0.5022E-03
  0.2649E+01	  0.1754E-06	  0.5118E-03
  0.2672E+01	  0.1487E-06	  0.5215E-03
  0.2696E+01	  0.1260E-06	  0.5312E-03
  0.2719E+01	  0.1068E-06	  0.5411E-03
  0.2743E+01	  0.9053E-07	  0.5510E-03
  0.2766E+01	  0.7673E-07	  0.5610E-03
  0.2790E+01	  0.6504E-07	  0.5712E-03
  0.2814E+01	  0.5512E-07	  0.5814E-03
  0.2837E+01	  0.4672E-07	  0.5917E-03
  0.2861E+01	  0.3960E-07	  0.6021E-03
  0.2884E+01	  0.3356E-07	  0.6125E-03
  0.2908E+01	  0.2845E-07	  0.6231E-03
  0.2931E+01	  0.2411E-07	  0.6338E-03
  0.2955E+01	  0.2044E-07	  0.6445E-03
  0.2978E+01	  0.1732E-07	  0.6553E-03
  0.3002E+01	  0.1468E-07	  0.6662E-03
  0.3025E+01	  0.1244E-07	  0.6771E-03
  0.3049E+01	  0.1055E-07	  0.6881E-03
  0.3072E+01	  0.8939E-08	  0.6991E-03
  0.3096E+01	  0.7576E-08	  0.7103E-03
  0.3120E+01	  0.6421E-08	  0.7215E-03
  0.3143E+01	  0.5443E-08	  0.7328E-03
  0.3167E+01	  0.4613E-08	  0.7442E-03
  0.3190E+01	  0.3910E-08	  0.7557E-03
  0.3214E+01	  0.3314E-08	  0.7672E-03
  0.3237E+01	  0.2809E-08	  0.7789E-03
  0.3261E+01	  0.2380E-08	  0.7906E-03
  0.3284E+01	  0.2018E-08	  0.8025E-03
  0.3308E+01	  0.1710E-08	  0.8144E-03
  0.3331E+01	  0.1449E-08	  0.8264E-03
  0.3355E+01	  0.1228E-08	  0.8385E-03
  0.3379E+01	  0.1041E-08	  0.8507E-03
  0.3402E+01	  0.8824E-09	  0.8630E-03
  0.3426E+01	  0.7479E-09	  0.8753E-03
  0.3449E+01	  0.6339E-09	  0.8878E-03
  0.3473E+01	  0.5372E-09	  0.9003E-03
  0.3496E+01	  0.4553E-09	  0.9129E-03
  0.3520E+01	  0.3859E-09	  0.9256E-03
  0.3543E+01	  0.3271E-09	  0.9384E-03
  0.3567E+01	  0.2772E-09	  0.9513E-03
  0.3590E+01	  0.2349E-09	  0.9643E-03
  0.3614E+01	  0.1991E-09	  0.9773E-03
  0.3638E+01	  0.1688E-09	  0.9905E-03
  0.3661E+01	  0.1430E-09	  0.1004E-02
  0.3685E+01	  0.1212E-09	  0.1017E-02
  0.3708E+01	  0.1027E-09	  0.1030E-02
  0.3732E+01	  0.8708E-10	  0.1044E-02
  0.3755E+01	  0.7380E-10	  0.1058E-02
  0.3779E+01	  0.6255E-10	  0.1071E-02
  0.3802E+01	  0.5301E-10	  0.1085E-02
  0.3826E+01	  0.4493E-10	  0.1099E-02
  0.3849E+01	  0.3808E-10	  0.1113E-02
  0.3873E+01	  0.3227E-10	  0.1127E-02
  0.3897E+01	  0.2735E-10	  0.1141E-02
  0.3920E+01	  0.2318E-10	  0.1155E-02
  0.3944E+01	  0.1965E-10	  0.1169E-02
  0.3967E+01	  0.1665E-10	  0.1184E-02
  0.3991E+01	  0.1411E-10	  0.1199E-02
  0.4014E+01	  0.1196E-10	  0.1215E-02
  0.4038E+01	  0.1014E-10	  0.1231E-02
  0.4061E+01	  0.8591E-11	  0.1247E-02
  0.4085E+01	  0.7281E-11	  0.1264E-02
  0.4108E+01	  0.6171E-11	  0.1281E-02
  0.4132E+01	  0.5230E-11	  0.1298E-02
  0.4156E+01	  0.4432E-11	  0.1315E-02
  0.4179E+01	  0.3756E-11	  0.1333E-02
  0.4203E+01	  0.3183E-11	  0.1350E-02
  0.4226E+01	  0.2698E-11	  0.1368E-02
  0.4250E+01	  0.2286E-11	  0.1385E-02
  0.4273E+01	  0.1938E-11	  0.1403E-02
  0.4297E+01	  0.1642E-11	  0.1421E-02
  0.4320E+01	  0.1392E-11	  0.1439E-02
  0.4344E+01	  0.1180E-11	  0.1457E-02
  0.4367E+01	  0.9996E-12	  0.1475E-02
  0.4391E+01	  0.8472E-12	  0.1493E-02
  0.4415E+01	  0.7180E-12	  0.1512E-02
  0.4438E+01	  0.6085E-12	  0.1530E-02
  0.4462E+01	  0.5157E-12	  0.1549E-02
  0.4485E+01	  0.4370E-12	  0.1568E-02
  0.4509E+01	  0.3703E-12	  0.1587E-02
  0.4532E+01	  0.3139E-12	  0.1606E-02
  0.4556E+01	  0.2660E-12	  0.1625E-02
  0.4579E+01	  0.2254E-12	  0.1644E-02
  0.4603E+01	  0.1910E-12	  0.1663E-02
  0.4626E+01	  0.1619E-12	  0.1683E-02
  0.4650E+01	  0.1372E-12	  0.1702E-02
  0.4673E+01	  0.1163E-12	  0.1722E-02
  0.4697E+01	  0.9853E-13	  0.1741E-02
  0.4721E+01	  0.8350E-13	  0.1761E-02
  0.4744E+01	  0.7076E-13	  0.1781E-02
  0.4768E+01	  0.5996E-13	  0.1801E-02
  0.4791E+01	  0.5082E-13	  0.1821E-02
  0.4815E+01	  0.4306E-13	  0.1842E-02
  0.4838E+01	  0.3649E-13	  0.1862E-02
  0.4862E+01	  0.3092E-13	  0.1883E-02
  0.4885E+01	  0.2621E-13	  0.1903E-02
  0.4909E+01	  0.2221E-13	  0.1924E-02
  0.4932E+01	  0.1882E-13	  0.1945E-02
  0.4956E+01	  0.1595E-13	  0.1966E-02
  0.4980E+01	  0.1351E-13	  0.1987E-02
  0.5003E+01	  0.1145E-13	  0.2008E-02
  0.5027E+01	  0.9705E-14	  0.2030E-02
  0.5050E+01	  0.8224E-14	  0.2052E-02
  0.5074E+01	  0.6969E-14	  0.2074E-02
  0.5097E+01	  0.5905E-14	  0.2096E-02
  0.5121E+01	  0.5004E-14	  0.2119E-02
  0.5144E+01	  0.4241E-14	  0.2141E-02
  0.5168E+01	  0.3593E-14	  0.2164E-02
  0.5191E+01	  0.3045E-14	  0.2186E-02
  0.5215E+01	  0.2580E-14	  0.2209E-02
  0.5239E+01	  0.2186E-14	  0.2232E-02
  0.5262E+01	  0.1853E-14	  0.2255E-02
  0.5286E+01	  0.1570E-14	  0.2278E-02
  0.5309E+01	  0.1330E-14	  0.2302E-02
  0.5333E+01	  0.1127E-14	  0.2325E-02
  0.5356E+01	  0.9552E-15	  0.2349E-02
  0.5380E+01	  0.8094E-15	  0.2372E-02
  0.5403E+01	  0.6858E-15	  0.2396E-02
  0.5427E+01	  0.5811E-15	  0.2420E-02
  0.5450E+01	  0.4924E-15	  0.2444E-02
  0.5474E+01	  0.4172E-15	  0.2468E-02
  0.5498E+01	  0.3535E-15	  0.2492E-02
  0.5521E+01	  0.2996E-15	  0.2516E-02
  0.5545E+01	  0.2538E-15	  0.2541E-02
  0.5568E+01	  0.2151E-15	  0.2565E-02
  0.5592E+01	  0.1822E-15	  0.2590E-02
  0.5615E+01	  0.1544E-15	  0.2615E-02
  0.5639E+01	  0.1308E-15	  0.2640E-02
  0.5662E+01	  0.1109E-15	  0.2665E-02
  0.5686E+01	  0.9393E-16	  0.2690E-02
  0.5709E+01	  0.7958E-16	  0.2715E-02
  0.5733E+01	  0.6743E-16	  0.2740E-02
  0.5757E+01	  0.5713E-16	  0.2766E-02
  0.5780E+01	  0.4841E-16	  0.2791E-02
  0.5804E+01	  0.4101E-16	  0.2817E-02
  0.5827E+01	  0.3475E-16	  0.2843E-02
  0.5851E+01	  0.2944E-16	  0.2869E-02
  0.5874E+01	  0.2495E-16	  0.2895E-02
  0.5898E+01	  0.2113E-16	  0.2921E-02
  0.5921E+01	  0.1791E-16	  0.2947E-02
  0.5945E+01	  0.1517E-16	  0.2974E-02
  0.5968E+01	  0.1285E-16	  0.3000E-02
  0.5992E+01	  0.1089E-16	  0.3026E-02
  0.6015E+01	  0.9226E-17	  0.3053E-02
  0.6039E+01	  0.7817E-17	  0.3079E-02
  0.6063E+01	  0.6623E-17	  0.3105E-02
  0.6086E+01	  0.5611E-17	  0.3132E-02
  0.6110E+01	  0.4753E-17	  0.3158E-02
  0.6133E+01	  0.4027E-17	  0.3185E-02
  0.6157E+01	  0.3412E-17	  0.3211E-02
  0.6180E+01	  0.2890E-17	  0.3238E-02
  0.6204E+01	  0.2449E-17	  0.3265E-02
  0.6227E+01	  0.2075E-17	  0.3292E-02
  0.6251E+01	  0.1758E-17	  0.3319E-02
  0.6274E+01	  0.1489E-17	  0.3346E-02
  0.6298E+01	  0.1261E-17	  0.3373E-02
  0.6322E+01	  0.1069E-17	  0.3401E-02
  0.6345E+01	  0.9053E-18	  0.3428E-02
  0.6369E+01	  0.7669E-18	  0.3456E-02
  0.6392E+01	  0.6497E-18	  0.3484E-02
  0.6416E+01	  0.5504E-18	  0.3511E-02
  0.6439E+01	  0.4662E-18	  0.3539E-02
  0.6463E+01	  0.3950E-18	  0.3567E-02
  0.6486E+01	  0.3346E-18	  0.3596E-02
  0.6510E+01	  0.2834E-18	  0.3624E-02
  0.6533E+01	  0.2401E-18	  0.3652E-02
  0.6557E+01	  0.2034E-18	  0.3681E-02
  0.6581E+01	  0.1723E-18	  0.3709E-02
  0.6604E+01	  0.1459E-18	  0.3738E-02
  0.6628E+01	  0.1236E-18	  0.3767E-02
  0.6651E+01	  0.1047E-18	  0.3796E-02
  0.6675E+01	  0.8871E-19	  0.3825E-02
  0.6698E+01	  0.7514E-19	  0.3854E-02
  0.6722E+01	  0.6365E-19	  0.3883E-02
  0.6745E+01	  0.5391E-19	  0.3912E-02
  0.6769E+01	  0.4567E-19	  0.3942E-02
  0.6792E+01	  0.3868E-19	  0.3971E-02
  0.6816E+01	  0.3277E-19	  0.4001E-02
  0.6840E+01	  0.2775E-19	  0.4031E-02
  0.6863E+01	  0.2351E-19	  0.4060E-02
  0.6887E+01	  0.1991E-19	  0.4090E-02
  0.6910E+01	  0.1687E-19	  0.4120E-02
  0.6934E+01	  0.1428E-19	  0.4151E-02
  0.6957E+01	  0.1210E-19	  0.4180E-02
  0.6981E+01	  0.1025E-19	  0.4209E-02
  0.7004E+01	  0.8680E-20	  0.4238E-02
  0.7028E+01	  0.7352E-20	  0.4267E-02
  0.7051E+01	  0.6227E-20	  0.4296E-02
  0.7075E+01	  0.5274E-20	  0.4326E-02
  0.7099E+01	  0.4467E-20	  0.4354E-02
  0.7122E+01	  0.3783E-20	  0.4383E-02
  0.7146E+01	  0.3204E-20	  0.4411E-02
  0.7169E+01	  0.2714E-20	  0.4440E-02
  0.7193E+01	  0.2298E-20	  0.4468E-02
  0.7216E+01	  0.1946E-20	  0.4497E-02
  0.7240E+01	  0.1648E-20	  0.4526E-02
  0.7263E+01	  0.1396E-20	  0.4555E-02
  0.7287E+01	  0.1182E-20	  0.4584E-02
  0.7310E+01	  0.1001E-20	  0.4613E-02
  0.7334E+01	  0.8480E-21	  0.4642E-02
  0.7358E+01	  0.7182E-21	  0.4671E-02
  0.7381E+01	  0.6082E-21	  0.4700E-02
  0.7405E+01	  0.5151E-21	  0.4730E-02
  0.7428E+01	  0.4362E-21	  0.4759E-02
  0.7452E+01	  0.3694E-21	  0.4789E-02
  0.7475E+01	  0.3128E-21	  0.4819E-02
  0.7499E+01	  0.2649E-21	  0.4849E-02
  0.7522E+01	  0.2243E-21	  0.4878E-02
  0.7546E+01	  0.1900E-21	  0.4908E-02
  0.7569E+01	  0.1609E-21	  0.4939E-02
  0.7593E+01	  0.1362E-21	  0.4969E-02
  0.7616E+01	  0.1154E-21	  0.4999E-02
  0.7640E+01	  0.9769E-22	  0.5029E-02
  0.7664E+01	  0.8272E-22	  0.5060E-02
  0.7687E+01	  0.7005E-22	  0.5090E-02
  0.7711E+01	  0.5932E-22	  0.5121E-02
  0.7734E+01	  0.5023E-22	  0.5151E-02
  0.7758E+01	  0.4253E-22	  0.5182E-02
  0.7781E+01	  0.3601E-22	  0.5213E-02
  0.7805E+01	  0.3049E-22	  0.5244E-02
  0.7828E+01	  0.2582E-22	  0.5275E-02
  0.7852E+01	  0.2186E-22	  0.5306E-02
  0.7875E+01	  0.1851E-22	  0.5338E-02
  0.7899E+01	  0.1567E-22	  0.5369E-02
  0.7923E+01	  0.1327E-22	  0.5400E-02
  0.7946E+01	  0.1124E-22	  0.5432E-02
  0.7970E+01	  0.9515E-23	  0.5463E-02
  0.7993E+01	  0.8056E-23	  0.5495E-02
  0.8017E+01	  0.6821E-23	  0.5527E-02
  0.8040E+01	  0.5775E-23	  0.5559E-02
  0.8064E+01	  0.4889E-23	  0.5591E-02
  0.8087E+01	  0.4140E-23	  0.5623E-02
  0.8111E+01	  0.3505E-23	  0.5655E-02
  0.8134E+01	  0.2967E-23	  0.5687E-02
  0.8158E+01	  0.2512E-23	  0.5719E-02
  0.8182E+01	  0.2127E-23	  0.5751E-02
  0.8205E+01	  0.1801E-23	  0.5784E-02
  0.8229E+01	  0.1524E-23	  0.5816E-02
  0.8252E+01	  0.1291E-23	  0.5849E-02
  0.8276E+01	  0.1093E-23	  0.5882E-02
  0.8299E+01	  0.9250E-24	  0.5915E-02
  0.8323E+01	  0.7831E-24	  0.5948E-02
  0.8346E+01	  0.6629E-24	  0.5981E-02
  0.8370E+01	  0.5612E-24	  0.6014E-02
  0.8393E+01	  0.4751E-24	  0.6047E-02
  0.8417E+01	  0.4022E-24	  0.6080E-02
  0.8441E+01	  0.3404E-24	  0.6113E-02
  0.8464E+01	  0.2882E-24	  0.6147E-02
  0.8488E+01	  0.2440E-24	  0.6180E-02
  0.8511E+01	  0.2065E-24	  0.6214E-02
  0.8535E+01	  0.1748E-24	  0.6248E-02
  0.8558E+01	  0.1480E-24	  0.6281E-02
  0.8582E+01	  0.1253E-24	  0.6315E-02
  0.8605E+01	  0.1060E-24	  0.6349E-02
  0.8629E+01	  0.8975E-25	  0.6383E-02
  0.8652E+01	  0.7597E-25	  0.6417E-02
  0.8676E+01	  0.6430E-25	  0.6452E-02
  0.8700E+01	  0.5443E-25	  0.6486E-02
  0.8723E+01	  0.4607E-25	  0.6520E-02
  0.8747E+01	  0.3899E-25	  0.6555E-02
  0.8770E+01	  0.3300E-25	  0.6589E-02
  0.8794E+01	  0.2793E-25	  0.6624E-02
  0.8817E+01	  0.2364E-25	  0.6659E-02
  0.8841E+01	  0.2001E-25	  0.6693E-02
  0.8864E+01	  0.1694E-25	  0.6728E-02
  0.8888E+01	  0.1433E-25	  0.6763E-02
  0.8911E+01	  0.1213E-25	  0.6798E-02
  0.8935E+01	  0.1027E-25	  0.6833E-02
  0.8958E+01	  0.8689E-26	  0.6868E-02
  0.8982E+01	  0.7354E-26	  0.6903E-02
  0.9006E+01	  0.6223E-26	  0.6937E-02
  0.9029E+01	  0.5267E-26	  0.6972E-02
  0.9053E+01	  0.4457E-26	  0.7006E-02
  0.9076E+01	  0.3772E-26	  0.7041E-02
  0.9100E+01	  0.3192E-26	  0.7076E-02
  0.9123E+01	  0.2701E-26	  0.7111E-02
  0.9147E+01	  0.2286E-26	  0.7146E-02
  0.9170E+01	  0.1934E-26	  0.7181E-02
  0.9194E+01	  0.1637E-26	  0.7216E-02
  0.9217E+01	  0.1385E-26	  0.7251E-02
  0.9241E+01	  0.1172E-26	  0.7287E-02
  0.9265E+01	  0.9919E-27	  0.7322E-02
  0.9288E+01	  0.8394E-27	  0.7357E-02
  0.9312E+01	  0.7102E-27	  0.7393E-02
  0.9335E+01	  0.6010E-27	  0.7428E-02
  0.9359E+01	  0.5085E-27	  0.7464E-02
  0.9382E+01	  0.4303E-27	  0.7499E-02
  0.9406E+01	  0.3641E-27	  0.7535E-02
  0.9429E+01	  0.3081E-27	  0.7571E-02
  0.9453E+01	  0.2606E-27	  0.7607E-02
  0.9476E+01	  0.2205E-27	  0.7643E-02
  0.9500E+01	  0.1866E-27	  0.7679E-02
  0.9524E+01	  0.1579E-27	  0.7715E-02
  0.9547E+01	  0.1336E-27	  0.7751E-02
  0.9571E+01	  0.1130E-27	  0.7787E-02
  0.9594E+01	  0.9561E-28	  0.7824E-02
  0.9618E+01	  0.8089E-28	  0.7860E-02
  0.9641E+01	  0.6843E-28	  0.7896E-02
  0.9665E+01	  0.5790E-28	  0.7933E-02
  0.9688E+01	  0.4898E-28	  0.7969E-02
  0.9712E+01	  0.4144E-28	  0.8004E-02
  0.9735E+01	  0.3506E-28	  0.8040E-02
  0.9759E+01	  0.2966E-28	  0.8077E-02
  0.9783E+01	  0.2509E-28	  0.8113E-02
  0.9806E+01	  0.2122E-28	  0.8149E-02

R7  
------------------------------------------------------------
Electric field / N (Td)                    9.000    
Angular frequency / N (m3/s)              0.1938E-11
Cosine of E-B field angle                  0.000    
Gas temperature (K)                        800.0    
Excitation temperature (K)                 300.0    
Transition energy (eV)                     0.000    
Ionization degree                          0.000    
Plasma density (1/m3)                     0.1000E+19
Ion charge parameter                       1.000    
Ion/neutral mass ratio                     1.000    
Coulomb collision model                    1.000    
Energy sharing                             0.000    
Growth model                               1.000    
Maxwellian mean energy (eV)                0.000    
# of grid points                           500.0    
Grid type                                  1.000    
Maximum energy                             30.00    
Precision                                 0.1000E-29
Convergence                               0.1000E-03
Maximum # of iterations                   0.2000E+05
Mole fraction Ar                           1.000    
------------------------------------------------------------
Mean energy (eV)                          0.2429    
Mobility *N (1/m/V/s)                     0.2380E+27
Re/perp mobility *N (1/m/V/s)             0.9067E+20
Im/Hall mobility *N (1/m/V/s)            -0.9094E+23
Diffusion coefficient *N (1/m/s)          0.3863E+26
Energy mobility *N (1/m/V/s)              0.2710E+27
Energy diffusion coef. *N (1/m/s)         0.4380E+26
Total collision freq. /N (m3/s)           0.1341E-14
Momentum frequency /N (m3/s)              0.1936E-14
Total ionization freq. /N (m3/s)           0.000    
Power /N (eV m3/s)                        0.7344E-20
Elastic power loss /N (eV m3/s)           0.7338E-20
Inelastic power loss /N (eV m3/s)         0.9808E-43
Growth power /N (eV m3/s)                  0.000    
Maximum energy                             13.36    
# of iterations                            8.000    
# of grid trials                           2.000    
------------------------------------------------------------
Rate coefficients (m3/s)
C1    Ar    Elastic                       0.1341E-14
C2    Ar    Excitation    11.55 eV        0.2851E-44
C3    Ar    Excitation    11.62 eV        0.2187E-44
C4    Ar    Excitation    11.72 eV        0.4930E-45
C5    Ar    Excitation    11.83 eV        0.2583E-44
C6    Ar    Excitation    12.91 eV        0.2224E-45
C7    Ar    Excitation    13.08 eV        0.1836E-46
C8    Ar    Excitation    13.10 eV        0.1126E-46
C9    Ar    Excitation    13.15 eV        0.3838E-47
C10   Ar    Excitation    13.17 eV        0.5811E-47
C11   Ar    Excitation    13.27 eV        0.3376E-48
C12   Ar    Excitation    13.28 eV        0.5305E-48
C13   Ar    Excitation    13.30 eV        0.2581E-48
C14   Ar    Excitation    13.33 eV        0.9401E-49
C15   Ar    Excitation    13.48 eV         0.000    
C16   Ar    Excitation    13.85 eV         0.000    
C17   Ar    Excitation    13.86 eV         0.000    
C18   Ar    Excitation    13.90 eV         0.000    
C19   Ar    Excitation    13.98 eV         0.000    
C20   Ar    Excitation    14.01 eV         0.000    
C21   Ar    Excitation    14.06 eV         0.000    
C22   Ar    Excitation    14.07 eV         0.000    
C23   Ar    Excitation    14.09 eV         0.000    
C24   Ar    Excitation    14.10 eV         0.000    
C25   Ar    Excitation    14.15 eV         0.000    
C26   Ar    Excitation    14.21 eV         0.000    
C27   Ar    Excitation    14.23 eV         0.000    
C28   Ar    Excitation    14.24 eV         0.000    
C29   Ar    Excitation    14.24 eV         0.000    
C30   Ar    Excitation    14.26 eV         0.000    
C31   Ar    Excitation    14.30 eV         0.000    
C32   Ar    Excitation    14.71 eV         0.000    
C33   Ar    Excitation    14.85 eV         0.000    
C34   Ar    Excitation    14.86 eV         0.000    
C35   Ar    Excitation    15.00 eV         0.000    
C36   Ar    Excitation    15.02 eV         0.000    
C37   Ar    Excitation    15.12 eV         0.000    
C38   Ar    Excitation    15.19 eV         0.000    
C39   Ar    Excitation    15.19 eV         0.000    
C40   Ar    Excitation    15.31 eV         0.000    
C41   Ar    Excitation    15.35 eV         0.000    
C42   Ar    Excitation    15.36 eV         0.000    
C43   Ar    Excitation    15.37 eV         0.000    
C44   Ar    Excitation    15.37 eV         0.000    
C45   Ar    Excitation    15.66 eV         0.000    
C46   Ar    Ionization    15.76 eV         0.000    
------------------------------------------------------------
Energy (eV) EEDF (eV-3/2) Anisotropy
  0.1336E-01	  0.1597E+02	  0.3906E-05
  0.4007E-01	  0.1354E+02	  0.3916E-05
  0.6678E-01	  0.1148E+02	  0.3934E-05
  0.9349E-01	  0.9733E+01	  0.3402E-05
  0.1202E+00	  0.8253E+01	  0.2689E-05
  0.1469E+00	  0.6998E+01	  0.2052E-05
  0.1736E+00	  0.5934E+01	  0.1556E-05
  0.2003E+00	  0.5031E+01	  0.1262E-05
  0.2271E+00	  0.4266E+01	  0.1208E-05
  0.2538E+00	  0.3617E+01	  0.1379E-05
  0.2805E+00	  0.3067E+01	  0.1772E-05
  0.3072E+00	  0.2601E+01	  0.2387E-05
  0.3339E+00	  0.2205E+01	  0.3218E-05
  0.3606E+00	  0.1870E+01	  0.4248E-05
  0.3873E+00	  0.1585E+01	  0.5463E-05
  0.4140E+00	  0.1344E+01	  0.6853E-05
  0.4407E+00	  0.1140E+01	  0.8409E-05
  0.4675E+00	  0.9664E+00	  0.1012E-04
  0.4942E+00	  0.8194E+00	  0.1198E-04
  0.5209E+00	  0.6948E+00	  0.1399E-04
  0.5476E+00	  0.5891E+00	  0.1613E-04
  0.5743E+00	  0.4995E+00	  0.1840E-04
  0.6010E+00	  0.4235E+00	  0.2079E-04
  0.6277E+00	  0.3591E+00	  0.2332E-04
  0.6544E+00	  0.3045E+00	  0.2597E-04
  0.6812E+00	  0.2582E+00	  0.2874E-04
  0.7079E+00	  0.2189E+00	  0.3164E-04
  0.7346E+00	  0.1856E+00	  0.3467E-04
  0.7613E+00	  0.1574E+00	  0.3782E-04
  0.7880E+00	  0.1335E+00	  0.4111E-04
  0.8147E+00	  0.1132E+00	  0.4454E-04
  0.8414E+00	  0.9595E-01	  0.4812E-04
  0.8681E+00	  0.8136E-01	  0.5184E-04
  0.8949E+00	  0.6898E-01	  0.5571E-04
  0.9216E+00	  0.5849E-01	  0.5975E-04
  0.9483E+00	  0.4959E-01	  0.6395E-04
  0.9750E+00	  0.4205E-01	  0.6833E-04
  0.1002E+01	  0.3566E-01	  0.7264E-04
  0.1028E+01	  0.3023E-01	  0.7670E-04
  0.1055E+01	  0.2563E-01	  0.8070E-04
  0.1082E+01	  0.2174E-01	  0.8478E-04
  0.1109E+01	  0.1843E-01	  0.8895E-04
  0.1135E+01	  0.1563E-01	  0.9323E-04
  0.1162E+01	  0.1325E-01	  0.9760E-04
  0.1189E+01	  0.1123E-01	  0.1021E-03
  0.1215E+01	  0.9526E-02	  0.1066E-03
  0.1242E+01	  0.8077E-02	  0.1112E-03
  0.1269E+01	  0.6849E-02	  0.1159E-03
  0.1296E+01	  0.5807E-02	  0.1207E-03
  0.1322E+01	  0.4924E-02	  0.1256E-03
  0.1349E+01	  0.4175E-02	  0.1306E-03
  0.1376E+01	  0.3540E-02	  0.1357E-03
  0.1402E+01	  0.3002E-02	  0.1408E-03
  0.1429E+01	  0.2545E-02	  0.1461E-03
  0.1456E+01	  0.2158E-02	  0.1515E-03
  0.1483E+01	  0.1830E-02	  0.1570E-03
  0.1509E+01	  0.1551E-02	  0.1626E-03
  0.1536E+01	  0.1315E-02	  0.1685E-03
  0.1563E+01	  0.1115E-02	  0.1745E-03
  0.1589E+01	  0.9457E-03	  0.1806E-03
  0.1616E+01	  0.8019E-03	  0.1867E-03
  0.1643E+01	  0.6799E-03	  0.1930E-03
  0.1670E+01	  0.5765E-03	  0.1994E-03
  0.1696E+01	  0.4888E-03	  0.2058E-03
  0.1723E+01	  0.4145E-03	  0.2122E-03
  0.1750E+01	  0.3514E-03	  0.2185E-03
  0.1776E+01	  0.2980E-03	  0.2249E-03
  0.1803E+01	  0.2527E-03	  0.2314E-03
  0.1830E+01	  0.2142E-03	  0.2380E-03
  0.1856E+01	  0.1816E-03	  0.2447E-03
  0.1883E+01	  0.1540E-03	  0.2515E-03
  0.1910E+01	  0.1306E-03	  0.2583E-03
  0.1937E+01	  0.1107E-03	  0.2653E-03
  0.1963E+01	  0.9389E-04	  0.2723E-03
  0.1990E+01	  0.7961E-04	  0.2796E-03
  0.2017E+01	  0.6750E-04	  0.2872E-03
  0.2043E+01	  0.5723E-04	  0.2950E-03
  0.2070E+01	  0.4853E-04	  0.3031E-03
  0.2097E+01	  0.4115E-04	  0.3113E-03
  0.2124E+01	  0.3489E-04	  0.3196E-03
  0.2150E+01	  0.2958E-04	  0.3280E-03
  0.2177E+01	  0.2508E-04	  0.3365E-03
  0.2204E+01	  0.2127E-04	  0.3451E-03
  0.2230E+01	  0.1803E-04	  0.3538E-03
  0.2257E+01	  0.1529E-04	  0.3627E-03
  0.2284E+01	  0.1296E-04	  0.3716E-03
  0.2311E+01	  0.1099E-04	  0.3807E-03
  0.2337E+01	  0.9320E-05	  0.3898E-03
  0.2364E+01	  0.7902E-05	  0.3991E-03
  0.2391E+01	  0.6700E-05	  0.4085E-03
  0.2417E+01	  0.5681E-05	  0.4180E-03
  0.2444E+01	  0.4817E-05	  0.4276E-03
  0.2471E+01	  0.4084E-05	  0.4373E-03
  0.2498E+01	  0.3463E-05	  0.4473E-03
  0.2524E+01	  0.2936E-05	  0.4573E-03
  0.2551E+01	  0.2489E-05	  0.4676E-03
  0.2578E+01	  0.2111E-05	  0.4781E-03
  0.2604E+01	  0.1790E-05	  0.4886E-03
  0.2631E+01	  0.1517E-05	  0.4993E-03
  0.2658E+01	  0.1287E-05	  0.5101E-03
  0.2685E+01	  0.1091E-05	  0.5210E-03
  0.2711E+01	  0.9250E-06	  0.5320E-03
  0.2738E+01	  0.7842E-06	  0.5431E-03
  0.2765E+01	  0.6649E-06	  0.5543E-03
  0.2791E+01	  0.5638E-06	  0.5657E-03
  0.2818E+01	  0.4780E-06	  0.5772E-03
  0.2845E+01	  0.4053E-06	  0.5888E-03
  0.2872E+01	  0.3437E-06	  0.6005E-03
  0.2898E+01	  0.2914E-06	  0.6123E-03
  0.2925E+01	  0.2470E-06	  0.6242E-03
  0.2952E+01	  0.2095E-06	  0.6363E-03
  0.2978E+01	  0.1776E-06	  0.6484E-03
  0.3005E+01	  0.1506E-06	  0.6606E-03
  0.3032E+01	  0.1277E-06	  0.6728E-03
  0.3059E+01	  0.1082E-06	  0.6852E-03
  0.3085E+01	  0.9178E-07	  0.6977E-03
  0.3112E+01	  0.7782E-07	  0.7102E-03
  0.3139E+01	  0.6598E-07	  0.7229E-03
  0.3165E+01	  0.5594E-07	  0.7356E-03
  0.3192E+01	  0.4743E-07	  0.7485E-03
  0.3219E+01	  0.4021E-07	  0.7615E-03
  0.3246E+01	  0.3410E-07	  0.7747E-03
  0.3272E+01	  0.2891E-07	  0.7879E-03
  0.3299E+01	  0.2451E-07	  0.8012E-03
  0.3326E+01	  0.2078E-07	  0.8147E-03
  0.3352E+01	  0.1762E-07	  0.8282E-03
  0.3379E+01	  0.1494E-07	  0.8419E-03
  0.3406E+01	  0.1267E-07	  0.8557E-03
  0.3432E+01	  0.1074E-07	  0.8696E-03
  0.3459E+01	  0.9105E-08	  0.8836E-03
  0.3486E+01	  0.7719E-08	  0.8977E-03
  0.3513E+01	  0.6545E-08	  0.9119E-03
  0.3539E+01	  0.5549E-08	  0.9263E-03
  0.3566E+01	  0.4705E-08	  0.9407E-03
  0.3593E+01	  0.3989E-08	  0.9553E-03
  0.3619E+01	  0.3382E-08	  0.9700E-03
  0.3646E+01	  0.2867E-08	  0.9848E-03
  0.3673E+01	  0.2431E-08	  0.9997E-03
  0.3700E+01	  0.2061E-08	  0.1015E-02
  0.3726E+01	  0.1747E-08	  0.1030E-02
  0.3753E+01	  0.1482E-08	  0.1045E-02
  0.3780E+01	  0.1256E-08	  0.1060E-02
  0.3806E+01	  0.1065E-08	  0.1076E-02
  0.3833E+01	  0.9029E-09	  0.1091E-02
  0.3860E+01	  0.7655E-09	  0.1107E-02
  0.3887E+01	  0.6490E-09	  0.1123E-02
  0.3913E+01	  0.5502E-09	  0.1139E-02
  0.3940E+01	  0.4665E-09	  0.1155E-02
  0.3967E+01	  0.3955E-09	  0.1171E-02
  0.3993E+01	  0.3353E-09	  0.1188E-02
  0.4020E+01	  0.2843E-09	  0.1206E-02
  0.4047E+01	  0.2410E-09	  0.1224E-02
  0.4074E+01	  0.2043E-09	  0.1243E-02
  0.4100E+01	  0.1732E-09	  0.1262E-02
  0.4127E+01	  0.1469E-09	  0.1281E-02
  0.4154E+01	  0.1245E-09	  0.1300E-02
  0.4180E+01	  0.1056E-09	  0.1320E-02
  0.4207E+01	  0.8949E-10	  0.1339E-02
  0.4234E+01	  0.7587E-10	  0.1359E-02
  0.4261E+01	  0.6432E-10	  0.1379E-02
  0.4287E+01	  0.5453E-10	  0.1399E-02
  0.4314E+01	  0.4623E-10	  0.1419E-02
  0.4341E+01	  0.3919E-10	  0.1439E-02
  0.4367E+01	  0.3323E-10	  0.1460E-02
  0.4394E+01	  0.2817E-10	  0.1480E-02
  0.4421E+01	  0.2388E-10	  0.1501E-02
  0.4448E+01	  0.2025E-10	  0.1522E-02
  0.4474E+01	  0.1716E-10	  0.1543E-02
  0.4501E+01	  0.1455E-10	  0.1564E-02
  0.4528E+01	  0.1234E-10	  0.1585E-02
  0.4554E+01	  0.1046E-10	  0.1606E-02
  0.4581E+01	  0.8865E-11	  0.1628E-02
  0.4608E+01	  0.7516E-11	  0.1650E-02
  0.4635E+01	  0.6371E-11	  0.1671E-02
  0.4661E+01	  0.5401E-11	  0.1693E-02
  0.4688E+01	  0.4579E-11	  0.1715E-02
  0.4715E+01	  0.3882E-11	  0.1738E-02
  0.4741E+01	  0.3291E-11	  0.1760E-02
  0.4768E+01	  0.2789E-11	  0.1783E-02
  0.4795E+01	  0.2365E-11	  0.1805E-02
  0.4822E+01	  0.2005E-11	  0.1828E-02
  0.4848E+01	  0.1699E-11	  0.1851E-02
  0.4875E+01	  0.1441E-11	  0.1874E-02
  0.4902E+01	  0.1221E-11	  0.1897E-02
  0.4928E+01	  0.1035E-11	  0.1921E-02
  0.4955E+01	  0.8775E-12	  0.1944E-02
  0.4982E+01	  0.7439E-12	  0.1968E-02
  0.5009E+01	  0.6306E-12	  0.1992E-02
  0.5035E+01	  0.5345E-12	  0.2017E-02
  0.5062E+01	  0.4531E-12	  0.2041E-02
  0.5089E+01	  0.3841E-12	  0.2066E-02
  0.5115E+01	  0.3256E-12	  0.2091E-02
  0.5142E+01	  0.2760E-12	  0.2116E-02
  0.5169E+01	  0.2340E-12	  0.2142E-02
  0.5195E+01	  0.1983E-12	  0.2167E-02
  0.5222E+01	  0.1681E-12	  0.2193E-02
  0.5249E+01	  0.1425E-12	  0.2219E-02
  0.5276E+01	  0.1208E-12	  0.2245E-02
  0.5302E+01	  0.1024E-12	  0.2271E-02
  0.5329E+01	  0.8678E-13	  0.2297E-02
  0.5356E+01	  0.7356E-13	  0.2324E-02
  0.5382E+01	  0.6235E-13	  0.2350E-02
  0.5409E+01	  0.5285E-13	  0.2377E-02
  0.5436E+01	  0.4480E-13	  0.2404E-02
  0.5463E+01	  0.3797E-13	  0.2431E-02
  0.5489E+01	  0.3218E-13	  0.2458E-02
  0.5516E+01	  0.2728E-13	  0.2485E-02
  0.5543E+01	  0.2312E-13	  0.2512E-02
  0.5569E+01	  0.1960E-13	  0.2540E-02
  0.5596E+01	  0.1661E-13	  0.2568E-02
  0.5623E+01	  0.1408E-13	  0.2596E-02
  0.5650E+01	  0.1193E-13	  0.2624E-02
  0.5676E+01	  0.1011E-13	  0.2652E-02
  0.5703E+01	  0.8572E-14	  0.2680E-02
  0.5730E+01	  0.7266E-14	  0.2709E-02
  0.5756E+01	  0.6158E-14	  0.2737E-02
  0.5783E+01	  0.5219E-14	  0.2766E-02
  0.5810E+01	  0.4423E-14	  0.2795E-02
  0.5837E+01	  0.3749E-14	  0.2824E-02
  0.5863E+01	  0.3177E-14	  0.2853E-02
  0.5890E+01	  0.2693E-14	  0.2882E-02
  0.5917E+01	  0.2282E-14	  0.2912E-02
  0.5943E+01	  0.1934E-14	  0.2941E-02
  0.5970E+01	  0.1639E-14	  0.2971E-02
  0.5997E+01	  0.1389E-14	  0.3000E-02
  0.6024E+01	  0.1177E-14	  0.3030E-02
  0.6050E+01	  0.9978E-15	  0.3060E-02
  0.6077E+01	  0.8457E-15	  0.3089E-02
  0.6104E+01	  0.7167E-15	  0.3119E-02
  0.6130E+01	  0.6074E-15	  0.3149E-02
  0.6157E+01	  0.5147E-15	  0.3179E-02
  0.6184E+01	  0.4362E-15	  0.3209E-02
  0.6211E+01	  0.3696E-15	  0.3239E-02
  0.6237E+01	  0.3133E-15	  0.3269E-02
  0.6264E+01	  0.2655E-15	  0.3300E-02
  0.6291E+01	  0.2250E-15	  0.3330E-02
  0.6317E+01	  0.1906E-15	  0.3361E-02
  0.6344E+01	  0.1615E-15	  0.3392E-02
  0.6371E+01	  0.1369E-15	  0.3423E-02
  0.6398E+01	  0.1160E-15	  0.3454E-02
  0.6424E+01	  0.9830E-16	  0.3485E-02
  0.6451E+01	  0.8330E-16	  0.3517E-02
  0.6478E+01	  0.7059E-16	  0.3548E-02
  0.6504E+01	  0.5981E-16	  0.3580E-02
  0.6531E+01	  0.5068E-16	  0.3612E-02
  0.6558E+01	  0.4295E-16	  0.3644E-02
  0.6585E+01	  0.3639E-16	  0.3676E-02
  0.6611E+01	  0.3083E-16	  0.3708E-02
  0.6638E+01	  0.2613E-16	  0.3741E-02
  0.6665E+01	  0.2214E-16	  0.3773E-02
  0.6691E+01	  0.1876E-16	  0.3806E-02
  0.6718E+01	  0.1589E-16	  0.3839E-02
  0.6745E+01	  0.1347E-16	  0.3872E-02
  0.6771E+01	  0.1141E-16	  0.3905E-02
  0.6798E+01	  0.9668E-17	  0.3938E-02
  0.6825E+01	  0.8191E-17	  0.3971E-02
  0.6852E+01	  0.6940E-17	  0.4005E-02
  0.6878E+01	  0.5880E-17	  0.4038E-02
  0.6905E+01	  0.4982E-17	  0.4072E-02
  0.6932E+01	  0.4221E-17	  0.4106E-02
  0.6958E+01	  0.3576E-17	  0.4139E-02
  0.6985E+01	  0.3030E-17	  0.4172E-02
  0.7012E+01	  0.2567E-17	  0.4204E-02
  0.7039E+01	  0.2175E-17	  0.4237E-02
  0.7065E+01	  0.1842E-17	  0.4270E-02
  0.7092E+01	  0.1561E-17	  0.4302E-02
  0.7119E+01	  0.1322E-17	  0.4334E-02
  0.7145E+01	  0.1120E-17	  0.4366E-02
  0.7172E+01	  0.9490E-18	  0.4398E-02
  0.7199E+01	  0.8040E-18	  0.4431E-02
  0.7226E+01	  0.6811E-18	  0.4463E-02
  0.7252E+01	  0.5770E-18	  0.4495E-02
  0.7279E+01	  0.4888E-18	  0.4528E-02
  0.7306E+01	  0.4141E-18	  0.4561E-02
  0.7332E+01	  0.3508E-18	  0.4593E-02
  0.7359E+01	  0.2971E-18	  0.4626E-02
  0.7386E+01	  0.2517E-18	  0.4659E-02
  0.7413E+01	  0.2132E-18	  0.4692E-02
  0.7439E+01	  0.1806E-18	  0.4726E-02
  0.7466E+01	  0.1530E-18	  0.4759E-02
  0.7493E+01	  0.1296E-18	  0.4792E-02
  0.7519E+01	  0.1098E-18	  0.4826E-02
  0.7546E+01	  0.9298E-19	  0.4860E-02
  0.7573E+01	  0.7876E-19	  0.4894E-02
  0.7600E+01	  0.6671E-19	  0.4927E-02
  0.7626E+01	  0.5651E-19	  0.4961E-02
  0.7653E+01	  0.4786E-19	  0.4996E-02
  0.7680E+01	  0.4054E-19	  0.5030E-02
  0.7706E+01	  0.3434E-19	  0.5064E-02
  0.7733E+01	  0.2908E-19	  0.5099E-02
  0.7760E+01	  0.2463E-19	  0.5133E-02
  0.7787E+01	  0.2086E-19	  0.5168E-02
  0.7813E+01	  0.1767E-19	  0.5203E-02
  0.7840E+01	  0.1497E-19	  0.5238E-02
  0.7867E+01	  0.1267E-19	  0.5273E-02
  0.7893E+01	  0.1073E-19	  0.5308E-02
  0.7920E+01	  0.9091E-20	  0.5344E-02
  0.7947E+01	  0.7699E-20	  0.5379E-02
  0.7974E+01	  0.6521E-20	  0.5414E-02
  0.8000E+01	  0.5522E-20	  0.5450E-02
  0.8027E+01	  0.4677E-20	  0.5486E-02
  0.8054E+01	  0.3960E-20	  0.5522E-02
  0.8080E+01	  0.3354E-20	  0.5558E-02
  0.8107E+01	  0.2840E-20	  0.5594E-02
  0.8134E+01	  0.2405E-20	  0.5630E-02
  0.8161E+01	  0.2037E-20	  0.5666E-02
  0.8187E+01	  0.1725E-20	  0.5703E-02
  0.8214E+01	  0.1461E-20	  0.5739E-02
  0.8241E+01	  0.1237E-20	  0.5776E-02
  0.8267E+01	  0.1047E-20	  0.5813E-02
  0.8294E+01	  0.8868E-21	  0.5850E-02
  0.8321E+01	  0.7509E-21	  0.5887E-02
  0.8348E+01	  0.6359E-21	  0.5924E-02
  0.8374E+01	  0.5384E-21	  0.5961E-02
  0.8401E+01	  0.4559E-21	  0.5998E-02
  0.8428E+01	  0.3860E-21	  0.6036E-02
  0.8454E+01	  0.3268E-21	  0.6073E-02
  0.8481E+01	  0.2767E-21	  0.6111E-02
  0.8508E+01	  0.2343E-21	  0.6149E-02
  0.8534E+01	  0.1984E-21	  0.6187E-02
  0.8561E+01	  0.1680E-21	  0.6225E-02
  0.8588E+01	  0.1422E-21	  0.6263E-02
  0.8615E+01	  0.1204E-21	  0.6301E-02
  0.8641E+01	  0.1019E-21	  0.6339E-02
  0.8668E+01	  0.8629E-22	  0.6378E-02
  0.8695E+01	  0.7306E-22	  0.6416E-02
  0.8721E+01	  0.6185E-22	  0.6455E-02
  0.8748E+01	  0.5236E-22	  0.6494E-02
  0.8775E+01	  0.4433E-22	  0.6533E-02
  0.8802E+01	  0.3753E-22	  0.6572E-02
  0.8828E+01	  0.3177E-22	  0.6611E-02
  0.8855E+01	  0.2689E-22	  0.6650E-02
  0.8882E+01	  0.2276E-22	  0.6689E-02
  0.8908E+01	  0.1927E-22	  0.6729E-02
  0.8935E+01	  0.1631E-22	  0.6768E-02
  0.8962E+01	  0.1381E-22	  0.6807E-02
  0.8989E+01	  0.1169E-22	  0.6846E-02
  0.9015E+01	  0.9893E-23	  0.6885E-02
  0.9042E+01	  0.8374E-23	  0.6924E-02
  0.9069E+01	  0.7088E-23	  0.6963E-02
  0.9095E+01	  0.6000E-23	  0.7002E-02
  0.9122E+01	  0.5078E-23	  0.7041E-02
  0.9149E+01	  0.4298E-23	  0.7081E-02
  0.9176E+01	  0.3638E-23	  0.7120E-02
  0.9202E+01	  0.3079E-23	  0.7160E-02
  0.9229E+01	  0.2606E-23	  0.7200E-02
  0.9256E+01	  0.2206E-23	  0.7239E-02
  0.9282E+01	  0.1867E-23	  0.7279E-02
  0.9309E+01	  0.1580E-23	  0.7319E-02
  0.9336E+01	  0.1337E-23	  0.7359E-02
  0.9363E+01	  0.1131E-23	  0.7399E-02
  0.9389E+01	  0.9575E-24	  0.7439E-02
  0.9416E+01	  0.8103E-24	  0.7479E-02
  0.9443E+01	  0.6857E-24	  0.7520E-02
  0.9469E+01	  0.5803E-24	  0.7560E-02
  0.9496E+01	  0.4911E-24	  0.7601E-02
  0.9523E+01	  0.4155E-24	  0.7641E-02
  0.9550E+01	  0.3516E-24	  0.7682E-02
  0.9576E+01	  0.2976E-24	  0.7723E-02
  0.9603E+01	  0.2518E-24	  0.7764E-02
  0.9630E+01	  0.2130E-24	  0.7805E-02
  0.9656E+01	  0.1803E-24	  0.7846E-02
  0.9683E+01	  0.1525E-24	  0.7886E-02
  0.9710E+01	  0.1291E-24	  0.7927E-02
  0.9737E+01	  0.1092E-24	  0.7967E-02
  0.9763E+01	  0.9239E-25	  0.8008E-02
  0.9790E+01	  0.7817E-25	  0.8049E-02
  0.9817E+01	  0.6614E-25	  0.8089E-02
  0.9843E+01	  0.5596E-25	  0.8130E-02
  0.9870E+01	  0.4734E-25	  0.8171E-02
  0.9897E+01	  0.4005E-25	  0.8213E-02
  0.9924E+01	  0.3388E-25	  0.8254E-02
  0.9950E+01	  0.2867E-25	  0.8295E-02
  0.9977E+01	  0.2425E-25	  0.8337E-02
  0.1000E+02	  0.2051E-25	  0.8378E-02
  0.1003E+02	  0.1735E-25	  0.8417E-02
  0.1006E+02	  0.1468E-25	  0.8450E-02
  0.1008E+02	  0.1242E-25	  0.8480E-02
  0.1011E+02	  0.1051E-25	  0.8510E-02
  0.1014E+02	  0.8887E-26	  0.8541E-02
  0.1016E+02	  0.7517E-26	  0.8572E-02
  0.1019E+02	  0.6359E-26	  0.8602E-02
  0.1022E+02	  0.5379E-26	  0.8633E-02
  0.1024E+02	  0.4550E-26	  0.8664E-02
  0.1027E+02	  0.3848E-26	  0.8695E-02
  0.1030E+02	  0.3255E-26	  0.8725E-02
  0.1032E+02	  0.2753E-26	  0.8756E-02
  0.1035E+02	  0.2329E-26	  0.8787E-02
  0.1038E+02	  0.1970E-26	  0.8819E-02
  0.1040E+02	  0.1666E-26	  0.8850E-02
  0.1043E+02	  0.1409E-26	  0.8881E-02
  0.1046E+02	  0.1192E-26	  0.8912E-02
  0.1048E+02	  0.1008E-26	  0.8944E-02
  0.1051E+02	  0.8524E-27	  0.8975E-02
  0.1054E+02	  0.7209E-27	  0.9007E-02
  0.1056E+02	  0.6097E-27	  0.9039E-02
  0.1059E+02	  0.5156E-27	  0.9071E-02
  0.1062E+02	  0.4360E-27	  0.9100E-02
  0.1064E+02	  0.3687E-27	  0.9124E-02
  0.1067E+02	  0.3118E-27	  0.9145E-02
  0.1070E+02	  0.2636E-27	  0.9167E-02
  0.1072E+02	  0.2229E-27	  0.9189E-02
  0.1075E+02	  0.1885E-27	  0.9211E-02
  0.1078E+02	  0.1593E-27	  0.9234E-02
  0.1081E+02	  0.1347E-27	  0.9257E-02
  0.1083E+02	  0.1139E-27	  0.9281E-02
  0.1086E+02	  0.9624E-28	  0.9306E-02
  0.1089E+02	  0.8134E-28	  0.9331E-02
  0.1091E+02	  0.6874E-28	  0.9358E-02
  0.1094E+02	  0.5808E-28	  0.9385E-02
  0.1097E+02	  0.4907E-28	  0.9415E-02
  0.1099E+02	  0.4145E-28	  0.9446E-02
  0.1102E+02	  0.3500E-28	  0.9478E-02
  0.1105E+02	  0.2955E-28	  0.9514E-02
  0.1107E+02	  0.2494E-28	  0.9552E-02
  0.1110E+02	  0.2105E-28	  0.9593E-02
  0.1113E+02	  0.1775E-28	  0.9639E-02

R8  
------------------------------------------------------------
Electric field / N (Td)                    10.00    
Angular frequency / N (m3/s)              0.1938E-11
Cosine of E-B field angle                  0.000    
Gas temperature (K)                        800.0    
Excitation temperature (K)                 300.0    
Transition energy (eV)                     0.000    
Ionization degree                          0.000    
Plasma density (1/m3)                     0.1000E+19
Ion charge parameter                       1.000    
Ion/neutral mass ratio                     1.000    
Coulomb collision model                    1.000    
Energy sharing                             0.000    
Growth model                               1.000    
Maxwellian mean energy (eV)                0.000    
# of grid points                           500.0    
Grid type                                  1.000    
Maximum energy                             30.00    
Precision                                 0.1000E-29
Convergence                               0.1000E-03
Maximum # of iterations                   0.2000E+05
Mole fraction Ar                           1.000    
------------------------------------------------------------
Mean energy (eV)                          0.2756    
Mobility *N (1/m/V/s)                     0.2135E+27
Re/perp mobility *N (1/m/V/s)             0.1129E+21
Im/Hall mobility *N (1/m/V/s)            -0.9093E+23
Diffusion coefficient *N (1/m/s)          0.3931E+26
Energy mobility *N (1/m/V/s)              0.2251E+27
Energy diffusion coef. *N (1/m/s)         0.4128E+26
Total collision freq. /N (m3/s)           0.1484E-14
Momentum frequency /N (m3/s)              0.2411E-14
Total ionization freq. /N (m3/s)           0.000    
Power /N (eV m3/s)                        0.1129E-19
Elastic power loss /N (eV m3/s)           0.1128E-19
Inelastic power loss /N (eV m3/s)         0.5568E-41
Growth power /N (eV m3/s)                  0.000    
Maximum energy                             14.58    
# of iterations                            8.000    
# of grid trials                           2.000    
------------------------------------------------------------
Rate coefficients (m3/s)
C1    Ar    Elastic                       0.1484E-14
C2    Ar    Excitation    11.55 eV        0.2409E-42
C3    Ar    Excitation    11.62 eV        0.1779E-42
C4    Ar    Excitation    11.72 eV        0.1706E-43
C5    Ar    Excitation    11.83 eV        0.3842E-43
C6    Ar    Excitation    12.91 eV        0.6389E-45
C7    Ar    Excitation    13.08 eV        0.5743E-45
C8    Ar    Excitation    13.10 eV        0.3939E-45
C9    Ar    Excitation    13.15 eV        0.2189E-45
C10   Ar    Excitation    13.17 eV        0.3629E-45
C11   Ar    Excitation    13.27 eV        0.9821E-46
C12   Ar    Excitation    13.28 eV        0.1943E-45
C13   Ar    Excitation    13.30 eV        0.1541E-45
C14   Ar    Excitation    13.33 eV        0.1905E-45
C15   Ar    Excitation    13.48 eV        0.2977E-45
C16   Ar    Excitation    13.85 eV        0.1372E-45
C17   Ar    Excitation    13.86 eV        0.5922E-45
C18   Ar    Excitation    13.90 eV        0.2878E-45
C19   Ar    Excitation    13.98 eV        0.3258E-45
C20   Ar    Excitation    14.01 eV        0.8756E-46
C21   Ar    Excitation    14.06 eV        0.7312E-46
C22   Ar    Excitation    14.07 eV        0.7211E-46
C23   Ar    Excitation    14.09 eV        0.1335E-47
C24   Ar    Excitation    14.10 eV        0.8785E-47
C25   Ar    Excitation    14.15 eV        0.2522E-47
C26   Ar    Excitation    14.21 eV        0.5846E-46
C27   Ar    Excitation    14.23 eV        0.3688E-46
C28   Ar    Excitation    14.24 eV        0.7975E-47
C29   Ar    Excitation    14.24 eV        0.7796E-47
C30   Ar    Excitation    14.26 eV        0.1630E-48
C31   Ar    Excitation    14.30 eV        0.8294E-48
C32   Ar    Excitation    14.71 eV         0.000    
C33   Ar    Excitation    14.85 eV         0.000    
C34   Ar    Excitation    14.86 eV         0.000    
C35   Ar    Excitation    15.00 eV         0.000    
C36   Ar    Excitation    15.02 eV         0.000    
C37   Ar    Excitation    15.12 eV         0.000    
C38   Ar    Excitation    15.19 eV         0.000    
C39   Ar    Excitation    15.19 eV         0.000    
C40   Ar    Excitation    15.31 eV         0.000    
C41   Ar    Excitation    15.35 eV         0.000    
C42   Ar    Excitation    15.36 eV         0.000    
C43   Ar    Excitation    15.37 eV         0.000    
C44   Ar    Excitation    15.37 eV         0.000    
C45   Ar    Excitation    15.66 eV         0.000    
C46   Ar    Ionization    15.76 eV         0.000    
------------------------------------------------------------
Energy (eV) EEDF (eV-3/2) Anisotropy
  0.1458E-01	  0.1325E+02	  0.3960E-05
  0.4374E-01	  0.1131E+02	  0.3895E-05
  0.7290E-01	  0.9646E+01	  0.3766E-05
  0.1021E+00	  0.8230E+01	  0.3109E-05
  0.1312E+00	  0.7023E+01	  0.2368E-05
  0.1604E+00	  0.5992E+01	  0.1742E-05
  0.1895E+00	  0.5112E+01	  0.1339E-05
  0.2187E+00	  0.4362E+01	  0.1180E-05
  0.2479E+00	  0.3722E+01	  0.1295E-05
  0.2770E+00	  0.3176E+01	  0.1679E-05
  0.3062E+00	  0.2710E+01	  0.2316E-05
  0.3353E+00	  0.2312E+01	  0.3203E-05
  0.3645E+00	  0.1973E+01	  0.4323E-05
  0.3937E+00	  0.1683E+01	  0.5656E-05
  0.4228E+00	  0.1436E+01	  0.7191E-05
  0.4520E+00	  0.1225E+01	  0.8918E-05
  0.4811E+00	  0.1045E+01	  0.1082E-04
  0.5103E+00	  0.8920E+00	  0.1290E-04
  0.5395E+00	  0.7611E+00	  0.1513E-04
  0.5686E+00	  0.6494E+00	  0.1752E-04
  0.5978E+00	  0.5541E+00	  0.2006E-04
  0.6269E+00	  0.4728E+00	  0.2275E-04
  0.6561E+00	  0.4034E+00	  0.2558E-04
  0.6853E+00	  0.3442E+00	  0.2856E-04
  0.7144E+00	  0.2937E+00	  0.3168E-04
  0.7436E+00	  0.2506E+00	  0.3496E-04
  0.7727E+00	  0.2138E+00	  0.3839E-04
  0.8019E+00	  0.1824E+00	  0.4197E-04
  0.8311E+00	  0.1556E+00	  0.4572E-04
  0.8602E+00	  0.1328E+00	  0.4964E-04
  0.8894E+00	  0.1133E+00	  0.5374E-04
  0.9185E+00	  0.9667E-01	  0.5803E-04
  0.9477E+00	  0.8249E-01	  0.6250E-04
  0.9769E+00	  0.7038E-01	  0.6719E-04
  0.1006E+01	  0.6005E-01	  0.7177E-04
  0.1035E+01	  0.5124E-01	  0.7606E-04
  0.1064E+01	  0.4372E-01	  0.8036E-04
  0.1094E+01	  0.3730E-01	  0.8475E-04
  0.1123E+01	  0.3183E-01	  0.8927E-04
  0.1152E+01	  0.2715E-01	  0.9390E-04
  0.1181E+01	  0.2317E-01	  0.9863E-04
  0.1210E+01	  0.1977E-01	  0.1035E-03
  0.1239E+01	  0.1687E-01	  0.1084E-03
  0.1268E+01	  0.1439E-01	  0.1134E-03
  0.1298E+01	  0.1228E-01	  0.1185E-03
  0.1327E+01	  0.1048E-01	  0.1237E-03
  0.1356E+01	  0.8939E-02	  0.1291E-03
  0.1385E+01	  0.7627E-02	  0.1346E-03
  0.1414E+01	  0.6508E-02	  0.1401E-03
  0.1443E+01	  0.5553E-02	  0.1458E-03
  0.1473E+01	  0.4738E-02	  0.1516E-03
  0.1502E+01	  0.4042E-02	  0.1576E-03
  0.1531E+01	  0.3449E-02	  0.1638E-03
  0.1560E+01	  0.2943E-02	  0.1702E-03
  0.1589E+01	  0.2511E-02	  0.1767E-03
  0.1618E+01	  0.2142E-02	  0.1833E-03
  0.1648E+01	  0.1828E-02	  0.1901E-03
  0.1677E+01	  0.1560E-02	  0.1969E-03
  0.1706E+01	  0.1331E-02	  0.2037E-03
  0.1735E+01	  0.1135E-02	  0.2105E-03
  0.1764E+01	  0.9687E-03	  0.2173E-03
  0.1793E+01	  0.8266E-03	  0.2242E-03
  0.1823E+01	  0.7052E-03	  0.2312E-03
  0.1852E+01	  0.6017E-03	  0.2383E-03
  0.1881E+01	  0.5134E-03	  0.2455E-03
  0.1910E+01	  0.4380E-03	  0.2529E-03
  0.1939E+01	  0.3738E-03	  0.2603E-03
  0.1968E+01	  0.3189E-03	  0.2679E-03
  0.1997E+01	  0.2721E-03	  0.2757E-03
  0.2027E+01	  0.2321E-03	  0.2839E-03
  0.2056E+01	  0.1981E-03	  0.2924E-03
  0.2085E+01	  0.1690E-03	  0.3011E-03
  0.2114E+01	  0.1442E-03	  0.3099E-03
  0.2143E+01	  0.1230E-03	  0.3188E-03
  0.2172E+01	  0.1050E-03	  0.3279E-03
  0.2202E+01	  0.8956E-04	  0.3371E-03
  0.2231E+01	  0.7642E-04	  0.3464E-03
  0.2260E+01	  0.6520E-04	  0.3559E-03
  0.2289E+01	  0.5563E-04	  0.3655E-03
  0.2318E+01	  0.4746E-04	  0.3752E-03
  0.2347E+01	  0.4050E-04	  0.3850E-03
  0.2377E+01	  0.3455E-04	  0.3950E-03
  0.2406E+01	  0.2948E-04	  0.4051E-03
  0.2435E+01	  0.2515E-04	  0.4153E-03
  0.2464E+01	  0.2146E-04	  0.4256E-03
  0.2493E+01	  0.1831E-04	  0.4362E-03
  0.2522E+01	  0.1562E-04	  0.4470E-03
  0.2552E+01	  0.1333E-04	  0.4579E-03
  0.2581E+01	  0.1137E-04	  0.4691E-03
  0.2610E+01	  0.9703E-05	  0.4804E-03
  0.2639E+01	  0.8279E-05	  0.4918E-03
  0.2668E+01	  0.7064E-05	  0.5034E-03
  0.2697E+01	  0.6027E-05	  0.5151E-03
  0.2726E+01	  0.5142E-05	  0.5269E-03
  0.2756E+01	  0.4387E-05	  0.5389E-03
  0.2785E+01	  0.3743E-05	  0.5510E-03
  0.2814E+01	  0.3194E-05	  0.5632E-03
  0.2843E+01	  0.2725E-05	  0.5756E-03
  0.2872E+01	  0.2325E-05	  0.5881E-03
  0.2901E+01	  0.1984E-05	  0.6007E-03
  0.2931E+01	  0.1692E-05	  0.6135E-03
  0.2960E+01	  0.1444E-05	  0.6264E-03
  0.2989E+01	  0.1232E-05	  0.6394E-03
  0.3018E+01	  0.1051E-05	  0.6524E-03
  0.3047E+01	  0.8967E-06	  0.6656E-03
  0.3076E+01	  0.7651E-06	  0.6789E-03
  0.3106E+01	  0.6528E-06	  0.6923E-03
  0.3135E+01	  0.5569E-06	  0.7058E-03
  0.3164E+01	  0.4752E-06	  0.7194E-03
  0.3193E+01	  0.4054E-06	  0.7332E-03
  0.3222E+01	  0.3459E-06	  0.7471E-03
  0.3251E+01	  0.2951E-06	  0.7611E-03
  0.3281E+01	  0.2518E-06	  0.7753E-03
  0.3310E+01	  0.2148E-06	  0.7896E-03
  0.3339E+01	  0.1833E-06	  0.8040E-03
  0.3368E+01	  0.1564E-06	  0.8186E-03
  0.3397E+01	  0.1334E-06	  0.8333E-03
  0.3426E+01	  0.1138E-06	  0.8481E-03
  0.3455E+01	  0.9710E-07	  0.8630E-03
  0.3485E+01	  0.8284E-07	  0.8781E-03
  0.3514E+01	  0.7068E-07	  0.8933E-03
  0.3543E+01	  0.6030E-07	  0.9086E-03
  0.3572E+01	  0.5145E-07	  0.9241E-03
  0.3601E+01	  0.4389E-07	  0.9397E-03
  0.3630E+01	  0.3745E-07	  0.9554E-03
  0.3660E+01	  0.3195E-07	  0.9713E-03
  0.3689E+01	  0.2726E-07	  0.9873E-03
  0.3718E+01	  0.2325E-07	  0.1003E-02
  0.3747E+01	  0.1984E-07	  0.1020E-02
  0.3776E+01	  0.1693E-07	  0.1036E-02
  0.3805E+01	  0.1444E-07	  0.1053E-02
  0.3835E+01	  0.1232E-07	  0.1069E-02
  0.3864E+01	  0.1051E-07	  0.1086E-02
  0.3893E+01	  0.8967E-08	  0.1103E-02
  0.3922E+01	  0.7650E-08	  0.1120E-02
  0.3951E+01	  0.6526E-08	  0.1137E-02
  0.3980E+01	  0.5568E-08	  0.1155E-02
  0.4010E+01	  0.4750E-08	  0.1173E-02
  0.4039E+01	  0.4052E-08	  0.1193E-02
  0.4068E+01	  0.3457E-08	  0.1213E-02
  0.4097E+01	  0.2949E-08	  0.1233E-02
  0.4126E+01	  0.2516E-08	  0.1253E-02
  0.4155E+01	  0.2147E-08	  0.1274E-02
  0.4184E+01	  0.1831E-08	  0.1295E-02
  0.4214E+01	  0.1562E-08	  0.1316E-02
  0.4243E+01	  0.1333E-08	  0.1337E-02
  0.4272E+01	  0.1137E-08	  0.1358E-02
  0.4301E+01	  0.9700E-09	  0.1379E-02
  0.4330E+01	  0.8275E-09	  0.1401E-02
  0.4359E+01	  0.7059E-09	  0.1423E-02
  0.4389E+01	  0.6022E-09	  0.1445E-02
  0.4418E+01	  0.5138E-09	  0.1467E-02
  0.4447E+01	  0.4383E-09	  0.1489E-02
  0.4476E+01	  0.3739E-09	  0.1512E-02
  0.4505E+01	  0.3190E-09	  0.1534E-02
  0.4534E+01	  0.2721E-09	  0.1557E-02
  0.4564E+01	  0.2321E-09	  0.1580E-02
  0.4593E+01	  0.1980E-09	  0.1603E-02
  0.4622E+01	  0.1689E-09	  0.1626E-02
  0.4651E+01	  0.1441E-09	  0.1650E-02
  0.4680E+01	  0.1229E-09	  0.1673E-02
  0.4709E+01	  0.1049E-09	  0.1697E-02
  0.4739E+01	  0.8945E-10	  0.1721E-02
  0.4768E+01	  0.7630E-10	  0.1745E-02
  0.4797E+01	  0.6509E-10	  0.1769E-02
  0.4826E+01	  0.5552E-10	  0.1793E-02
  0.4855E+01	  0.4736E-10	  0.1818E-02
  0.4884E+01	  0.4040E-10	  0.1843E-02
  0.4913E+01	  0.3446E-10	  0.1868E-02
  0.4943E+01	  0.2940E-10	  0.1893E-02
  0.4972E+01	  0.2508E-10	  0.1918E-02
  0.5001E+01	  0.2139E-10	  0.1944E-02
  0.5030E+01	  0.1825E-10	  0.1970E-02
  0.5059E+01	  0.1556E-10	  0.1996E-02
  0.5088E+01	  0.1328E-10	  0.2023E-02
  0.5118E+01	  0.1132E-10	  0.2049E-02
  0.5147E+01	  0.9659E-11	  0.2076E-02
  0.5176E+01	  0.8239E-11	  0.2104E-02
  0.5205E+01	  0.7028E-11	  0.2131E-02
  0.5234E+01	  0.5994E-11	  0.2158E-02
  0.5263E+01	  0.5113E-11	  0.2186E-02
  0.5293E+01	  0.4361E-11	  0.2214E-02
  0.5322E+01	  0.3720E-11	  0.2242E-02
  0.5351E+01	  0.3173E-11	  0.2270E-02
  0.5380E+01	  0.2706E-11	  0.2298E-02
  0.5409E+01	  0.2308E-11	  0.2327E-02
  0.5438E+01	  0.1969E-11	  0.2356E-02
  0.5468E+01	  0.1679E-11	  0.2385E-02
  0.5497E+01	  0.1432E-11	  0.2414E-02
  0.5526E+01	  0.1222E-11	  0.2443E-02
  0.5555E+01	  0.1042E-11	  0.2472E-02
  0.5584E+01	  0.8886E-12	  0.2502E-02
  0.5613E+01	  0.7578E-12	  0.2531E-02
  0.5642E+01	  0.6464E-12	  0.2561E-02
  0.5672E+01	  0.5513E-12	  0.2591E-02
  0.5701E+01	  0.4702E-12	  0.2622E-02
  0.5730E+01	  0.4010E-12	  0.2652E-02
  0.5759E+01	  0.3420E-12	  0.2683E-02
  0.5788E+01	  0.2917E-12	  0.2713E-02
  0.5817E+01	  0.2487E-12	  0.2744E-02
  0.5847E+01	  0.2121E-12	  0.2775E-02
  0.5876E+01	  0.1809E-12	  0.2807E-02
  0.5905E+01	  0.1543E-12	  0.2838E-02
  0.5934E+01	  0.1316E-12	  0.2870E-02
  0.5963E+01	  0.1122E-12	  0.2901E-02
  0.5992E+01	  0.9569E-13	  0.2933E-02
  0.6022E+01	  0.8161E-13	  0.2965E-02
  0.6051E+01	  0.6959E-13	  0.2996E-02
  0.6080E+01	  0.5935E-13	  0.3028E-02
  0.6109E+01	  0.5061E-13	  0.3060E-02
  0.6138E+01	  0.4316E-13	  0.3092E-02
  0.6167E+01	  0.3680E-13	  0.3124E-02
  0.6197E+01	  0.3138E-13	  0.3156E-02
  0.6226E+01	  0.2676E-13	  0.3188E-02
  0.6255E+01	  0.2282E-13	  0.3221E-02
  0.6284E+01	  0.1946E-13	  0.3253E-02
  0.6313E+01	  0.1659E-13	  0.3286E-02
  0.6342E+01	  0.1415E-13	  0.3319E-02
  0.6371E+01	  0.1207E-13	  0.3352E-02
  0.6401E+01	  0.1029E-13	  0.3386E-02
  0.6430E+01	  0.8773E-14	  0.3419E-02
  0.6459E+01	  0.7480E-14	  0.3453E-02
  0.6488E+01	  0.6378E-14	  0.3487E-02
  0.6517E+01	  0.5438E-14	  0.3521E-02
  0.6546E+01	  0.4637E-14	  0.3555E-02
  0.6576E+01	  0.3954E-14	  0.3589E-02
  0.6605E+01	  0.3371E-14	  0.3624E-02
  0.6634E+01	  0.2874E-14	  0.3658E-02
  0.6663E+01	  0.2451E-14	  0.3693E-02
  0.6692E+01	  0.2089E-14	  0.3728E-02
  0.6721E+01	  0.1781E-14	  0.3763E-02
  0.6751E+01	  0.1519E-14	  0.3798E-02
  0.6780E+01	  0.1295E-14	  0.3834E-02
  0.6809E+01	  0.1104E-14	  0.3869E-02
  0.6838E+01	  0.9413E-15	  0.3905E-02
  0.6867E+01	  0.8025E-15	  0.3941E-02
  0.6896E+01	  0.6841E-15	  0.3977E-02
  0.6926E+01	  0.5833E-15	  0.4013E-02
  0.6955E+01	  0.4972E-15	  0.4049E-02
  0.6984E+01	  0.4239E-15	  0.4084E-02
  0.7013E+01	  0.3614E-15	  0.4119E-02
  0.7042E+01	  0.3081E-15	  0.4154E-02
  0.7071E+01	  0.2626E-15	  0.4189E-02
  0.7100E+01	  0.2239E-15	  0.4223E-02
  0.7130E+01	  0.1909E-15	  0.4257E-02
  0.7159E+01	  0.1627E-15	  0.4292E-02
  0.7188E+01	  0.1387E-15	  0.4326E-02
  0.7217E+01	  0.1182E-15	  0.4361E-02
  0.7246E+01	  0.1008E-15	  0.4395E-02
  0.7275E+01	  0.8590E-16	  0.4430E-02
  0.7305E+01	  0.7323E-16	  0.4465E-02
  0.7334E+01	  0.6242E-16	  0.4500E-02
  0.7363E+01	  0.5320E-16	  0.4535E-02
  0.7392E+01	  0.4535E-16	  0.4571E-02
  0.7421E+01	  0.3865E-16	  0.4606E-02
  0.7450E+01	  0.3295E-16	  0.4642E-02
  0.7480E+01	  0.2808E-16	  0.4677E-02
  0.7509E+01	  0.2394E-16	  0.4713E-02
  0.7538E+01	  0.2040E-16	  0.4749E-02
  0.7567E+01	  0.1739E-16	  0.4786E-02
  0.7596E+01	  0.1482E-16	  0.4822E-02
  0.7625E+01	  0.1263E-16	  0.4858E-02
  0.7655E+01	  0.1077E-16	  0.4895E-02
  0.7684E+01	  0.9175E-17	  0.4931E-02
  0.7713E+01	  0.7820E-17	  0.4968E-02
  0.7742E+01	  0.6665E-17	  0.5005E-02
  0.7771E+01	  0.5680E-17	  0.5042E-02
  0.7800E+01	  0.4841E-17	  0.5080E-02
  0.7829E+01	  0.4125E-17	  0.5117E-02
  0.7859E+01	  0.3516E-17	  0.5154E-02
  0.7888E+01	  0.2996E-17	  0.5192E-02
  0.7917E+01	  0.2553E-17	  0.5230E-02
  0.7946E+01	  0.2176E-17	  0.5268E-02
  0.7975E+01	  0.1854E-17	  0.5306E-02
  0.8004E+01	  0.1580E-17	  0.5344E-02
  0.8034E+01	  0.1346E-17	  0.5382E-02
  0.8063E+01	  0.1147E-17	  0.5421E-02
  0.8092E+01	  0.9776E-18	  0.5459E-02
  0.8121E+01	  0.8330E-18	  0.5498E-02
  0.8150E+01	  0.7098E-18	  0.5537E-02
  0.8179E+01	  0.6048E-18	  0.5576E-02
  0.8209E+01	  0.5154E-18	  0.5615E-02
  0.8238E+01	  0.4391E-18	  0.5654E-02
  0.8267E+01	  0.3741E-18	  0.5693E-02
  0.8296E+01	  0.3188E-18	  0.5733E-02
  0.8325E+01	  0.2716E-18	  0.5772E-02
  0.8354E+01	  0.2314E-18	  0.5812E-02
  0.8384E+01	  0.1972E-18	  0.5852E-02
  0.8413E+01	  0.1680E-18	  0.5892E-02
  0.8442E+01	  0.1431E-18	  0.5932E-02
  0.8471E+01	  0.1219E-18	  0.5972E-02
  0.8500E+01	  0.1039E-18	  0.6013E-02
  0.8529E+01	  0.8850E-19	  0.6053E-02
  0.8558E+01	  0.7539E-19	  0.6094E-02
  0.8588E+01	  0.6423E-19	  0.6135E-02
  0.8617E+01	  0.5471E-19	  0.6176E-02
  0.8646E+01	  0.4661E-19	  0.6217E-02
  0.8675E+01	  0.3971E-19	  0.6258E-02
  0.8704E+01	  0.3382E-19	  0.6299E-02
  0.8733E+01	  0.2881E-19	  0.6341E-02
  0.8763E+01	  0.2454E-19	  0.6382E-02
  0.8792E+01	  0.2091E-19	  0.6424E-02
  0.8821E+01	  0.1781E-19	  0.6466E-02
  0.8850E+01	  0.1517E-19	  0.6508E-02
  0.8879E+01	  0.1292E-19	  0.6550E-02
  0.8908E+01	  0.1100E-19	  0.6592E-02
  0.8938E+01	  0.9373E-20	  0.6635E-02
  0.8967E+01	  0.7983E-20	  0.6676E-02
  0.8996E+01	  0.6799E-20	  0.6718E-02
  0.9025E+01	  0.5791E-20	  0.6760E-02
  0.9054E+01	  0.4932E-20	  0.6801E-02
  0.9083E+01	  0.4201E-20	  0.6843E-02
  0.9113E+01	  0.3577E-20	  0.6885E-02
  0.9142E+01	  0.3047E-20	  0.6927E-02
  0.9171E+01	  0.2595E-20	  0.6970E-02
  0.9200E+01	  0.2210E-20	  0.7012E-02
  0.9229E+01	  0.1882E-20	  0.7055E-02
  0.9258E+01	  0.1602E-20	  0.7097E-02
  0.9287E+01	  0.1365E-20	  0.7140E-02
  0.9317E+01	  0.1162E-20	  0.7183E-02
  0.9346E+01	  0.9895E-21	  0.7225E-02
  0.9375E+01	  0.8426E-21	  0.7268E-02
  0.9404E+01	  0.7175E-21	  0.7311E-02
  0.9433E+01	  0.6109E-21	  0.7355E-02
  0.9462E+01	  0.5202E-21	  0.7398E-02
  0.9492E+01	  0.4429E-21	  0.7441E-02
  0.9521E+01	  0.3771E-21	  0.7485E-02
  0.9550E+01	  0.3211E-21	  0.7528E-02
  0.9579E+01	  0.2734E-21	  0.7572E-02
  0.9608E+01	  0.2328E-21	  0.7616E-02
  0.9637E+01	  0.1982E-21	  0.7660E-02
  0.9667E+01	  0.1687E-21	  0.7704E-02
  0.9696E+01	  0.1436E-21	  0.7747E-02
  0.9725E+01	  0.1223E-21	  0.7791E-02
  0.9754E+01	  0.1041E-21	  0.7834E-02
  0.9783E+01	  0.8862E-22	  0.7878E-02
  0.9812E+01	  0.7544E-22	  0.7921E-02
  0.9842E+01	  0.6422E-22	  0.7965E-02
  0.9871E+01	  0.5467E-22	  0.8009E-02
  0.9900E+01	  0.4654E-22	  0.8053E-02
  0.9929E+01	  0.3961E-22	  0.8098E-02
  0.9958E+01	  0.3372E-22	  0.8142E-02
  0.9987E+01	  0.2870E-22	  0.8187E-02
  0.1002E+02	  0.2443E-22	  0.8231E-02
  0.1005E+02	  0.2079E-22	  0.8269E-02
  0.1007E+02	  0.1770E-22	  0.8302E-02
  0.1010E+02	  0.1506E-22	  0.8335E-02
  0.1013E+02	  0.1282E-22	  0.8367E-02
  0.1016E+02	  0.1091E-22	  0.8400E-02
  0.1019E+02	  0.9287E-23	  0.8433E-02
  0.1022E+02	  0.7904E-23	  0.8466E-02
  0.1025E+02	  0.6727E-23	  0.8499E-02
  0.1028E+02	  0.5725E-23	  0.8533E-02
  0.1031E+02	  0.4872E-23	  0.8566E-02
  0.1034E+02	  0.4146E-23	  0.8600E-02
  0.1037E+02	  0.3528E-23	  0.8633E-02
  0.1040E+02	  0.3002E-23	  0.8667E-02
  0.1042E+02	  0.2555E-23	  0.8701E-02
  0.1045E+02	  0.2174E-23	  0.8735E-02
  0.1048E+02	  0.1850E-23	  0.8769E-02
  0.1051E+02	  0.1574E-23	  0.8804E-02
  0.1054E+02	  0.1339E-23	  0.8839E-02
  0.1057E+02	  0.1139E-23	  0.8874E-02
  0.1060E+02	  0.9693E-24	  0.8909E-02
  0.1063E+02	  0.8246E-24	  0.8940E-02
  0.1066E+02	  0.7015E-24	  0.8964E-02
  0.1069E+02	  0.5967E-24	  0.8988E-02
  0.1072E+02	  0.5075E-24	  0.9014E-02
  0.1075E+02	  0.4317E-24	  0.9039E-02
  0.1077E+02	  0.3671E-24	  0.9066E-02
  0.1080E+02	  0.3121E-24	  0.9094E-02
  0.1083E+02	  0.2654E-24	  0.9122E-02
  0.1086E+02	  0.2256E-24	  0.9152E-02
  0.1089E+02	  0.1918E-24	  0.9183E-02
  0.1092E+02	  0.1629E-24	  0.9217E-02
  0.1095E+02	  0.1384E-24	  0.9252E-02
  0.1098E+02	  0.1176E-24	  0.9289E-02
  0.1101E+02	  0.9984E-25	  0.9330E-02
  0.1104E+02	  0.8474E-25	  0.9374E-02
  0.1107E+02	  0.7189E-25	  0.9422E-02
  0.1110E+02	  0.6096E-25	  0.9475E-02
  0.1112E+02	  0.5167E-25	  0.9533E-02
  0.1115E+02	  0.4375E-25	  0.9599E-02
  0.1118E+02	  0.3702E-25	  0.9672E-02
  0.1121E+02	  0.3130E-25	  0.9756E-02
  0.1124E+02	  0.2643E-25	  0.9851E-02
  0.1127E+02	  0.2228E-25	  0.9960E-02
  0.1130E+02	  0.1876E-25	  0.1009E-01
  0.1133E+02	  0.1576E-25	  0.1023E-01
  0.1136E+02	  0.1321E-25	  0.1041E-01
  0.1139E+02	  0.1104E-25	  0.1061E-01
  0.1142E+02	  0.9194E-26	  0.1086E-01
  0.1145E+02	  0.7625E-26	  0.1116E-01
  0.1147E+02	  0.6292E-26	  0.1152E-01
  0.1150E+02	  0.5158E-26	  0.1197E-01
  0.1153E+02	  0.4194E-26	  0.1254E-01
  0.1156E+02	  0.3375E-26	  0.1323E-01
  0.1159E+02	  0.2685E-26	  0.1396E-01
  0.1162E+02	  0.2111E-26	  0.1467E-01
  0.1165E+02	  0.1643E-26	  0.1518E-01
  0.1168E+02	  0.1274E-26	  0.1538E-01
  0.1171E+02	  0.9868E-27	  0.1552E-01
  0.1174E+02	  0.7619E-27	  0.1584E-01
  0.1177E+02	  0.5843E-27	  0.1631E-01
  0.1180E+02	  0.4449E-27	  0.1681E-01
  0.1182E+02	  0.3360E-27	  0.1731E-01
  0.1185E+02	  0.2523E-27	  0.1739E-01
  0.1188E+02	  0.1910E-27	  0.1698E-01
  0.1191E+02	  0.1453E-27	  0.1680E-01
  0.1194E+02	  0.1107E-27	  0.1682E-01
  0.1197E+02	  0.8419E-28	  0.1694E-01
  0.1200E+02	  0.6391E-28	  0.1712E-01
  0.1203E+02	  0.4839E-28	  0.1733E-01
  0.1206E+02	  0.3653E-28	  0.1757E-01
  0.1209E+02	  0.2748E-28	  0.1783E-01
  0.1212E+02	  0.2060E-28	  0.1812E-01
  0.1215E+02	  0.1537E-28	  0.1844E-01

R9  
------------------------------------------------------------
Electric field / N (Td)                    11.00    
Angular frequency / N (m3/s)              0.1938E-11
Cosine of E-B field angle                  0.000    
Gas temperature (K)                        800.0    
Excitation temperature (K)                 300.0    
Transition energy (eV)                     0.000    
Ionization degree                          0.000    
Plasma density (1/m3)                     0.1000E+19
Ion charge parameter                       1.000    
Ion/neutral mass ratio                     1.000    
Coulomb collision model                    1.000    
Energy sharing                             0.000    
Growth model                               1.000    
Maxwellian mean energy (eV)                0.000    
# of grid points                           500.0    
Grid type                                  1.000    
Maximum energy                             30.00    
Precision                                 0.1000E-29
Convergence                               0.1000E-03
Maximum # of iterations                   0.2000E+05
Mole fraction Ar                           1.000    
------------------------------------------------------------
Mean energy (eV)                          0.3117    
Mobility *N (1/m/V/s)                     0.1893E+27
Re/perp mobility *N (1/m/V/s)             0.1402E+21
Im/Hall mobility *N (1/m/V/s)            -0.9091E+23
Diffusion coefficient *N (1/m/s)          0.3940E+26
Energy mobility *N (1/m/V/s)              0.1856E+27
Energy diffusion coef. *N (1/m/s)         0.3850E+26
Total collision freq. /N (m3/s)           0.1689E-14
Momentum frequency /N (m3/s)              0.2995E-14
Total ionization freq. /N (m3/s)           0.000    
Power /N (eV m3/s)                        0.1697E-19
Elastic power loss /N (eV m3/s)           0.1695E-19
Inelastic power loss /N (eV m3/s)         0.7244E-38
Growth power /N (eV m3/s)                  0.000    
Maximum energy                             15.44    
# of iterations                            9.000    
# of grid trials                           2.000    
------------------------------------------------------------
Rate coefficients (m3/s)
C1    Ar    Elastic                       0.1689E-14
C2    Ar    Excitation    11.55 eV        0.3133E-39
C3    Ar    Excitation    11.62 eV        0.2369E-39
C4    Ar    Excitation    11.72 eV        0.2349E-40
C5    Ar    Excitation    11.83 eV        0.5042E-40
C6    Ar    Excitation    12.91 eV        0.1391E-44
C7    Ar    Excitation    13.08 eV        0.1528E-44
C8    Ar    Excitation    13.10 eV        0.1047E-44
C9    Ar    Excitation    13.15 eV        0.6542E-45
C10   Ar    Excitation    13.17 eV        0.9898E-45
C11   Ar    Excitation    13.27 eV        0.3160E-45
C12   Ar    Excitation    13.28 eV        0.6202E-45
C13   Ar    Excitation    13.30 eV        0.4566E-45
C14   Ar    Excitation    13.33 eV        0.5369E-45
C15   Ar    Excitation    13.48 eV        0.1028E-44
C16   Ar    Excitation    13.85 eV        0.6137E-45
C17   Ar    Excitation    13.86 eV        0.2834E-44
C18   Ar    Excitation    13.90 eV        0.1532E-44
C19   Ar    Excitation    13.98 eV        0.1927E-44
C20   Ar    Excitation    14.01 eV        0.5606E-45
C21   Ar    Excitation    14.06 eV        0.5301E-45
C22   Ar    Excitation    14.07 eV        0.5288E-45
C23   Ar    Excitation    14.09 eV        0.2644E-46
C24   Ar    Excitation    14.10 eV        0.7243E-46
C25   Ar    Excitation    14.15 eV        0.6543E-46
C26   Ar    Excitation    14.21 eV        0.6715E-45
C27   Ar    Excitation    14.23 eV        0.4503E-45
C28   Ar    Excitation    14.24 eV        0.1016E-45
C29   Ar    Excitation    14.24 eV        0.9687E-46
C30   Ar    Excitation    14.26 eV        0.7497E-47
C31   Ar    Excitation    14.30 eV        0.5491E-46
C32   Ar    Excitation    14.71 eV        0.2858E-48
C33   Ar    Excitation    14.85 eV        0.1144E-47
C34   Ar    Excitation    14.86 eV        0.3630E-47
C35   Ar    Excitation    15.00 eV        0.6545E-48
C36   Ar    Excitation    15.02 eV        0.6064E-48
C37   Ar    Excitation    15.12 eV        0.5144E-49
C38   Ar    Excitation    15.19 eV        0.2627E-48
C39   Ar    Excitation    15.19 eV        0.2506E-48
C40   Ar    Excitation    15.31 eV        0.6686E-51
C41   Ar    Excitation    15.35 eV        0.1443E-51
C42   Ar    Excitation    15.36 eV        0.1543E-51
C43   Ar    Excitation    15.37 eV        0.2172E-50
C44   Ar    Excitation    15.37 eV        0.3524E-50
C45   Ar    Excitation    15.66 eV         0.000    
C46   Ar    Ionization    15.76 eV         0.000    
------------------------------------------------------------
Energy (eV) EEDF (eV-3/2) Anisotropy
  0.1544E-01	  0.1107E+02	  0.3909E-05
  0.4633E-01	  0.9539E+01	  0.3800E-05
  0.7722E-01	  0.8222E+01	  0.3584E-05
  0.1081E+00	  0.7086E+01	  0.2864E-05
  0.1390E+00	  0.6107E+01	  0.2129E-05
  0.1699E+00	  0.5264E+01	  0.1544E-05
  0.2008E+00	  0.4537E+01	  0.1213E-05
  0.2317E+00	  0.3910E+01	  0.1171E-05
  0.2625E+00	  0.3370E+01	  0.1417E-05
  0.2934E+00	  0.2905E+01	  0.1955E-05
  0.3243E+00	  0.2504E+01	  0.2765E-05
  0.3552E+00	  0.2158E+01	  0.3832E-05
  0.3861E+00	  0.1860E+01	  0.5145E-05
  0.4170E+00	  0.1603E+01	  0.6680E-05
  0.4479E+00	  0.1382E+01	  0.8424E-05
  0.4788E+00	  0.1191E+01	  0.1037E-04
  0.5097E+00	  0.1026E+01	  0.1249E-04
  0.5405E+00	  0.8845E+00	  0.1479E-04
  0.5714E+00	  0.7624E+00	  0.1726E-04
  0.6023E+00	  0.6571E+00	  0.1990E-04
  0.6332E+00	  0.5663E+00	  0.2269E-04
  0.6641E+00	  0.4881E+00	  0.2565E-04
  0.6950E+00	  0.4207E+00	  0.2876E-04
  0.7259E+00	  0.3626E+00	  0.3203E-04
  0.7568E+00	  0.3125E+00	  0.3547E-04
  0.7876E+00	  0.2694E+00	  0.3907E-04
  0.8185E+00	  0.2322E+00	  0.4286E-04
  0.8494E+00	  0.2001E+00	  0.4682E-04
  0.8803E+00	  0.1725E+00	  0.5098E-04
  0.9112E+00	  0.1486E+00	  0.5533E-04
  0.9421E+00	  0.1281E+00	  0.5990E-04
  0.9730E+00	  0.1104E+00	  0.6469E-04
  0.1004E+01	  0.9517E-01	  0.6941E-04
  0.1035E+01	  0.8202E-01	  0.7386E-04
  0.1066E+01	  0.7069E-01	  0.7829E-04
  0.1097E+01	  0.6093E-01	  0.8283E-04
  0.1127E+01	  0.5252E-01	  0.8749E-04
  0.1158E+01	  0.4526E-01	  0.9228E-04
  0.1189E+01	  0.3901E-01	  0.9718E-04
  0.1220E+01	  0.3362E-01	  0.1022E-03
  0.1251E+01	  0.2898E-01	  0.1073E-03
  0.1282E+01	  0.2498E-01	  0.1125E-03
  0.1313E+01	  0.2153E-01	  0.1178E-03
  0.1344E+01	  0.1855E-01	  0.1233E-03
  0.1375E+01	  0.1599E-01	  0.1288E-03
  0.1405E+01	  0.1378E-01	  0.1346E-03
  0.1436E+01	  0.1188E-01	  0.1404E-03
  0.1467E+01	  0.1024E-01	  0.1463E-03
  0.1498E+01	  0.8824E-02	  0.1525E-03
  0.1529E+01	  0.7606E-02	  0.1588E-03
  0.1560E+01	  0.6555E-02	  0.1654E-03
  0.1591E+01	  0.5650E-02	  0.1721E-03
  0.1622E+01	  0.4869E-02	  0.1789E-03
  0.1653E+01	  0.4197E-02	  0.1859E-03
  0.1683E+01	  0.3617E-02	  0.1929E-03
  0.1714E+01	  0.3118E-02	  0.1999E-03
  0.1745E+01	  0.2687E-02	  0.2069E-03
  0.1776E+01	  0.2316E-02	  0.2139E-03
  0.1807E+01	  0.1996E-02	  0.2211E-03
  0.1838E+01	  0.1720E-02	  0.2283E-03
  0.1869E+01	  0.1483E-02	  0.2357E-03
  0.1900E+01	  0.1278E-02	  0.2432E-03
  0.1931E+01	  0.1101E-02	  0.2508E-03
  0.1961E+01	  0.9493E-03	  0.2586E-03
  0.1992E+01	  0.8182E-03	  0.2666E-03
  0.2023E+01	  0.7051E-03	  0.2750E-03
  0.2054E+01	  0.6078E-03	  0.2837E-03
  0.2085E+01	  0.5238E-03	  0.2926E-03
  0.2116E+01	  0.4515E-03	  0.3017E-03
  0.2147E+01	  0.3891E-03	  0.3109E-03
  0.2178E+01	  0.3354E-03	  0.3203E-03
  0.2208E+01	  0.2890E-03	  0.3298E-03
  0.2239E+01	  0.2491E-03	  0.3394E-03
  0.2270E+01	  0.2147E-03	  0.3492E-03
  0.2301E+01	  0.1850E-03	  0.3591E-03
  0.2332E+01	  0.1595E-03	  0.3692E-03
  0.2363E+01	  0.1375E-03	  0.3793E-03
  0.2394E+01	  0.1185E-03	  0.3897E-03
  0.2425E+01	  0.1021E-03	  0.4001E-03
  0.2456E+01	  0.8800E-04	  0.4108E-03
  0.2486E+01	  0.7584E-04	  0.4216E-03
  0.2517E+01	  0.6537E-04	  0.4326E-03
  0.2548E+01	  0.5634E-04	  0.4439E-03
  0.2579E+01	  0.4856E-04	  0.4554E-03
  0.2610E+01	  0.4185E-04	  0.4670E-03
  0.2641E+01	  0.3607E-04	  0.4788E-03
  0.2672E+01	  0.3108E-04	  0.4907E-03
  0.2703E+01	  0.2679E-04	  0.5027E-03
  0.2734E+01	  0.2309E-04	  0.5149E-03
  0.2764E+01	  0.1990E-04	  0.5273E-03
  0.2795E+01	  0.1715E-04	  0.5398E-03
  0.2826E+01	  0.1478E-04	  0.5525E-03
  0.2857E+01	  0.1274E-04	  0.5653E-03
  0.2888E+01	  0.1098E-04	  0.5782E-03
  0.2919E+01	  0.9463E-05	  0.5913E-03
  0.2950E+01	  0.8156E-05	  0.6045E-03
  0.2981E+01	  0.7029E-05	  0.6179E-03
  0.3012E+01	  0.6058E-05	  0.6313E-03
  0.3042E+01	  0.5221E-05	  0.6448E-03
  0.3073E+01	  0.4500E-05	  0.6585E-03
  0.3104E+01	  0.3878E-05	  0.6723E-03
  0.3135E+01	  0.3342E-05	  0.6862E-03
  0.3166E+01	  0.2880E-05	  0.7002E-03
  0.3197E+01	  0.2482E-05	  0.7144E-03
  0.3228E+01	  0.2139E-05	  0.7287E-03
  0.3259E+01	  0.1844E-05	  0.7432E-03
  0.3290E+01	  0.1589E-05	  0.7579E-03
  0.3320E+01	  0.1370E-05	  0.7726E-03
  0.3351E+01	  0.1180E-05	  0.7875E-03
  0.3382E+01	  0.1017E-05	  0.8026E-03
  0.3413E+01	  0.8767E-06	  0.8178E-03
  0.3444E+01	  0.7555E-06	  0.8331E-03
  0.3475E+01	  0.6511E-06	  0.8486E-03
  0.3506E+01	  0.5612E-06	  0.8642E-03
  0.3537E+01	  0.4836E-06	  0.8799E-03
  0.3568E+01	  0.4168E-06	  0.8958E-03
  0.3598E+01	  0.3592E-06	  0.9119E-03
  0.3629E+01	  0.3096E-06	  0.9281E-03
  0.3660E+01	  0.2668E-06	  0.9444E-03
  0.3691E+01	  0.2299E-06	  0.9609E-03
  0.3722E+01	  0.1981E-06	  0.9775E-03
  0.3753E+01	  0.1708E-06	  0.9942E-03
  0.3784E+01	  0.1472E-06	  0.1011E-02
  0.3815E+01	  0.1268E-06	  0.1028E-02
  0.3846E+01	  0.1093E-06	  0.1045E-02
  0.3876E+01	  0.9419E-07	  0.1063E-02
  0.3907E+01	  0.8117E-07	  0.1080E-02
  0.3938E+01	  0.6995E-07	  0.1098E-02
  0.3969E+01	  0.6029E-07	  0.1116E-02
  0.4000E+01	  0.5195E-07	  0.1134E-02
  0.4031E+01	  0.4477E-07	  0.1154E-02
  0.4062E+01	  0.3858E-07	  0.1175E-02
  0.4093E+01	  0.3325E-07	  0.1195E-02
  0.4124E+01	  0.2865E-07	  0.1216E-02
  0.4154E+01	  0.2469E-07	  0.1238E-02
  0.4185E+01	  0.2128E-07	  0.1259E-02
  0.4216E+01	  0.1834E-07	  0.1281E-02
  0.4247E+01	  0.1580E-07	  0.1302E-02
  0.4278E+01	  0.1362E-07	  0.1324E-02
  0.4309E+01	  0.1174E-07	  0.1346E-02
  0.4340E+01	  0.1011E-07	  0.1369E-02
  0.4371E+01	  0.8715E-08	  0.1391E-02
  0.4402E+01	  0.7510E-08	  0.1414E-02
  0.4432E+01	  0.6472E-08	  0.1437E-02
  0.4463E+01	  0.5577E-08	  0.1460E-02
  0.4494E+01	  0.4806E-08	  0.1483E-02
  0.4525E+01	  0.4141E-08	  0.1506E-02
  0.4556E+01	  0.3569E-08	  0.1530E-02
  0.4587E+01	  0.3075E-08	  0.1554E-02
  0.4618E+01	  0.2650E-08	  0.1577E-02
  0.4649E+01	  0.2284E-08	  0.1602E-02
  0.4680E+01	  0.1968E-08	  0.1626E-02
  0.4710E+01	  0.1696E-08	  0.1650E-02
  0.4741E+01	  0.1461E-08	  0.1675E-02
  0.4772E+01	  0.1259E-08	  0.1700E-02
  0.4803E+01	  0.1085E-08	  0.1725E-02
  0.4834E+01	  0.9349E-09	  0.1750E-02
  0.4865E+01	  0.8055E-09	  0.1775E-02
  0.4896E+01	  0.6941E-09	  0.1801E-02
  0.4927E+01	  0.5981E-09	  0.1826E-02
  0.4958E+01	  0.5154E-09	  0.1852E-02
  0.4988E+01	  0.4441E-09	  0.1879E-02
  0.5019E+01	  0.3826E-09	  0.1905E-02
  0.5050E+01	  0.3297E-09	  0.1932E-02
  0.5081E+01	  0.2841E-09	  0.1960E-02
  0.5112E+01	  0.2448E-09	  0.1987E-02
  0.5143E+01	  0.2109E-09	  0.2015E-02
  0.5174E+01	  0.1817E-09	  0.2043E-02
  0.5205E+01	  0.1566E-09	  0.2071E-02
  0.5236E+01	  0.1349E-09	  0.2099E-02
  0.5266E+01	  0.1162E-09	  0.2128E-02
  0.5297E+01	  0.1002E-09	  0.2157E-02
  0.5328E+01	  0.8629E-10	  0.2185E-02
  0.5359E+01	  0.7435E-10	  0.2214E-02
  0.5390E+01	  0.6406E-10	  0.2244E-02
  0.5421E+01	  0.5519E-10	  0.2273E-02
  0.5452E+01	  0.4755E-10	  0.2303E-02
  0.5483E+01	  0.4097E-10	  0.2333E-02
  0.5514E+01	  0.3530E-10	  0.2363E-02
  0.5544E+01	  0.3041E-10	  0.2393E-02
  0.5575E+01	  0.2620E-10	  0.2423E-02
  0.5606E+01	  0.2257E-10	  0.2454E-02
  0.5637E+01	  0.1945E-10	  0.2485E-02
  0.5668E+01	  0.1675E-10	  0.2515E-02
  0.5699E+01	  0.1443E-10	  0.2547E-02
  0.5730E+01	  0.1244E-10	  0.2578E-02
  0.5761E+01	  0.1071E-10	  0.2609E-02
  0.5792E+01	  0.9230E-11	  0.2641E-02
  0.5822E+01	  0.7951E-11	  0.2673E-02
  0.5853E+01	  0.6850E-11	  0.2705E-02
  0.5884E+01	  0.5901E-11	  0.2737E-02
  0.5915E+01	  0.5084E-11	  0.2770E-02
  0.5946E+01	  0.4379E-11	  0.2802E-02
  0.5977E+01	  0.3773E-11	  0.2835E-02
  0.6008E+01	  0.3250E-11	  0.2867E-02
  0.6039E+01	  0.2800E-11	  0.2900E-02
  0.6069E+01	  0.2412E-11	  0.2933E-02
  0.6100E+01	  0.2077E-11	  0.2965E-02
  0.6131E+01	  0.1790E-11	  0.2998E-02
  0.6162E+01	  0.1542E-11	  0.3031E-02
  0.6193E+01	  0.1328E-11	  0.3064E-02
  0.6224E+01	  0.1144E-11	  0.3098E-02
  0.6255E+01	  0.9853E-12	  0.3131E-02
  0.6286E+01	  0.8487E-12	  0.3165E-02
  0.6317E+01	  0.7310E-12	  0.3199E-02
  0.6347E+01	  0.6297E-12	  0.3233E-02
  0.6378E+01	  0.5424E-12	  0.3267E-02
  0.6409E+01	  0.4672E-12	  0.3301E-02
  0.6440E+01	  0.4024E-12	  0.3336E-02
  0.6471E+01	  0.3466E-12	  0.3370E-02
  0.6502E+01	  0.2985E-12	  0.3405E-02
  0.6533E+01	  0.2571E-12	  0.3440E-02
  0.6564E+01	  0.2215E-12	  0.3476E-02
  0.6595E+01	  0.1907E-12	  0.3511E-02
  0.6625E+01	  0.1643E-12	  0.3547E-02
  0.6656E+01	  0.1415E-12	  0.3583E-02
  0.6687E+01	  0.1219E-12	  0.3619E-02
  0.6718E+01	  0.1049E-12	  0.3655E-02
  0.6749E+01	  0.9039E-13	  0.3691E-02
  0.6780E+01	  0.7784E-13	  0.3728E-02
  0.6811E+01	  0.6704E-13	  0.3764E-02
  0.6842E+01	  0.5773E-13	  0.3801E-02
  0.6873E+01	  0.4972E-13	  0.3838E-02
  0.6903E+01	  0.4282E-13	  0.3875E-02
  0.6934E+01	  0.3687E-13	  0.3912E-02
  0.6965E+01	  0.3176E-13	  0.3949E-02
  0.6996E+01	  0.2735E-13	  0.3985E-02
  0.7027E+01	  0.2355E-13	  0.4021E-02
  0.7058E+01	  0.2028E-13	  0.4057E-02
  0.7089E+01	  0.1746E-13	  0.4093E-02
  0.7120E+01	  0.1504E-13	  0.4128E-02
  0.7151E+01	  0.1295E-13	  0.4164E-02
  0.7181E+01	  0.1115E-13	  0.4199E-02
  0.7212E+01	  0.9601E-14	  0.4234E-02
  0.7243E+01	  0.8267E-14	  0.4270E-02
  0.7274E+01	  0.7119E-14	  0.4306E-02
  0.7305E+01	  0.6130E-14	  0.4342E-02
  0.7336E+01	  0.5278E-14	  0.4378E-02
  0.7367E+01	  0.4545E-14	  0.4414E-02
  0.7398E+01	  0.3913E-14	  0.4451E-02
  0.7429E+01	  0.3369E-14	  0.4488E-02
  0.7459E+01	  0.2901E-14	  0.4524E-02
  0.7490E+01	  0.2498E-14	  0.4561E-02
  0.7521E+01	  0.2150E-14	  0.4598E-02
  0.7552E+01	  0.1851E-14	  0.4635E-02
  0.7583E+01	  0.1594E-14	  0.4673E-02
  0.7614E+01	  0.1372E-14	  0.4710E-02
  0.7645E+01	  0.1181E-14	  0.4748E-02
  0.7676E+01	  0.1017E-14	  0.4786E-02
  0.7707E+01	  0.8757E-15	  0.4823E-02
  0.7737E+01	  0.7539E-15	  0.4862E-02
  0.7768E+01	  0.6490E-15	  0.4900E-02
  0.7799E+01	  0.5587E-15	  0.4938E-02
  0.7830E+01	  0.4810E-15	  0.4977E-02
  0.7861E+01	  0.4141E-15	  0.5015E-02
  0.7892E+01	  0.3564E-15	  0.5054E-02
  0.7923E+01	  0.3068E-15	  0.5093E-02
  0.7954E+01	  0.2641E-15	  0.5132E-02
  0.7985E+01	  0.2274E-15	  0.5171E-02
  0.8015E+01	  0.1957E-15	  0.5211E-02
  0.8046E+01	  0.1685E-15	  0.5250E-02
  0.8077E+01	  0.1450E-15	  0.5290E-02
  0.8108E+01	  0.1248E-15	  0.5330E-02
  0.8139E+01	  0.1074E-15	  0.5370E-02
  0.8170E+01	  0.9247E-16	  0.5410E-02
  0.8201E+01	  0.7959E-16	  0.5450E-02
  0.8232E+01	  0.6851E-16	  0.5491E-02
  0.8263E+01	  0.5896E-16	  0.5531E-02
  0.8293E+01	  0.5075E-16	  0.5572E-02
  0.8324E+01	  0.4368E-16	  0.5613E-02
  0.8355E+01	  0.3759E-16	  0.5654E-02
  0.8386E+01	  0.3235E-16	  0.5695E-02
  0.8417E+01	  0.2784E-16	  0.5736E-02
  0.8448E+01	  0.2396E-16	  0.5777E-02
  0.8479E+01	  0.2062E-16	  0.5819E-02
  0.8510E+01	  0.1775E-16	  0.5861E-02
  0.8541E+01	  0.1527E-16	  0.5903E-02
  0.8571E+01	  0.1314E-16	  0.5945E-02
  0.8602E+01	  0.1131E-16	  0.5987E-02
  0.8633E+01	  0.9732E-17	  0.6029E-02
  0.8664E+01	  0.8375E-17	  0.6071E-02
  0.8695E+01	  0.7206E-17	  0.6114E-02
  0.8726E+01	  0.6201E-17	  0.6157E-02
  0.8757E+01	  0.5336E-17	  0.6200E-02
  0.8788E+01	  0.4591E-17	  0.6243E-02
  0.8819E+01	  0.3950E-17	  0.6286E-02
  0.8849E+01	  0.3399E-17	  0.6329E-02
  0.8880E+01	  0.2925E-17	  0.6372E-02
  0.8911E+01	  0.2516E-17	  0.6416E-02
  0.8942E+01	  0.2165E-17	  0.6460E-02
  0.8973E+01	  0.1863E-17	  0.6503E-02
  0.9004E+01	  0.1602E-17	  0.6545E-02
  0.9035E+01	  0.1379E-17	  0.6588E-02
  0.9066E+01	  0.1186E-17	  0.6632E-02
  0.9097E+01	  0.1020E-17	  0.6675E-02
  0.9127E+01	  0.8778E-18	  0.6718E-02
  0.9158E+01	  0.7552E-18	  0.6762E-02
  0.9189E+01	  0.6496E-18	  0.6806E-02
  0.9220E+01	  0.5588E-18	  0.6849E-02
  0.9251E+01	  0.4807E-18	  0.6893E-02
  0.9282E+01	  0.4135E-18	  0.6937E-02
  0.9313E+01	  0.3557E-18	  0.6982E-02
  0.9344E+01	  0.3060E-18	  0.7026E-02
  0.9375E+01	  0.2632E-18	  0.7070E-02
  0.9405E+01	  0.2264E-18	  0.7114E-02
  0.9436E+01	  0.1947E-18	  0.7159E-02
  0.9467E+01	  0.1675E-18	  0.7204E-02
  0.9498E+01	  0.1440E-18	  0.7248E-02
  0.9529E+01	  0.1239E-18	  0.7293E-02
  0.9560E+01	  0.1066E-18	  0.7338E-02
  0.9591E+01	  0.9164E-19	  0.7384E-02
  0.9622E+01	  0.7881E-19	  0.7429E-02
  0.9653E+01	  0.6778E-19	  0.7474E-02
  0.9683E+01	  0.5829E-19	  0.7519E-02
  0.9714E+01	  0.5013E-19	  0.7564E-02
  0.9745E+01	  0.4311E-19	  0.7609E-02
  0.9776E+01	  0.3707E-19	  0.7654E-02
  0.9807E+01	  0.3188E-19	  0.7699E-02
  0.9838E+01	  0.2741E-19	  0.7745E-02
  0.9869E+01	  0.2357E-19	  0.7790E-02
  0.9900E+01	  0.2027E-19	  0.7836E-02
  0.9930E+01	  0.1743E-19	  0.7881E-02
  0.9961E+01	  0.1498E-19	  0.7927E-02
  0.9992E+01	  0.1288E-19	  0.7973E-02
  0.1002E+02	  0.1108E-19	  0.8018E-02
  0.1005E+02	  0.9523E-20	  0.8056E-02
  0.1008E+02	  0.8187E-20	  0.8090E-02
  0.1012E+02	  0.7039E-20	  0.8124E-02
  0.1015E+02	  0.6051E-20	  0.8158E-02
  0.1018E+02	  0.5202E-20	  0.8192E-02
  0.1021E+02	  0.4472E-20	  0.8227E-02
  0.1024E+02	  0.3845E-20	  0.8261E-02
  0.1027E+02	  0.3305E-20	  0.8296E-02
  0.1030E+02	  0.2841E-20	  0.8331E-02
  0.1033E+02	  0.2442E-20	  0.8366E-02
  0.1036E+02	  0.2099E-20	  0.8401E-02
  0.1039E+02	  0.1804E-20	  0.8437E-02
  0.1042E+02	  0.1551E-20	  0.8473E-02
  0.1046E+02	  0.1333E-20	  0.8509E-02
  0.1049E+02	  0.1145E-20	  0.8545E-02
  0.1052E+02	  0.9842E-21	  0.8582E-02
  0.1055E+02	  0.8458E-21	  0.8620E-02
  0.1058E+02	  0.7267E-21	  0.8658E-02
  0.1061E+02	  0.6244E-21	  0.8694E-02
  0.1064E+02	  0.5364E-21	  0.8725E-02
  0.1067E+02	  0.4608E-21	  0.8752E-02
  0.1070E+02	  0.3958E-21	  0.8780E-02
  0.1073E+02	  0.3399E-21	  0.8810E-02
  0.1076E+02	  0.2919E-21	  0.8840E-02
  0.1080E+02	  0.2506E-21	  0.8872E-02
  0.1083E+02	  0.2151E-21	  0.8905E-02
  0.1086E+02	  0.1846E-21	  0.8940E-02
  0.1089E+02	  0.1584E-21	  0.8978E-02
  0.1092E+02	  0.1359E-21	  0.9017E-02
  0.1095E+02	  0.1165E-21	  0.9060E-02
  0.1098E+02	  0.9989E-22	  0.9107E-02
  0.1101E+02	  0.8558E-22	  0.9157E-02
  0.1104E+02	  0.7329E-22	  0.9212E-02
  0.1107E+02	  0.6272E-22	  0.9273E-02
  0.1110E+02	  0.5364E-22	  0.9340E-02
  0.1114E+02	  0.4584E-22	  0.9415E-02
  0.1117E+02	  0.3913E-22	  0.9500E-02
  0.1120E+02	  0.3337E-22	  0.9595E-02
  0.1123E+02	  0.2842E-22	  0.9704E-02
  0.1126E+02	  0.2416E-22	  0.9829E-02
  0.1129E+02	  0.2051E-22	  0.9974E-02
  0.1132E+02	  0.1737E-22	  0.1014E-01
  0.1135E+02	  0.1467E-22	  0.1034E-01
  0.1138E+02	  0.1235E-22	  0.1057E-01
  0.1141E+02	  0.1036E-22	  0.1085E-01
  0.1144E+02	  0.8650E-23	  0.1118E-01
  0.1147E+02	  0.7182E-23	  0.1159E-01
  0.1151E+02	  0.5921E-23	  0.1210E-01
  0.1154E+02	  0.4839E-23	  0.1274E-01
  0.1157E+02	  0.3910E-23	  0.1349E-01
  0.1160E+02	  0.3122E-23	  0.1427E-01
  0.1163E+02	  0.2464E-23	  0.1498E-01
  0.1166E+02	  0.1927E-23	  0.1542E-01
  0.1169E+02	  0.1504E-23	  0.1558E-01
  0.1172E+02	  0.1172E-23	  0.1582E-01
  0.1175E+02	  0.9079E-24	  0.1626E-01
  0.1178E+02	  0.6982E-24	  0.1679E-01
  0.1181E+02	  0.5329E-24	  0.1734E-01
  0.1185E+02	  0.4033E-24	  0.1758E-01
  0.1188E+02	  0.3071E-24	  0.1723E-01
  0.1191E+02	  0.2353E-24	  0.1699E-01
  0.1194E+02	  0.1804E-24	  0.1700E-01
  0.1197E+02	  0.1382E-24	  0.1713E-01
  0.1200E+02	  0.1057E-24	  0.1733E-01
  0.1203E+02	  0.8055E-25	  0.1757E-01
  0.1206E+02	  0.6120E-25	  0.1783E-01
  0.1209E+02	  0.4633E-25	  0.1813E-01
  0.1212E+02	  0.3492E-25	  0.1846E-01
  0.1215E+02	  0.2621E-25	  0.1881E-01
  0.1219E+02	  0.1957E-25	  0.1918E-01
  0.1222E+02	  0.1454E-25	  0.1957E-01
  0.1225E+02	  0.1075E-25	  0.1997E-01
  0.1228E+02	  0.7901E-26	  0.2034E-01
  0.1231E+02	  0.5784E-26	  0.2069E-01
  0.1234E+02	  0.4216E-26	  0.2103E-01
  0.1237E+02	  0.3060E-26	  0.2137E-01
  0.1240E+02	  0.2211E-26	  0.2173E-01
  0.1243E+02	  0.1590E-26	  0.2210E-01
  0.1246E+02	  0.1138E-26	  0.2247E-01
  0.1249E+02	  0.8112E-27	  0.2282E-01
  0.1253E+02	  0.5757E-27	  0.2316E-01
  0.1256E+02	  0.4070E-27	  0.2348E-01
  0.1259E+02	  0.2867E-27	  0.2375E-01
  0.1262E+02	  0.2013E-27	  0.2398E-01
  0.1265E+02	  0.1410E-27	  0.2418E-01
  0.1268E+02	  0.9860E-28	  0.2434E-01
  0.1271E+02	  0.6882E-28	  0.2446E-01
  0.1274E+02	  0.4800E-28	  0.2454E-01
  0.1277E+02	  0.3346E-28	  0.2458E-01
  0.1280E+02	  0.2333E-28	  0.2457E-01
  0.1283E+02	  0.1629E-28	  0.2451E-01
  0.1286E+02	  0.1139E-28	  0.2449E-01

R10 
------------------------------------------------------------
Electric field / N (Td)                    12.00    
Angular frequency / N (m3/s)              0.1938E-11
Cosine of E-B field angle                  0.000    
Gas temperature (K)                        800.0    
Excitation temperature (K)                 300.0    
Transition energy (eV)                     0.000    
Ionization degree                          0.000    
Plasma density (1/m3)                     0.1000E+19
Ion charge parameter                       1.000    
Ion/neutral mass ratio                     1.000    
Coulomb collision model                    1.000    
Energy sharing                             0.000    
Growth model                               1.000    
Maxwellian mean energy (eV)                0.000    
# of grid points                           500.0    
Grid type                                  1.000    
Maximum energy                             30.00    
Precision                                 0.1000E-29
Convergence                               0.1000E-03
Maximum # of iterations                   0.2000E+05
Mole fraction Ar                           1.000    
------------------------------------------------------------
Mean energy (eV)                          0.3513    
Mobility *N (1/m/V/s)                     0.1664E+27
Re/perp mobility *N (1/m/V/s)             0.1728E+21
Im/Hall mobility *N (1/m/V/s)            -0.9089E+23
Diffusion coefficient *N (1/m/s)          0.3903E+26
Energy mobility *N (1/m/V/s)              0.1526E+27
Energy diffusion coef. *N (1/m/s)         0.3566E+26
Total collision freq. /N (m3/s)           0.1960E-14
Momentum frequency /N (m3/s)              0.3691E-14
Total ionization freq. /N (m3/s)          0.1387E-44
Power /N (eV m3/s)                        0.2489E-19
Elastic power loss /N (eV m3/s)           0.2487E-19
Inelastic power loss /N (eV m3/s)         0.3535E-35
Growth power /N (eV m3/s)                 0.4874E-45
Maximum energy                             16.24    
# of iterations                            9.000    
# of grid trials                           2.000    
------------------------------------------------------------
Rate coefficients (m3/s)
C1    Ar    Elastic                       0.1960E-14
C2    Ar    Excitation    11.55 eV        0.1493E-36
C3    Ar    Excitation    11.62 eV        0.1151E-36
C4    Ar    Excitation    11.72 eV        0.1207E-37
C5    Ar    Excitation    11.83 eV        0.2799E-37
C6    Ar    Excitation    12.91 eV        0.3866E-42
C7    Ar    Excitation    13.08 eV        0.7625E-44
C8    Ar    Excitation    13.10 eV        0.4669E-44
C9    Ar    Excitation    13.15 eV        0.2117E-44
C10   Ar    Excitation    13.17 eV        0.3087E-44
C11   Ar    Excitation    13.27 eV        0.7548E-45
C12   Ar    Excitation    13.28 eV        0.1449E-44
C13   Ar    Excitation    13.30 eV        0.1033E-44
C14   Ar    Excitation    13.33 eV        0.1103E-44
C15   Ar    Excitation    13.48 eV        0.2157E-44
C16   Ar    Excitation    13.85 eV        0.1262E-44
C17   Ar    Excitation    13.86 eV        0.5987E-44
C18   Ar    Excitation    13.90 eV        0.3582E-44
C19   Ar    Excitation    13.98 eV        0.4241E-44
C20   Ar    Excitation    14.01 eV        0.1289E-44
C21   Ar    Excitation    14.06 eV        0.1288E-44
C22   Ar    Excitation    14.07 eV        0.1286E-44
C23   Ar    Excitation    14.09 eV        0.9943E-46
C24   Ar    Excitation    14.10 eV        0.1940E-45
C25   Ar    Excitation    14.15 eV        0.2597E-45
C26   Ar    Excitation    14.21 eV        0.1789E-44
C27   Ar    Excitation    14.23 eV        0.1173E-44
C28   Ar    Excitation    14.24 eV        0.2841E-45
C29   Ar    Excitation    14.24 eV        0.2484E-45
C30   Ar    Excitation    14.26 eV        0.3276E-46
C31   Ar    Excitation    14.30 eV        0.2526E-45
C32   Ar    Excitation    14.71 eV        0.2434E-47
C33   Ar    Excitation    14.85 eV        0.1367E-46
C34   Ar    Excitation    14.86 eV        0.4480E-46
C35   Ar    Excitation    15.00 eV        0.1361E-46
C36   Ar    Excitation    15.02 eV        0.1367E-46
C37   Ar    Excitation    15.12 eV        0.1966E-47
C38   Ar    Excitation    15.19 eV        0.1678E-46
C39   Ar    Excitation    15.19 eV        0.1658E-46
C40   Ar    Excitation    15.31 eV        0.2009E-48
C41   Ar    Excitation    15.35 eV        0.1179E-48
C42   Ar    Excitation    15.36 eV        0.1657E-48
C43   Ar    Excitation    15.37 eV        0.2849E-47
C44   Ar    Excitation    15.37 eV        0.6175E-47
C45   Ar    Excitation    15.66 eV        0.8331E-47
C46   Ar    Ionization    15.76 eV        0.1387E-44
------------------------------------------------------------
Energy (eV) EEDF (eV-3/2) Anisotropy
  0.1624E-01	  0.9295E+01	  0.3805E-05
  0.4871E-01	  0.8092E+01	  0.3669E-05
  0.8118E-01	  0.7044E+01	  0.3398E-05
  0.1137E+00	  0.6132E+01	  0.2640E-05
  0.1461E+00	  0.5339E+01	  0.1903E-05
  0.1786E+00	  0.4647E+01	  0.1384E-05
  0.2111E+00	  0.4046E+01	  0.1132E-05
  0.2435E+00	  0.3522E+01	  0.1194E-05
  0.2760E+00	  0.3066E+01	  0.1569E-05
  0.3085E+00	  0.2669E+01	  0.2244E-05
  0.3410E+00	  0.2324E+01	  0.3207E-05
  0.3734E+00	  0.2023E+01	  0.4433E-05
  0.4059E+00	  0.1761E+01	  0.5908E-05
  0.4384E+00	  0.1533E+01	  0.7614E-05
  0.4708E+00	  0.1335E+01	  0.9533E-05
  0.5033E+00	  0.1162E+01	  0.1165E-04
  0.5358E+00	  0.1011E+01	  0.1396E-04
  0.5683E+00	  0.8804E+00	  0.1645E-04
  0.6007E+00	  0.7664E+00	  0.1912E-04
  0.6332E+00	  0.6672E+00	  0.2196E-04
  0.6657E+00	  0.5808E+00	  0.2497E-04
  0.6981E+00	  0.5056E+00	  0.2814E-04
  0.7306E+00	  0.4402E+00	  0.3149E-04
  0.7631E+00	  0.3832E+00	  0.3502E-04
  0.7956E+00	  0.3336E+00	  0.3873E-04
  0.8280E+00	  0.2904E+00	  0.4263E-04
  0.8605E+00	  0.2528E+00	  0.4673E-04
  0.8930E+00	  0.2201E+00	  0.5103E-04
  0.9255E+00	  0.1916E+00	  0.5556E-04
  0.9579E+00	  0.1668E+00	  0.6031E-04
  0.9904E+00	  0.1452E+00	  0.6517E-04
  0.1023E+01	  0.1264E+00	  0.6984E-04
  0.1055E+01	  0.1100E+00	  0.7432E-04
  0.1088E+01	  0.9579E-01	  0.7889E-04
  0.1120E+01	  0.8339E-01	  0.8360E-04
  0.1153E+01	  0.7259E-01	  0.8844E-04
  0.1185E+01	  0.6319E-01	  0.9341E-04
  0.1218E+01	  0.5501E-01	  0.9848E-04
  0.1250E+01	  0.4789E-01	  0.1037E-03
  0.1283E+01	  0.4169E-01	  0.1090E-03
  0.1315E+01	  0.3629E-01	  0.1144E-03
  0.1348E+01	  0.3159E-01	  0.1200E-03
  0.1380E+01	  0.2750E-01	  0.1256E-03
  0.1413E+01	  0.2394E-01	  0.1315E-03
  0.1445E+01	  0.2084E-01	  0.1374E-03
  0.1477E+01	  0.1815E-01	  0.1435E-03
  0.1510E+01	  0.1580E-01	  0.1498E-03
  0.1542E+01	  0.1375E-01	  0.1564E-03
  0.1575E+01	  0.1197E-01	  0.1631E-03
  0.1607E+01	  0.1042E-01	  0.1700E-03
  0.1640E+01	  0.9072E-02	  0.1770E-03
  0.1672E+01	  0.7897E-02	  0.1842E-03
  0.1705E+01	  0.6875E-02	  0.1913E-03
  0.1737E+01	  0.5985E-02	  0.1985E-03
  0.1770E+01	  0.5210E-02	  0.2056E-03
  0.1802E+01	  0.4536E-02	  0.2128E-03
  0.1835E+01	  0.3948E-02	  0.2202E-03
  0.1867E+01	  0.3437E-02	  0.2277E-03
  0.1900E+01	  0.2992E-02	  0.2353E-03
  0.1932E+01	  0.2605E-02	  0.2431E-03
  0.1965E+01	  0.2268E-02	  0.2510E-03
  0.1997E+01	  0.1974E-02	  0.2592E-03
  0.2030E+01	  0.1718E-02	  0.2677E-03
  0.2062E+01	  0.1496E-02	  0.2767E-03
  0.2094E+01	  0.1302E-02	  0.2858E-03
  0.2127E+01	  0.1134E-02	  0.2951E-03
  0.2159E+01	  0.9868E-03	  0.3045E-03
  0.2192E+01	  0.8591E-03	  0.3141E-03
  0.2224E+01	  0.7478E-03	  0.3238E-03
  0.2257E+01	  0.6510E-03	  0.3337E-03
  0.2289E+01	  0.5667E-03	  0.3437E-03
  0.2322E+01	  0.4933E-03	  0.3539E-03
  0.2354E+01	  0.4295E-03	  0.3642E-03
  0.2387E+01	  0.3739E-03	  0.3747E-03
  0.2419E+01	  0.3255E-03	  0.3853E-03
  0.2452E+01	  0.2833E-03	  0.3961E-03
  0.2484E+01	  0.2466E-03	  0.4071E-03
  0.2517E+01	  0.2147E-03	  0.4183E-03
  0.2549E+01	  0.1869E-03	  0.4297E-03
  0.2582E+01	  0.1627E-03	  0.4414E-03
  0.2614E+01	  0.1416E-03	  0.4533E-03
  0.2646E+01	  0.1233E-03	  0.4653E-03
  0.2679E+01	  0.1073E-03	  0.4774E-03
  0.2711E+01	  0.9343E-04	  0.4897E-03
  0.2744E+01	  0.8133E-04	  0.5022E-03
  0.2776E+01	  0.7080E-04	  0.5148E-03
  0.2809E+01	  0.6163E-04	  0.5276E-03
  0.2841E+01	  0.5365E-04	  0.5405E-03
  0.2874E+01	  0.4670E-04	  0.5536E-03
  0.2906E+01	  0.4066E-04	  0.5669E-03
  0.2939E+01	  0.3539E-04	  0.5803E-03
  0.2971E+01	  0.3081E-04	  0.5938E-03
  0.3004E+01	  0.2682E-04	  0.6075E-03
  0.3036E+01	  0.2334E-04	  0.6212E-03
  0.3069E+01	  0.2032E-04	  0.6351E-03
  0.3101E+01	  0.1769E-04	  0.6491E-03
  0.3134E+01	  0.1540E-04	  0.6632E-03
  0.3166E+01	  0.1340E-04	  0.6775E-03
  0.3198E+01	  0.1167E-04	  0.6919E-03
  0.3231E+01	  0.1016E-04	  0.7065E-03
  0.3263E+01	  0.8842E-05	  0.7213E-03
  0.3296E+01	  0.7697E-05	  0.7362E-03
  0.3328E+01	  0.6700E-05	  0.7512E-03
  0.3361E+01	  0.5832E-05	  0.7664E-03
  0.3393E+01	  0.5077E-05	  0.7818E-03
  0.3426E+01	  0.4419E-05	  0.7973E-03
  0.3458E+01	  0.3847E-05	  0.8129E-03
  0.3491E+01	  0.3349E-05	  0.8287E-03
  0.3523E+01	  0.2915E-05	  0.8447E-03
  0.3556E+01	  0.2537E-05	  0.8608E-03
  0.3588E+01	  0.2209E-05	  0.8771E-03
  0.3621E+01	  0.1923E-05	  0.8935E-03
  0.3653E+01	  0.1673E-05	  0.9101E-03
  0.3686E+01	  0.1457E-05	  0.9268E-03
  0.3718E+01	  0.1268E-05	  0.9437E-03
  0.3751E+01	  0.1104E-05	  0.9607E-03
  0.3783E+01	  0.9608E-06	  0.9779E-03
  0.3815E+01	  0.8363E-06	  0.9952E-03
  0.3848E+01	  0.7280E-06	  0.1013E-02
  0.3880E+01	  0.6337E-06	  0.1030E-02
  0.3913E+01	  0.5516E-06	  0.1048E-02
  0.3945E+01	  0.4801E-06	  0.1066E-02
  0.3978E+01	  0.4179E-06	  0.1084E-02
  0.4010E+01	  0.3638E-06	  0.1104E-02
  0.4043E+01	  0.3166E-06	  0.1124E-02
  0.4075E+01	  0.2756E-06	  0.1145E-02
  0.4108E+01	  0.2399E-06	  0.1166E-02
  0.4140E+01	  0.2088E-06	  0.1188E-02
  0.4173E+01	  0.1818E-06	  0.1210E-02
  0.4205E+01	  0.1582E-06	  0.1231E-02
  0.4238E+01	  0.1377E-06	  0.1254E-02
  0.4270E+01	  0.1199E-06	  0.1276E-02
  0.4303E+01	  0.1043E-06	  0.1298E-02
  0.4335E+01	  0.9080E-07	  0.1321E-02
  0.4367E+01	  0.7904E-07	  0.1344E-02
  0.4400E+01	  0.6879E-07	  0.1367E-02
  0.4432E+01	  0.5988E-07	  0.1390E-02
  0.4465E+01	  0.5212E-07	  0.1413E-02
  0.4497E+01	  0.4536E-07	  0.1437E-02
  0.4530E+01	  0.3948E-07	  0.1461E-02
  0.4562E+01	  0.3436E-07	  0.1485E-02
  0.4595E+01	  0.2991E-07	  0.1509E-02
  0.4627E+01	  0.2603E-07	  0.1533E-02
  0.4660E+01	  0.2266E-07	  0.1558E-02
  0.4692E+01	  0.1972E-07	  0.1583E-02
  0.4725E+01	  0.1716E-07	  0.1608E-02
  0.4757E+01	  0.1494E-07	  0.1633E-02
  0.4790E+01	  0.1300E-07	  0.1658E-02
  0.4822E+01	  0.1132E-07	  0.1684E-02
  0.4855E+01	  0.9848E-08	  0.1709E-02
  0.4887E+01	  0.8571E-08	  0.1735E-02
  0.4920E+01	  0.7460E-08	  0.1761E-02
  0.4952E+01	  0.6492E-08	  0.1788E-02
  0.4984E+01	  0.5650E-08	  0.1815E-02
  0.5017E+01	  0.4918E-08	  0.1841E-02
  0.5049E+01	  0.4280E-08	  0.1869E-02
  0.5082E+01	  0.3725E-08	  0.1897E-02
  0.5114E+01	  0.3242E-08	  0.1925E-02
  0.5147E+01	  0.2821E-08	  0.1953E-02
  0.5179E+01	  0.2455E-08	  0.1982E-02
  0.5212E+01	  0.2137E-08	  0.2010E-02
  0.5244E+01	  0.1860E-08	  0.2039E-02
  0.5277E+01	  0.1618E-08	  0.2068E-02
  0.5309E+01	  0.1408E-08	  0.2097E-02
  0.5342E+01	  0.1226E-08	  0.2127E-02
  0.5374E+01	  0.1067E-08	  0.2157E-02
  0.5407E+01	  0.9282E-09	  0.2186E-02
  0.5439E+01	  0.8077E-09	  0.2216E-02
  0.5472E+01	  0.7029E-09	  0.2247E-02
  0.5504E+01	  0.6117E-09	  0.2277E-02
  0.5536E+01	  0.5323E-09	  0.2308E-02
  0.5569E+01	  0.4632E-09	  0.2339E-02
  0.5601E+01	  0.4031E-09	  0.2370E-02
  0.5634E+01	  0.3508E-09	  0.2401E-02
  0.5666E+01	  0.3052E-09	  0.2433E-02
  0.5699E+01	  0.2656E-09	  0.2464E-02
  0.5731E+01	  0.2311E-09	  0.2496E-02
  0.5764E+01	  0.2011E-09	  0.2528E-02
  0.5796E+01	  0.1750E-09	  0.2560E-02
  0.5829E+01	  0.1523E-09	  0.2593E-02
  0.5861E+01	  0.1325E-09	  0.2626E-02
  0.5894E+01	  0.1153E-09	  0.2658E-02
  0.5926E+01	  0.1003E-09	  0.2691E-02
  0.5959E+01	  0.8729E-10	  0.2724E-02
  0.5991E+01	  0.7595E-10	  0.2758E-02
  0.6024E+01	  0.6608E-10	  0.2791E-02
  0.6056E+01	  0.5750E-10	  0.2824E-02
  0.6089E+01	  0.5003E-10	  0.2857E-02
  0.6121E+01	  0.4353E-10	  0.2891E-02
  0.6153E+01	  0.3787E-10	  0.2924E-02
  0.6186E+01	  0.3295E-10	  0.2958E-02
  0.6218E+01	  0.2867E-10	  0.2992E-02
  0.6251E+01	  0.2494E-10	  0.3026E-02
  0.6283E+01	  0.2170E-10	  0.3060E-02
  0.6316E+01	  0.1888E-10	  0.3095E-02
  0.6348E+01	  0.1643E-10	  0.3129E-02
  0.6381E+01	  0.1429E-10	  0.3164E-02
  0.6413E+01	  0.1243E-10	  0.3199E-02
  0.6446E+01	  0.1082E-10	  0.3234E-02
  0.6478E+01	  0.9411E-11	  0.3270E-02
  0.6511E+01	  0.8187E-11	  0.3305E-02
  0.6543E+01	  0.7122E-11	  0.3341E-02
  0.6576E+01	  0.6196E-11	  0.3377E-02
  0.6608E+01	  0.5390E-11	  0.3413E-02
  0.6641E+01	  0.4689E-11	  0.3449E-02
  0.6673E+01	  0.4079E-11	  0.3486E-02
  0.6705E+01	  0.3548E-11	  0.3523E-02
  0.6738E+01	  0.3087E-11	  0.3560E-02
  0.6770E+01	  0.2685E-11	  0.3597E-02
  0.6803E+01	  0.2336E-11	  0.3634E-02
  0.6835E+01	  0.2032E-11	  0.3671E-02
  0.6868E+01	  0.1767E-11	  0.3709E-02
  0.6900E+01	  0.1537E-11	  0.3747E-02
  0.6933E+01	  0.1337E-11	  0.3785E-02
  0.6965E+01	  0.1163E-11	  0.3822E-02
  0.6998E+01	  0.1012E-11	  0.3858E-02
  0.7030E+01	  0.8800E-12	  0.3895E-02
  0.7063E+01	  0.7654E-12	  0.3932E-02
  0.7095E+01	  0.6657E-12	  0.3968E-02
  0.7128E+01	  0.5790E-12	  0.4004E-02
  0.7160E+01	  0.5036E-12	  0.4040E-02
  0.7193E+01	  0.4380E-12	  0.4076E-02
  0.7225E+01	  0.3810E-12	  0.4112E-02
  0.7257E+01	  0.3313E-12	  0.4149E-02
  0.7290E+01	  0.2882E-12	  0.4185E-02
  0.7322E+01	  0.2506E-12	  0.4222E-02
  0.7355E+01	  0.2180E-12	  0.4259E-02
  0.7387E+01	  0.1896E-12	  0.4296E-02
  0.7420E+01	  0.1649E-12	  0.4333E-02
  0.7452E+01	  0.1434E-12	  0.4371E-02
  0.7485E+01	  0.1247E-12	  0.4408E-02
  0.7517E+01	  0.1084E-12	  0.4446E-02
  0.7550E+01	  0.9429E-13	  0.4484E-02
  0.7582E+01	  0.8200E-13	  0.4522E-02
  0.7615E+01	  0.7131E-13	  0.4560E-02
  0.7647E+01	  0.6201E-13	  0.4598E-02
  0.7680E+01	  0.5392E-13	  0.4637E-02
  0.7712E+01	  0.4689E-13	  0.4675E-02
  0.7745E+01	  0.4077E-13	  0.4714E-02
  0.7777E+01	  0.3545E-13	  0.4753E-02
  0.7810E+01	  0.3083E-13	  0.4792E-02
  0.7842E+01	  0.2680E-13	  0.4831E-02
  0.7874E+01	  0.2331E-13	  0.4871E-02
  0.7907E+01	  0.2026E-13	  0.4910E-02
  0.7939E+01	  0.1762E-13	  0.4950E-02
  0.7972E+01	  0.1532E-13	  0.4990E-02
  0.8004E+01	  0.1332E-13	  0.5030E-02
  0.8037E+01	  0.1158E-13	  0.5070E-02
  0.8069E+01	  0.1007E-13	  0.5111E-02
  0.8102E+01	  0.8754E-14	  0.5151E-02
  0.8134E+01	  0.7611E-14	  0.5192E-02
  0.8167E+01	  0.6617E-14	  0.5233E-02
  0.8199E+01	  0.5752E-14	  0.5274E-02
  0.8232E+01	  0.5001E-14	  0.5315E-02
  0.8264E+01	  0.4348E-14	  0.5356E-02
  0.8297E+01	  0.3780E-14	  0.5398E-02
  0.8329E+01	  0.3286E-14	  0.5439E-02
  0.8362E+01	  0.2856E-14	  0.5481E-02
  0.8394E+01	  0.2483E-14	  0.5523E-02
  0.8426E+01	  0.2158E-14	  0.5565E-02
  0.8459E+01	  0.1876E-14	  0.5607E-02
  0.8491E+01	  0.1631E-14	  0.5650E-02
  0.8524E+01	  0.1418E-14	  0.5692E-02
  0.8556E+01	  0.1232E-14	  0.5735E-02
  0.8589E+01	  0.1071E-14	  0.5778E-02
  0.8621E+01	  0.9309E-15	  0.5821E-02
  0.8654E+01	  0.8091E-15	  0.5864E-02
  0.8686E+01	  0.7033E-15	  0.5907E-02
  0.8719E+01	  0.6112E-15	  0.5951E-02
  0.8751E+01	  0.5313E-15	  0.5994E-02
  0.8784E+01	  0.4617E-15	  0.6038E-02
  0.8816E+01	  0.4013E-15	  0.6082E-02
  0.8849E+01	  0.3487E-15	  0.6126E-02
  0.8881E+01	  0.3031E-15	  0.6170E-02
  0.8914E+01	  0.2634E-15	  0.6215E-02
  0.8946E+01	  0.2289E-15	  0.6259E-02
  0.8979E+01	  0.1989E-15	  0.6303E-02
  0.9011E+01	  0.1729E-15	  0.6347E-02
  0.9043E+01	  0.1502E-15	  0.6390E-02
  0.9076E+01	  0.1305E-15	  0.6434E-02
  0.9108E+01	  0.1134E-15	  0.6479E-02
  0.9141E+01	  0.9856E-16	  0.6523E-02
  0.9173E+01	  0.8564E-16	  0.6567E-02
  0.9206E+01	  0.7441E-16	  0.6612E-02
  0.9238E+01	  0.6466E-16	  0.6657E-02
  0.9271E+01	  0.5618E-16	  0.6702E-02
  0.9303E+01	  0.4881E-16	  0.6747E-02
  0.9336E+01	  0.4241E-16	  0.6792E-02
  0.9368E+01	  0.3685E-16	  0.6837E-02
  0.9401E+01	  0.3201E-16	  0.6882E-02
  0.9433E+01	  0.2781E-16	  0.6927E-02
  0.9466E+01	  0.2416E-16	  0.6973E-02
  0.9498E+01	  0.2099E-16	  0.7019E-02
  0.9531E+01	  0.1823E-16	  0.7064E-02
  0.9563E+01	  0.1584E-16	  0.7110E-02
  0.9595E+01	  0.1376E-16	  0.7157E-02
  0.9628E+01	  0.1195E-16	  0.7203E-02
  0.9660E+01	  0.1038E-16	  0.7249E-02
  0.9693E+01	  0.9019E-17	  0.7295E-02
  0.9725E+01	  0.7834E-17	  0.7341E-02
  0.9758E+01	  0.6805E-17	  0.7387E-02
  0.9790E+01	  0.5910E-17	  0.7433E-02
  0.9823E+01	  0.5134E-17	  0.7479E-02
  0.9855E+01	  0.4459E-17	  0.7525E-02
  0.9888E+01	  0.3872E-17	  0.7572E-02
  0.9920E+01	  0.3363E-17	  0.7619E-02
  0.9953E+01	  0.2921E-17	  0.7666E-02
  0.9985E+01	  0.2536E-17	  0.7713E-02
  0.1002E+02	  0.2203E-17	  0.7759E-02
  0.1005E+02	  0.1913E-17	  0.7800E-02
  0.1008E+02	  0.1661E-17	  0.7835E-02
  0.1012E+02	  0.1442E-17	  0.7870E-02
  0.1015E+02	  0.1252E-17	  0.7905E-02
  0.1018E+02	  0.1087E-17	  0.7941E-02
  0.1021E+02	  0.9442E-18	  0.7976E-02
  0.1024E+02	  0.8197E-18	  0.8012E-02
  0.1028E+02	  0.7117E-18	  0.8048E-02
  0.1031E+02	  0.6179E-18	  0.8085E-02
  0.1034E+02	  0.5364E-18	  0.8122E-02
  0.1037E+02	  0.4656E-18	  0.8159E-02
  0.1041E+02	  0.4042E-18	  0.8197E-02
  0.1044E+02	  0.3508E-18	  0.8235E-02
  0.1047E+02	  0.3045E-18	  0.8273E-02
  0.1050E+02	  0.2642E-18	  0.8312E-02
  0.1054E+02	  0.2293E-18	  0.8352E-02
  0.1057E+02	  0.1989E-18	  0.8393E-02
  0.1060E+02	  0.1726E-18	  0.8434E-02
  0.1063E+02	  0.1497E-18	  0.8470E-02
  0.1067E+02	  0.1299E-18	  0.8500E-02
  0.1070E+02	  0.1126E-18	  0.8533E-02
  0.1073E+02	  0.9765E-19	  0.8566E-02
  0.1076E+02	  0.8465E-19	  0.8601E-02
  0.1080E+02	  0.7336E-19	  0.8639E-02
  0.1083E+02	  0.6357E-19	  0.8678E-02
  0.1086E+02	  0.5506E-19	  0.8720E-02
  0.1089E+02	  0.4768E-19	  0.8765E-02
  0.1093E+02	  0.4126E-19	  0.8814E-02
  0.1096E+02	  0.3570E-19	  0.8867E-02
  0.1099E+02	  0.3087E-19	  0.8924E-02
  0.1102E+02	  0.2667E-19	  0.8987E-02
  0.1106E+02	  0.2303E-19	  0.9057E-02
  0.1109E+02	  0.1987E-19	  0.9134E-02
  0.1112E+02	  0.1713E-19	  0.9221E-02
  0.1115E+02	  0.1475E-19	  0.9317E-02
  0.1119E+02	  0.1269E-19	  0.9427E-02
  0.1122E+02	  0.1089E-19	  0.9551E-02
  0.1125E+02	  0.9336E-20	  0.9694E-02
  0.1128E+02	  0.7986E-20	  0.9858E-02
  0.1132E+02	  0.6814E-20	  0.1005E-01
  0.1135E+02	  0.5798E-20	  0.1027E-01
  0.1138E+02	  0.4916E-20	  0.1053E-01
  0.1141E+02	  0.4151E-20	  0.1085E-01
  0.1145E+02	  0.3487E-20	  0.1123E-01
  0.1148E+02	  0.2912E-20	  0.1169E-01
  0.1151E+02	  0.2413E-20	  0.1226E-01
  0.1154E+02	  0.1980E-20	  0.1297E-01
  0.1158E+02	  0.1606E-20	  0.1379E-01
  0.1161E+02	  0.1286E-20	  0.1460E-01
  0.1164E+02	  0.1019E-20	  0.1526E-01
  0.1167E+02	  0.8018E-21	  0.1559E-01
  0.1171E+02	  0.6302E-21	  0.1577E-01
  0.1174E+02	  0.4935E-21	  0.1614E-01
  0.1177E+02	  0.3837E-21	  0.1667E-01
  0.1180E+02	  0.2961E-21	  0.1724E-01
  0.1184E+02	  0.2266E-21	  0.1761E-01
  0.1187E+02	  0.1736E-21	  0.1743E-01
  0.1190E+02	  0.1340E-21	  0.1710E-01
  0.1193E+02	  0.1035E-21	  0.1710E-01
  0.1197E+02	  0.7996E-22	  0.1723E-01
  0.1200E+02	  0.6161E-22	  0.1745E-01
  0.1203E+02	  0.4733E-22	  0.1771E-01
  0.1206E+02	  0.3623E-22	  0.1800E-01
  0.1210E+02	  0.2763E-22	  0.1832E-01
  0.1213E+02	  0.2097E-22	  0.1868E-01
  0.1216E+02	  0.1584E-22	  0.1906E-01
  0.1219E+02	  0.1191E-22	  0.1947E-01
  0.1223E+02	  0.8902E-23	  0.1990E-01
  0.1226E+02	  0.6619E-23	  0.2032E-01
  0.1229E+02	  0.4896E-23	  0.2071E-01
  0.1232E+02	  0.3606E-23	  0.2108E-01
  0.1236E+02	  0.2643E-23	  0.2144E-01
  0.1239E+02	  0.1929E-23	  0.2182E-01
  0.1242E+02	  0.1401E-23	  0.2221E-01
  0.1245E+02	  0.1013E-23	  0.2261E-01
  0.1249E+02	  0.7286E-24	  0.2299E-01
  0.1252E+02	  0.5219E-24	  0.2336E-01
  0.1255E+02	  0.3723E-24	  0.2370E-01
  0.1258E+02	  0.2646E-24	  0.2400E-01
  0.1262E+02	  0.1874E-24	  0.2425E-01
  0.1265E+02	  0.1324E-24	  0.2447E-01
  0.1268E+02	  0.9336E-25	  0.2464E-01
  0.1271E+02	  0.6573E-25	  0.2476E-01
  0.1275E+02	  0.4623E-25	  0.2484E-01
  0.1278E+02	  0.3251E-25	  0.2487E-01
  0.1281E+02	  0.2287E-25	  0.2485E-01
  0.1284E+02	  0.1611E-25	  0.2480E-01
  0.1288E+02	  0.1136E-25	  0.2484E-01
  0.1291E+02	  0.7988E-26	  0.2503E-01
  0.1294E+02	  0.5603E-26	  0.2533E-01
  0.1297E+02	  0.3910E-26	  0.2594E-01
  0.1301E+02	  0.2692E-26	  0.2696E-01
  0.1304E+02	  0.1831E-26	  0.2728E-01
  0.1307E+02	  0.1264E-26	  0.2609E-01
  0.1310E+02	  0.8891E-27	  0.2497E-01
  0.1313E+02	  0.6296E-27	  0.2474E-01
  0.1317E+02	  0.4440E-27	  0.2498E-01
  0.1320E+02	  0.3130E-27	  0.2482E-01
  0.1323E+02	  0.2226E-27	  0.2425E-01
  0.1326E+02	  0.1592E-27	  0.2393E-01
  0.1330E+02	  0.1141E-27	  0.2384E-01
  0.1333E+02	  0.8176E-28	  0.2398E-01
  0.1336E+02	  0.5836E-28	  0.2431E-01
  0.1339E+02	  0.4143E-28	  0.2479E-01
  0.1343E+02	  0.2921E-28	  0.2530E-01
  0.1346E+02	  0.2047E-28	  0.2575E-01
  0.1349E+02	  0.1428E-28	  0.2606E-01
  0.1352E+02	  0.9931E-29	  0.2638E-01

R11 
------------------------------------------------------------
Electric field / N (Td)                    13.50    
Angular frequency / N (m3/s)              0.1938E-11
Cosine of E-B field angle                  0.000    
Gas temperature (K)                        800.0    
Excitation temperature (K)                 300.0    
Transition energy (eV)                     0.000    
Ionization degree                          0.000    
Plasma density (1/m3)                     0.1000E+19
Ion charge parameter                       1.000    
Ion/neutral mass ratio                     1.000    
Coulomb collision model                    1.000    
Energy sharing                             0.000    
Growth model                               1.000    
Maxwellian mean energy (eV)                0.000    
# of grid points                           500.0    
Grid type                                  1.000    
Maximum energy                             30.00    
Precision                                 0.1000E-29
Convergence                               0.1000E-03
Maximum # of iterations                   0.2000E+05
Mole fraction Ar                           1.000    
------------------------------------------------------------
Mean energy (eV)                          0.4172    
Mobility *N (1/m/V/s)                     0.1357E+27
Re/perp mobility *N (1/m/V/s)             0.2319E+21
Im/Hall mobility *N (1/m/V/s)            -0.9086E+23
Diffusion coefficient *N (1/m/s)          0.3779E+26
Energy mobility *N (1/m/V/s)              0.1137E+27
Energy diffusion coef. *N (1/m/s)         0.3157E+26
Total collision freq. /N (m3/s)           0.2495E-14
Momentum frequency /N (m3/s)              0.4953E-14
Total ionization freq. /N (m3/s)          0.1282E-43
Power /N (eV m3/s)                        0.4227E-19
Elastic power loss /N (eV m3/s)           0.4224E-19
Inelastic power loss /N (eV m3/s)         0.7571E-32
Growth power /N (eV m3/s)                 0.5349E-44
Maximum energy                             17.17    
# of iterations                            9.000    
# of grid trials                           2.000    
------------------------------------------------------------
Rate coefficients (m3/s)
C1    Ar    Elastic                       0.2495E-14
C2    Ar    Excitation    11.55 eV        0.3097E-33
C3    Ar    Excitation    11.62 eV        0.2444E-33
C4    Ar    Excitation    11.72 eV        0.2750E-34
C5    Ar    Excitation    11.83 eV        0.7038E-34
C6    Ar    Excitation    12.91 eV        0.2765E-38
C7    Ar    Excitation    13.08 eV        0.4682E-40
C8    Ar    Excitation    13.10 eV        0.2757E-40
C9    Ar    Excitation    13.15 eV        0.8922E-41
C10   Ar    Excitation    13.17 eV        0.1371E-40
C11   Ar    Excitation    13.27 eV        0.1469E-41
C12   Ar    Excitation    13.28 eV        0.2699E-41
C13   Ar    Excitation    13.30 eV        0.1977E-41
C14   Ar    Excitation    13.33 eV        0.2042E-41
C15   Ar    Excitation    13.48 eV        0.7975E-42
C16   Ar    Excitation    13.85 eV        0.1750E-43
C17   Ar    Excitation    13.86 eV        0.6158E-43
C18   Ar    Excitation    13.90 eV        0.2332E-43
C19   Ar    Excitation    13.98 eV        0.1631E-43
C20   Ar    Excitation    14.01 eV        0.4088E-44
C21   Ar    Excitation    14.06 eV        0.3405E-44
C22   Ar    Excitation    14.07 eV        0.3352E-44
C23   Ar    Excitation    14.09 eV        0.2808E-45
C24   Ar    Excitation    14.10 eV        0.4799E-45
C25   Ar    Excitation    14.15 eV        0.7458E-45
C26   Ar    Excitation    14.21 eV        0.3745E-44
C27   Ar    Excitation    14.23 eV        0.2384E-44
C28   Ar    Excitation    14.24 eV        0.6240E-45
C29   Ar    Excitation    14.24 eV        0.5172E-45
C30   Ar    Excitation    14.26 eV        0.9816E-46
C31   Ar    Excitation    14.30 eV        0.7748E-45
C32   Ar    Excitation    14.71 eV        0.9597E-47
C33   Ar    Excitation    14.85 eV        0.6021E-46
C34   Ar    Excitation    14.86 eV        0.1992E-45
C35   Ar    Excitation    15.00 eV        0.6958E-46
C36   Ar    Excitation    15.02 eV        0.7128E-46
C37   Ar    Excitation    15.12 eV        0.1145E-46
C38   Ar    Excitation    15.19 eV        0.1066E-45
C39   Ar    Excitation    15.19 eV        0.1059E-45
C40   Ar    Excitation    15.31 eV        0.1529E-47
C41   Ar    Excitation    15.35 eV        0.9643E-48
C42   Ar    Excitation    15.36 eV        0.1377E-47
C43   Ar    Excitation    15.37 eV        0.2393E-46
C44   Ar    Excitation    15.37 eV        0.5263E-46
C45   Ar    Excitation    15.66 eV        0.1417E-45
C46   Ar    Ionization    15.76 eV        0.1282E-43
------------------------------------------------------------
Energy (eV) EEDF (eV-3/2) Anisotropy
  0.1717E-01	  0.7237E+01	  0.3608E-05
  0.5152E-01	  0.6396E+01	  0.3442E-05
  0.8586E-01	  0.5653E+01	  0.3110E-05
  0.1202E+00	  0.4997E+01	  0.2362E-05
  0.1545E+00	  0.4416E+01	  0.1661E-05
  0.1889E+00	  0.3903E+01	  0.1201E-05
  0.2232E+00	  0.3450E+01	  0.1064E-05
  0.2576E+00	  0.3049E+01	  0.1253E-05
  0.2919E+00	  0.2695E+01	  0.1767E-05
  0.3263E+00	  0.2382E+01	  0.2597E-05
  0.3606E+00	  0.2105E+01	  0.3715E-05
  0.3950E+00	  0.1861E+01	  0.5105E-05
  0.4293E+00	  0.1644E+01	  0.6742E-05
  0.4636E+00	  0.1453E+01	  0.8613E-05
  0.4980E+00	  0.1285E+01	  0.1070E-04
  0.5323E+00	  0.1135E+01	  0.1299E-04
  0.5667E+00	  0.1003E+01	  0.1547E-04
  0.6010E+00	  0.8869E+00	  0.1813E-04
  0.6354E+00	  0.7839E+00	  0.2098E-04
  0.6697E+00	  0.6928E+00	  0.2401E-04
  0.7041E+00	  0.6123E+00	  0.2722E-04
  0.7384E+00	  0.5412E+00	  0.3061E-04
  0.7727E+00	  0.4783E+00	  0.3419E-04
  0.8071E+00	  0.4228E+00	  0.3797E-04
  0.8414E+00	  0.3736E+00	  0.4195E-04
  0.8758E+00	  0.3302E+00	  0.4614E-04
  0.9101E+00	  0.2919E+00	  0.5056E-04
  0.9445E+00	  0.2580E+00	  0.5522E-04
  0.9788E+00	  0.2280E+00	  0.6012E-04
  0.1013E+01	  0.2015E+00	  0.6488E-04
  0.1047E+01	  0.1781E+00	  0.6935E-04
  0.1082E+01	  0.1574E+00	  0.7390E-04
  0.1116E+01	  0.1391E+00	  0.7859E-04
  0.1151E+01	  0.1230E+00	  0.8343E-04
  0.1185E+01	  0.1087E+00	  0.8840E-04
  0.1219E+01	  0.9606E-01	  0.9348E-04
  0.1254E+01	  0.8490E-01	  0.9867E-04
  0.1288E+01	  0.7504E-01	  0.1040E-03
  0.1322E+01	  0.6632E-01	  0.1095E-03
  0.1357E+01	  0.5862E-01	  0.1151E-03
  0.1391E+01	  0.5181E-01	  0.1208E-03
  0.1425E+01	  0.4579E-01	  0.1267E-03
  0.1460E+01	  0.4047E-01	  0.1327E-03
  0.1494E+01	  0.3577E-01	  0.1389E-03
  0.1528E+01	  0.3161E-01	  0.1454E-03
  0.1563E+01	  0.2794E-01	  0.1521E-03
  0.1597E+01	  0.2469E-01	  0.1589E-03
  0.1631E+01	  0.2183E-01	  0.1659E-03
  0.1666E+01	  0.1929E-01	  0.1730E-03
  0.1700E+01	  0.1705E-01	  0.1802E-03
  0.1734E+01	  0.1507E-01	  0.1873E-03
  0.1769E+01	  0.1332E-01	  0.1945E-03
  0.1803E+01	  0.1177E-01	  0.2017E-03
  0.1837E+01	  0.1040E-01	  0.2091E-03
  0.1872E+01	  0.9194E-02	  0.2166E-03
  0.1906E+01	  0.8126E-02	  0.2243E-03
  0.1940E+01	  0.7182E-02	  0.2321E-03
  0.1975E+01	  0.6348E-02	  0.2401E-03
  0.2009E+01	  0.5610E-02	  0.2484E-03
  0.2043E+01	  0.4959E-02	  0.2571E-03
  0.2078E+01	  0.4382E-02	  0.2662E-03
  0.2112E+01	  0.3873E-02	  0.2754E-03
  0.2147E+01	  0.3423E-02	  0.2848E-03
  0.2181E+01	  0.3026E-02	  0.2943E-03
  0.2215E+01	  0.2674E-02	  0.3040E-03
  0.2250E+01	  0.2363E-02	  0.3139E-03
  0.2284E+01	  0.2089E-02	  0.3239E-03
  0.2318E+01	  0.1846E-02	  0.3341E-03
  0.2353E+01	  0.1632E-02	  0.3444E-03
  0.2387E+01	  0.1442E-02	  0.3549E-03
  0.2421E+01	  0.1275E-02	  0.3655E-03
  0.2456E+01	  0.1126E-02	  0.3763E-03
  0.2490E+01	  0.9956E-03	  0.3873E-03
  0.2524E+01	  0.8799E-03	  0.3986E-03
  0.2559E+01	  0.7776E-03	  0.4102E-03
  0.2593E+01	  0.6873E-03	  0.4219E-03
  0.2627E+01	  0.6074E-03	  0.4338E-03
  0.2662E+01	  0.5369E-03	  0.4459E-03
  0.2696E+01	  0.4745E-03	  0.4582E-03
  0.2730E+01	  0.4193E-03	  0.4706E-03
  0.2765E+01	  0.3706E-03	  0.4831E-03
  0.2799E+01	  0.3276E-03	  0.4959E-03
  0.2833E+01	  0.2895E-03	  0.5088E-03
  0.2868E+01	  0.2559E-03	  0.5219E-03
  0.2902E+01	  0.2261E-03	  0.5351E-03
  0.2936E+01	  0.1998E-03	  0.5485E-03
  0.2971E+01	  0.1766E-03	  0.5621E-03
  0.3005E+01	  0.1561E-03	  0.5758E-03
  0.3039E+01	  0.1380E-03	  0.5895E-03
  0.3074E+01	  0.1219E-03	  0.6034E-03
  0.3108E+01	  0.1078E-03	  0.6175E-03
  0.3142E+01	  0.9523E-04	  0.6316E-03
  0.3177E+01	  0.8417E-04	  0.6460E-03
  0.3211E+01	  0.7439E-04	  0.6605E-03
  0.3246E+01	  0.6574E-04	  0.6752E-03
  0.3280E+01	  0.5810E-04	  0.6900E-03
  0.3314E+01	  0.5135E-04	  0.7051E-03
  0.3349E+01	  0.4538E-04	  0.7202E-03
  0.3383E+01	  0.4011E-04	  0.7355E-03
  0.3417E+01	  0.3544E-04	  0.7510E-03
  0.3452E+01	  0.3132E-04	  0.7667E-03
  0.3486E+01	  0.2768E-04	  0.7825E-03
  0.3520E+01	  0.2447E-04	  0.7984E-03
  0.3555E+01	  0.2162E-04	  0.8146E-03
  0.3589E+01	  0.1911E-04	  0.8309E-03
  0.3623E+01	  0.1689E-04	  0.8473E-03
  0.3658E+01	  0.1492E-04	  0.8639E-03
  0.3692E+01	  0.1319E-04	  0.8807E-03
  0.3726E+01	  0.1166E-04	  0.8976E-03
  0.3761E+01	  0.1030E-04	  0.9147E-03
  0.3795E+01	  0.9104E-05	  0.9320E-03
  0.3829E+01	  0.8046E-05	  0.9494E-03
  0.3864E+01	  0.7110E-05	  0.9670E-03
  0.3898E+01	  0.6284E-05	  0.9847E-03
  0.3932E+01	  0.5553E-05	  0.1003E-02
  0.3967E+01	  0.4908E-05	  0.1021E-02
  0.4001E+01	  0.4337E-05	  0.1040E-02
  0.4035E+01	  0.3833E-05	  0.1060E-02
  0.4070E+01	  0.3387E-05	  0.1081E-02
  0.4104E+01	  0.2993E-05	  0.1102E-02
  0.4138E+01	  0.2645E-05	  0.1124E-02
  0.4173E+01	  0.2338E-05	  0.1145E-02
  0.4207E+01	  0.2066E-05	  0.1167E-02
  0.4241E+01	  0.1826E-05	  0.1189E-02
  0.4276E+01	  0.1613E-05	  0.1212E-02
  0.4310E+01	  0.1426E-05	  0.1234E-02
  0.4345E+01	  0.1260E-05	  0.1257E-02
  0.4379E+01	  0.1113E-05	  0.1280E-02
  0.4413E+01	  0.9838E-06	  0.1303E-02
  0.4448E+01	  0.8694E-06	  0.1327E-02
  0.4482E+01	  0.7683E-06	  0.1350E-02
  0.4516E+01	  0.6789E-06	  0.1374E-02
  0.4551E+01	  0.5999E-06	  0.1398E-02
  0.4585E+01	  0.5302E-06	  0.1422E-02
  0.4619E+01	  0.4685E-06	  0.1446E-02
  0.4654E+01	  0.4140E-06	  0.1471E-02
  0.4688E+01	  0.3658E-06	  0.1496E-02
  0.4722E+01	  0.3233E-06	  0.1521E-02
  0.4757E+01	  0.2856E-06	  0.1546E-02
  0.4791E+01	  0.2524E-06	  0.1571E-02
  0.4825E+01	  0.2230E-06	  0.1597E-02
  0.4860E+01	  0.1971E-06	  0.1623E-02
  0.4894E+01	  0.1742E-06	  0.1649E-02
  0.4928E+01	  0.1539E-06	  0.1675E-02
  0.4963E+01	  0.1360E-06	  0.1701E-02
  0.4997E+01	  0.1201E-06	  0.1728E-02
  0.5031E+01	  0.1062E-06	  0.1755E-02
  0.5066E+01	  0.9381E-07	  0.1783E-02
  0.5100E+01	  0.8289E-07	  0.1811E-02
  0.5134E+01	  0.7324E-07	  0.1839E-02
  0.5169E+01	  0.6471E-07	  0.1868E-02
  0.5203E+01	  0.5718E-07	  0.1896E-02
  0.5237E+01	  0.5052E-07	  0.1925E-02
  0.5272E+01	  0.4464E-07	  0.1954E-02
  0.5306E+01	  0.3944E-07	  0.1984E-02
  0.5340E+01	  0.3485E-07	  0.2013E-02
  0.5375E+01	  0.3079E-07	  0.2043E-02
  0.5409E+01	  0.2721E-07	  0.2073E-02
  0.5444E+01	  0.2404E-07	  0.2103E-02
  0.5478E+01	  0.2124E-07	  0.2133E-02
  0.5512E+01	  0.1876E-07	  0.2164E-02
  0.5547E+01	  0.1658E-07	  0.2195E-02
  0.5581E+01	  0.1465E-07	  0.2226E-02
  0.5615E+01	  0.1294E-07	  0.2257E-02
  0.5650E+01	  0.1143E-07	  0.2288E-02
  0.5684E+01	  0.1010E-07	  0.2320E-02
  0.5718E+01	  0.8924E-08	  0.2352E-02
  0.5753E+01	  0.7884E-08	  0.2384E-02
  0.5787E+01	  0.6965E-08	  0.2416E-02
  0.5821E+01	  0.6153E-08	  0.2448E-02
  0.5856E+01	  0.5436E-08	  0.2481E-02
  0.5890E+01	  0.4803E-08	  0.2514E-02
  0.5924E+01	  0.4243E-08	  0.2547E-02
  0.5959E+01	  0.3748E-08	  0.2580E-02
  0.5993E+01	  0.3311E-08	  0.2613E-02
  0.6027E+01	  0.2925E-08	  0.2647E-02
  0.6062E+01	  0.2584E-08	  0.2680E-02
  0.6096E+01	  0.2283E-08	  0.2713E-02
  0.6130E+01	  0.2017E-08	  0.2747E-02
  0.6165E+01	  0.1781E-08	  0.2780E-02
  0.6199E+01	  0.1574E-08	  0.2814E-02
  0.6233E+01	  0.1390E-08	  0.2848E-02
  0.6268E+01	  0.1228E-08	  0.2883E-02
  0.6302E+01	  0.1085E-08	  0.2917E-02
  0.6336E+01	  0.9581E-09	  0.2952E-02
  0.6371E+01	  0.8463E-09	  0.2986E-02
  0.6405E+01	  0.7475E-09	  0.3021E-02
  0.6440E+01	  0.6603E-09	  0.3057E-02
  0.6474E+01	  0.5832E-09	  0.3092E-02
  0.6508E+01	  0.5152E-09	  0.3128E-02
  0.6543E+01	  0.4550E-09	  0.3164E-02
  0.6577E+01	  0.4019E-09	  0.3200E-02
  0.6611E+01	  0.3550E-09	  0.3236E-02
  0.6646E+01	  0.3135E-09	  0.3272E-02
  0.6680E+01	  0.2769E-09	  0.3309E-02
  0.6714E+01	  0.2446E-09	  0.3346E-02
  0.6749E+01	  0.2160E-09	  0.3383E-02
  0.6783E+01	  0.1908E-09	  0.3420E-02
  0.6817E+01	  0.1685E-09	  0.3458E-02
  0.6852E+01	  0.1488E-09	  0.3495E-02
  0.6886E+01	  0.1314E-09	  0.3533E-02
  0.6920E+01	  0.1161E-09	  0.3571E-02
  0.6955E+01	  0.1025E-09	  0.3608E-02
  0.6989E+01	  0.9053E-10	  0.3645E-02
  0.7023E+01	  0.7995E-10	  0.3682E-02
  0.7058E+01	  0.7061E-10	  0.3719E-02
  0.7092E+01	  0.6235E-10	  0.3755E-02
  0.7126E+01	  0.5506E-10	  0.3791E-02
  0.7161E+01	  0.4862E-10	  0.3827E-02
  0.7195E+01	  0.4294E-10	  0.3864E-02
  0.7229E+01	  0.3792E-10	  0.3900E-02
  0.7264E+01	  0.3348E-10	  0.3937E-02
  0.7298E+01	  0.2957E-10	  0.3973E-02
  0.7332E+01	  0.2611E-10	  0.4010E-02
  0.7367E+01	  0.2305E-10	  0.4047E-02
  0.7401E+01	  0.2036E-10	  0.4084E-02
  0.7435E+01	  0.1797E-10	  0.4122E-02
  0.7470E+01	  0.1587E-10	  0.4159E-02
  0.7504E+01	  0.1401E-10	  0.4197E-02
  0.7539E+01	  0.1237E-10	  0.4235E-02
  0.7573E+01	  0.1093E-10	  0.4273E-02
  0.7607E+01	  0.9646E-11	  0.4311E-02
  0.7642E+01	  0.8517E-11	  0.4350E-02
  0.7676E+01	  0.7520E-11	  0.4388E-02
  0.7710E+01	  0.6639E-11	  0.4427E-02
  0.7745E+01	  0.5862E-11	  0.4466E-02
  0.7779E+01	  0.5175E-11	  0.4505E-02
  0.7813E+01	  0.4569E-11	  0.4544E-02
  0.7848E+01	  0.4034E-11	  0.4583E-02
  0.7882E+01	  0.3561E-11	  0.4623E-02
  0.7916E+01	  0.3144E-11	  0.4663E-02
  0.7951E+01	  0.2775E-11	  0.4703E-02
  0.7985E+01	  0.2450E-11	  0.4743E-02
  0.8019E+01	  0.2163E-11	  0.4783E-02
  0.8054E+01	  0.1909E-11	  0.4823E-02
  0.8088E+01	  0.1685E-11	  0.4864E-02
  0.8122E+01	  0.1488E-11	  0.4905E-02
  0.8157E+01	  0.1313E-11	  0.4945E-02
  0.8191E+01	  0.1159E-11	  0.4987E-02
  0.8225E+01	  0.1023E-11	  0.5028E-02
  0.8260E+01	  0.9032E-12	  0.5069E-02
  0.8294E+01	  0.7973E-12	  0.5111E-02
  0.8328E+01	  0.7037E-12	  0.5152E-02
  0.8363E+01	  0.6211E-12	  0.5194E-02
  0.8397E+01	  0.5482E-12	  0.5236E-02
  0.8431E+01	  0.4839E-12	  0.5279E-02
  0.8466E+01	  0.4271E-12	  0.5321E-02
  0.8500E+01	  0.3769E-12	  0.5364E-02
  0.8534E+01	  0.3327E-12	  0.5406E-02
  0.8569E+01	  0.2936E-12	  0.5449E-02
  0.8603E+01	  0.2591E-12	  0.5492E-02
  0.8638E+01	  0.2287E-12	  0.5536E-02
  0.8672E+01	  0.2018E-12	  0.5579E-02
  0.8706E+01	  0.1781E-12	  0.5623E-02
  0.8741E+01	  0.1572E-12	  0.5666E-02
  0.8775E+01	  0.1387E-12	  0.5710E-02
  0.8809E+01	  0.1224E-12	  0.5754E-02
  0.8844E+01	  0.1080E-12	  0.5798E-02
  0.8878E+01	  0.9529E-13	  0.5843E-02
  0.8912E+01	  0.8409E-13	  0.5887E-02
  0.8947E+01	  0.7419E-13	  0.5932E-02
  0.8981E+01	  0.6547E-13	  0.5976E-02
  0.9015E+01	  0.5776E-13	  0.6020E-02
  0.9050E+01	  0.5097E-13	  0.6064E-02
  0.9084E+01	  0.4497E-13	  0.6108E-02
  0.9118E+01	  0.3967E-13	  0.6152E-02
  0.9153E+01	  0.3500E-13	  0.6197E-02
  0.9187E+01	  0.3088E-13	  0.6242E-02
  0.9221E+01	  0.2725E-13	  0.6287E-02
  0.9256E+01	  0.2404E-13	  0.6332E-02
  0.9290E+01	  0.2121E-13	  0.6377E-02
  0.9324E+01	  0.1871E-13	  0.6422E-02
  0.9359E+01	  0.1650E-13	  0.6467E-02
  0.9393E+01	  0.1456E-13	  0.6513E-02
  0.9427E+01	  0.1284E-13	  0.6559E-02
  0.9462E+01	  0.1133E-13	  0.6605E-02
  0.9496E+01	  0.9992E-14	  0.6651E-02
  0.9530E+01	  0.8813E-14	  0.6697E-02
  0.9565E+01	  0.7774E-14	  0.6743E-02
  0.9599E+01	  0.6857E-14	  0.6790E-02
  0.9633E+01	  0.6047E-14	  0.6837E-02
  0.9668E+01	  0.5334E-14	  0.6883E-02
  0.9702E+01	  0.4704E-14	  0.6929E-02
  0.9737E+01	  0.4149E-14	  0.6976E-02
  0.9771E+01	  0.3659E-14	  0.7022E-02
  0.9805E+01	  0.3226E-14	  0.7069E-02
  0.9840E+01	  0.2845E-14	  0.7116E-02
  0.9874E+01	  0.2509E-14	  0.7163E-02
  0.9908E+01	  0.2212E-14	  0.7211E-02
  0.9943E+01	  0.1951E-14	  0.7259E-02
  0.9977E+01	  0.1720E-14	  0.7307E-02
  0.1001E+02	  0.1516E-14	  0.7355E-02
  0.1005E+02	  0.1337E-14	  0.7398E-02
  0.1008E+02	  0.1179E-14	  0.7434E-02
  0.1011E+02	  0.1039E-14	  0.7470E-02
  0.1015E+02	  0.9159E-15	  0.7507E-02
  0.1018E+02	  0.8073E-15	  0.7544E-02
  0.1022E+02	  0.7116E-15	  0.7582E-02
  0.1025E+02	  0.6271E-15	  0.7620E-02
  0.1029E+02	  0.5527E-15	  0.7658E-02
  0.1032E+02	  0.4871E-15	  0.7697E-02
  0.1035E+02	  0.4292E-15	  0.7737E-02
  0.1039E+02	  0.3781E-15	  0.7777E-02
  0.1042E+02	  0.3331E-15	  0.7819E-02
  0.1046E+02	  0.2934E-15	  0.7861E-02
  0.1049E+02	  0.2584E-15	  0.7904E-02
  0.1053E+02	  0.2276E-15	  0.7948E-02
  0.1056E+02	  0.2004E-15	  0.7993E-02
  0.1060E+02	  0.1764E-15	  0.8040E-02
  0.1063E+02	  0.1553E-15	  0.8082E-02
  0.1066E+02	  0.1366E-15	  0.8120E-02
  0.1070E+02	  0.1202E-15	  0.8159E-02
  0.1073E+02	  0.1057E-15	  0.8201E-02
  0.1077E+02	  0.9295E-16	  0.8245E-02
  0.1080E+02	  0.8170E-16	  0.8292E-02
  0.1084E+02	  0.7178E-16	  0.8342E-02
  0.1087E+02	  0.6303E-16	  0.8396E-02
  0.1090E+02	  0.5532E-16	  0.8455E-02
  0.1094E+02	  0.4853E-16	  0.8518E-02
  0.1097E+02	  0.4254E-16	  0.8588E-02
  0.1101E+02	  0.3726E-16	  0.8665E-02
  0.1104E+02	  0.3261E-16	  0.8749E-02
  0.1108E+02	  0.2851E-16	  0.8842E-02
  0.1111E+02	  0.2489E-16	  0.8947E-02
  0.1114E+02	  0.2171E-16	  0.9064E-02
  0.1118E+02	  0.1890E-16	  0.9195E-02
  0.1121E+02	  0.1643E-16	  0.9345E-02
  0.1125E+02	  0.1425E-16	  0.9515E-02
  0.1128E+02	  0.1234E-16	  0.9711E-02
  0.1132E+02	  0.1065E-16	  0.9937E-02
  0.1135E+02	  0.9158E-17	  0.1020E-01
  0.1139E+02	  0.7847E-17	  0.1051E-01
  0.1142E+02	  0.6693E-17	  0.1088E-01
  0.1145E+02	  0.5676E-17	  0.1132E-01
  0.1149E+02	  0.4782E-17	  0.1186E-01
  0.1152E+02	  0.3994E-17	  0.1252E-01
  0.1156E+02	  0.3302E-17	  0.1333E-01
  0.1159E+02	  0.2695E-17	  0.1421E-01
  0.1163E+02	  0.2175E-17	  0.1501E-01
  0.1166E+02	  0.1738E-17	  0.1552E-01
  0.1169E+02	  0.1385E-17	  0.1574E-01
  0.1173E+02	  0.1101E-17	  0.1607E-01
  0.1176E+02	  0.8700E-18	  0.1659E-01
  0.1180E+02	  0.6822E-18	  0.1717E-01
  0.1183E+02	  0.5307E-18	  0.1760E-01
  0.1187E+02	  0.4125E-18	  0.1749E-01
  0.1190E+02	  0.3230E-18	  0.1716E-01
  0.1193E+02	  0.2532E-18	  0.1717E-01
  0.1197E+02	  0.1983E-18	  0.1734E-01
  0.1200E+02	  0.1549E-18	  0.1758E-01
  0.1204E+02	  0.1206E-18	  0.1788E-01
  0.1207E+02	  0.9353E-19	  0.1821E-01
  0.1211E+02	  0.7224E-19	  0.1858E-01
  0.1214E+02	  0.5553E-19	  0.1898E-01
  0.1217E+02	  0.4246E-19	  0.1941E-01
  0.1221E+02	  0.3230E-19	  0.1986E-01
  0.1224E+02	  0.2443E-19	  0.2032E-01
  0.1228E+02	  0.1838E-19	  0.2076E-01
  0.1231E+02	  0.1376E-19	  0.2117E-01
  0.1235E+02	  0.1025E-19	  0.2156E-01
  0.1238E+02	  0.7607E-20	  0.2197E-01
  0.1242E+02	  0.5615E-20	  0.2240E-01
  0.1245E+02	  0.4125E-20	  0.2282E-01
  0.1248E+02	  0.3015E-20	  0.2323E-01
  0.1252E+02	  0.2194E-20	  0.2363E-01
  0.1255E+02	  0.1590E-20	  0.2399E-01
  0.1259E+02	  0.1148E-20	  0.2430E-01
  0.1262E+02	  0.8267E-21	  0.2456E-01
  0.1266E+02	  0.5936E-21	  0.2478E-01
  0.1269E+02	  0.4254E-21	  0.2494E-01
  0.1272E+02	  0.3045E-21	  0.2506E-01
  0.1276E+02	  0.2178E-21	  0.2512E-01
  0.1279E+02	  0.1558E-21	  0.2513E-01
  0.1283E+02	  0.1115E-21	  0.2510E-01
  0.1286E+02	  0.7990E-22	  0.2510E-01
  0.1290E+02	  0.5719E-22	  0.2527E-01
  0.1293E+02	  0.4080E-22	  0.2557E-01
  0.1296E+02	  0.2901E-22	  0.2608E-01
  0.1300E+02	  0.2038E-22	  0.2707E-01
  0.1303E+02	  0.1414E-22	  0.2750E-01
  0.1307E+02	  0.9928E-23	  0.2639E-01
  0.1310E+02	  0.7104E-23	  0.2522E-01
  0.1314E+02	  0.5115E-23	  0.2500E-01
  0.1317E+02	  0.3670E-23	  0.2519E-01
  0.1321E+02	  0.2635E-23	  0.2494E-01
  0.1324E+02	  0.1909E-23	  0.2438E-01
  0.1327E+02	  0.1388E-23	  0.2414E-01
  0.1331E+02	  0.1011E-23	  0.2414E-01
  0.1334E+02	  0.7353E-24	  0.2439E-01
  0.1338E+02	  0.5320E-24	  0.2483E-01
  0.1341E+02	  0.3825E-24	  0.2537E-01
  0.1345E+02	  0.2731E-24	  0.2590E-01
  0.1348E+02	  0.1940E-24	  0.2630E-01
  0.1351E+02	  0.1373E-24	  0.2662E-01
  0.1355E+02	  0.9680E-25	  0.2700E-01
  0.1358E+02	  0.6791E-25	  0.2739E-01
  0.1362E+02	  0.4744E-25	  0.2777E-01
  0.1365E+02	  0.3299E-25	  0.2814E-01
  0.1369E+02	  0.2285E-25	  0.2852E-01
  0.1372E+02	  0.1575E-25	  0.2890E-01
  0.1375E+02	  0.1081E-25	  0.2930E-01
  0.1379E+02	  0.7387E-26	  0.2971E-01
  0.1382E+02	  0.5022E-26	  0.3016E-01
  0.1386E+02	  0.3395E-26	  0.3064E-01
  0.1389E+02	  0.2282E-26	  0.3117E-01
  0.1393E+02	  0.1524E-26	  0.3171E-01
  0.1396E+02	  0.1012E-26	  0.3226E-01
  0.1400E+02	  0.6674E-27	  0.3281E-01
  0.1403E+02	  0.4375E-27	  0.3335E-01
  0.1406E+02	  0.2851E-27	  0.3390E-01
  0.1410E+02	  0.1846E-27	  0.3444E-01
  0.1413E+02	  0.1188E-27	  0.3499E-01
  0.1417E+02	  0.7601E-28	  0.3553E-01
  0.1420E+02	  0.4832E-28	  0.3608E-01
  0.1424E+02	  0.3053E-28	  0.3664E-01
  0.1427E+02	  0.1917E-28	  0.3721E-01
  0.1430E+02	  0.1196E-28	  0.3777E-01
  0.1434E+02	  0.7416E-29	  0.3832E-01

R12 
------------------------------------------------------------
Electric field / N (Td)                    15.00    
Angular frequency / N (m3/s)              0.1938E-11
Cosine of E-B field angle                  0.000    
Gas temperature (K)                        800.0    
Excitation temperature (K)                 300.0    
Transition energy (eV)                     0.000    
Ionization degree                          0.000    
Plasma density (1/m3)                     0.1000E+19
Ion charge parameter                       1.000    
Ion/neutral mass ratio                     1.000    
Coulomb collision model                    1.000    
Energy sharing                             0.000    
Growth model                               1.000    
Maxwellian mean energy (eV)                0.000    
# of grid points                           500.0    
Grid type                                  1.000    
Maximum energy                             30.00    
Precision                                 0.1000E-29
Convergence                               0.1000E-03
Maximum # of iterations                   0.2000E+05
Mole fraction Ar                           1.000    
------------------------------------------------------------
Mean energy (eV)                          0.4908    
Mobility *N (1/m/V/s)                     0.1100E+27
Re/perp mobility *N (1/m/V/s)             0.3040E+21
Im/Hall mobility *N (1/m/V/s)            -0.9084E+23
Diffusion coefficient *N (1/m/s)          0.3602E+26
Energy mobility *N (1/m/V/s)              0.8536E+26
Energy diffusion coef. *N (1/m/s)         0.2789E+26
Total collision freq. /N (m3/s)           0.3192E-14
Momentum frequency /N (m3/s)              0.6492E-14
Total ionization freq. /N (m3/s)          0.3083E-43
Power /N (eV m3/s)                        0.6840E-19
Elastic power loss /N (eV m3/s)           0.6837E-19
Inelastic power loss /N (eV m3/s)         0.3402E-29
Growth power /N (eV m3/s)                 0.1513E-43
Maximum energy                             17.89    
# of iterations                            10.00    
# of grid trials                           2.000    
------------------------------------------------------------
Rate coefficients (m3/s)
C1    Ar    Elastic                       0.3192E-14
C2    Ar    Excitation    11.55 eV        0.1354E-30
C3    Ar    Excitation    11.62 eV        0.1085E-30
C4    Ar    Excitation    11.72 eV        0.1294E-31
C5    Ar    Excitation    11.83 eV        0.3598E-31
C6    Ar    Excitation    12.91 eV        0.3396E-35
C7    Ar    Excitation    13.08 eV        0.7398E-37
C8    Ar    Excitation    13.10 eV        0.4428E-37
C9    Ar    Excitation    13.15 eV        0.1506E-37
C10   Ar    Excitation    13.17 eV        0.2349E-37
C11   Ar    Excitation    13.27 eV        0.2736E-38
C12   Ar    Excitation    13.28 eV        0.5070E-38
C13   Ar    Excitation    13.30 eV        0.3774E-38
C14   Ar    Excitation    13.33 eV        0.3986E-38
C15   Ar    Excitation    13.48 eV        0.1773E-38
C16   Ar    Excitation    13.85 eV        0.4842E-40
C17   Ar    Excitation    13.86 eV        0.1653E-39
C18   Ar    Excitation    13.90 eV        0.5609E-40
C19   Ar    Excitation    13.98 eV        0.3244E-40
C20   Ar    Excitation    14.01 eV        0.6543E-41
C21   Ar    Excitation    14.06 eV        0.3596E-41
C22   Ar    Excitation    14.07 eV        0.3403E-41
C23   Ar    Excitation    14.09 eV        0.2646E-43
C24   Ar    Excitation    14.10 eV        0.3213E-42
C25   Ar    Excitation    14.15 eV        0.3423E-43
C26   Ar    Excitation    14.21 eV        0.8705E-42
C27   Ar    Excitation    14.23 eV        0.4750E-42
C28   Ar    Excitation    14.24 eV        0.1015E-42
C29   Ar    Excitation    14.24 eV        0.9559E-43
C30   Ar    Excitation    14.26 eV        0.1427E-44
C31   Ar    Excitation    14.30 eV        0.6762E-44
C32   Ar    Excitation    14.71 eV        0.2000E-46
C33   Ar    Excitation    14.85 eV        0.1292E-45
C34   Ar    Excitation    14.86 eV        0.4287E-45
C35   Ar    Excitation    15.00 eV        0.1569E-45
C36   Ar    Excitation    15.02 eV        0.1617E-45
C37   Ar    Excitation    15.12 eV        0.2690E-46
C38   Ar    Excitation    15.19 eV        0.2573E-45
C39   Ar    Excitation    15.19 eV        0.2560E-45
C40   Ar    Excitation    15.31 eV        0.3886E-47
C41   Ar    Excitation    15.35 eV        0.2500E-47
C42   Ar    Excitation    15.36 eV        0.3585E-47
C43   Ar    Excitation    15.37 eV        0.6248E-46
C44   Ar    Excitation    15.37 eV        0.1379E-45
C45   Ar    Excitation    15.66 eV        0.4351E-45
C46   Ar    Ionization    15.76 eV        0.3083E-43
------------------------------------------------------------
Energy (eV) EEDF (eV-3/2) Anisotropy
  0.1789E-01	  0.5711E+01	  0.3417E-05
  0.5368E-01	  0.5120E+01	  0.3224E-05
  0.8946E-01	  0.4589E+01	  0.2837E-05
  0.1252E+00	  0.4114E+01	  0.2109E-05
  0.1610E+00	  0.3688E+01	  0.1470E-05
  0.1968E+00	  0.3306E+01	  0.1086E-05
  0.2326E+00	  0.2963E+01	  0.1022E-05
  0.2684E+00	  0.2656E+01	  0.1306E-05
  0.3042E+00	  0.2381E+01	  0.1922E-05
  0.3399E+00	  0.2134E+01	  0.2845E-05
  0.3757E+00	  0.1913E+01	  0.4061E-05
  0.4115E+00	  0.1715E+01	  0.5542E-05
  0.4473E+00	  0.1537E+01	  0.7271E-05
  0.4831E+00	  0.1378E+01	  0.9227E-05
  0.5189E+00	  0.1235E+01	  0.1140E-04
  0.5547E+00	  0.1107E+01	  0.1377E-04
  0.5904E+00	  0.9926E+00	  0.1633E-04
  0.6262E+00	  0.8897E+00	  0.1908E-04
  0.6620E+00	  0.7976E+00	  0.2202E-04
  0.6978E+00	  0.7149E+00	  0.2514E-04
  0.7336E+00	  0.6409E+00	  0.2845E-04
  0.7694E+00	  0.5745E+00	  0.3195E-04
  0.8051E+00	  0.5150E+00	  0.3564E-04
  0.8409E+00	  0.4616E+00	  0.3955E-04
  0.8767E+00	  0.4138E+00	  0.4368E-04
  0.9125E+00	  0.3709E+00	  0.4803E-04
  0.9483E+00	  0.3325E+00	  0.5264E-04
  0.9841E+00	  0.2980E+00	  0.5743E-04
  0.1020E+01	  0.2672E+00	  0.6206E-04
  0.1056E+01	  0.2395E+00	  0.6648E-04
  0.1091E+01	  0.2147E+00	  0.7099E-04
  0.1127E+01	  0.1924E+00	  0.7565E-04
  0.1163E+01	  0.1725E+00	  0.8045E-04
  0.1199E+01	  0.1546E+00	  0.8539E-04
  0.1235E+01	  0.1386E+00	  0.9043E-04
  0.1270E+01	  0.1242E+00	  0.9560E-04
  0.1306E+01	  0.1114E+00	  0.1009E-03
  0.1342E+01	  0.9984E-01	  0.1064E-03
  0.1378E+01	  0.8949E-01	  0.1119E-03
  0.1413E+01	  0.8022E-01	  0.1177E-03
  0.1449E+01	  0.7191E-01	  0.1236E-03
  0.1485E+01	  0.6446E-01	  0.1296E-03
  0.1521E+01	  0.5778E-01	  0.1359E-03
  0.1557E+01	  0.5179E-01	  0.1424E-03
  0.1592E+01	  0.4643E-01	  0.1491E-03
  0.1628E+01	  0.4162E-01	  0.1560E-03
  0.1664E+01	  0.3731E-01	  0.1630E-03
  0.1700E+01	  0.3344E-01	  0.1700E-03
  0.1736E+01	  0.2998E-01	  0.1771E-03
  0.1771E+01	  0.2687E-01	  0.1841E-03
  0.1807E+01	  0.2409E-01	  0.1912E-03
  0.1843E+01	  0.2159E-01	  0.1985E-03
  0.1879E+01	  0.1935E-01	  0.2059E-03
  0.1914E+01	  0.1735E-01	  0.2135E-03
  0.1950E+01	  0.1555E-01	  0.2212E-03
  0.1986E+01	  0.1394E-01	  0.2291E-03
  0.2022E+01	  0.1250E-01	  0.2375E-03
  0.2058E+01	  0.1120E-01	  0.2462E-03
  0.2093E+01	  0.1004E-01	  0.2552E-03
  0.2129E+01	  0.9000E-02	  0.2644E-03
  0.2165E+01	  0.8068E-02	  0.2737E-03
  0.2201E+01	  0.7232E-02	  0.2831E-03
  0.2237E+01	  0.6482E-02	  0.2928E-03
  0.2272E+01	  0.5811E-02	  0.3026E-03
  0.2308E+01	  0.5209E-02	  0.3125E-03
  0.2344E+01	  0.4669E-02	  0.3226E-03
  0.2380E+01	  0.4185E-02	  0.3329E-03
  0.2415E+01	  0.3752E-02	  0.3433E-03
  0.2451E+01	  0.3363E-02	  0.3539E-03
  0.2487E+01	  0.3014E-02	  0.3648E-03
  0.2523E+01	  0.2702E-02	  0.3758E-03
  0.2559E+01	  0.2422E-02	  0.3872E-03
  0.2594E+01	  0.2171E-02	  0.3987E-03
  0.2630E+01	  0.1946E-02	  0.4105E-03
  0.2666E+01	  0.1744E-02	  0.4224E-03
  0.2702E+01	  0.1564E-02	  0.4344E-03
  0.2737E+01	  0.1402E-02	  0.4467E-03
  0.2773E+01	  0.1256E-02	  0.4591E-03
  0.2809E+01	  0.1126E-02	  0.4717E-03
  0.2845E+01	  0.1009E-02	  0.4844E-03
  0.2881E+01	  0.9048E-03	  0.4974E-03
  0.2916E+01	  0.8111E-03	  0.5105E-03
  0.2952E+01	  0.7270E-03	  0.5237E-03
  0.2988E+01	  0.6517E-03	  0.5371E-03
  0.3024E+01	  0.5841E-03	  0.5506E-03
  0.3060E+01	  0.5236E-03	  0.5642E-03
  0.3095E+01	  0.4693E-03	  0.5779E-03
  0.3131E+01	  0.4207E-03	  0.5918E-03
  0.3167E+01	  0.3771E-03	  0.6059E-03
  0.3203E+01	  0.3380E-03	  0.6201E-03
  0.3238E+01	  0.3030E-03	  0.6346E-03
  0.3274E+01	  0.2716E-03	  0.6491E-03
  0.3310E+01	  0.2434E-03	  0.6639E-03
  0.3346E+01	  0.2182E-03	  0.6788E-03
  0.3382E+01	  0.1956E-03	  0.6938E-03
  0.3417E+01	  0.1753E-03	  0.7091E-03
  0.3453E+01	  0.1571E-03	  0.7245E-03
  0.3489E+01	  0.1408E-03	  0.7400E-03
  0.3525E+01	  0.1262E-03	  0.7557E-03
  0.3561E+01	  0.1132E-03	  0.7716E-03
  0.3596E+01	  0.1014E-03	  0.7877E-03
  0.3632E+01	  0.9091E-04	  0.8039E-03
  0.3668E+01	  0.8148E-04	  0.8203E-03
  0.3704E+01	  0.7304E-04	  0.8368E-03
  0.3739E+01	  0.6546E-04	  0.8535E-03
  0.3775E+01	  0.5868E-04	  0.8704E-03
  0.3811E+01	  0.5259E-04	  0.8875E-03
  0.3847E+01	  0.4714E-04	  0.9047E-03
  0.3883E+01	  0.4225E-04	  0.9220E-03
  0.3918E+01	  0.3787E-04	  0.9396E-03
  0.3954E+01	  0.3394E-04	  0.9573E-03
  0.3990E+01	  0.3042E-04	  0.9758E-03
  0.4026E+01	  0.2727E-04	  0.9955E-03
  0.4061E+01	  0.2444E-04	  0.1016E-02
  0.4097E+01	  0.2191E-04	  0.1037E-02
  0.4133E+01	  0.1964E-04	  0.1058E-02
  0.4169E+01	  0.1760E-04	  0.1079E-02
  0.4205E+01	  0.1577E-04	  0.1101E-02
  0.4240E+01	  0.1414E-04	  0.1122E-02
  0.4276E+01	  0.1267E-04	  0.1144E-02
  0.4312E+01	  0.1136E-04	  0.1166E-02
  0.4348E+01	  0.1018E-04	  0.1189E-02
  0.4384E+01	  0.9123E-05	  0.1211E-02
  0.4419E+01	  0.8177E-05	  0.1234E-02
  0.4455E+01	  0.7329E-05	  0.1257E-02
  0.4491E+01	  0.6568E-05	  0.1280E-02
  0.4527E+01	  0.5887E-05	  0.1304E-02
  0.4562E+01	  0.5276E-05	  0.1327E-02
  0.4598E+01	  0.4729E-05	  0.1351E-02
  0.4634E+01	  0.4238E-05	  0.1375E-02
  0.4670E+01	  0.3798E-05	  0.1400E-02
  0.4706E+01	  0.3404E-05	  0.1424E-02
  0.4741E+01	  0.3051E-05	  0.1449E-02
  0.4777E+01	  0.2734E-05	  0.1474E-02
  0.4813E+01	  0.2451E-05	  0.1499E-02
  0.4849E+01	  0.2196E-05	  0.1524E-02
  0.4885E+01	  0.1968E-05	  0.1550E-02
  0.4920E+01	  0.1764E-05	  0.1575E-02
  0.4956E+01	  0.1581E-05	  0.1601E-02
  0.4992E+01	  0.1417E-05	  0.1628E-02
  0.5028E+01	  0.1270E-05	  0.1654E-02
  0.5063E+01	  0.1138E-05	  0.1682E-02
  0.5099E+01	  0.1020E-05	  0.1709E-02
  0.5135E+01	  0.9139E-06	  0.1737E-02
  0.5171E+01	  0.8190E-06	  0.1765E-02
  0.5207E+01	  0.7339E-06	  0.1793E-02
  0.5242E+01	  0.6577E-06	  0.1822E-02
  0.5278E+01	  0.5894E-06	  0.1850E-02
  0.5314E+01	  0.5282E-06	  0.1879E-02
  0.5350E+01	  0.4733E-06	  0.1908E-02
  0.5385E+01	  0.4242E-06	  0.1937E-02
  0.5421E+01	  0.3801E-06	  0.1967E-02
  0.5457E+01	  0.3406E-06	  0.1997E-02
  0.5493E+01	  0.3052E-06	  0.2027E-02
  0.5529E+01	  0.2735E-06	  0.2057E-02
  0.5564E+01	  0.2451E-06	  0.2087E-02
  0.5600E+01	  0.2196E-06	  0.2118E-02
  0.5636E+01	  0.1968E-06	  0.2149E-02
  0.5672E+01	  0.1764E-06	  0.2180E-02
  0.5708E+01	  0.1580E-06	  0.2211E-02
  0.5743E+01	  0.1416E-06	  0.2242E-02
  0.5779E+01	  0.1269E-06	  0.2274E-02
  0.5815E+01	  0.1137E-06	  0.2306E-02
  0.5851E+01	  0.1019E-06	  0.2338E-02
  0.5886E+01	  0.9128E-07	  0.2371E-02
  0.5922E+01	  0.8179E-07	  0.2403E-02
  0.5958E+01	  0.7329E-07	  0.2436E-02
  0.5994E+01	  0.6566E-07	  0.2468E-02
  0.6030E+01	  0.5884E-07	  0.2501E-02
  0.6065E+01	  0.5272E-07	  0.2534E-02
  0.6101E+01	  0.4723E-07	  0.2567E-02
  0.6137E+01	  0.4232E-07	  0.2600E-02
  0.6173E+01	  0.3792E-07	  0.2633E-02
  0.6209E+01	  0.3397E-07	  0.2666E-02
  0.6244E+01	  0.3044E-07	  0.2700E-02
  0.6280E+01	  0.2727E-07	  0.2733E-02
  0.6316E+01	  0.2443E-07	  0.2767E-02
  0.6352E+01	  0.2189E-07	  0.2801E-02
  0.6387E+01	  0.1961E-07	  0.2836E-02
  0.6423E+01	  0.1757E-07	  0.2870E-02
  0.6459E+01	  0.1574E-07	  0.2905E-02
  0.6495E+01	  0.1410E-07	  0.2940E-02
  0.6531E+01	  0.1263E-07	  0.2975E-02
  0.6566E+01	  0.1132E-07	  0.3011E-02
  0.6602E+01	  0.1014E-07	  0.3046E-02
  0.6638E+01	  0.9083E-08	  0.3082E-02
  0.6674E+01	  0.8136E-08	  0.3118E-02
  0.6710E+01	  0.7289E-08	  0.3154E-02
  0.6745E+01	  0.6529E-08	  0.3191E-02
  0.6781E+01	  0.5849E-08	  0.3228E-02
  0.6817E+01	  0.5240E-08	  0.3264E-02
  0.6853E+01	  0.4694E-08	  0.3301E-02
  0.6888E+01	  0.4204E-08	  0.3339E-02
  0.6924E+01	  0.3766E-08	  0.3376E-02
  0.6960E+01	  0.3373E-08	  0.3413E-02
  0.6996E+01	  0.3022E-08	  0.3449E-02
  0.7032E+01	  0.2707E-08	  0.3485E-02
  0.7067E+01	  0.2424E-08	  0.3521E-02
  0.7103E+01	  0.2172E-08	  0.3557E-02
  0.7139E+01	  0.1945E-08	  0.3593E-02
  0.7175E+01	  0.1742E-08	  0.3628E-02
  0.7210E+01	  0.1560E-08	  0.3664E-02
  0.7246E+01	  0.1398E-08	  0.3700E-02
  0.7282E+01	  0.1252E-08	  0.3736E-02
  0.7318E+01	  0.1121E-08	  0.3772E-02
  0.7354E+01	  0.1004E-08	  0.3808E-02
  0.7389E+01	  0.8993E-09	  0.3845E-02
  0.7425E+01	  0.8054E-09	  0.3882E-02
  0.7461E+01	  0.7213E-09	  0.3919E-02
  0.7497E+01	  0.6460E-09	  0.3956E-02
  0.7533E+01	  0.5786E-09	  0.3993E-02
  0.7568E+01	  0.5181E-09	  0.4030E-02
  0.7604E+01	  0.4640E-09	  0.4068E-02
  0.7640E+01	  0.4155E-09	  0.4106E-02
  0.7676E+01	  0.3721E-09	  0.4144E-02
  0.7711E+01	  0.3333E-09	  0.4182E-02
  0.7747E+01	  0.2984E-09	  0.4220E-02
  0.7783E+01	  0.2672E-09	  0.4259E-02
  0.7819E+01	  0.2393E-09	  0.4297E-02
  0.7855E+01	  0.2143E-09	  0.4336E-02
  0.7890E+01	  0.1919E-09	  0.4375E-02
  0.7926E+01	  0.1718E-09	  0.4414E-02
  0.7962E+01	  0.1539E-09	  0.4454E-02
  0.7998E+01	  0.1378E-09	  0.4493E-02
  0.8034E+01	  0.1234E-09	  0.4533E-02
  0.8069E+01	  0.1105E-09	  0.4573E-02
  0.8105E+01	  0.9889E-10	  0.4613E-02
  0.8141E+01	  0.8855E-10	  0.4653E-02
  0.8177E+01	  0.7928E-10	  0.4693E-02
  0.8212E+01	  0.7098E-10	  0.4734E-02
  0.8248E+01	  0.6355E-10	  0.4775E-02
  0.8284E+01	  0.5690E-10	  0.4816E-02
  0.8320E+01	  0.5094E-10	  0.4857E-02
  0.8356E+01	  0.4561E-10	  0.4898E-02
  0.8391E+01	  0.4083E-10	  0.4939E-02
  0.8427E+01	  0.3655E-10	  0.4981E-02
  0.8463E+01	  0.3272E-10	  0.5023E-02
  0.8499E+01	  0.2929E-10	  0.5065E-02
  0.8534E+01	  0.2622E-10	  0.5107E-02
  0.8570E+01	  0.2348E-10	  0.5149E-02
  0.8606E+01	  0.2101E-10	  0.5191E-02
  0.8642E+01	  0.1881E-10	  0.5234E-02
  0.8678E+01	  0.1684E-10	  0.5277E-02
  0.8713E+01	  0.1507E-10	  0.5320E-02
  0.8749E+01	  0.1349E-10	  0.5363E-02
  0.8785E+01	  0.1208E-10	  0.5406E-02
  0.8821E+01	  0.1081E-10	  0.5450E-02
  0.8857E+01	  0.9675E-11	  0.5494E-02
  0.8892E+01	  0.8659E-11	  0.5538E-02
  0.8928E+01	  0.7750E-11	  0.5582E-02
  0.8964E+01	  0.6936E-11	  0.5625E-02
  0.9000E+01	  0.6208E-11	  0.5668E-02
  0.9035E+01	  0.5556E-11	  0.5712E-02
  0.9071E+01	  0.4972E-11	  0.5756E-02
  0.9107E+01	  0.4450E-11	  0.5799E-02
  0.9143E+01	  0.3982E-11	  0.5843E-02
  0.9179E+01	  0.3564E-11	  0.5888E-02
  0.9214E+01	  0.3189E-11	  0.5932E-02
  0.9250E+01	  0.2854E-11	  0.5977E-02
  0.9286E+01	  0.2553E-11	  0.6021E-02
  0.9322E+01	  0.2285E-11	  0.6066E-02
  0.9358E+01	  0.2044E-11	  0.6111E-02
  0.9393E+01	  0.1829E-11	  0.6156E-02
  0.9429E+01	  0.1637E-11	  0.6202E-02
  0.9465E+01	  0.1464E-11	  0.6247E-02
  0.9501E+01	  0.1310E-11	  0.6293E-02
  0.9536E+01	  0.1172E-11	  0.6339E-02
  0.9572E+01	  0.1049E-11	  0.6385E-02
  0.9608E+01	  0.9381E-12	  0.6432E-02
  0.9644E+01	  0.8392E-12	  0.6478E-02
  0.9680E+01	  0.7506E-12	  0.6525E-02
  0.9715E+01	  0.6715E-12	  0.6571E-02
  0.9751E+01	  0.6006E-12	  0.6618E-02
  0.9787E+01	  0.5372E-12	  0.6665E-02
  0.9823E+01	  0.4804E-12	  0.6712E-02
  0.9858E+01	  0.4297E-12	  0.6760E-02
  0.9894E+01	  0.3843E-12	  0.6807E-02
  0.9930E+01	  0.3436E-12	  0.6856E-02
  0.9966E+01	  0.3073E-12	  0.6905E-02
  0.1000E+02	  0.2747E-12	  0.6954E-02
  0.1004E+02	  0.2456E-12	  0.6999E-02
  0.1007E+02	  0.2196E-12	  0.7038E-02
  0.1011E+02	  0.1963E-12	  0.7076E-02
  0.1014E+02	  0.1755E-12	  0.7114E-02
  0.1018E+02	  0.1568E-12	  0.7154E-02
  0.1022E+02	  0.1402E-12	  0.7193E-02
  0.1025E+02	  0.1253E-12	  0.7234E-02
  0.1029E+02	  0.1119E-12	  0.7275E-02
  0.1032E+02	  0.1000E-12	  0.7317E-02
  0.1036E+02	  0.8933E-13	  0.7360E-02
  0.1040E+02	  0.7979E-13	  0.7404E-02
  0.1043E+02	  0.7125E-13	  0.7450E-02
  0.1047E+02	  0.6362E-13	  0.7496E-02
  0.1050E+02	  0.5679E-13	  0.7545E-02
  0.1054E+02	  0.5069E-13	  0.7595E-02
  0.1057E+02	  0.4523E-13	  0.7646E-02
  0.1061E+02	  0.4034E-13	  0.7698E-02
  0.1065E+02	  0.3598E-13	  0.7745E-02
  0.1068E+02	  0.3207E-13	  0.7792E-02
  0.1072E+02	  0.2858E-13	  0.7841E-02
  0.1075E+02	  0.2546E-13	  0.7893E-02
  0.1079E+02	  0.2267E-13	  0.7949E-02
  0.1082E+02	  0.2017E-13	  0.8009E-02
  0.1086E+02	  0.1794E-13	  0.8074E-02
  0.1090E+02	  0.1594E-13	  0.8145E-02
  0.1093E+02	  0.1416E-13	  0.8221E-02
  0.1097E+02	  0.1257E-13	  0.8305E-02
  0.1100E+02	  0.1114E-13	  0.8397E-02
  0.1104E+02	  0.9867E-14	  0.8498E-02
  0.1108E+02	  0.8728E-14	  0.8611E-02
  0.1111E+02	  0.7710E-14	  0.8736E-02
  0.1115E+02	  0.6801E-14	  0.8876E-02
  0.1118E+02	  0.5988E-14	  0.9033E-02
  0.1122E+02	  0.5261E-14	  0.9211E-02
  0.1125E+02	  0.4612E-14	  0.9413E-02
  0.1129E+02	  0.4032E-14	  0.9644E-02
  0.1133E+02	  0.3514E-14	  0.9911E-02
  0.1136E+02	  0.3052E-14	  0.1022E-01
  0.1140E+02	  0.2639E-14	  0.1059E-01
  0.1143E+02	  0.2270E-14	  0.1102E-01
  0.1147E+02	  0.1940E-14	  0.1154E-01
  0.1150E+02	  0.1646E-14	  0.1217E-01
  0.1154E+02	  0.1384E-14	  0.1295E-01
  0.1158E+02	  0.1150E-14	  0.1383E-01
  0.1161E+02	  0.9442E-15	  0.1471E-01
  0.1165E+02	  0.7672E-15	  0.1536E-01
  0.1168E+02	  0.6205E-15	  0.1567E-01
  0.1172E+02	  0.5008E-15	  0.1597E-01
  0.1176E+02	  0.4021E-15	  0.1647E-01
  0.1179E+02	  0.3205E-15	  0.1705E-01
  0.1183E+02	  0.2536E-15	  0.1752E-01
  0.1186E+02	  0.2001E-15	  0.1750E-01
  0.1190E+02	  0.1591E-15	  0.1716E-01
  0.1193E+02	  0.1266E-15	  0.1718E-01
  0.1197E+02	  0.1006E-15	  0.1737E-01
  0.1201E+02	  0.7972E-16	  0.1764E-01
  0.1204E+02	  0.6297E-16	  0.1796E-01
  0.1208E+02	  0.4954E-16	  0.1832E-01
  0.1211E+02	  0.3881E-16	  0.1873E-01
  0.1215E+02	  0.3025E-16	  0.1916E-01
  0.1218E+02	  0.2346E-16	  0.1963E-01
  0.1222E+02	  0.1809E-16	  0.2011E-01
  0.1226E+02	  0.1388E-16	  0.2059E-01
  0.1229E+02	  0.1059E-16	  0.2104E-01
  0.1233E+02	  0.8042E-17	  0.2146E-01
  0.1236E+02	  0.6079E-17	  0.2189E-01
  0.1240E+02	  0.4574E-17	  0.2233E-01
  0.1243E+02	  0.3425E-17	  0.2278E-01
  0.1247E+02	  0.2552E-17	  0.2322E-01
  0.1251E+02	  0.1893E-17	  0.2364E-01
  0.1254E+02	  0.1398E-17	  0.2403E-01
  0.1258E+02	  0.1029E-17	  0.2437E-01
  0.1261E+02	  0.7544E-18	  0.2465E-01
  0.1265E+02	  0.5520E-18	  0.2488E-01
  0.1269E+02	  0.4030E-18	  0.2506E-01
  0.1272E+02	  0.2939E-18	  0.2518E-01
  0.1276E+02	  0.2142E-18	  0.2525E-01
  0.1279E+02	  0.1560E-18	  0.2527E-01
  0.1283E+02	  0.1138E-18	  0.2524E-01
  0.1286E+02	  0.8302E-19	  0.2527E-01
  0.1290E+02	  0.6049E-19	  0.2548E-01
  0.1294E+02	  0.4393E-19	  0.2582E-01
  0.1297E+02	  0.3176E-19	  0.2643E-01
  0.1301E+02	  0.2268E-19	  0.2737E-01
  0.1304E+02	  0.1608E-19	  0.2736E-01
  0.1308E+02	  0.1160E-19	  0.2598E-01
  0.1311E+02	  0.8489E-20	  0.2516E-01
  0.1315E+02	  0.6220E-20	  0.2519E-01
  0.1319E+02	  0.4545E-20	  0.2522E-01
  0.1322E+02	  0.3339E-20	  0.2475E-01
  0.1326E+02	  0.2469E-20	  0.2434E-01
  0.1329E+02	  0.1830E-20	  0.2426E-01
  0.1333E+02	  0.1355E-20	  0.2444E-01
  0.1337E+02	  0.9994E-21	  0.2485E-01
  0.1340E+02	  0.7328E-21	  0.2540E-01
  0.1344E+02	  0.5337E-21	  0.2596E-01
  0.1347E+02	  0.3864E-21	  0.2642E-01
  0.1351E+02	  0.2788E-21	  0.2677E-01
  0.1354E+02	  0.2003E-21	  0.2717E-01
  0.1358E+02	  0.1433E-21	  0.2758E-01
  0.1362E+02	  0.1020E-21	  0.2798E-01
  0.1365E+02	  0.7231E-22	  0.2837E-01
  0.1369E+02	  0.5104E-22	  0.2878E-01
  0.1372E+02	  0.3587E-22	  0.2919E-01
  0.1376E+02	  0.2509E-22	  0.2961E-01
  0.1379E+02	  0.1747E-22	  0.3006E-01
  0.1383E+02	  0.1210E-22	  0.3054E-01
  0.1387E+02	  0.8336E-23	  0.3107E-01
  0.1390E+02	  0.5707E-23	  0.3164E-01
  0.1394E+02	  0.3883E-23	  0.3221E-01
  0.1397E+02	  0.2626E-23	  0.3280E-01
  0.1401E+02	  0.1764E-23	  0.3338E-01
  0.1405E+02	  0.1178E-23	  0.3395E-01
  0.1408E+02	  0.7819E-24	  0.3453E-01
  0.1412E+02	  0.5158E-24	  0.3510E-01
  0.1415E+02	  0.3381E-24	  0.3568E-01
  0.1419E+02	  0.2203E-24	  0.3626E-01
  0.1422E+02	  0.1427E-24	  0.3685E-01
  0.1426E+02	  0.9180E-25	  0.3745E-01
  0.1430E+02	  0.5870E-25	  0.3804E-01
  0.1433E+02	  0.3730E-25	  0.3863E-01
  0.1437E+02	  0.2356E-25	  0.3922E-01
  0.1440E+02	  0.1479E-25	  0.3979E-01
  0.1444E+02	  0.9234E-26	  0.4036E-01
  0.1447E+02	  0.5730E-26	  0.4093E-01
  0.1451E+02	  0.3535E-26	  0.4149E-01
  0.1455E+02	  0.2169E-26	  0.4204E-01
  0.1458E+02	  0.1323E-26	  0.4259E-01
  0.1462E+02	  0.8029E-27	  0.4313E-01
  0.1465E+02	  0.4845E-27	  0.4367E-01
  0.1469E+02	  0.2908E-27	  0.4421E-01
  0.1473E+02	  0.1737E-27	  0.4473E-01
  0.1476E+02	  0.1031E-27	  0.4526E-01
  0.1480E+02	  0.6095E-28	  0.4578E-01
  0.1483E+02	  0.3583E-28	  0.4630E-01
  0.1487E+02	  0.2096E-28	  0.4681E-01
  0.1490E+02	  0.1220E-28	  0.4731E-01
  0.1494E+02	  0.7068E-29	  0.4779E-01

R13 
------------------------------------------------------------
Electric field / N (Td)                    17.50    
Angular frequency / N (m3/s)              0.1938E-11
Cosine of E-B field angle                  0.000    
Gas temperature (K)                        800.0    
Excitation temperature (K)                 300.0    
Transition energy (eV)                     0.000    
Ionization degree                          0.000    
Plasma density (1/m3)                     0.1000E+19
Ion charge parameter                       1.000    
Ion/neutral mass ratio                     1.000    
Coulomb collision model                    1.000    
Energy sharing                             0.000    
Growth model                               1.000    
Maxwellian mean energy (eV)                0.000    
# of grid points                           500.0    
Grid type                                  1.000    
Maximum energy                             30.00    
Precision                                 0.1000E-29
Convergence                               0.1000E-03
Maximum # of iterations                   0.2000E+05
Mole fraction Ar                           1.000    
------------------------------------------------------------
Mean energy (eV)                          0.6306    
Mobility *N (1/m/V/s)                     0.7758E+26
Re/perp mobility *N (1/m/V/s)             0.4561E+21
Im/Hall mobility *N (1/m/V/s)            -0.9081E+23
Diffusion coefficient *N (1/m/s)          0.3264E+26
Energy mobility *N (1/m/V/s)              0.5444E+26
Energy diffusion coef. *N (1/m/s)         0.2286E+26
Total collision freq. /N (m3/s)           0.4734E-14
Momentum frequency /N (m3/s)              0.9740E-14
Total ionization freq. /N (m3/s)          0.7179E-43
Power /N (eV m3/s)                        0.1397E-18
Elastic power loss /N (eV m3/s)           0.1396E-18
Inelastic power loss /N (eV m3/s)         0.6941E-26
Growth power /N (eV m3/s)                 0.4527E-43
Maximum energy                             18.90    
# of iterations                            10.00    
# of grid trials                           2.000    
------------------------------------------------------------
Rate coefficients (m3/s)
C1    Ar    Elastic                       0.4734E-14
C2    Ar    Excitation    11.55 eV        0.2664E-27
C3    Ar    Excitation    11.62 eV        0.2163E-27
C4    Ar    Excitation    11.72 eV        0.2785E-28
C5    Ar    Excitation    11.83 eV        0.8648E-28
C6    Ar    Excitation    12.91 eV        0.2610E-31
C7    Ar    Excitation    13.08 eV        0.8127E-33
C8    Ar    Excitation    13.10 eV        0.4970E-33
C9    Ar    Excitation    13.15 eV        0.1804E-33
C10   Ar    Excitation    13.17 eV        0.2873E-33
C11   Ar    Excitation    13.27 eV        0.3746E-34
C12   Ar    Excitation    13.28 eV        0.7020E-34
C13   Ar    Excitation    13.30 eV        0.5336E-34
C14   Ar    Excitation    13.33 eV        0.5805E-34
C15   Ar    Excitation    13.48 eV        0.3093E-34
C16   Ar    Excitation    13.85 eV        0.1333E-35
C17   Ar    Excitation    13.86 eV        0.4698E-35
C18   Ar    Excitation    13.90 eV        0.1686E-35
C19   Ar    Excitation    13.98 eV        0.1090E-35
C20   Ar    Excitation    14.01 eV        0.2309E-36
C21   Ar    Excitation    14.06 eV        0.1366E-36
C22   Ar    Excitation    14.07 eV        0.1302E-36
C23   Ar    Excitation    14.09 eV        0.1163E-38
C24   Ar    Excitation    14.10 eV        0.1287E-37
C25   Ar    Excitation    14.15 eV        0.1622E-38
C26   Ar    Excitation    14.21 eV        0.4151E-37
C27   Ar    Excitation    14.23 eV        0.2336E-37
C28   Ar    Excitation    14.24 eV        0.4995E-38
C29   Ar    Excitation    14.24 eV        0.4751E-38
C30   Ar    Excitation    14.26 eV        0.7236E-40
C31   Ar    Excitation    14.30 eV        0.3348E-39
C32   Ar    Excitation    14.71 eV        0.3690E-43
C33   Ar    Excitation    14.85 eV        0.4299E-43
C34   Ar    Excitation    14.86 eV        0.1241E-42
C35   Ar    Excitation    15.00 eV        0.7245E-44
C36   Ar    Excitation    15.02 eV        0.5977E-44
C37   Ar    Excitation    15.12 eV        0.3250E-45
C38   Ar    Excitation    15.19 eV        0.1625E-44
C39   Ar    Excitation    15.19 eV        0.1566E-44
C40   Ar    Excitation    15.31 eV        0.1264E-46
C41   Ar    Excitation    15.35 eV        0.7392E-47
C42   Ar    Excitation    15.36 eV        0.1046E-46
C43   Ar    Excitation    15.37 eV        0.1808E-45
C44   Ar    Excitation    15.37 eV        0.3953E-45
C45   Ar    Excitation    15.66 eV        0.1251E-44
C46   Ar    Ionization    15.76 eV        0.7179E-43
------------------------------------------------------------
Energy (eV) EEDF (eV-3/2) Anisotropy
  0.1890E-01	  0.3958E+01	  0.3158E-05
  0.5670E-01	  0.3618E+01	  0.2938E-05
  0.9450E-01	  0.3307E+01	  0.2500E-05
  0.1323E+00	  0.3023E+01	  0.1785E-05
  0.1701E+00	  0.2763E+01	  0.1209E-05
  0.2079E+00	  0.2525E+01	  0.9300E-06
  0.2457E+00	  0.2308E+01	  0.9942E-06
  0.2835E+00	  0.2110E+01	  0.1394E-05
  0.3213E+00	  0.1928E+01	  0.2117E-05
  0.3591E+00	  0.1762E+01	  0.3147E-05
  0.3969E+00	  0.1611E+01	  0.4460E-05
  0.4347E+00	  0.1472E+01	  0.6029E-05
  0.4725E+00	  0.1346E+01	  0.7836E-05
  0.5103E+00	  0.1230E+01	  0.9862E-05
  0.5481E+00	  0.1124E+01	  0.1210E-04
  0.5859E+00	  0.1028E+01	  0.1453E-04
  0.6237E+00	  0.9393E+00	  0.1714E-04
  0.6615E+00	  0.8585E+00	  0.1995E-04
  0.6993E+00	  0.7847E+00	  0.2295E-04
  0.7371E+00	  0.7172E+00	  0.2613E-04
  0.7749E+00	  0.6556E+00	  0.2951E-04
  0.8127E+00	  0.5992E+00	  0.3309E-04
  0.8505E+00	  0.5477E+00	  0.3688E-04
  0.8883E+00	  0.5006E+00	  0.4091E-04
  0.9261E+00	  0.4575E+00	  0.4517E-04
  0.9639E+00	  0.4182E+00	  0.4968E-04
  0.1002E+01	  0.3822E+00	  0.5421E-04
  0.1040E+01	  0.3494E+00	  0.5852E-04
  0.1077E+01	  0.3193E+00	  0.6279E-04
  0.1115E+01	  0.2919E+00	  0.6721E-04
  0.1153E+01	  0.2668E+00	  0.7177E-04
  0.1191E+01	  0.2438E+00	  0.7647E-04
  0.1229E+01	  0.2229E+00	  0.8129E-04
  0.1266E+01	  0.2037E+00	  0.8622E-04
  0.1304E+01	  0.1862E+00	  0.9129E-04
  0.1342E+01	  0.1702E+00	  0.9651E-04
  0.1380E+01	  0.1556E+00	  0.1019E-03
  0.1418E+01	  0.1422E+00	  0.1074E-03
  0.1455E+01	  0.1300E+00	  0.1130E-03
  0.1493E+01	  0.1188E+00	  0.1189E-03
  0.1531E+01	  0.1086E+00	  0.1250E-03
  0.1569E+01	  0.9923E-01	  0.1313E-03
  0.1607E+01	  0.9070E-01	  0.1378E-03
  0.1644E+01	  0.8290E-01	  0.1444E-03
  0.1682E+01	  0.7577E-01	  0.1511E-03
  0.1720E+01	  0.6926E-01	  0.1579E-03
  0.1758E+01	  0.6330E-01	  0.1646E-03
  0.1796E+01	  0.5786E-01	  0.1714E-03
  0.1833E+01	  0.5288E-01	  0.1784E-03
  0.1871E+01	  0.4834E-01	  0.1854E-03
  0.1909E+01	  0.4418E-01	  0.1927E-03
  0.1947E+01	  0.4038E-01	  0.2000E-03
  0.1985E+01	  0.3691E-01	  0.2076E-03
  0.2022E+01	  0.3373E-01	  0.2156E-03
  0.2060E+01	  0.3083E-01	  0.2240E-03
  0.2098E+01	  0.2818E-01	  0.2326E-03
  0.2136E+01	  0.2576E-01	  0.2414E-03
  0.2174E+01	  0.2354E-01	  0.2504E-03
  0.2211E+01	  0.2152E-01	  0.2595E-03
  0.2249E+01	  0.1967E-01	  0.2688E-03
  0.2287E+01	  0.1798E-01	  0.2782E-03
  0.2325E+01	  0.1643E-01	  0.2878E-03
  0.2363E+01	  0.1502E-01	  0.2976E-03
  0.2400E+01	  0.1373E-01	  0.3075E-03
  0.2438E+01	  0.1255E-01	  0.3176E-03
  0.2476E+01	  0.1147E-01	  0.3279E-03
  0.2514E+01	  0.1048E-01	  0.3385E-03
  0.2552E+01	  0.9579E-02	  0.3493E-03
  0.2589E+01	  0.8756E-02	  0.3603E-03
  0.2627E+01	  0.8003E-02	  0.3716E-03
  0.2665E+01	  0.7314E-02	  0.3830E-03
  0.2703E+01	  0.6685E-02	  0.3945E-03
  0.2741E+01	  0.6110E-02	  0.4063E-03
  0.2778E+01	  0.5585E-02	  0.4182E-03
  0.2816E+01	  0.5104E-02	  0.4303E-03
  0.2854E+01	  0.4665E-02	  0.4425E-03
  0.2892E+01	  0.4264E-02	  0.4550E-03
  0.2930E+01	  0.3897E-02	  0.4676E-03
  0.2967E+01	  0.3562E-02	  0.4803E-03
  0.3005E+01	  0.3256E-02	  0.4932E-03
  0.3043E+01	  0.2976E-02	  0.5062E-03
  0.3081E+01	  0.2720E-02	  0.5193E-03
  0.3119E+01	  0.2486E-02	  0.5326E-03
  0.3156E+01	  0.2272E-02	  0.5460E-03
  0.3194E+01	  0.2076E-02	  0.5596E-03
  0.3232E+01	  0.1898E-02	  0.5734E-03
  0.3270E+01	  0.1735E-02	  0.5873E-03
  0.3308E+01	  0.1585E-02	  0.6015E-03
  0.3345E+01	  0.1449E-02	  0.6157E-03
  0.3383E+01	  0.1324E-02	  0.6302E-03
  0.3421E+01	  0.1210E-02	  0.6448E-03
  0.3459E+01	  0.1106E-02	  0.6596E-03
  0.3497E+01	  0.1011E-02	  0.6745E-03
  0.3534E+01	  0.9241E-03	  0.6896E-03
  0.3572E+01	  0.8446E-03	  0.7049E-03
  0.3610E+01	  0.7719E-03	  0.7203E-03
  0.3648E+01	  0.7055E-03	  0.7359E-03
  0.3686E+01	  0.6448E-03	  0.7517E-03
  0.3723E+01	  0.5893E-03	  0.7677E-03
  0.3761E+01	  0.5386E-03	  0.7838E-03
  0.3799E+01	  0.4922E-03	  0.8001E-03
  0.3837E+01	  0.4499E-03	  0.8165E-03
  0.3875E+01	  0.4112E-03	  0.8331E-03
  0.3912E+01	  0.3758E-03	  0.8499E-03
  0.3950E+01	  0.3434E-03	  0.8668E-03
  0.3988E+01	  0.3139E-03	  0.8845E-03
  0.4026E+01	  0.2869E-03	  0.9034E-03
  0.4064E+01	  0.2622E-03	  0.9228E-03
  0.4101E+01	  0.2396E-03	  0.9427E-03
  0.4139E+01	  0.2190E-03	  0.9630E-03
  0.4177E+01	  0.2001E-03	  0.9835E-03
  0.4215E+01	  0.1829E-03	  0.1004E-02
  0.4253E+01	  0.1672E-03	  0.1025E-02
  0.4290E+01	  0.1528E-03	  0.1046E-02
  0.4328E+01	  0.1396E-03	  0.1068E-02
  0.4366E+01	  0.1276E-03	  0.1089E-02
  0.4404E+01	  0.1166E-03	  0.1111E-02
  0.4442E+01	  0.1066E-03	  0.1133E-02
  0.4479E+01	  0.9740E-04	  0.1155E-02
  0.4517E+01	  0.8901E-04	  0.1177E-02
  0.4555E+01	  0.8135E-04	  0.1200E-02
  0.4593E+01	  0.7434E-04	  0.1223E-02
  0.4631E+01	  0.6794E-04	  0.1246E-02
  0.4668E+01	  0.6209E-04	  0.1269E-02
  0.4706E+01	  0.5674E-04	  0.1293E-02
  0.4744E+01	  0.5185E-04	  0.1316E-02
  0.4782E+01	  0.4739E-04	  0.1340E-02
  0.4820E+01	  0.4330E-04	  0.1364E-02
  0.4857E+01	  0.3957E-04	  0.1389E-02
  0.4895E+01	  0.3616E-04	  0.1413E-02
  0.4933E+01	  0.3305E-04	  0.1438E-02
  0.4971E+01	  0.3020E-04	  0.1463E-02
  0.5009E+01	  0.2760E-04	  0.1488E-02
  0.5046E+01	  0.2522E-04	  0.1514E-02
  0.5084E+01	  0.2305E-04	  0.1540E-02
  0.5122E+01	  0.2106E-04	  0.1567E-02
  0.5160E+01	  0.1925E-04	  0.1594E-02
  0.5198E+01	  0.1759E-04	  0.1621E-02
  0.5235E+01	  0.1607E-04	  0.1648E-02
  0.5273E+01	  0.1469E-04	  0.1675E-02
  0.5311E+01	  0.1342E-04	  0.1703E-02
  0.5349E+01	  0.1226E-04	  0.1731E-02
  0.5387E+01	  0.1121E-04	  0.1759E-02
  0.5424E+01	  0.1024E-04	  0.1787E-02
  0.5462E+01	  0.9356E-05	  0.1816E-02
  0.5500E+01	  0.8549E-05	  0.1845E-02
  0.5538E+01	  0.7812E-05	  0.1874E-02
  0.5576E+01	  0.7138E-05	  0.1903E-02
  0.5613E+01	  0.6522E-05	  0.1932E-02
  0.5651E+01	  0.5960E-05	  0.1962E-02
  0.5689E+01	  0.5445E-05	  0.1992E-02
  0.5727E+01	  0.4976E-05	  0.2022E-02
  0.5765E+01	  0.4546E-05	  0.2052E-02
  0.5802E+01	  0.4154E-05	  0.2083E-02
  0.5840E+01	  0.3795E-05	  0.2113E-02
  0.5878E+01	  0.3468E-05	  0.2144E-02
  0.5916E+01	  0.3169E-05	  0.2175E-02
  0.5954E+01	  0.2895E-05	  0.2207E-02
  0.5991E+01	  0.2645E-05	  0.2238E-02
  0.6029E+01	  0.2417E-05	  0.2270E-02
  0.6067E+01	  0.2208E-05	  0.2301E-02
  0.6105E+01	  0.2017E-05	  0.2332E-02
  0.6143E+01	  0.1843E-05	  0.2364E-02
  0.6180E+01	  0.1684E-05	  0.2396E-02
  0.6218E+01	  0.1538E-05	  0.2428E-02
  0.6256E+01	  0.1406E-05	  0.2460E-02
  0.6294E+01	  0.1284E-05	  0.2493E-02
  0.6332E+01	  0.1173E-05	  0.2525E-02
  0.6369E+01	  0.1072E-05	  0.2558E-02
  0.6407E+01	  0.9792E-06	  0.2591E-02
  0.6445E+01	  0.8946E-06	  0.2624E-02
  0.6483E+01	  0.8172E-06	  0.2658E-02
  0.6521E+01	  0.7466E-06	  0.2691E-02
  0.6558E+01	  0.6820E-06	  0.2725E-02
  0.6596E+01	  0.6231E-06	  0.2760E-02
  0.6634E+01	  0.5692E-06	  0.2794E-02
  0.6672E+01	  0.5200E-06	  0.2828E-02
  0.6710E+01	  0.4750E-06	  0.2863E-02
  0.6747E+01	  0.4339E-06	  0.2898E-02
  0.6785E+01	  0.3964E-06	  0.2933E-02
  0.6823E+01	  0.3621E-06	  0.2969E-02
  0.6861E+01	  0.3307E-06	  0.3004E-02
  0.6899E+01	  0.3021E-06	  0.3040E-02
  0.6936E+01	  0.2760E-06	  0.3076E-02
  0.6974E+01	  0.2521E-06	  0.3111E-02
  0.7012E+01	  0.2302E-06	  0.3145E-02
  0.7050E+01	  0.2103E-06	  0.3180E-02
  0.7088E+01	  0.1921E-06	  0.3215E-02
  0.7125E+01	  0.1755E-06	  0.3249E-02
  0.7163E+01	  0.1603E-06	  0.3283E-02
  0.7201E+01	  0.1464E-06	  0.3317E-02
  0.7239E+01	  0.1337E-06	  0.3352E-02
  0.7277E+01	  0.1221E-06	  0.3386E-02
  0.7314E+01	  0.1115E-06	  0.3421E-02
  0.7352E+01	  0.1019E-06	  0.3456E-02
  0.7390E+01	  0.9304E-07	  0.3491E-02
  0.7428E+01	  0.8497E-07	  0.3526E-02
  0.7466E+01	  0.7760E-07	  0.3562E-02
  0.7503E+01	  0.7088E-07	  0.3597E-02
  0.7541E+01	  0.6473E-07	  0.3633E-02
  0.7579E+01	  0.5911E-07	  0.3669E-02
  0.7617E+01	  0.5399E-07	  0.3705E-02
  0.7655E+01	  0.4930E-07	  0.3742E-02
  0.7692E+01	  0.4502E-07	  0.3778E-02
  0.7730E+01	  0.4112E-07	  0.3815E-02
  0.7768E+01	  0.3755E-07	  0.3852E-02
  0.7806E+01	  0.3429E-07	  0.3889E-02
  0.7844E+01	  0.3131E-07	  0.3926E-02
  0.7881E+01	  0.2859E-07	  0.3964E-02
  0.7919E+01	  0.2611E-07	  0.4001E-02
  0.7957E+01	  0.2384E-07	  0.4039E-02
  0.7995E+01	  0.2177E-07	  0.4077E-02
  0.8033E+01	  0.1988E-07	  0.4115E-02
  0.8070E+01	  0.1815E-07	  0.4153E-02
  0.8108E+01	  0.1657E-07	  0.4192E-02
  0.8146E+01	  0.1513E-07	  0.4231E-02
  0.8184E+01	  0.1382E-07	  0.4270E-02
  0.8222E+01	  0.1262E-07	  0.4309E-02
  0.8259E+01	  0.1152E-07	  0.4348E-02
  0.8297E+01	  0.1052E-07	  0.4387E-02
  0.8335E+01	  0.9602E-08	  0.4427E-02
  0.8373E+01	  0.8767E-08	  0.4467E-02
  0.8411E+01	  0.8004E-08	  0.4507E-02
  0.8448E+01	  0.7307E-08	  0.4547E-02
  0.8486E+01	  0.6671E-08	  0.4587E-02
  0.8524E+01	  0.6090E-08	  0.4628E-02
  0.8562E+01	  0.5559E-08	  0.4669E-02
  0.8600E+01	  0.5075E-08	  0.4710E-02
  0.8637E+01	  0.4633E-08	  0.4751E-02
  0.8675E+01	  0.4229E-08	  0.4792E-02
  0.8713E+01	  0.3860E-08	  0.4834E-02
  0.8751E+01	  0.3524E-08	  0.4876E-02
  0.8789E+01	  0.3216E-08	  0.4918E-02
  0.8826E+01	  0.2936E-08	  0.4960E-02
  0.8864E+01	  0.2680E-08	  0.5002E-02
  0.8902E+01	  0.2446E-08	  0.5045E-02
  0.8940E+01	  0.2232E-08	  0.5087E-02
  0.8978E+01	  0.2037E-08	  0.5130E-02
  0.9015E+01	  0.1859E-08	  0.5172E-02
  0.9053E+01	  0.1697E-08	  0.5214E-02
  0.9091E+01	  0.1548E-08	  0.5257E-02
  0.9129E+01	  0.1413E-08	  0.5300E-02
  0.9167E+01	  0.1289E-08	  0.5343E-02
  0.9204E+01	  0.1177E-08	  0.5387E-02
  0.9242E+01	  0.1074E-08	  0.5430E-02
  0.9280E+01	  0.9796E-09	  0.5474E-02
  0.9318E+01	  0.8938E-09	  0.5518E-02
  0.9356E+01	  0.8155E-09	  0.5563E-02
  0.9393E+01	  0.7440E-09	  0.5608E-02
  0.9431E+01	  0.6787E-09	  0.5652E-02
  0.9469E+01	  0.6191E-09	  0.5698E-02
  0.9507E+01	  0.5648E-09	  0.5743E-02
  0.9545E+01	  0.5152E-09	  0.5790E-02
  0.9582E+01	  0.4699E-09	  0.5836E-02
  0.9620E+01	  0.4285E-09	  0.5883E-02
  0.9658E+01	  0.3908E-09	  0.5930E-02
  0.9696E+01	  0.3564E-09	  0.5977E-02
  0.9734E+01	  0.3250E-09	  0.6024E-02
  0.9771E+01	  0.2963E-09	  0.6072E-02
  0.9809E+01	  0.2702E-09	  0.6120E-02
  0.9847E+01	  0.2463E-09	  0.6169E-02
  0.9885E+01	  0.2245E-09	  0.6218E-02
  0.9923E+01	  0.2046E-09	  0.6269E-02
  0.9960E+01	  0.1865E-09	  0.6320E-02
  0.9998E+01	  0.1700E-09	  0.6371E-02
  0.1004E+02	  0.1549E-09	  0.6420E-02
  0.1007E+02	  0.1411E-09	  0.6463E-02
  0.1011E+02	  0.1285E-09	  0.6505E-02
  0.1015E+02	  0.1170E-09	  0.6548E-02
  0.1019E+02	  0.1066E-09	  0.6592E-02
  0.1022E+02	  0.9705E-10	  0.6637E-02
  0.1026E+02	  0.8834E-10	  0.6684E-02
  0.1030E+02	  0.8040E-10	  0.6732E-02
  0.1034E+02	  0.7316E-10	  0.6781E-02
  0.1038E+02	  0.6656E-10	  0.6833E-02
  0.1041E+02	  0.6053E-10	  0.6886E-02
  0.1045E+02	  0.5503E-10	  0.6941E-02
  0.1049E+02	  0.5002E-10	  0.6998E-02
  0.1053E+02	  0.4545E-10	  0.7058E-02
  0.1057E+02	  0.4128E-10	  0.7121E-02
  0.1060E+02	  0.3748E-10	  0.7185E-02
  0.1064E+02	  0.3401E-10	  0.7247E-02
  0.1068E+02	  0.3085E-10	  0.7307E-02
  0.1072E+02	  0.2797E-10	  0.7372E-02
  0.1075E+02	  0.2534E-10	  0.7441E-02
  0.1079E+02	  0.2295E-10	  0.7515E-02
  0.1083E+02	  0.2076E-10	  0.7595E-02
  0.1087E+02	  0.1877E-10	  0.7682E-02
  0.1091E+02	  0.1695E-10	  0.7776E-02
  0.1094E+02	  0.1530E-10	  0.7878E-02
  0.1098E+02	  0.1379E-10	  0.7990E-02
  0.1102E+02	  0.1242E-10	  0.8113E-02
  0.1106E+02	  0.1116E-10	  0.8248E-02
  0.1109E+02	  0.1002E-10	  0.8398E-02
  0.1113E+02	  0.8979E-11	  0.8564E-02
  0.1117E+02	  0.8031E-11	  0.8749E-02
  0.1121E+02	  0.7167E-11	  0.8957E-02
  0.1125E+02	  0.6380E-11	  0.9193E-02
  0.1128E+02	  0.5663E-11	  0.9460E-02
  0.1132E+02	  0.5010E-11	  0.9765E-02
  0.1136E+02	  0.4415E-11	  0.1012E-01
  0.1140E+02	  0.3874E-11	  0.1053E-01
  0.1143E+02	  0.3381E-11	  0.1101E-01
  0.1147E+02	  0.2933E-11	  0.1159E-01
  0.1151E+02	  0.2524E-11	  0.1228E-01
  0.1155E+02	  0.2153E-11	  0.1312E-01
  0.1159E+02	  0.1816E-11	  0.1404E-01
  0.1162E+02	  0.1515E-11	  0.1489E-01
  0.1166E+02	  0.1254E-11	  0.1544E-01
  0.1170E+02	  0.1035E-11	  0.1572E-01
  0.1174E+02	  0.8509E-12	  0.1614E-01
  0.1177E+02	  0.6954E-12	  0.1670E-01
  0.1181E+02	  0.5648E-12	  0.1727E-01
  0.1185E+02	  0.4560E-12	  0.1744E-01
  0.1189E+02	  0.3701E-12	  0.1714E-01
  0.1193E+02	  0.3011E-12	  0.1711E-01
  0.1196E+02	  0.2447E-12	  0.1730E-01
  0.1200E+02	  0.1983E-12	  0.1760E-01
  0.1204E+02	  0.1601E-12	  0.1795E-01
  0.1208E+02	  0.1288E-12	  0.1835E-01
  0.1211E+02	  0.1032E-12	  0.1879E-01
  0.1215E+02	  0.8222E-13	  0.1927E-01
  0.1219E+02	  0.6520E-13	  0.1977E-01
  0.1223E+02	  0.5142E-13	  0.2029E-01
  0.1227E+02	  0.4034E-13	  0.2079E-01
  0.1230E+02	  0.3149E-13	  0.2126E-01
  0.1234E+02	  0.2447E-13	  0.2172E-01
  0.1238E+02	  0.1893E-13	  0.2218E-01
  0.1242E+02	  0.1457E-13	  0.2266E-01
  0.1246E+02	  0.1117E-13	  0.2313E-01
  0.1249E+02	  0.8520E-14	  0.2358E-01
  0.1253E+02	  0.6472E-14	  0.2400E-01
  0.1257E+02	  0.4899E-14	  0.2437E-01
  0.1261E+02	  0.3696E-14	  0.2468E-01
  0.1264E+02	  0.2782E-14	  0.2492E-01
  0.1268E+02	  0.2089E-14	  0.2511E-01
  0.1272E+02	  0.1567E-14	  0.2524E-01
  0.1276E+02	  0.1175E-14	  0.2532E-01
  0.1280E+02	  0.8808E-15	  0.2534E-01
  0.1283E+02	  0.6606E-15	  0.2534E-01
  0.1287E+02	  0.4956E-15	  0.2542E-01
  0.1291E+02	  0.3710E-15	  0.2567E-01
  0.1295E+02	  0.2769E-15	  0.2608E-01
  0.1298E+02	  0.2054E-15	  0.2686E-01
  0.1302E+02	  0.1506E-15	  0.2746E-01
  0.1306E+02	  0.1109E-15	  0.2672E-01
  0.1310E+02	  0.8307E-16	  0.2544E-01
  0.1314E+02	  0.6267E-16	  0.2513E-01
  0.1317E+02	  0.4716E-16	  0.2525E-01
  0.1321E+02	  0.3555E-16	  0.2494E-01
  0.1325E+02	  0.2699E-16	  0.2447E-01
  0.1329E+02	  0.2054E-16	  0.2436E-01
  0.1332E+02	  0.1562E-16	  0.2454E-01
  0.1336E+02	  0.1183E-16	  0.2497E-01
  0.1340E+02	  0.8915E-17	  0.2555E-01
  0.1344E+02	  0.6673E-17	  0.2614E-01
  0.1348E+02	  0.4968E-17	  0.2661E-01
  0.1351E+02	  0.3685E-17	  0.2700E-01
  0.1355E+02	  0.2722E-17	  0.2744E-01
  0.1359E+02	  0.2001E-17	  0.2787E-01
  0.1363E+02	  0.1465E-17	  0.2831E-01
  0.1366E+02	  0.1068E-17	  0.2874E-01
  0.1370E+02	  0.7751E-18	  0.2918E-01
  0.1374E+02	  0.5601E-18	  0.2963E-01
  0.1378E+02	  0.4028E-18	  0.3011E-01
  0.1382E+02	  0.2883E-18	  0.3062E-01
  0.1385E+02	  0.2052E-18	  0.3117E-01
  0.1389E+02	  0.1453E-18	  0.3177E-01
  0.1393E+02	  0.1022E-18	  0.3239E-01
  0.1397E+02	  0.7142E-19	  0.3301E-01
  0.1400E+02	  0.4962E-19	  0.3364E-01
  0.1404E+02	  0.3427E-19	  0.3425E-01
  0.1408E+02	  0.2352E-19	  0.3487E-01
  0.1412E+02	  0.1605E-19	  0.3549E-01
  0.1416E+02	  0.1088E-19	  0.3611E-01
  0.1419E+02	  0.7335E-20	  0.3673E-01
  0.1423E+02	  0.4914E-20	  0.3737E-01
  0.1427E+02	  0.3271E-20	  0.3801E-01
  0.1431E+02	  0.2165E-20	  0.3865E-01
  0.1435E+02	  0.1424E-20	  0.3927E-01
  0.1438E+02	  0.9307E-21	  0.3989E-01
  0.1442E+02	  0.6049E-21	  0.4051E-01
  0.1446E+02	  0.3909E-21	  0.4112E-01
  0.1450E+02	  0.2512E-21	  0.4172E-01
  0.1453E+02	  0.1605E-21	  0.4231E-01
  0.1457E+02	  0.1020E-21	  0.4290E-01
  0.1461E+02	  0.6446E-22	  0.4348E-01
  0.1465E+02	  0.4053E-22	  0.4405E-01
  0.1469E+02	  0.2534E-22	  0.4462E-01
  0.1472E+02	  0.1577E-22	  0.4519E-01
  0.1476E+02	  0.9758E-23	  0.4575E-01
  0.1480E+02	  0.6008E-23	  0.4630E-01
  0.1484E+02	  0.3681E-23	  0.4685E-01
  0.1487E+02	  0.2244E-23	  0.4740E-01
  0.1491E+02	  0.1362E-23	  0.4793E-01
  0.1495E+02	  0.8222E-24	  0.4844E-01
  0.1499E+02	  0.4944E-24	  0.4892E-01
  0.1503E+02	  0.2961E-24	  0.4935E-01
  0.1506E+02	  0.1767E-24	  0.4975E-01
  0.1510E+02	  0.1051E-24	  0.5015E-01
  0.1514E+02	  0.6227E-25	  0.5055E-01
  0.1518E+02	  0.3677E-25	  0.5094E-01
  0.1521E+02	  0.2164E-25	  0.5134E-01
  0.1525E+02	  0.1269E-25	  0.5173E-01
  0.1529E+02	  0.7419E-26	  0.5212E-01
  0.1533E+02	  0.4322E-26	  0.5251E-01
  0.1537E+02	  0.2509E-26	  0.5289E-01
  0.1540E+02	  0.1452E-26	  0.5328E-01
  0.1544E+02	  0.8372E-27	  0.5366E-01
  0.1548E+02	  0.4812E-27	  0.5405E-01
  0.1552E+02	  0.2757E-27	  0.5443E-01
  0.1555E+02	  0.1574E-27	  0.5481E-01
  0.1559E+02	  0.8958E-28	  0.5519E-01
  0.1563E+02	  0.5082E-28	  0.5558E-01
  0.1567E+02	  0.2873E-28	  0.5596E-01
  0.1571E+02	  0.1619E-28	  0.5637E-01
  0.1574E+02	  0.9086E-29	  0.5684E-01
  0.1578E+02	  0.5076E-29	  0.5741E-01

R14 
------------------------------------------------------------
Electric field / N (Td)                    20.00    
Angular frequency / N (m3/s)              0.1938E-11
Cosine of E-B field angle                  0.000    
Gas temperature (K)                        800.0    
Excitation temperature (K)                 300.0    
Transition energy (eV)                     0.000    
Ionization degree                          0.000    
Plasma density (1/m3)                     0.1000E+19
Ion charge parameter                       1.000    
Ion/neutral mass ratio                     1.000    
Coulomb collision model                    1.000    
Energy sharing                             0.000    
Growth model                               1.000    
Maxwellian mean energy (eV)                0.000    
# of grid points                           500.0    
Grid type                                  1.000    
Maximum energy                             30.00    
Precision                                 0.1000E-29
Convergence                               0.1000E-03
Maximum # of iterations                   0.2000E+05
Mole fraction Ar                           1.000    
------------------------------------------------------------
Mean energy (eV)                          0.7920    
Mobility *N (1/m/V/s)                     0.5520E+26
Re/perp mobility *N (1/m/V/s)             0.6549E+21
Im/Hall mobility *N (1/m/V/s)            -0.9078E+23
Diffusion coefficient *N (1/m/s)          0.2916E+26
Energy mobility *N (1/m/V/s)              0.3615E+26
Energy diffusion coef. *N (1/m/s)         0.1907E+26
Total collision freq. /N (m3/s)           0.6796E-14
Momentum frequency /N (m3/s)              0.1399E-13
Total ionization freq. /N (m3/s)          0.9438E-41
Power /N (eV m3/s)                        0.2620E-18
Elastic power loss /N (eV m3/s)           0.2619E-18
Inelastic power loss /N (eV m3/s)         0.1508E-23
Growth power /N (eV m3/s)                 0.7475E-41
Maximum energy                             19.76    
# of iterations                            10.00    
# of grid trials                           2.000    
------------------------------------------------------------
Rate coefficients (m3/s)
C1    Ar    Elastic                       0.6796E-14
C2    Ar    Excitation    11.55 eV        0.5632E-25
C3    Ar    Excitation    11.62 eV        0.4593E-25
C4    Ar    Excitation    11.72 eV        0.6267E-26
C5    Ar    Excitation    11.83 eV        0.2118E-25
C6    Ar    Excitation    12.91 eV        0.1551E-28
C7    Ar    Excitation    13.08 eV        0.6496E-30
C8    Ar    Excitation    13.10 eV        0.4038E-30
C9    Ar    Excitation    13.15 eV        0.1541E-30
C10   Ar    Excitation    13.17 eV        0.2494E-30
C11   Ar    Excitation    13.27 eV        0.3548E-31
C12   Ar    Excitation    13.28 eV        0.6707E-31
C13   Ar    Excitation    13.30 eV        0.5181E-31
C14   Ar    Excitation    13.33 eV        0.5765E-31
C15   Ar    Excitation    13.48 eV        0.3534E-31
C16   Ar    Excitation    13.85 eV        0.2168E-32
C17   Ar    Excitation    13.86 eV        0.7840E-32
C18   Ar    Excitation    13.90 eV        0.2943E-32
C19   Ar    Excitation    13.98 eV        0.2076E-32
C20   Ar    Excitation    14.01 eV        0.4572E-33
C21   Ar    Excitation    14.06 eV        0.2866E-33
C22   Ar    Excitation    14.07 eV        0.2748E-33
C23   Ar    Excitation    14.09 eV        0.2806E-35
C24   Ar    Excitation    14.10 eV        0.2818E-34
C25   Ar    Excitation    14.15 eV        0.4225E-35
C26   Ar    Excitation    14.21 eV        0.1045E-33
C27   Ar    Excitation    14.23 eV        0.6030E-34
C28   Ar    Excitation    14.24 eV        0.1293E-34
C29   Ar    Excitation    14.24 eV        0.1237E-34
C30   Ar    Excitation    14.26 eV        0.2140E-36
C31   Ar    Excitation    14.30 eV        0.1054E-35
C32   Ar    Excitation    14.71 eV        0.2035E-39
C33   Ar    Excitation    14.85 eV        0.2894E-39
C34   Ar    Excitation    14.86 eV        0.8488E-39
C35   Ar    Excitation    15.00 eV        0.5938E-40
C36   Ar    Excitation    15.02 eV        0.4971E-40
C37   Ar    Excitation    15.12 eV        0.2702E-41
C38   Ar    Excitation    15.19 eV        0.1159E-40
C39   Ar    Excitation    15.19 eV        0.1100E-40
C40   Ar    Excitation    15.31 eV        0.4079E-43
C41   Ar    Excitation    15.35 eV        0.1561E-43
C42   Ar    Excitation    15.36 eV        0.2008E-43
C43   Ar    Excitation    15.37 eV        0.3254E-42
C44   Ar    Excitation    15.37 eV        0.6519E-42
C45   Ar    Excitation    15.66 eV        0.6112E-43
C46   Ar    Ionization    15.76 eV        0.9438E-41
------------------------------------------------------------
Energy (eV) EEDF (eV-3/2) Anisotropy
  0.1976E-01	  0.2833E+01	  0.2902E-05
  0.5929E-01	  0.2629E+01	  0.2671E-05
  0.9882E-01	  0.2439E+01	  0.2210E-05
  0.1383E+00	  0.2264E+01	  0.1538E-05
  0.1779E+00	  0.2100E+01	  0.1039E-05
  0.2174E+00	  0.1949E+01	  0.8427E-06
  0.2569E+00	  0.1808E+01	  0.9839E-06
  0.2965E+00	  0.1678E+01	  0.1463E-05
  0.3360E+00	  0.1557E+01	  0.2264E-05
  0.3755E+00	  0.1444E+01	  0.3359E-05
  0.4150E+00	  0.1340E+01	  0.4720E-05
  0.4546E+00	  0.1244E+01	  0.6329E-05
  0.4941E+00	  0.1154E+01	  0.8165E-05
  0.5336E+00	  0.1071E+01	  0.1021E-04
  0.5732E+00	  0.9935E+00	  0.1246E-04
  0.6127E+00	  0.9218E+00	  0.1489E-04
  0.6522E+00	  0.8554E+00	  0.1751E-04
  0.6917E+00	  0.7937E+00	  0.2032E-04
  0.7313E+00	  0.7364E+00	  0.2332E-04
  0.7708E+00	  0.6833E+00	  0.2651E-04
  0.8103E+00	  0.6340E+00	  0.2990E-04
  0.8499E+00	  0.5883E+00	  0.3350E-04
  0.8894E+00	  0.5459E+00	  0.3733E-04
  0.9289E+00	  0.5065E+00	  0.4139E-04
  0.9684E+00	  0.4700E+00	  0.4571E-04
  0.1008E+01	  0.4361E+00	  0.4999E-04
  0.1047E+01	  0.4046E+00	  0.5406E-04
  0.1087E+01	  0.3754E+00	  0.5815E-04
  0.1127E+01	  0.3484E+00	  0.6239E-04
  0.1166E+01	  0.3232E+00	  0.6677E-04
  0.1206E+01	  0.2999E+00	  0.7129E-04
  0.1245E+01	  0.2783E+00	  0.7591E-04
  0.1285E+01	  0.2582E+00	  0.8067E-04
  0.1324E+01	  0.2396E+00	  0.8556E-04
  0.1364E+01	  0.2223E+00	  0.9060E-04
  0.1403E+01	  0.2063E+00	  0.9579E-04
  0.1443E+01	  0.1914E+00	  0.1011E-03
  0.1482E+01	  0.1776E+00	  0.1066E-03
  0.1522E+01	  0.1648E+00	  0.1123E-03
  0.1561E+01	  0.1529E+00	  0.1183E-03
  0.1601E+01	  0.1419E+00	  0.1245E-03
  0.1640E+01	  0.1316E+00	  0.1308E-03
  0.1680E+01	  0.1221E+00	  0.1371E-03
  0.1719E+01	  0.1133E+00	  0.1436E-03
  0.1759E+01	  0.1052E+00	  0.1500E-03
  0.1799E+01	  0.9757E-01	  0.1564E-03
  0.1838E+01	  0.9053E-01	  0.1631E-03
  0.1878E+01	  0.8400E-01	  0.1698E-03
  0.1917E+01	  0.7794E-01	  0.1767E-03
  0.1957E+01	  0.7232E-01	  0.1838E-03
  0.1996E+01	  0.6711E-01	  0.1911E-03
  0.2036E+01	  0.6227E-01	  0.1988E-03
  0.2075E+01	  0.5777E-01	  0.2069E-03
  0.2115E+01	  0.5361E-01	  0.2152E-03
  0.2154E+01	  0.4974E-01	  0.2236E-03
  0.2194E+01	  0.4615E-01	  0.2322E-03
  0.2233E+01	  0.4282E-01	  0.2410E-03
  0.2273E+01	  0.3973E-01	  0.2499E-03
  0.2312E+01	  0.3687E-01	  0.2590E-03
  0.2352E+01	  0.3421E-01	  0.2682E-03
  0.2391E+01	  0.3174E-01	  0.2776E-03
  0.2431E+01	  0.2945E-01	  0.2872E-03
  0.2471E+01	  0.2733E-01	  0.2970E-03
  0.2510E+01	  0.2535E-01	  0.3070E-03
  0.2550E+01	  0.2353E-01	  0.3172E-03
  0.2589E+01	  0.2183E-01	  0.3277E-03
  0.2629E+01	  0.2025E-01	  0.3384E-03
  0.2668E+01	  0.1879E-01	  0.3493E-03
  0.2708E+01	  0.1744E-01	  0.3603E-03
  0.2747E+01	  0.1618E-01	  0.3715E-03
  0.2787E+01	  0.1501E-01	  0.3829E-03
  0.2826E+01	  0.1393E-01	  0.3944E-03
  0.2866E+01	  0.1292E-01	  0.4061E-03
  0.2905E+01	  0.1199E-01	  0.4180E-03
  0.2945E+01	  0.1113E-01	  0.4300E-03
  0.2984E+01	  0.1032E-01	  0.4422E-03
  0.3024E+01	  0.9578E-02	  0.4545E-03
  0.3063E+01	  0.8887E-02	  0.4669E-03
  0.3103E+01	  0.8246E-02	  0.4795E-03
  0.3142E+01	  0.7651E-02	  0.4922E-03
  0.3182E+01	  0.7099E-02	  0.5051E-03
  0.3222E+01	  0.6587E-02	  0.5182E-03
  0.3261E+01	  0.6111E-02	  0.5314E-03
  0.3301E+01	  0.5670E-02	  0.5448E-03
  0.3340E+01	  0.5261E-02	  0.5583E-03
  0.3380E+01	  0.4881E-02	  0.5721E-03
  0.3419E+01	  0.4529E-02	  0.5859E-03
  0.3459E+01	  0.4202E-02	  0.6000E-03
  0.3498E+01	  0.3899E-02	  0.6142E-03
  0.3538E+01	  0.3618E-02	  0.6286E-03
  0.3577E+01	  0.3356E-02	  0.6431E-03
  0.3617E+01	  0.3114E-02	  0.6579E-03
  0.3656E+01	  0.2889E-02	  0.6727E-03
  0.3696E+01	  0.2681E-02	  0.6878E-03
  0.3735E+01	  0.2487E-02	  0.7030E-03
  0.3775E+01	  0.2308E-02	  0.7184E-03
  0.3814E+01	  0.2141E-02	  0.7339E-03
  0.3854E+01	  0.1987E-02	  0.7497E-03
  0.3894E+01	  0.1843E-02	  0.7655E-03
  0.3933E+01	  0.1710E-02	  0.7816E-03
  0.3973E+01	  0.1587E-02	  0.7980E-03
  0.4012E+01	  0.1472E-02	  0.8155E-03
  0.4052E+01	  0.1366E-02	  0.8339E-03
  0.4091E+01	  0.1267E-02	  0.8527E-03
  0.4131E+01	  0.1176E-02	  0.8719E-03
  0.4170E+01	  0.1091E-02	  0.8914E-03
  0.4210E+01	  0.1012E-02	  0.9110E-03
  0.4249E+01	  0.9390E-03	  0.9309E-03
  0.4289E+01	  0.8712E-03	  0.9510E-03
  0.4328E+01	  0.8083E-03	  0.9713E-03
  0.4368E+01	  0.7499E-03	  0.9918E-03
  0.4407E+01	  0.6957E-03	  0.1013E-02
  0.4447E+01	  0.6455E-03	  0.1033E-02
  0.4486E+01	  0.5988E-03	  0.1055E-02
  0.4526E+01	  0.5556E-03	  0.1076E-02
  0.4565E+01	  0.5154E-03	  0.1098E-02
  0.4605E+01	  0.4782E-03	  0.1119E-02
  0.4645E+01	  0.4437E-03	  0.1141E-02
  0.4684E+01	  0.4116E-03	  0.1163E-02
  0.4724E+01	  0.3819E-03	  0.1186E-02
  0.4763E+01	  0.3543E-03	  0.1208E-02
  0.4803E+01	  0.3287E-03	  0.1231E-02
  0.4842E+01	  0.3049E-03	  0.1254E-02
  0.4882E+01	  0.2829E-03	  0.1278E-02
  0.4921E+01	  0.2624E-03	  0.1301E-02
  0.4961E+01	  0.2435E-03	  0.1325E-02
  0.5000E+01	  0.2259E-03	  0.1349E-02
  0.5040E+01	  0.2095E-03	  0.1373E-02
  0.5079E+01	  0.1944E-03	  0.1398E-02
  0.5119E+01	  0.1803E-03	  0.1424E-02
  0.5158E+01	  0.1673E-03	  0.1449E-02
  0.5198E+01	  0.1552E-03	  0.1475E-02
  0.5237E+01	  0.1440E-03	  0.1501E-02
  0.5277E+01	  0.1336E-03	  0.1527E-02
  0.5317E+01	  0.1239E-03	  0.1553E-02
  0.5356E+01	  0.1149E-03	  0.1580E-02
  0.5396E+01	  0.1066E-03	  0.1606E-02
  0.5435E+01	  0.9891E-04	  0.1633E-02
  0.5475E+01	  0.9176E-04	  0.1661E-02
  0.5514E+01	  0.8512E-04	  0.1688E-02
  0.5554E+01	  0.7896E-04	  0.1716E-02
  0.5593E+01	  0.7324E-04	  0.1744E-02
  0.5633E+01	  0.6794E-04	  0.1772E-02
  0.5672E+01	  0.6302E-04	  0.1800E-02
  0.5712E+01	  0.5846E-04	  0.1829E-02
  0.5751E+01	  0.5423E-04	  0.1857E-02
  0.5791E+01	  0.5030E-04	  0.1886E-02
  0.5830E+01	  0.4666E-04	  0.1916E-02
  0.5870E+01	  0.4328E-04	  0.1945E-02
  0.5909E+01	  0.4015E-04	  0.1975E-02
  0.5949E+01	  0.3724E-04	  0.2004E-02
  0.5988E+01	  0.3454E-04	  0.2034E-02
  0.6028E+01	  0.3204E-04	  0.2064E-02
  0.6068E+01	  0.2972E-04	  0.2094E-02
  0.6107E+01	  0.2757E-04	  0.2124E-02
  0.6147E+01	  0.2557E-04	  0.2154E-02
  0.6186E+01	  0.2372E-04	  0.2184E-02
  0.6226E+01	  0.2200E-04	  0.2215E-02
  0.6265E+01	  0.2040E-04	  0.2246E-02
  0.6305E+01	  0.1892E-04	  0.2277E-02
  0.6344E+01	  0.1755E-04	  0.2308E-02
  0.6384E+01	  0.1628E-04	  0.2339E-02
  0.6423E+01	  0.1510E-04	  0.2371E-02
  0.6463E+01	  0.1400E-04	  0.2402E-02
  0.6502E+01	  0.1299E-04	  0.2434E-02
  0.6542E+01	  0.1204E-04	  0.2467E-02
  0.6581E+01	  0.1117E-04	  0.2499E-02
  0.6621E+01	  0.1036E-04	  0.2532E-02
  0.6660E+01	  0.9608E-05	  0.2565E-02
  0.6700E+01	  0.8911E-05	  0.2598E-02
  0.6740E+01	  0.8264E-05	  0.2631E-02
  0.6779E+01	  0.7664E-05	  0.2664E-02
  0.6819E+01	  0.7108E-05	  0.2698E-02
  0.6858E+01	  0.6591E-05	  0.2732E-02
  0.6898E+01	  0.6113E-05	  0.2766E-02
  0.6937E+01	  0.5669E-05	  0.2800E-02
  0.6977E+01	  0.5257E-05	  0.2833E-02
  0.7016E+01	  0.4875E-05	  0.2866E-02
  0.7056E+01	  0.4520E-05	  0.2900E-02
  0.7095E+01	  0.4192E-05	  0.2933E-02
  0.7135E+01	  0.3887E-05	  0.2965E-02
  0.7174E+01	  0.3605E-05	  0.2997E-02
  0.7214E+01	  0.3342E-05	  0.3030E-02
  0.7253E+01	  0.3099E-05	  0.3063E-02
  0.7293E+01	  0.2874E-05	  0.3096E-02
  0.7332E+01	  0.2665E-05	  0.3129E-02
  0.7372E+01	  0.2471E-05	  0.3163E-02
  0.7412E+01	  0.2291E-05	  0.3196E-02
  0.7451E+01	  0.2124E-05	  0.3230E-02
  0.7491E+01	  0.1970E-05	  0.3264E-02
  0.7530E+01	  0.1826E-05	  0.3298E-02
  0.7570E+01	  0.1693E-05	  0.3333E-02
  0.7609E+01	  0.1570E-05	  0.3367E-02
  0.7649E+01	  0.1456E-05	  0.3402E-02
  0.7688E+01	  0.1350E-05	  0.3437E-02
  0.7728E+01	  0.1251E-05	  0.3472E-02
  0.7767E+01	  0.1160E-05	  0.3507E-02
  0.7807E+01	  0.1075E-05	  0.3543E-02
  0.7846E+01	  0.9970E-06	  0.3578E-02
  0.7886E+01	  0.9243E-06	  0.3614E-02
  0.7925E+01	  0.8569E-06	  0.3650E-02
  0.7965E+01	  0.7943E-06	  0.3687E-02
  0.8004E+01	  0.7364E-06	  0.3723E-02
  0.8044E+01	  0.6826E-06	  0.3760E-02
  0.8083E+01	  0.6328E-06	  0.3797E-02
  0.8123E+01	  0.5866E-06	  0.3834E-02
  0.8163E+01	  0.5437E-06	  0.3871E-02
  0.8202E+01	  0.5040E-06	  0.3908E-02
  0.8242E+01	  0.4671E-06	  0.3946E-02
  0.8281E+01	  0.4330E-06	  0.3984E-02
  0.8321E+01	  0.4013E-06	  0.4022E-02
  0.8360E+01	  0.3720E-06	  0.4060E-02
  0.8400E+01	  0.3447E-06	  0.4099E-02
  0.8439E+01	  0.3195E-06	  0.4138E-02
  0.8479E+01	  0.2961E-06	  0.4177E-02
  0.8518E+01	  0.2744E-06	  0.4216E-02
  0.8558E+01	  0.2543E-06	  0.4255E-02
  0.8597E+01	  0.2357E-06	  0.4295E-02
  0.8637E+01	  0.2184E-06	  0.4335E-02
  0.8676E+01	  0.2024E-06	  0.4375E-02
  0.8716E+01	  0.1875E-06	  0.4416E-02
  0.8755E+01	  0.1738E-06	  0.4457E-02
  0.8795E+01	  0.1610E-06	  0.4498E-02
  0.8835E+01	  0.1492E-06	  0.4539E-02
  0.8874E+01	  0.1382E-06	  0.4580E-02
  0.8914E+01	  0.1280E-06	  0.4622E-02
  0.8953E+01	  0.1186E-06	  0.4664E-02
  0.8993E+01	  0.1099E-06	  0.4706E-02
  0.9032E+01	  0.1018E-06	  0.4747E-02
  0.9072E+01	  0.9428E-07	  0.4789E-02
  0.9111E+01	  0.8733E-07	  0.4832E-02
  0.9151E+01	  0.8088E-07	  0.4875E-02
  0.9190E+01	  0.7491E-07	  0.4918E-02
  0.9230E+01	  0.6937E-07	  0.4961E-02
  0.9269E+01	  0.6424E-07	  0.5005E-02
  0.9309E+01	  0.5948E-07	  0.5050E-02
  0.9348E+01	  0.5508E-07	  0.5094E-02
  0.9388E+01	  0.5099E-07	  0.5139E-02
  0.9427E+01	  0.4721E-07	  0.5185E-02
  0.9467E+01	  0.4370E-07	  0.5231E-02
  0.9506E+01	  0.4045E-07	  0.5277E-02
  0.9546E+01	  0.3744E-07	  0.5325E-02
  0.9586E+01	  0.3465E-07	  0.5372E-02
  0.9625E+01	  0.3206E-07	  0.5421E-02
  0.9665E+01	  0.2967E-07	  0.5469E-02
  0.9704E+01	  0.2745E-07	  0.5518E-02
  0.9744E+01	  0.2539E-07	  0.5568E-02
  0.9783E+01	  0.2349E-07	  0.5618E-02
  0.9823E+01	  0.2172E-07	  0.5669E-02
  0.9862E+01	  0.2008E-07	  0.5722E-02
  0.9902E+01	  0.1857E-07	  0.5775E-02
  0.9941E+01	  0.1717E-07	  0.5829E-02
  0.9981E+01	  0.1587E-07	  0.5884E-02
  0.1002E+02	  0.1466E-07	  0.5939E-02
  0.1006E+02	  0.1355E-07	  0.5989E-02
  0.1010E+02	  0.1251E-07	  0.6037E-02
  0.1014E+02	  0.1156E-07	  0.6085E-02
  0.1018E+02	  0.1067E-07	  0.6136E-02
  0.1022E+02	  0.9849E-08	  0.6188E-02
  0.1026E+02	  0.9089E-08	  0.6242E-02
  0.1030E+02	  0.8385E-08	  0.6297E-02
  0.1034E+02	  0.7733E-08	  0.6355E-02
  0.1038E+02	  0.7130E-08	  0.6415E-02
  0.1042E+02	  0.6571E-08	  0.6478E-02
  0.1046E+02	  0.6053E-08	  0.6543E-02
  0.1049E+02	  0.5574E-08	  0.6612E-02
  0.1053E+02	  0.5131E-08	  0.6684E-02
  0.1057E+02	  0.4720E-08	  0.6759E-02
  0.1061E+02	  0.4340E-08	  0.6836E-02
  0.1065E+02	  0.3988E-08	  0.6912E-02
  0.1069E+02	  0.3663E-08	  0.6989E-02
  0.1073E+02	  0.3361E-08	  0.7071E-02
  0.1077E+02	  0.3082E-08	  0.7160E-02
  0.1081E+02	  0.2824E-08	  0.7255E-02
  0.1085E+02	  0.2585E-08	  0.7357E-02
  0.1089E+02	  0.2364E-08	  0.7469E-02
  0.1093E+02	  0.2159E-08	  0.7589E-02
  0.1097E+02	  0.1970E-08	  0.7720E-02
  0.1101E+02	  0.1795E-08	  0.7864E-02
  0.1105E+02	  0.1633E-08	  0.8021E-02
  0.1109E+02	  0.1483E-08	  0.8194E-02
  0.1113E+02	  0.1344E-08	  0.8386E-02
  0.1117E+02	  0.1216E-08	  0.8599E-02
  0.1121E+02	  0.1097E-08	  0.8838E-02
  0.1125E+02	  0.9876E-09	  0.9105E-02
  0.1129E+02	  0.8862E-09	  0.9408E-02
  0.1132E+02	  0.7925E-09	  0.9753E-02
  0.1136E+02	  0.7059E-09	  0.1015E-01
  0.1140E+02	  0.6259E-09	  0.1061E-01
  0.1144E+02	  0.5520E-09	  0.1115E-01
  0.1148E+02	  0.4837E-09	  0.1179E-01
  0.1152E+02	  0.4206E-09	  0.1255E-01
  0.1156E+02	  0.3623E-09	  0.1345E-01
  0.1160E+02	  0.3089E-09	  0.1437E-01
  0.1164E+02	  0.2609E-09	  0.1510E-01
  0.1168E+02	  0.2192E-09	  0.1551E-01
  0.1172E+02	  0.1838E-09	  0.1585E-01
  0.1176E+02	  0.1533E-09	  0.1638E-01
  0.1180E+02	  0.1271E-09	  0.1696E-01
  0.1184E+02	  0.1048E-09	  0.1726E-01
  0.1188E+02	  0.8656E-10	  0.1711E-01
  0.1192E+02	  0.7171E-10	  0.1702E-01
  0.1196E+02	  0.5935E-10	  0.1721E-01
  0.1200E+02	  0.4899E-10	  0.1753E-01
  0.1204E+02	  0.4030E-10	  0.1791E-01
  0.1208E+02	  0.3303E-10	  0.1833E-01
  0.1212E+02	  0.2695E-10	  0.1880E-01
  0.1215E+02	  0.2189E-10	  0.1930E-01
  0.1219E+02	  0.1769E-10	  0.1984E-01
  0.1223E+02	  0.1422E-10	  0.2038E-01
  0.1227E+02	  0.1137E-10	  0.2090E-01
  0.1231E+02	  0.9053E-11	  0.2139E-01
  0.1235E+02	  0.7176E-11	  0.2187E-01
  0.1239E+02	  0.5662E-11	  0.2236E-01
  0.1243E+02	  0.4448E-11	  0.2286E-01
  0.1247E+02	  0.3478E-11	  0.2334E-01
  0.1251E+02	  0.2709E-11	  0.2379E-01
  0.1255E+02	  0.2102E-11	  0.2420E-01
  0.1259E+02	  0.1625E-11	  0.2454E-01
  0.1263E+02	  0.1254E-11	  0.2481E-01
  0.1267E+02	  0.9653E-12	  0.2503E-01
  0.1271E+02	  0.7421E-12	  0.2518E-01
  0.1275E+02	  0.5700E-12	  0.2527E-01
  0.1279E+02	  0.4377E-12	  0.2532E-01
  0.1283E+02	  0.3362E-12	  0.2533E-01
  0.1287E+02	  0.2583E-12	  0.2542E-01
  0.1291E+02	  0.1981E-12	  0.2567E-01
  0.1295E+02	  0.1515E-12	  0.2608E-01
  0.1298E+02	  0.1152E-12	  0.2681E-01
  0.1302E+02	  0.8677E-13	  0.2726E-01
  0.1306E+02	  0.6575E-13	  0.2638E-01
  0.1310E+02	  0.5059E-13	  0.2526E-01
  0.1314E+02	  0.3909E-13	  0.2508E-01
  0.1318E+02	  0.3013E-13	  0.2512E-01
  0.1322E+02	  0.2332E-13	  0.2472E-01
  0.1326E+02	  0.1814E-13	  0.2440E-01
  0.1330E+02	  0.1412E-13	  0.2444E-01
  0.1334E+02	  0.1097E-13	  0.2477E-01
  0.1338E+02	  0.8477E-14	  0.2531E-01
  0.1342E+02	  0.6515E-14	  0.2593E-01
  0.1346E+02	  0.4977E-14	  0.2648E-01
  0.1350E+02	  0.3787E-14	  0.2692E-01
  0.1354E+02	  0.2870E-14	  0.2736E-01
  0.1358E+02	  0.2166E-14	  0.2783E-01
  0.1362E+02	  0.1628E-14	  0.2829E-01
  0.1366E+02	  0.1218E-14	  0.2875E-01
  0.1370E+02	  0.9073E-15	  0.2922E-01
  0.1374E+02	  0.6731E-15	  0.2970E-01
  0.1378E+02	  0.4970E-15	  0.3021E-01
  0.1382E+02	  0.3652E-15	  0.3075E-01
  0.1385E+02	  0.2670E-15	  0.3134E-01
  0.1389E+02	  0.1941E-15	  0.3197E-01
  0.1393E+02	  0.1402E-15	  0.3263E-01
  0.1397E+02	  0.1007E-15	  0.3329E-01
  0.1401E+02	  0.7187E-16	  0.3394E-01
  0.1405E+02	  0.5101E-16	  0.3459E-01
  0.1409E+02	  0.3598E-16	  0.3525E-01
  0.1413E+02	  0.2524E-16	  0.3590E-01
  0.1417E+02	  0.1759E-16	  0.3655E-01
  0.1421E+02	  0.1219E-16	  0.3721E-01
  0.1425E+02	  0.8400E-17	  0.3789E-01
  0.1429E+02	  0.5752E-17	  0.3856E-01
  0.1433E+02	  0.3915E-17	  0.3922E-01
  0.1437E+02	  0.2650E-17	  0.3988E-01
  0.1441E+02	  0.1783E-17	  0.4053E-01
  0.1445E+02	  0.1193E-17	  0.4117E-01
  0.1449E+02	  0.7936E-18	  0.4180E-01
  0.1453E+02	  0.5252E-18	  0.4242E-01
  0.1457E+02	  0.3457E-18	  0.4304E-01
  0.1461E+02	  0.2263E-18	  0.4365E-01
  0.1465E+02	  0.1474E-18	  0.4426E-01
  0.1468E+02	  0.9550E-19	  0.4486E-01
  0.1472E+02	  0.6157E-19	  0.4545E-01
  0.1476E+02	  0.3949E-19	  0.4604E-01
  0.1480E+02	  0.2521E-19	  0.4662E-01
  0.1484E+02	  0.1601E-19	  0.4720E-01
  0.1488E+02	  0.1012E-19	  0.4776E-01
  0.1492E+02	  0.6367E-20	  0.4831E-01
  0.1496E+02	  0.3988E-20	  0.4884E-01
  0.1500E+02	  0.2488E-20	  0.4932E-01
  0.1504E+02	  0.1546E-20	  0.4975E-01
  0.1508E+02	  0.9578E-21	  0.5017E-01
  0.1512E+02	  0.5913E-21	  0.5059E-01
  0.1516E+02	  0.3637E-21	  0.5100E-01
  0.1520E+02	  0.2230E-21	  0.5142E-01
  0.1524E+02	  0.1363E-21	  0.5183E-01
  0.1528E+02	  0.8299E-22	  0.5224E-01
  0.1532E+02	  0.5038E-22	  0.5264E-01
  0.1536E+02	  0.3048E-22	  0.5305E-01
  0.1540E+02	  0.1838E-22	  0.5346E-01
  0.1544E+02	  0.1105E-22	  0.5386E-01
  0.1548E+02	  0.6618E-23	  0.5426E-01
  0.1551E+02	  0.3952E-23	  0.5466E-01
  0.1555E+02	  0.2352E-23	  0.5506E-01
  0.1559E+02	  0.1396E-23	  0.5546E-01
  0.1563E+02	  0.8255E-24	  0.5586E-01
  0.1567E+02	  0.4866E-24	  0.5628E-01
  0.1571E+02	  0.2859E-24	  0.5672E-01
  0.1575E+02	  0.1673E-24	  0.5725E-01
  0.1579E+02	  0.9737E-25	  0.5790E-01
  0.1583E+02	  0.5637E-25	  0.5858E-01
  0.1587E+02	  0.3246E-25	  0.5926E-01
  0.1591E+02	  0.1859E-25	  0.5993E-01
  0.1595E+02	  0.1059E-25	  0.6058E-01
  0.1599E+02	  0.6007E-26	  0.6120E-01
  0.1603E+02	  0.3390E-26	  0.6178E-01
  0.1607E+02	  0.1905E-26	  0.6234E-01
  0.1611E+02	  0.1066E-26	  0.6289E-01
  0.1615E+02	  0.5941E-27	  0.6344E-01
  0.1619E+02	  0.3297E-27	  0.6398E-01
  0.1623E+02	  0.1822E-27	  0.6452E-01
  0.1627E+02	  0.1002E-27	  0.6506E-01
  0.1631E+02	  0.5493E-28	  0.6560E-01
  0.1634E+02	  0.2998E-28	  0.6614E-01
  0.1638E+02	  0.1630E-28	  0.6667E-01
  0.1642E+02	  0.8824E-29	  0.6719E-01
  0.1646E+02	  0.4759E-29	  0.6769E-01

R15 
------------------------------------------------------------
Electric field / N (Td)                    22.50    
Angular frequency / N (m3/s)              0.1938E-11
Cosine of E-B field angle                  0.000    
Gas temperature (K)                        800.0    
Excitation temperature (K)                 300.0    
Transition energy (eV)                     0.000    
Ionization degree                          0.000    
Plasma density (1/m3)                     0.1000E+19
Ion charge parameter                       1.000    
Ion/neutral mass ratio                     1.000    
Coulomb collision model                    1.000    
Energy sharing                             0.000    
Growth model                               1.000    
Maxwellian mean energy (eV)                0.000    
# of grid points                           500.0    
Grid type                                  1.000    
Maximum energy                             30.00    
Precision                                 0.1000E-29
Convergence                               0.1000E-03
Maximum # of iterations                   0.2000E+05
Mole fraction Ar                           1.000    
------------------------------------------------------------
Mean energy (eV)                          0.9747    
Mobility *N (1/m/V/s)                     0.4012E+26
Re/perp mobility *N (1/m/V/s)             0.9101E+21
Im/Hall mobility *N (1/m/V/s)            -0.9076E+23
Diffusion coefficient *N (1/m/s)          0.2606E+26
Energy mobility *N (1/m/V/s)              0.2505E+26
Energy diffusion coef. *N (1/m/s)         0.1626E+26
Total collision freq. /N (m3/s)           0.9446E-14
Momentum frequency /N (m3/s)              0.1944E-13
Total ionization freq. /N (m3/s)          0.2111E-37
Power /N (eV m3/s)                        0.4607E-18
Elastic power loss /N (eV m3/s)           0.4606E-18
Inelastic power loss /N (eV m3/s)         0.7318E-22
Growth power /N (eV m3/s)                 0.2057E-37
Maximum energy                             20.48    
# of iterations                            10.00    
# of grid trials                           2.000    
------------------------------------------------------------
Rate coefficients (m3/s)
C1    Ar    Elastic                       0.9446E-14
C2    Ar    Excitation    11.55 eV        0.2674E-23
C3    Ar    Excitation    11.62 eV        0.2180E-23
C4    Ar    Excitation    11.72 eV        0.3114E-24
C5    Ar    Excitation    11.83 eV        0.1123E-23
C6    Ar    Excitation    12.91 eV        0.1641E-26
C7    Ar    Excitation    13.08 eV        0.8818E-28
C8    Ar    Excitation    13.10 eV        0.5553E-28
C9    Ar    Excitation    13.15 eV        0.2204E-28
C10   Ar    Excitation    13.17 eV        0.3611E-28
C11   Ar    Excitation    13.27 eV        0.5506E-29
C12   Ar    Excitation    13.28 eV        0.1048E-28
C13   Ar    Excitation    13.30 eV        0.8196E-29
C14   Ar    Excitation    13.33 eV        0.9282E-29
C15   Ar    Excitation    13.48 eV        0.6363E-29
C16   Ar    Excitation    13.85 eV        0.5157E-30
C17   Ar    Excitation    13.86 eV        0.1906E-29
C18   Ar    Excitation    13.90 eV        0.7415E-30
C19   Ar    Excitation    13.98 eV        0.5610E-30
C20   Ar    Excitation    14.01 eV        0.1275E-30
C21   Ar    Excitation    14.06 eV        0.8372E-31
C22   Ar    Excitation    14.07 eV        0.8064E-31
C23   Ar    Excitation    14.09 eV        0.9255E-33
C24   Ar    Excitation    14.10 eV        0.8516E-32
C25   Ar    Excitation    14.15 eV        0.1482E-32
C26   Ar    Excitation    14.21 eV        0.3532E-31
C27   Ar    Excitation    14.23 eV        0.2079E-31
C28   Ar    Excitation    14.24 eV        0.4466E-32
C29   Ar    Excitation    14.24 eV        0.4295E-32
C30   Ar    Excitation    14.26 eV        0.8309E-34
C31   Ar    Excitation    14.30 eV        0.4306E-33
C32   Ar    Excitation    14.71 eV        0.1306E-36
C33   Ar    Excitation    14.85 eV        0.2189E-36
C34   Ar    Excitation    14.86 eV        0.6508E-36
C35   Ar    Excitation    15.00 eV        0.5450E-37
C36   Ar    Excitation    15.02 eV        0.4668E-37
C37   Ar    Excitation    15.12 eV        0.2864E-38
C38   Ar    Excitation    15.19 eV        0.1342E-37
C39   Ar    Excitation    15.19 eV        0.1280E-37
C40   Ar    Excitation    15.31 eV        0.5535E-40
C41   Ar    Excitation    15.35 eV        0.2241E-40
C42   Ar    Excitation    15.36 eV        0.2917E-40
C43   Ar    Excitation    15.37 eV        0.4764E-39
C44   Ar    Excitation    15.37 eV        0.9645E-39
C45   Ar    Excitation    15.66 eV        0.1280E-39
C46   Ar    Ionization    15.76 eV        0.2111E-37
------------------------------------------------------------
Energy (eV) EEDF (eV-3/2) Anisotropy
  0.2048E-01	  0.2089E+01	  0.2669E-05
  0.6145E-01	  0.1961E+01	  0.2433E-05
  0.1024E+00	  0.1841E+01	  0.1962E-05
  0.1434E+00	  0.1729E+01	  0.1333E-05
  0.1844E+00	  0.1623E+01	  0.8992E-06
  0.2253E+00	  0.1523E+01	  0.7741E-06
  0.2663E+00	  0.1430E+01	  0.9833E-06
  0.3073E+00	  0.1343E+01	  0.1518E-05
  0.3482E+00	  0.1261E+01	  0.2358E-05
  0.3892E+00	  0.1183E+01	  0.3479E-05
  0.4302E+00	  0.1111E+01	  0.4857E-05
  0.4711E+00	  0.1043E+01	  0.6469E-05
  0.5121E+00	  0.9795E+00	  0.8296E-05
  0.5531E+00	  0.9197E+00	  0.1032E-04
  0.5940E+00	  0.8635E+00	  0.1254E-04
  0.6350E+00	  0.8107E+00	  0.1495E-04
  0.6760E+00	  0.7612E+00	  0.1753E-04
  0.7169E+00	  0.7147E+00	  0.2030E-04
  0.7579E+00	  0.6710E+00	  0.2326E-04
  0.7989E+00	  0.6300E+00	  0.2641E-04
  0.8398E+00	  0.5916E+00	  0.2977E-04
  0.8808E+00	  0.5554E+00	  0.3334E-04
  0.9218E+00	  0.5215E+00	  0.3715E-04
  0.9627E+00	  0.4896E+00	  0.4120E-04
  0.1004E+01	  0.4597E+00	  0.4526E-04
  0.1045E+01	  0.4316E+00	  0.4914E-04
  0.1086E+01	  0.4053E+00	  0.5301E-04
  0.1127E+01	  0.3805E+00	  0.5703E-04
  0.1168E+01	  0.3573E+00	  0.6118E-04
  0.1209E+01	  0.3354E+00	  0.6546E-04
  0.1250E+01	  0.3150E+00	  0.6985E-04
  0.1290E+01	  0.2957E+00	  0.7437E-04
  0.1331E+01	  0.2776E+00	  0.7903E-04
  0.1372E+01	  0.2607E+00	  0.8383E-04
  0.1413E+01	  0.2448E+00	  0.8878E-04
  0.1454E+01	  0.2298E+00	  0.9386E-04
  0.1495E+01	  0.2158E+00	  0.9913E-04
  0.1536E+01	  0.2026E+00	  0.1046E-03
  0.1577E+01	  0.1902E+00	  0.1104E-03
  0.1618E+01	  0.1786E+00	  0.1162E-03
  0.1659E+01	  0.1677E+00	  0.1223E-03
  0.1700E+01	  0.1574E+00	  0.1283E-03
  0.1741E+01	  0.1478E+00	  0.1344E-03
  0.1782E+01	  0.1388E+00	  0.1405E-03
  0.1823E+01	  0.1303E+00	  0.1467E-03
  0.1864E+01	  0.1224E+00	  0.1531E-03
  0.1905E+01	  0.1149E+00	  0.1595E-03
  0.1946E+01	  0.1079E+00	  0.1662E-03
  0.1987E+01	  0.1013E+00	  0.1730E-03
  0.2028E+01	  0.9508E-01	  0.1803E-03
  0.2069E+01	  0.8928E-01	  0.1879E-03
  0.2110E+01	  0.8382E-01	  0.1957E-03
  0.2151E+01	  0.7870E-01	  0.2037E-03
  0.2192E+01	  0.7389E-01	  0.2118E-03
  0.2233E+01	  0.6938E-01	  0.2201E-03
  0.2274E+01	  0.6514E-01	  0.2285E-03
  0.2315E+01	  0.6116E-01	  0.2371E-03
  0.2356E+01	  0.5742E-01	  0.2459E-03
  0.2397E+01	  0.5391E-01	  0.2548E-03
  0.2438E+01	  0.5062E-01	  0.2639E-03
  0.2479E+01	  0.4753E-01	  0.2732E-03
  0.2520E+01	  0.4462E-01	  0.2827E-03
  0.2561E+01	  0.4190E-01	  0.2925E-03
  0.2601E+01	  0.3934E-01	  0.3025E-03
  0.2642E+01	  0.3693E-01	  0.3127E-03
  0.2683E+01	  0.3468E-01	  0.3230E-03
  0.2724E+01	  0.3256E-01	  0.3335E-03
  0.2765E+01	  0.3057E-01	  0.3442E-03
  0.2806E+01	  0.2870E-01	  0.3551E-03
  0.2847E+01	  0.2695E-01	  0.3661E-03
  0.2888E+01	  0.2530E-01	  0.3773E-03
  0.2929E+01	  0.2375E-01	  0.3886E-03
  0.2970E+01	  0.2230E-01	  0.4001E-03
  0.3011E+01	  0.2094E-01	  0.4117E-03
  0.3052E+01	  0.1966E-01	  0.4234E-03
  0.3093E+01	  0.1846E-01	  0.4353E-03
  0.3134E+01	  0.1733E-01	  0.4473E-03
  0.3175E+01	  0.1627E-01	  0.4595E-03
  0.3216E+01	  0.1528E-01	  0.4718E-03
  0.3257E+01	  0.1434E-01	  0.4843E-03
  0.3298E+01	  0.1347E-01	  0.4970E-03
  0.3339E+01	  0.1264E-01	  0.5098E-03
  0.3380E+01	  0.1187E-01	  0.5228E-03
  0.3421E+01	  0.1114E-01	  0.5360E-03
  0.3462E+01	  0.1046E-01	  0.5493E-03
  0.3503E+01	  0.9824E-02	  0.5628E-03
  0.3544E+01	  0.9223E-02	  0.5764E-03
  0.3585E+01	  0.8660E-02	  0.5902E-03
  0.3626E+01	  0.8130E-02	  0.6042E-03
  0.3667E+01	  0.7633E-02	  0.6183E-03
  0.3708E+01	  0.7166E-02	  0.6326E-03
  0.3749E+01	  0.6728E-02	  0.6471E-03
  0.3790E+01	  0.6317E-02	  0.6617E-03
  0.3831E+01	  0.5931E-02	  0.6765E-03
  0.3871E+01	  0.5568E-02	  0.6915E-03
  0.3912E+01	  0.5228E-02	  0.7066E-03
  0.3953E+01	  0.4908E-02	  0.7219E-03
  0.3994E+01	  0.4608E-02	  0.7379E-03
  0.4035E+01	  0.4326E-02	  0.7551E-03
  0.4076E+01	  0.4061E-02	  0.7727E-03
  0.4117E+01	  0.3813E-02	  0.7908E-03
  0.4158E+01	  0.3580E-02	  0.8092E-03
  0.4199E+01	  0.3361E-02	  0.8278E-03
  0.4240E+01	  0.3155E-02	  0.8465E-03
  0.4281E+01	  0.2962E-02	  0.8655E-03
  0.4322E+01	  0.2781E-02	  0.8847E-03
  0.4363E+01	  0.2611E-02	  0.9041E-03
  0.4404E+01	  0.2451E-02	  0.9237E-03
  0.4445E+01	  0.2301E-02	  0.9436E-03
  0.4486E+01	  0.2160E-02	  0.9636E-03
  0.4527E+01	  0.2028E-02	  0.9838E-03
  0.4568E+01	  0.1904E-02	  0.1004E-02
  0.4609E+01	  0.1788E-02	  0.1025E-02
  0.4650E+01	  0.1678E-02	  0.1046E-02
  0.4691E+01	  0.1575E-02	  0.1067E-02
  0.4732E+01	  0.1479E-02	  0.1088E-02
  0.4773E+01	  0.1389E-02	  0.1110E-02
  0.4814E+01	  0.1304E-02	  0.1131E-02
  0.4855E+01	  0.1224E-02	  0.1153E-02
  0.4896E+01	  0.1149E-02	  0.1175E-02
  0.4937E+01	  0.1078E-02	  0.1198E-02
  0.4978E+01	  0.1012E-02	  0.1220E-02
  0.5019E+01	  0.9504E-03	  0.1243E-02
  0.5060E+01	  0.8922E-03	  0.1267E-02
  0.5101E+01	  0.8376E-03	  0.1290E-02
  0.5141E+01	  0.7863E-03	  0.1314E-02
  0.5182E+01	  0.7381E-03	  0.1339E-02
  0.5223E+01	  0.6929E-03	  0.1363E-02
  0.5264E+01	  0.6504E-03	  0.1388E-02
  0.5305E+01	  0.6106E-03	  0.1413E-02
  0.5346E+01	  0.5732E-03	  0.1438E-02
  0.5387E+01	  0.5380E-03	  0.1463E-02
  0.5428E+01	  0.5051E-03	  0.1489E-02
  0.5469E+01	  0.4741E-03	  0.1515E-02
  0.5510E+01	  0.4450E-03	  0.1541E-02
  0.5551E+01	  0.4178E-03	  0.1567E-02
  0.5592E+01	  0.3921E-03	  0.1593E-02
  0.5633E+01	  0.3681E-03	  0.1620E-02
  0.5674E+01	  0.3455E-03	  0.1647E-02
  0.5715E+01	  0.3243E-03	  0.1674E-02
  0.5756E+01	  0.3044E-03	  0.1701E-02
  0.5797E+01	  0.2858E-03	  0.1729E-02
  0.5838E+01	  0.2682E-03	  0.1756E-02
  0.5879E+01	  0.2518E-03	  0.1784E-02
  0.5920E+01	  0.2363E-03	  0.1812E-02
  0.5961E+01	  0.2218E-03	  0.1841E-02
  0.6002E+01	  0.2082E-03	  0.1869E-02
  0.6043E+01	  0.1954E-03	  0.1897E-02
  0.6084E+01	  0.1834E-03	  0.1926E-02
  0.6125E+01	  0.1722E-03	  0.1954E-02
  0.6166E+01	  0.1616E-03	  0.1983E-02
  0.6207E+01	  0.1517E-03	  0.2012E-02
  0.6248E+01	  0.1423E-03	  0.2041E-02
  0.6289E+01	  0.1336E-03	  0.2070E-02
  0.6330E+01	  0.1254E-03	  0.2100E-02
  0.6371E+01	  0.1177E-03	  0.2129E-02
  0.6411E+01	  0.1104E-03	  0.2159E-02
  0.6452E+01	  0.1037E-03	  0.2189E-02
  0.6493E+01	  0.9728E-04	  0.2220E-02
  0.6534E+01	  0.9130E-04	  0.2250E-02
  0.6575E+01	  0.8568E-04	  0.2281E-02
  0.6616E+01	  0.8041E-04	  0.2312E-02
  0.6657E+01	  0.7546E-04	  0.2343E-02
  0.6698E+01	  0.7082E-04	  0.2375E-02
  0.6739E+01	  0.6646E-04	  0.2406E-02
  0.6780E+01	  0.6237E-04	  0.2438E-02
  0.6821E+01	  0.5853E-04	  0.2470E-02
  0.6862E+01	  0.5492E-04	  0.2503E-02
  0.6903E+01	  0.5154E-04	  0.2535E-02
  0.6944E+01	  0.4837E-04	  0.2567E-02
  0.6985E+01	  0.4538E-04	  0.2599E-02
  0.7026E+01	  0.4259E-04	  0.2631E-02
  0.7067E+01	  0.3996E-04	  0.2662E-02
  0.7108E+01	  0.3750E-04	  0.2693E-02
  0.7149E+01	  0.3519E-04	  0.2724E-02
  0.7190E+01	  0.3301E-04	  0.2755E-02
  0.7231E+01	  0.3098E-04	  0.2787E-02
  0.7272E+01	  0.2907E-04	  0.2818E-02
  0.7313E+01	  0.2727E-04	  0.2850E-02
  0.7354E+01	  0.2559E-04	  0.2882E-02
  0.7395E+01	  0.2401E-04	  0.2914E-02
  0.7436E+01	  0.2252E-04	  0.2946E-02
  0.7477E+01	  0.2113E-04	  0.2979E-02
  0.7518E+01	  0.1983E-04	  0.3011E-02
  0.7559E+01	  0.1860E-04	  0.3044E-02
  0.7600E+01	  0.1745E-04	  0.3077E-02
  0.7641E+01	  0.1637E-04	  0.3110E-02
  0.7682E+01	  0.1536E-04	  0.3144E-02
  0.7722E+01	  0.1441E-04	  0.3178E-02
  0.7763E+01	  0.1352E-04	  0.3212E-02
  0.7804E+01	  0.1268E-04	  0.3246E-02
  0.7845E+01	  0.1189E-04	  0.3280E-02
  0.7886E+01	  0.1116E-04	  0.3315E-02
  0.7927E+01	  0.1046E-04	  0.3349E-02
  0.7968E+01	  0.9815E-05	  0.3384E-02
  0.8009E+01	  0.9206E-05	  0.3420E-02
  0.8050E+01	  0.8634E-05	  0.3455E-02
  0.8091E+01	  0.8098E-05	  0.3491E-02
  0.8132E+01	  0.7595E-05	  0.3527E-02
  0.8173E+01	  0.7123E-05	  0.3563E-02
  0.8214E+01	  0.6680E-05	  0.3599E-02
  0.8255E+01	  0.6264E-05	  0.3636E-02
  0.8296E+01	  0.5874E-05	  0.3673E-02
  0.8337E+01	  0.5508E-05	  0.3710E-02
  0.8378E+01	  0.5165E-05	  0.3748E-02
  0.8419E+01	  0.4843E-05	  0.3785E-02
  0.8460E+01	  0.4541E-05	  0.3823E-02
  0.8501E+01	  0.4258E-05	  0.3862E-02
  0.8542E+01	  0.3992E-05	  0.3900E-02
  0.8583E+01	  0.3742E-05	  0.3939E-02
  0.8624E+01	  0.3508E-05	  0.3979E-02
  0.8665E+01	  0.3289E-05	  0.4018E-02
  0.8706E+01	  0.3083E-05	  0.4058E-02
  0.8747E+01	  0.2889E-05	  0.4098E-02
  0.8788E+01	  0.2708E-05	  0.4139E-02
  0.8829E+01	  0.2538E-05	  0.4180E-02
  0.8870E+01	  0.2379E-05	  0.4221E-02
  0.8911E+01	  0.2229E-05	  0.4263E-02
  0.8952E+01	  0.2089E-05	  0.4305E-02
  0.8992E+01	  0.1957E-05	  0.4347E-02
  0.9033E+01	  0.1834E-05	  0.4389E-02
  0.9074E+01	  0.1718E-05	  0.4431E-02
  0.9115E+01	  0.1609E-05	  0.4474E-02
  0.9156E+01	  0.1507E-05	  0.4518E-02
  0.9197E+01	  0.1412E-05	  0.4562E-02
  0.9238E+01	  0.1322E-05	  0.4606E-02
  0.9279E+01	  0.1238E-05	  0.4651E-02
  0.9320E+01	  0.1159E-05	  0.4697E-02
  0.9361E+01	  0.1086E-05	  0.4743E-02
  0.9402E+01	  0.1016E-05	  0.4789E-02
  0.9443E+01	  0.9513E-06	  0.4837E-02
  0.9484E+01	  0.8904E-06	  0.4885E-02
  0.9525E+01	  0.8332E-06	  0.4934E-02
  0.9566E+01	  0.7797E-06	  0.4983E-02
  0.9607E+01	  0.7295E-06	  0.5034E-02
  0.9648E+01	  0.6824E-06	  0.5085E-02
  0.9689E+01	  0.6383E-06	  0.5137E-02
  0.9730E+01	  0.5969E-06	  0.5189E-02
  0.9771E+01	  0.5581E-06	  0.5243E-02
  0.9812E+01	  0.5217E-06	  0.5297E-02
  0.9853E+01	  0.4876E-06	  0.5353E-02
  0.9894E+01	  0.4557E-06	  0.5410E-02
  0.9935E+01	  0.4257E-06	  0.5468E-02
  0.9976E+01	  0.3977E-06	  0.5528E-02
  0.1002E+02	  0.3713E-06	  0.5588E-02
  0.1006E+02	  0.3467E-06	  0.5645E-02
  0.1010E+02	  0.3236E-06	  0.5699E-02
  0.1014E+02	  0.3019E-06	  0.5754E-02
  0.1018E+02	  0.2816E-06	  0.5812E-02
  0.1022E+02	  0.2626E-06	  0.5871E-02
  0.1026E+02	  0.2448E-06	  0.5933E-02
  0.1030E+02	  0.2281E-06	  0.5997E-02
  0.1034E+02	  0.2125E-06	  0.6065E-02
  0.1039E+02	  0.1978E-06	  0.6135E-02
  0.1043E+02	  0.1841E-06	  0.6208E-02
  0.1047E+02	  0.1712E-06	  0.6284E-02
  0.1051E+02	  0.1592E-06	  0.6365E-02
  0.1055E+02	  0.1479E-06	  0.6449E-02
  0.1059E+02	  0.1373E-06	  0.6538E-02
  0.1063E+02	  0.1275E-06	  0.6627E-02
  0.1067E+02	  0.1182E-06	  0.6716E-02
  0.1071E+02	  0.1095E-06	  0.6810E-02
  0.1075E+02	  0.1014E-06	  0.6911E-02
  0.1080E+02	  0.9377E-07	  0.7020E-02
  0.1084E+02	  0.8665E-07	  0.7136E-02
  0.1088E+02	  0.7997E-07	  0.7262E-02
  0.1092E+02	  0.7373E-07	  0.7398E-02
  0.1096E+02	  0.6788E-07	  0.7546E-02
  0.1100E+02	  0.6241E-07	  0.7707E-02
  0.1104E+02	  0.5729E-07	  0.7883E-02
  0.1108E+02	  0.5249E-07	  0.8076E-02
  0.1112E+02	  0.4801E-07	  0.8289E-02
  0.1116E+02	  0.4381E-07	  0.8524E-02
  0.1120E+02	  0.3988E-07	  0.8787E-02
  0.1125E+02	  0.3621E-07	  0.9081E-02
  0.1129E+02	  0.3278E-07	  0.9412E-02
  0.1133E+02	  0.2956E-07	  0.9788E-02
  0.1137E+02	  0.2656E-07	  0.1022E-01
  0.1141E+02	  0.2375E-07	  0.1071E-01
  0.1145E+02	  0.2113E-07	  0.1129E-01
  0.1149E+02	  0.1867E-07	  0.1197E-01
  0.1153E+02	  0.1638E-07	  0.1279E-01
  0.1157E+02	  0.1424E-07	  0.1371E-01
  0.1161E+02	  0.1226E-07	  0.1459E-01
  0.1166E+02	  0.1048E-07	  0.1521E-01
  0.1170E+02	  0.8925E-08	  0.1556E-01
  0.1174E+02	  0.7579E-08	  0.1599E-01
  0.1178E+02	  0.6402E-08	  0.1656E-01
  0.1182E+02	  0.5379E-08	  0.1705E-01
  0.1186E+02	  0.4504E-08	  0.1713E-01
  0.1190E+02	  0.3788E-08	  0.1694E-01
  0.1194E+02	  0.3185E-08	  0.1708E-01
  0.1198E+02	  0.2672E-08	  0.1738E-01
  0.1202E+02	  0.2235E-08	  0.1777E-01
  0.1207E+02	  0.1863E-08	  0.1820E-01
  0.1211E+02	  0.1546E-08	  0.1868E-01
  0.1215E+02	  0.1277E-08	  0.1920E-01
  0.1219E+02	  0.1050E-08	  0.1975E-01
  0.1223E+02	  0.8594E-09	  0.2031E-01
  0.1227E+02	  0.6997E-09	  0.2085E-01
  0.1231E+02	  0.5672E-09	  0.2136E-01
  0.1235E+02	  0.4578E-09	  0.2186E-01
  0.1239E+02	  0.3680E-09	  0.2236E-01
  0.1243E+02	  0.2945E-09	  0.2287E-01
  0.1247E+02	  0.2347E-09	  0.2336E-01
  0.1252E+02	  0.1863E-09	  0.2381E-01
  0.1256E+02	  0.1474E-09	  0.2421E-01
  0.1260E+02	  0.1163E-09	  0.2455E-01
  0.1264E+02	  0.9152E-10	  0.2481E-01
  0.1268E+02	  0.7191E-10	  0.2501E-01
  0.1272E+02	  0.5644E-10	  0.2514E-01
  0.1276E+02	  0.4427E-10	  0.2523E-01
  0.1280E+02	  0.3472E-10	  0.2527E-01
  0.1284E+02	  0.2723E-10	  0.2531E-01
  0.1288E+02	  0.2135E-10	  0.2548E-01
  0.1293E+02	  0.1669E-10	  0.2581E-01
  0.1297E+02	  0.1301E-10	  0.2633E-01
  0.1301E+02	  0.1007E-10	  0.2699E-01
  0.1305E+02	  0.7774E-11	  0.2666E-01
  0.1309E+02	  0.6087E-11	  0.2540E-01
  0.1313E+02	  0.4802E-11	  0.2497E-01
  0.1317E+02	  0.3783E-11	  0.2503E-01
  0.1321E+02	  0.2984E-11	  0.2476E-01
  0.1325E+02	  0.2366E-11	  0.2440E-01
  0.1329E+02	  0.1878E-11	  0.2442E-01
  0.1334E+02	  0.1488E-11	  0.2474E-01
  0.1338E+02	  0.1174E-11	  0.2528E-01
  0.1342E+02	  0.9206E-12	  0.2591E-01
  0.1346E+02	  0.7182E-12	  0.2649E-01
  0.1350E+02	  0.5580E-12	  0.2694E-01
  0.1354E+02	  0.4319E-12	  0.2741E-01
  0.1358E+02	  0.3329E-12	  0.2790E-01
  0.1362E+02	  0.2555E-12	  0.2838E-01
  0.1366E+02	  0.1953E-12	  0.2886E-01
  0.1370E+02	  0.1487E-12	  0.2936E-01
  0.1374E+02	  0.1127E-12	  0.2987E-01
  0.1379E+02	  0.8503E-13	  0.3042E-01
  0.1383E+02	  0.6385E-13	  0.3100E-01
  0.1387E+02	  0.4769E-13	  0.3163E-01
  0.1391E+02	  0.3542E-13	  0.3231E-01
  0.1395E+02	  0.2616E-13	  0.3299E-01
  0.1399E+02	  0.1920E-13	  0.3367E-01
  0.1403E+02	  0.1402E-13	  0.3436E-01
  0.1407E+02	  0.1017E-13	  0.3503E-01
  0.1411E+02	  0.7342E-14	  0.3571E-01
  0.1415E+02	  0.5268E-14	  0.3639E-01
  0.1420E+02	  0.3758E-14	  0.3708E-01
  0.1424E+02	  0.2666E-14	  0.3777E-01
  0.1428E+02	  0.1880E-14	  0.3847E-01
  0.1432E+02	  0.1318E-14	  0.3917E-01
  0.1436E+02	  0.9190E-15	  0.3985E-01
  0.1440E+02	  0.6371E-15	  0.4052E-01
  0.1444E+02	  0.4393E-15	  0.4119E-01
  0.1448E+02	  0.3013E-15	  0.4184E-01
  0.1452E+02	  0.2056E-15	  0.4249E-01
  0.1456E+02	  0.1395E-15	  0.4313E-01
  0.1461E+02	  0.9419E-16	  0.4377E-01
  0.1465E+02	  0.6328E-16	  0.4439E-01
  0.1469E+02	  0.4230E-16	  0.4501E-01
  0.1473E+02	  0.2814E-16	  0.4563E-01
  0.1477E+02	  0.1863E-16	  0.4624E-01
  0.1481E+02	  0.1227E-16	  0.4684E-01
  0.1485E+02	  0.8046E-17	  0.4743E-01
  0.1489E+02	  0.5252E-17	  0.4801E-01
  0.1493E+02	  0.3413E-17	  0.4857E-01
  0.1497E+02	  0.2208E-17	  0.4910E-01
  0.1501E+02	  0.1424E-17	  0.4958E-01
  0.1506E+02	  0.9146E-18	  0.5002E-01
  0.1510E+02	  0.5857E-18	  0.5045E-01
  0.1514E+02	  0.3738E-18	  0.5088E-01
  0.1518E+02	  0.2378E-18	  0.5131E-01
  0.1522E+02	  0.1507E-18	  0.5174E-01
  0.1526E+02	  0.9527E-19	  0.5216E-01
  0.1530E+02	  0.6001E-19	  0.5258E-01
  0.1534E+02	  0.3768E-19	  0.5301E-01
  0.1538E+02	  0.2359E-19	  0.5343E-01
  0.1542E+02	  0.1472E-19	  0.5384E-01
  0.1547E+02	  0.9154E-20	  0.5426E-01
  0.1551E+02	  0.5676E-20	  0.5467E-01
  0.1555E+02	  0.3508E-20	  0.5509E-01
  0.1559E+02	  0.2162E-20	  0.5550E-01
  0.1563E+02	  0.1328E-20	  0.5592E-01
  0.1567E+02	  0.8130E-21	  0.5635E-01
  0.1571E+02	  0.4961E-21	  0.5682E-01
  0.1575E+02	  0.3015E-21	  0.5738E-01
  0.1579E+02	  0.1823E-21	  0.5805E-01
  0.1583E+02	  0.1097E-21	  0.5876E-01
  0.1588E+02	  0.6565E-22	  0.5945E-01
  0.1592E+02	  0.3909E-22	  0.6014E-01
  0.1596E+02	  0.2316E-22	  0.6080E-01
  0.1600E+02	  0.1365E-22	  0.6143E-01
  0.1604E+02	  0.8017E-23	  0.6202E-01
  0.1608E+02	  0.4687E-23	  0.6259E-01
  0.1612E+02	  0.2729E-23	  0.6316E-01
  0.1616E+02	  0.1583E-23	  0.6372E-01
  0.1620E+02	  0.9140E-24	  0.6428E-01
  0.1624E+02	  0.5257E-24	  0.6484E-01
  0.1628E+02	  0.3012E-24	  0.6539E-01
  0.1633E+02	  0.1719E-24	  0.6595E-01
  0.1637E+02	  0.9768E-25	  0.6650E-01
  0.1641E+02	  0.5530E-25	  0.6705E-01
  0.1645E+02	  0.3118E-25	  0.6760E-01
  0.1649E+02	  0.1752E-25	  0.6815E-01
  0.1653E+02	  0.9799E-26	  0.6871E-01
  0.1657E+02	  0.5460E-26	  0.6927E-01
  0.1661E+02	  0.3031E-26	  0.6983E-01
  0.1665E+02	  0.1676E-26	  0.7039E-01
  0.1669E+02	  0.9227E-27	  0.7095E-01
  0.1674E+02	  0.5061E-27	  0.7150E-01
  0.1678E+02	  0.2766E-27	  0.7205E-01
  0.1682E+02	  0.1505E-27	  0.7260E-01
  0.1686E+02	  0.8163E-28	  0.7315E-01
  0.1690E+02	  0.4410E-28	  0.7369E-01
  0.1694E+02	  0.2373E-28	  0.7423E-01
  0.1698E+02	  0.1273E-28	  0.7475E-01
  0.1702E+02	  0.6801E-29	  0.7525E-01
  0.1706E+02	  0.3622E-29	  0.7570E-01

R16 
------------------------------------------------------------
Electric field / N (Td)                    25.00    
Angular frequency / N (m3/s)              0.1938E-11
Cosine of E-B field angle                  0.000    
Gas temperature (K)                        800.0    
Excitation temperature (K)                 300.0    
Transition energy (eV)                     0.000    
Ionization degree                          0.000    
Plasma density (1/m3)                     0.1000E+19
Ion charge parameter                       1.000    
Ion/neutral mass ratio                     1.000    
Coulomb collision model                    1.000    
Energy sharing                             0.000    
Growth model                               1.000    
Maxwellian mean energy (eV)                0.000    
# of grid points                           500.0    
Grid type                                  1.000    
Maximum energy                             30.00    
Precision                                 0.1000E-29
Convergence                               0.1000E-03
Maximum # of iterations                   0.2000E+05
Mole fraction Ar                           1.000    
------------------------------------------------------------
Mean energy (eV)                           1.176    
Mobility *N (1/m/V/s)                     0.3037E+26
Re/perp mobility *N (1/m/V/s)             0.1230E+22
Im/Hall mobility *N (1/m/V/s)            -0.9074E+23
Diffusion coefficient *N (1/m/s)          0.2343E+26
Energy mobility *N (1/m/V/s)              0.1815E+26
Energy diffusion coef. *N (1/m/s)         0.1415E+26
Total collision freq. /N (m3/s)           0.1275E-13
Momentum frequency /N (m3/s)              0.2626E-13
Total ionization freq. /N (m3/s)          0.8323E-35
Power /N (eV m3/s)                        0.7685E-18
Elastic power loss /N (eV m3/s)           0.7672E-18
Inelastic power loss /N (eV m3/s)         0.1266E-20
Growth power /N (eV m3/s)                 0.9791E-35
Maximum energy                             21.13    
# of iterations                            10.00    
# of grid trials                           2.000    
------------------------------------------------------------
Rate coefficients (m3/s)
C1    Ar    Elastic                       0.1275E-13
C2    Ar    Excitation    11.55 eV        0.4550E-22
C3    Ar    Excitation    11.62 eV        0.3695E-22
C4    Ar    Excitation    11.72 eV        0.5479E-23
C5    Ar    Excitation    11.83 eV        0.2081E-22
C6    Ar    Excitation    12.91 eV        0.5263E-25
C7    Ar    Excitation    13.08 eV        0.3499E-26
C8    Ar    Excitation    13.10 eV        0.2226E-26
C9    Ar    Excitation    13.15 eV        0.9123E-27
C10   Ar    Excitation    13.17 eV        0.1509E-26
C11   Ar    Excitation    13.27 eV        0.2435E-27
C12   Ar    Excitation    13.28 eV        0.4660E-27
C13   Ar    Excitation    13.30 eV        0.3678E-27
C14   Ar    Excitation    13.33 eV        0.4225E-27
C15   Ar    Excitation    13.48 eV        0.3171E-27
C16   Ar    Excitation    13.85 eV        0.3218E-28
C17   Ar    Excitation    13.86 eV        0.1211E-27
C18   Ar    Excitation    13.90 eV        0.4854E-28
C19   Ar    Excitation    13.98 eV        0.3889E-28
C20   Ar    Excitation    14.01 eV        0.9062E-29
C21   Ar    Excitation    14.06 eV        0.6181E-29
C22   Ar    Excitation    14.07 eV        0.5976E-29
C23   Ar    Excitation    14.09 eV        0.7605E-31
C24   Ar    Excitation    14.10 eV        0.6465E-30
C25   Ar    Excitation    14.15 eV        0.1280E-30
C26   Ar    Excitation    14.21 eV        0.2937E-29
C27   Ar    Excitation    14.23 eV        0.1757E-29
C28   Ar    Excitation    14.24 eV        0.3782E-30
C29   Ar    Excitation    14.24 eV        0.3651E-30
C30   Ar    Excitation    14.26 eV        0.7801E-32
C31   Ar    Excitation    14.30 eV        0.4213E-31
C32   Ar    Excitation    14.71 eV        0.1850E-34
C33   Ar    Excitation    14.85 eV        0.3549E-34
C34   Ar    Excitation    14.86 eV        0.1067E-33
C35   Ar    Excitation    15.00 eV        0.1035E-34
C36   Ar    Excitation    15.02 eV        0.9029E-35
C37   Ar    Excitation    15.12 eV        0.6124E-36
C38   Ar    Excitation    15.19 eV        0.3081E-35
C39   Ar    Excitation    15.19 eV        0.2951E-35
C40   Ar    Excitation    15.31 eV        0.1447E-37
C41   Ar    Excitation    15.35 eV        0.6139E-38
C42   Ar    Excitation    15.36 eV        0.8066E-38
C43   Ar    Excitation    15.37 eV        0.1326E-36
C44   Ar    Excitation    15.37 eV        0.2708E-36
C45   Ar    Excitation    15.66 eV        0.4934E-37
C46   Ar    Ionization    15.76 eV        0.8323E-35
------------------------------------------------------------
Energy (eV) EEDF (eV-3/2) Anisotropy
  0.2113E-01	  0.1600E+01	  0.2485E-05
  0.6340E-01	  0.1516E+01	  0.2251E-05
  0.1057E+00	  0.1435E+01	  0.1783E-05
  0.1479E+00	  0.1358E+01	  0.1196E-05
  0.1902E+00	  0.1284E+01	  0.8231E-06
  0.2325E+00	  0.1213E+01	  0.7568E-06
  0.2747E+00	  0.1146E+01	  0.1014E-05
  0.3170E+00	  0.1084E+01	  0.1589E-05
  0.3592E+00	  0.1026E+01	  0.2458E-05
  0.4015E+00	  0.9720E+00	  0.3593E-05
  0.4438E+00	  0.9207E+00	  0.4970E-05
  0.4860E+00	  0.8722E+00	  0.6569E-05
  0.5283E+00	  0.8264E+00	  0.8375E-05
  0.5706E+00	  0.7829E+00	  0.1037E-04
  0.6128E+00	  0.7418E+00	  0.1255E-04
  0.6551E+00	  0.7029E+00	  0.1491E-04
  0.6974E+00	  0.6660E+00	  0.1745E-04
  0.7396E+00	  0.6311E+00	  0.2017E-04
  0.7819E+00	  0.5980E+00	  0.2308E-04
  0.8241E+00	  0.5667E+00	  0.2618E-04
  0.8664E+00	  0.5370E+00	  0.2949E-04
  0.9087E+00	  0.5088E+00	  0.3302E-04
  0.9509E+00	  0.4822E+00	  0.3679E-04
  0.9932E+00	  0.4569E+00	  0.4066E-04
  0.1035E+01	  0.4330E+00	  0.4438E-04
  0.1078E+01	  0.4103E+00	  0.4804E-04
  0.1120E+01	  0.3888E+00	  0.5181E-04
  0.1162E+01	  0.3685E+00	  0.5573E-04
  0.1205E+01	  0.3492E+00	  0.5978E-04
  0.1247E+01	  0.3309E+00	  0.6393E-04
  0.1289E+01	  0.3135E+00	  0.6820E-04
  0.1331E+01	  0.2971E+00	  0.7262E-04
  0.1374E+01	  0.2816E+00	  0.7717E-04
  0.1416E+01	  0.2668E+00	  0.8186E-04
  0.1458E+01	  0.2528E+00	  0.8669E-04
  0.1500E+01	  0.2396E+00	  0.9171E-04
  0.1543E+01	  0.2271E+00	  0.9697E-04
  0.1585E+01	  0.2152E+00	  0.1024E-03
  0.1627E+01	  0.2039E+00	  0.1080E-03
  0.1669E+01	  0.1932E+00	  0.1137E-03
  0.1712E+01	  0.1831E+00	  0.1195E-03
  0.1754E+01	  0.1735E+00	  0.1252E-03
  0.1796E+01	  0.1644E+00	  0.1310E-03
  0.1838E+01	  0.1558E+00	  0.1370E-03
  0.1881E+01	  0.1477E+00	  0.1431E-03
  0.1923E+01	  0.1399E+00	  0.1493E-03
  0.1965E+01	  0.1326E+00	  0.1556E-03
  0.2008E+01	  0.1257E+00	  0.1623E-03
  0.2050E+01	  0.1191E+00	  0.1693E-03
  0.2092E+01	  0.1128E+00	  0.1767E-03
  0.2134E+01	  0.1069E+00	  0.1842E-03
  0.2177E+01	  0.1013E+00	  0.1918E-03
  0.2219E+01	  0.9603E-01	  0.1996E-03
  0.2261E+01	  0.9100E-01	  0.2076E-03
  0.2303E+01	  0.8624E-01	  0.2157E-03
  0.2346E+01	  0.8172E-01	  0.2240E-03
  0.2388E+01	  0.7744E-01	  0.2324E-03
  0.2430E+01	  0.7339E-01	  0.2410E-03
  0.2472E+01	  0.6954E-01	  0.2497E-03
  0.2515E+01	  0.6590E-01	  0.2587E-03
  0.2557E+01	  0.6245E-01	  0.2680E-03
  0.2599E+01	  0.5918E-01	  0.2775E-03
  0.2642E+01	  0.5608E-01	  0.2871E-03
  0.2684E+01	  0.5314E-01	  0.2969E-03
  0.2726E+01	  0.5036E-01	  0.3069E-03
  0.2768E+01	  0.4772E-01	  0.3170E-03
  0.2811E+01	  0.4522E-01	  0.3273E-03
  0.2853E+01	  0.4285E-01	  0.3377E-03
  0.2895E+01	  0.4061E-01	  0.3484E-03
  0.2937E+01	  0.3848E-01	  0.3591E-03
  0.2980E+01	  0.3647E-01	  0.3701E-03
  0.3022E+01	  0.3456E-01	  0.3811E-03
  0.3064E+01	  0.3275E-01	  0.3922E-03
  0.3106E+01	  0.3103E-01	  0.4035E-03
  0.3149E+01	  0.2941E-01	  0.4150E-03
  0.3191E+01	  0.2787E-01	  0.4266E-03
  0.3233E+01	  0.2641E-01	  0.4383E-03
  0.3275E+01	  0.2502E-01	  0.4503E-03
  0.3318E+01	  0.2371E-01	  0.4623E-03
  0.3360E+01	  0.2247E-01	  0.4746E-03
  0.3402E+01	  0.2129E-01	  0.4870E-03
  0.3445E+01	  0.2018E-01	  0.4995E-03
  0.3487E+01	  0.1912E-01	  0.5123E-03
  0.3529E+01	  0.1812E-01	  0.5251E-03
  0.3571E+01	  0.1717E-01	  0.5382E-03
  0.3614E+01	  0.1627E-01	  0.5514E-03
  0.3656E+01	  0.1542E-01	  0.5648E-03
  0.3698E+01	  0.1461E-01	  0.5783E-03
  0.3740E+01	  0.1384E-01	  0.5920E-03
  0.3783E+01	  0.1312E-01	  0.6058E-03
  0.3825E+01	  0.1243E-01	  0.6198E-03
  0.3867E+01	  0.1178E-01	  0.6340E-03
  0.3909E+01	  0.1116E-01	  0.6483E-03
  0.3952E+01	  0.1058E-01	  0.6628E-03
  0.3994E+01	  0.1002E-01	  0.6780E-03
  0.4036E+01	  0.9495E-02	  0.6943E-03
  0.4078E+01	  0.8998E-02	  0.7110E-03
  0.4121E+01	  0.8526E-02	  0.7282E-03
  0.4163E+01	  0.8079E-02	  0.7457E-03
  0.4205E+01	  0.7655E-02	  0.7633E-03
  0.4248E+01	  0.7254E-02	  0.7811E-03
  0.4290E+01	  0.6873E-02	  0.7992E-03
  0.4332E+01	  0.6513E-02	  0.8175E-03
  0.4374E+01	  0.6171E-02	  0.8359E-03
  0.4417E+01	  0.5847E-02	  0.8546E-03
  0.4459E+01	  0.5541E-02	  0.8735E-03
  0.4501E+01	  0.5250E-02	  0.8925E-03
  0.4543E+01	  0.4974E-02	  0.9118E-03
  0.4586E+01	  0.4713E-02	  0.9313E-03
  0.4628E+01	  0.4466E-02	  0.9510E-03
  0.4670E+01	  0.4232E-02	  0.9708E-03
  0.4712E+01	  0.4010E-02	  0.9909E-03
  0.4755E+01	  0.3799E-02	  0.1011E-02
  0.4797E+01	  0.3600E-02	  0.1032E-02
  0.4839E+01	  0.3411E-02	  0.1052E-02
  0.4881E+01	  0.3232E-02	  0.1073E-02
  0.4924E+01	  0.3062E-02	  0.1094E-02
  0.4966E+01	  0.2901E-02	  0.1116E-02
  0.5008E+01	  0.2749E-02	  0.1138E-02
  0.5051E+01	  0.2604E-02	  0.1160E-02
  0.5093E+01	  0.2468E-02	  0.1182E-02
  0.5135E+01	  0.2338E-02	  0.1205E-02
  0.5177E+01	  0.2215E-02	  0.1228E-02
  0.5220E+01	  0.2099E-02	  0.1251E-02
  0.5262E+01	  0.1988E-02	  0.1275E-02
  0.5304E+01	  0.1884E-02	  0.1298E-02
  0.5346E+01	  0.1785E-02	  0.1322E-02
  0.5389E+01	  0.1691E-02	  0.1346E-02
  0.5431E+01	  0.1602E-02	  0.1371E-02
  0.5473E+01	  0.1518E-02	  0.1395E-02
  0.5515E+01	  0.1438E-02	  0.1420E-02
  0.5558E+01	  0.1362E-02	  0.1445E-02
  0.5600E+01	  0.1291E-02	  0.1470E-02
  0.5642E+01	  0.1223E-02	  0.1496E-02
  0.5685E+01	  0.1158E-02	  0.1521E-02
  0.5727E+01	  0.1097E-02	  0.1547E-02
  0.5769E+01	  0.1040E-02	  0.1573E-02
  0.5811E+01	  0.9849E-03	  0.1599E-02
  0.5854E+01	  0.9330E-03	  0.1626E-02
  0.5896E+01	  0.8839E-03	  0.1652E-02
  0.5938E+01	  0.8373E-03	  0.1679E-02
  0.5980E+01	  0.7932E-03	  0.1706E-02
  0.6023E+01	  0.7514E-03	  0.1733E-02
  0.6065E+01	  0.7118E-03	  0.1760E-02
  0.6107E+01	  0.6743E-03	  0.1787E-02
  0.6149E+01	  0.6387E-03	  0.1815E-02
  0.6192E+01	  0.6050E-03	  0.1842E-02
  0.6234E+01	  0.5731E-03	  0.1870E-02
  0.6276E+01	  0.5429E-03	  0.1898E-02
  0.6318E+01	  0.5142E-03	  0.1926E-02
  0.6361E+01	  0.4871E-03	  0.1954E-02
  0.6403E+01	  0.4614E-03	  0.1983E-02
  0.6445E+01	  0.4370E-03	  0.2011E-02
  0.6488E+01	  0.4139E-03	  0.2040E-02
  0.6530E+01	  0.3920E-03	  0.2070E-02
  0.6572E+01	  0.3713E-03	  0.2099E-02
  0.6614E+01	  0.3517E-03	  0.2129E-02
  0.6657E+01	  0.3331E-03	  0.2159E-02
  0.6699E+01	  0.3155E-03	  0.2189E-02
  0.6741E+01	  0.2988E-03	  0.2219E-02
  0.6783E+01	  0.2830E-03	  0.2249E-02
  0.6826E+01	  0.2680E-03	  0.2280E-02
  0.6868E+01	  0.2538E-03	  0.2311E-02
  0.6910E+01	  0.2403E-03	  0.2342E-02
  0.6952E+01	  0.2276E-03	  0.2373E-02
  0.6995E+01	  0.2155E-03	  0.2404E-02
  0.7037E+01	  0.2041E-03	  0.2434E-02
  0.7079E+01	  0.1933E-03	  0.2464E-02
  0.7121E+01	  0.1830E-03	  0.2494E-02
  0.7164E+01	  0.1733E-03	  0.2524E-02
  0.7206E+01	  0.1641E-03	  0.2554E-02
  0.7248E+01	  0.1554E-03	  0.2584E-02
  0.7291E+01	  0.1471E-03	  0.2615E-02
  0.7333E+01	  0.1393E-03	  0.2646E-02
  0.7375E+01	  0.1319E-03	  0.2677E-02
  0.7417E+01	  0.1249E-03	  0.2708E-02
  0.7460E+01	  0.1182E-03	  0.2739E-02
  0.7502E+01	  0.1119E-03	  0.2771E-02
  0.7544E+01	  0.1060E-03	  0.2802E-02
  0.7586E+01	  0.1003E-03	  0.2834E-02
  0.7629E+01	  0.9497E-04	  0.2867E-02
  0.7671E+01	  0.8990E-04	  0.2899E-02
  0.7713E+01	  0.8510E-04	  0.2932E-02
  0.7755E+01	  0.8056E-04	  0.2965E-02
  0.7798E+01	  0.7625E-04	  0.2998E-02
  0.7840E+01	  0.7217E-04	  0.3032E-02
  0.7882E+01	  0.6831E-04	  0.3066E-02
  0.7925E+01	  0.6465E-04	  0.3100E-02
  0.7967E+01	  0.6119E-04	  0.3134E-02
  0.8009E+01	  0.5791E-04	  0.3168E-02
  0.8051E+01	  0.5480E-04	  0.3203E-02
  0.8094E+01	  0.5186E-04	  0.3238E-02
  0.8136E+01	  0.4907E-04	  0.3274E-02
  0.8178E+01	  0.4643E-04	  0.3310E-02
  0.8220E+01	  0.4393E-04	  0.3346E-02
  0.8263E+01	  0.4156E-04	  0.3382E-02
  0.8305E+01	  0.3932E-04	  0.3419E-02
  0.8347E+01	  0.3720E-04	  0.3456E-02
  0.8389E+01	  0.3519E-04	  0.3493E-02
  0.8432E+01	  0.3329E-04	  0.3531E-02
  0.8474E+01	  0.3149E-04	  0.3569E-02
  0.8516E+01	  0.2978E-04	  0.3607E-02
  0.8558E+01	  0.2817E-04	  0.3646E-02
  0.8601E+01	  0.2664E-04	  0.3685E-02
  0.8643E+01	  0.2519E-04	  0.3725E-02
  0.8685E+01	  0.2382E-04	  0.3765E-02
  0.8728E+01	  0.2252E-04	  0.3805E-02
  0.8770E+01	  0.2129E-04	  0.3846E-02
  0.8812E+01	  0.2013E-04	  0.3887E-02
  0.8854E+01	  0.1903E-04	  0.3929E-02
  0.8897E+01	  0.1798E-04	  0.3971E-02
  0.8939E+01	  0.1700E-04	  0.4014E-02
  0.8981E+01	  0.1606E-04	  0.4057E-02
  0.9023E+01	  0.1518E-04	  0.4100E-02
  0.9066E+01	  0.1434E-04	  0.4143E-02
  0.9108E+01	  0.1355E-04	  0.4187E-02
  0.9150E+01	  0.1280E-04	  0.4232E-02
  0.9192E+01	  0.1209E-04	  0.4278E-02
  0.9235E+01	  0.1142E-04	  0.4324E-02
  0.9277E+01	  0.1078E-04	  0.4370E-02
  0.9319E+01	  0.1018E-04	  0.4418E-02
  0.9361E+01	  0.9611E-05	  0.4466E-02
  0.9404E+01	  0.9073E-05	  0.4515E-02
  0.9446E+01	  0.8563E-05	  0.4565E-02
  0.9488E+01	  0.8080E-05	  0.4616E-02
  0.9531E+01	  0.7624E-05	  0.4667E-02
  0.9573E+01	  0.7192E-05	  0.4720E-02
  0.9615E+01	  0.6783E-05	  0.4774E-02
  0.9657E+01	  0.6396E-05	  0.4828E-02
  0.9700E+01	  0.6030E-05	  0.4884E-02
  0.9742E+01	  0.5684E-05	  0.4940E-02
  0.9784E+01	  0.5357E-05	  0.4998E-02
  0.9826E+01	  0.5047E-05	  0.5057E-02
  0.9869E+01	  0.4754E-05	  0.5118E-02
  0.9911E+01	  0.4477E-05	  0.5181E-02
  0.9953E+01	  0.4215E-05	  0.5244E-02
  0.9995E+01	  0.3968E-05	  0.5310E-02
  0.1004E+02	  0.3733E-05	  0.5374E-02
  0.1008E+02	  0.3512E-05	  0.5435E-02
  0.1012E+02	  0.3302E-05	  0.5496E-02
  0.1016E+02	  0.3104E-05	  0.5560E-02
  0.1021E+02	  0.2916E-05	  0.5626E-02
  0.1025E+02	  0.2739E-05	  0.5695E-02
  0.1029E+02	  0.2572E-05	  0.5767E-02
  0.1033E+02	  0.2413E-05	  0.5841E-02
  0.1038E+02	  0.2264E-05	  0.5919E-02
  0.1042E+02	  0.2122E-05	  0.6001E-02
  0.1046E+02	  0.1988E-05	  0.6087E-02
  0.1050E+02	  0.1862E-05	  0.6176E-02
  0.1054E+02	  0.1742E-05	  0.6271E-02
  0.1059E+02	  0.1629E-05	  0.6371E-02
  0.1063E+02	  0.1523E-05	  0.6471E-02
  0.1067E+02	  0.1422E-05	  0.6573E-02
  0.1071E+02	  0.1326E-05	  0.6681E-02
  0.1076E+02	  0.1236E-05	  0.6796E-02
  0.1080E+02	  0.1151E-05	  0.6919E-02
  0.1084E+02	  0.1071E-05	  0.7051E-02
  0.1088E+02	  0.9949E-06	  0.7194E-02
  0.1093E+02	  0.9231E-06	  0.7349E-02
  0.1097E+02	  0.8553E-06	  0.7516E-02
  0.1101E+02	  0.7913E-06	  0.7698E-02
  0.1105E+02	  0.7308E-06	  0.7897E-02
  0.1109E+02	  0.6737E-06	  0.8115E-02
  0.1114E+02	  0.6198E-06	  0.8355E-02
  0.1118E+02	  0.5689E-06	  0.8621E-02
  0.1122E+02	  0.5209E-06	  0.8917E-02
  0.1126E+02	  0.4755E-06	  0.9248E-02
  0.1131E+02	  0.4327E-06	  0.9620E-02
  0.1135E+02	  0.3924E-06	  0.1004E-01
  0.1139E+02	  0.3543E-06	  0.1053E-01
  0.1143E+02	  0.3183E-06	  0.1109E-01
  0.1147E+02	  0.2844E-06	  0.1174E-01
  0.1152E+02	  0.2525E-06	  0.1251E-01
  0.1156E+02	  0.2223E-06	  0.1339E-01
  0.1160E+02	  0.1941E-06	  0.1430E-01
  0.1164E+02	  0.1681E-06	  0.1501E-01
  0.1169E+02	  0.1450E-06	  0.1542E-01
  0.1173E+02	  0.1247E-06	  0.1582E-01
  0.1177E+02	  0.1068E-06	  0.1637E-01
  0.1181E+02	  0.9100E-07	  0.1690E-01
  0.1186E+02	  0.7723E-07	  0.1705E-01
  0.1190E+02	  0.6578E-07	  0.1689E-01
  0.1194E+02	  0.5602E-07	  0.1703E-01
  0.1198E+02	  0.4761E-07	  0.1735E-01
  0.1202E+02	  0.4033E-07	  0.1776E-01
  0.1207E+02	  0.3405E-07	  0.1822E-01
  0.1211E+02	  0.2863E-07	  0.1872E-01
  0.1215E+02	  0.2397E-07	  0.1926E-01
  0.1219E+02	  0.1997E-07	  0.1982E-01
  0.1224E+02	  0.1656E-07	  0.2039E-01
  0.1228E+02	  0.1367E-07	  0.2094E-01
  0.1232E+02	  0.1124E-07	  0.2146E-01
  0.1236E+02	  0.9204E-08	  0.2197E-01
  0.1240E+02	  0.7506E-08	  0.2249E-01
  0.1245E+02	  0.6096E-08	  0.2300E-01
  0.1249E+02	  0.4932E-08	  0.2349E-01
  0.1253E+02	  0.3976E-08	  0.2392E-01
  0.1257E+02	  0.3196E-08	  0.2430E-01
  0.1262E+02	  0.2563E-08	  0.2460E-01
  0.1266E+02	  0.2051E-08	  0.2483E-01
  0.1270E+02	  0.1639E-08	  0.2500E-01
  0.1274E+02	  0.1309E-08	  0.2511E-01
  0.1278E+02	  0.1045E-08	  0.2518E-01
  0.1283E+02	  0.8345E-09	  0.2522E-01
  0.1287E+02	  0.6661E-09	  0.2534E-01
  0.1291E+02	  0.5308E-09	  0.2561E-01
  0.1295E+02	  0.4219E-09	  0.2605E-01
  0.1300E+02	  0.3336E-09	  0.2669E-01
  0.1304E+02	  0.2624E-09	  0.2662E-01
  0.1308E+02	  0.2088E-09	  0.2547E-01
  0.1312E+02	  0.1675E-09	  0.2488E-01
  0.1317E+02	  0.1344E-09	  0.2491E-01
  0.1321E+02	  0.1078E-09	  0.2471E-01
  0.1325E+02	  0.8692E-10	  0.2437E-01
  0.1329E+02	  0.7013E-10	  0.2441E-01
  0.1333E+02	  0.5648E-10	  0.2474E-01
  0.1338E+02	  0.4530E-10	  0.2530E-01
  0.1342E+02	  0.3614E-10	  0.2595E-01
  0.1346E+02	  0.2868E-10	  0.2653E-01
  0.1350E+02	  0.2267E-10	  0.2700E-01
  0.1355E+02	  0.1786E-10	  0.2749E-01
  0.1359E+02	  0.1401E-10	  0.2800E-01
  0.1363E+02	  0.1094E-10	  0.2850E-01
  0.1367E+02	  0.8515E-11	  0.2901E-01
  0.1371E+02	  0.6598E-11	  0.2953E-01
  0.1376E+02	  0.5092E-11	  0.3007E-01
  0.1380E+02	  0.3911E-11	  0.3065E-01
  0.1384E+02	  0.2990E-11	  0.3128E-01
  0.1388E+02	  0.2274E-11	  0.3196E-01
  0.1393E+02	  0.1720E-11	  0.3266E-01
  0.1397E+02	  0.1293E-11	  0.3337E-01
  0.1401E+02	  0.9670E-12	  0.3407E-01
  0.1405E+02	  0.7192E-12	  0.3477E-01
  0.1410E+02	  0.5319E-12	  0.3548E-01
  0.1414E+02	  0.3912E-12	  0.3618E-01
  0.1418E+02	  0.2862E-12	  0.3688E-01
  0.1422E+02	  0.2082E-12	  0.3760E-01
  0.1426E+02	  0.1506E-12	  0.3832E-01
  0.1431E+02	  0.1083E-12	  0.3904E-01
  0.1435E+02	  0.7748E-13	  0.3974E-01
  0.1439E+02	  0.5513E-13	  0.4044E-01
  0.1443E+02	  0.3902E-13	  0.4113E-01
  0.1448E+02	  0.2747E-13	  0.4180E-01
  0.1452E+02	  0.1924E-13	  0.4247E-01
  0.1456E+02	  0.1341E-13	  0.4313E-01
  0.1460E+02	  0.9302E-14	  0.4379E-01
  0.1464E+02	  0.6420E-14	  0.4443E-01
  0.1469E+02	  0.4409E-14	  0.4507E-01
  0.1473E+02	  0.3014E-14	  0.4571E-01
  0.1477E+02	  0.2051E-14	  0.4633E-01
  0.1481E+02	  0.1389E-14	  0.4695E-01
  0.1486E+02	  0.9364E-15	  0.4756E-01
  0.1490E+02	  0.6286E-15	  0.4815E-01
  0.1494E+02	  0.4201E-15	  0.4872E-01
  0.1498E+02	  0.2797E-15	  0.4925E-01
  0.1502E+02	  0.1856E-15	  0.4973E-01
  0.1507E+02	  0.1227E-15	  0.5018E-01
  0.1511E+02	  0.8088E-16	  0.5062E-01
  0.1515E+02	  0.5314E-16	  0.5106E-01
  0.1519E+02	  0.3480E-16	  0.5150E-01
  0.1524E+02	  0.2272E-16	  0.5194E-01
  0.1528E+02	  0.1479E-16	  0.5238E-01
  0.1532E+02	  0.9594E-17	  0.5281E-01
  0.1536E+02	  0.6206E-17	  0.5325E-01
  0.1541E+02	  0.4002E-17	  0.5368E-01
  0.1545E+02	  0.2572E-17	  0.5410E-01
  0.1549E+02	  0.1649E-17	  0.5453E-01
  0.1553E+02	  0.1053E-17	  0.5496E-01
  0.1557E+02	  0.6710E-18	  0.5539E-01
  0.1562E+02	  0.4262E-18	  0.5582E-01
  0.1566E+02	  0.2698E-18	  0.5626E-01
  0.1570E+02	  0.1703E-18	  0.5674E-01
  0.1574E+02	  0.1070E-18	  0.5729E-01
  0.1579E+02	  0.6698E-19	  0.5797E-01
  0.1583E+02	  0.4170E-19	  0.5869E-01
  0.1587E+02	  0.2583E-19	  0.5941E-01
  0.1591E+02	  0.1592E-19	  0.6011E-01
  0.1595E+02	  0.9767E-20	  0.6079E-01
  0.1600E+02	  0.5964E-20	  0.6143E-01
  0.1604E+02	  0.3627E-20	  0.6204E-01
  0.1608E+02	  0.2197E-20	  0.6262E-01
  0.1612E+02	  0.1325E-20	  0.6320E-01
  0.1617E+02	  0.7961E-21	  0.6378E-01
  0.1621E+02	  0.4765E-21	  0.6435E-01
  0.1625E+02	  0.2841E-21	  0.6493E-01
  0.1629E+02	  0.1687E-21	  0.6549E-01
  0.1634E+02	  0.9978E-22	  0.6606E-01
  0.1638E+02	  0.5880E-22	  0.6663E-01
  0.1642E+02	  0.3452E-22	  0.6719E-01
  0.1646E+02	  0.2019E-22	  0.6775E-01
  0.1650E+02	  0.1176E-22	  0.6832E-01
  0.1655E+02	  0.6825E-23	  0.6890E-01
  0.1659E+02	  0.3946E-23	  0.6947E-01
  0.1663E+02	  0.2272E-23	  0.7005E-01
  0.1667E+02	  0.1304E-23	  0.7062E-01
  0.1672E+02	  0.7450E-24	  0.7118E-01
  0.1676E+02	  0.4242E-24	  0.7175E-01
  0.1680E+02	  0.2406E-24	  0.7231E-01
  0.1684E+02	  0.1360E-24	  0.7287E-01
  0.1688E+02	  0.7658E-25	  0.7342E-01
  0.1693E+02	  0.4297E-25	  0.7398E-01
  0.1697E+02	  0.2402E-25	  0.7452E-01
  0.1701E+02	  0.1338E-25	  0.7505E-01
  0.1705E+02	  0.7430E-26	  0.7557E-01
  0.1710E+02	  0.4111E-26	  0.7608E-01
  0.1714E+02	  0.2267E-26	  0.7658E-01
  0.1718E+02	  0.1246E-26	  0.7709E-01
  0.1722E+02	  0.6829E-27	  0.7759E-01
  0.1726E+02	  0.3729E-27	  0.7809E-01
  0.1731E+02	  0.2030E-27	  0.7859E-01
  0.1735E+02	  0.1101E-27	  0.7909E-01
  0.1739E+02	  0.5956E-28	  0.7959E-01
  0.1743E+02	  0.3211E-28	  0.8008E-01
  0.1748E+02	  0.1725E-28	  0.8057E-01
  0.1752E+02	  0.9242E-29	  0.8106E-01
  0.1756E+02	  0.4935E-29	  0.8152E-01
  0.1760E+02	  0.2629E-29	  0.8189E-01

R17 
------------------------------------------------------------
Electric field / N (Td)                    27.50    
Angular frequency / N (m3/s)              0.1938E-11
Cosine of E-B field angle                  0.000    
Gas temperature (K)                        800.0    
Excitation temperature (K)                 300.0    
Transition energy (eV)                     0.000    
Ionization degree                          0.000    
Plasma density (1/m3)                     0.1000E+19
Ion charge parameter                       1.000    
Ion/neutral mass ratio                     1.000    
Coulomb collision model                    1.000    
Energy sharing                             0.000    
Growth model                               1.000    
Maxwellian mean energy (eV)                0.000    
# of grid points                           500.0    
Grid type                                  1.000    
Maximum energy                             30.00    
Precision                                 0.1000E-29
Convergence                               0.1000E-03
Maximum # of iterations                   0.2000E+05
Mole fraction Ar                           1.000    
------------------------------------------------------------
Mean energy (eV)                           1.383    
Mobility *N (1/m/V/s)                     0.2637E+26
Re/perp mobility *N (1/m/V/s)             0.1602E+22
Im/Hall mobility *N (1/m/V/s)            -0.9071E+23
Diffusion coefficient *N (1/m/s)          0.2130E+26
Energy mobility *N (1/m/V/s)              0.1417E+26
Energy diffusion coef. *N (1/m/s)         0.1257E+26
Total collision freq. /N (m3/s)           0.1658E-13
Momentum frequency /N (m3/s)              0.3423E-13
Total ionization freq. /N (m3/s)          0.9131E-33
Power /N (eV m3/s)                        0.1212E-17
Elastic power loss /N (eV m3/s)           0.1201E-17
Inelastic power loss /N (eV m3/s)         0.1047E-19
Growth power /N (eV m3/s)                 0.1263E-32
Maximum energy                             21.71    
# of iterations                            10.00    
# of grid trials                           2.000    
------------------------------------------------------------
Rate coefficients (m3/s)
C1    Ar    Elastic                       0.1658E-13
C2    Ar    Excitation    11.55 eV        0.3710E-21
C3    Ar    Excitation    11.62 eV        0.2999E-21
C4    Ar    Excitation    11.72 eV        0.4586E-22
C5    Ar    Excitation    11.83 eV        0.1817E-21
C6    Ar    Excitation    12.91 eV        0.7151E-24
C7    Ar    Excitation    13.08 eV        0.5717E-25
C8    Ar    Excitation    13.10 eV        0.3667E-25
C9    Ar    Excitation    13.15 eV        0.1543E-25
C10   Ar    Excitation    13.17 eV        0.2571E-25
C11   Ar    Excitation    13.27 eV        0.4350E-26
C12   Ar    Excitation    13.28 eV        0.8362E-26
C13   Ar    Excitation    13.30 eV        0.6648E-26
C14   Ar    Excitation    13.33 eV        0.7721E-26
C15   Ar    Excitation    13.48 eV        0.6249E-26
C16   Ar    Excitation    13.85 eV        0.7623E-27
C17   Ar    Excitation    13.86 eV        0.2915E-26
C18   Ar    Excitation    13.90 eV        0.1198E-26
C19   Ar    Excitation    13.98 eV        0.1006E-26
C20   Ar    Excitation    14.01 eV        0.2394E-27
C21   Ar    Excitation    14.06 eV        0.1685E-27
C22   Ar    Excitation    14.07 eV        0.1634E-27
C23   Ar    Excitation    14.09 eV        0.2280E-29
C24   Ar    Excitation    14.10 eV        0.1803E-28
C25   Ar    Excitation    14.15 eV        0.3998E-29
C26   Ar    Excitation    14.21 eV        0.8838E-28
C27   Ar    Excitation    14.23 eV        0.5360E-28
C28   Ar    Excitation    14.24 eV        0.1155E-28
C29   Ar    Excitation    14.24 eV        0.1119E-28
C30   Ar    Excitation    14.26 eV        0.2613E-30
C31   Ar    Excitation    14.30 eV        0.1460E-29
C32   Ar    Excitation    14.71 eV        0.8729E-33
C33   Ar    Excitation    14.85 eV        0.1873E-32
C34   Ar    Excitation    14.86 eV        0.5681E-32
C35   Ar    Excitation    15.00 eV        0.6229E-33
C36   Ar    Excitation    15.02 eV        0.5518E-33
C37   Ar    Excitation    15.12 eV        0.4066E-34
C38   Ar    Excitation    15.19 eV        0.2171E-33
C39   Ar    Excitation    15.19 eV        0.2087E-33
C40   Ar    Excitation    15.31 eV        0.1136E-35
C41   Ar    Excitation    15.35 eV        0.5008E-36
C42   Ar    Excitation    15.36 eV        0.6634E-36
C43   Ar    Excitation    15.37 eV        0.1097E-34
C44   Ar    Excitation    15.37 eV        0.2256E-34
C45   Ar    Excitation    15.66 eV        0.5347E-35
C46   Ar    Ionization    15.76 eV        0.9131E-33
------------------------------------------------------------
Energy (eV) EEDF (eV-3/2) Anisotropy
  0.2171E-01	  0.1369E+01	  0.2494E-05
  0.6512E-01	  0.1301E+01	  0.2289E-05
  0.1085E+00	  0.1233E+01	  0.1877E-05
  0.1520E+00	  0.1164E+01	  0.1349E-05
  0.1954E+00	  0.1090E+01	  0.1032E-05
  0.2388E+00	  0.1016E+01	  0.1012E-05
  0.2822E+00	  0.9511E+00	  0.1309E-05
  0.3256E+00	  0.8967E+00	  0.1910E-05
  0.3690E+00	  0.8494E+00	  0.2787E-05
  0.4125E+00	  0.8069E+00	  0.3918E-05
  0.4559E+00	  0.7676E+00	  0.5282E-05
  0.4993E+00	  0.7309E+00	  0.6858E-05
  0.5427E+00	  0.6964E+00	  0.8630E-05
  0.5861E+00	  0.6638E+00	  0.1059E-04
  0.6295E+00	  0.6329E+00	  0.1272E-04
  0.6729E+00	  0.6036E+00	  0.1503E-04
  0.7164E+00	  0.5757E+00	  0.1751E-04
  0.7598E+00	  0.5492E+00	  0.2018E-04
  0.8032E+00	  0.5239E+00	  0.2302E-04
  0.8466E+00	  0.4999E+00	  0.2607E-04
  0.8900E+00	  0.4770E+00	  0.2932E-04
  0.9334E+00	  0.4552E+00	  0.3280E-04
  0.9769E+00	  0.4343E+00	  0.3649E-04
  0.1020E+01	  0.4145E+00	  0.4009E-04
  0.1064E+01	  0.3956E+00	  0.4353E-04
  0.1107E+01	  0.3775E+00	  0.4707E-04
  0.1151E+01	  0.3603E+00	  0.5075E-04
  0.1194E+01	  0.3439E+00	  0.5456E-04
  0.1237E+01	  0.3282E+00	  0.5848E-04
  0.1281E+01	  0.3133E+00	  0.6251E-04
  0.1324E+01	  0.2990E+00	  0.6668E-04
  0.1368E+01	  0.2854E+00	  0.7098E-04
  0.1411E+01	  0.2724E+00	  0.7542E-04
  0.1454E+01	  0.2600E+00	  0.7999E-04
  0.1498E+01	  0.2482E+00	  0.8474E-04
  0.1541E+01	  0.2369E+00	  0.8972E-04
  0.1585E+01	  0.2261E+00	  0.9489E-04
  0.1628E+01	  0.2158E+00	  0.1002E-03
  0.1672E+01	  0.2060E+00	  0.1056E-03
  0.1715E+01	  0.1966E+00	  0.1111E-03
  0.1758E+01	  0.1877E+00	  0.1166E-03
  0.1802E+01	  0.1792E+00	  0.1221E-03
  0.1845E+01	  0.1710E+00	  0.1277E-03
  0.1889E+01	  0.1632E+00	  0.1335E-03
  0.1932E+01	  0.1558E+00	  0.1395E-03
  0.1975E+01	  0.1487E+00	  0.1456E-03
  0.2019E+01	  0.1420E+00	  0.1520E-03
  0.2062E+01	  0.1355E+00	  0.1588E-03
  0.2106E+01	  0.1294E+00	  0.1658E-03
  0.2149E+01	  0.1235E+00	  0.1729E-03
  0.2193E+01	  0.1179E+00	  0.1803E-03
  0.2236E+01	  0.1125E+00	  0.1877E-03
  0.2279E+01	  0.1074E+00	  0.1954E-03
  0.2323E+01	  0.1025E+00	  0.2031E-03
  0.2366E+01	  0.9788E-01	  0.2111E-03
  0.2410E+01	  0.9343E-01	  0.2191E-03
  0.2453E+01	  0.8919E-01	  0.2274E-03
  0.2496E+01	  0.8513E-01	  0.2358E-03
  0.2540E+01	  0.8127E-01	  0.2445E-03
  0.2583E+01	  0.7758E-01	  0.2534E-03
  0.2627E+01	  0.7405E-01	  0.2625E-03
  0.2670E+01	  0.7069E-01	  0.2718E-03
  0.2714E+01	  0.6748E-01	  0.2812E-03
  0.2757E+01	  0.6441E-01	  0.2908E-03
  0.2800E+01	  0.6149E-01	  0.3005E-03
  0.2844E+01	  0.5869E-01	  0.3104E-03
  0.2887E+01	  0.5603E-01	  0.3205E-03
  0.2931E+01	  0.5348E-01	  0.3307E-03
  0.2974E+01	  0.5105E-01	  0.3411E-03
  0.3017E+01	  0.4873E-01	  0.3516E-03
  0.3061E+01	  0.4652E-01	  0.3622E-03
  0.3104E+01	  0.4440E-01	  0.3729E-03
  0.3148E+01	  0.4239E-01	  0.3837E-03
  0.3191E+01	  0.4046E-01	  0.3948E-03
  0.3234E+01	  0.3862E-01	  0.4060E-03
  0.3278E+01	  0.3687E-01	  0.4173E-03
  0.3321E+01	  0.3519E-01	  0.4288E-03
  0.3365E+01	  0.3359E-01	  0.4405E-03
  0.3408E+01	  0.3207E-01	  0.4523E-03
  0.3452E+01	  0.3061E-01	  0.4642E-03
  0.3495E+01	  0.2922E-01	  0.4764E-03
  0.3538E+01	  0.2789E-01	  0.4887E-03
  0.3582E+01	  0.2662E-01	  0.5011E-03
  0.3625E+01	  0.2541E-01	  0.5137E-03
  0.3669E+01	  0.2426E-01	  0.5265E-03
  0.3712E+01	  0.2315E-01	  0.5394E-03
  0.3755E+01	  0.2210E-01	  0.5525E-03
  0.3799E+01	  0.2110E-01	  0.5657E-03
  0.3842E+01	  0.2014E-01	  0.5791E-03
  0.3886E+01	  0.1922E-01	  0.5926E-03
  0.3929E+01	  0.1835E-01	  0.6063E-03
  0.3973E+01	  0.1751E-01	  0.6204E-03
  0.4016E+01	  0.1671E-01	  0.6354E-03
  0.4059E+01	  0.1595E-01	  0.6512E-03
  0.4103E+01	  0.1523E-01	  0.6674E-03
  0.4146E+01	  0.1454E-01	  0.6839E-03
  0.4190E+01	  0.1387E-01	  0.7006E-03
  0.4233E+01	  0.1324E-01	  0.7175E-03
  0.4276E+01	  0.1264E-01	  0.7347E-03
  0.4320E+01	  0.1206E-01	  0.7520E-03
  0.4363E+01	  0.1152E-01	  0.7695E-03
  0.4407E+01	  0.1099E-01	  0.7873E-03
  0.4450E+01	  0.1049E-01	  0.8052E-03
  0.4494E+01	  0.1001E-01	  0.8233E-03
  0.4537E+01	  0.9557E-02	  0.8417E-03
  0.4580E+01	  0.9122E-02	  0.8602E-03
  0.4624E+01	  0.8706E-02	  0.8790E-03
  0.4667E+01	  0.8310E-02	  0.8979E-03
  0.4711E+01	  0.7931E-02	  0.9170E-03
  0.4754E+01	  0.7569E-02	  0.9364E-03
  0.4797E+01	  0.7224E-02	  0.9559E-03
  0.4841E+01	  0.6895E-02	  0.9757E-03
  0.4884E+01	  0.6581E-02	  0.9957E-03
  0.4928E+01	  0.6281E-02	  0.1016E-02
  0.4971E+01	  0.5994E-02	  0.1036E-02
  0.5015E+01	  0.5721E-02	  0.1057E-02
  0.5058E+01	  0.5460E-02	  0.1078E-02
  0.5101E+01	  0.5211E-02	  0.1100E-02
  0.5145E+01	  0.4973E-02	  0.1122E-02
  0.5188E+01	  0.4746E-02	  0.1144E-02
  0.5232E+01	  0.4529E-02	  0.1166E-02
  0.5275E+01	  0.4322E-02	  0.1188E-02
  0.5318E+01	  0.4125E-02	  0.1211E-02
  0.5362E+01	  0.3937E-02	  0.1234E-02
  0.5405E+01	  0.3757E-02	  0.1257E-02
  0.5449E+01	  0.3585E-02	  0.1280E-02
  0.5492E+01	  0.3421E-02	  0.1304E-02
  0.5536E+01	  0.3265E-02	  0.1328E-02
  0.5579E+01	  0.3115E-02	  0.1352E-02
  0.5622E+01	  0.2973E-02	  0.1376E-02
  0.5666E+01	  0.2837E-02	  0.1400E-02
  0.5709E+01	  0.2707E-02	  0.1425E-02
  0.5753E+01	  0.2583E-02	  0.1450E-02
  0.5796E+01	  0.2465E-02	  0.1475E-02
  0.5839E+01	  0.2352E-02	  0.1500E-02
  0.5883E+01	  0.2244E-02	  0.1526E-02
  0.5926E+01	  0.2141E-02	  0.1552E-02
  0.5970E+01	  0.2043E-02	  0.1577E-02
  0.6013E+01	  0.1950E-02	  0.1603E-02
  0.6057E+01	  0.1860E-02	  0.1629E-02
  0.6100E+01	  0.1775E-02	  0.1655E-02
  0.6143E+01	  0.1693E-02	  0.1682E-02
  0.6187E+01	  0.1616E-02	  0.1708E-02
  0.6230E+01	  0.1541E-02	  0.1735E-02
  0.6274E+01	  0.1471E-02	  0.1761E-02
  0.6317E+01	  0.1403E-02	  0.1789E-02
  0.6360E+01	  0.1338E-02	  0.1816E-02
  0.6404E+01	  0.1277E-02	  0.1843E-02
  0.6447E+01	  0.1218E-02	  0.1871E-02
  0.6491E+01	  0.1162E-02	  0.1899E-02
  0.6534E+01	  0.1109E-02	  0.1927E-02
  0.6578E+01	  0.1058E-02	  0.1956E-02
  0.6621E+01	  0.1009E-02	  0.1984E-02
  0.6664E+01	  0.9623E-03	  0.2013E-02
  0.6708E+01	  0.9179E-03	  0.2042E-02
  0.6751E+01	  0.8755E-03	  0.2072E-02
  0.6795E+01	  0.8351E-03	  0.2101E-02
  0.6838E+01	  0.7965E-03	  0.2131E-02
  0.6881E+01	  0.7597E-03	  0.2161E-02
  0.6925E+01	  0.7246E-03	  0.2192E-02
  0.6968E+01	  0.6911E-03	  0.2221E-02
  0.7012E+01	  0.6591E-03	  0.2251E-02
  0.7055E+01	  0.6285E-03	  0.2280E-02
  0.7099E+01	  0.5994E-03	  0.2310E-02
  0.7142E+01	  0.5716E-03	  0.2339E-02
  0.7185E+01	  0.5451E-03	  0.2368E-02
  0.7229E+01	  0.5198E-03	  0.2398E-02
  0.7272E+01	  0.4956E-03	  0.2427E-02
  0.7316E+01	  0.4726E-03	  0.2457E-02
  0.7359E+01	  0.4506E-03	  0.2488E-02
  0.7402E+01	  0.4296E-03	  0.2518E-02
  0.7446E+01	  0.4096E-03	  0.2549E-02
  0.7489E+01	  0.3905E-03	  0.2580E-02
  0.7533E+01	  0.3723E-03	  0.2611E-02
  0.7576E+01	  0.3549E-03	  0.2642E-02
  0.7620E+01	  0.3383E-03	  0.2674E-02
  0.7663E+01	  0.3225E-03	  0.2706E-02
  0.7706E+01	  0.3074E-03	  0.2739E-02
  0.7750E+01	  0.2930E-03	  0.2771E-02
  0.7793E+01	  0.2793E-03	  0.2804E-02
  0.7837E+01	  0.2662E-03	  0.2837E-02
  0.7880E+01	  0.2537E-03	  0.2871E-02
  0.7923E+01	  0.2417E-03	  0.2905E-02
  0.7967E+01	  0.2303E-03	  0.2939E-02
  0.8010E+01	  0.2195E-03	  0.2973E-02
  0.8054E+01	  0.2091E-03	  0.3008E-02
  0.8097E+01	  0.1993E-03	  0.3043E-02
  0.8141E+01	  0.1898E-03	  0.3079E-02
  0.8184E+01	  0.1808E-03	  0.3114E-02
  0.8227E+01	  0.1723E-03	  0.3151E-02
  0.8271E+01	  0.1641E-03	  0.3187E-02
  0.8314E+01	  0.1563E-03	  0.3224E-02
  0.8358E+01	  0.1488E-03	  0.3262E-02
  0.8401E+01	  0.1418E-03	  0.3299E-02
  0.8444E+01	  0.1350E-03	  0.3338E-02
  0.8488E+01	  0.1285E-03	  0.3376E-02
  0.8531E+01	  0.1224E-03	  0.3415E-02
  0.8575E+01	  0.1165E-03	  0.3455E-02
  0.8618E+01	  0.1109E-03	  0.3495E-02
  0.8661E+01	  0.1056E-03	  0.3535E-02
  0.8705E+01	  0.1005E-03	  0.3576E-02
  0.8748E+01	  0.9562E-04	  0.3618E-02
  0.8792E+01	  0.9100E-04	  0.3660E-02
  0.8835E+01	  0.8658E-04	  0.3703E-02
  0.8879E+01	  0.8238E-04	  0.3746E-02
  0.8922E+01	  0.7836E-04	  0.3790E-02
  0.8965E+01	  0.7454E-04	  0.3834E-02
  0.9009E+01	  0.7089E-04	  0.3878E-02
  0.9052E+01	  0.6741E-04	  0.3923E-02
  0.9096E+01	  0.6410E-04	  0.3969E-02
  0.9139E+01	  0.6094E-04	  0.4015E-02
  0.9182E+01	  0.5793E-04	  0.4063E-02
  0.9226E+01	  0.5506E-04	  0.4111E-02
  0.9269E+01	  0.5232E-04	  0.4160E-02
  0.9313E+01	  0.4971E-04	  0.4209E-02
  0.9356E+01	  0.4723E-04	  0.4260E-02
  0.9400E+01	  0.4486E-04	  0.4311E-02
  0.9443E+01	  0.4260E-04	  0.4364E-02
  0.9486E+01	  0.4045E-04	  0.4418E-02
  0.9530E+01	  0.3840E-04	  0.4472E-02
  0.9573E+01	  0.3644E-04	  0.4528E-02
  0.9617E+01	  0.3458E-04	  0.4585E-02
  0.9660E+01	  0.3281E-04	  0.4644E-02
  0.9703E+01	  0.3112E-04	  0.4703E-02
  0.9747E+01	  0.2950E-04	  0.4764E-02
  0.9790E+01	  0.2797E-04	  0.4826E-02
  0.9834E+01	  0.2651E-04	  0.4890E-02
  0.9877E+01	  0.2512E-04	  0.4955E-02
  0.9921E+01	  0.2379E-04	  0.5023E-02
  0.9964E+01	  0.2253E-04	  0.5092E-02
  0.1001E+02	  0.2133E-04	  0.5163E-02
  0.1005E+02	  0.2018E-04	  0.5232E-02
  0.1009E+02	  0.1909E-04	  0.5298E-02
  0.1014E+02	  0.1805E-04	  0.5367E-02
  0.1018E+02	  0.1706E-04	  0.5438E-02
  0.1022E+02	  0.1612E-04	  0.5513E-02
  0.1027E+02	  0.1522E-04	  0.5590E-02
  0.1031E+02	  0.1437E-04	  0.5671E-02
  0.1035E+02	  0.1355E-04	  0.5755E-02
  0.1040E+02	  0.1278E-04	  0.5843E-02
  0.1044E+02	  0.1204E-04	  0.5935E-02
  0.1048E+02	  0.1134E-04	  0.6032E-02
  0.1053E+02	  0.1067E-04	  0.6134E-02
  0.1057E+02	  0.1004E-04	  0.6242E-02
  0.1062E+02	  0.9432E-05	  0.6353E-02
  0.1066E+02	  0.8856E-05	  0.6465E-02
  0.1070E+02	  0.8309E-05	  0.6582E-02
  0.1075E+02	  0.7787E-05	  0.6707E-02
  0.1079E+02	  0.7291E-05	  0.6841E-02
  0.1083E+02	  0.6818E-05	  0.6985E-02
  0.1088E+02	  0.6369E-05	  0.7139E-02
  0.1092E+02	  0.5941E-05	  0.7306E-02
  0.1096E+02	  0.5535E-05	  0.7487E-02
  0.1101E+02	  0.5148E-05	  0.7683E-02
  0.1105E+02	  0.4780E-05	  0.7896E-02
  0.1109E+02	  0.4430E-05	  0.8130E-02
  0.1114E+02	  0.4097E-05	  0.8387E-02
  0.1118E+02	  0.3780E-05	  0.8671E-02
  0.1122E+02	  0.3479E-05	  0.8986E-02
  0.1127E+02	  0.3193E-05	  0.9337E-02
  0.1131E+02	  0.2921E-05	  0.9732E-02
  0.1135E+02	  0.2663E-05	  0.1018E-01
  0.1140E+02	  0.2417E-05	  0.1069E-01
  0.1144E+02	  0.2184E-05	  0.1128E-01
  0.1148E+02	  0.1962E-05	  0.1196E-01
  0.1153E+02	  0.1752E-05	  0.1276E-01
  0.1157E+02	  0.1552E-05	  0.1366E-01
  0.1161E+02	  0.1364E-05	  0.1453E-01
  0.1166E+02	  0.1191E-05	  0.1514E-01
  0.1170E+02	  0.1037E-05	  0.1551E-01
  0.1174E+02	  0.8998E-06	  0.1598E-01
  0.1179E+02	  0.7773E-06	  0.1654E-01
  0.1183E+02	  0.6686E-06	  0.1691E-01
  0.1187E+02	  0.5747E-06	  0.1692E-01
  0.1192E+02	  0.4950E-06	  0.1691E-01
  0.1196E+02	  0.4257E-06	  0.1718E-01
  0.1200E+02	  0.3651E-06	  0.1757E-01
  0.1205E+02	  0.3121E-06	  0.1802E-01
  0.1209E+02	  0.2658E-06	  0.1852E-01
  0.1213E+02	  0.2255E-06	  0.1906E-01
  0.1218E+02	  0.1905E-06	  0.1963E-01
  0.1222E+02	  0.1601E-06	  0.2021E-01
  0.1227E+02	  0.1340E-06	  0.2078E-01
  0.1231E+02	  0.1117E-06	  0.2132E-01
  0.1235E+02	  0.9280E-07	  0.2184E-01
  0.1240E+02	  0.7676E-07	  0.2236E-01
  0.1244E+02	  0.6326E-07	  0.2288E-01
  0.1248E+02	  0.5193E-07	  0.2337E-01
  0.1253E+02	  0.4250E-07	  0.2382E-01
  0.1257E+02	  0.3468E-07	  0.2420E-01
  0.1261E+02	  0.2823E-07	  0.2451E-01
  0.1266E+02	  0.2294E-07	  0.2474E-01
  0.1270E+02	  0.1862E-07	  0.2492E-01
  0.1274E+02	  0.1510E-07	  0.2503E-01
  0.1279E+02	  0.1224E-07	  0.2510E-01
  0.1283E+02	  0.9924E-08	  0.2515E-01
  0.1287E+02	  0.8043E-08	  0.2529E-01
  0.1292E+02	  0.6507E-08	  0.2557E-01
  0.1296E+02	  0.5252E-08	  0.2601E-01
  0.1300E+02	  0.4218E-08	  0.2657E-01
  0.1305E+02	  0.3379E-08	  0.2625E-01
  0.1309E+02	  0.2738E-08	  0.2512E-01
  0.1313E+02	  0.2232E-08	  0.2476E-01
  0.1318E+02	  0.1817E-08	  0.2479E-01
  0.1322E+02	  0.1482E-08	  0.2453E-01
  0.1326E+02	  0.1213E-08	  0.2433E-01
  0.1331E+02	  0.9921E-09	  0.2450E-01
  0.1335E+02	  0.8092E-09	  0.2496E-01
  0.1339E+02	  0.6571E-09	  0.2558E-01
  0.1344E+02	  0.5308E-09	  0.2623E-01
  0.1348E+02	  0.4268E-09	  0.2677E-01
  0.1352E+02	  0.3421E-09	  0.2725E-01
  0.1357E+02	  0.2731E-09	  0.2777E-01
  0.1361E+02	  0.2171E-09	  0.2829E-01
  0.1365E+02	  0.1720E-09	  0.2881E-01
  0.1370E+02	  0.1357E-09	  0.2934E-01
  0.1374E+02	  0.1066E-09	  0.2990E-01
  0.1378E+02	  0.8343E-10	  0.3049E-01
  0.1383E+02	  0.6498E-10	  0.3112E-01
  0.1387E+02	  0.5036E-10	  0.3180E-01
  0.1391E+02	  0.3882E-10	  0.3252E-01
  0.1396E+02	  0.2976E-10	  0.3325E-01
  0.1400E+02	  0.2270E-10	  0.3397E-01
  0.1405E+02	  0.1722E-10	  0.3469E-01
  0.1409E+02	  0.1299E-10	  0.3542E-01
  0.1413E+02	  0.9749E-11	  0.3614E-01
  0.1418E+02	  0.7277E-11	  0.3686E-01
  0.1422E+02	  0.5403E-11	  0.3759E-01
  0.1426E+02	  0.3990E-11	  0.3833E-01
  0.1431E+02	  0.2931E-11	  0.3907E-01
  0.1435E+02	  0.2142E-11	  0.3979E-01
  0.1439E+02	  0.1557E-11	  0.4051E-01
  0.1444E+02	  0.1126E-11	  0.4121E-01
  0.1448E+02	  0.8100E-12	  0.4190E-01
  0.1452E+02	  0.5799E-12	  0.4259E-01
  0.1457E+02	  0.4132E-12	  0.4326E-01
  0.1461E+02	  0.2931E-12	  0.4393E-01
  0.1465E+02	  0.2069E-12	  0.4459E-01
  0.1470E+02	  0.1453E-12	  0.4525E-01
  0.1474E+02	  0.1016E-12	  0.4589E-01
  0.1478E+02	  0.7077E-13	  0.4653E-01
  0.1483E+02	  0.4906E-13	  0.4716E-01
  0.1487E+02	  0.3386E-13	  0.4778E-01
  0.1491E+02	  0.2327E-13	  0.4837E-01
  0.1496E+02	  0.1593E-13	  0.4894E-01
  0.1500E+02	  0.1087E-13	  0.4945E-01
  0.1504E+02	  0.7388E-14	  0.4993E-01
  0.1509E+02	  0.5007E-14	  0.5039E-01
  0.1513E+02	  0.3383E-14	  0.5084E-01
  0.1517E+02	  0.2279E-14	  0.5129E-01
  0.1522E+02	  0.1530E-14	  0.5174E-01
  0.1526E+02	  0.1025E-14	  0.5219E-01
  0.1530E+02	  0.6838E-15	  0.5264E-01
  0.1535E+02	  0.4551E-15	  0.5308E-01
  0.1539E+02	  0.3019E-15	  0.5352E-01
  0.1543E+02	  0.1997E-15	  0.5396E-01
  0.1548E+02	  0.1317E-15	  0.5440E-01
  0.1552E+02	  0.8664E-16	  0.5484E-01
  0.1556E+02	  0.5681E-16	  0.5527E-01
  0.1561E+02	  0.3714E-16	  0.5572E-01
  0.1565E+02	  0.2421E-16	  0.5618E-01
  0.1569E+02	  0.1573E-16	  0.5666E-01
  0.1574E+02	  0.1018E-16	  0.5723E-01
  0.1578E+02	  0.6564E-17	  0.5790E-01
  0.1583E+02	  0.4210E-17	  0.5864E-01
  0.1587E+02	  0.2687E-17	  0.5937E-01
  0.1591E+02	  0.1707E-17	  0.6009E-01
  0.1596E+02	  0.1079E-17	  0.6079E-01
  0.1600E+02	  0.6795E-18	  0.6144E-01
  0.1604E+02	  0.4260E-18	  0.6205E-01
  0.1609E+02	  0.2661E-18	  0.6265E-01
  0.1613E+02	  0.1656E-18	  0.6324E-01
  0.1617E+02	  0.1026E-18	  0.6383E-01
  0.1622E+02	  0.6335E-19	  0.6441E-01
  0.1626E+02	  0.3897E-19	  0.6500E-01
  0.1630E+02	  0.2388E-19	  0.6558E-01
  0.1635E+02	  0.1458E-19	  0.6616E-01
  0.1639E+02	  0.8868E-20	  0.6673E-01
  0.1643E+02	  0.5374E-20	  0.6731E-01
  0.1648E+02	  0.3245E-20	  0.6788E-01
  0.1652E+02	  0.1952E-20	  0.6847E-01
  0.1656E+02	  0.1170E-20	  0.6905E-01
  0.1661E+02	  0.6985E-21	  0.6964E-01
  0.1665E+02	  0.4156E-21	  0.7022E-01
  0.1669E+02	  0.2463E-21	  0.7080E-01
  0.1674E+02	  0.1454E-21	  0.7138E-01
  0.1678E+02	  0.8558E-22	  0.7195E-01
  0.1682E+02	  0.5018E-22	  0.7252E-01
  0.1687E+02	  0.2931E-22	  0.7309E-01
  0.1691E+02	  0.1706E-22	  0.7365E-01
  0.1695E+02	  0.9899E-23	  0.7421E-01
  0.1700E+02	  0.5723E-23	  0.7475E-01
  0.1704E+02	  0.3298E-23	  0.7528E-01
  0.1708E+02	  0.1894E-23	  0.7580E-01
  0.1713E+02	  0.1084E-23	  0.7632E-01
  0.1717E+02	  0.6189E-24	  0.7683E-01
  0.1721E+02	  0.3521E-24	  0.7735E-01
  0.1726E+02	  0.1996E-24	  0.7786E-01
  0.1730E+02	  0.1129E-24	  0.7836E-01
  0.1734E+02	  0.6360E-25	  0.7887E-01
  0.1739E+02	  0.3573E-25	  0.7938E-01
  0.1743E+02	  0.2001E-25	  0.7988E-01
  0.1747E+02	  0.1117E-25	  0.8039E-01
  0.1752E+02	  0.6215E-26	  0.8089E-01
  0.1756E+02	  0.3448E-26	  0.8140E-01
  0.1761E+02	  0.1907E-26	  0.8191E-01
  0.1765E+02	  0.1051E-26	  0.8241E-01
  0.1769E+02	  0.5779E-27	  0.8291E-01
  0.1774E+02	  0.3166E-27	  0.8341E-01
  0.1778E+02	  0.1730E-27	  0.8391E-01
  0.1782E+02	  0.9420E-28	  0.8441E-01
  0.1787E+02	  0.5114E-28	  0.8492E-01
  0.1791E+02	  0.2769E-28	  0.8541E-01
  0.1795E+02	  0.1495E-28	  0.8590E-01
  0.1800E+02	  0.8047E-29	  0.8635E-01
  0.1804E+02	  0.4322E-29	  0.8675E-01
  0.1808E+02	  0.2317E-29	  0.8703E-01

R18 
------------------------------------------------------------
Electric field / N (Td)                    30.00    
Angular frequency / N (m3/s)              0.1938E-11
Cosine of E-B field angle                  0.000    
Gas temperature (K)                        800.0    
Excitation temperature (K)                 300.0    
Transition energy (eV)                     0.000    
Ionization degree                          0.000    
Plasma density (1/m3)                     0.1000E+19
Ion charge parameter                       1.000    
Ion/neutral mass ratio                     1.000    
Coulomb collision model                    1.000    
Energy sharing                             0.000    
Growth model                               1.000    
Maxwellian mean energy (eV)                0.000    
# of grid points                           500.0    
Grid type                                  1.000    
Maximum energy                             30.00    
Precision                                 0.1000E-29
Convergence                               0.1000E-03
Maximum # of iterations                   0.2000E+05
Mole fraction Ar                           1.000    
------------------------------------------------------------
Mean energy (eV)                           1.554    
Mobility *N (1/m/V/s)                     0.3201E+26
Re/perp mobility *N (1/m/V/s)             0.1965E+22
Im/Hall mobility *N (1/m/V/s)            -0.9069E+23
Diffusion coefficient *N (1/m/s)          0.2024E+26
Energy mobility *N (1/m/V/s)              0.1294E+26
Energy diffusion coef. *N (1/m/s)         0.1153E+26
Total collision freq. /N (m3/s)           0.2031E-13
Momentum frequency /N (m3/s)              0.4197E-13
Total ionization freq. /N (m3/s)          0.3768E-31
Power /N (eV m3/s)                        0.1768E-17
Elastic power loss /N (eV m3/s)           0.1719E-17
Inelastic power loss /N (eV m3/s)         0.4939E-19
Growth power /N (eV m3/s)                 0.5857E-31
Maximum energy                             22.21    
# of iterations                            10.00    
# of grid trials                           2.000    
------------------------------------------------------------
Rate coefficients (m3/s)
C1    Ar    Elastic                       0.2031E-13
C2    Ar    Excitation    11.55 eV        0.1730E-20
C3    Ar    Excitation    11.62 eV        0.1391E-20
C4    Ar    Excitation    11.72 eV        0.2184E-21
C5    Ar    Excitation    11.83 eV        0.8957E-21
C6    Ar    Excitation    12.91 eV        0.5065E-23
C7    Ar    Excitation    13.08 eV        0.4759E-24
C8    Ar    Excitation    13.10 eV        0.3074E-24
C9    Ar    Excitation    13.15 eV        0.1323E-24
C10   Ar    Excitation    13.17 eV        0.2216E-24
C11   Ar    Excitation    13.27 eV        0.3903E-25
C12   Ar    Excitation    13.28 eV        0.7530E-25
C13   Ar    Excitation    13.30 eV        0.6019E-25
C14   Ar    Excitation    13.33 eV        0.7054E-25
C15   Ar    Excitation    13.48 eV        0.6084E-25
C16   Ar    Excitation    13.85 eV        0.8652E-26
C17   Ar    Excitation    13.86 eV        0.3354E-25
C18   Ar    Excitation    13.90 eV        0.1407E-25
C19   Ar    Excitation    13.98 eV        0.1230E-25
C20   Ar    Excitation    14.01 eV        0.2980E-26
C21   Ar    Excitation    14.06 eV        0.2153E-26
C22   Ar    Excitation    14.07 eV        0.2094E-26
C23   Ar    Excitation    14.09 eV        0.3173E-28
C24   Ar    Excitation    14.10 eV        0.2350E-27
C25   Ar    Excitation    14.15 eV        0.5764E-28
C26   Ar    Excitation    14.21 eV        0.1227E-26
C27   Ar    Excitation    14.23 eV        0.7527E-27
C28   Ar    Excitation    14.24 eV        0.1625E-27
C29   Ar    Excitation    14.24 eV        0.1578E-27
C30   Ar    Excitation    14.26 eV        0.3994E-29
C31   Ar    Excitation    14.30 eV        0.2297E-28
C32   Ar    Excitation    14.71 eV        0.1781E-31
C33   Ar    Excitation    14.85 eV        0.4198E-31
C34   Ar    Excitation    14.86 eV        0.1283E-30
C35   Ar    Excitation    15.00 eV        0.1560E-31
C36   Ar    Excitation    15.02 eV        0.1400E-31
C37   Ar    Excitation    15.12 eV        0.1106E-32
C38   Ar    Excitation    15.19 eV        0.6206E-32
C39   Ar    Excitation    15.19 eV        0.5985E-32
C40   Ar    Excitation    15.31 eV        0.3557E-34
C41   Ar    Excitation    15.35 eV        0.1620E-34
C42   Ar    Excitation    15.36 eV        0.2160E-34
C43   Ar    Excitation    15.37 eV        0.3588E-33
C44   Ar    Excitation    15.37 eV        0.7424E-33
C45   Ar    Excitation    15.66 eV        0.2198E-33
C46   Ar    Ionization    15.76 eV        0.3768E-31
------------------------------------------------------------
Energy (eV) EEDF (eV-3/2) Anisotropy
  0.2221E-01	  0.1521E+01	  0.2928E-05
  0.6664E-01	  0.1438E+01	  0.2808E-05
  0.1111E+00	  0.1345E+01	  0.2570E-05
  0.1555E+00	  0.1238E+01	  0.2139E-05
  0.1999E+00	  0.1109E+01	  0.1925E-05
  0.2443E+00	  0.9701E+00	  0.2036E-05
  0.2888E+00	  0.8633E+00	  0.2446E-05
  0.3332E+00	  0.7890E+00	  0.3123E-05
  0.3776E+00	  0.7344E+00	  0.4026E-05
  0.4220E+00	  0.6908E+00	  0.5156E-05
  0.4665E+00	  0.6537E+00	  0.6503E-05
  0.5109E+00	  0.6209E+00	  0.8050E-05
  0.5553E+00	  0.5913E+00	  0.9785E-05
  0.5997E+00	  0.5640E+00	  0.1170E-04
  0.6441E+00	  0.5387E+00	  0.1378E-04
  0.6886E+00	  0.5149E+00	  0.1604E-04
  0.7330E+00	  0.4925E+00	  0.1847E-04
  0.7774E+00	  0.4714E+00	  0.2107E-04
  0.8218E+00	  0.4513E+00	  0.2386E-04
  0.8663E+00	  0.4323E+00	  0.2685E-04
  0.9107E+00	  0.4142E+00	  0.3004E-04
  0.9551E+00	  0.3970E+00	  0.3346E-04
  0.9995E+00	  0.3805E+00	  0.3694E-04
  0.1044E+01	  0.3648E+00	  0.4028E-04
  0.1088E+01	  0.3498E+00	  0.4360E-04
  0.1133E+01	  0.3355E+00	  0.4705E-04
  0.1177E+01	  0.3217E+00	  0.5063E-04
  0.1222E+01	  0.3086E+00	  0.5432E-04
  0.1266E+01	  0.2960E+00	  0.5812E-04
  0.1311E+01	  0.2840E+00	  0.6204E-04
  0.1355E+01	  0.2724E+00	  0.6610E-04
  0.1399E+01	  0.2614E+00	  0.7029E-04
  0.1444E+01	  0.2508E+00	  0.7461E-04
  0.1488E+01	  0.2406E+00	  0.7909E-04
  0.1533E+01	  0.2309E+00	  0.8378E-04
  0.1577E+01	  0.2216E+00	  0.8868E-04
  0.1621E+01	  0.2126E+00	  0.9372E-04
  0.1666E+01	  0.2041E+00	  0.9888E-04
  0.1710E+01	  0.1958E+00	  0.1041E-03
  0.1755E+01	  0.1880E+00	  0.1093E-03
  0.1799E+01	  0.1804E+00	  0.1146E-03
  0.1844E+01	  0.1731E+00	  0.1199E-03
  0.1888E+01	  0.1662E+00	  0.1255E-03
  0.1932E+01	  0.1595E+00	  0.1311E-03
  0.1977E+01	  0.1531E+00	  0.1369E-03
  0.2021E+01	  0.1470E+00	  0.1431E-03
  0.2066E+01	  0.1411E+00	  0.1496E-03
  0.2110E+01	  0.1354E+00	  0.1563E-03
  0.2155E+01	  0.1300E+00	  0.1631E-03
  0.2199E+01	  0.1248E+00	  0.1701E-03
  0.2243E+01	  0.1198E+00	  0.1773E-03
  0.2288E+01	  0.1150E+00	  0.1846E-03
  0.2332E+01	  0.1104E+00	  0.1920E-03
  0.2377E+01	  0.1059E+00	  0.1996E-03
  0.2421E+01	  0.1017E+00	  0.2074E-03
  0.2466E+01	  0.9762E-01	  0.2153E-03
  0.2510E+01	  0.9372E-01	  0.2234E-03
  0.2554E+01	  0.8996E-01	  0.2318E-03
  0.2599E+01	  0.8636E-01	  0.2404E-03
  0.2643E+01	  0.8291E-01	  0.2491E-03
  0.2688E+01	  0.7959E-01	  0.2580E-03
  0.2732E+01	  0.7641E-01	  0.2670E-03
  0.2777E+01	  0.7335E-01	  0.2763E-03
  0.2821E+01	  0.7042E-01	  0.2856E-03
  0.2865E+01	  0.6760E-01	  0.2952E-03
  0.2910E+01	  0.6490E-01	  0.3049E-03
  0.2954E+01	  0.6231E-01	  0.3147E-03
  0.2999E+01	  0.5981E-01	  0.3247E-03
  0.3043E+01	  0.5742E-01	  0.3347E-03
  0.3087E+01	  0.5513E-01	  0.3449E-03
  0.3132E+01	  0.5292E-01	  0.3552E-03
  0.3176E+01	  0.5081E-01	  0.3657E-03
  0.3221E+01	  0.4878E-01	  0.3764E-03
  0.3265E+01	  0.4683E-01	  0.3872E-03
  0.3310E+01	  0.4495E-01	  0.3981E-03
  0.3354E+01	  0.4316E-01	  0.4092E-03
  0.3398E+01	  0.4143E-01	  0.4205E-03
  0.3443E+01	  0.3977E-01	  0.4319E-03
  0.3487E+01	  0.3818E-01	  0.4435E-03
  0.3532E+01	  0.3666E-01	  0.4552E-03
  0.3576E+01	  0.3519E-01	  0.4671E-03
  0.3621E+01	  0.3378E-01	  0.4792E-03
  0.3665E+01	  0.3243E-01	  0.4914E-03
  0.3709E+01	  0.3114E-01	  0.5037E-03
  0.3754E+01	  0.2989E-01	  0.5162E-03
  0.3798E+01	  0.2869E-01	  0.5289E-03
  0.3843E+01	  0.2755E-01	  0.5417E-03
  0.3887E+01	  0.2644E-01	  0.5547E-03
  0.3932E+01	  0.2539E-01	  0.5678E-03
  0.3976E+01	  0.2437E-01	  0.5814E-03
  0.4020E+01	  0.2339E-01	  0.5958E-03
  0.4065E+01	  0.2246E-01	  0.6110E-03
  0.4109E+01	  0.2156E-01	  0.6265E-03
  0.4154E+01	  0.2070E-01	  0.6424E-03
  0.4198E+01	  0.1987E-01	  0.6585E-03
  0.4242E+01	  0.1907E-01	  0.6747E-03
  0.4287E+01	  0.1831E-01	  0.6912E-03
  0.4331E+01	  0.1757E-01	  0.7078E-03
  0.4376E+01	  0.1687E-01	  0.7247E-03
  0.4420E+01	  0.1619E-01	  0.7418E-03
  0.4465E+01	  0.1555E-01	  0.7590E-03
  0.4509E+01	  0.1492E-01	  0.7765E-03
  0.4553E+01	  0.1432E-01	  0.7942E-03
  0.4598E+01	  0.1375E-01	  0.8120E-03
  0.4642E+01	  0.1320E-01	  0.8301E-03
  0.4687E+01	  0.1267E-01	  0.8483E-03
  0.4731E+01	  0.1216E-01	  0.8668E-03
  0.4776E+01	  0.1167E-01	  0.8855E-03
  0.4820E+01	  0.1120E-01	  0.9044E-03
  0.4864E+01	  0.1075E-01	  0.9235E-03
  0.4909E+01	  0.1032E-01	  0.9428E-03
  0.4953E+01	  0.9908E-02	  0.9624E-03
  0.4998E+01	  0.9510E-02	  0.9822E-03
  0.5042E+01	  0.9128E-02	  0.1002E-02
  0.5087E+01	  0.8761E-02	  0.1023E-02
  0.5131E+01	  0.8409E-02	  0.1044E-02
  0.5175E+01	  0.8071E-02	  0.1065E-02
  0.5220E+01	  0.7746E-02	  0.1087E-02
  0.5264E+01	  0.7434E-02	  0.1108E-02
  0.5309E+01	  0.7135E-02	  0.1130E-02
  0.5353E+01	  0.6848E-02	  0.1152E-02
  0.5398E+01	  0.6572E-02	  0.1174E-02
  0.5442E+01	  0.6307E-02	  0.1197E-02
  0.5486E+01	  0.6053E-02	  0.1219E-02
  0.5531E+01	  0.5809E-02	  0.1242E-02
  0.5575E+01	  0.5575E-02	  0.1265E-02
  0.5620E+01	  0.5350E-02	  0.1289E-02
  0.5664E+01	  0.5134E-02	  0.1312E-02
  0.5708E+01	  0.4927E-02	  0.1336E-02
  0.5753E+01	  0.4728E-02	  0.1360E-02
  0.5797E+01	  0.4537E-02	  0.1384E-02
  0.5842E+01	  0.4354E-02	  0.1409E-02
  0.5886E+01	  0.4178E-02	  0.1434E-02
  0.5931E+01	  0.4009E-02	  0.1459E-02
  0.5975E+01	  0.3846E-02	  0.1484E-02
  0.6019E+01	  0.3691E-02	  0.1509E-02
  0.6064E+01	  0.3541E-02	  0.1534E-02
  0.6108E+01	  0.3398E-02	  0.1559E-02
  0.6153E+01	  0.3260E-02	  0.1585E-02
  0.6197E+01	  0.3128E-02	  0.1610E-02
  0.6242E+01	  0.3001E-02	  0.1636E-02
  0.6286E+01	  0.2879E-02	  0.1662E-02
  0.6330E+01	  0.2762E-02	  0.1689E-02
  0.6375E+01	  0.2650E-02	  0.1716E-02
  0.6419E+01	  0.2542E-02	  0.1742E-02
  0.6464E+01	  0.2438E-02	  0.1769E-02
  0.6508E+01	  0.2339E-02	  0.1797E-02
  0.6553E+01	  0.2244E-02	  0.1824E-02
  0.6597E+01	  0.2152E-02	  0.1852E-02
  0.6641E+01	  0.2064E-02	  0.1880E-02
  0.6686E+01	  0.1980E-02	  0.1909E-02
  0.6730E+01	  0.1899E-02	  0.1937E-02
  0.6775E+01	  0.1822E-02	  0.1966E-02
  0.6819E+01	  0.1747E-02	  0.1995E-02
  0.6864E+01	  0.1676E-02	  0.2025E-02
  0.6908E+01	  0.1607E-02	  0.2054E-02
  0.6952E+01	  0.1541E-02	  0.2084E-02
  0.6997E+01	  0.1478E-02	  0.2113E-02
  0.7041E+01	  0.1417E-02	  0.2142E-02
  0.7086E+01	  0.1359E-02	  0.2171E-02
  0.7130E+01	  0.1303E-02	  0.2200E-02
  0.7174E+01	  0.1249E-02	  0.2229E-02
  0.7219E+01	  0.1198E-02	  0.2258E-02
  0.7263E+01	  0.1148E-02	  0.2287E-02
  0.7308E+01	  0.1101E-02	  0.2317E-02
  0.7352E+01	  0.1055E-02	  0.2347E-02
  0.7397E+01	  0.1012E-02	  0.2377E-02
  0.7441E+01	  0.9697E-03	  0.2408E-02
  0.7485E+01	  0.9295E-03	  0.2438E-02
  0.7530E+01	  0.8909E-03	  0.2469E-02
  0.7574E+01	  0.8539E-03	  0.2501E-02
  0.7619E+01	  0.8183E-03	  0.2533E-02
  0.7663E+01	  0.7842E-03	  0.2565E-02
  0.7708E+01	  0.7515E-03	  0.2597E-02
  0.7752E+01	  0.7201E-03	  0.2630E-02
  0.7796E+01	  0.6900E-03	  0.2663E-02
  0.7841E+01	  0.6611E-03	  0.2696E-02
  0.7885E+01	  0.6333E-03	  0.2730E-02
  0.7930E+01	  0.6067E-03	  0.2764E-02
  0.7974E+01	  0.5812E-03	  0.2798E-02
  0.8019E+01	  0.5567E-03	  0.2833E-02
  0.8063E+01	  0.5332E-03	  0.2868E-02
  0.8107E+01	  0.5107E-03	  0.2904E-02
  0.8152E+01	  0.4890E-03	  0.2940E-02
  0.8196E+01	  0.4683E-03	  0.2976E-02
  0.8241E+01	  0.4484E-03	  0.3013E-02
  0.8285E+01	  0.4293E-03	  0.3050E-02
  0.8330E+01	  0.4110E-03	  0.3088E-02
  0.8374E+01	  0.3934E-03	  0.3126E-02
  0.8418E+01	  0.3766E-03	  0.3165E-02
  0.8463E+01	  0.3604E-03	  0.3204E-02
  0.8507E+01	  0.3449E-03	  0.3244E-02
  0.8552E+01	  0.3301E-03	  0.3284E-02
  0.8596E+01	  0.3158E-03	  0.3325E-02
  0.8640E+01	  0.3022E-03	  0.3366E-02
  0.8685E+01	  0.2890E-03	  0.3408E-02
  0.8729E+01	  0.2765E-03	  0.3450E-02
  0.8774E+01	  0.2644E-03	  0.3494E-02
  0.8818E+01	  0.2529E-03	  0.3537E-02
  0.8863E+01	  0.2418E-03	  0.3582E-02
  0.8907E+01	  0.2311E-03	  0.3627E-02
  0.8951E+01	  0.2210E-03	  0.3673E-02
  0.8996E+01	  0.2112E-03	  0.3719E-02
  0.9040E+01	  0.2018E-03	  0.3765E-02
  0.9085E+01	  0.1928E-03	  0.3813E-02
  0.9129E+01	  0.1842E-03	  0.3861E-02
  0.9174E+01	  0.1760E-03	  0.3910E-02
  0.9218E+01	  0.1681E-03	  0.3960E-02
  0.9262E+01	  0.1605E-03	  0.4012E-02
  0.9307E+01	  0.1532E-03	  0.4064E-02
  0.9351E+01	  0.1463E-03	  0.4117E-02
  0.9396E+01	  0.1396E-03	  0.4171E-02
  0.9440E+01	  0.1332E-03	  0.4226E-02
  0.9485E+01	  0.1270E-03	  0.4283E-02
  0.9529E+01	  0.1212E-03	  0.4340E-02
  0.9573E+01	  0.1155E-03	  0.4400E-02
  0.9618E+01	  0.1101E-03	  0.4460E-02
  0.9662E+01	  0.1050E-03	  0.4522E-02
  0.9707E+01	  0.1000E-03	  0.4585E-02
  0.9751E+01	  0.9528E-04	  0.4650E-02
  0.9795E+01	  0.9073E-04	  0.4716E-02
  0.9840E+01	  0.8638E-04	  0.4784E-02
  0.9884E+01	  0.8221E-04	  0.4854E-02
  0.9929E+01	  0.7822E-04	  0.4927E-02
  0.9973E+01	  0.7439E-04	  0.5001E-02
  0.1002E+02	  0.7073E-04	  0.5077E-02
  0.1006E+02	  0.6722E-04	  0.5151E-02
  0.1011E+02	  0.6386E-04	  0.5223E-02
  0.1015E+02	  0.6064E-04	  0.5299E-02
  0.1020E+02	  0.5756E-04	  0.5377E-02
  0.1024E+02	  0.5461E-04	  0.5459E-02
  0.1028E+02	  0.5178E-04	  0.5544E-02
  0.1033E+02	  0.4908E-04	  0.5633E-02
  0.1037E+02	  0.4649E-04	  0.5727E-02
  0.1042E+02	  0.4401E-04	  0.5824E-02
  0.1046E+02	  0.4163E-04	  0.5927E-02
  0.1051E+02	  0.3936E-04	  0.6034E-02
  0.1055E+02	  0.3718E-04	  0.6147E-02
  0.1060E+02	  0.3510E-04	  0.6267E-02
  0.1064E+02	  0.3311E-04	  0.6388E-02
  0.1068E+02	  0.3120E-04	  0.6512E-02
  0.1073E+02	  0.2938E-04	  0.6644E-02
  0.1077E+02	  0.2763E-04	  0.6786E-02
  0.1082E+02	  0.2596E-04	  0.6937E-02
  0.1086E+02	  0.2436E-04	  0.7100E-02
  0.1091E+02	  0.2283E-04	  0.7275E-02
  0.1095E+02	  0.2136E-04	  0.7464E-02
  0.1099E+02	  0.1996E-04	  0.7669E-02
  0.1104E+02	  0.1862E-04	  0.7892E-02
  0.1108E+02	  0.1734E-04	  0.8135E-02
  0.1113E+02	  0.1611E-04	  0.8402E-02
  0.1117E+02	  0.1493E-04	  0.8696E-02
  0.1122E+02	  0.1381E-04	  0.9021E-02
  0.1126E+02	  0.1274E-04	  0.9382E-02
  0.1131E+02	  0.1171E-04	  0.9787E-02
  0.1135E+02	  0.1073E-04	  0.1024E-01
  0.1139E+02	  0.9796E-05	  0.1076E-01
  0.1144E+02	  0.8900E-05	  0.1136E-01
  0.1148E+02	  0.8044E-05	  0.1204E-01
  0.1153E+02	  0.7227E-05	  0.1285E-01
  0.1157E+02	  0.6446E-05	  0.1374E-01
  0.1162E+02	  0.5708E-05	  0.1458E-01
  0.1166E+02	  0.5024E-05	  0.1516E-01
  0.1171E+02	  0.4411E-05	  0.1554E-01
  0.1175E+02	  0.3860E-05	  0.1603E-01
  0.1179E+02	  0.3364E-05	  0.1658E-01
  0.1184E+02	  0.2920E-05	  0.1688E-01
  0.1188E+02	  0.2536E-05	  0.1686E-01
  0.1193E+02	  0.2204E-05	  0.1696E-01
  0.1197E+02	  0.1912E-05	  0.1729E-01
  0.1202E+02	  0.1654E-05	  0.1771E-01
  0.1206E+02	  0.1426E-05	  0.1819E-01
  0.1211E+02	  0.1225E-05	  0.1872E-01
  0.1215E+02	  0.1048E-05	  0.1928E-01
  0.1219E+02	  0.8930E-06	  0.1986E-01
  0.1224E+02	  0.7576E-06	  0.2045E-01
  0.1228E+02	  0.6401E-06	  0.2102E-01
  0.1233E+02	  0.5387E-06	  0.2155E-01
  0.1237E+02	  0.4518E-06	  0.2208E-01
  0.1242E+02	  0.3775E-06	  0.2260E-01
  0.1246E+02	  0.3143E-06	  0.2311E-01
  0.1251E+02	  0.2608E-06	  0.2358E-01
  0.1255E+02	  0.2158E-06	  0.2399E-01
  0.1259E+02	  0.1782E-06	  0.2433E-01
  0.1264E+02	  0.1468E-06	  0.2459E-01
  0.1268E+02	  0.1208E-06	  0.2478E-01
  0.1273E+02	  0.9933E-07	  0.2491E-01
  0.1277E+02	  0.8162E-07	  0.2500E-01
  0.1282E+02	  0.6706E-07	  0.2506E-01
  0.1286E+02	  0.5510E-07	  0.2516E-01
  0.1291E+02	  0.4521E-07	  0.2540E-01
  0.1295E+02	  0.3702E-07	  0.2579E-01
  0.1299E+02	  0.3020E-07	  0.2633E-01
  0.1304E+02	  0.2454E-07	  0.2620E-01
  0.1308E+02	  0.2014E-07	  0.2515E-01
  0.1313E+02	  0.1663E-07	  0.2469E-01
  0.1317E+02	  0.1372E-07	  0.2471E-01
  0.1322E+02	  0.1133E-07	  0.2451E-01
  0.1326E+02	  0.9388E-08	  0.2432E-01
  0.1330E+02	  0.7775E-08	  0.2450E-01
  0.1335E+02	  0.6422E-08	  0.2497E-01
  0.1339E+02	  0.5280E-08	  0.2560E-01
  0.1344E+02	  0.4321E-08	  0.2625E-01
  0.1348E+02	  0.3521E-08	  0.2680E-01
  0.1353E+02	  0.2859E-08	  0.2730E-01
  0.1357E+02	  0.2313E-08	  0.2783E-01
  0.1362E+02	  0.1864E-08	  0.2837E-01
  0.1366E+02	  0.1497E-08	  0.2891E-01
  0.1370E+02	  0.1197E-08	  0.2946E-01
  0.1375E+02	  0.9540E-09	  0.3004E-01
  0.1379E+02	  0.7568E-09	  0.3066E-01
  0.1384E+02	  0.5977E-09	  0.3132E-01
  0.1388E+02	  0.4697E-09	  0.3203E-01
  0.1393E+02	  0.3673E-09	  0.3277E-01
  0.1397E+02	  0.2857E-09	  0.3351E-01
  0.1402E+02	  0.2210E-09	  0.3425E-01
  0.1406E+02	  0.1702E-09	  0.3499E-01
  0.1410E+02	  0.1303E-09	  0.3573E-01
  0.1415E+02	  0.9930E-10	  0.3647E-01
  0.1419E+02	  0.7528E-10	  0.3721E-01
  0.1424E+02	  0.5677E-10	  0.3796E-01
  0.1428E+02	  0.4259E-10	  0.3871E-01
  0.1433E+02	  0.3179E-10	  0.3946E-01
  0.1437E+02	  0.2360E-10	  0.4019E-01
  0.1442E+02	  0.1744E-10	  0.4091E-01
  0.1446E+02	  0.1283E-10	  0.4163E-01
  0.1450E+02	  0.9387E-11	  0.4233E-01
  0.1455E+02	  0.6837E-11	  0.4302E-01
  0.1459E+02	  0.4958E-11	  0.4371E-01
  0.1464E+02	  0.3578E-11	  0.4438E-01
  0.1468E+02	  0.2571E-11	  0.4505E-01
  0.1473E+02	  0.1839E-11	  0.4571E-01
  0.1477E+02	  0.1310E-11	  0.4636E-01
  0.1482E+02	  0.9293E-12	  0.4701E-01
  0.1486E+02	  0.6564E-12	  0.4764E-01
  0.1490E+02	  0.4617E-12	  0.4825E-01
  0.1495E+02	  0.3235E-12	  0.4883E-01
  0.1499E+02	  0.2259E-12	  0.4936E-01
  0.1504E+02	  0.1572E-12	  0.4985E-01
  0.1508E+02	  0.1091E-12	  0.5032E-01
  0.1513E+02	  0.7549E-13	  0.5078E-01
  0.1517E+02	  0.5207E-13	  0.5124E-01
  0.1522E+02	  0.3581E-13	  0.5170E-01
  0.1526E+02	  0.2456E-13	  0.5216E-01
  0.1530E+02	  0.1679E-13	  0.5261E-01
  0.1535E+02	  0.1145E-13	  0.5306E-01
  0.1539E+02	  0.7783E-14	  0.5351E-01
  0.1544E+02	  0.5276E-14	  0.5396E-01
  0.1548E+02	  0.3567E-14	  0.5441E-01
  0.1553E+02	  0.2404E-14	  0.5486E-01
  0.1557E+02	  0.1616E-14	  0.5531E-01
  0.1562E+02	  0.1083E-14	  0.5577E-01
  0.1566E+02	  0.7236E-15	  0.5624E-01
  0.1570E+02	  0.4820E-15	  0.5676E-01
  0.1575E+02	  0.3199E-15	  0.5736E-01
  0.1579E+02	  0.2113E-15	  0.5808E-01
  0.1584E+02	  0.1390E-15	  0.5883E-01
  0.1588E+02	  0.9096E-16	  0.5957E-01
  0.1593E+02	  0.5926E-16	  0.6029E-01
  0.1597E+02	  0.3844E-16	  0.6098E-01
  0.1601E+02	  0.2484E-16	  0.6163E-01
  0.1606E+02	  0.1598E-16	  0.6224E-01
  0.1610E+02	  0.1025E-16	  0.6285E-01
  0.1615E+02	  0.6547E-17	  0.6345E-01
  0.1619E+02	  0.4167E-17	  0.6404E-01
  0.1624E+02	  0.2642E-17	  0.6464E-01
  0.1628E+02	  0.1669E-17	  0.6523E-01
  0.1633E+02	  0.1051E-17	  0.6582E-01
  0.1637E+02	  0.6593E-18	  0.6640E-01
  0.1641E+02	  0.4121E-18	  0.6699E-01
  0.1646E+02	  0.2567E-18	  0.6757E-01
  0.1650E+02	  0.1593E-18	  0.6817E-01
  0.1655E+02	  0.9850E-19	  0.6876E-01
  0.1659E+02	  0.6069E-19	  0.6936E-01
  0.1664E+02	  0.3726E-19	  0.6995E-01
  0.1668E+02	  0.2280E-19	  0.7054E-01
  0.1673E+02	  0.1390E-19	  0.7113E-01
  0.1677E+02	  0.8442E-20	  0.7171E-01
  0.1681E+02	  0.5111E-20	  0.7229E-01
  0.1686E+02	  0.3083E-20	  0.7287E-01
  0.1690E+02	  0.1854E-20	  0.7344E-01
  0.1695E+02	  0.1111E-20	  0.7400E-01
  0.1699E+02	  0.6634E-21	  0.7456E-01
  0.1704E+02	  0.3949E-21	  0.7509E-01
  0.1708E+02	  0.2344E-21	  0.7562E-01
  0.1713E+02	  0.1387E-21	  0.7615E-01
  0.1717E+02	  0.8177E-22	  0.7667E-01
  0.1721E+02	  0.4808E-22	  0.7719E-01
  0.1726E+02	  0.2818E-22	  0.7770E-01
  0.1730E+02	  0.1647E-22	  0.7822E-01
  0.1735E+02	  0.9595E-23	  0.7873E-01
  0.1739E+02	  0.5573E-23	  0.7925E-01
  0.1744E+02	  0.3228E-23	  0.7976E-01
  0.1748E+02	  0.1863E-23	  0.8027E-01
  0.1753E+02	  0.1073E-23	  0.8078E-01
  0.1757E+02	  0.6155E-24	  0.8130E-01
  0.1761E+02	  0.3522E-24	  0.8181E-01
  0.1766E+02	  0.2009E-24	  0.8232E-01
  0.1770E+02	  0.1143E-24	  0.8283E-01
  0.1775E+02	  0.6479E-25	  0.8333E-01
  0.1779E+02	  0.3663E-25	  0.8384E-01
  0.1784E+02	  0.2065E-25	  0.8435E-01
  0.1788E+02	  0.1161E-25	  0.8485E-01
  0.1793E+02	  0.6505E-26	  0.8536E-01
  0.1797E+02	  0.3636E-26	  0.8584E-01
  0.1801E+02	  0.2027E-26	  0.8631E-01
  0.1806E+02	  0.1127E-26	  0.8676E-01
  0.1810E+02	  0.6253E-27	  0.8720E-01
  0.1815E+02	  0.3460E-27	  0.8764E-01
  0.1819E+02	  0.1910E-27	  0.8808E-01
  0.1824E+02	  0.1052E-27	  0.8852E-01
  0.1828E+02	  0.5779E-28	  0.8897E-01
  0.1832E+02	  0.3168E-28	  0.8940E-01
  0.1837E+02	  0.1732E-28	  0.8984E-01
  0.1841E+02	  0.9451E-29	  0.9027E-01
  0.1846E+02	  0.5145E-29	  0.9067E-01
  0.1850E+02	  0.2796E-29	  0.9100E-01

R19 
------------------------------------------------------------
Electric field / N (Td)                    35.00    
Angular frequency / N (m3/s)              0.1938E-11
Cosine of E-B field angle                  0.000    
Gas temperature (K)                        800.0    
Excitation temperature (K)                 300.0    
Transition energy (eV)                     0.000    
Ionization degree                          0.000    
Plasma density (1/m3)                     0.1000E+19
Ion charge parameter                       1.000    
Ion/neutral mass ratio                     1.000    
Coulomb collision model                    1.000    
Energy sharing                             0.000    
Growth model                               1.000    
Maxwellian mean energy (eV)                0.000    
# of grid points                           500.0    
Grid type                                  1.000    
Maximum energy                             30.00    
Precision                                 0.1000E-29
Convergence                               0.1000E-03
Maximum # of iterations                   0.2000E+05
Mole fraction Ar                           1.000    
------------------------------------------------------------
Mean energy (eV)                           1.622    
Mobility *N (1/m/V/s)                     0.7467E+26
Re/perp mobility *N (1/m/V/s)             0.2286E+22
Im/Hall mobility *N (1/m/V/s)            -0.9067E+23
Diffusion coefficient *N (1/m/s)          0.2205E+26
Energy mobility *N (1/m/V/s)              0.1784E+26
Energy diffusion coef. *N (1/m/s)         0.1089E+26
Total collision freq. /N (m3/s)           0.2374E-13
Momentum frequency /N (m3/s)              0.4884E-13
Total ionization freq. /N (m3/s)          0.7627E-29
Power /N (eV m3/s)                        0.2800E-17
Elastic power loss /N (eV m3/s)           0.2476E-17
Inelastic power loss /N (eV m3/s)         0.3239E-18
Growth power /N (eV m3/s)                 0.1237E-28
Maximum energy                             23.08    
# of iterations                            10.00    
# of grid trials                           2.000    
------------------------------------------------------------
Rate coefficients (m3/s)
C1    Ar    Elastic                       0.2374E-13
C2    Ar    Excitation    11.55 eV        0.1113E-19
C3    Ar    Excitation    11.62 eV        0.8858E-20
C4    Ar    Excitation    11.72 eV        0.1452E-20
C5    Ar    Excitation    11.83 eV        0.6279E-20
C6    Ar    Excitation    12.91 eV        0.6172E-22
C7    Ar    Excitation    13.08 eV        0.7597E-23
C8    Ar    Excitation    13.10 eV        0.4960E-23
C9    Ar    Excitation    13.15 eV        0.2213E-23
C10   Ar    Excitation    13.17 eV        0.3736E-23
C11   Ar    Excitation    13.27 eV        0.7022E-24
C12   Ar    Excitation    13.28 eV        0.1362E-23
C13   Ar    Excitation    13.30 eV        0.1096E-23
C14   Ar    Excitation    13.33 eV        0.1303E-23
C15   Ar    Excitation    13.48 eV        0.1243E-23
C16   Ar    Excitation    13.85 eV        0.2249E-24
C17   Ar    Excitation    13.86 eV        0.8919E-24
C18   Ar    Excitation    13.90 eV        0.3870E-24
C19   Ar    Excitation    13.98 eV        0.3606E-24
C20   Ar    Excitation    14.01 eV        0.8981E-25
C21   Ar    Excitation    14.06 eV        0.6768E-25
C22   Ar    Excitation    14.07 eV        0.6611E-25
C23   Ar    Excitation    14.09 eV        0.1156E-26
C24   Ar    Excitation    14.10 eV        0.7621E-26
C25   Ar    Excitation    14.15 eV        0.2220E-26
C26   Ar    Excitation    14.21 eV        0.4401E-25
C27   Ar    Excitation    14.23 eV        0.2748E-25
C28   Ar    Excitation    14.24 eV        0.5946E-26
C29   Ar    Excitation    14.24 eV        0.5794E-26
C30   Ar    Excitation    14.26 eV        0.1688E-27
C31   Ar    Excitation    14.30 eV        0.1017E-26
C32   Ar    Excitation    14.71 eV        0.1193E-29
C33   Ar    Excitation    14.85 eV        0.3267E-29
C34   Ar    Excitation    14.86 eV        0.1011E-28
C35   Ar    Excitation    15.00 eV        0.1447E-29
C36   Ar    Excitation    15.02 eV        0.1325E-29
C37   Ar    Excitation    15.12 eV        0.1169E-30
C38   Ar    Excitation    15.19 eV        0.7105E-30
C39   Ar    Excitation    15.19 eV        0.6883E-30
C40   Ar    Excitation    15.31 eV        0.4704E-32
C41   Ar    Excitation    15.35 eV        0.2255E-32
C42   Ar    Excitation    15.36 eV        0.3040E-32
C43   Ar    Excitation    15.37 eV        0.5085E-31
C44   Ar    Excitation    15.37 eV        0.1062E-30
C45   Ar    Excitation    15.66 eV        0.4479E-31
C46   Ar    Ionization    15.76 eV        0.7627E-29
------------------------------------------------------------
Energy (eV) EEDF (eV-3/2) Anisotropy
  0.2308E-01	  0.3001E+01	  0.3924E-05
  0.6923E-01	  0.2808E+01	  0.4008E-05
  0.1154E+00	  0.2558E+01	  0.4177E-05
  0.1615E+00	  0.2230E+01	  0.4077E-05
  0.2077E+00	  0.1781E+01	  0.4482E-05
  0.2538E+00	  0.1306E+01	  0.5690E-05
  0.3000E+00	  0.9909E+00	  0.7353E-05
  0.3461E+00	  0.8031E+00	  0.9136E-05
  0.3923E+00	  0.6864E+00	  0.1081E-04
  0.4384E+00	  0.6073E+00	  0.1251E-04
  0.4846E+00	  0.5493E+00	  0.1428E-04
  0.5307E+00	  0.5042E+00	  0.1615E-04
  0.5769E+00	  0.4676E+00	  0.1814E-04
  0.6231E+00	  0.4370E+00	  0.2025E-04
  0.6692E+00	  0.4106E+00	  0.2250E-04
  0.7154E+00	  0.3874E+00	  0.2489E-04
  0.7615E+00	  0.3669E+00	  0.2742E-04
  0.8077E+00	  0.3483E+00	  0.3010E-04
  0.8538E+00	  0.3315E+00	  0.3294E-04
  0.9000E+00	  0.3161E+00	  0.3596E-04
  0.9461E+00	  0.3019E+00	  0.3917E-04
  0.9923E+00	  0.2887E+00	  0.4248E-04
  0.1038E+01	  0.2765E+00	  0.4566E-04
  0.1085E+01	  0.2650E+00	  0.4879E-04
  0.1131E+01	  0.2542E+00	  0.5203E-04
  0.1177E+01	  0.2439E+00	  0.5538E-04
  0.1223E+01	  0.2343E+00	  0.5883E-04
  0.1269E+01	  0.2252E+00	  0.6238E-04
  0.1315E+01	  0.2165E+00	  0.6604E-04
  0.1361E+01	  0.2082E+00	  0.6982E-04
  0.1408E+01	  0.2004E+00	  0.7373E-04
  0.1454E+01	  0.1929E+00	  0.7776E-04
  0.1500E+01	  0.1858E+00	  0.8197E-04
  0.1546E+01	  0.1790E+00	  0.8638E-04
  0.1592E+01	  0.1725E+00	  0.9096E-04
  0.1638E+01	  0.1662E+00	  0.9568E-04
  0.1685E+01	  0.1603E+00	  0.1005E-03
  0.1731E+01	  0.1546E+00	  0.1053E-03
  0.1777E+01	  0.1491E+00	  0.1102E-03
  0.1823E+01	  0.1438E+00	  0.1151E-03
  0.1869E+01	  0.1388E+00	  0.1202E-03
  0.1915E+01	  0.1339E+00	  0.1254E-03
  0.1961E+01	  0.1293E+00	  0.1307E-03
  0.2008E+01	  0.1248E+00	  0.1363E-03
  0.2054E+01	  0.1205E+00	  0.1423E-03
  0.2100E+01	  0.1163E+00	  0.1485E-03
  0.2146E+01	  0.1123E+00	  0.1548E-03
  0.2192E+01	  0.1085E+00	  0.1613E-03
  0.2238E+01	  0.1048E+00	  0.1680E-03
  0.2285E+01	  0.1012E+00	  0.1747E-03
  0.2331E+01	  0.9777E-01	  0.1817E-03
  0.2377E+01	  0.9446E-01	  0.1887E-03
  0.2423E+01	  0.9127E-01	  0.1960E-03
  0.2469E+01	  0.8819E-01	  0.2034E-03
  0.2515E+01	  0.8522E-01	  0.2110E-03
  0.2561E+01	  0.8236E-01	  0.2188E-03
  0.2608E+01	  0.7960E-01	  0.2268E-03
  0.2654E+01	  0.7694E-01	  0.2350E-03
  0.2700E+01	  0.7437E-01	  0.2434E-03
  0.2746E+01	  0.7188E-01	  0.2518E-03
  0.2792E+01	  0.6949E-01	  0.2605E-03
  0.2838E+01	  0.6718E-01	  0.2693E-03
  0.2885E+01	  0.6494E-01	  0.2783E-03
  0.2931E+01	  0.6279E-01	  0.2874E-03
  0.2977E+01	  0.6070E-01	  0.2967E-03
  0.3023E+01	  0.5869E-01	  0.3060E-03
  0.3069E+01	  0.5675E-01	  0.3155E-03
  0.3115E+01	  0.5487E-01	  0.3252E-03
  0.3161E+01	  0.5306E-01	  0.3349E-03
  0.3208E+01	  0.5131E-01	  0.3449E-03
  0.3254E+01	  0.4961E-01	  0.3550E-03
  0.3300E+01	  0.4798E-01	  0.3652E-03
  0.3346E+01	  0.4639E-01	  0.3756E-03
  0.3392E+01	  0.4487E-01	  0.3861E-03
  0.3438E+01	  0.4339E-01	  0.3969E-03
  0.3484E+01	  0.4196E-01	  0.4077E-03
  0.3531E+01	  0.4058E-01	  0.4187E-03
  0.3577E+01	  0.3925E-01	  0.4299E-03
  0.3623E+01	  0.3795E-01	  0.4413E-03
  0.3669E+01	  0.3671E-01	  0.4528E-03
  0.3715E+01	  0.3550E-01	  0.4644E-03
  0.3761E+01	  0.3433E-01	  0.4762E-03
  0.3808E+01	  0.3321E-01	  0.4882E-03
  0.3854E+01	  0.3212E-01	  0.5003E-03
  0.3900E+01	  0.3106E-01	  0.5126E-03
  0.3946E+01	  0.3004E-01	  0.5251E-03
  0.3992E+01	  0.2906E-01	  0.5381E-03
  0.4038E+01	  0.2810E-01	  0.5521E-03
  0.4084E+01	  0.2718E-01	  0.5665E-03
  0.4131E+01	  0.2629E-01	  0.5813E-03
  0.4177E+01	  0.2543E-01	  0.5963E-03
  0.4223E+01	  0.2459E-01	  0.6116E-03
  0.4269E+01	  0.2379E-01	  0.6270E-03
  0.4315E+01	  0.2301E-01	  0.6426E-03
  0.4361E+01	  0.2225E-01	  0.6585E-03
  0.4408E+01	  0.2152E-01	  0.6745E-03
  0.4454E+01	  0.2082E-01	  0.6908E-03
  0.4500E+01	  0.2013E-01	  0.7073E-03
  0.4546E+01	  0.1947E-01	  0.7239E-03
  0.4592E+01	  0.1883E-01	  0.7408E-03
  0.4638E+01	  0.1822E-01	  0.7579E-03
  0.4684E+01	  0.1762E-01	  0.7752E-03
  0.4731E+01	  0.1704E-01	  0.7927E-03
  0.4777E+01	  0.1648E-01	  0.8104E-03
  0.4823E+01	  0.1594E-01	  0.8283E-03
  0.4869E+01	  0.1542E-01	  0.8465E-03
  0.4915E+01	  0.1491E-01	  0.8648E-03
  0.4961E+01	  0.1442E-01	  0.8835E-03
  0.5007E+01	  0.1395E-01	  0.9024E-03
  0.5054E+01	  0.1349E-01	  0.9217E-03
  0.5100E+01	  0.1305E-01	  0.9415E-03
  0.5146E+01	  0.1262E-01	  0.9615E-03
  0.5192E+01	  0.1220E-01	  0.9817E-03
  0.5238E+01	  0.1180E-01	  0.1002E-02
  0.5284E+01	  0.1141E-01	  0.1023E-02
  0.5331E+01	  0.1104E-01	  0.1044E-02
  0.5377E+01	  0.1067E-01	  0.1065E-02
  0.5423E+01	  0.1032E-01	  0.1086E-02
  0.5469E+01	  0.9983E-02	  0.1108E-02
  0.5515E+01	  0.9653E-02	  0.1130E-02
  0.5561E+01	  0.9335E-02	  0.1152E-02
  0.5607E+01	  0.9027E-02	  0.1174E-02
  0.5654E+01	  0.8729E-02	  0.1197E-02
  0.5700E+01	  0.8440E-02	  0.1219E-02
  0.5746E+01	  0.8161E-02	  0.1243E-02
  0.5792E+01	  0.7891E-02	  0.1266E-02
  0.5838E+01	  0.7630E-02	  0.1289E-02
  0.5884E+01	  0.7377E-02	  0.1313E-02
  0.5931E+01	  0.7133E-02	  0.1337E-02
  0.5977E+01	  0.6896E-02	  0.1361E-02
  0.6023E+01	  0.6667E-02	  0.1386E-02
  0.6069E+01	  0.6446E-02	  0.1410E-02
  0.6115E+01	  0.6231E-02	  0.1435E-02
  0.6161E+01	  0.6024E-02	  0.1459E-02
  0.6207E+01	  0.5823E-02	  0.1484E-02
  0.6254E+01	  0.5629E-02	  0.1510E-02
  0.6300E+01	  0.5441E-02	  0.1535E-02
  0.6346E+01	  0.5260E-02	  0.1561E-02
  0.6392E+01	  0.5084E-02	  0.1587E-02
  0.6438E+01	  0.4914E-02	  0.1613E-02
  0.6484E+01	  0.4749E-02	  0.1640E-02
  0.6531E+01	  0.4590E-02	  0.1667E-02
  0.6577E+01	  0.4436E-02	  0.1694E-02
  0.6623E+01	  0.4287E-02	  0.1722E-02
  0.6669E+01	  0.4143E-02	  0.1749E-02
  0.6715E+01	  0.4004E-02	  0.1777E-02
  0.6761E+01	  0.3869E-02	  0.1806E-02
  0.6807E+01	  0.3738E-02	  0.1835E-02
  0.6854E+01	  0.3612E-02	  0.1863E-02
  0.6900E+01	  0.3490E-02	  0.1893E-02
  0.6946E+01	  0.3372E-02	  0.1922E-02
  0.6992E+01	  0.3257E-02	  0.1951E-02
  0.7038E+01	  0.3147E-02	  0.1980E-02
  0.7084E+01	  0.3040E-02	  0.2009E-02
  0.7130E+01	  0.2936E-02	  0.2038E-02
  0.7177E+01	  0.2836E-02	  0.2067E-02
  0.7223E+01	  0.2739E-02	  0.2096E-02
  0.7269E+01	  0.2645E-02	  0.2126E-02
  0.7315E+01	  0.2555E-02	  0.2156E-02
  0.7361E+01	  0.2467E-02	  0.2186E-02
  0.7407E+01	  0.2382E-02	  0.2217E-02
  0.7454E+01	  0.2300E-02	  0.2248E-02
  0.7500E+01	  0.2221E-02	  0.2279E-02
  0.7546E+01	  0.2144E-02	  0.2311E-02
  0.7592E+01	  0.2070E-02	  0.2343E-02
  0.7638E+01	  0.1998E-02	  0.2375E-02
  0.7684E+01	  0.1928E-02	  0.2408E-02
  0.7730E+01	  0.1861E-02	  0.2442E-02
  0.7777E+01	  0.1796E-02	  0.2475E-02
  0.7823E+01	  0.1733E-02	  0.2509E-02
  0.7869E+01	  0.1673E-02	  0.2544E-02
  0.7915E+01	  0.1614E-02	  0.2579E-02
  0.7961E+01	  0.1557E-02	  0.2615E-02
  0.8007E+01	  0.1502E-02	  0.2650E-02
  0.8054E+01	  0.1449E-02	  0.2687E-02
  0.8100E+01	  0.1397E-02	  0.2724E-02
  0.8146E+01	  0.1348E-02	  0.2761E-02
  0.8192E+01	  0.1300E-02	  0.2799E-02
  0.8238E+01	  0.1253E-02	  0.2838E-02
  0.8284E+01	  0.1208E-02	  0.2877E-02
  0.8330E+01	  0.1165E-02	  0.2916E-02
  0.8377E+01	  0.1123E-02	  0.2956E-02
  0.8423E+01	  0.1082E-02	  0.2997E-02
  0.8469E+01	  0.1043E-02	  0.3039E-02
  0.8515E+01	  0.1005E-02	  0.3081E-02
  0.8561E+01	  0.9681E-03	  0.3124E-02
  0.8607E+01	  0.9326E-03	  0.3167E-02
  0.8654E+01	  0.8983E-03	  0.3211E-02
  0.8700E+01	  0.8652E-03	  0.3256E-02
  0.8746E+01	  0.8331E-03	  0.3302E-02
  0.8792E+01	  0.8022E-03	  0.3348E-02
  0.8838E+01	  0.7722E-03	  0.3395E-02
  0.8884E+01	  0.7433E-03	  0.3443E-02
  0.8930E+01	  0.7154E-03	  0.3492E-02
  0.8977E+01	  0.6883E-03	  0.3542E-02
  0.9023E+01	  0.6622E-03	  0.3592E-02
  0.9069E+01	  0.6370E-03	  0.3643E-02
  0.9115E+01	  0.6126E-03	  0.3695E-02
  0.9161E+01	  0.5891E-03	  0.3749E-02
  0.9207E+01	  0.5663E-03	  0.3803E-02
  0.9253E+01	  0.5444E-03	  0.3859E-02
  0.9300E+01	  0.5231E-03	  0.3915E-02
  0.9346E+01	  0.5026E-03	  0.3973E-02
  0.9392E+01	  0.4828E-03	  0.4032E-02
  0.9438E+01	  0.4636E-03	  0.4093E-02
  0.9484E+01	  0.4451E-03	  0.4155E-02
  0.9530E+01	  0.4273E-03	  0.4219E-02
  0.9577E+01	  0.4100E-03	  0.4284E-02
  0.9623E+01	  0.3934E-03	  0.4352E-02
  0.9669E+01	  0.3773E-03	  0.4420E-02
  0.9715E+01	  0.3617E-03	  0.4490E-02
  0.9761E+01	  0.3467E-03	  0.4563E-02
  0.9807E+01	  0.3323E-03	  0.4637E-02
  0.9853E+01	  0.3183E-03	  0.4713E-02
  0.9900E+01	  0.3048E-03	  0.4792E-02
  0.9946E+01	  0.2917E-03	  0.4874E-02
  0.9992E+01	  0.2792E-03	  0.4958E-02
  0.1004E+02	  0.2670E-03	  0.5042E-02
  0.1008E+02	  0.2553E-03	  0.5125E-02
  0.1013E+02	  0.2440E-03	  0.5209E-02
  0.1018E+02	  0.2331E-03	  0.5298E-02
  0.1022E+02	  0.2225E-03	  0.5389E-02
  0.1027E+02	  0.2123E-03	  0.5485E-02
  0.1031E+02	  0.2025E-03	  0.5585E-02
  0.1036E+02	  0.1930E-03	  0.5690E-02
  0.1041E+02	  0.1838E-03	  0.5800E-02
  0.1045E+02	  0.1750E-03	  0.5915E-02
  0.1050E+02	  0.1665E-03	  0.6035E-02
  0.1055E+02	  0.1582E-03	  0.6163E-02
  0.1059E+02	  0.1503E-03	  0.6297E-02
  0.1064E+02	  0.1426E-03	  0.6434E-02
  0.1068E+02	  0.1352E-03	  0.6575E-02
  0.1073E+02	  0.1281E-03	  0.6726E-02
  0.1078E+02	  0.1212E-03	  0.6887E-02
  0.1082E+02	  0.1145E-03	  0.7059E-02
  0.1087E+02	  0.1081E-03	  0.7243E-02
  0.1091E+02	  0.1019E-03	  0.7441E-02
  0.1096E+02	  0.9592E-04	  0.7655E-02
  0.1101E+02	  0.9015E-04	  0.7886E-02
  0.1105E+02	  0.8459E-04	  0.8138E-02
  0.1110E+02	  0.7922E-04	  0.8412E-02
  0.1115E+02	  0.7404E-04	  0.8711E-02
  0.1119E+02	  0.6904E-04	  0.9041E-02
  0.1124E+02	  0.6422E-04	  0.9405E-02
  0.1128E+02	  0.5958E-04	  0.9810E-02
  0.1133E+02	  0.5510E-04	  0.1026E-01
  0.1138E+02	  0.5078E-04	  0.1077E-01
  0.1142E+02	  0.4662E-04	  0.1135E-01
  0.1147E+02	  0.4261E-04	  0.1201E-01
  0.1151E+02	  0.3875E-04	  0.1277E-01
  0.1156E+02	  0.3502E-04	  0.1362E-01
  0.1161E+02	  0.3145E-04	  0.1447E-01
  0.1165E+02	  0.2809E-04	  0.1510E-01
  0.1170E+02	  0.2502E-04	  0.1550E-01
  0.1175E+02	  0.2222E-04	  0.1598E-01
  0.1179E+02	  0.1967E-04	  0.1652E-01
  0.1184E+02	  0.1735E-04	  0.1684E-01
  0.1188E+02	  0.1530E-04	  0.1687E-01
  0.1193E+02	  0.1350E-04	  0.1703E-01
  0.1198E+02	  0.1188E-04	  0.1739E-01
  0.1202E+02	  0.1043E-04	  0.1785E-01
  0.1207E+02	  0.9133E-05	  0.1836E-01
  0.1211E+02	  0.7967E-05	  0.1891E-01
  0.1216E+02	  0.6923E-05	  0.1949E-01
  0.1221E+02	  0.5994E-05	  0.2009E-01
  0.1225E+02	  0.5169E-05	  0.2068E-01
  0.1230E+02	  0.4442E-05	  0.2124E-01
  0.1235E+02	  0.3804E-05	  0.2177E-01
  0.1239E+02	  0.3247E-05	  0.2230E-01
  0.1244E+02	  0.2763E-05	  0.2282E-01
  0.1248E+02	  0.2344E-05	  0.2331E-01
  0.1253E+02	  0.1983E-05	  0.2374E-01
  0.1258E+02	  0.1674E-05	  0.2410E-01
  0.1262E+02	  0.1410E-05	  0.2438E-01
  0.1267E+02	  0.1187E-05	  0.2459E-01
  0.1271E+02	  0.9978E-06	  0.2474E-01
  0.1276E+02	  0.8385E-06	  0.2484E-01
  0.1281E+02	  0.7044E-06	  0.2491E-01
  0.1285E+02	  0.5917E-06	  0.2501E-01
  0.1290E+02	  0.4966E-06	  0.2522E-01
  0.1295E+02	  0.4161E-06	  0.2557E-01
  0.1299E+02	  0.3477E-06	  0.2602E-01
  0.1304E+02	  0.2897E-06	  0.2587E-01
  0.1308E+02	  0.2432E-06	  0.2493E-01
  0.1313E+02	  0.2053E-06	  0.2456E-01
  0.1318E+02	  0.1731E-06	  0.2458E-01
  0.1322E+02	  0.1461E-06	  0.2441E-01
  0.1327E+02	  0.1236E-06	  0.2435E-01
  0.1331E+02	  0.1044E-06	  0.2465E-01
  0.1336E+02	  0.8789E-07	  0.2519E-01
  0.1341E+02	  0.7370E-07	  0.2586E-01
  0.1345E+02	  0.6153E-07	  0.2649E-01
  0.1350E+02	  0.5120E-07	  0.2703E-01
  0.1355E+02	  0.4245E-07	  0.2757E-01
  0.1359E+02	  0.3508E-07	  0.2813E-01
  0.1364E+02	  0.2888E-07	  0.2869E-01
  0.1368E+02	  0.2370E-07	  0.2927E-01
  0.1373E+02	  0.1937E-07	  0.2987E-01
  0.1378E+02	  0.1577E-07	  0.3050E-01
  0.1382E+02	  0.1279E-07	  0.3118E-01
  0.1387E+02	  0.1033E-07	  0.3190E-01
  0.1391E+02	  0.8296E-08	  0.3266E-01
  0.1396E+02	  0.6633E-08	  0.3343E-01
  0.1401E+02	  0.5278E-08	  0.3420E-01
  0.1405E+02	  0.4181E-08	  0.3496E-01
  0.1410E+02	  0.3295E-08	  0.3572E-01
  0.1415E+02	  0.2585E-08	  0.3649E-01
  0.1419E+02	  0.2018E-08	  0.3726E-01
  0.1424E+02	  0.1568E-08	  0.3803E-01
  0.1428E+02	  0.1213E-08	  0.3881E-01
  0.1433E+02	  0.9332E-09	  0.3958E-01
  0.1438E+02	  0.7148E-09	  0.4033E-01
  0.1442E+02	  0.5451E-09	  0.4108E-01
  0.1447E+02	  0.4137E-09	  0.4181E-01
  0.1451E+02	  0.3127E-09	  0.4253E-01
  0.1456E+02	  0.2353E-09	  0.4325E-01
  0.1461E+02	  0.1763E-09	  0.4395E-01
  0.1465E+02	  0.1315E-09	  0.4464E-01
  0.1470E+02	  0.9775E-10	  0.4533E-01
  0.1475E+02	  0.7234E-10	  0.4600E-01
  0.1479E+02	  0.5333E-10	  0.4667E-01
  0.1484E+02	  0.3915E-10	  0.4732E-01
  0.1488E+02	  0.2864E-10	  0.4796E-01
  0.1493E+02	  0.2087E-10	  0.4857E-01
  0.1498E+02	  0.1516E-10	  0.4913E-01
  0.1502E+02	  0.1098E-10	  0.4964E-01
  0.1507E+02	  0.7927E-11	  0.5013E-01
  0.1511E+02	  0.5708E-11	  0.5061E-01
  0.1516E+02	  0.4099E-11	  0.5109E-01
  0.1521E+02	  0.2935E-11	  0.5156E-01
  0.1525E+02	  0.2096E-11	  0.5203E-01
  0.1530E+02	  0.1493E-11	  0.5250E-01
  0.1535E+02	  0.1060E-11	  0.5297E-01
  0.1539E+02	  0.7511E-12	  0.5344E-01
  0.1544E+02	  0.5307E-12	  0.5390E-01
  0.1548E+02	  0.3739E-12	  0.5436E-01
  0.1553E+02	  0.2628E-12	  0.5483E-01
  0.1558E+02	  0.1842E-12	  0.5530E-01
  0.1562E+02	  0.1287E-12	  0.5578E-01
  0.1567E+02	  0.8971E-13	  0.5629E-01
  0.1571E+02	  0.6233E-13	  0.5685E-01
  0.1576E+02	  0.4315E-13	  0.5752E-01
  0.1581E+02	  0.2974E-13	  0.5828E-01
  0.1585E+02	  0.2041E-13	  0.5904E-01
  0.1590E+02	  0.1394E-13	  0.5979E-01
  0.1595E+02	  0.9489E-14	  0.6052E-01
  0.1599E+02	  0.6432E-14	  0.6120E-01
  0.1604E+02	  0.4343E-14	  0.6185E-01
  0.1608E+02	  0.2923E-14	  0.6247E-01
  0.1613E+02	  0.1960E-14	  0.6309E-01
  0.1618E+02	  0.1310E-14	  0.6371E-01
  0.1622E+02	  0.8725E-15	  0.6432E-01
  0.1627E+02	  0.5792E-15	  0.6493E-01
  0.1631E+02	  0.3831E-15	  0.6553E-01
  0.1636E+02	  0.2526E-15	  0.6613E-01
  0.1641E+02	  0.1660E-15	  0.6674E-01
  0.1645E+02	  0.1087E-15	  0.6734E-01
  0.1650E+02	  0.7097E-16	  0.6794E-01
  0.1655E+02	  0.4617E-16	  0.6856E-01
  0.1659E+02	  0.2994E-16	  0.6917E-01
  0.1664E+02	  0.1935E-16	  0.6978E-01
  0.1668E+02	  0.1246E-16	  0.7038E-01
  0.1673E+02	  0.8000E-17	  0.7098E-01
  0.1678E+02	  0.5119E-17	  0.7158E-01
  0.1682E+02	  0.3265E-17	  0.7217E-01
  0.1687E+02	  0.2076E-17	  0.7276E-01
  0.1691E+02	  0.1315E-17	  0.7334E-01
  0.1696E+02	  0.8310E-18	  0.7392E-01
  0.1701E+02	  0.5234E-18	  0.7448E-01
  0.1705E+02	  0.3287E-18	  0.7502E-01
  0.1710E+02	  0.2058E-18	  0.7556E-01
  0.1715E+02	  0.1285E-18	  0.7610E-01
  0.1719E+02	  0.7999E-19	  0.7663E-01
  0.1724E+02	  0.4966E-19	  0.7716E-01
  0.1728E+02	  0.3074E-19	  0.7769E-01
  0.1733E+02	  0.1897E-19	  0.7821E-01
  0.1738E+02	  0.1168E-19	  0.7874E-01
  0.1742E+02	  0.7166E-20	  0.7926E-01
  0.1747E+02	  0.4386E-20	  0.7978E-01
  0.1751E+02	  0.2677E-20	  0.8031E-01
  0.1756E+02	  0.1629E-20	  0.8083E-01
  0.1761E+02	  0.9885E-21	  0.8136E-01
  0.1765E+02	  0.5982E-21	  0.8188E-01
  0.1770E+02	  0.3610E-21	  0.8239E-01
  0.1775E+02	  0.2173E-21	  0.8291E-01
  0.1779E+02	  0.1304E-21	  0.8343E-01
  0.1784E+02	  0.7803E-22	  0.8395E-01
  0.1788E+02	  0.4657E-22	  0.8446E-01
  0.1793E+02	  0.2772E-22	  0.8497E-01
  0.1798E+02	  0.1646E-22	  0.8546E-01
  0.1802E+02	  0.9752E-23	  0.8593E-01
  0.1807E+02	  0.5763E-23	  0.8638E-01
  0.1811E+02	  0.3398E-23	  0.8683E-01
  0.1816E+02	  0.1999E-23	  0.8728E-01
  0.1821E+02	  0.1173E-23	  0.8774E-01
  0.1825E+02	  0.6871E-24	  0.8819E-01
  0.1830E+02	  0.4015E-24	  0.8864E-01
  0.1835E+02	  0.2341E-24	  0.8909E-01
  0.1839E+02	  0.1362E-24	  0.8953E-01
  0.1844E+02	  0.7907E-25	  0.8998E-01
  0.1848E+02	  0.4580E-25	  0.9043E-01
  0.1853E+02	  0.2647E-25	  0.9088E-01
  0.1858E+02	  0.1527E-25	  0.9133E-01
  0.1862E+02	  0.8785E-26	  0.9178E-01
  0.1867E+02	  0.5044E-26	  0.9224E-01
  0.1871E+02	  0.2890E-26	  0.9268E-01
  0.1876E+02	  0.1652E-26	  0.9313E-01
  0.1881E+02	  0.9425E-27	  0.9358E-01
  0.1885E+02	  0.5365E-27	  0.9402E-01
  0.1890E+02	  0.3048E-27	  0.9446E-01
  0.1895E+02	  0.1727E-27	  0.9489E-01
  0.1899E+02	  0.9772E-28	  0.9531E-01
  0.1904E+02	  0.5518E-28	  0.9570E-01
  0.1908E+02	  0.3109E-28	  0.9609E-01
  0.1913E+02	  0.1749E-28	  0.9648E-01
  0.1918E+02	  0.9819E-29	  0.9685E-01
  0.1922E+02	  0.5503E-29	  0.9721E-01
  0.1927E+02	  0.3079E-29	  0.9752E-01

R20 
------------------------------------------------------------
Electric field / N (Td)                    40.00    
Angular frequency / N (m3/s)              0.1938E-11
Cosine of E-B field angle                  0.000    
Gas temperature (K)                        800.0    
Excitation temperature (K)                 300.0    
Transition energy (eV)                     0.000    
Ionization degree                          0.000    
Plasma density (1/m3)                     0.1000E+19
Ion charge parameter                       1.000    
Ion/neutral mass ratio                     1.000    
Coulomb collision model                    1.000    
Energy sharing                             0.000    
Growth model                               1.000    
Maxwellian mean energy (eV)                0.000    
# of grid points                           500.0    
Grid type                                  1.000    
Maximum energy                             30.00    
Precision                                 0.1000E-29
Convergence                               0.1000E-03
Maximum # of iterations                   0.2000E+05
Mole fraction Ar                           1.000    
------------------------------------------------------------
Mean energy (eV)                           1.464    
Mobility *N (1/m/V/s)                     0.1176E+27
Re/perp mobility *N (1/m/V/s)             0.2142E+22
Im/Hall mobility *N (1/m/V/s)            -0.9070E+23
Diffusion coefficient *N (1/m/s)          0.2536E+26
Energy mobility *N (1/m/V/s)              0.2639E+26
Energy diffusion coef. *N (1/m/s)         0.1135E+26
Total collision freq. /N (m3/s)           0.2242E-13
Momentum frequency /N (m3/s)              0.4576E-13
Total ionization freq. /N (m3/s)          0.2580E-27
Power /N (eV m3/s)                        0.3427E-17
Elastic power loss /N (eV m3/s)           0.2600E-17
Inelastic power loss /N (eV m3/s)         0.8269E-18
Growth power /N (eV m3/s)                 0.3777E-27
Maximum energy                             23.87    
# of iterations                            10.00    
# of grid trials                           2.000    
------------------------------------------------------------
Rate coefficients (m3/s)
C1    Ar    Elastic                       0.2242E-13
C2    Ar    Excitation    11.55 eV        0.2794E-19
C3    Ar    Excitation    11.62 eV        0.2205E-19
C4    Ar    Excitation    11.72 eV        0.3738E-20
C5    Ar    Excitation    11.83 eV        0.1683E-19
C6    Ar    Excitation    12.91 eV        0.2460E-21
C7    Ar    Excitation    13.08 eV        0.3766E-22
C8    Ar    Excitation    13.10 eV        0.2478E-22
C9    Ar    Excitation    13.15 eV        0.1138E-22
C10   Ar    Excitation    13.17 eV        0.1928E-22
C11   Ar    Excitation    13.27 eV        0.3814E-23
C12   Ar    Excitation    13.28 eV        0.7428E-23
C13   Ar    Excitation    13.30 eV        0.5998E-23
C14   Ar    Excitation    13.33 eV        0.7193E-23
C15   Ar    Excitation    13.48 eV        0.7425E-23
C16   Ar    Excitation    13.85 eV        0.1606E-23
C17   Ar    Excitation    13.86 eV        0.6487E-23
C18   Ar    Excitation    13.90 eV        0.2889E-23
C19   Ar    Excitation    13.98 eV        0.2824E-23
C20   Ar    Excitation    14.01 eV        0.7185E-24
C21   Ar    Excitation    14.06 eV        0.5590E-24
C22   Ar    Excitation    14.07 eV        0.5477E-24
C23   Ar    Excitation    14.09 eV        0.1080E-25
C24   Ar    Excitation    14.10 eV        0.6447E-25
C25   Ar    Excitation    14.15 eV        0.2165E-25
C26   Ar    Excitation    14.21 eV        0.4017E-24
C27   Ar    Excitation    14.23 eV        0.2541E-24
C28   Ar    Excitation    14.24 eV        0.5512E-25
C29   Ar    Excitation    14.24 eV        0.5381E-25
C30   Ar    Excitation    14.26 eV        0.1768E-26
C31   Ar    Excitation    14.30 eV        0.1103E-25
C32   Ar    Excitation    14.71 eV        0.1771E-28
C33   Ar    Excitation    14.85 eV        0.5435E-28
C34   Ar    Excitation    14.86 eV        0.1697E-27
C35   Ar    Excitation    15.00 eV        0.2748E-28
C36   Ar    Excitation    15.02 eV        0.2557E-28
C37   Ar    Excitation    15.12 eV        0.2453E-29
C38   Ar    Excitation    15.19 eV        0.1582E-28
C39   Ar    Excitation    15.19 eV        0.1538E-28
C40   Ar    Excitation    15.31 eV        0.1168E-30
C41   Ar    Excitation    15.35 eV        0.5823E-31
C42   Ar    Excitation    15.36 eV        0.7914E-31
C43   Ar    Excitation    15.37 eV        0.1331E-29
C44   Ar    Excitation    15.37 eV        0.2801E-29
C45   Ar    Excitation    15.66 eV        0.1544E-29
C46   Ar    Ionization    15.76 eV        0.2580E-27
------------------------------------------------------------
Energy (eV) EEDF (eV-3/2) Anisotropy
  0.2387E-01	  0.4522E+01	  0.4401E-05
  0.7160E-01	  0.4226E+01	  0.4591E-05
  0.1193E+00	  0.3821E+01	  0.4973E-05
  0.1671E+00	  0.3255E+01	  0.5125E-05
  0.2148E+00	  0.2453E+01	  0.6143E-05
  0.2625E+00	  0.1669E+01	  0.8497E-05
  0.3103E+00	  0.1181E+01	  0.1168E-04
  0.3580E+00	  0.8991E+00	  0.1508E-04
  0.4058E+00	  0.7284E+00	  0.1825E-04
  0.4535E+00	  0.6155E+00	  0.2133E-04
  0.5012E+00	  0.5352E+00	  0.2438E-04
  0.5490E+00	  0.4749E+00	  0.2742E-04
  0.5967E+00	  0.4276E+00	  0.3051E-04
  0.6444E+00	  0.3893E+00	  0.3366E-04
  0.6922E+00	  0.3574E+00	  0.3690E-04
  0.7399E+00	  0.3304E+00	  0.4022E-04
  0.7876E+00	  0.3072E+00	  0.4362E-04
  0.8354E+00	  0.2869E+00	  0.4711E-04
  0.8831E+00	  0.2691E+00	  0.5072E-04
  0.9309E+00	  0.2532E+00	  0.5446E-04
  0.9786E+00	  0.2390E+00	  0.5829E-04
  0.1026E+01	  0.2263E+00	  0.6199E-04
  0.1074E+01	  0.2146E+00	  0.6554E-04
  0.1122E+01	  0.2038E+00	  0.6914E-04
  0.1170E+01	  0.1940E+00	  0.7281E-04
  0.1217E+01	  0.1848E+00	  0.7654E-04
  0.1265E+01	  0.1763E+00	  0.8033E-04
  0.1313E+01	  0.1684E+00	  0.8418E-04
  0.1360E+01	  0.1611E+00	  0.8812E-04
  0.1408E+01	  0.1542E+00	  0.9215E-04
  0.1456E+01	  0.1477E+00	  0.9628E-04
  0.1504E+01	  0.1417E+00	  0.1006E-03
  0.1551E+01	  0.1360E+00	  0.1051E-03
  0.1599E+01	  0.1306E+00	  0.1097E-03
  0.1647E+01	  0.1256E+00	  0.1144E-03
  0.1695E+01	  0.1208E+00	  0.1191E-03
  0.1742E+01	  0.1162E+00	  0.1239E-03
  0.1790E+01	  0.1119E+00	  0.1288E-03
  0.1838E+01	  0.1078E+00	  0.1337E-03
  0.1886E+01	  0.1039E+00	  0.1387E-03
  0.1933E+01	  0.1002E+00	  0.1439E-03
  0.1981E+01	  0.9665E-01	  0.1493E-03
  0.2029E+01	  0.9327E-01	  0.1550E-03
  0.2077E+01	  0.9003E-01	  0.1609E-03
  0.2124E+01	  0.8694E-01	  0.1671E-03
  0.2172E+01	  0.8398E-01	  0.1733E-03
  0.2220E+01	  0.8115E-01	  0.1798E-03
  0.2267E+01	  0.7843E-01	  0.1863E-03
  0.2315E+01	  0.7583E-01	  0.1931E-03
  0.2363E+01	  0.7333E-01	  0.1999E-03
  0.2411E+01	  0.7093E-01	  0.2069E-03
  0.2458E+01	  0.6863E-01	  0.2141E-03
  0.2506E+01	  0.6641E-01	  0.2215E-03
  0.2554E+01	  0.6428E-01	  0.2291E-03
  0.2602E+01	  0.6222E-01	  0.2369E-03
  0.2649E+01	  0.6025E-01	  0.2448E-03
  0.2697E+01	  0.5835E-01	  0.2529E-03
  0.2745E+01	  0.5651E-01	  0.2612E-03
  0.2793E+01	  0.5474E-01	  0.2696E-03
  0.2840E+01	  0.5304E-01	  0.2782E-03
  0.2888E+01	  0.5139E-01	  0.2870E-03
  0.2936E+01	  0.4981E-01	  0.2959E-03
  0.2984E+01	  0.4827E-01	  0.3049E-03
  0.3031E+01	  0.4679E-01	  0.3141E-03
  0.3079E+01	  0.4536E-01	  0.3233E-03
  0.3127E+01	  0.4398E-01	  0.3328E-03
  0.3174E+01	  0.4264E-01	  0.3424E-03
  0.3222E+01	  0.4135E-01	  0.3521E-03
  0.3270E+01	  0.4010E-01	  0.3620E-03
  0.3318E+01	  0.3889E-01	  0.3721E-03
  0.3365E+01	  0.3772E-01	  0.3823E-03
  0.3413E+01	  0.3659E-01	  0.3927E-03
  0.3461E+01	  0.3549E-01	  0.4032E-03
  0.3509E+01	  0.3443E-01	  0.4139E-03
  0.3556E+01	  0.3340E-01	  0.4248E-03
  0.3604E+01	  0.3241E-01	  0.4359E-03
  0.3652E+01	  0.3145E-01	  0.4471E-03
  0.3700E+01	  0.3051E-01	  0.4584E-03
  0.3747E+01	  0.2961E-01	  0.4700E-03
  0.3795E+01	  0.2873E-01	  0.4817E-03
  0.3843E+01	  0.2788E-01	  0.4935E-03
  0.3890E+01	  0.2706E-01	  0.5056E-03
  0.3938E+01	  0.2626E-01	  0.5178E-03
  0.3986E+01	  0.2549E-01	  0.5305E-03
  0.4034E+01	  0.2474E-01	  0.5440E-03
  0.4081E+01	  0.2401E-01	  0.5581E-03
  0.4129E+01	  0.2331E-01	  0.5725E-03
  0.4177E+01	  0.2263E-01	  0.5872E-03
  0.4225E+01	  0.2196E-01	  0.6021E-03
  0.4272E+01	  0.2132E-01	  0.6172E-03
  0.4320E+01	  0.2070E-01	  0.6325E-03
  0.4368E+01	  0.2009E-01	  0.6480E-03
  0.4416E+01	  0.1951E-01	  0.6638E-03
  0.4463E+01	  0.1894E-01	  0.6797E-03
  0.4511E+01	  0.1839E-01	  0.6959E-03
  0.4559E+01	  0.1785E-01	  0.7123E-03
  0.4607E+01	  0.1734E-01	  0.7289E-03
  0.4654E+01	  0.1683E-01	  0.7457E-03
  0.4702E+01	  0.1634E-01	  0.7628E-03
  0.4750E+01	  0.1587E-01	  0.7800E-03
  0.4797E+01	  0.1541E-01	  0.7975E-03
  0.4845E+01	  0.1496E-01	  0.8152E-03
  0.4893E+01	  0.1453E-01	  0.8332E-03
  0.4941E+01	  0.1411E-01	  0.8514E-03
  0.4988E+01	  0.1370E-01	  0.8699E-03
  0.5036E+01	  0.1330E-01	  0.8888E-03
  0.5084E+01	  0.1292E-01	  0.9081E-03
  0.5132E+01	  0.1254E-01	  0.9276E-03
  0.5179E+01	  0.1218E-01	  0.9475E-03
  0.5227E+01	  0.1183E-01	  0.9676E-03
  0.5275E+01	  0.1149E-01	  0.9879E-03
  0.5323E+01	  0.1115E-01	  0.1008E-02
  0.5370E+01	  0.1083E-01	  0.1029E-02
  0.5418E+01	  0.1052E-01	  0.1050E-02
  0.5466E+01	  0.1021E-01	  0.1072E-02
  0.5514E+01	  0.9916E-02	  0.1093E-02
  0.5561E+01	  0.9629E-02	  0.1115E-02
  0.5609E+01	  0.9349E-02	  0.1137E-02
  0.5657E+01	  0.9078E-02	  0.1160E-02
  0.5704E+01	  0.8815E-02	  0.1182E-02
  0.5752E+01	  0.8559E-02	  0.1205E-02
  0.5800E+01	  0.8311E-02	  0.1228E-02
  0.5848E+01	  0.8069E-02	  0.1252E-02
  0.5895E+01	  0.7835E-02	  0.1276E-02
  0.5943E+01	  0.7607E-02	  0.1299E-02
  0.5991E+01	  0.7386E-02	  0.1324E-02
  0.6039E+01	  0.7171E-02	  0.1348E-02
  0.6086E+01	  0.6962E-02	  0.1372E-02
  0.6134E+01	  0.6759E-02	  0.1397E-02
  0.6182E+01	  0.6561E-02	  0.1422E-02
  0.6230E+01	  0.6370E-02	  0.1447E-02
  0.6277E+01	  0.6184E-02	  0.1472E-02
  0.6325E+01	  0.6003E-02	  0.1498E-02
  0.6373E+01	  0.5827E-02	  0.1524E-02
  0.6420E+01	  0.5656E-02	  0.1551E-02
  0.6468E+01	  0.5490E-02	  0.1577E-02
  0.6516E+01	  0.5328E-02	  0.1604E-02
  0.6564E+01	  0.5172E-02	  0.1632E-02
  0.6611E+01	  0.5019E-02	  0.1659E-02
  0.6659E+01	  0.4871E-02	  0.1687E-02
  0.6707E+01	  0.4727E-02	  0.1715E-02
  0.6755E+01	  0.4587E-02	  0.1744E-02
  0.6802E+01	  0.4452E-02	  0.1773E-02
  0.6850E+01	  0.4320E-02	  0.1802E-02
  0.6898E+01	  0.4191E-02	  0.1832E-02
  0.6946E+01	  0.4067E-02	  0.1862E-02
  0.6993E+01	  0.3945E-02	  0.1891E-02
  0.7041E+01	  0.3828E-02	  0.1921E-02
  0.7089E+01	  0.3713E-02	  0.1951E-02
  0.7137E+01	  0.3602E-02	  0.1980E-02
  0.7184E+01	  0.3494E-02	  0.2010E-02
  0.7232E+01	  0.3389E-02	  0.2040E-02
  0.7280E+01	  0.3287E-02	  0.2071E-02
  0.7327E+01	  0.3187E-02	  0.2102E-02
  0.7375E+01	  0.3091E-02	  0.2133E-02
  0.7423E+01	  0.2997E-02	  0.2165E-02
  0.7471E+01	  0.2906E-02	  0.2197E-02
  0.7518E+01	  0.2817E-02	  0.2230E-02
  0.7566E+01	  0.2731E-02	  0.2263E-02
  0.7614E+01	  0.2648E-02	  0.2297E-02
  0.7662E+01	  0.2566E-02	  0.2331E-02
  0.7709E+01	  0.2488E-02	  0.2365E-02
  0.7757E+01	  0.2411E-02	  0.2400E-02
  0.7805E+01	  0.2336E-02	  0.2436E-02
  0.7853E+01	  0.2264E-02	  0.2472E-02
  0.7900E+01	  0.2193E-02	  0.2508E-02
  0.7948E+01	  0.2125E-02	  0.2545E-02
  0.7996E+01	  0.2058E-02	  0.2583E-02
  0.8044E+01	  0.1994E-02	  0.2621E-02
  0.8091E+01	  0.1931E-02	  0.2660E-02
  0.8139E+01	  0.1870E-02	  0.2699E-02
  0.8187E+01	  0.1811E-02	  0.2739E-02
  0.8234E+01	  0.1753E-02	  0.2779E-02
  0.8282E+01	  0.1697E-02	  0.2821E-02
  0.8330E+01	  0.1643E-02	  0.2862E-02
  0.8378E+01	  0.1590E-02	  0.2905E-02
  0.8425E+01	  0.1539E-02	  0.2948E-02
  0.8473E+01	  0.1489E-02	  0.2992E-02
  0.8521E+01	  0.1441E-02	  0.3037E-02
  0.8569E+01	  0.1394E-02	  0.3083E-02
  0.8616E+01	  0.1348E-02	  0.3129E-02
  0.8664E+01	  0.1304E-02	  0.3176E-02
  0.8712E+01	  0.1261E-02	  0.3225E-02
  0.8760E+01	  0.1219E-02	  0.3274E-02
  0.8807E+01	  0.1178E-02	  0.3324E-02
  0.8855E+01	  0.1139E-02	  0.3375E-02
  0.8903E+01	  0.1100E-02	  0.3427E-02
  0.8951E+01	  0.1063E-02	  0.3479E-02
  0.8998E+01	  0.1027E-02	  0.3533E-02
  0.9046E+01	  0.9920E-03	  0.3588E-02
  0.9094E+01	  0.9579E-03	  0.3643E-02
  0.9141E+01	  0.9248E-03	  0.3700E-02
  0.9189E+01	  0.8927E-03	  0.3759E-02
  0.9237E+01	  0.8615E-03	  0.3818E-02
  0.9285E+01	  0.8312E-03	  0.3879E-02
  0.9332E+01	  0.8018E-03	  0.3942E-02
  0.9380E+01	  0.7733E-03	  0.4006E-02
  0.9428E+01	  0.7456E-03	  0.4071E-02
  0.9476E+01	  0.7187E-03	  0.4139E-02
  0.9523E+01	  0.6926E-03	  0.4208E-02
  0.9571E+01	  0.6672E-03	  0.4279E-02
  0.9619E+01	  0.6427E-03	  0.4352E-02
  0.9667E+01	  0.6188E-03	  0.4426E-02
  0.9714E+01	  0.5956E-03	  0.4503E-02
  0.9762E+01	  0.5732E-03	  0.4582E-02
  0.9810E+01	  0.5513E-03	  0.4663E-02
  0.9857E+01	  0.5302E-03	  0.4747E-02
  0.9905E+01	  0.5097E-03	  0.4833E-02
  0.9953E+01	  0.4897E-03	  0.4923E-02
  0.1000E+02	  0.4704E-03	  0.5015E-02
  0.1005E+02	  0.4517E-03	  0.5107E-02
  0.1010E+02	  0.4335E-03	  0.5199E-02
  0.1014E+02	  0.4158E-03	  0.5294E-02
  0.1019E+02	  0.3986E-03	  0.5393E-02
  0.1024E+02	  0.3820E-03	  0.5497E-02
  0.1029E+02	  0.3659E-03	  0.5605E-02
  0.1033E+02	  0.3502E-03	  0.5717E-02
  0.1038E+02	  0.3350E-03	  0.5835E-02
  0.1043E+02	  0.3202E-03	  0.5959E-02
  0.1048E+02	  0.3059E-03	  0.6089E-02
  0.1053E+02	  0.2920E-03	  0.6226E-02
  0.1057E+02	  0.2785E-03	  0.6370E-02
  0.1062E+02	  0.2654E-03	  0.6520E-02
  0.1067E+02	  0.2528E-03	  0.6674E-02
  0.1072E+02	  0.2404E-03	  0.6837E-02
  0.1076E+02	  0.2285E-03	  0.7010E-02
  0.1081E+02	  0.2169E-03	  0.7196E-02
  0.1086E+02	  0.2056E-03	  0.7394E-02
  0.1091E+02	  0.1947E-03	  0.7607E-02
  0.1096E+02	  0.1841E-03	  0.7836E-02
  0.1100E+02	  0.1738E-03	  0.8083E-02
  0.1105E+02	  0.1638E-03	  0.8352E-02
  0.1110E+02	  0.1541E-03	  0.8643E-02
  0.1115E+02	  0.1447E-03	  0.8962E-02
  0.1119E+02	  0.1356E-03	  0.9311E-02
  0.1124E+02	  0.1268E-03	  0.9696E-02
  0.1129E+02	  0.1182E-03	  0.1012E-01
  0.1134E+02	  0.1099E-03	  0.1060E-01
  0.1139E+02	  0.1018E-03	  0.1113E-01
  0.1143E+02	  0.9399E-04	  0.1173E-01
  0.1148E+02	  0.8641E-04	  0.1241E-01
  0.1153E+02	  0.7906E-04	  0.1319E-01
  0.1158E+02	  0.7194E-04	  0.1404E-01
  0.1162E+02	  0.6510E-04	  0.1481E-01
  0.1167E+02	  0.5867E-04	  0.1534E-01
  0.1172E+02	  0.5277E-04	  0.1575E-01
  0.1177E+02	  0.4731E-04	  0.1627E-01
  0.1181E+02	  0.4229E-04	  0.1676E-01
  0.1186E+02	  0.3770E-04	  0.1695E-01
  0.1191E+02	  0.3365E-04	  0.1701E-01
  0.1196E+02	  0.2999E-04	  0.1734E-01
  0.1201E+02	  0.2667E-04	  0.1779E-01
  0.1205E+02	  0.2365E-04	  0.1830E-01
  0.1210E+02	  0.2090E-04	  0.1885E-01
  0.1215E+02	  0.1841E-04	  0.1943E-01
  0.1220E+02	  0.1616E-04	  0.2003E-01
  0.1224E+02	  0.1414E-04	  0.2063E-01
  0.1229E+02	  0.1233E-04	  0.2120E-01
  0.1234E+02	  0.1071E-04	  0.2174E-01
  0.1239E+02	  0.9285E-05	  0.2227E-01
  0.1244E+02	  0.8023E-05	  0.2278E-01
  0.1248E+02	  0.6914E-05	  0.2326E-01
  0.1253E+02	  0.5945E-05	  0.2368E-01
  0.1258E+02	  0.5101E-05	  0.2403E-01
  0.1263E+02	  0.4370E-05	  0.2431E-01
  0.1267E+02	  0.3740E-05	  0.2451E-01
  0.1272E+02	  0.3198E-05	  0.2465E-01
  0.1277E+02	  0.2733E-05	  0.2475E-01
  0.1282E+02	  0.2336E-05	  0.2482E-01
  0.1286E+02	  0.1996E-05	  0.2495E-01
  0.1291E+02	  0.1703E-05	  0.2518E-01
  0.1296E+02	  0.1452E-05	  0.2553E-01
  0.1301E+02	  0.1234E-05	  0.2583E-01
  0.1306E+02	  0.1049E-05	  0.2536E-01
  0.1310E+02	  0.8988E-06	  0.2458E-01
  0.1315E+02	  0.7709E-06	  0.2451E-01
  0.1320E+02	  0.6608E-06	  0.2449E-01
  0.1325E+02	  0.5675E-06	  0.2436E-01
  0.1329E+02	  0.4871E-06	  0.2457E-01
  0.1334E+02	  0.4172E-06	  0.2505E-01
  0.1339E+02	  0.3561E-06	  0.2570E-01
  0.1344E+02	  0.3027E-06	  0.2637E-01
  0.1349E+02	  0.2563E-06	  0.2695E-01
  0.1353E+02	  0.2164E-06	  0.2750E-01
  0.1358E+02	  0.1821E-06	  0.2808E-01
  0.1363E+02	  0.1527E-06	  0.2867E-01
  0.1368E+02	  0.1277E-06	  0.2927E-01
  0.1372E+02	  0.1064E-06	  0.2989E-01
  0.1377E+02	  0.8827E-07	  0.3055E-01
  0.1382E+02	  0.7297E-07	  0.3125E-01
  0.1387E+02	  0.6007E-07	  0.3199E-01
  0.1392E+02	  0.4924E-07	  0.3278E-01
  0.1396E+02	  0.4017E-07	  0.3357E-01
  0.1401E+02	  0.3263E-07	  0.3436E-01
  0.1406E+02	  0.2639E-07	  0.3514E-01
  0.1411E+02	  0.2124E-07	  0.3593E-01
  0.1415E+02	  0.1703E-07	  0.3672E-01
  0.1420E+02	  0.1359E-07	  0.3751E-01
  0.1425E+02	  0.1079E-07	  0.3831E-01
  0.1430E+02	  0.8533E-08	  0.3910E-01
  0.1434E+02	  0.6718E-08	  0.3989E-01
  0.1439E+02	  0.5266E-08	  0.4066E-01
  0.1444E+02	  0.4110E-08	  0.4142E-01
  0.1449E+02	  0.3195E-08	  0.4216E-01
  0.1454E+02	  0.2473E-08	  0.4290E-01
  0.1458E+02	  0.1907E-08	  0.4363E-01
  0.1463E+02	  0.1465E-08	  0.4435E-01
  0.1468E+02	  0.1120E-08	  0.4505E-01
  0.1473E+02	  0.8539E-09	  0.4575E-01
  0.1477E+02	  0.6483E-09	  0.4644E-01
  0.1482E+02	  0.4904E-09	  0.4711E-01
  0.1487E+02	  0.3697E-09	  0.4776E-01
  0.1492E+02	  0.2777E-09	  0.4839E-01
  0.1497E+02	  0.2079E-09	  0.4897E-01
  0.1501E+02	  0.1552E-09	  0.4951E-01
  0.1506E+02	  0.1156E-09	  0.5001E-01
  0.1511E+02	  0.8584E-10	  0.5051E-01
  0.1516E+02	  0.6358E-10	  0.5100E-01
  0.1520E+02	  0.4698E-10	  0.5149E-01
  0.1525E+02	  0.3462E-10	  0.5197E-01
  0.1530E+02	  0.2544E-10	  0.5245E-01
  0.1535E+02	  0.1865E-10	  0.5294E-01
  0.1539E+02	  0.1364E-10	  0.5341E-01
  0.1544E+02	  0.9952E-11	  0.5389E-01
  0.1549E+02	  0.7241E-11	  0.5437E-01
  0.1554E+02	  0.5256E-11	  0.5485E-01
  0.1559E+02	  0.3805E-11	  0.5535E-01
  0.1563E+02	  0.2747E-11	  0.5586E-01
  0.1568E+02	  0.1978E-11	  0.5640E-01
  0.1573E+02	  0.1420E-11	  0.5702E-01
  0.1578E+02	  0.1015E-11	  0.5775E-01
  0.1582E+02	  0.7232E-12	  0.5854E-01
  0.1587E+02	  0.5130E-12	  0.5931E-01
  0.1592E+02	  0.3624E-12	  0.6007E-01
  0.1597E+02	  0.2551E-12	  0.6079E-01
  0.1602E+02	  0.1789E-12	  0.6146E-01
  0.1606E+02	  0.1250E-12	  0.6211E-01
  0.1611E+02	  0.8712E-13	  0.6275E-01
  0.1616E+02	  0.6050E-13	  0.6338E-01
  0.1621E+02	  0.4188E-13	  0.6401E-01
  0.1625E+02	  0.2890E-13	  0.6463E-01
  0.1630E+02	  0.1988E-13	  0.6526E-01
  0.1635E+02	  0.1363E-13	  0.6587E-01
  0.1640E+02	  0.9315E-14	  0.6649E-01
  0.1645E+02	  0.6347E-14	  0.6711E-01
  0.1649E+02	  0.4311E-14	  0.6773E-01
  0.1654E+02	  0.2919E-14	  0.6836E-01
  0.1659E+02	  0.1970E-14	  0.6898E-01
  0.1664E+02	  0.1325E-14	  0.6961E-01
  0.1668E+02	  0.8889E-15	  0.7022E-01
  0.1673E+02	  0.5944E-15	  0.7084E-01
  0.1678E+02	  0.3962E-15	  0.7145E-01
  0.1683E+02	  0.2633E-15	  0.7205E-01
  0.1687E+02	  0.1745E-15	  0.7265E-01
  0.1692E+02	  0.1152E-15	  0.7325E-01
  0.1697E+02	  0.7591E-16	  0.7383E-01
  0.1702E+02	  0.4986E-16	  0.7440E-01
  0.1707E+02	  0.3265E-16	  0.7496E-01
  0.1711E+02	  0.2133E-16	  0.7550E-01
  0.1716E+02	  0.1389E-16	  0.7605E-01
  0.1721E+02	  0.9026E-17	  0.7660E-01
  0.1726E+02	  0.5848E-17	  0.7714E-01
  0.1730E+02	  0.3779E-17	  0.7767E-01
  0.1735E+02	  0.2435E-17	  0.7821E-01
  0.1740E+02	  0.1565E-17	  0.7874E-01
  0.1745E+02	  0.1003E-17	  0.7928E-01
  0.1750E+02	  0.6413E-18	  0.7981E-01
  0.1754E+02	  0.4089E-18	  0.8035E-01
  0.1759E+02	  0.2600E-18	  0.8089E-01
  0.1764E+02	  0.1649E-18	  0.8142E-01
  0.1769E+02	  0.1043E-18	  0.8195E-01
  0.1773E+02	  0.6582E-19	  0.8247E-01
  0.1778E+02	  0.4142E-19	  0.8300E-01
  0.1783E+02	  0.2599E-19	  0.8353E-01
  0.1788E+02	  0.1627E-19	  0.8405E-01
  0.1792E+02	  0.1016E-19	  0.8457E-01
  0.1797E+02	  0.6331E-20	  0.8507E-01
  0.1802E+02	  0.3935E-20	  0.8555E-01
  0.1807E+02	  0.2441E-20	  0.8601E-01
  0.1812E+02	  0.1511E-20	  0.8647E-01
  0.1816E+02	  0.9328E-21	  0.8693E-01
  0.1821E+02	  0.5748E-21	  0.8739E-01
  0.1826E+02	  0.3534E-21	  0.8785E-01
  0.1831E+02	  0.2169E-21	  0.8831E-01
  0.1835E+02	  0.1328E-21	  0.8877E-01
  0.1840E+02	  0.8116E-22	  0.8922E-01
  0.1845E+02	  0.4950E-22	  0.8968E-01
  0.1850E+02	  0.3012E-22	  0.9014E-01
  0.1855E+02	  0.1830E-22	  0.9060E-01
  0.1859E+02	  0.1109E-22	  0.9106E-01
  0.1864E+02	  0.6706E-23	  0.9152E-01
  0.1869E+02	  0.4048E-23	  0.9198E-01
  0.1874E+02	  0.2438E-23	  0.9243E-01
  0.1878E+02	  0.1466E-23	  0.9289E-01
  0.1883E+02	  0.8793E-24	  0.9334E-01
  0.1888E+02	  0.5264E-24	  0.9378E-01
  0.1893E+02	  0.3145E-24	  0.9422E-01
  0.1898E+02	  0.1876E-24	  0.9465E-01
  0.1902E+02	  0.1117E-24	  0.9506E-01
  0.1907E+02	  0.6635E-25	  0.9546E-01
  0.1912E+02	  0.3935E-25	  0.9585E-01
  0.1917E+02	  0.2330E-25	  0.9625E-01
  0.1921E+02	  0.1377E-25	  0.9664E-01
  0.1926E+02	  0.8125E-26	  0.9702E-01
  0.1931E+02	  0.4785E-26	  0.9741E-01
  0.1936E+02	  0.2813E-26	  0.9780E-01
  0.1940E+02	  0.1651E-26	  0.9818E-01
  0.1945E+02	  0.9674E-27	  0.9856E-01
  0.1950E+02	  0.5658E-27	  0.9894E-01
  0.1955E+02	  0.3303E-27	  0.9932E-01
  0.1960E+02	  0.1925E-27	  0.9970E-01
  0.1964E+02	  0.1120E-27	  0.1001E+00
  0.1969E+02	  0.6506E-28	  0.1004E+00
  0.1974E+02	  0.3772E-28	  0.1008E+00
  0.1979E+02	  0.2183E-28	  0.1012E+00
  0.1983E+02	  0.1262E-28	  0.1016E+00
  0.1988E+02	  0.7278E-29	  0.1019E+00

R21 
------------------------------------------------------------
Electric field / N (Td)                    45.00    
Angular frequency / N (m3/s)              0.1938E-11
Cosine of E-B field angle                  0.000    
Gas temperature (K)                        800.0    
Excitation temperature (K)                 300.0    
Transition energy (eV)                     0.000    
Ionization degree                          0.000    
Plasma density (1/m3)                     0.1000E+19
Ion charge parameter                       1.000    
Ion/neutral mass ratio                     1.000    
Coulomb collision model                    1.000    
Energy sharing                             0.000    
Growth model                               1.000    
Maxwellian mean energy (eV)                0.000    
# of grid points                           500.0    
Grid type                                  1.000    
Maximum energy                             30.00    
Precision                                 0.1000E-29
Convergence                               0.1000E-03
Maximum # of iterations                   0.2000E+05
Mole fraction Ar                           1.000    
------------------------------------------------------------
Mean energy (eV)                           1.327    
Mobility *N (1/m/V/s)                     0.1414E+27
Re/perp mobility *N (1/m/V/s)             0.1953E+22
Im/Hall mobility *N (1/m/V/s)            -0.9073E+23
Diffusion coefficient *N (1/m/s)          0.2755E+26
Energy mobility *N (1/m/V/s)              0.3334E+26
Energy diffusion coef. *N (1/m/s)         0.1198E+26
Total collision freq. /N (m3/s)           0.2059E-13
Momentum frequency /N (m3/s)              0.4171E-13
Total ionization freq. /N (m3/s)          0.3363E-26
Power /N (eV m3/s)                        0.3954E-17
Elastic power loss /N (eV m3/s)           0.2516E-17
Inelastic power loss /N (eV m3/s)         0.1438E-17
Growth power /N (eV m3/s)                 0.4462E-26
Maximum energy                             24.66    
# of iterations                            10.00    
# of grid trials                           2.000    
------------------------------------------------------------
Rate coefficients (m3/s)
C1    Ar    Elastic                       0.2059E-13
C2    Ar    Excitation    11.55 eV        0.4785E-19
C3    Ar    Excitation    11.62 eV        0.3750E-19
C4    Ar    Excitation    11.72 eV        0.6532E-20
C5    Ar    Excitation    11.83 eV        0.3036E-19
C6    Ar    Excitation    12.91 eV        0.5956E-21
C7    Ar    Excitation    13.08 eV        0.1093E-21
C8    Ar    Excitation    13.10 eV        0.7236E-22
C9    Ar    Excitation    13.15 eV        0.3402E-22
C10   Ar    Excitation    13.17 eV        0.5772E-22
C11   Ar    Excitation    13.27 eV        0.1191E-22
C12   Ar    Excitation    13.28 eV        0.2325E-22
C13   Ar    Excitation    13.30 eV        0.1879E-22
C14   Ar    Excitation    13.33 eV        0.2268E-22
C15   Ar    Excitation    13.48 eV        0.2492E-22
C16   Ar    Excitation    13.85 eV        0.6192E-23
C17   Ar    Excitation    13.86 eV        0.2537E-22
C18   Ar    Excitation    13.90 eV        0.1154E-22
C19   Ar    Excitation    13.98 eV        0.1171E-22
C20   Ar    Excitation    14.01 eV        0.3029E-23
C21   Ar    Excitation    14.06 eV        0.2417E-23
C22   Ar    Excitation    14.07 eV        0.2374E-23
C23   Ar    Excitation    14.09 eV        0.5196E-25
C24   Ar    Excitation    14.10 eV        0.2842E-24
C25   Ar    Excitation    14.15 eV        0.1077E-24
C26   Ar    Excitation    14.21 eV        0.1878E-23
C27   Ar    Excitation    14.23 eV        0.1200E-23
C28   Ar    Excitation    14.24 eV        0.2610E-24
C29   Ar    Excitation    14.24 eV        0.2549E-24
C30   Ar    Excitation    14.26 eV        0.9298E-26
C31   Ar    Excitation    14.30 eV        0.5965E-25
C32   Ar    Excitation    14.71 eV        0.1225E-27
C33   Ar    Excitation    14.85 eV        0.4108E-27
C34   Ar    Excitation    14.86 eV        0.1292E-26
C35   Ar    Excitation    15.00 eV        0.2304E-27
C36   Ar    Excitation    15.02 eV        0.2170E-27
C37   Ar    Excitation    15.12 eV        0.2222E-28
C38   Ar    Excitation    15.19 eV        0.1502E-27
C39   Ar    Excitation    15.19 eV        0.1464E-27
C40   Ar    Excitation    15.31 eV        0.1208E-29
C41   Ar    Excitation    15.35 eV        0.6204E-30
C42   Ar    Excitation    15.36 eV        0.8487E-30
C43   Ar    Excitation    15.37 eV        0.1433E-28
C44   Ar    Excitation    15.37 eV        0.3034E-28
C45   Ar    Excitation    15.66 eV        0.2065E-28
C46   Ar    Ionization    15.76 eV        0.3363E-26
------------------------------------------------------------
Energy (eV) EEDF (eV-3/2) Anisotropy
  0.2466E-01	  0.5328E+01	  0.4744E-05
  0.7398E-01	  0.4982E+01	  0.5004E-05
  0.1233E+00	  0.4488E+01	  0.5524E-05
  0.1726E+00	  0.3759E+01	  0.5902E-05
  0.2219E+00	  0.2737E+01	  0.7446E-05
  0.2713E+00	  0.1801E+01	  0.1076E-04
  0.3206E+00	  0.1246E+01	  0.1513E-04
  0.3699E+00	  0.9327E+00	  0.1971E-04
  0.4192E+00	  0.7434E+00	  0.2408E-04
  0.4685E+00	  0.6182E+00	  0.2838E-04
  0.5179E+00	  0.5293E+00	  0.3265E-04
  0.5672E+00	  0.4627E+00	  0.3693E-04
  0.6165E+00	  0.4108E+00	  0.4126E-04
  0.6658E+00	  0.3690E+00	  0.4570E-04
  0.7151E+00	  0.3345E+00	  0.5023E-04
  0.7645E+00	  0.3055E+00	  0.5485E-04
  0.8138E+00	  0.2807E+00	  0.5953E-04
  0.8631E+00	  0.2594E+00	  0.6431E-04
  0.9124E+00	  0.2408E+00	  0.6918E-04
  0.9617E+00	  0.2244E+00	  0.7414E-04
  0.1011E+01	  0.2100E+00	  0.7900E-04
  0.1060E+01	  0.1970E+00	  0.8366E-04
  0.1110E+01	  0.1852E+00	  0.8829E-04
  0.1159E+01	  0.1745E+00	  0.9295E-04
  0.1208E+01	  0.1648E+00	  0.9763E-04
  0.1258E+01	  0.1558E+00	  0.1023E-03
  0.1307E+01	  0.1476E+00	  0.1070E-03
  0.1356E+01	  0.1401E+00	  0.1117E-03
  0.1406E+01	  0.1331E+00	  0.1165E-03
  0.1455E+01	  0.1267E+00	  0.1213E-03
  0.1504E+01	  0.1207E+00	  0.1263E-03
  0.1554E+01	  0.1151E+00	  0.1314E-03
  0.1603E+01	  0.1100E+00	  0.1366E-03
  0.1652E+01	  0.1051E+00	  0.1418E-03
  0.1702E+01	  0.1006E+00	  0.1471E-03
  0.1751E+01	  0.9640E-01	  0.1523E-03
  0.1800E+01	  0.9242E-01	  0.1576E-03
  0.1850E+01	  0.8868E-01	  0.1630E-03
  0.1899E+01	  0.8514E-01	  0.1685E-03
  0.1948E+01	  0.8180E-01	  0.1742E-03
  0.1997E+01	  0.7865E-01	  0.1800E-03
  0.2047E+01	  0.7566E-01	  0.1861E-03
  0.2096E+01	  0.7283E-01	  0.1925E-03
  0.2145E+01	  0.7014E-01	  0.1991E-03
  0.2195E+01	  0.6759E-01	  0.2057E-03
  0.2244E+01	  0.6517E-01	  0.2125E-03
  0.2293E+01	  0.6286E-01	  0.2194E-03
  0.2343E+01	  0.6067E-01	  0.2265E-03
  0.2392E+01	  0.5857E-01	  0.2337E-03
  0.2441E+01	  0.5657E-01	  0.2411E-03
  0.2491E+01	  0.5466E-01	  0.2486E-03
  0.2540E+01	  0.5283E-01	  0.2564E-03
  0.2589E+01	  0.5108E-01	  0.2643E-03
  0.2639E+01	  0.4941E-01	  0.2725E-03
  0.2688E+01	  0.4780E-01	  0.2808E-03
  0.2737E+01	  0.4626E-01	  0.2892E-03
  0.2787E+01	  0.4479E-01	  0.2978E-03
  0.2836E+01	  0.4337E-01	  0.3065E-03
  0.2885E+01	  0.4201E-01	  0.3155E-03
  0.2935E+01	  0.4070E-01	  0.3245E-03
  0.2984E+01	  0.3943E-01	  0.3337E-03
  0.3033E+01	  0.3822E-01	  0.3431E-03
  0.3083E+01	  0.3705E-01	  0.3525E-03
  0.3132E+01	  0.3593E-01	  0.3622E-03
  0.3181E+01	  0.3484E-01	  0.3719E-03
  0.3230E+01	  0.3379E-01	  0.3819E-03
  0.3280E+01	  0.3278E-01	  0.3920E-03
  0.3329E+01	  0.3180E-01	  0.4023E-03
  0.3378E+01	  0.3086E-01	  0.4127E-03
  0.3428E+01	  0.2995E-01	  0.4234E-03
  0.3477E+01	  0.2907E-01	  0.4341E-03
  0.3526E+01	  0.2822E-01	  0.4451E-03
  0.3576E+01	  0.2740E-01	  0.4562E-03
  0.3625E+01	  0.2660E-01	  0.4675E-03
  0.3674E+01	  0.2584E-01	  0.4790E-03
  0.3724E+01	  0.2509E-01	  0.4907E-03
  0.3773E+01	  0.2437E-01	  0.5025E-03
  0.3822E+01	  0.2367E-01	  0.5145E-03
  0.3872E+01	  0.2300E-01	  0.5267E-03
  0.3921E+01	  0.2234E-01	  0.5390E-03
  0.3970E+01	  0.2171E-01	  0.5517E-03
  0.4020E+01	  0.2109E-01	  0.5651E-03
  0.4069E+01	  0.2050E-01	  0.5793E-03
  0.4118E+01	  0.1992E-01	  0.5937E-03
  0.4168E+01	  0.1936E-01	  0.6085E-03
  0.4217E+01	  0.1882E-01	  0.6235E-03
  0.4266E+01	  0.1829E-01	  0.6387E-03
  0.4316E+01	  0.1778E-01	  0.6541E-03
  0.4365E+01	  0.1729E-01	  0.6697E-03
  0.4414E+01	  0.1681E-01	  0.6856E-03
  0.4463E+01	  0.1635E-01	  0.7017E-03
  0.4513E+01	  0.1589E-01	  0.7180E-03
  0.4562E+01	  0.1546E-01	  0.7346E-03
  0.4611E+01	  0.1503E-01	  0.7514E-03
  0.4661E+01	  0.1462E-01	  0.7684E-03
  0.4710E+01	  0.1422E-01	  0.7856E-03
  0.4759E+01	  0.1383E-01	  0.8031E-03
  0.4809E+01	  0.1345E-01	  0.8208E-03
  0.4858E+01	  0.1309E-01	  0.8388E-03
  0.4907E+01	  0.1273E-01	  0.8570E-03
  0.4957E+01	  0.1238E-01	  0.8755E-03
  0.5006E+01	  0.1205E-01	  0.8943E-03
  0.5055E+01	  0.1172E-01	  0.9136E-03
  0.5105E+01	  0.1140E-01	  0.9332E-03
  0.5154E+01	  0.1109E-01	  0.9531E-03
  0.5203E+01	  0.1079E-01	  0.9733E-03
  0.5253E+01	  0.1050E-01	  0.9937E-03
  0.5302E+01	  0.1022E-01	  0.1014E-02
  0.5351E+01	  0.9941E-02	  0.1035E-02
  0.5401E+01	  0.9673E-02	  0.1057E-02
  0.5450E+01	  0.9412E-02	  0.1078E-02
  0.5499E+01	  0.9158E-02	  0.1100E-02
  0.5549E+01	  0.8912E-02	  0.1122E-02
  0.5598E+01	  0.8671E-02	  0.1144E-02
  0.5647E+01	  0.8438E-02	  0.1167E-02
  0.5696E+01	  0.8211E-02	  0.1190E-02
  0.5746E+01	  0.7990E-02	  0.1213E-02
  0.5795E+01	  0.7775E-02	  0.1236E-02
  0.5844E+01	  0.7565E-02	  0.1260E-02
  0.5894E+01	  0.7362E-02	  0.1284E-02
  0.5943E+01	  0.7163E-02	  0.1309E-02
  0.5992E+01	  0.6970E-02	  0.1333E-02
  0.6042E+01	  0.6783E-02	  0.1358E-02
  0.6091E+01	  0.6600E-02	  0.1383E-02
  0.6140E+01	  0.6422E-02	  0.1408E-02
  0.6190E+01	  0.6248E-02	  0.1434E-02
  0.6239E+01	  0.6080E-02	  0.1459E-02
  0.6288E+01	  0.5915E-02	  0.1485E-02
  0.6338E+01	  0.5755E-02	  0.1512E-02
  0.6387E+01	  0.5600E-02	  0.1539E-02
  0.6436E+01	  0.5448E-02	  0.1566E-02
  0.6486E+01	  0.5300E-02	  0.1593E-02
  0.6535E+01	  0.5156E-02	  0.1621E-02
  0.6584E+01	  0.5016E-02	  0.1649E-02
  0.6634E+01	  0.4880E-02	  0.1678E-02
  0.6683E+01	  0.4747E-02	  0.1706E-02
  0.6732E+01	  0.4618E-02	  0.1736E-02
  0.6782E+01	  0.4492E-02	  0.1765E-02
  0.6831E+01	  0.4369E-02	  0.1795E-02
  0.6880E+01	  0.4249E-02	  0.1826E-02
  0.6929E+01	  0.4133E-02	  0.1856E-02
  0.6979E+01	  0.4019E-02	  0.1887E-02
  0.7028E+01	  0.3909E-02	  0.1918E-02
  0.7077E+01	  0.3801E-02	  0.1948E-02
  0.7127E+01	  0.3696E-02	  0.1979E-02
  0.7176E+01	  0.3594E-02	  0.2010E-02
  0.7225E+01	  0.3494E-02	  0.2042E-02
  0.7275E+01	  0.3397E-02	  0.2074E-02
  0.7324E+01	  0.3303E-02	  0.2106E-02
  0.7373E+01	  0.3210E-02	  0.2139E-02
  0.7423E+01	  0.3121E-02	  0.2172E-02
  0.7472E+01	  0.3033E-02	  0.2206E-02
  0.7521E+01	  0.2948E-02	  0.2240E-02
  0.7571E+01	  0.2865E-02	  0.2275E-02
  0.7620E+01	  0.2784E-02	  0.2310E-02
  0.7669E+01	  0.2705E-02	  0.2346E-02
  0.7719E+01	  0.2628E-02	  0.2382E-02
  0.7768E+01	  0.2553E-02	  0.2419E-02
  0.7817E+01	  0.2480E-02	  0.2457E-02
  0.7867E+01	  0.2409E-02	  0.2495E-02
  0.7916E+01	  0.2340E-02	  0.2533E-02
  0.7965E+01	  0.2272E-02	  0.2573E-02
  0.8015E+01	  0.2206E-02	  0.2612E-02
  0.8064E+01	  0.2142E-02	  0.2653E-02
  0.8113E+01	  0.2080E-02	  0.2694E-02
  0.8162E+01	  0.2019E-02	  0.2736E-02
  0.8212E+01	  0.1959E-02	  0.2779E-02
  0.8261E+01	  0.1902E-02	  0.2822E-02
  0.8310E+01	  0.1845E-02	  0.2866E-02
  0.8360E+01	  0.1790E-02	  0.2911E-02
  0.8409E+01	  0.1737E-02	  0.2957E-02
  0.8458E+01	  0.1685E-02	  0.3004E-02
  0.8508E+01	  0.1634E-02	  0.3051E-02
  0.8557E+01	  0.1585E-02	  0.3099E-02
  0.8606E+01	  0.1537E-02	  0.3149E-02
  0.8656E+01	  0.1490E-02	  0.3199E-02
  0.8705E+01	  0.1444E-02	  0.3250E-02
  0.8754E+01	  0.1400E-02	  0.3303E-02
  0.8804E+01	  0.1356E-02	  0.3356E-02
  0.8853E+01	  0.1314E-02	  0.3410E-02
  0.8902E+01	  0.1273E-02	  0.3466E-02
  0.8952E+01	  0.1233E-02	  0.3523E-02
  0.9001E+01	  0.1194E-02	  0.3580E-02
  0.9050E+01	  0.1156E-02	  0.3639E-02
  0.9100E+01	  0.1119E-02	  0.3699E-02
  0.9149E+01	  0.1083E-02	  0.3761E-02
  0.9198E+01	  0.1048E-02	  0.3824E-02
  0.9248E+01	  0.1014E-02	  0.3888E-02
  0.9297E+01	  0.9803E-03	  0.3954E-02
  0.9346E+01	  0.9479E-03	  0.4022E-02
  0.9395E+01	  0.9163E-03	  0.4091E-02
  0.9445E+01	  0.8855E-03	  0.4163E-02
  0.9494E+01	  0.8556E-03	  0.4236E-02
  0.9543E+01	  0.8264E-03	  0.4311E-02
  0.9593E+01	  0.7981E-03	  0.4389E-02
  0.9642E+01	  0.7704E-03	  0.4469E-02
  0.9691E+01	  0.7435E-03	  0.4550E-02
  0.9741E+01	  0.7173E-03	  0.4635E-02
  0.9790E+01	  0.6918E-03	  0.4721E-02
  0.9839E+01	  0.6670E-03	  0.4811E-02
  0.9889E+01	  0.6428E-03	  0.4903E-02
  0.9938E+01	  0.6193E-03	  0.4999E-02
  0.9987E+01	  0.5964E-03	  0.5098E-02
  0.1004E+02	  0.5741E-03	  0.5198E-02
  0.1009E+02	  0.5524E-03	  0.5298E-02
  0.1014E+02	  0.5313E-03	  0.5402E-02
  0.1018E+02	  0.5107E-03	  0.5509E-02
  0.1023E+02	  0.4907E-03	  0.5621E-02
  0.1028E+02	  0.4711E-03	  0.5739E-02
  0.1033E+02	  0.4521E-03	  0.5861E-02
  0.1038E+02	  0.4336E-03	  0.5989E-02
  0.1043E+02	  0.4155E-03	  0.6124E-02
  0.1048E+02	  0.3980E-03	  0.6266E-02
  0.1053E+02	  0.3809E-03	  0.6414E-02
  0.1058E+02	  0.3642E-03	  0.6571E-02
  0.1063E+02	  0.3480E-03	  0.6734E-02
  0.1068E+02	  0.3322E-03	  0.6902E-02
  0.1073E+02	  0.3168E-03	  0.7081E-02
  0.1078E+02	  0.3018E-03	  0.7271E-02
  0.1083E+02	  0.2872E-03	  0.7474E-02
  0.1088E+02	  0.2730E-03	  0.7692E-02
  0.1092E+02	  0.2591E-03	  0.7926E-02
  0.1097E+02	  0.2456E-03	  0.8177E-02
  0.1102E+02	  0.2324E-03	  0.8449E-02
  0.1107E+02	  0.2196E-03	  0.8743E-02
  0.1112E+02	  0.2071E-03	  0.9063E-02
  0.1117E+02	  0.1949E-03	  0.9412E-02
  0.1122E+02	  0.1831E-03	  0.9795E-02
  0.1127E+02	  0.1715E-03	  0.1022E-01
  0.1132E+02	  0.1603E-03	  0.1068E-01
  0.1137E+02	  0.1494E-03	  0.1121E-01
  0.1142E+02	  0.1387E-03	  0.1179E-01
  0.1147E+02	  0.1284E-03	  0.1245E-01
  0.1152E+02	  0.1183E-03	  0.1320E-01
  0.1157E+02	  0.1085E-03	  0.1402E-01
  0.1161E+02	  0.9897E-04	  0.1481E-01
  0.1166E+02	  0.8993E-04	  0.1537E-01
  0.1171E+02	  0.8155E-04	  0.1580E-01
  0.1176E+02	  0.7376E-04	  0.1630E-01
  0.1181E+02	  0.6651E-04	  0.1680E-01
  0.1186E+02	  0.5983E-04	  0.1703E-01
  0.1191E+02	  0.5386E-04	  0.1713E-01
  0.1196E+02	  0.4842E-04	  0.1749E-01
  0.1201E+02	  0.4342E-04	  0.1796E-01
  0.1206E+02	  0.3884E-04	  0.1849E-01
  0.1211E+02	  0.3463E-04	  0.1906E-01
  0.1216E+02	  0.3079E-04	  0.1965E-01
  0.1221E+02	  0.2728E-04	  0.2026E-01
  0.1226E+02	  0.2409E-04	  0.2085E-01
  0.1231E+02	  0.2122E-04	  0.2141E-01
  0.1235E+02	  0.1863E-04	  0.2195E-01
  0.1240E+02	  0.1632E-04	  0.2247E-01
  0.1245E+02	  0.1425E-04	  0.2297E-01
  0.1250E+02	  0.1242E-04	  0.2342E-01
  0.1255E+02	  0.1081E-04	  0.2381E-01
  0.1260E+02	  0.9384E-05	  0.2411E-01
  0.1265E+02	  0.8140E-05	  0.2434E-01
  0.1270E+02	  0.7054E-05	  0.2451E-01
  0.1275E+02	  0.6111E-05	  0.2463E-01
  0.1280E+02	  0.5292E-05	  0.2471E-01
  0.1285E+02	  0.4582E-05	  0.2481E-01
  0.1290E+02	  0.3965E-05	  0.2500E-01
  0.1295E+02	  0.3427E-05	  0.2530E-01
  0.1300E+02	  0.2956E-05	  0.2564E-01
  0.1305E+02	  0.2547E-05	  0.2537E-01
  0.1309E+02	  0.2208E-05	  0.2461E-01
  0.1314E+02	  0.1918E-05	  0.2448E-01
  0.1319E+02	  0.1665E-05	  0.2451E-01
  0.1324E+02	  0.1447E-05	  0.2444E-01
  0.1329E+02	  0.1257E-05	  0.2466E-01
  0.1334E+02	  0.1089E-05	  0.2516E-01
  0.1339E+02	  0.9411E-06	  0.2582E-01
  0.1344E+02	  0.8100E-06	  0.2650E-01
  0.1349E+02	  0.6948E-06	  0.2710E-01
  0.1354E+02	  0.5942E-06	  0.2767E-01
  0.1359E+02	  0.5065E-06	  0.2828E-01
  0.1364E+02	  0.4304E-06	  0.2889E-01
  0.1369E+02	  0.3646E-06	  0.2952E-01
  0.1374E+02	  0.3078E-06	  0.3017E-01
  0.1378E+02	  0.2589E-06	  0.3087E-01
  0.1383E+02	  0.2169E-06	  0.3161E-01
  0.1388E+02	  0.1810E-06	  0.3239E-01
  0.1393E+02	  0.1505E-06	  0.3320E-01
  0.1398E+02	  0.1245E-06	  0.3401E-01
  0.1403E+02	  0.1026E-06	  0.3482E-01
  0.1408E+02	  0.8419E-07	  0.3563E-01
  0.1413E+02	  0.6879E-07	  0.3644E-01
  0.1418E+02	  0.5597E-07	  0.3725E-01
  0.1423E+02	  0.4535E-07	  0.3807E-01
  0.1428E+02	  0.3658E-07	  0.3889E-01
  0.1433E+02	  0.2939E-07	  0.3969E-01
  0.1438E+02	  0.2352E-07	  0.4049E-01
  0.1443E+02	  0.1874E-07	  0.4127E-01
  0.1448E+02	  0.1487E-07	  0.4204E-01
  0.1452E+02	  0.1176E-07	  0.4280E-01
  0.1457E+02	  0.9261E-08	  0.4355E-01
  0.1462E+02	  0.7267E-08	  0.4428E-01
  0.1467E+02	  0.5681E-08	  0.4501E-01
  0.1472E+02	  0.4426E-08	  0.4572E-01
  0.1477E+02	  0.3435E-08	  0.4642E-01
  0.1482E+02	  0.2657E-08	  0.4711E-01
  0.1487E+02	  0.2049E-08	  0.4778E-01
  0.1492E+02	  0.1574E-08	  0.4841E-01
  0.1497E+02	  0.1206E-08	  0.4901E-01
  0.1502E+02	  0.9215E-09	  0.4955E-01
  0.1507E+02	  0.7023E-09	  0.5007E-01
  0.1512E+02	  0.5339E-09	  0.5057E-01
  0.1517E+02	  0.4049E-09	  0.5108E-01
  0.1522E+02	  0.3063E-09	  0.5158E-01
  0.1526E+02	  0.2312E-09	  0.5208E-01
  0.1531E+02	  0.1740E-09	  0.5257E-01
  0.1536E+02	  0.1307E-09	  0.5307E-01
  0.1541E+02	  0.9792E-10	  0.5356E-01
  0.1546E+02	  0.7318E-10	  0.5406E-01
  0.1551E+02	  0.5457E-10	  0.5455E-01
  0.1556E+02	  0.4059E-10	  0.5506E-01
  0.1561E+02	  0.3011E-10	  0.5558E-01
  0.1566E+02	  0.2228E-10	  0.5613E-01
  0.1571E+02	  0.1644E-10	  0.5674E-01
  0.1576E+02	  0.1209E-10	  0.5745E-01
  0.1581E+02	  0.8859E-11	  0.5825E-01
  0.1586E+02	  0.6465E-11	  0.5904E-01
  0.1591E+02	  0.4701E-11	  0.5982E-01
  0.1596E+02	  0.3405E-11	  0.6057E-01
  0.1600E+02	  0.2458E-11	  0.6127E-01
  0.1605E+02	  0.1769E-11	  0.6194E-01
  0.1610E+02	  0.1269E-11	  0.6259E-01
  0.1615E+02	  0.9077E-12	  0.6324E-01
  0.1620E+02	  0.6471E-12	  0.6388E-01
  0.1625E+02	  0.4600E-12	  0.6453E-01
  0.1630E+02	  0.3260E-12	  0.6516E-01
  0.1635E+02	  0.2303E-12	  0.6580E-01
  0.1640E+02	  0.1622E-12	  0.6643E-01
  0.1645E+02	  0.1140E-12	  0.6707E-01
  0.1650E+02	  0.7979E-13	  0.6770E-01
  0.1655E+02	  0.5570E-13	  0.6835E-01
  0.1660E+02	  0.3877E-13	  0.6899E-01
  0.1665E+02	  0.2691E-13	  0.6962E-01
  0.1669E+02	  0.1862E-13	  0.7026E-01
  0.1674E+02	  0.1284E-13	  0.7089E-01
  0.1679E+02	  0.8834E-14	  0.7151E-01
  0.1684E+02	  0.6059E-14	  0.7213E-01
  0.1689E+02	  0.4144E-14	  0.7274E-01
  0.1694E+02	  0.2826E-14	  0.7334E-01
  0.1699E+02	  0.1922E-14	  0.7393E-01
  0.1704E+02	  0.1304E-14	  0.7451E-01
  0.1709E+02	  0.8820E-15	  0.7507E-01
  0.1714E+02	  0.5952E-15	  0.7563E-01
  0.1719E+02	  0.4006E-15	  0.7619E-01
  0.1724E+02	  0.2689E-15	  0.7674E-01
  0.1729E+02	  0.1801E-15	  0.7730E-01
  0.1734E+02	  0.1203E-15	  0.7785E-01
  0.1739E+02	  0.8011E-16	  0.7839E-01
  0.1743E+02	  0.5323E-16	  0.7894E-01
  0.1748E+02	  0.3528E-16	  0.7949E-01
  0.1753E+02	  0.2333E-16	  0.8004E-01
  0.1758E+02	  0.1538E-16	  0.8058E-01
  0.1763E+02	  0.1012E-16	  0.8113E-01
  0.1768E+02	  0.6640E-17	  0.8167E-01
  0.1773E+02	  0.4346E-17	  0.8221E-01
  0.1778E+02	  0.2837E-17	  0.8275E-01
  0.1783E+02	  0.1848E-17	  0.8329E-01
  0.1788E+02	  0.1201E-17	  0.8382E-01
  0.1793E+02	  0.7782E-18	  0.8435E-01
  0.1798E+02	  0.5033E-18	  0.8485E-01
  0.1803E+02	  0.3248E-18	  0.8534E-01
  0.1808E+02	  0.2092E-18	  0.8581E-01
  0.1813E+02	  0.1344E-18	  0.8628E-01
  0.1817E+02	  0.8620E-19	  0.8675E-01
  0.1822E+02	  0.5517E-19	  0.8722E-01
  0.1827E+02	  0.3524E-19	  0.8769E-01
  0.1832E+02	  0.2246E-19	  0.8816E-01
  0.1837E+02	  0.1429E-19	  0.8863E-01
  0.1842E+02	  0.9076E-20	  0.8909E-01
  0.1847E+02	  0.5752E-20	  0.8956E-01
  0.1852E+02	  0.3638E-20	  0.9003E-01
  0.1857E+02	  0.2296E-20	  0.9050E-01
  0.1862E+02	  0.1447E-20	  0.9097E-01
  0.1867E+02	  0.9096E-21	  0.9143E-01
  0.1872E+02	  0.5708E-21	  0.9190E-01
  0.1877E+02	  0.3575E-21	  0.9237E-01
  0.1882E+02	  0.2235E-21	  0.9283E-01
  0.1886E+02	  0.1394E-21	  0.9328E-01
  0.1891E+02	  0.8682E-22	  0.9373E-01
  0.1896E+02	  0.5396E-22	  0.9417E-01
  0.1901E+02	  0.3348E-22	  0.9459E-01
  0.1906E+02	  0.2074E-22	  0.9500E-01
  0.1911E+02	  0.1282E-22	  0.9540E-01
  0.1916E+02	  0.7916E-23	  0.9580E-01
  0.1921E+02	  0.4878E-23	  0.9620E-01
  0.1926E+02	  0.3001E-23	  0.9660E-01
  0.1931E+02	  0.1843E-23	  0.9699E-01
  0.1936E+02	  0.1130E-23	  0.9738E-01
  0.1941E+02	  0.6919E-24	  0.9777E-01
  0.1946E+02	  0.4228E-24	  0.9816E-01
  0.1951E+02	  0.2580E-24	  0.9855E-01
  0.1956E+02	  0.1571E-24	  0.9893E-01
  0.1960E+02	  0.9555E-25	  0.9932E-01
  0.1965E+02	  0.5801E-25	  0.9970E-01
  0.1970E+02	  0.3516E-25	  0.1001E+00
  0.1975E+02	  0.2127E-25	  0.1005E+00
  0.1980E+02	  0.1285E-25	  0.1008E+00
  0.1985E+02	  0.7751E-26	  0.1012E+00
  0.1990E+02	  0.4666E-26	  0.1016E+00
  0.1995E+02	  0.2805E-26	  0.1021E+00
  0.2000E+02	  0.1684E-26	  0.1025E+00
  0.2005E+02	  0.1010E-26	  0.1029E+00
  0.2010E+02	  0.6046E-27	  0.1033E+00
  0.2015E+02	  0.3616E-27	  0.1037E+00
  0.2020E+02	  0.2160E-27	  0.1041E+00
  0.2025E+02	  0.1288E-27	  0.1045E+00
  0.2030E+02	  0.7676E-28	  0.1049E+00
  0.2034E+02	  0.4568E-28	  0.1053E+00
  0.2039E+02	  0.2715E-28	  0.1057E+00
  0.2044E+02	  0.1611E-28	  0.1061E+00
  0.2049E+02	  0.9554E-29	  0.1064E+00
  0.2054E+02	  0.5659E-29	  0.1068E+00

R22 
------------------------------------------------------------
Electric field / N (Td)                    50.00    
Angular frequency / N (m3/s)              0.1938E-11
Cosine of E-B field angle                  0.000    
Gas temperature (K)                        800.0    
Excitation temperature (K)                 300.0    
Transition energy (eV)                     0.000    
Ionization degree                          0.000    
Plasma density (1/m3)                     0.1000E+19
Ion charge parameter                       1.000    
Ion/neutral mass ratio                     1.000    
Coulomb collision model                    1.000    
Energy sharing                             0.000    
Growth model                               1.000    
Maxwellian mean energy (eV)                0.000    
# of grid points                           500.0    
Grid type                                  1.000    
Maximum energy                             30.00    
Precision                                 0.1000E-29
Convergence                               0.1000E-03
Maximum # of iterations                   0.2000E+05
Mole fraction Ar                           1.000    
------------------------------------------------------------
Mean energy (eV)                           1.250    
Mobility *N (1/m/V/s)                     0.1520E+27
Re/perp mobility *N (1/m/V/s)             0.1835E+22
Im/Hall mobility *N (1/m/V/s)            -0.9080E+23
Diffusion coefficient *N (1/m/s)          0.2870E+26
Energy mobility *N (1/m/V/s)              0.3750E+26
Energy diffusion coef. *N (1/m/s)         0.1240E+26
Total collision freq. /N (m3/s)           0.1946E-13
Momentum frequency /N (m3/s)              0.3921E-13
Total ionization freq. /N (m3/s)          0.2521E-25
Power /N (eV m3/s)                        0.4588E-17
Elastic power loss /N (eV m3/s)           0.2448E-17
Inelastic power loss /N (eV m3/s)         0.2140E-17
Growth power /N (eV m3/s)                 0.3152E-25
Maximum energy                             30.00    
# of iterations                            5.000    
# of grid trials                           1.000    
------------------------------------------------------------
Rate coefficients (m3/s)
C1    Ar    Elastic                       0.1946E-13
C2    Ar    Excitation    11.55 eV        0.7018E-19
C3    Ar    Excitation    11.62 eV        0.5471E-19
C4    Ar    Excitation    11.72 eV        0.9748E-20
C5    Ar    Excitation    11.83 eV        0.4652E-19
C6    Ar    Excitation    12.91 eV        0.1143E-20
C7    Ar    Excitation    13.08 eV        0.2443E-21
C8    Ar    Excitation    13.10 eV        0.1626E-21
C9    Ar    Excitation    13.15 eV        0.7798E-22
C10   Ar    Excitation    13.17 eV        0.1323E-21
C11   Ar    Excitation    13.27 eV        0.2826E-22
C12   Ar    Excitation    13.28 eV        0.5531E-22
C13   Ar    Excitation    13.30 eV        0.4468E-22
C14   Ar    Excitation    13.33 eV        0.5415E-22
C15   Ar    Excitation    13.48 eV        0.6265E-22
C16   Ar    Excitation    13.85 eV        0.1738E-22
C17   Ar    Excitation    13.86 eV        0.7209E-22
C18   Ar    Excitation    13.90 eV        0.3337E-22
C19   Ar    Excitation    13.98 eV        0.3486E-22
C20   Ar    Excitation    14.01 eV        0.9144E-23
C21   Ar    Excitation    14.06 eV        0.7445E-23
C22   Ar    Excitation    14.07 eV        0.7328E-23
C23   Ar    Excitation    14.09 eV        0.1757E-24
C24   Ar    Excitation    14.10 eV        0.8899E-24
C25   Ar    Excitation    14.15 eV        0.3742E-24
C26   Ar    Excitation    14.21 eV        0.6164E-23
C27   Ar    Excitation    14.23 eV        0.3967E-23
C28   Ar    Excitation    14.24 eV        0.8654E-24
C29   Ar    Excitation    14.24 eV        0.8450E-24
C30   Ar    Excitation    14.26 eV        0.3382E-25
C31   Ar    Excitation    14.30 eV        0.2218E-24
C32   Ar    Excitation    14.71 eV        0.5557E-27
C33   Ar    Excitation    14.85 eV        0.2001E-26
C34   Ar    Excitation    14.86 eV        0.6332E-26
C35   Ar    Excitation    15.00 eV        0.1220E-26
C36   Ar    Excitation    15.02 eV        0.1160E-26
C37   Ar    Excitation    15.12 eV        0.1252E-27
C38   Ar    Excitation    15.19 eV        0.8789E-27
C39   Ar    Excitation    15.19 eV        0.8588E-27
C40   Ar    Excitation    15.31 eV        0.7568E-29
C41   Ar    Excitation    15.35 eV        0.3985E-29
C42   Ar    Excitation    15.36 eV        0.5480E-29
C43   Ar    Excitation    15.37 eV        0.9287E-28
C44   Ar    Excitation    15.37 eV        0.1975E-27
C45   Ar    Excitation    15.66 eV        0.1594E-27
C46   Ar    Ionization    15.76 eV        0.2521E-25
------------------------------------------------------------
Energy (eV) EEDF (eV-3/2) Anisotropy
  0.3000E-01	  0.5640E+01	  0.5284E-05
  0.9000E-01	  0.5174E+01	  0.5599E-05
  0.1500E+00	  0.4438E+01	  0.6229E-05
  0.2100E+00	  0.3228E+01	  0.7725E-05
  0.2700E+00	  0.1936E+01	  0.1213E-04
  0.3300E+00	  0.1237E+01	  0.1832E-04
  0.3900E+00	  0.8844E+00	  0.2479E-04
  0.4500E+00	  0.6849E+00	  0.3102E-04
  0.5100E+00	  0.5576E+00	  0.3722E-04
  0.5700E+00	  0.4692E+00	  0.4346E-04
  0.6300E+00	  0.4040E+00	  0.4985E-04
  0.6900E+00	  0.3536E+00	  0.5646E-04
  0.7500E+00	  0.3133E+00	  0.6326E-04
  0.8100E+00	  0.2804E+00	  0.7022E-04
  0.8700E+00	  0.2531E+00	  0.7733E-04
  0.9300E+00	  0.2300E+00	  0.8460E-04
  0.9900E+00	  0.2103E+00	  0.9189E-04
  0.1050E+01	  0.1932E+00	  0.9899E-04
  0.1110E+01	  0.1782E+00	  0.1060E-03
  0.1170E+01	  0.1648E+00	  0.1130E-03
  0.1230E+01	  0.1529E+00	  0.1200E-03
  0.1290E+01	  0.1423E+00	  0.1270E-03
  0.1350E+01	  0.1327E+00	  0.1339E-03
  0.1410E+01	  0.1241E+00	  0.1408E-03
  0.1470E+01	  0.1162E+00	  0.1478E-03
  0.1530E+01	  0.1091E+00	  0.1550E-03
  0.1590E+01	  0.1027E+00	  0.1623E-03
  0.1650E+01	  0.9679E-01	  0.1695E-03
  0.1710E+01	  0.9140E-01	  0.1767E-03
  0.1770E+01	  0.8644E-01	  0.1839E-03
  0.1830E+01	  0.8186E-01	  0.1912E-03
  0.1890E+01	  0.7763E-01	  0.1987E-03
  0.1950E+01	  0.7370E-01	  0.2063E-03
  0.2010E+01	  0.7005E-01	  0.2142E-03
  0.2070E+01	  0.6665E-01	  0.2224E-03
  0.2130E+01	  0.6349E-01	  0.2309E-03
  0.2190E+01	  0.6054E-01	  0.2396E-03
  0.2250E+01	  0.5779E-01	  0.2484E-03
  0.2310E+01	  0.5521E-01	  0.2574E-03
  0.2370E+01	  0.5278E-01	  0.2666E-03
  0.2430E+01	  0.5051E-01	  0.2760E-03
  0.2490E+01	  0.4836E-01	  0.2856E-03
  0.2550E+01	  0.4634E-01	  0.2955E-03
  0.2610E+01	  0.4443E-01	  0.3057E-03
  0.2670E+01	  0.4263E-01	  0.3161E-03
  0.2730E+01	  0.4093E-01	  0.3266E-03
  0.2790E+01	  0.3931E-01	  0.3374E-03
  0.2850E+01	  0.3778E-01	  0.3484E-03
  0.2910E+01	  0.3633E-01	  0.3597E-03
  0.2970E+01	  0.3495E-01	  0.3711E-03
  0.3030E+01	  0.3363E-01	  0.3827E-03
  0.3090E+01	  0.3238E-01	  0.3945E-03
  0.3150E+01	  0.3119E-01	  0.4065E-03
  0.3210E+01	  0.3005E-01	  0.4188E-03
  0.3270E+01	  0.2896E-01	  0.4313E-03
  0.3330E+01	  0.2792E-01	  0.4440E-03
  0.3390E+01	  0.2693E-01	  0.4570E-03
  0.3450E+01	  0.2597E-01	  0.4702E-03
  0.3510E+01	  0.2506E-01	  0.4837E-03
  0.3570E+01	  0.2419E-01	  0.4974E-03
  0.3630E+01	  0.2335E-01	  0.5114E-03
  0.3690E+01	  0.2255E-01	  0.5256E-03
  0.3750E+01	  0.2178E-01	  0.5401E-03
  0.3810E+01	  0.2104E-01	  0.5548E-03
  0.3870E+01	  0.2033E-01	  0.5698E-03
  0.3930E+01	  0.1964E-01	  0.5851E-03
  0.3990E+01	  0.1899E-01	  0.6010E-03
  0.4050E+01	  0.1835E-01	  0.6179E-03
  0.4110E+01	  0.1775E-01	  0.6354E-03
  0.4170E+01	  0.1716E-01	  0.6534E-03
  0.4230E+01	  0.1660E-01	  0.6717E-03
  0.4290E+01	  0.1606E-01	  0.6903E-03
  0.4350E+01	  0.1554E-01	  0.7093E-03
  0.4410E+01	  0.1504E-01	  0.7285E-03
  0.4470E+01	  0.1455E-01	  0.7481E-03
  0.4530E+01	  0.1409E-01	  0.7681E-03
  0.4590E+01	  0.1364E-01	  0.7883E-03
  0.4650E+01	  0.1321E-01	  0.8089E-03
  0.4710E+01	  0.1279E-01	  0.8299E-03
  0.4770E+01	  0.1239E-01	  0.8511E-03
  0.4830E+01	  0.1200E-01	  0.8728E-03
  0.4890E+01	  0.1162E-01	  0.8948E-03
  0.4950E+01	  0.1126E-01	  0.9172E-03
  0.5010E+01	  0.1091E-01	  0.9401E-03
  0.5070E+01	  0.1057E-01	  0.9635E-03
  0.5130E+01	  0.1024E-01	  0.9874E-03
  0.5190E+01	  0.9922E-02	  0.1012E-02
  0.5250E+01	  0.9616E-02	  0.1037E-02
  0.5310E+01	  0.9320E-02	  0.1062E-02
  0.5370E+01	  0.9033E-02	  0.1087E-02
  0.5430E+01	  0.8756E-02	  0.1113E-02
  0.5490E+01	  0.8487E-02	  0.1139E-02
  0.5550E+01	  0.8227E-02	  0.1166E-02
  0.5610E+01	  0.7976E-02	  0.1193E-02
  0.5670E+01	  0.7732E-02	  0.1221E-02
  0.5730E+01	  0.7497E-02	  0.1249E-02
  0.5790E+01	  0.7268E-02	  0.1277E-02
  0.5850E+01	  0.7047E-02	  0.1306E-02
  0.5910E+01	  0.6832E-02	  0.1336E-02
  0.5970E+01	  0.6625E-02	  0.1365E-02
  0.6030E+01	  0.6423E-02	  0.1395E-02
  0.6090E+01	  0.6228E-02	  0.1426E-02
  0.6150E+01	  0.6039E-02	  0.1456E-02
  0.6210E+01	  0.5855E-02	  0.1488E-02
  0.6270E+01	  0.5677E-02	  0.1519E-02
  0.6330E+01	  0.5504E-02	  0.1551E-02
  0.6390E+01	  0.5337E-02	  0.1584E-02
  0.6450E+01	  0.5174E-02	  0.1617E-02
  0.6510E+01	  0.5017E-02	  0.1651E-02
  0.6570E+01	  0.4864E-02	  0.1685E-02
  0.6630E+01	  0.4715E-02	  0.1720E-02
  0.6690E+01	  0.4571E-02	  0.1755E-02
  0.6750E+01	  0.4432E-02	  0.1791E-02
  0.6810E+01	  0.4296E-02	  0.1828E-02
  0.6870E+01	  0.4164E-02	  0.1865E-02
  0.6930E+01	  0.4036E-02	  0.1903E-02
  0.6990E+01	  0.3912E-02	  0.1940E-02
  0.7050E+01	  0.3792E-02	  0.1978E-02
  0.7110E+01	  0.3675E-02	  0.2016E-02
  0.7170E+01	  0.3561E-02	  0.2054E-02
  0.7230E+01	  0.3450E-02	  0.2093E-02
  0.7290E+01	  0.3343E-02	  0.2133E-02
  0.7350E+01	  0.3239E-02	  0.2173E-02
  0.7410E+01	  0.3138E-02	  0.2214E-02
  0.7470E+01	  0.3039E-02	  0.2256E-02
  0.7530E+01	  0.2944E-02	  0.2299E-02
  0.7590E+01	  0.2851E-02	  0.2342E-02
  0.7650E+01	  0.2760E-02	  0.2386E-02
  0.7710E+01	  0.2673E-02	  0.2431E-02
  0.7770E+01	  0.2588E-02	  0.2477E-02
  0.7830E+01	  0.2505E-02	  0.2524E-02
  0.7890E+01	  0.2424E-02	  0.2571E-02
  0.7950E+01	  0.2346E-02	  0.2620E-02
  0.8010E+01	  0.2270E-02	  0.2670E-02
  0.8070E+01	  0.2196E-02	  0.2720E-02
  0.8130E+01	  0.2125E-02	  0.2772E-02
  0.8190E+01	  0.2055E-02	  0.2825E-02
  0.8250E+01	  0.1987E-02	  0.2879E-02
  0.8310E+01	  0.1921E-02	  0.2934E-02
  0.8370E+01	  0.1858E-02	  0.2991E-02
  0.8430E+01	  0.1795E-02	  0.3048E-02
  0.8490E+01	  0.1735E-02	  0.3107E-02
  0.8550E+01	  0.1676E-02	  0.3168E-02
  0.8610E+01	  0.1619E-02	  0.3230E-02
  0.8670E+01	  0.1564E-02	  0.3293E-02
  0.8730E+01	  0.1510E-02	  0.3358E-02
  0.8790E+01	  0.1458E-02	  0.3425E-02
  0.8850E+01	  0.1407E-02	  0.3493E-02
  0.8910E+01	  0.1358E-02	  0.3563E-02
  0.8970E+01	  0.1310E-02	  0.3635E-02
  0.9030E+01	  0.1263E-02	  0.3708E-02
  0.9090E+01	  0.1218E-02	  0.3783E-02
  0.9150E+01	  0.1174E-02	  0.3861E-02
  0.9210E+01	  0.1131E-02	  0.3941E-02
  0.9270E+01	  0.1090E-02	  0.4023E-02
  0.9330E+01	  0.1050E-02	  0.4108E-02
  0.9390E+01	  0.1010E-02	  0.4195E-02
  0.9450E+01	  0.9723E-03	  0.4285E-02
  0.9510E+01	  0.9353E-03	  0.4379E-02
  0.9570E+01	  0.8994E-03	  0.4475E-02
  0.9630E+01	  0.8645E-03	  0.4575E-02
  0.9690E+01	  0.8306E-03	  0.4678E-02
  0.9750E+01	  0.7977E-03	  0.4785E-02
  0.9810E+01	  0.7658E-03	  0.4896E-02
  0.9870E+01	  0.7347E-03	  0.5011E-02
  0.9930E+01	  0.7046E-03	  0.5131E-02
  0.9990E+01	  0.6753E-03	  0.5256E-02
  0.1005E+02	  0.6469E-03	  0.5383E-02
  0.1011E+02	  0.6192E-03	  0.5512E-02
  0.1017E+02	  0.5924E-03	  0.5646E-02
  0.1023E+02	  0.5662E-03	  0.5788E-02
  0.1029E+02	  0.5408E-03	  0.5937E-02
  0.1035E+02	  0.5161E-03	  0.6095E-02
  0.1041E+02	  0.4921E-03	  0.6261E-02
  0.1047E+02	  0.4688E-03	  0.6437E-02
  0.1053E+02	  0.4461E-03	  0.6625E-02
  0.1059E+02	  0.4241E-03	  0.6823E-02
  0.1065E+02	  0.4027E-03	  0.7031E-02
  0.1071E+02	  0.3818E-03	  0.7251E-02
  0.1077E+02	  0.3615E-03	  0.7487E-02
  0.1083E+02	  0.3418E-03	  0.7742E-02
  0.1089E+02	  0.3226E-03	  0.8018E-02
  0.1095E+02	  0.3039E-03	  0.8319E-02
  0.1101E+02	  0.2858E-03	  0.8647E-02
  0.1107E+02	  0.2681E-03	  0.9007E-02
  0.1113E+02	  0.2509E-03	  0.9404E-02
  0.1119E+02	  0.2342E-03	  0.9843E-02
  0.1125E+02	  0.2179E-03	  0.1033E-01
  0.1131E+02	  0.2021E-03	  0.1088E-01
  0.1137E+02	  0.1867E-03	  0.1150E-01
  0.1143E+02	  0.1718E-03	  0.1221E-01
  0.1149E+02	  0.1573E-03	  0.1302E-01
  0.1155E+02	  0.1431E-03	  0.1395E-01
  0.1161E+02	  0.1295E-03	  0.1487E-01
  0.1167E+02	  0.1165E-03	  0.1555E-01
  0.1173E+02	  0.1045E-03	  0.1609E-01
  0.1179E+02	  0.9339E-04	  0.1670E-01
  0.1185E+02	  0.8316E-04	  0.1708E-01
  0.1191E+02	  0.7406E-04	  0.1729E-01
  0.1197E+02	  0.6582E-04	  0.1774E-01
  0.1203E+02	  0.5831E-04	  0.1833E-01
  0.1209E+02	  0.5146E-04	  0.1899E-01
  0.1215E+02	  0.4524E-04	  0.1969E-01
  0.1221E+02	  0.3960E-04	  0.2041E-01
  0.1227E+02	  0.3453E-04	  0.2110E-01
  0.1233E+02	  0.2999E-04	  0.2175E-01
  0.1239E+02	  0.2595E-04	  0.2238E-01
  0.1245E+02	  0.2239E-04	  0.2297E-01
  0.1251E+02	  0.1926E-04	  0.2349E-01
  0.1257E+02	  0.1652E-04	  0.2391E-01
  0.1263E+02	  0.1415E-04	  0.2423E-01
  0.1269E+02	  0.1210E-04	  0.2445E-01
  0.1275E+02	  0.1035E-04	  0.2459E-01
  0.1281E+02	  0.8841E-05	  0.2470E-01
  0.1287E+02	  0.7553E-05	  0.2486E-01
  0.1293E+02	  0.6443E-05	  0.2514E-01
  0.1299E+02	  0.5487E-05	  0.2549E-01
  0.1305E+02	  0.4665E-05	  0.2524E-01
  0.1311E+02	  0.3994E-05	  0.2459E-01
  0.1317E+02	  0.3421E-05	  0.2456E-01
  0.1323E+02	  0.2931E-05	  0.2459E-01
  0.1329E+02	  0.2511E-05	  0.2481E-01
  0.1335E+02	  0.2144E-05	  0.2543E-01
  0.1341E+02	  0.1823E-05	  0.2624E-01
  0.1347E+02	  0.1542E-05	  0.2702E-01
  0.1353E+02	  0.1300E-05	  0.2773E-01
  0.1359E+02	  0.1091E-05	  0.2847E-01
  0.1365E+02	  0.9112E-06	  0.2922E-01
  0.1371E+02	  0.7580E-06	  0.3000E-01
  0.1377E+02	  0.6276E-06	  0.3083E-01
  0.1383E+02	  0.5170E-06	  0.3173E-01
  0.1389E+02	  0.4237E-06	  0.3268E-01
  0.1395E+02	  0.3452E-06	  0.3366E-01
  0.1401E+02	  0.2797E-06	  0.3465E-01
  0.1407E+02	  0.2254E-06	  0.3563E-01
  0.1413E+02	  0.1806E-06	  0.3662E-01
  0.1419E+02	  0.1439E-06	  0.3760E-01
  0.1425E+02	  0.1140E-06	  0.3860E-01
  0.1431E+02	  0.8981E-07	  0.3958E-01
  0.1437E+02	  0.7037E-07	  0.4055E-01
  0.1443E+02	  0.5484E-07	  0.4150E-01
  0.1449E+02	  0.4252E-07	  0.4244E-01
  0.1455E+02	  0.3280E-07	  0.4336E-01
  0.1461E+02	  0.2517E-07	  0.4426E-01
  0.1467E+02	  0.1922E-07	  0.4514E-01
  0.1473E+02	  0.1461E-07	  0.4601E-01
  0.1479E+02	  0.1105E-07	  0.4686E-01
  0.1485E+02	  0.8325E-08	  0.4768E-01
  0.1491E+02	  0.6243E-08	  0.4846E-01
  0.1497E+02	  0.4663E-08	  0.4919E-01
  0.1503E+02	  0.3470E-08	  0.4985E-01
  0.1509E+02	  0.2574E-08	  0.5047E-01
  0.1515E+02	  0.1903E-08	  0.5109E-01
  0.1521E+02	  0.1402E-08	  0.5170E-01
  0.1527E+02	  0.1030E-08	  0.5232E-01
  0.1533E+02	  0.7539E-09	  0.5292E-01
  0.1539E+02	  0.5502E-09	  0.5353E-01
  0.1545E+02	  0.4002E-09	  0.5414E-01
  0.1551E+02	  0.2902E-09	  0.5475E-01
  0.1557E+02	  0.2097E-09	  0.5538E-01
  0.1563E+02	  0.1510E-09	  0.5604E-01
  0.1569E+02	  0.1084E-09	  0.5676E-01
  0.1575E+02	  0.7745E-10	  0.5760E-01
  0.1581E+02	  0.5506E-10	  0.5856E-01
  0.1587E+02	  0.3895E-10	  0.5953E-01
  0.1593E+02	  0.2741E-10	  0.6046E-01
  0.1599E+02	  0.1921E-10	  0.6135E-01
  0.1605E+02	  0.1340E-10	  0.6217E-01
  0.1611E+02	  0.9307E-11	  0.6297E-01
  0.1617E+02	  0.6439E-11	  0.6377E-01
  0.1623E+02	  0.4437E-11	  0.6456E-01
  0.1629E+02	  0.3045E-11	  0.6535E-01
  0.1635E+02	  0.2081E-11	  0.6613E-01
  0.1641E+02	  0.1417E-11	  0.6691E-01
  0.1647E+02	  0.9607E-12	  0.6769E-01
  0.1653E+02	  0.6488E-12	  0.6848E-01
  0.1659E+02	  0.4364E-12	  0.6926E-01
  0.1665E+02	  0.2924E-12	  0.7005E-01
  0.1671E+02	  0.1951E-12	  0.7082E-01
  0.1677E+02	  0.1297E-12	  0.7159E-01
  0.1683E+02	  0.8591E-13	  0.7236E-01
  0.1689E+02	  0.5667E-13	  0.7311E-01
  0.1695E+02	  0.3725E-13	  0.7385E-01
  0.1701E+02	  0.2439E-13	  0.7457E-01
  0.1707E+02	  0.1592E-13	  0.7527E-01
  0.1713E+02	  0.1035E-13	  0.7597E-01
  0.1719E+02	  0.6708E-14	  0.7665E-01
  0.1725E+02	  0.4332E-14	  0.7734E-01
  0.1731E+02	  0.2789E-14	  0.7802E-01
  0.1737E+02	  0.1789E-14	  0.7869E-01
  0.1743E+02	  0.1144E-14	  0.7937E-01
  0.1749E+02	  0.7287E-15	  0.8004E-01
  0.1755E+02	  0.4627E-15	  0.8072E-01
  0.1761E+02	  0.2928E-15	  0.8139E-01
  0.1767E+02	  0.1847E-15	  0.8207E-01
  0.1773E+02	  0.1161E-15	  0.8273E-01
  0.1779E+02	  0.7276E-16	  0.8340E-01
  0.1785E+02	  0.4544E-16	  0.8406E-01
  0.1791E+02	  0.2829E-16	  0.8472E-01
  0.1797E+02	  0.1756E-16	  0.8535E-01
  0.1803E+02	  0.1087E-16	  0.8595E-01
  0.1809E+02	  0.6707E-17	  0.8653E-01
  0.1815E+02	  0.4128E-17	  0.8711E-01
  0.1821E+02	  0.2534E-17	  0.8769E-01
  0.1827E+02	  0.1551E-17	  0.8828E-01
  0.1833E+02	  0.9470E-18	  0.8886E-01
  0.1839E+02	  0.5767E-18	  0.8943E-01
  0.1845E+02	  0.3502E-18	  0.9001E-01
  0.1851E+02	  0.2122E-18	  0.9059E-01
  0.1857E+02	  0.1282E-18	  0.9117E-01
  0.1863E+02	  0.7725E-19	  0.9175E-01
  0.1869E+02	  0.4643E-19	  0.9233E-01
  0.1875E+02	  0.2783E-19	  0.9291E-01
  0.1881E+02	  0.1664E-19	  0.9348E-01
  0.1887E+02	  0.9925E-20	  0.9404E-01
  0.1893E+02	  0.5904E-20	  0.9460E-01
  0.1899E+02	  0.3504E-20	  0.9513E-01
  0.1905E+02	  0.2075E-20	  0.9564E-01
  0.1911E+02	  0.1226E-20	  0.9614E-01
  0.1917E+02	  0.7225E-21	  0.9664E-01
  0.1923E+02	  0.4249E-21	  0.9713E-01
  0.1929E+02	  0.2493E-21	  0.9762E-01
  0.1935E+02	  0.1460E-21	  0.9810E-01
  0.1941E+02	  0.8528E-22	  0.9859E-01
  0.1947E+02	  0.4971E-22	  0.9907E-01
  0.1953E+02	  0.2891E-22	  0.9955E-01
  0.1959E+02	  0.1678E-22	  0.1000E+00
  0.1965E+02	  0.9716E-23	  0.1005E+00
  0.1971E+02	  0.5614E-23	  0.1010E+00
  0.1977E+02	  0.3237E-23	  0.1015E+00
  0.1983E+02	  0.1862E-23	  0.1019E+00
  0.1989E+02	  0.1069E-23	  0.1024E+00
  0.1995E+02	  0.6121E-24	  0.1030E+00
  0.2001E+02	  0.3500E-24	  0.1035E+00
  0.2007E+02	  0.1998E-24	  0.1040E+00
  0.2013E+02	  0.1138E-24	  0.1045E+00
  0.2019E+02	  0.6475E-25	  0.1050E+00
  0.2025E+02	  0.3677E-25	  0.1055E+00
  0.2031E+02	  0.2085E-25	  0.1059E+00
  0.2037E+02	  0.1180E-25	  0.1064E+00
  0.2043E+02	  0.6667E-26	  0.1069E+00
  0.2049E+02	  0.3762E-26	  0.1074E+00
  0.2055E+02	  0.2119E-26	  0.1078E+00
  0.2061E+02	  0.1192E-26	  0.1082E+00
  0.2067E+02	  0.6698E-27	  0.1087E+00
  0.2073E+02	  0.3758E-27	  0.1091E+00
  0.2079E+02	  0.2105E-27	  0.1096E+00
  0.2085E+02	  0.1178E-27	  0.1100E+00
  0.2091E+02	  0.6581E-28	  0.1104E+00
  0.2097E+02	  0.3673E-28	  0.1109E+00
  0.2103E+02	  0.2047E-28	  0.1113E+00
  0.2109E+02	  0.1139E-28	  0.1117E+00
  0.2115E+02	  0.6335E-29	  0.1121E+00

R23 
------------------------------------------------------------
Electric field / N (Td)                    55.00    
Angular frequency / N (m3/s)              0.1938E-11
Cosine of E-B field angle                  0.000    
Gas temperature (K)                        800.0    
Excitation temperature (K)                 300.0    
Transition energy (eV)                     0.000    
Ionization degree                          0.000    
Plasma density (1/m3)                     0.1000E+19
Ion charge parameter                       1.000    
Ion/neutral mass ratio                     1.000    
Coulomb collision model                    1.000    
Energy sharing                             0.000    
Growth model                               1.000    
Maxwellian mean energy (eV)                0.000    
# of grid points                           500.0    
Grid type                                  1.000    
Maximum energy                             30.00    
Precision                                 0.1000E-29
Convergence                               0.1000E-03
Maximum # of iterations                   0.2000E+05
Mole fraction Ar                           1.000    
------------------------------------------------------------
Mean energy (eV)                           1.211    
Mobility *N (1/m/V/s)                     0.1566E+27
Re/perp mobility *N (1/m/V/s)             0.1773E+22
Im/Hall mobility *N (1/m/V/s)            -0.9081E+23
Diffusion coefficient *N (1/m/s)          0.2925E+26
Energy mobility *N (1/m/V/s)              0.3967E+26
Energy diffusion coef. *N (1/m/s)         0.1265E+26
Total collision freq. /N (m3/s)           0.1888E-13
Momentum frequency /N (m3/s)              0.3787E-13
Total ionization freq. /N (m3/s)          0.1298E-24
Power /N (eV m3/s)                        0.5362E-17
Elastic power loss /N (eV m3/s)           0.2419E-17
Inelastic power loss /N (eV m3/s)         0.2943E-17
Growth power /N (eV m3/s)                 0.1572E-24
Maximum energy                             30.00    
# of iterations                            5.000    
# of grid trials                           1.000    
------------------------------------------------------------
Rate coefficients (m3/s)
C1    Ar    Elastic                       0.1888E-13
C2    Ar    Excitation    11.55 eV        0.9513E-19
C3    Ar    Excitation    11.62 eV        0.7389E-19
C4    Ar    Excitation    11.72 eV        0.1341E-19
C5    Ar    Excitation    11.83 eV        0.6548E-19
C6    Ar    Excitation    12.91 eV        0.1917E-20
C7    Ar    Excitation    13.08 eV        0.4675E-21
C8    Ar    Excitation    13.10 eV        0.3123E-21
C9    Ar    Excitation    13.15 eV        0.1525E-21
C10   Ar    Excitation    13.17 eV        0.2582E-21
C11   Ar    Excitation    13.27 eV        0.5688E-22
C12   Ar    Excitation    13.28 eV        0.1115E-21
C13   Ar    Excitation    13.30 eV        0.8991E-22
C14   Ar    Excitation    13.33 eV        0.1093E-21
C15   Ar    Excitation    13.48 eV        0.1320E-21
C16   Ar    Excitation    13.85 eV        0.4004E-22
C17   Ar    Excitation    13.86 eV        0.1678E-21
C18   Ar    Excitation    13.90 eV        0.7885E-22
C19   Ar    Excitation    13.98 eV        0.8435E-22
C20   Ar    Excitation    14.01 eV        0.2238E-22
C21   Ar    Excitation    14.06 eV        0.1853E-22
C22   Ar    Excitation    14.07 eV        0.1827E-22
C23   Ar    Excitation    14.09 eV        0.4751E-24
C24   Ar    Excitation    14.10 eV        0.2246E-23
C25   Ar    Excitation    14.15 eV        0.1034E-23
C26   Ar    Excitation    14.21 eV        0.1616E-22
C27   Ar    Excitation    14.23 eV        0.1046E-22
C28   Ar    Excitation    14.24 eV        0.2289E-23
C29   Ar    Excitation    14.24 eV        0.2232E-23
C30   Ar    Excitation    14.26 eV        0.9704E-25
C31   Ar    Excitation    14.30 eV        0.6483E-24
C32   Ar    Excitation    14.71 eV        0.1911E-26
C33   Ar    Excitation    14.85 eV        0.7294E-26
C34   Ar    Excitation    14.86 eV        0.2319E-25
C35   Ar    Excitation    15.00 eV        0.4759E-26
C36   Ar    Excitation    15.02 eV        0.4562E-26
C37   Ar    Excitation    15.12 eV        0.5138E-27
C38   Ar    Excitation    15.19 eV        0.3719E-26
C39   Ar    Excitation    15.19 eV        0.3641E-26
C40   Ar    Excitation    15.31 eV        0.3387E-28
C41   Ar    Excitation    15.35 eV        0.1820E-28
C42   Ar    Excitation    15.36 eV        0.2513E-28
C43   Ar    Excitation    15.37 eV        0.4271E-27
C44   Ar    Excitation    15.37 eV        0.9116E-27
C45   Ar    Excitation    15.66 eV        0.8454E-27
C46   Ar    Ionization    15.76 eV        0.1298E-24
------------------------------------------------------------
Energy (eV) EEDF (eV-3/2) Anisotropy
  0.3000E-01	  0.5768E+01	  0.5599E-05
  0.9000E-01	  0.5308E+01	  0.5986E-05
  0.1500E+00	  0.4567E+01	  0.6762E-05
  0.2100E+00	  0.3327E+01	  0.8473E-05
  0.2700E+00	  0.1995E+01	  0.1338E-04
  0.3300E+00	  0.1271E+01	  0.2030E-04
  0.3900E+00	  0.9063E+00	  0.2753E-04
  0.4500E+00	  0.6998E+00	  0.3453E-04
  0.5100E+00	  0.5683E+00	  0.4151E-04
  0.5700E+00	  0.4770E+00	  0.4858E-04
  0.6300E+00	  0.4096E+00	  0.5584E-04
  0.6900E+00	  0.3576E+00	  0.6340E-04
  0.7500E+00	  0.3160E+00	  0.7122E-04
  0.8100E+00	  0.2821E+00	  0.7925E-04
  0.8700E+00	  0.2538E+00	  0.8751E-04
  0.9300E+00	  0.2300E+00	  0.9595E-04
  0.9900E+00	  0.2097E+00	  0.1045E-03
  0.1050E+01	  0.1921E+00	  0.1128E-03
  0.1110E+01	  0.1766E+00	  0.1211E-03
  0.1170E+01	  0.1629E+00	  0.1294E-03
  0.1230E+01	  0.1506E+00	  0.1378E-03
  0.1290E+01	  0.1397E+00	  0.1460E-03
  0.1350E+01	  0.1299E+00	  0.1542E-03
  0.1410E+01	  0.1210E+00	  0.1624E-03
  0.1470E+01	  0.1130E+00	  0.1706E-03
  0.1530E+01	  0.1058E+00	  0.1791E-03
  0.1590E+01	  0.9923E-01	  0.1875E-03
  0.1650E+01	  0.9325E-01	  0.1958E-03
  0.1710E+01	  0.8781E-01	  0.2040E-03
  0.1770E+01	  0.8281E-01	  0.2122E-03
  0.1830E+01	  0.7822E-01	  0.2206E-03
  0.1890E+01	  0.7399E-01	  0.2290E-03
  0.1950E+01	  0.7007E-01	  0.2376E-03
  0.2010E+01	  0.6644E-01	  0.2465E-03
  0.2070E+01	  0.6308E-01	  0.2557E-03
  0.2130E+01	  0.5996E-01	  0.2651E-03
  0.2190E+01	  0.5705E-01	  0.2747E-03
  0.2250E+01	  0.5435E-01	  0.2844E-03
  0.2310E+01	  0.5183E-01	  0.2942E-03
  0.2370E+01	  0.4947E-01	  0.3042E-03
  0.2430E+01	  0.4726E-01	  0.3144E-03
  0.2490E+01	  0.4518E-01	  0.3248E-03
  0.2550E+01	  0.4324E-01	  0.3355E-03
  0.2610E+01	  0.4140E-01	  0.3463E-03
  0.2670E+01	  0.3968E-01	  0.3574E-03
  0.2730E+01	  0.3805E-01	  0.3686E-03
  0.2790E+01	  0.3651E-01	  0.3801E-03
  0.2850E+01	  0.3506E-01	  0.3917E-03
  0.2910E+01	  0.3368E-01	  0.4036E-03
  0.2970E+01	  0.3238E-01	  0.4156E-03
  0.3030E+01	  0.3114E-01	  0.4278E-03
  0.3090E+01	  0.2996E-01	  0.4402E-03
  0.3150E+01	  0.2884E-01	  0.4528E-03
  0.3210E+01	  0.2778E-01	  0.4657E-03
  0.3270E+01	  0.2676E-01	  0.4787E-03
  0.3330E+01	  0.2579E-01	  0.4920E-03
  0.3390E+01	  0.2487E-01	  0.5055E-03
  0.3450E+01	  0.2398E-01	  0.5193E-03
  0.3510E+01	  0.2314E-01	  0.5333E-03
  0.3570E+01	  0.2233E-01	  0.5475E-03
  0.3630E+01	  0.2156E-01	  0.5621E-03
  0.3690E+01	  0.2082E-01	  0.5768E-03
  0.3750E+01	  0.2011E-01	  0.5918E-03
  0.3810E+01	  0.1943E-01	  0.6071E-03
  0.3870E+01	  0.1878E-01	  0.6227E-03
  0.3930E+01	  0.1815E-01	  0.6385E-03
  0.3990E+01	  0.1755E-01	  0.6549E-03
  0.4050E+01	  0.1697E-01	  0.6722E-03
  0.4110E+01	  0.1641E-01	  0.6902E-03
  0.4170E+01	  0.1588E-01	  0.7085E-03
  0.4230E+01	  0.1537E-01	  0.7272E-03
  0.4290E+01	  0.1488E-01	  0.7462E-03
  0.4350E+01	  0.1440E-01	  0.7655E-03
  0.4410E+01	  0.1395E-01	  0.7851E-03
  0.4470E+01	  0.1351E-01	  0.8051E-03
  0.4530E+01	  0.1309E-01	  0.8254E-03
  0.4590E+01	  0.1268E-01	  0.8460E-03
  0.4650E+01	  0.1229E-01	  0.8669E-03
  0.4710E+01	  0.1191E-01	  0.8882E-03
  0.4770E+01	  0.1154E-01	  0.9098E-03
  0.4830E+01	  0.1119E-01	  0.9318E-03
  0.4890E+01	  0.1085E-01	  0.9541E-03
  0.4950E+01	  0.1052E-01	  0.9768E-03
  0.5010E+01	  0.1020E-01	  0.1000E-02
  0.5070E+01	  0.9896E-02	  0.1024E-02
  0.5130E+01	  0.9599E-02	  0.1048E-02
  0.5190E+01	  0.9313E-02	  0.1073E-02
  0.5250E+01	  0.9036E-02	  0.1098E-02
  0.5310E+01	  0.8768E-02	  0.1123E-02
  0.5370E+01	  0.8508E-02	  0.1149E-02
  0.5430E+01	  0.8257E-02	  0.1175E-02
  0.5490E+01	  0.8014E-02	  0.1202E-02
  0.5550E+01	  0.7779E-02	  0.1229E-02
  0.5610E+01	  0.7551E-02	  0.1256E-02
  0.5670E+01	  0.7331E-02	  0.1284E-02
  0.5730E+01	  0.7117E-02	  0.1312E-02
  0.5790E+01	  0.6910E-02	  0.1341E-02
  0.5850E+01	  0.6709E-02	  0.1370E-02
  0.5910E+01	  0.6514E-02	  0.1400E-02
  0.5970E+01	  0.6325E-02	  0.1430E-02
  0.6030E+01	  0.6142E-02	  0.1460E-02
  0.6090E+01	  0.5964E-02	  0.1491E-02
  0.6150E+01	  0.5792E-02	  0.1522E-02
  0.6210E+01	  0.5625E-02	  0.1554E-02
  0.6270E+01	  0.5462E-02	  0.1586E-02
  0.6330E+01	  0.5305E-02	  0.1618E-02
  0.6390E+01	  0.5151E-02	  0.1651E-02
  0.6450E+01	  0.5003E-02	  0.1685E-02
  0.6510E+01	  0.4858E-02	  0.1719E-02
  0.6570E+01	  0.4718E-02	  0.1754E-02
  0.6630E+01	  0.4582E-02	  0.1789E-02
  0.6690E+01	  0.4449E-02	  0.1825E-02
  0.6750E+01	  0.4320E-02	  0.1862E-02
  0.6810E+01	  0.4195E-02	  0.1899E-02
  0.6870E+01	  0.4074E-02	  0.1936E-02
  0.6930E+01	  0.3956E-02	  0.1974E-02
  0.6990E+01	  0.3841E-02	  0.2013E-02
  0.7050E+01	  0.3729E-02	  0.2051E-02
  0.7110E+01	  0.3621E-02	  0.2090E-02
  0.7170E+01	  0.3515E-02	  0.2129E-02
  0.7230E+01	  0.3412E-02	  0.2169E-02
  0.7290E+01	  0.3312E-02	  0.2210E-02
  0.7350E+01	  0.3215E-02	  0.2251E-02
  0.7410E+01	  0.3120E-02	  0.2293E-02
  0.7470E+01	  0.3028E-02	  0.2336E-02
  0.7530E+01	  0.2938E-02	  0.2379E-02
  0.7590E+01	  0.2851E-02	  0.2424E-02
  0.7650E+01	  0.2766E-02	  0.2469E-02
  0.7710E+01	  0.2683E-02	  0.2515E-02
  0.7770E+01	  0.2603E-02	  0.2562E-02
  0.7830E+01	  0.2524E-02	  0.2610E-02
  0.7890E+01	  0.2448E-02	  0.2659E-02
  0.7950E+01	  0.2374E-02	  0.2709E-02
  0.8010E+01	  0.2301E-02	  0.2760E-02
  0.8070E+01	  0.2231E-02	  0.2813E-02
  0.8130E+01	  0.2162E-02	  0.2866E-02
  0.8190E+01	  0.2096E-02	  0.2920E-02
  0.8250E+01	  0.2031E-02	  0.2976E-02
  0.8310E+01	  0.1967E-02	  0.3033E-02
  0.8370E+01	  0.1906E-02	  0.3091E-02
  0.8430E+01	  0.1846E-02	  0.3150E-02
  0.8490E+01	  0.1788E-02	  0.3211E-02
  0.8550E+01	  0.1731E-02	  0.3273E-02
  0.8610E+01	  0.1675E-02	  0.3337E-02
  0.8670E+01	  0.1622E-02	  0.3403E-02
  0.8730E+01	  0.1569E-02	  0.3470E-02
  0.8790E+01	  0.1518E-02	  0.3539E-02
  0.8850E+01	  0.1468E-02	  0.3609E-02
  0.8910E+01	  0.1420E-02	  0.3682E-02
  0.8970E+01	  0.1373E-02	  0.3756E-02
  0.9030E+01	  0.1327E-02	  0.3832E-02
  0.9090E+01	  0.1282E-02	  0.3910E-02
  0.9150E+01	  0.1239E-02	  0.3990E-02
  0.9210E+01	  0.1196E-02	  0.4073E-02
  0.9270E+01	  0.1155E-02	  0.4158E-02
  0.9330E+01	  0.1115E-02	  0.4246E-02
  0.9390E+01	  0.1076E-02	  0.4336E-02
  0.9450E+01	  0.1037E-02	  0.4430E-02
  0.9510E+01	  0.1000E-02	  0.4526E-02
  0.9570E+01	  0.9642E-03	  0.4626E-02
  0.9630E+01	  0.9290E-03	  0.4730E-02
  0.9690E+01	  0.8947E-03	  0.4837E-02
  0.9750E+01	  0.8614E-03	  0.4947E-02
  0.9810E+01	  0.8289E-03	  0.5062E-02
  0.9870E+01	  0.7973E-03	  0.5181E-02
  0.9930E+01	  0.7665E-03	  0.5306E-02
  0.9990E+01	  0.7365E-03	  0.5435E-02
  0.1005E+02	  0.7073E-03	  0.5567E-02
  0.1011E+02	  0.6789E-03	  0.5701E-02
  0.1017E+02	  0.6511E-03	  0.5841E-02
  0.1023E+02	  0.6241E-03	  0.5988E-02
  0.1029E+02	  0.5977E-03	  0.6143E-02
  0.1035E+02	  0.5720E-03	  0.6306E-02
  0.1041E+02	  0.5469E-03	  0.6479E-02
  0.1047E+02	  0.5225E-03	  0.6661E-02
  0.1053E+02	  0.4987E-03	  0.6854E-02
  0.1059E+02	  0.4755E-03	  0.7059E-02
  0.1065E+02	  0.4529E-03	  0.7274E-02
  0.1071E+02	  0.4308E-03	  0.7500E-02
  0.1077E+02	  0.4092E-03	  0.7743E-02
  0.1083E+02	  0.3882E-03	  0.8005E-02
  0.1089E+02	  0.3677E-03	  0.8288E-02
  0.1095E+02	  0.3476E-03	  0.8594E-02
  0.1101E+02	  0.3281E-03	  0.8928E-02
  0.1107E+02	  0.3090E-03	  0.9293E-02
  0.1113E+02	  0.2904E-03	  0.9693E-02
  0.1119E+02	  0.2722E-03	  0.1013E-01
  0.1125E+02	  0.2545E-03	  0.1062E-01
  0.1131E+02	  0.2372E-03	  0.1117E-01
  0.1137E+02	  0.2204E-03	  0.1178E-01
  0.1143E+02	  0.2039E-03	  0.1247E-01
  0.1149E+02	  0.1879E-03	  0.1326E-01
  0.1155E+02	  0.1722E-03	  0.1415E-01
  0.1161E+02	  0.1570E-03	  0.1504E-01
  0.1167E+02	  0.1425E-03	  0.1570E-01
  0.1173E+02	  0.1290E-03	  0.1623E-01
  0.1179E+02	  0.1164E-03	  0.1683E-01
  0.1185E+02	  0.1047E-03	  0.1721E-01
  0.1191E+02	  0.9410E-04	  0.1744E-01
  0.1197E+02	  0.8444E-04	  0.1790E-01
  0.1203E+02	  0.7556E-04	  0.1849E-01
  0.1209E+02	  0.6739E-04	  0.1913E-01
  0.1215E+02	  0.5988E-04	  0.1982E-01
  0.1221E+02	  0.5302E-04	  0.2052E-01
  0.1227E+02	  0.4677E-04	  0.2119E-01
  0.1233E+02	  0.4113E-04	  0.2182E-01
  0.1239E+02	  0.3605E-04	  0.2243E-01
  0.1245E+02	  0.3151E-04	  0.2299E-01
  0.1251E+02	  0.2747E-04	  0.2349E-01
  0.1257E+02	  0.2390E-04	  0.2389E-01
  0.1263E+02	  0.2076E-04	  0.2420E-01
  0.1269E+02	  0.1802E-04	  0.2441E-01
  0.1275E+02	  0.1562E-04	  0.2456E-01
  0.1281E+02	  0.1354E-04	  0.2466E-01
  0.1287E+02	  0.1174E-04	  0.2482E-01
  0.1293E+02	  0.1016E-04	  0.2509E-01
  0.1299E+02	  0.8783E-05	  0.2541E-01
  0.1305E+02	  0.7582E-05	  0.2519E-01
  0.1311E+02	  0.6582E-05	  0.2461E-01
  0.1317E+02	  0.5716E-05	  0.2463E-01
  0.1323E+02	  0.4963E-05	  0.2470E-01
  0.1329E+02	  0.4308E-05	  0.2496E-01
  0.1335E+02	  0.3729E-05	  0.2559E-01
  0.1341E+02	  0.3215E-05	  0.2639E-01
  0.1347E+02	  0.2759E-05	  0.2716E-01
  0.1353E+02	  0.2359E-05	  0.2787E-01
  0.1359E+02	  0.2010E-05	  0.2861E-01
  0.1365E+02	  0.1705E-05	  0.2937E-01
  0.1371E+02	  0.1441E-05	  0.3015E-01
  0.1377E+02	  0.1212E-05	  0.3099E-01
  0.1383E+02	  0.1016E-05	  0.3188E-01
  0.1389E+02	  0.8465E-06	  0.3283E-01
  0.1395E+02	  0.7021E-06	  0.3381E-01
  0.1401E+02	  0.5793E-06	  0.3478E-01
  0.1407E+02	  0.4756E-06	  0.3576E-01
  0.1413E+02	  0.3884E-06	  0.3674E-01
  0.1419E+02	  0.3157E-06	  0.3772E-01
  0.1425E+02	  0.2552E-06	  0.3870E-01
  0.1431E+02	  0.2053E-06	  0.3968E-01
  0.1437E+02	  0.1644E-06	  0.4064E-01
  0.1443E+02	  0.1309E-06	  0.4158E-01
  0.1449E+02	  0.1038E-06	  0.4250E-01
  0.1455E+02	  0.8192E-07	  0.4341E-01
  0.1461E+02	  0.6436E-07	  0.4430E-01
  0.1467E+02	  0.5034E-07	  0.4518E-01
  0.1473E+02	  0.3920E-07	  0.4603E-01
  0.1479E+02	  0.3040E-07	  0.4687E-01
  0.1485E+02	  0.2348E-07	  0.4768E-01
  0.1491E+02	  0.1807E-07	  0.4845E-01
  0.1497E+02	  0.1385E-07	  0.4916E-01
  0.1503E+02	  0.1058E-07	  0.4982E-01
  0.1509E+02	  0.8061E-08	  0.5044E-01
  0.1515E+02	  0.6123E-08	  0.5105E-01
  0.1521E+02	  0.4636E-08	  0.5166E-01
  0.1527E+02	  0.3500E-08	  0.5227E-01
  0.1533E+02	  0.2635E-08	  0.5287E-01
  0.1539E+02	  0.1978E-08	  0.5348E-01
  0.1545E+02	  0.1480E-08	  0.5409E-01
  0.1551E+02	  0.1105E-08	  0.5470E-01
  0.1557E+02	  0.8217E-09	  0.5533E-01
  0.1563E+02	  0.6093E-09	  0.5600E-01
  0.1569E+02	  0.4503E-09	  0.5673E-01
  0.1575E+02	  0.3315E-09	  0.5757E-01
  0.1581E+02	  0.2430E-09	  0.5852E-01
  0.1587E+02	  0.1772E-09	  0.5947E-01
  0.1593E+02	  0.1287E-09	  0.6039E-01
  0.1599E+02	  0.9307E-10	  0.6126E-01
  0.1605E+02	  0.6704E-10	  0.6208E-01
  0.1611E+02	  0.4811E-10	  0.6287E-01
  0.1617E+02	  0.3440E-10	  0.6366E-01
  0.1623E+02	  0.2450E-10	  0.6444E-01
  0.1629E+02	  0.1739E-10	  0.6522E-01
  0.1635E+02	  0.1229E-10	  0.6599E-01
  0.1641E+02	  0.8662E-11	  0.6677E-01
  0.1647E+02	  0.6080E-11	  0.6754E-01
  0.1653E+02	  0.4253E-11	  0.6832E-01
  0.1659E+02	  0.2964E-11	  0.6910E-01
  0.1665E+02	  0.2058E-11	  0.6987E-01
  0.1671E+02	  0.1424E-11	  0.7064E-01
  0.1677E+02	  0.9816E-12	  0.7140E-01
  0.1683E+02	  0.6744E-12	  0.7215E-01
  0.1689E+02	  0.4617E-12	  0.7290E-01
  0.1695E+02	  0.3151E-12	  0.7363E-01
  0.1701E+02	  0.2143E-12	  0.7434E-01
  0.1707E+02	  0.1452E-12	  0.7503E-01
  0.1713E+02	  0.9815E-13	  0.7572E-01
  0.1719E+02	  0.6612E-13	  0.7639E-01
  0.1725E+02	  0.4440E-13	  0.7707E-01
  0.1731E+02	  0.2973E-13	  0.7774E-01
  0.1737E+02	  0.1984E-13	  0.7841E-01
  0.1743E+02	  0.1320E-13	  0.7907E-01
  0.1749E+02	  0.8757E-14	  0.7974E-01
  0.1755E+02	  0.5791E-14	  0.8041E-01
  0.1761E+02	  0.3817E-14	  0.8107E-01
  0.1767E+02	  0.2509E-14	  0.8174E-01
  0.1773E+02	  0.1644E-14	  0.8239E-01
  0.1779E+02	  0.1074E-14	  0.8305E-01
  0.1785E+02	  0.6995E-15	  0.8370E-01
  0.1791E+02	  0.4543E-15	  0.8434E-01
  0.1797E+02	  0.2943E-15	  0.8496E-01
  0.1803E+02	  0.1901E-15	  0.8556E-01
  0.1809E+02	  0.1225E-15	  0.8613E-01
  0.1815E+02	  0.7872E-16	  0.8670E-01
  0.1821E+02	  0.5047E-16	  0.8728E-01
  0.1827E+02	  0.3228E-16	  0.8785E-01
  0.1833E+02	  0.2060E-16	  0.8842E-01
  0.1839E+02	  0.1311E-16	  0.8899E-01
  0.1845E+02	  0.8325E-17	  0.8956E-01
  0.1851E+02	  0.5274E-17	  0.9013E-01
  0.1857E+02	  0.3333E-17	  0.9070E-01
  0.1863E+02	  0.2101E-17	  0.9127E-01
  0.1869E+02	  0.1322E-17	  0.9184E-01
  0.1875E+02	  0.8292E-18	  0.9241E-01
  0.1881E+02	  0.5191E-18	  0.9297E-01
  0.1887E+02	  0.3242E-18	  0.9352E-01
  0.1893E+02	  0.2020E-18	  0.9407E-01
  0.1899E+02	  0.1256E-18	  0.9459E-01
  0.1905E+02	  0.7793E-19	  0.9509E-01
  0.1911E+02	  0.4825E-19	  0.9558E-01
  0.1917E+02	  0.2981E-19	  0.9607E-01
  0.1923E+02	  0.1838E-19	  0.9655E-01
  0.1929E+02	  0.1131E-19	  0.9703E-01
  0.1935E+02	  0.6947E-20	  0.9751E-01
  0.1941E+02	  0.4258E-20	  0.9799E-01
  0.1947E+02	  0.2604E-20	  0.9846E-01
  0.1953E+02	  0.1590E-20	  0.9893E-01
  0.1959E+02	  0.9685E-21	  0.9940E-01
  0.1965E+02	  0.5888E-21	  0.9987E-01
  0.1971E+02	  0.3573E-21	  0.1003E+00
  0.1977E+02	  0.2163E-21	  0.1008E+00
  0.1983E+02	  0.1307E-21	  0.1013E+00
  0.1989E+02	  0.7884E-22	  0.1018E+00
  0.1995E+02	  0.4746E-22	  0.1023E+00
  0.2001E+02	  0.2852E-22	  0.1028E+00
  0.2007E+02	  0.1711E-22	  0.1033E+00
  0.2013E+02	  0.1025E-22	  0.1038E+00
  0.2019E+02	  0.6132E-23	  0.1043E+00
  0.2025E+02	  0.3662E-23	  0.1047E+00
  0.2031E+02	  0.2184E-23	  0.1052E+00
  0.2037E+02	  0.1300E-23	  0.1057E+00
  0.2043E+02	  0.7731E-24	  0.1062E+00
  0.2049E+02	  0.4590E-24	  0.1066E+00
  0.2055E+02	  0.2722E-24	  0.1071E+00
  0.2061E+02	  0.1612E-24	  0.1075E+00
  0.2067E+02	  0.9531E-25	  0.1079E+00
  0.2073E+02	  0.5629E-25	  0.1084E+00
  0.2079E+02	  0.3321E-25	  0.1088E+00
  0.2085E+02	  0.1957E-25	  0.1092E+00
  0.2091E+02	  0.1151E-25	  0.1096E+00
  0.2097E+02	  0.6767E-26	  0.1101E+00
  0.2103E+02	  0.3973E-26	  0.1105E+00
  0.2109E+02	  0.2330E-26	  0.1109E+00
  0.2115E+02	  0.1365E-26	  0.1113E+00
  0.2121E+02	  0.7986E-27	  0.1117E+00
  0.2127E+02	  0.4668E-27	  0.1121E+00
  0.2133E+02	  0.2725E-27	  0.1125E+00
  0.2139E+02	  0.1589E-27	  0.1129E+00
  0.2145E+02	  0.9257E-28	  0.1133E+00
  0.2151E+02	  0.5386E-28	  0.1137E+00
  0.2157E+02	  0.3130E-28	  0.1141E+00
  0.2163E+02	  0.1817E-28	  0.1145E+00
  0.2169E+02	  0.1054E-28	  0.1149E+00
  0.2175E+02	  0.6103E-29	  0.1153E+00

R24 
------------------------------------------------------------
Electric field / N (Td)                    60.00    
Angular frequency / N (m3/s)              0.1938E-11
Cosine of E-B field angle                  0.000    
Gas temperature (K)                        800.0    
Excitation temperature (K)                 300.0    
Transition energy (eV)                     0.000    
Ionization degree                          0.000    
Plasma density (1/m3)                     0.1000E+19
Ion charge parameter                       1.000    
Ion/neutral mass ratio                     1.000    
Coulomb collision model                    1.000    
Energy sharing                             0.000    
Growth model                               1.000    
Maxwellian mean energy (eV)                0.000    
# of grid points                           500.0    
Grid type                                  1.000    
Maximum energy                             30.00    
Precision                                 0.1000E-29
Convergence                               0.1000E-03
Maximum # of iterations                   0.2000E+05
Mole fraction Ar                           1.000    
------------------------------------------------------------
Mean energy (eV)                           1.195    
Mobility *N (1/m/V/s)                     0.1579E+27
Re/perp mobility *N (1/m/V/s)             0.1746E+22
Im/Hall mobility *N (1/m/V/s)            -0.9081E+23
Diffusion coefficient *N (1/m/s)          0.2948E+26
Energy mobility *N (1/m/V/s)              0.4053E+26
Energy diffusion coef. *N (1/m/s)         0.1277E+26
Total collision freq. /N (m3/s)           0.1865E-13
Momentum frequency /N (m3/s)              0.3730E-13
Total ionization freq. /N (m3/s)          0.5121E-24
Power /N (eV m3/s)                        0.6286E-17
Elastic power loss /N (eV m3/s)           0.2424E-17
Inelastic power loss /N (eV m3/s)         0.3862E-17
Growth power /N (eV m3/s)                 0.6120E-24
Maximum energy                             30.00    
# of iterations                            5.000    
# of grid trials                           1.000    
------------------------------------------------------------
Rate coefficients (m3/s)
C1    Ar    Elastic                       0.1865E-13
C2    Ar    Excitation    11.55 eV        0.1231E-18
C3    Ar    Excitation    11.62 eV        0.9534E-19
C4    Ar    Excitation    11.72 eV        0.1758E-19
C5    Ar    Excitation    11.83 eV        0.8756E-19
C6    Ar    Excitation    12.91 eV        0.2949E-20
C7    Ar    Excitation    13.08 eV        0.8065E-21
C8    Ar    Excitation    13.10 eV        0.5404E-21
C9    Ar    Excitation    13.15 eV        0.2680E-21
C10   Ar    Excitation    13.17 eV        0.4529E-21
C11   Ar    Excitation    13.27 eV        0.1025E-21
C12   Ar    Excitation    13.28 eV        0.2011E-21
C13   Ar    Excitation    13.30 eV        0.1617E-21
C14   Ar    Excitation    13.33 eV        0.1969E-21
C15   Ar    Excitation    13.48 eV        0.2471E-21
C16   Ar    Excitation    13.85 eV        0.8063E-22
C17   Ar    Excitation    13.86 eV        0.3411E-21
C18   Ar    Excitation    13.90 eV        0.1623E-21
C19   Ar    Excitation    13.98 eV        0.1771E-21
C20   Ar    Excitation    14.01 eV        0.4743E-22
C21   Ar    Excitation    14.06 eV        0.3985E-22
C22   Ar    Excitation    14.07 eV        0.3934E-22
C23   Ar    Excitation    14.09 eV        0.1100E-23
C24   Ar    Excitation    14.10 eV        0.4890E-23
C25   Ar    Excitation    14.15 eV        0.2440E-23
C26   Ar    Excitation    14.21 eV        0.3628E-22
C27   Ar    Excitation    14.23 eV        0.2360E-22
C28   Ar    Excitation    14.24 eV        0.5179E-23
C29   Ar    Excitation    14.24 eV        0.5042E-23
C30   Ar    Excitation    14.26 eV        0.2362E-24
C31   Ar    Excitation    14.30 eV        0.1602E-23
C32   Ar    Excitation    14.71 eV        0.5411E-26
C33   Ar    Excitation    14.85 eV        0.2168E-25
C34   Ar    Excitation    14.86 eV        0.6919E-25
C35   Ar    Excitation    15.00 eV        0.1497E-25
C36   Ar    Excitation    15.02 eV        0.1445E-25
C37   Ar    Excitation    15.12 eV        0.1686E-26
C38   Ar    Excitation    15.19 eV        0.1252E-25
C39   Ar    Excitation    15.19 eV        0.1228E-25
C40   Ar    Excitation    15.31 eV        0.1195E-27
C41   Ar    Excitation    15.35 eV        0.6530E-28
C42   Ar    Excitation    15.36 eV        0.9049E-28
C43   Ar    Excitation    15.37 eV        0.1542E-26
C44   Ar    Excitation    15.37 eV        0.3301E-26
C45   Ar    Excitation    15.66 eV        0.3440E-26
C46   Ar    Ionization    15.76 eV        0.5121E-24
------------------------------------------------------------
Energy (eV) EEDF (eV-3/2) Anisotropy
  0.3000E-01	  0.5788E+01	  0.5916E-05
  0.9000E-01	  0.5341E+01	  0.6372E-05
  0.1500E+00	  0.4606E+01	  0.7284E-05
  0.2100E+00	  0.3363E+01	  0.9196E-05
  0.2700E+00	  0.2019E+01	  0.1456E-04
  0.3300E+00	  0.1287E+01	  0.2213E-04
  0.3900E+00	  0.9177E+00	  0.3003E-04
  0.4500E+00	  0.7086E+00	  0.3768E-04
  0.5100E+00	  0.5754E+00	  0.4532E-04
  0.5700E+00	  0.4828E+00	  0.5307E-04
  0.6300E+00	  0.4145E+00	  0.6107E-04
  0.6900E+00	  0.3617E+00	  0.6942E-04
  0.7500E+00	  0.3195E+00	  0.7811E-04
  0.8100E+00	  0.2850E+00	  0.8708E-04
  0.8700E+00	  0.2562E+00	  0.9632E-04
  0.9300E+00	  0.2319E+00	  0.1058E-03
  0.9900E+00	  0.2112E+00	  0.1154E-03
  0.1050E+01	  0.1933E+00	  0.1249E-03
  0.1110E+01	  0.1775E+00	  0.1344E-03
  0.1170E+01	  0.1634E+00	  0.1440E-03
  0.1230E+01	  0.1509E+00	  0.1536E-03
  0.1290E+01	  0.1397E+00	  0.1631E-03
  0.1350E+01	  0.1296E+00	  0.1726E-03
  0.1410E+01	  0.1206E+00	  0.1820E-03
  0.1470E+01	  0.1124E+00	  0.1915E-03
  0.1530E+01	  0.1050E+00	  0.2012E-03
  0.1590E+01	  0.9828E-01	  0.2108E-03
  0.1650E+01	  0.9218E-01	  0.2202E-03
  0.1710E+01	  0.8664E-01	  0.2295E-03
  0.1770E+01	  0.8156E-01	  0.2388E-03
  0.1830E+01	  0.7690E-01	  0.2482E-03
  0.1890E+01	  0.7261E-01	  0.2578E-03
  0.1950E+01	  0.6864E-01	  0.2675E-03
  0.2010E+01	  0.6498E-01	  0.2775E-03
  0.2070E+01	  0.6159E-01	  0.2877E-03
  0.2130E+01	  0.5845E-01	  0.2982E-03
  0.2190E+01	  0.5553E-01	  0.3088E-03
  0.2250E+01	  0.5283E-01	  0.3195E-03
  0.2310E+01	  0.5030E-01	  0.3304E-03
  0.2370E+01	  0.4795E-01	  0.3414E-03
  0.2430E+01	  0.4575E-01	  0.3526E-03
  0.2490E+01	  0.4368E-01	  0.3639E-03
  0.2550E+01	  0.4175E-01	  0.3755E-03
  0.2610E+01	  0.3994E-01	  0.3873E-03
  0.2670E+01	  0.3823E-01	  0.3992E-03
  0.2730E+01	  0.3663E-01	  0.4113E-03
  0.2790E+01	  0.3512E-01	  0.4236E-03
  0.2850E+01	  0.3369E-01	  0.4361E-03
  0.2910E+01	  0.3234E-01	  0.4488E-03
  0.2970E+01	  0.3106E-01	  0.4616E-03
  0.3030E+01	  0.2985E-01	  0.4747E-03
  0.3090E+01	  0.2871E-01	  0.4878E-03
  0.3150E+01	  0.2762E-01	  0.5012E-03
  0.3210E+01	  0.2659E-01	  0.5148E-03
  0.3270E+01	  0.2560E-01	  0.5286E-03
  0.3330E+01	  0.2466E-01	  0.5427E-03
  0.3390E+01	  0.2377E-01	  0.5570E-03
  0.3450E+01	  0.2292E-01	  0.5715E-03
  0.3510E+01	  0.2211E-01	  0.5863E-03
  0.3570E+01	  0.2133E-01	  0.6013E-03
  0.3630E+01	  0.2059E-01	  0.6165E-03
  0.3690E+01	  0.1988E-01	  0.6320E-03
  0.3750E+01	  0.1920E-01	  0.6478E-03
  0.3810E+01	  0.1855E-01	  0.6638E-03
  0.3870E+01	  0.1792E-01	  0.6801E-03
  0.3930E+01	  0.1732E-01	  0.6967E-03
  0.3990E+01	  0.1675E-01	  0.7139E-03
  0.4050E+01	  0.1620E-01	  0.7318E-03
  0.4110E+01	  0.1567E-01	  0.7504E-03
  0.4170E+01	  0.1516E-01	  0.7695E-03
  0.4230E+01	  0.1467E-01	  0.7888E-03
  0.4290E+01	  0.1421E-01	  0.8084E-03
  0.4350E+01	  0.1376E-01	  0.8283E-03
  0.4410E+01	  0.1333E-01	  0.8485E-03
  0.4470E+01	  0.1291E-01	  0.8691E-03
  0.4530E+01	  0.1251E-01	  0.8899E-03
  0.4590E+01	  0.1213E-01	  0.9111E-03
  0.4650E+01	  0.1176E-01	  0.9327E-03
  0.4710E+01	  0.1140E-01	  0.9545E-03
  0.4770E+01	  0.1105E-01	  0.9767E-03
  0.4830E+01	  0.1072E-01	  0.9993E-03
  0.4890E+01	  0.1040E-01	  0.1022E-02
  0.4950E+01	  0.1009E-01	  0.1046E-02
  0.5010E+01	  0.9794E-02	  0.1069E-02
  0.5070E+01	  0.9505E-02	  0.1094E-02
  0.5130E+01	  0.9226E-02	  0.1118E-02
  0.5190E+01	  0.8957E-02	  0.1143E-02
  0.5250E+01	  0.8697E-02	  0.1169E-02
  0.5310E+01	  0.8445E-02	  0.1195E-02
  0.5370E+01	  0.8201E-02	  0.1221E-02
  0.5430E+01	  0.7965E-02	  0.1248E-02
  0.5490E+01	  0.7737E-02	  0.1275E-02
  0.5550E+01	  0.7516E-02	  0.1303E-02
  0.5610E+01	  0.7302E-02	  0.1331E-02
  0.5670E+01	  0.7095E-02	  0.1359E-02
  0.5730E+01	  0.6894E-02	  0.1388E-02
  0.5790E+01	  0.6700E-02	  0.1417E-02
  0.5850E+01	  0.6511E-02	  0.1447E-02
  0.5910E+01	  0.6328E-02	  0.1477E-02
  0.5970E+01	  0.6151E-02	  0.1508E-02
  0.6030E+01	  0.5979E-02	  0.1539E-02
  0.6090E+01	  0.5811E-02	  0.1570E-02
  0.6150E+01	  0.5649E-02	  0.1602E-02
  0.6210E+01	  0.5492E-02	  0.1634E-02
  0.6270E+01	  0.5339E-02	  0.1667E-02
  0.6330E+01	  0.5190E-02	  0.1700E-02
  0.6390E+01	  0.5046E-02	  0.1734E-02
  0.6450E+01	  0.4906E-02	  0.1768E-02
  0.6510E+01	  0.4769E-02	  0.1803E-02
  0.6570E+01	  0.4637E-02	  0.1838E-02
  0.6630E+01	  0.4508E-02	  0.1874E-02
  0.6690E+01	  0.4383E-02	  0.1911E-02
  0.6750E+01	  0.4261E-02	  0.1948E-02
  0.6810E+01	  0.4143E-02	  0.1986E-02
  0.6870E+01	  0.4028E-02	  0.2024E-02
  0.6930E+01	  0.3916E-02	  0.2063E-02
  0.6990E+01	  0.3807E-02	  0.2102E-02
  0.7050E+01	  0.3701E-02	  0.2142E-02
  0.7110E+01	  0.3598E-02	  0.2181E-02
  0.7170E+01	  0.3497E-02	  0.2222E-02
  0.7230E+01	  0.3399E-02	  0.2262E-02
  0.7290E+01	  0.3304E-02	  0.2304E-02
  0.7350E+01	  0.3211E-02	  0.2346E-02
  0.7410E+01	  0.3121E-02	  0.2390E-02
  0.7470E+01	  0.3033E-02	  0.2434E-02
  0.7530E+01	  0.2947E-02	  0.2478E-02
  0.7590E+01	  0.2863E-02	  0.2524E-02
  0.7650E+01	  0.2781E-02	  0.2571E-02
  0.7710E+01	  0.2702E-02	  0.2618E-02
  0.7770E+01	  0.2625E-02	  0.2667E-02
  0.7830E+01	  0.2549E-02	  0.2716E-02
  0.7890E+01	  0.2476E-02	  0.2766E-02
  0.7950E+01	  0.2404E-02	  0.2818E-02
  0.8010E+01	  0.2334E-02	  0.2870E-02
  0.8070E+01	  0.2266E-02	  0.2924E-02
  0.8130E+01	  0.2200E-02	  0.2979E-02
  0.8190E+01	  0.2135E-02	  0.3035E-02
  0.8250E+01	  0.2072E-02	  0.3092E-02
  0.8310E+01	  0.2010E-02	  0.3151E-02
  0.8370E+01	  0.1950E-02	  0.3211E-02
  0.8430E+01	  0.1892E-02	  0.3272E-02
  0.8490E+01	  0.1835E-02	  0.3335E-02
  0.8550E+01	  0.1779E-02	  0.3399E-02
  0.8610E+01	  0.1725E-02	  0.3465E-02
  0.8670E+01	  0.1672E-02	  0.3533E-02
  0.8730E+01	  0.1621E-02	  0.3602E-02
  0.8790E+01	  0.1571E-02	  0.3673E-02
  0.8850E+01	  0.1522E-02	  0.3746E-02
  0.8910E+01	  0.1474E-02	  0.3821E-02
  0.8970E+01	  0.1427E-02	  0.3897E-02
  0.9030E+01	  0.1382E-02	  0.3976E-02
  0.9090E+01	  0.1337E-02	  0.4056E-02
  0.9150E+01	  0.1294E-02	  0.4139E-02
  0.9210E+01	  0.1252E-02	  0.4225E-02
  0.9270E+01	  0.1211E-02	  0.4313E-02
  0.9330E+01	  0.1171E-02	  0.4404E-02
  0.9390E+01	  0.1132E-02	  0.4497E-02
  0.9450E+01	  0.1094E-02	  0.4594E-02
  0.9510E+01	  0.1056E-02	  0.4694E-02
  0.9570E+01	  0.1020E-02	  0.4797E-02
  0.9630E+01	  0.9846E-03	  0.4904E-02
  0.9690E+01	  0.9501E-03	  0.5014E-02
  0.9750E+01	  0.9164E-03	  0.5128E-02
  0.9810E+01	  0.8835E-03	  0.5247E-02
  0.9870E+01	  0.8515E-03	  0.5370E-02
  0.9930E+01	  0.8202E-03	  0.5498E-02
  0.9990E+01	  0.7897E-03	  0.5631E-02
  0.1005E+02	  0.7599E-03	  0.5767E-02
  0.1011E+02	  0.7309E-03	  0.5906E-02
  0.1017E+02	  0.7025E-03	  0.6051E-02
  0.1023E+02	  0.6747E-03	  0.6203E-02
  0.1029E+02	  0.6476E-03	  0.6363E-02
  0.1035E+02	  0.6212E-03	  0.6532E-02
  0.1041E+02	  0.5953E-03	  0.6709E-02
  0.1047E+02	  0.5700E-03	  0.6897E-02
  0.1053E+02	  0.5453E-03	  0.7096E-02
  0.1059E+02	  0.5212E-03	  0.7306E-02
  0.1065E+02	  0.4977E-03	  0.7526E-02
  0.1071E+02	  0.4746E-03	  0.7758E-02
  0.1077E+02	  0.4521E-03	  0.8007E-02
  0.1083E+02	  0.4300E-03	  0.8275E-02
  0.1089E+02	  0.4085E-03	  0.8563E-02
  0.1095E+02	  0.3874E-03	  0.8874E-02
  0.1101E+02	  0.3667E-03	  0.9212E-02
  0.1107E+02	  0.3465E-03	  0.9580E-02
  0.1113E+02	  0.3268E-03	  0.9982E-02
  0.1119E+02	  0.3075E-03	  0.1042E-01
  0.1125E+02	  0.2886E-03	  0.1091E-01
  0.1131E+02	  0.2701E-03	  0.1145E-01
  0.1137E+02	  0.2520E-03	  0.1206E-01
  0.1143E+02	  0.2344E-03	  0.1273E-01
  0.1149E+02	  0.2171E-03	  0.1350E-01
  0.1155E+02	  0.2002E-03	  0.1436E-01
  0.1161E+02	  0.1837E-03	  0.1521E-01
  0.1167E+02	  0.1679E-03	  0.1586E-01
  0.1173E+02	  0.1531E-03	  0.1638E-01
  0.1179E+02	  0.1392E-03	  0.1697E-01
  0.1185E+02	  0.1262E-03	  0.1735E-01
  0.1191E+02	  0.1144E-03	  0.1760E-01
  0.1197E+02	  0.1035E-03	  0.1806E-01
  0.1203E+02	  0.9338E-04	  0.1865E-01
  0.1209E+02	  0.8400E-04	  0.1928E-01
  0.1215E+02	  0.7532E-04	  0.1995E-01
  0.1221E+02	  0.6732E-04	  0.2063E-01
  0.1227E+02	  0.5998E-04	  0.2129E-01
  0.1233E+02	  0.5328E-04	  0.2190E-01
  0.1239E+02	  0.4720E-04	  0.2248E-01
  0.1245E+02	  0.4171E-04	  0.2303E-01
  0.1251E+02	  0.3677E-04	  0.2351E-01
  0.1257E+02	  0.3237E-04	  0.2389E-01
  0.1263E+02	  0.2845E-04	  0.2419E-01
  0.1269E+02	  0.2498E-04	  0.2439E-01
  0.1275E+02	  0.2192E-04	  0.2454E-01
  0.1281E+02	  0.1923E-04	  0.2465E-01
  0.1287E+02	  0.1687E-04	  0.2481E-01
  0.1293E+02	  0.1478E-04	  0.2507E-01
  0.1299E+02	  0.1293E-04	  0.2537E-01
  0.1305E+02	  0.1130E-04	  0.2517E-01
  0.1311E+02	  0.9925E-05	  0.2467E-01
  0.1317E+02	  0.8716E-05	  0.2472E-01
  0.1323E+02	  0.7653E-05	  0.2483E-01
  0.1329E+02	  0.6716E-05	  0.2512E-01
  0.1335E+02	  0.5878E-05	  0.2575E-01
  0.1341E+02	  0.5126E-05	  0.2655E-01
  0.1347E+02	  0.4451E-05	  0.2731E-01
  0.1353E+02	  0.3853E-05	  0.2803E-01
  0.1359E+02	  0.3323E-05	  0.2877E-01
  0.1365E+02	  0.2856E-05	  0.2953E-01
  0.1371E+02	  0.2445E-05	  0.3032E-01
  0.1377E+02	  0.2085E-05	  0.3116E-01
  0.1383E+02	  0.1771E-05	  0.3205E-01
  0.1389E+02	  0.1497E-05	  0.3299E-01
  0.1395E+02	  0.1260E-05	  0.3396E-01
  0.1401E+02	  0.1056E-05	  0.3493E-01
  0.1407E+02	  0.8802E-06	  0.3590E-01
  0.1413E+02	  0.7306E-06	  0.3687E-01
  0.1419E+02	  0.6035E-06	  0.3784E-01
  0.1425E+02	  0.4963E-06	  0.3882E-01
  0.1431E+02	  0.4062E-06	  0.3979E-01
  0.1437E+02	  0.3310E-06	  0.4074E-01
  0.1443E+02	  0.2685E-06	  0.4167E-01
  0.1449E+02	  0.2169E-06	  0.4259E-01
  0.1455E+02	  0.1745E-06	  0.4349E-01
  0.1461E+02	  0.1398E-06	  0.4437E-01
  0.1467E+02	  0.1115E-06	  0.4523E-01
  0.1473E+02	  0.8863E-07	  0.4608E-01
  0.1479E+02	  0.7016E-07	  0.4691E-01
  0.1485E+02	  0.5534E-07	  0.4770E-01
  0.1491E+02	  0.4350E-07	  0.4846E-01
  0.1497E+02	  0.3408E-07	  0.4917E-01
  0.1503E+02	  0.2662E-07	  0.4981E-01
  0.1509E+02	  0.2073E-07	  0.5043E-01
  0.1515E+02	  0.1610E-07	  0.5104E-01
  0.1521E+02	  0.1248E-07	  0.5165E-01
  0.1527E+02	  0.9639E-08	  0.5225E-01
  0.1533E+02	  0.7426E-08	  0.5286E-01
  0.1539E+02	  0.5707E-08	  0.5346E-01
  0.1545E+02	  0.4373E-08	  0.5407E-01
  0.1551E+02	  0.3342E-08	  0.5468E-01
  0.1557E+02	  0.2547E-08	  0.5532E-01
  0.1563E+02	  0.1935E-08	  0.5599E-01
  0.1569E+02	  0.1466E-08	  0.5672E-01
  0.1575E+02	  0.1107E-08	  0.5757E-01
  0.1581E+02	  0.8316E-09	  0.5851E-01
  0.1587E+02	  0.6224E-09	  0.5945E-01
  0.1593E+02	  0.4639E-09	  0.6036E-01
  0.1599E+02	  0.3445E-09	  0.6122E-01
  0.1605E+02	  0.2549E-09	  0.6202E-01
  0.1611E+02	  0.1879E-09	  0.6281E-01
  0.1617E+02	  0.1381E-09	  0.6360E-01
  0.1623E+02	  0.1011E-09	  0.6437E-01
  0.1629E+02	  0.7381E-10	  0.6514E-01
  0.1635E+02	  0.5369E-10	  0.6591E-01
  0.1641E+02	  0.3892E-10	  0.6668E-01
  0.1647E+02	  0.2813E-10	  0.6745E-01
  0.1653E+02	  0.2025E-10	  0.6822E-01
  0.1659E+02	  0.1454E-10	  0.6899E-01
  0.1665E+02	  0.1040E-10	  0.6976E-01
  0.1671E+02	  0.7416E-11	  0.7052E-01
  0.1677E+02	  0.5271E-11	  0.7127E-01
  0.1683E+02	  0.3734E-11	  0.7202E-01
  0.1689E+02	  0.2637E-11	  0.7275E-01
  0.1695E+02	  0.1857E-11	  0.7347E-01
  0.1701E+02	  0.1303E-11	  0.7418E-01
  0.1707E+02	  0.9120E-12	  0.7486E-01
  0.1713E+02	  0.6364E-12	  0.7554E-01
  0.1719E+02	  0.4428E-12	  0.7621E-01
  0.1725E+02	  0.3072E-12	  0.7688E-01
  0.1731E+02	  0.2126E-12	  0.7754E-01
  0.1737E+02	  0.1467E-12	  0.7820E-01
  0.1743E+02	  0.1009E-12	  0.7886E-01
  0.1749E+02	  0.6921E-13	  0.7952E-01
  0.1755E+02	  0.4734E-13	  0.8018E-01
  0.1761E+02	  0.3230E-13	  0.8084E-01
  0.1767E+02	  0.2197E-13	  0.8149E-01
  0.1773E+02	  0.1490E-13	  0.8214E-01
  0.1779E+02	  0.1008E-13	  0.8279E-01
  0.1785E+02	  0.6801E-14	  0.8344E-01
  0.1791E+02	  0.4576E-14	  0.8407E-01
  0.1797E+02	  0.3071E-14	  0.8468E-01
  0.1803E+02	  0.2056E-14	  0.8527E-01
  0.1809E+02	  0.1374E-14	  0.8583E-01
  0.1815E+02	  0.9155E-15	  0.8640E-01
  0.1821E+02	  0.6087E-15	  0.8697E-01
  0.1827E+02	  0.4038E-15	  0.8753E-01
  0.1833E+02	  0.2673E-15	  0.8810E-01
  0.1839E+02	  0.1766E-15	  0.8866E-01
  0.1845E+02	  0.1164E-15	  0.8922E-01
  0.1851E+02	  0.7654E-16	  0.8978E-01
  0.1857E+02	  0.5022E-16	  0.9035E-01
  0.1863E+02	  0.3288E-16	  0.9092E-01
  0.1869E+02	  0.2148E-16	  0.9148E-01
  0.1875E+02	  0.1401E-16	  0.9204E-01
  0.1881E+02	  0.9110E-17	  0.9259E-01
  0.1887E+02	  0.5914E-17	  0.9314E-01
  0.1893E+02	  0.3831E-17	  0.9367E-01
  0.1899E+02	  0.2476E-17	  0.9419E-01
  0.1905E+02	  0.1598E-17	  0.9468E-01
  0.1911E+02	  0.1029E-17	  0.9516E-01
  0.1917E+02	  0.6613E-18	  0.9564E-01
  0.1923E+02	  0.4243E-18	  0.9612E-01
  0.1929E+02	  0.2717E-18	  0.9659E-01
  0.1935E+02	  0.1737E-18	  0.9707E-01
  0.1941E+02	  0.1108E-18	  0.9753E-01
  0.1947E+02	  0.7055E-19	  0.9800E-01
  0.1953E+02	  0.4484E-19	  0.9847E-01
  0.1959E+02	  0.2845E-19	  0.9893E-01
  0.1965E+02	  0.1802E-19	  0.9939E-01
  0.1971E+02	  0.1139E-19	  0.9985E-01
  0.1977E+02	  0.7186E-20	  0.1003E+00
  0.1983E+02	  0.4525E-20	  0.1008E+00
  0.1989E+02	  0.2844E-20	  0.1013E+00
  0.1995E+02	  0.1785E-20	  0.1018E+00
  0.2001E+02	  0.1118E-20	  0.1023E+00
  0.2007E+02	  0.6996E-21	  0.1027E+00
  0.2013E+02	  0.4371E-21	  0.1032E+00
  0.2019E+02	  0.2727E-21	  0.1037E+00
  0.2025E+02	  0.1699E-21	  0.1042E+00
  0.2031E+02	  0.1057E-21	  0.1047E+00
  0.2037E+02	  0.6565E-22	  0.1051E+00
  0.2043E+02	  0.4073E-22	  0.1056E+00
  0.2049E+02	  0.2524E-22	  0.1061E+00
  0.2055E+02	  0.1562E-22	  0.1065E+00
  0.2061E+02	  0.9655E-23	  0.1069E+00
  0.2067E+02	  0.5960E-23	  0.1073E+00
  0.2073E+02	  0.3676E-23	  0.1078E+00
  0.2079E+02	  0.2264E-23	  0.1082E+00
  0.2085E+02	  0.1393E-23	  0.1086E+00
  0.2091E+02	  0.8561E-24	  0.1090E+00
  0.2097E+02	  0.5256E-24	  0.1094E+00
  0.2103E+02	  0.3223E-24	  0.1098E+00
  0.2109E+02	  0.1975E-24	  0.1102E+00
  0.2115E+02	  0.1208E-24	  0.1106E+00
  0.2121E+02	  0.7388E-25	  0.1110E+00
  0.2127E+02	  0.4512E-25	  0.1114E+00
  0.2133E+02	  0.2753E-25	  0.1118E+00
  0.2139E+02	  0.1678E-25	  0.1122E+00
  0.2145E+02	  0.1022E-25	  0.1126E+00
  0.2151E+02	  0.6213E-26	  0.1130E+00
  0.2157E+02	  0.3775E-26	  0.1134E+00
  0.2163E+02	  0.2291E-26	  0.1138E+00
  0.2169E+02	  0.1389E-26	  0.1142E+00
  0.2175E+02	  0.8413E-27	  0.1146E+00
  0.2181E+02	  0.5090E-27	  0.1150E+00
  0.2187E+02	  0.3076E-27	  0.1154E+00
  0.2193E+02	  0.1857E-27	  0.1158E+00
  0.2199E+02	  0.1121E-27	  0.1161E+00
  0.2205E+02	  0.6754E-28	  0.1165E+00
  0.2211E+02	  0.4068E-28	  0.1168E+00
  0.2217E+02	  0.2448E-28	  0.1171E+00
  0.2223E+02	  0.1472E-28	  0.1174E+00
  0.2229E+02	  0.8846E-29	  0.1177E+00

R25 
------------------------------------------------------------
Electric field / N (Td)                    70.00    
Angular frequency / N (m3/s)              0.1938E-11
Cosine of E-B field angle                  0.000    
Gas temperature (K)                        800.0    
Excitation temperature (K)                 300.0    
Transition energy (eV)                     0.000    
Ionization degree                          0.000    
Plasma density (1/m3)                     0.1000E+19
Ion charge parameter                       1.000    
Ion/neutral mass ratio                     1.000    
Coulomb collision model                    1.000    
Energy sharing                             0.000    
Growth model                               1.000    
Maxwellian mean energy (eV)                0.000    
# of grid points                           500.0    
Grid type                                  1.000    
Maximum energy                             30.00    
Precision                                 0.1000E-29
Convergence                               0.1000E-03
Maximum # of iterations                   0.2000E+05
Mole fraction Ar                           1.000    
------------------------------------------------------------
Mean energy (eV)                           1.199    
Mobility *N (1/m/V/s)                     0.1562E+27
Re/perp mobility *N (1/m/V/s)             0.1754E+22
Im/Hall mobility *N (1/m/V/s)            -0.9080E+23
Diffusion coefficient *N (1/m/s)          0.2950E+26
Energy mobility *N (1/m/V/s)              0.4017E+26
Energy diffusion coef. *N (1/m/s)         0.1276E+26
Total collision freq. /N (m3/s)           0.1882E-13
Momentum frequency /N (m3/s)              0.3746E-13
Total ionization freq. /N (m3/s)          0.4566E-23
Power /N (eV m3/s)                        0.8593E-17
Elastic power loss /N (eV m3/s)           0.2498E-17
Inelastic power loss /N (eV m3/s)         0.6095E-17
Growth power /N (eV m3/s)                 0.5474E-23
Maximum energy                             30.00    
# of iterations                            5.000    
# of grid trials                           1.000    
------------------------------------------------------------
Rate coefficients (m3/s)
C1    Ar    Elastic                       0.1882E-13
C2    Ar    Excitation    11.55 eV        0.1887E-18
C3    Ar    Excitation    11.62 eV        0.1458E-18
C4    Ar    Excitation    11.72 eV        0.2755E-19
C5    Ar    Excitation    11.83 eV        0.1420E-18
C6    Ar    Excitation    12.91 eV        0.5882E-20
C7    Ar    Excitation    13.08 eV        0.1947E-20
C8    Ar    Excitation    13.10 eV        0.1311E-20
C9    Ar    Excitation    13.15 eV        0.6682E-21
C10   Ar    Excitation    13.17 eV        0.1122E-20
C11   Ar    Excitation    13.27 eV        0.2656E-21
C12   Ar    Excitation    13.28 eV        0.5219E-21
C13   Ar    Excitation    13.30 eV        0.4173E-21
C14   Ar    Excitation    13.33 eV        0.5086E-21
C15   Ar    Excitation    13.48 eV        0.6789E-21
C16   Ar    Excitation    13.85 eV        0.2484E-21
C17   Ar    Excitation    13.86 eV        0.1066E-20
C18   Ar    Excitation    13.90 eV        0.5187E-21
C19   Ar    Excitation    13.98 eV        0.5825E-21
C20   Ar    Excitation    14.01 eV        0.1585E-21
C21   Ar    Excitation    14.06 eV        0.1363E-21
C22   Ar    Excitation    14.07 eV        0.1348E-21
C23   Ar    Excitation    14.09 eV        0.4277E-23
C24   Ar    Excitation    14.10 eV        0.1708E-22
C25   Ar    Excitation    14.15 eV        0.9776E-23
C26   Ar    Excitation    14.21 eV        0.1329E-21
C27   Ar    Excitation    14.23 eV        0.8703E-22
C28   Ar    Excitation    14.24 eV        0.1922E-22
C29   Ar    Excitation    14.24 eV        0.1862E-22
C30   Ar    Excitation    14.26 eV        0.9941E-24
C31   Ar    Excitation    14.30 eV        0.6911E-23
C32   Ar    Excitation    14.71 eV        0.2892E-25
C33   Ar    Excitation    14.85 eV        0.1251E-24
C34   Ar    Excitation    14.86 eV        0.4016E-24
C35   Ar    Excitation    15.00 eV        0.9441E-25
C36   Ar    Excitation    15.02 eV        0.9206E-25
C37   Ar    Excitation    15.12 eV        0.1137E-25
C38   Ar    Excitation    15.19 eV        0.8791E-25
C39   Ar    Excitation    15.19 eV        0.8639E-25
C40   Ar    Excitation    15.31 eV        0.9035E-27
C41   Ar    Excitation    15.35 eV        0.5069E-27
C42   Ar    Excitation    15.36 eV        0.7064E-27
C43   Ar    Excitation    15.37 eV        0.1208E-25
C44   Ar    Excitation    15.37 eV        0.2599E-25
C45   Ar    Excitation    15.66 eV        0.3256E-25
C46   Ar    Ionization    15.76 eV        0.4566E-23
------------------------------------------------------------
Energy (eV) EEDF (eV-3/2) Anisotropy
  0.3000E-01	  0.5689E+01	  0.6556E-05
  0.9000E-01	  0.5271E+01	  0.7142E-05
  0.1500E+00	  0.4566E+01	  0.8312E-05
  0.2100E+00	  0.3348E+01	  0.1060E-04
  0.2700E+00	  0.2019E+01	  0.1683E-04
  0.3300E+00	  0.1292E+01	  0.2557E-04
  0.3900E+00	  0.9245E+00	  0.3465E-04
  0.4500E+00	  0.7160E+00	  0.4341E-04
  0.5100E+00	  0.5830E+00	  0.5216E-04
  0.5700E+00	  0.4904E+00	  0.6105E-04
  0.6300E+00	  0.4219E+00	  0.7028E-04
  0.6900E+00	  0.3688E+00	  0.7998E-04
  0.7500E+00	  0.3262E+00	  0.9013E-04
  0.8100E+00	  0.2913E+00	  0.1007E-03
  0.8700E+00	  0.2621E+00	  0.1116E-03
  0.9300E+00	  0.2374E+00	  0.1229E-03
  0.9900E+00	  0.2163E+00	  0.1344E-03
  0.1050E+01	  0.1979E+00	  0.1460E-03
  0.1110E+01	  0.1816E+00	  0.1577E-03
  0.1170E+01	  0.1672E+00	  0.1695E-03
  0.1230E+01	  0.1542E+00	  0.1814E-03
  0.1290E+01	  0.1426E+00	  0.1933E-03
  0.1350E+01	  0.1322E+00	  0.2051E-03
  0.1410E+01	  0.1228E+00	  0.2168E-03
  0.1470E+01	  0.1143E+00	  0.2288E-03
  0.1530E+01	  0.1065E+00	  0.2409E-03
  0.1590E+01	  0.9955E-01	  0.2529E-03
  0.1650E+01	  0.9321E-01	  0.2645E-03
  0.1710E+01	  0.8743E-01	  0.2759E-03
  0.1770E+01	  0.8216E-01	  0.2874E-03
  0.1830E+01	  0.7732E-01	  0.2990E-03
  0.1890E+01	  0.7286E-01	  0.3108E-03
  0.1950E+01	  0.6876E-01	  0.3228E-03
  0.2010E+01	  0.6496E-01	  0.3351E-03
  0.2070E+01	  0.6145E-01	  0.3476E-03
  0.2130E+01	  0.5821E-01	  0.3603E-03
  0.2190E+01	  0.5521E-01	  0.3732E-03
  0.2250E+01	  0.5242E-01	  0.3862E-03
  0.2310E+01	  0.4983E-01	  0.3993E-03
  0.2370E+01	  0.4742E-01	  0.4126E-03
  0.2430E+01	  0.4516E-01	  0.4260E-03
  0.2490E+01	  0.4306E-01	  0.4395E-03
  0.2550E+01	  0.4109E-01	  0.4533E-03
  0.2610E+01	  0.3924E-01	  0.4672E-03
  0.2670E+01	  0.3751E-01	  0.4812E-03
  0.2730E+01	  0.3589E-01	  0.4954E-03
  0.2790E+01	  0.3436E-01	  0.5098E-03
  0.2850E+01	  0.3292E-01	  0.5242E-03
  0.2910E+01	  0.3156E-01	  0.5389E-03
  0.2970E+01	  0.3028E-01	  0.5537E-03
  0.3030E+01	  0.2907E-01	  0.5687E-03
  0.3090E+01	  0.2793E-01	  0.5838E-03
  0.3150E+01	  0.2684E-01	  0.5991E-03
  0.3210E+01	  0.2582E-01	  0.6146E-03
  0.3270E+01	  0.2484E-01	  0.6303E-03
  0.3330E+01	  0.2391E-01	  0.6463E-03
  0.3390E+01	  0.2303E-01	  0.6624E-03
  0.3450E+01	  0.2219E-01	  0.6788E-03
  0.3510E+01	  0.2139E-01	  0.6955E-03
  0.3570E+01	  0.2062E-01	  0.7123E-03
  0.3630E+01	  0.1989E-01	  0.7295E-03
  0.3690E+01	  0.1920E-01	  0.7469E-03
  0.3750E+01	  0.1853E-01	  0.7645E-03
  0.3810E+01	  0.1790E-01	  0.7824E-03
  0.3870E+01	  0.1729E-01	  0.8006E-03
  0.3930E+01	  0.1671E-01	  0.8191E-03
  0.3990E+01	  0.1615E-01	  0.8382E-03
  0.4050E+01	  0.1561E-01	  0.8580E-03
  0.4110E+01	  0.1510E-01	  0.8783E-03
  0.4170E+01	  0.1461E-01	  0.8990E-03
  0.4230E+01	  0.1414E-01	  0.9200E-03
  0.4290E+01	  0.1369E-01	  0.9413E-03
  0.4350E+01	  0.1326E-01	  0.9630E-03
  0.4410E+01	  0.1285E-01	  0.9849E-03
  0.4470E+01	  0.1245E-01	  0.1007E-02
  0.4530E+01	  0.1207E-01	  0.1030E-02
  0.4590E+01	  0.1170E-01	  0.1052E-02
  0.4650E+01	  0.1135E-01	  0.1076E-02
  0.4710E+01	  0.1101E-01	  0.1099E-02
  0.4770E+01	  0.1068E-01	  0.1123E-02
  0.4830E+01	  0.1036E-01	  0.1147E-02
  0.4890E+01	  0.1006E-01	  0.1172E-02
  0.4950E+01	  0.9763E-02	  0.1197E-02
  0.5010E+01	  0.9480E-02	  0.1222E-02
  0.5070E+01	  0.9206E-02	  0.1248E-02
  0.5130E+01	  0.8942E-02	  0.1274E-02
  0.5190E+01	  0.8688E-02	  0.1301E-02
  0.5250E+01	  0.8441E-02	  0.1328E-02
  0.5310E+01	  0.8203E-02	  0.1356E-02
  0.5370E+01	  0.7973E-02	  0.1384E-02
  0.5430E+01	  0.7751E-02	  0.1412E-02
  0.5490E+01	  0.7536E-02	  0.1441E-02
  0.5550E+01	  0.7327E-02	  0.1470E-02
  0.5610E+01	  0.7126E-02	  0.1499E-02
  0.5670E+01	  0.6930E-02	  0.1529E-02
  0.5730E+01	  0.6741E-02	  0.1560E-02
  0.5790E+01	  0.6558E-02	  0.1591E-02
  0.5850E+01	  0.6380E-02	  0.1622E-02
  0.5910E+01	  0.6208E-02	  0.1654E-02
  0.5970E+01	  0.6041E-02	  0.1686E-02
  0.6030E+01	  0.5879E-02	  0.1719E-02
  0.6090E+01	  0.5722E-02	  0.1752E-02
  0.6150E+01	  0.5569E-02	  0.1785E-02
  0.6210E+01	  0.5421E-02	  0.1819E-02
  0.6270E+01	  0.5277E-02	  0.1853E-02
  0.6330E+01	  0.5137E-02	  0.1888E-02
  0.6390E+01	  0.5001E-02	  0.1924E-02
  0.6450E+01	  0.4868E-02	  0.1960E-02
  0.6510E+01	  0.4740E-02	  0.1996E-02
  0.6570E+01	  0.4615E-02	  0.2034E-02
  0.6630E+01	  0.4493E-02	  0.2072E-02
  0.6690E+01	  0.4375E-02	  0.2110E-02
  0.6750E+01	  0.4260E-02	  0.2149E-02
  0.6810E+01	  0.4148E-02	  0.2189E-02
  0.6870E+01	  0.4039E-02	  0.2229E-02
  0.6930E+01	  0.3933E-02	  0.2270E-02
  0.6990E+01	  0.3830E-02	  0.2311E-02
  0.7050E+01	  0.3730E-02	  0.2353E-02
  0.7110E+01	  0.3632E-02	  0.2395E-02
  0.7170E+01	  0.3536E-02	  0.2437E-02
  0.7230E+01	  0.3443E-02	  0.2481E-02
  0.7290E+01	  0.3352E-02	  0.2525E-02
  0.7350E+01	  0.3264E-02	  0.2570E-02
  0.7410E+01	  0.3177E-02	  0.2615E-02
  0.7470E+01	  0.3093E-02	  0.2662E-02
  0.7530E+01	  0.3011E-02	  0.2709E-02
  0.7590E+01	  0.2931E-02	  0.2758E-02
  0.7650E+01	  0.2852E-02	  0.2807E-02
  0.7710E+01	  0.2776E-02	  0.2858E-02
  0.7770E+01	  0.2702E-02	  0.2909E-02
  0.7830E+01	  0.2629E-02	  0.2961E-02
  0.7890E+01	  0.2558E-02	  0.3015E-02
  0.7950E+01	  0.2489E-02	  0.3070E-02
  0.8010E+01	  0.2421E-02	  0.3125E-02
  0.8070E+01	  0.2355E-02	  0.3182E-02
  0.8130E+01	  0.2291E-02	  0.3241E-02
  0.8190E+01	  0.2228E-02	  0.3300E-02
  0.8250E+01	  0.2167E-02	  0.3361E-02
  0.8310E+01	  0.2107E-02	  0.3423E-02
  0.8370E+01	  0.2048E-02	  0.3487E-02
  0.8430E+01	  0.1991E-02	  0.3552E-02
  0.8490E+01	  0.1935E-02	  0.3619E-02
  0.8550E+01	  0.1880E-02	  0.3687E-02
  0.8610E+01	  0.1827E-02	  0.3757E-02
  0.8670E+01	  0.1775E-02	  0.3829E-02
  0.8730E+01	  0.1724E-02	  0.3902E-02
  0.8790E+01	  0.1675E-02	  0.3978E-02
  0.8850E+01	  0.1626E-02	  0.4055E-02
  0.8910E+01	  0.1579E-02	  0.4135E-02
  0.8970E+01	  0.1532E-02	  0.4216E-02
  0.9030E+01	  0.1487E-02	  0.4299E-02
  0.9090E+01	  0.1443E-02	  0.4385E-02
  0.9150E+01	  0.1399E-02	  0.4473E-02
  0.9210E+01	  0.1357E-02	  0.4564E-02
  0.9270E+01	  0.1316E-02	  0.4658E-02
  0.9330E+01	  0.1276E-02	  0.4754E-02
  0.9390E+01	  0.1236E-02	  0.4853E-02
  0.9450E+01	  0.1197E-02	  0.4956E-02
  0.9510E+01	  0.1160E-02	  0.5062E-02
  0.9570E+01	  0.1123E-02	  0.5171E-02
  0.9630E+01	  0.1087E-02	  0.5284E-02
  0.9690E+01	  0.1052E-02	  0.5401E-02
  0.9750E+01	  0.1017E-02	  0.5522E-02
  0.9810E+01	  0.9833E-03	  0.5647E-02
  0.9870E+01	  0.9504E-03	  0.5777E-02
  0.9930E+01	  0.9181E-03	  0.5913E-02
  0.9990E+01	  0.8866E-03	  0.6053E-02
  0.1005E+02	  0.8558E-03	  0.6197E-02
  0.1011E+02	  0.8256E-03	  0.6344E-02
  0.1017E+02	  0.7961E-03	  0.6497E-02
  0.1023E+02	  0.7671E-03	  0.6658E-02
  0.1029E+02	  0.7387E-03	  0.6827E-02
  0.1035E+02	  0.7109E-03	  0.7004E-02
  0.1041E+02	  0.6836E-03	  0.7191E-02
  0.1047E+02	  0.6569E-03	  0.7388E-02
  0.1053E+02	  0.6308E-03	  0.7595E-02
  0.1059E+02	  0.6052E-03	  0.7814E-02
  0.1065E+02	  0.5801E-03	  0.8044E-02
  0.1071E+02	  0.5554E-03	  0.8285E-02
  0.1077E+02	  0.5312E-03	  0.8543E-02
  0.1083E+02	  0.5075E-03	  0.8819E-02
  0.1089E+02	  0.4842E-03	  0.9116E-02
  0.1095E+02	  0.4613E-03	  0.9434E-02
  0.1101E+02	  0.4389E-03	  0.9778E-02
  0.1107E+02	  0.4169E-03	  0.1015E-01
  0.1113E+02	  0.3953E-03	  0.1055E-01
  0.1119E+02	  0.3740E-03	  0.1100E-01
  0.1125E+02	  0.3532E-03	  0.1148E-01
  0.1131E+02	  0.3328E-03	  0.1201E-01
  0.1137E+02	  0.3127E-03	  0.1260E-01
  0.1143E+02	  0.2931E-03	  0.1325E-01
  0.1149E+02	  0.2738E-03	  0.1398E-01
  0.1155E+02	  0.2548E-03	  0.1479E-01
  0.1161E+02	  0.2363E-03	  0.1558E-01
  0.1167E+02	  0.2184E-03	  0.1619E-01
  0.1173E+02	  0.2015E-03	  0.1670E-01
  0.1179E+02	  0.1854E-03	  0.1727E-01
  0.1185E+02	  0.1702E-03	  0.1766E-01
  0.1191E+02	  0.1562E-03	  0.1794E-01
  0.1197E+02	  0.1431E-03	  0.1840E-01
  0.1203E+02	  0.1308E-03	  0.1897E-01
  0.1209E+02	  0.1193E-03	  0.1959E-01
  0.1215E+02	  0.1085E-03	  0.2023E-01
  0.1221E+02	  0.9841E-04	  0.2088E-01
  0.1227E+02	  0.8904E-04	  0.2150E-01
  0.1233E+02	  0.8037E-04	  0.2207E-01
  0.1239E+02	  0.7239E-04	  0.2262E-01
  0.1245E+02	  0.6507E-04	  0.2313E-01
  0.1251E+02	  0.5838E-04	  0.2357E-01
  0.1257E+02	  0.5232E-04	  0.2394E-01
  0.1263E+02	  0.4683E-04	  0.2421E-01
  0.1269E+02	  0.4188E-04	  0.2441E-01
  0.1275E+02	  0.3744E-04	  0.2456E-01
  0.1281E+02	  0.3346E-04	  0.2468E-01
  0.1287E+02	  0.2989E-04	  0.2485E-01
  0.1293E+02	  0.2668E-04	  0.2510E-01
  0.1299E+02	  0.2379E-04	  0.2539E-01
  0.1305E+02	  0.2120E-04	  0.2523E-01
  0.1311E+02	  0.1895E-04	  0.2485E-01
  0.1317E+02	  0.1694E-04	  0.2496E-01
  0.1323E+02	  0.1513E-04	  0.2513E-01
  0.1329E+02	  0.1350E-04	  0.2548E-01
  0.1335E+02	  0.1203E-04	  0.2612E-01
  0.1341E+02	  0.1068E-04	  0.2691E-01
  0.1347E+02	  0.9445E-05	  0.2766E-01
  0.1353E+02	  0.8332E-05	  0.2838E-01
  0.1359E+02	  0.7327E-05	  0.2913E-01
  0.1365E+02	  0.6424E-05	  0.2989E-01
  0.1371E+02	  0.5614E-05	  0.3068E-01
  0.1377E+02	  0.4889E-05	  0.3152E-01
  0.1383E+02	  0.4243E-05	  0.3241E-01
  0.1389E+02	  0.3668E-05	  0.3334E-01
  0.1395E+02	  0.3159E-05	  0.3430E-01
  0.1401E+02	  0.2710E-05	  0.3526E-01
  0.1407E+02	  0.2315E-05	  0.3622E-01
  0.1413E+02	  0.1970E-05	  0.3717E-01
  0.1419E+02	  0.1670E-05	  0.3813E-01
  0.1425E+02	  0.1410E-05	  0.3909E-01
  0.1431E+02	  0.1186E-05	  0.4004E-01
  0.1437E+02	  0.9941E-06	  0.4097E-01
  0.1443E+02	  0.8299E-06	  0.4189E-01
  0.1449E+02	  0.6903E-06	  0.4279E-01
  0.1455E+02	  0.5721E-06	  0.4367E-01
  0.1461E+02	  0.4725E-06	  0.4454E-01
  0.1467E+02	  0.3890E-06	  0.4539E-01
  0.1473E+02	  0.3191E-06	  0.4622E-01
  0.1479E+02	  0.2609E-06	  0.4702E-01
  0.1485E+02	  0.2127E-06	  0.4780E-01
  0.1491E+02	  0.1729E-06	  0.4854E-01
  0.1497E+02	  0.1402E-06	  0.4923E-01
  0.1503E+02	  0.1133E-06	  0.4987E-01
  0.1509E+02	  0.9141E-07	  0.5048E-01
  0.1515E+02	  0.7356E-07	  0.5108E-01
  0.1521E+02	  0.5905E-07	  0.5169E-01
  0.1527E+02	  0.4730E-07	  0.5229E-01
  0.1533E+02	  0.3780E-07	  0.5289E-01
  0.1539E+02	  0.3014E-07	  0.5349E-01
  0.1545E+02	  0.2397E-07	  0.5410E-01
  0.1551E+02	  0.1902E-07	  0.5473E-01
  0.1557E+02	  0.1506E-07	  0.5537E-01
  0.1563E+02	  0.1189E-07	  0.5605E-01
  0.1569E+02	  0.9359E-08	  0.5679E-01
  0.1575E+02	  0.7346E-08	  0.5764E-01
  0.1581E+02	  0.5745E-08	  0.5856E-01
  0.1587E+02	  0.4477E-08	  0.5949E-01
  0.1593E+02	  0.3477E-08	  0.6037E-01
  0.1599E+02	  0.2691E-08	  0.6121E-01
  0.1605E+02	  0.2077E-08	  0.6201E-01
  0.1611E+02	  0.1598E-08	  0.6279E-01
  0.1617E+02	  0.1226E-08	  0.6356E-01
  0.1623E+02	  0.9378E-09	  0.6433E-01
  0.1629E+02	  0.7153E-09	  0.6509E-01
  0.1635E+02	  0.5441E-09	  0.6585E-01
  0.1641E+02	  0.4126E-09	  0.6660E-01
  0.1647E+02	  0.3120E-09	  0.6736E-01
  0.1653E+02	  0.2353E-09	  0.6813E-01
  0.1659E+02	  0.1769E-09	  0.6889E-01
  0.1665E+02	  0.1327E-09	  0.6964E-01
  0.1671E+02	  0.9919E-10	  0.7039E-01
  0.1677E+02	  0.7396E-10	  0.7113E-01
  0.1683E+02	  0.5500E-10	  0.7187E-01
  0.1689E+02	  0.4078E-10	  0.7259E-01
  0.1695E+02	  0.3016E-10	  0.7330E-01
  0.1701E+02	  0.2225E-10	  0.7399E-01
  0.1707E+02	  0.1637E-10	  0.7466E-01
  0.1713E+02	  0.1202E-10	  0.7533E-01
  0.1719E+02	  0.8800E-11	  0.7599E-01
  0.1725E+02	  0.6428E-11	  0.7665E-01
  0.1731E+02	  0.4684E-11	  0.7730E-01
  0.1737E+02	  0.3404E-11	  0.7795E-01
  0.1743E+02	  0.2469E-11	  0.7860E-01
  0.1749E+02	  0.1786E-11	  0.7925E-01
  0.1755E+02	  0.1288E-11	  0.7990E-01
  0.1761E+02	  0.9275E-12	  0.8055E-01
  0.1767E+02	  0.6661E-12	  0.8119E-01
  0.1773E+02	  0.4772E-12	  0.8183E-01
  0.1779E+02	  0.3411E-12	  0.8246E-01
  0.1785E+02	  0.2432E-12	  0.8310E-01
  0.1791E+02	  0.1730E-12	  0.8372E-01
  0.1797E+02	  0.1228E-12	  0.8431E-01
  0.1803E+02	  0.8702E-13	  0.8489E-01
  0.1809E+02	  0.6153E-13	  0.8544E-01
  0.1815E+02	  0.4342E-13	  0.8600E-01
  0.1821E+02	  0.3058E-13	  0.8656E-01
  0.1827E+02	  0.2149E-13	  0.8711E-01
  0.1833E+02	  0.1508E-13	  0.8767E-01
  0.1839E+02	  0.1056E-13	  0.8822E-01
  0.1845E+02	  0.7380E-14	  0.8877E-01
  0.1851E+02	  0.5148E-14	  0.8933E-01
  0.1857E+02	  0.3585E-14	  0.8988E-01
  0.1863E+02	  0.2491E-14	  0.9044E-01
  0.1869E+02	  0.1728E-14	  0.9099E-01
  0.1875E+02	  0.1197E-14	  0.9154E-01
  0.1881E+02	  0.8270E-15	  0.9208E-01
  0.1887E+02	  0.5705E-15	  0.9261E-01
  0.1893E+02	  0.3929E-15	  0.9313E-01
  0.1899E+02	  0.2701E-15	  0.9364E-01
  0.1905E+02	  0.1853E-15	  0.9412E-01
  0.1911E+02	  0.1270E-15	  0.9459E-01
  0.1917E+02	  0.8688E-16	  0.9506E-01
  0.1923E+02	  0.5933E-16	  0.9553E-01
  0.1929E+02	  0.4046E-16	  0.9600E-01
  0.1935E+02	  0.2754E-16	  0.9646E-01
  0.1941E+02	  0.1872E-16	  0.9692E-01
  0.1947E+02	  0.1270E-16	  0.9737E-01
  0.1953E+02	  0.8607E-17	  0.9783E-01
  0.1959E+02	  0.5823E-17	  0.9828E-01
  0.1965E+02	  0.3932E-17	  0.9874E-01
  0.1971E+02	  0.2652E-17	  0.9919E-01
  0.1977E+02	  0.1785E-17	  0.9964E-01
  0.1983E+02	  0.1200E-17	  0.1001E+00
  0.1989E+02	  0.8052E-18	  0.1006E+00
  0.1995E+02	  0.5395E-18	  0.1011E+00
  0.2001E+02	  0.3610E-18	  0.1016E+00
  0.2007E+02	  0.2413E-18	  0.1020E+00
  0.2013E+02	  0.1611E-18	  0.1025E+00
  0.2019E+02	  0.1074E-18	  0.1030E+00
  0.2025E+02	  0.7151E-19	  0.1035E+00
  0.2031E+02	  0.4756E-19	  0.1039E+00
  0.2037E+02	  0.3160E-19	  0.1044E+00
  0.2043E+02	  0.2097E-19	  0.1048E+00
  0.2049E+02	  0.1390E-19	  0.1053E+00
  0.2055E+02	  0.9202E-20	  0.1057E+00
  0.2061E+02	  0.6087E-20	  0.1061E+00
  0.2067E+02	  0.4022E-20	  0.1065E+00
  0.2073E+02	  0.2655E-20	  0.1069E+00
  0.2079E+02	  0.1751E-20	  0.1074E+00
  0.2085E+02	  0.1153E-20	  0.1078E+00
  0.2091E+02	  0.7592E-21	  0.1082E+00
  0.2097E+02	  0.4993E-21	  0.1086E+00
  0.2103E+02	  0.3280E-21	  0.1090E+00
  0.2109E+02	  0.2153E-21	  0.1094E+00
  0.2115E+02	  0.1412E-21	  0.1098E+00
  0.2121E+02	  0.9253E-22	  0.1101E+00
  0.2127E+02	  0.6057E-22	  0.1105E+00
  0.2133E+02	  0.3962E-22	  0.1109E+00
  0.2139E+02	  0.2589E-22	  0.1113E+00
  0.2145E+02	  0.1691E-22	  0.1117E+00
  0.2151E+02	  0.1103E-22	  0.1121E+00
  0.2157E+02	  0.7187E-23	  0.1125E+00
  0.2163E+02	  0.4680E-23	  0.1129E+00
  0.2169E+02	  0.3045E-23	  0.1133E+00
  0.2175E+02	  0.1979E-23	  0.1137E+00
  0.2181E+02	  0.1285E-23	  0.1141E+00
  0.2187E+02	  0.8337E-24	  0.1144E+00
  0.2193E+02	  0.5405E-24	  0.1148E+00
  0.2199E+02	  0.3501E-24	  0.1151E+00
  0.2205E+02	  0.2266E-24	  0.1155E+00
  0.2211E+02	  0.1466E-24	  0.1158E+00
  0.2217E+02	  0.9477E-25	  0.1161E+00
  0.2223E+02	  0.6122E-25	  0.1164E+00
  0.2229E+02	  0.3952E-25	  0.1167E+00
  0.2235E+02	  0.2550E-25	  0.1170E+00
  0.2241E+02	  0.1644E-25	  0.1173E+00
  0.2247E+02	  0.1059E-25	  0.1176E+00
  0.2253E+02	  0.6818E-26	  0.1179E+00
  0.2259E+02	  0.4386E-26	  0.1182E+00
  0.2265E+02	  0.2820E-26	  0.1186E+00
  0.2271E+02	  0.1811E-26	  0.1189E+00
  0.2277E+02	  0.1163E-26	  0.1192E+00
  0.2283E+02	  0.7459E-27	  0.1195E+00
  0.2289E+02	  0.4781E-27	  0.1198E+00
  0.2295E+02	  0.3063E-27	  0.1201E+00
  0.2301E+02	  0.1961E-27	  0.1204E+00
  0.2307E+02	  0.1254E-27	  0.1207E+00
  0.2313E+02	  0.8019E-28	  0.1210E+00
  0.2319E+02	  0.5123E-28	  0.1213E+00
  0.2325E+02	  0.3271E-28	  0.1215E+00
  0.2331E+02	  0.2087E-28	  0.1218E+00
  0.2337E+02	  0.1331E-28	  0.1221E+00
  0.2343E+02	  0.8482E-29	  0.1224E+00

R26 
------------------------------------------------------------
Electric field / N (Td)                    80.00    
Angular frequency / N (m3/s)              0.1938E-11
Cosine of E-B field angle                  0.000    
Gas temperature (K)                        800.0    
Excitation temperature (K)                 300.0    
Transition energy (eV)                     0.000    
Ionization degree                          0.000    
Plasma density (1/m3)                     0.1000E+19
Ion charge parameter                       1.000    
Ion/neutral mass ratio                     1.000    
Coulomb collision model                    1.000    
Energy sharing                             0.000    
Growth model                               1.000    
Maxwellian mean energy (eV)                0.000    
# of grid points                           500.0    
Grid type                                  1.000    
Maximum energy                             30.00    
Precision                                 0.1000E-29
Convergence                               0.1000E-03
Maximum # of iterations                   0.2000E+05
Mole fraction Ar                           1.000    
------------------------------------------------------------
Mean energy (eV)                           1.225    
Mobility *N (1/m/V/s)                     0.1522E+27
Re/perp mobility *N (1/m/V/s)             0.1801E+22
Im/Hall mobility *N (1/m/V/s)            -0.9078E+23
Diffusion coefficient *N (1/m/s)          0.2925E+26
Energy mobility *N (1/m/V/s)              0.3861E+26
Energy diffusion coef. *N (1/m/s)         0.1259E+26
Total collision freq. /N (m3/s)           0.1939E-13
Momentum frequency /N (m3/s)              0.3847E-13
Total ionization freq. /N (m3/s)          0.2451E-22
Power /N (eV m3/s)                        0.1153E-16
Elastic power loss /N (eV m3/s)           0.2620E-17
Inelastic power loss /N (eV m3/s)         0.8905E-17
Growth power /N (eV m3/s)                 0.3003E-22
Maximum energy                             30.00    
# of iterations                            5.000    
# of grid trials                           1.000    
------------------------------------------------------------
Rate coefficients (m3/s)
C1    Ar    Elastic                       0.1939E-13
C2    Ar    Excitation    11.55 eV        0.2678E-18
C3    Ar    Excitation    11.62 eV        0.2070E-18
C4    Ar    Excitation    11.72 eV        0.3981E-19
C5    Ar    Excitation    11.83 eV        0.2111E-18
C6    Ar    Excitation    12.91 eV        0.1010E-19
C7    Ar    Excitation    13.08 eV        0.3899E-20
C8    Ar    Excitation    13.10 eV        0.2634E-20
C9    Ar    Excitation    13.15 eV        0.1374E-20
C10   Ar    Excitation    13.17 eV        0.2289E-20
C11   Ar    Excitation    13.27 eV        0.5625E-21
C12   Ar    Excitation    13.28 eV        0.1106E-20
C13   Ar    Excitation    13.30 eV        0.8786E-21
C14   Ar    Excitation    13.33 eV        0.1070E-20
C15   Ar    Excitation    13.48 eV        0.1501E-20
C16   Ar    Excitation    13.85 eV        0.5969E-21
C17   Ar    Excitation    13.86 eV        0.2593E-20
C18   Ar    Excitation    13.90 eV        0.1285E-20
C19   Ar    Excitation    13.98 eV        0.1472E-20
C20   Ar    Excitation    14.01 eV        0.4055E-21
C21   Ar    Excitation    14.06 eV        0.3551E-21
C22   Ar    Excitation    14.07 eV        0.3519E-21
C23   Ar    Excitation    14.09 eV        0.1241E-22
C24   Ar    Excitation    14.10 eV        0.4532E-22
C25   Ar    Excitation    14.15 eV        0.2902E-22
C26   Ar    Excitation    14.21 eV        0.3648E-21
C27   Ar    Excitation    14.23 eV        0.2398E-21
C28   Ar    Excitation    14.24 eV        0.5332E-22
C29   Ar    Excitation    14.24 eV        0.5136E-22
C30   Ar    Excitation    14.26 eV        0.3064E-23
C31   Ar    Excitation    14.30 eV        0.2170E-22
C32   Ar    Excitation    14.71 eV        0.1067E-24
C33   Ar    Excitation    14.85 eV        0.4887E-24
C34   Ar    Excitation    14.86 eV        0.1577E-23
C35   Ar    Excitation    15.00 eV        0.3946E-24
C36   Ar    Excitation    15.02 eV        0.3878E-24
C37   Ar    Excitation    15.12 eV        0.4996E-25
C38   Ar    Excitation    15.19 eV        0.3984E-24
C39   Ar    Excitation    15.19 eV        0.3922E-24
C40   Ar    Excitation    15.31 eV        0.4329E-26
C41   Ar    Excitation    15.35 eV        0.2478E-26
C42   Ar    Excitation    15.36 eV        0.3468E-26
C43   Ar    Excitation    15.37 eV        0.5947E-25
C44   Ar    Excitation    15.37 eV        0.1285E-24
C45   Ar    Excitation    15.66 eV        0.1850E-24
C46   Ar    Ionization    15.76 eV        0.2451E-22
------------------------------------------------------------
Energy (eV) EEDF (eV-3/2) Anisotropy
  0.3000E-01	  0.5524E+01	  0.7203E-05
  0.9000E-01	  0.5133E+01	  0.7910E-05
  0.1500E+00	  0.4461E+01	  0.9326E-05
  0.2100E+00	  0.3284E+01	  0.1198E-04
  0.2700E+00	  0.1992E+01	  0.1902E-04
  0.3300E+00	  0.1281E+01	  0.2884E-04
  0.3900E+00	  0.9211E+00	  0.3897E-04
  0.4500E+00	  0.7165E+00	  0.4871E-04
  0.5100E+00	  0.5856E+00	  0.5842E-04
  0.5700E+00	  0.4944E+00	  0.6831E-04
  0.6300E+00	  0.4267E+00	  0.7859E-04
  0.6900E+00	  0.3741E+00	  0.8944E-04
  0.7500E+00	  0.3318E+00	  0.1009E-03
  0.8100E+00	  0.2969E+00	  0.1128E-03
  0.8700E+00	  0.2677E+00	  0.1252E-03
  0.9300E+00	  0.2429E+00	  0.1381E-03
  0.9900E+00	  0.2216E+00	  0.1513E-03
  0.1050E+01	  0.2031E+00	  0.1646E-03
  0.1110E+01	  0.1866E+00	  0.1782E-03
  0.1170E+01	  0.1718E+00	  0.1920E-03
  0.1230E+01	  0.1586E+00	  0.2061E-03
  0.1290E+01	  0.1467E+00	  0.2202E-03
  0.1350E+01	  0.1360E+00	  0.2341E-03
  0.1410E+01	  0.1263E+00	  0.2480E-03
  0.1470E+01	  0.1176E+00	  0.2622E-03
  0.1530E+01	  0.1096E+00	  0.2766E-03
  0.1590E+01	  0.1024E+00	  0.2908E-03
  0.1650E+01	  0.9580E-01	  0.3044E-03
  0.1710E+01	  0.8982E-01	  0.3179E-03
  0.1770E+01	  0.8436E-01	  0.3314E-03
  0.1830E+01	  0.7934E-01	  0.3451E-03
  0.1890E+01	  0.7472E-01	  0.3591E-03
  0.1950E+01	  0.7046E-01	  0.3734E-03
  0.2010E+01	  0.6652E-01	  0.3879E-03
  0.2070E+01	  0.6289E-01	  0.4028E-03
  0.2130E+01	  0.5952E-01	  0.4178E-03
  0.2190E+01	  0.5641E-01	  0.4330E-03
  0.2250E+01	  0.5352E-01	  0.4484E-03
  0.2310E+01	  0.5083E-01	  0.4638E-03
  0.2370E+01	  0.4833E-01	  0.4795E-03
  0.2430E+01	  0.4599E-01	  0.4952E-03
  0.2490E+01	  0.4381E-01	  0.5112E-03
  0.2550E+01	  0.4177E-01	  0.5273E-03
  0.2610E+01	  0.3986E-01	  0.5435E-03
  0.2670E+01	  0.3807E-01	  0.5599E-03
  0.2730E+01	  0.3640E-01	  0.5764E-03
  0.2790E+01	  0.3482E-01	  0.5930E-03
  0.2850E+01	  0.3334E-01	  0.6097E-03
  0.2910E+01	  0.3194E-01	  0.6266E-03
  0.2970E+01	  0.3062E-01	  0.6437E-03
  0.3030E+01	  0.2938E-01	  0.6608E-03
  0.3090E+01	  0.2820E-01	  0.6782E-03
  0.3150E+01	  0.2709E-01	  0.6957E-03
  0.3210E+01	  0.2603E-01	  0.7133E-03
  0.3270E+01	  0.2503E-01	  0.7312E-03
  0.3330E+01	  0.2408E-01	  0.7493E-03
  0.3390E+01	  0.2318E-01	  0.7676E-03
  0.3450E+01	  0.2233E-01	  0.7862E-03
  0.3510E+01	  0.2151E-01	  0.8050E-03
  0.3570E+01	  0.2073E-01	  0.8240E-03
  0.3630E+01	  0.1999E-01	  0.8433E-03
  0.3690E+01	  0.1929E-01	  0.8628E-03
  0.3750E+01	  0.1861E-01	  0.8827E-03
  0.3810E+01	  0.1797E-01	  0.9028E-03
  0.3870E+01	  0.1735E-01	  0.9231E-03
  0.3930E+01	  0.1676E-01	  0.9438E-03
  0.3990E+01	  0.1620E-01	  0.9650E-03
  0.4050E+01	  0.1566E-01	  0.9870E-03
  0.4110E+01	  0.1514E-01	  0.1009E-02
  0.4170E+01	  0.1465E-01	  0.1032E-02
  0.4230E+01	  0.1417E-01	  0.1055E-02
  0.4290E+01	  0.1372E-01	  0.1079E-02
  0.4350E+01	  0.1329E-01	  0.1102E-02
  0.4410E+01	  0.1287E-01	  0.1126E-02
  0.4470E+01	  0.1247E-01	  0.1150E-02
  0.4530E+01	  0.1209E-01	  0.1175E-02
  0.4590E+01	  0.1172E-01	  0.1200E-02
  0.4650E+01	  0.1137E-01	  0.1225E-02
  0.4710E+01	  0.1103E-01	  0.1251E-02
  0.4770E+01	  0.1070E-01	  0.1277E-02
  0.4830E+01	  0.1039E-01	  0.1303E-02
  0.4890E+01	  0.1009E-01	  0.1329E-02
  0.4950E+01	  0.9793E-02	  0.1356E-02
  0.5010E+01	  0.9511E-02	  0.1384E-02
  0.5070E+01	  0.9239E-02	  0.1412E-02
  0.5130E+01	  0.8977E-02	  0.1440E-02
  0.5190E+01	  0.8724E-02	  0.1469E-02
  0.5250E+01	  0.8480E-02	  0.1498E-02
  0.5310E+01	  0.8244E-02	  0.1527E-02
  0.5370E+01	  0.8016E-02	  0.1557E-02
  0.5430E+01	  0.7796E-02	  0.1587E-02
  0.5490E+01	  0.7583E-02	  0.1618E-02
  0.5550E+01	  0.7377E-02	  0.1649E-02
  0.5610E+01	  0.7178E-02	  0.1681E-02
  0.5670E+01	  0.6985E-02	  0.1713E-02
  0.5730E+01	  0.6799E-02	  0.1745E-02
  0.5790E+01	  0.6618E-02	  0.1778E-02
  0.5850E+01	  0.6442E-02	  0.1811E-02
  0.5910E+01	  0.6272E-02	  0.1845E-02
  0.5970E+01	  0.6108E-02	  0.1879E-02
  0.6030E+01	  0.5948E-02	  0.1914E-02
  0.6090E+01	  0.5793E-02	  0.1949E-02
  0.6150E+01	  0.5642E-02	  0.1984E-02
  0.6210E+01	  0.5496E-02	  0.2020E-02
  0.6270E+01	  0.5354E-02	  0.2057E-02
  0.6330E+01	  0.5216E-02	  0.2094E-02
  0.6390E+01	  0.5082E-02	  0.2132E-02
  0.6450E+01	  0.4952E-02	  0.2170E-02
  0.6510E+01	  0.4825E-02	  0.2209E-02
  0.6570E+01	  0.4702E-02	  0.2248E-02
  0.6630E+01	  0.4582E-02	  0.2288E-02
  0.6690E+01	  0.4466E-02	  0.2329E-02
  0.6750E+01	  0.4352E-02	  0.2370E-02
  0.6810E+01	  0.4242E-02	  0.2412E-02
  0.6870E+01	  0.4135E-02	  0.2455E-02
  0.6930E+01	  0.4030E-02	  0.2498E-02
  0.6990E+01	  0.3928E-02	  0.2542E-02
  0.7050E+01	  0.3829E-02	  0.2586E-02
  0.7110E+01	  0.3732E-02	  0.2631E-02
  0.7170E+01	  0.3638E-02	  0.2676E-02
  0.7230E+01	  0.3546E-02	  0.2722E-02
  0.7290E+01	  0.3456E-02	  0.2768E-02
  0.7350E+01	  0.3368E-02	  0.2816E-02
  0.7410E+01	  0.3283E-02	  0.2865E-02
  0.7470E+01	  0.3199E-02	  0.2914E-02
  0.7530E+01	  0.3118E-02	  0.2964E-02
  0.7590E+01	  0.3038E-02	  0.3016E-02
  0.7650E+01	  0.2961E-02	  0.3068E-02
  0.7710E+01	  0.2885E-02	  0.3122E-02
  0.7770E+01	  0.2811E-02	  0.3176E-02
  0.7830E+01	  0.2739E-02	  0.3232E-02
  0.7890E+01	  0.2668E-02	  0.3289E-02
  0.7950E+01	  0.2599E-02	  0.3347E-02
  0.8010E+01	  0.2532E-02	  0.3406E-02
  0.8070E+01	  0.2466E-02	  0.3466E-02
  0.8130E+01	  0.2402E-02	  0.3528E-02
  0.8190E+01	  0.2339E-02	  0.3591E-02
  0.8250E+01	  0.2278E-02	  0.3655E-02
  0.8310E+01	  0.2218E-02	  0.3721E-02
  0.8370E+01	  0.2159E-02	  0.3789E-02
  0.8430E+01	  0.2102E-02	  0.3858E-02
  0.8490E+01	  0.2045E-02	  0.3929E-02
  0.8550E+01	  0.1991E-02	  0.4001E-02
  0.8610E+01	  0.1937E-02	  0.4075E-02
  0.8670E+01	  0.1885E-02	  0.4151E-02
  0.8730E+01	  0.1833E-02	  0.4229E-02
  0.8790E+01	  0.1783E-02	  0.4308E-02
  0.8850E+01	  0.1734E-02	  0.4390E-02
  0.8910E+01	  0.1686E-02	  0.4474E-02
  0.8970E+01	  0.1639E-02	  0.4560E-02
  0.9030E+01	  0.1594E-02	  0.4648E-02
  0.9090E+01	  0.1549E-02	  0.4739E-02
  0.9150E+01	  0.1505E-02	  0.4832E-02
  0.9210E+01	  0.1462E-02	  0.4928E-02
  0.9270E+01	  0.1420E-02	  0.5027E-02
  0.9330E+01	  0.1379E-02	  0.5128E-02
  0.9390E+01	  0.1338E-02	  0.5233E-02
  0.9450E+01	  0.1299E-02	  0.5341E-02
  0.9510E+01	  0.1260E-02	  0.5453E-02
  0.9570E+01	  0.1222E-02	  0.5568E-02
  0.9630E+01	  0.1185E-02	  0.5687E-02
  0.9690E+01	  0.1149E-02	  0.5809E-02
  0.9750E+01	  0.1114E-02	  0.5936E-02
  0.9810E+01	  0.1079E-02	  0.6068E-02
  0.9870E+01	  0.1045E-02	  0.6204E-02
  0.9930E+01	  0.1012E-02	  0.6345E-02
  0.9990E+01	  0.9789E-03	  0.6492E-02
  0.1005E+02	  0.9470E-03	  0.6642E-02
  0.1011E+02	  0.9156E-03	  0.6797E-02
  0.1017E+02	  0.8849E-03	  0.6957E-02
  0.1023E+02	  0.8547E-03	  0.7126E-02
  0.1029E+02	  0.8250E-03	  0.7302E-02
  0.1035E+02	  0.7959E-03	  0.7486E-02
  0.1041E+02	  0.7674E-03	  0.7680E-02
  0.1047E+02	  0.7393E-03	  0.7884E-02
  0.1053E+02	  0.7118E-03	  0.8099E-02
  0.1059E+02	  0.6848E-03	  0.8326E-02
  0.1065E+02	  0.6583E-03	  0.8562E-02
  0.1071E+02	  0.6322E-03	  0.8811E-02
  0.1077E+02	  0.6066E-03	  0.9076E-02
  0.1083E+02	  0.5814E-03	  0.9358E-02
  0.1089E+02	  0.5566E-03	  0.9660E-02
  0.1095E+02	  0.5322E-03	  0.9983E-02
  0.1101E+02	  0.5082E-03	  0.1033E-01
  0.1107E+02	  0.4846E-03	  0.1070E-01
  0.1113E+02	  0.4614E-03	  0.1111E-01
  0.1119E+02	  0.4385E-03	  0.1155E-01
  0.1125E+02	  0.4161E-03	  0.1202E-01
  0.1131E+02	  0.3940E-03	  0.1255E-01
  0.1137E+02	  0.3723E-03	  0.1312E-01
  0.1143E+02	  0.3509E-03	  0.1375E-01
  0.1149E+02	  0.3299E-03	  0.1444E-01
  0.1155E+02	  0.3093E-03	  0.1521E-01
  0.1161E+02	  0.2890E-03	  0.1596E-01
  0.1167E+02	  0.2693E-03	  0.1655E-01
  0.1173E+02	  0.2506E-03	  0.1705E-01
  0.1179E+02	  0.2327E-03	  0.1759E-01
  0.1185E+02	  0.2156E-03	  0.1798E-01
  0.1191E+02	  0.1997E-03	  0.1828E-01
  0.1197E+02	  0.1847E-03	  0.1875E-01
  0.1203E+02	  0.1705E-03	  0.1930E-01
  0.1209E+02	  0.1571E-03	  0.1990E-01
  0.1215E+02	  0.1444E-03	  0.2051E-01
  0.1221E+02	  0.1324E-03	  0.2113E-01
  0.1227E+02	  0.1212E-03	  0.2172E-01
  0.1233E+02	  0.1107E-03	  0.2227E-01
  0.1239E+02	  0.1010E-03	  0.2278E-01
  0.1245E+02	  0.9191E-04	  0.2326E-01
  0.1251E+02	  0.8355E-04	  0.2368E-01
  0.1257E+02	  0.7587E-04	  0.2403E-01
  0.1263E+02	  0.6883E-04	  0.2429E-01
  0.1269E+02	  0.6241E-04	  0.2449E-01
  0.1275E+02	  0.5655E-04	  0.2465E-01
  0.1281E+02	  0.5123E-04	  0.2478E-01
  0.1287E+02	  0.4640E-04	  0.2496E-01
  0.1293E+02	  0.4199E-04	  0.2521E-01
  0.1299E+02	  0.3796E-04	  0.2549E-01
  0.1305E+02	  0.3430E-04	  0.2538E-01
  0.1311E+02	  0.3107E-04	  0.2510E-01
  0.1317E+02	  0.2812E-04	  0.2526E-01
  0.1323E+02	  0.2545E-04	  0.2548E-01
  0.1329E+02	  0.2301E-04	  0.2586E-01
  0.1335E+02	  0.2075E-04	  0.2652E-01
  0.1341E+02	  0.1867E-04	  0.2729E-01
  0.1347E+02	  0.1675E-04	  0.2805E-01
  0.1353E+02	  0.1498E-04	  0.2876E-01
  0.1359E+02	  0.1337E-04	  0.2951E-01
  0.1365E+02	  0.1190E-04	  0.3028E-01
  0.1371E+02	  0.1056E-04	  0.3107E-01
  0.1377E+02	  0.9340E-05	  0.3191E-01
  0.1383E+02	  0.8237E-05	  0.3279E-01
  0.1389E+02	  0.7241E-05	  0.3372E-01
  0.1395E+02	  0.6344E-05	  0.3466E-01
  0.1401E+02	  0.5539E-05	  0.3561E-01
  0.1407E+02	  0.4820E-05	  0.3655E-01
  0.1413E+02	  0.4180E-05	  0.3750E-01
  0.1419E+02	  0.3612E-05	  0.3844E-01
  0.1425E+02	  0.3111E-05	  0.3939E-01
  0.1431E+02	  0.2671E-05	  0.4032E-01
  0.1437E+02	  0.2285E-05	  0.4124E-01
  0.1443E+02	  0.1949E-05	  0.4214E-01
  0.1449E+02	  0.1657E-05	  0.4303E-01
  0.1455E+02	  0.1405E-05	  0.4390E-01
  0.1461E+02	  0.1187E-05	  0.4475E-01
  0.1467E+02	  0.1000E-05	  0.4558E-01
  0.1473E+02	  0.8404E-06	  0.4639E-01
  0.1479E+02	  0.7041E-06	  0.4718E-01
  0.1485E+02	  0.5884E-06	  0.4794E-01
  0.1491E+02	  0.4904E-06	  0.4867E-01
  0.1497E+02	  0.4078E-06	  0.4934E-01
  0.1503E+02	  0.3384E-06	  0.4997E-01
  0.1509E+02	  0.2802E-06	  0.5058E-01
  0.1515E+02	  0.2315E-06	  0.5118E-01
  0.1521E+02	  0.1909E-06	  0.5178E-01
  0.1527E+02	  0.1571E-06	  0.5238E-01
  0.1533E+02	  0.1290E-06	  0.5299E-01
  0.1539E+02	  0.1057E-06	  0.5359E-01
  0.1545E+02	  0.8649E-07	  0.5421E-01
  0.1551E+02	  0.7059E-07	  0.5483E-01
  0.1557E+02	  0.5748E-07	  0.5549E-01
  0.1563E+02	  0.4670E-07	  0.5618E-01
  0.1569E+02	  0.3785E-07	  0.5693E-01
  0.1575E+02	  0.3060E-07	  0.5777E-01
  0.1581E+02	  0.2465E-07	  0.5868E-01
  0.1587E+02	  0.1980E-07	  0.5959E-01
  0.1593E+02	  0.1586E-07	  0.6046E-01
  0.1599E+02	  0.1266E-07	  0.6129E-01
  0.1605E+02	  0.1009E-07	  0.6207E-01
  0.1611E+02	  0.8014E-08	  0.6284E-01
  0.1617E+02	  0.6350E-08	  0.6361E-01
  0.1623E+02	  0.5020E-08	  0.6437E-01
  0.1629E+02	  0.3958E-08	  0.6512E-01
  0.1635E+02	  0.3112E-08	  0.6587E-01
  0.1641E+02	  0.2442E-08	  0.6662E-01
  0.1647E+02	  0.1911E-08	  0.6738E-01
  0.1653E+02	  0.1492E-08	  0.6813E-01
  0.1659E+02	  0.1161E-08	  0.6888E-01
  0.1665E+02	  0.9021E-09	  0.6963E-01
  0.1671E+02	  0.6989E-09	  0.7037E-01
  0.1677E+02	  0.5402E-09	  0.7110E-01
  0.1683E+02	  0.4166E-09	  0.7182E-01
  0.1689E+02	  0.3205E-09	  0.7254E-01
  0.1695E+02	  0.2460E-09	  0.7323E-01
  0.1701E+02	  0.1884E-09	  0.7392E-01
  0.1707E+02	  0.1439E-09	  0.7458E-01
  0.1713E+02	  0.1097E-09	  0.7524E-01
  0.1719E+02	  0.8349E-10	  0.7590E-01
  0.1725E+02	  0.6339E-10	  0.7655E-01
  0.1731E+02	  0.4802E-10	  0.7719E-01
  0.1737E+02	  0.3630E-10	  0.7784E-01
  0.1743E+02	  0.2738E-10	  0.7848E-01
  0.1749E+02	  0.2061E-10	  0.7912E-01
  0.1755E+02	  0.1548E-10	  0.7976E-01
  0.1761E+02	  0.1161E-10	  0.8040E-01
  0.1767E+02	  0.8681E-11	  0.8104E-01
  0.1773E+02	  0.6480E-11	  0.8167E-01
  0.1779E+02	  0.4827E-11	  0.8229E-01
  0.1785E+02	  0.3588E-11	  0.8292E-01
  0.1791E+02	  0.2662E-11	  0.8352E-01
  0.1797E+02	  0.1971E-11	  0.8411E-01
  0.1803E+02	  0.1457E-11	  0.8468E-01
  0.1809E+02	  0.1075E-11	  0.8523E-01
  0.1815E+02	  0.7922E-12	  0.8578E-01
  0.1821E+02	  0.5825E-12	  0.8633E-01
  0.1827E+02	  0.4277E-12	  0.8688E-01
  0.1833E+02	  0.3134E-12	  0.8743E-01
  0.1839E+02	  0.2293E-12	  0.8797E-01
  0.1845E+02	  0.1675E-12	  0.8852E-01
  0.1851E+02	  0.1222E-12	  0.8907E-01
  0.1857E+02	  0.8896E-13	  0.8962E-01
  0.1863E+02	  0.6466E-13	  0.9016E-01
  0.1869E+02	  0.4692E-13	  0.9071E-01
  0.1875E+02	  0.3400E-13	  0.9124E-01
  0.1881E+02	  0.2459E-13	  0.9178E-01
  0.1887E+02	  0.1776E-13	  0.9230E-01
  0.1893E+02	  0.1281E-13	  0.9281E-01
  0.1899E+02	  0.9220E-14	  0.9331E-01
  0.1905E+02	  0.6629E-14	  0.9378E-01
  0.1911E+02	  0.4759E-14	  0.9425E-01
  0.1917E+02	  0.3412E-14	  0.9471E-01
  0.1923E+02	  0.2442E-14	  0.9517E-01
  0.1929E+02	  0.1746E-14	  0.9563E-01
  0.1935E+02	  0.1246E-14	  0.9609E-01
  0.1941E+02	  0.8886E-15	  0.9654E-01
  0.1947E+02	  0.6326E-15	  0.9699E-01
  0.1953E+02	  0.4497E-15	  0.9744E-01
  0.1959E+02	  0.3192E-15	  0.9789E-01
  0.1965E+02	  0.2263E-15	  0.9834E-01
  0.1971E+02	  0.1602E-15	  0.9878E-01
  0.1977E+02	  0.1133E-15	  0.9923E-01
  0.1983E+02	  0.7996E-16	  0.9969E-01
  0.1989E+02	  0.5636E-16	  0.1002E+00
  0.1995E+02	  0.3968E-16	  0.1006E+00
  0.2001E+02	  0.2790E-16	  0.1011E+00
  0.2007E+02	  0.1960E-16	  0.1016E+00
  0.2013E+02	  0.1375E-16	  0.1021E+00
  0.2019E+02	  0.9639E-17	  0.1025E+00
  0.2025E+02	  0.6749E-17	  0.1030E+00
  0.2031E+02	  0.4721E-17	  0.1034E+00
  0.2037E+02	  0.3299E-17	  0.1039E+00
  0.2043E+02	  0.2302E-17	  0.1043E+00
  0.2049E+02	  0.1606E-17	  0.1048E+00
  0.2055E+02	  0.1119E-17	  0.1052E+00
  0.2061E+02	  0.7787E-18	  0.1056E+00
  0.2067E+02	  0.5416E-18	  0.1060E+00
  0.2073E+02	  0.3763E-18	  0.1064E+00
  0.2079E+02	  0.2613E-18	  0.1068E+00
  0.2085E+02	  0.1812E-18	  0.1072E+00
  0.2091E+02	  0.1256E-18	  0.1076E+00
  0.2097E+02	  0.8699E-19	  0.1080E+00
  0.2103E+02	  0.6020E-19	  0.1084E+00
  0.2109E+02	  0.4162E-19	  0.1088E+00
  0.2115E+02	  0.2876E-19	  0.1092E+00
  0.2121E+02	  0.1985E-19	  0.1096E+00
  0.2127E+02	  0.1370E-19	  0.1100E+00
  0.2133E+02	  0.9441E-20	  0.1103E+00
  0.2139E+02	  0.6503E-20	  0.1107E+00
  0.2145E+02	  0.4475E-20	  0.1111E+00
  0.2151E+02	  0.3077E-20	  0.1115E+00
  0.2157E+02	  0.2115E-20	  0.1119E+00
  0.2163E+02	  0.1452E-20	  0.1123E+00
  0.2169E+02	  0.9960E-21	  0.1127E+00
  0.2175E+02	  0.6827E-21	  0.1131E+00
  0.2181E+02	  0.4676E-21	  0.1134E+00
  0.2187E+02	  0.3201E-21	  0.1138E+00
  0.2193E+02	  0.2189E-21	  0.1142E+00
  0.2199E+02	  0.1496E-21	  0.1145E+00
  0.2205E+02	  0.1022E-21	  0.1148E+00
  0.2211E+02	  0.6977E-22	  0.1151E+00
  0.2217E+02	  0.4760E-22	  0.1154E+00
  0.2223E+02	  0.3246E-22	  0.1157E+00
  0.2229E+02	  0.2212E-22	  0.1160E+00
  0.2235E+02	  0.1506E-22	  0.1163E+00
  0.2241E+02	  0.1025E-22	  0.1166E+00
  0.2247E+02	  0.6974E-23	  0.1169E+00
  0.2253E+02	  0.4741E-23	  0.1172E+00
  0.2259E+02	  0.3221E-23	  0.1176E+00
  0.2265E+02	  0.2187E-23	  0.1179E+00
  0.2271E+02	  0.1484E-23	  0.1182E+00
  0.2277E+02	  0.1006E-23	  0.1185E+00
  0.2283E+02	  0.6818E-24	  0.1188E+00
  0.2289E+02	  0.4618E-24	  0.1191E+00
  0.2295E+02	  0.3125E-24	  0.1194E+00
  0.2301E+02	  0.2114E-24	  0.1197E+00
  0.2307E+02	  0.1429E-24	  0.1200E+00
  0.2313E+02	  0.9657E-25	  0.1203E+00
  0.2319E+02	  0.6521E-25	  0.1205E+00
  0.2325E+02	  0.4401E-25	  0.1208E+00
  0.2331E+02	  0.2968E-25	  0.1211E+00
  0.2337E+02	  0.2001E-25	  0.1214E+00
  0.2343E+02	  0.1348E-25	  0.1216E+00
  0.2349E+02	  0.9079E-26	  0.1219E+00
  0.2355E+02	  0.6110E-26	  0.1222E+00
  0.2361E+02	  0.4109E-26	  0.1224E+00
  0.2367E+02	  0.2763E-26	  0.1227E+00
  0.2373E+02	  0.1856E-26	  0.1230E+00
  0.2379E+02	  0.1246E-26	  0.1233E+00
  0.2385E+02	  0.8363E-27	  0.1235E+00
  0.2391E+02	  0.5609E-27	  0.1238E+00
  0.2397E+02	  0.3760E-27	  0.1241E+00
  0.2403E+02	  0.2519E-27	  0.1243E+00
  0.2409E+02	  0.1687E-27	  0.1246E+00
  0.2415E+02	  0.1129E-27	  0.1249E+00
  0.2421E+02	  0.7548E-28	  0.1251E+00
  0.2427E+02	  0.5045E-28	  0.1254E+00
  0.2433E+02	  0.3370E-28	  0.1257E+00
  0.2439E+02	  0.2250E-28	  0.1259E+00
  0.2445E+02	  0.1501E-28	  0.1262E+00
  0.2451E+02	  0.1001E-28	  0.1265E+00
  0.2457E+02	  0.6673E-29	  0.1267E+00

R27 
------------------------------------------------------------
Electric field / N (Td)                    90.00    
Angular frequency / N (m3/s)              0.1938E-11
Cosine of E-B field angle                  0.000    
Gas temperature (K)                        800.0    
Excitation temperature (K)                 300.0    
Transition energy (eV)                     0.000    
Ionization degree                          0.000    
Plasma density (1/m3)                     0.1000E+19
Ion charge parameter                       1.000    
Ion/neutral mass ratio                     1.000    
Coulomb collision model                    1.000    
Energy sharing                             0.000    
Growth model                               1.000    
Maxwellian mean energy (eV)                0.000    
# of grid points                           500.0    
Grid type                                  1.000    
Maximum energy                             30.00    
Precision                                 0.1000E-29
Convergence                               0.1000E-03
Maximum # of iterations                   0.2000E+05
Mole fraction Ar                           1.000    
------------------------------------------------------------
Mean energy (eV)                           1.261    
Mobility *N (1/m/V/s)                     0.1477E+27
Re/perp mobility *N (1/m/V/s)             0.1866E+22
Im/Hall mobility *N (1/m/V/s)            -0.9077E+23
Diffusion coefficient *N (1/m/s)          0.2890E+26
Energy mobility *N (1/m/V/s)              0.3670E+26
Energy diffusion coef. *N (1/m/s)         0.1236E+26
Total collision freq. /N (m3/s)           0.2015E-13
Momentum frequency /N (m3/s)              0.3986E-13
Total ionization freq. /N (m3/s)          0.9370E-22
Power /N (eV m3/s)                        0.1511E-16
Elastic power loss /N (eV m3/s)           0.2767E-17
Inelastic power loss /N (eV m3/s)         0.1235E-16
Growth power /N (eV m3/s)                 0.1182E-21
Maximum energy                             30.00    
# of iterations                            5.000    
# of grid trials                           1.000    
------------------------------------------------------------
Rate coefficients (m3/s)
C1    Ar    Elastic                       0.2015E-13
C2    Ar    Excitation    11.55 eV        0.3607E-18
C3    Ar    Excitation    11.62 eV        0.2792E-18
C4    Ar    Excitation    11.72 eV        0.5440E-19
C5    Ar    Excitation    11.83 eV        0.2956E-18
C6    Ar    Excitation    12.91 eV        0.1571E-19
C7    Ar    Excitation    13.08 eV        0.6885E-20
C8    Ar    Excitation    13.10 eV        0.4663E-20
C9    Ar    Excitation    13.15 eV        0.2481E-20
C10   Ar    Excitation    13.17 eV        0.4102E-20
C11   Ar    Excitation    13.27 eV        0.1040E-20
C12   Ar    Excitation    13.28 eV        0.2046E-20
C13   Ar    Excitation    13.30 eV        0.1614E-20
C14   Ar    Excitation    13.33 eV        0.1960E-20
C15   Ar    Excitation    13.48 eV        0.2867E-20
C16   Ar    Excitation    13.85 eV        0.1215E-20
C17   Ar    Excitation    13.86 eV        0.5329E-20
C18   Ar    Excitation    13.90 eV        0.2683E-20
C19   Ar    Excitation    13.98 eV        0.3117E-20
C20   Ar    Excitation    14.01 eV        0.8675E-21
C21   Ar    Excitation    14.06 eV        0.7711E-21
C22   Ar    Excitation    14.07 eV        0.7650E-21
C23   Ar    Excitation    14.09 eV        0.2958E-22
C24   Ar    Excitation    14.10 eV        0.9998E-22
C25   Ar    Excitation    14.15 eV        0.7039E-22
C26   Ar    Excitation    14.21 eV        0.8251E-21
C27   Ar    Excitation    14.23 eV        0.5436E-21
C28   Ar    Excitation    14.24 eV        0.1217E-21
C29   Ar    Excitation    14.24 eV        0.1165E-21
C30   Ar    Excitation    14.26 eV        0.7653E-23
C31   Ar    Excitation    14.30 eV        0.5498E-22
C32   Ar    Excitation    14.71 eV        0.3068E-24
C33   Ar    Excitation    14.85 eV        0.1469E-23
C34   Ar    Excitation    14.86 eV        0.4758E-23
C35   Ar    Excitation    15.00 eV        0.1250E-23
C36   Ar    Excitation    15.02 eV        0.1236E-23
C37   Ar    Excitation    15.12 eV        0.1646E-24
C38   Ar    Excitation    15.19 eV        0.1345E-23
C39   Ar    Excitation    15.19 eV        0.1326E-23
C40   Ar    Excitation    15.31 eV        0.1527E-25
C41   Ar    Excitation    15.35 eV        0.8878E-26
C42   Ar    Excitation    15.36 eV        0.1247E-25
C43   Ar    Excitation    15.37 eV        0.2142E-24
C44   Ar    Excitation    15.37 eV        0.4641E-24
C45   Ar    Excitation    15.66 eV        0.7454E-24
C46   Ar    Ionization    15.76 eV        0.9370E-22
------------------------------------------------------------
Energy (eV) EEDF (eV-3/2) Anisotropy
  0.3000E-01	  0.5344E+01	  0.7854E-05
  0.9000E-01	  0.4978E+01	  0.8678E-05
  0.1500E+00	  0.4338E+01	  0.1033E-04
  0.2100E+00	  0.3205E+01	  0.1333E-04
  0.2700E+00	  0.1955E+01	  0.2114E-04
  0.3300E+00	  0.1264E+01	  0.3199E-04
  0.3900E+00	  0.9133E+00	  0.4311E-04
  0.4500E+00	  0.7136E+00	  0.5374E-04
  0.5100E+00	  0.5857E+00	  0.6435E-04
  0.5700E+00	  0.4962E+00	  0.7514E-04
  0.6300E+00	  0.4297E+00	  0.8639E-04
  0.6900E+00	  0.3778E+00	  0.9830E-04
  0.7500E+00	  0.3360E+00	  0.1109E-03
  0.8100E+00	  0.3015E+00	  0.1240E-03
  0.8700E+00	  0.2725E+00	  0.1378E-03
  0.9300E+00	  0.2477E+00	  0.1521E-03
  0.9900E+00	  0.2264E+00	  0.1669E-03
  0.1050E+01	  0.2078E+00	  0.1819E-03
  0.1110E+01	  0.1912E+00	  0.1972E-03
  0.1170E+01	  0.1763E+00	  0.2129E-03
  0.1230E+01	  0.1629E+00	  0.2289E-03
  0.1290E+01	  0.1509E+00	  0.2450E-03
  0.1350E+01	  0.1399E+00	  0.2609E-03
  0.1410E+01	  0.1301E+00	  0.2768E-03
  0.1470E+01	  0.1211E+00	  0.2930E-03
  0.1530E+01	  0.1130E+00	  0.3097E-03
  0.1590E+01	  0.1055E+00	  0.3259E-03
  0.1650E+01	  0.9878E-01	  0.3415E-03
  0.1710E+01	  0.9263E-01	  0.3569E-03
  0.1770E+01	  0.8701E-01	  0.3723E-03
  0.1830E+01	  0.8184E-01	  0.3881E-03
  0.1890E+01	  0.7707E-01	  0.4041E-03
  0.1950E+01	  0.7268E-01	  0.4206E-03
  0.2010E+01	  0.6861E-01	  0.4373E-03
  0.2070E+01	  0.6485E-01	  0.4544E-03
  0.2130E+01	  0.6137E-01	  0.4717E-03
  0.2190E+01	  0.5815E-01	  0.4892E-03
  0.2250E+01	  0.5515E-01	  0.5069E-03
  0.2310E+01	  0.5237E-01	  0.5247E-03
  0.2370E+01	  0.4978E-01	  0.5427E-03
  0.2430E+01	  0.4736E-01	  0.5609E-03
  0.2490E+01	  0.4510E-01	  0.5793E-03
  0.2550E+01	  0.4298E-01	  0.5978E-03
  0.2610E+01	  0.4100E-01	  0.6165E-03
  0.2670E+01	  0.3915E-01	  0.6353E-03
  0.2730E+01	  0.3741E-01	  0.6542E-03
  0.2790E+01	  0.3577E-01	  0.6732E-03
  0.2850E+01	  0.3423E-01	  0.6924E-03
  0.2910E+01	  0.3279E-01	  0.7116E-03
  0.2970E+01	  0.3142E-01	  0.7310E-03
  0.3030E+01	  0.3013E-01	  0.7506E-03
  0.3090E+01	  0.2891E-01	  0.7702E-03
  0.3150E+01	  0.2776E-01	  0.7900E-03
  0.3210E+01	  0.2667E-01	  0.8101E-03
  0.3270E+01	  0.2564E-01	  0.8303E-03
  0.3330E+01	  0.2466E-01	  0.8507E-03
  0.3390E+01	  0.2373E-01	  0.8713E-03
  0.3450E+01	  0.2284E-01	  0.8922E-03
  0.3510E+01	  0.2200E-01	  0.9133E-03
  0.3570E+01	  0.2120E-01	  0.9346E-03
  0.3630E+01	  0.2043E-01	  0.9562E-03
  0.3690E+01	  0.1971E-01	  0.9781E-03
  0.3750E+01	  0.1901E-01	  0.1000E-02
  0.3810E+01	  0.1835E-01	  0.1023E-02
  0.3870E+01	  0.1772E-01	  0.1045E-02
  0.3930E+01	  0.1711E-01	  0.1068E-02
  0.3990E+01	  0.1653E-01	  0.1092E-02
  0.4050E+01	  0.1598E-01	  0.1116E-02
  0.4110E+01	  0.1545E-01	  0.1141E-02
  0.4170E+01	  0.1494E-01	  0.1166E-02
  0.4230E+01	  0.1446E-01	  0.1191E-02
  0.4290E+01	  0.1400E-01	  0.1217E-02
  0.4350E+01	  0.1355E-01	  0.1243E-02
  0.4410E+01	  0.1313E-01	  0.1269E-02
  0.4470E+01	  0.1272E-01	  0.1295E-02
  0.4530E+01	  0.1233E-01	  0.1322E-02
  0.4590E+01	  0.1196E-01	  0.1349E-02
  0.4650E+01	  0.1160E-01	  0.1377E-02
  0.4710E+01	  0.1125E-01	  0.1404E-02
  0.4770E+01	  0.1092E-01	  0.1433E-02
  0.4830E+01	  0.1060E-01	  0.1461E-02
  0.4890E+01	  0.1029E-01	  0.1490E-02
  0.4950E+01	  0.9991E-02	  0.1519E-02
  0.5010E+01	  0.9704E-02	  0.1549E-02
  0.5070E+01	  0.9429E-02	  0.1579E-02
  0.5130E+01	  0.9163E-02	  0.1609E-02
  0.5190E+01	  0.8906E-02	  0.1640E-02
  0.5250E+01	  0.8659E-02	  0.1671E-02
  0.5310E+01	  0.8420E-02	  0.1703E-02
  0.5370E+01	  0.8190E-02	  0.1735E-02
  0.5430E+01	  0.7967E-02	  0.1768E-02
  0.5490E+01	  0.7752E-02	  0.1801E-02
  0.5550E+01	  0.7543E-02	  0.1834E-02
  0.5610E+01	  0.7342E-02	  0.1868E-02
  0.5670E+01	  0.7147E-02	  0.1902E-02
  0.5730E+01	  0.6959E-02	  0.1936E-02
  0.5790E+01	  0.6776E-02	  0.1972E-02
  0.5850E+01	  0.6599E-02	  0.2007E-02
  0.5910E+01	  0.6428E-02	  0.2043E-02
  0.5970E+01	  0.6262E-02	  0.2080E-02
  0.6030E+01	  0.6100E-02	  0.2116E-02
  0.6090E+01	  0.5944E-02	  0.2154E-02
  0.6150E+01	  0.5792E-02	  0.2192E-02
  0.6210E+01	  0.5645E-02	  0.2230E-02
  0.6270E+01	  0.5502E-02	  0.2269E-02
  0.6330E+01	  0.5363E-02	  0.2308E-02
  0.6390E+01	  0.5228E-02	  0.2348E-02
  0.6450E+01	  0.5097E-02	  0.2389E-02
  0.6510E+01	  0.4969E-02	  0.2430E-02
  0.6570E+01	  0.4845E-02	  0.2472E-02
  0.6630E+01	  0.4725E-02	  0.2514E-02
  0.6690E+01	  0.4607E-02	  0.2557E-02
  0.6750E+01	  0.4493E-02	  0.2601E-02
  0.6810E+01	  0.4382E-02	  0.2646E-02
  0.6870E+01	  0.4274E-02	  0.2691E-02
  0.6930E+01	  0.4169E-02	  0.2737E-02
  0.6990E+01	  0.4066E-02	  0.2783E-02
  0.7050E+01	  0.3966E-02	  0.2830E-02
  0.7110E+01	  0.3868E-02	  0.2877E-02
  0.7170E+01	  0.3773E-02	  0.2925E-02
  0.7230E+01	  0.3681E-02	  0.2974E-02
  0.7290E+01	  0.3590E-02	  0.3023E-02
  0.7350E+01	  0.3502E-02	  0.3074E-02
  0.7410E+01	  0.3415E-02	  0.3125E-02
  0.7470E+01	  0.3331E-02	  0.3178E-02
  0.7530E+01	  0.3249E-02	  0.3231E-02
  0.7590E+01	  0.3169E-02	  0.3286E-02
  0.7650E+01	  0.3090E-02	  0.3341E-02
  0.7710E+01	  0.3014E-02	  0.3398E-02
  0.7770E+01	  0.2939E-02	  0.3455E-02
  0.7830E+01	  0.2866E-02	  0.3514E-02
  0.7890E+01	  0.2795E-02	  0.3574E-02
  0.7950E+01	  0.2725E-02	  0.3636E-02
  0.8010E+01	  0.2657E-02	  0.3698E-02
  0.8070E+01	  0.2590E-02	  0.3762E-02
  0.8130E+01	  0.2525E-02	  0.3827E-02
  0.8190E+01	  0.2461E-02	  0.3894E-02
  0.8250E+01	  0.2399E-02	  0.3962E-02
  0.8310E+01	  0.2338E-02	  0.4032E-02
  0.8370E+01	  0.2278E-02	  0.4103E-02
  0.8430E+01	  0.2220E-02	  0.4176E-02
  0.8490E+01	  0.2163E-02	  0.4250E-02
  0.8550E+01	  0.2107E-02	  0.4327E-02
  0.8610E+01	  0.2053E-02	  0.4405E-02
  0.8670E+01	  0.1999E-02	  0.4485E-02
  0.8730E+01	  0.1947E-02	  0.4567E-02
  0.8790E+01	  0.1896E-02	  0.4651E-02
  0.8850E+01	  0.1846E-02	  0.4737E-02
  0.8910E+01	  0.1797E-02	  0.4825E-02
  0.8970E+01	  0.1749E-02	  0.4916E-02
  0.9030E+01	  0.1702E-02	  0.5009E-02
  0.9090E+01	  0.1656E-02	  0.5104E-02
  0.9150E+01	  0.1611E-02	  0.5202E-02
  0.9210E+01	  0.1567E-02	  0.5302E-02
  0.9270E+01	  0.1524E-02	  0.5406E-02
  0.9330E+01	  0.1482E-02	  0.5513E-02
  0.9390E+01	  0.1440E-02	  0.5622E-02
  0.9450E+01	  0.1400E-02	  0.5735E-02
  0.9510E+01	  0.1360E-02	  0.5852E-02
  0.9570E+01	  0.1321E-02	  0.5972E-02
  0.9630E+01	  0.1283E-02	  0.6097E-02
  0.9690E+01	  0.1246E-02	  0.6225E-02
  0.9750E+01	  0.1209E-02	  0.6357E-02
  0.9810E+01	  0.1173E-02	  0.6494E-02
  0.9870E+01	  0.1138E-02	  0.6636E-02
  0.9930E+01	  0.1103E-02	  0.6783E-02
  0.9990E+01	  0.1069E-02	  0.6935E-02
  0.1005E+02	  0.1036E-02	  0.7091E-02
  0.1011E+02	  0.1004E-02	  0.7252E-02
  0.1017E+02	  0.9717E-03	  0.7419E-02
  0.1023E+02	  0.9402E-03	  0.7593E-02
  0.1029E+02	  0.9093E-03	  0.7776E-02
  0.1035E+02	  0.8789E-03	  0.7967E-02
  0.1041E+02	  0.8491E-03	  0.8167E-02
  0.1047E+02	  0.8198E-03	  0.8377E-02
  0.1053E+02	  0.7909E-03	  0.8598E-02
  0.1059E+02	  0.7626E-03	  0.8830E-02
  0.1065E+02	  0.7348E-03	  0.9072E-02
  0.1071E+02	  0.7073E-03	  0.9326E-02
  0.1077E+02	  0.6803E-03	  0.9596E-02
  0.1083E+02	  0.6537E-03	  0.9884E-02
  0.1089E+02	  0.6275E-03	  0.1019E-01
  0.1095E+02	  0.6017E-03	  0.1052E-01
  0.1101E+02	  0.5763E-03	  0.1087E-01
  0.1107E+02	  0.5512E-03	  0.1124E-01
  0.1113E+02	  0.5266E-03	  0.1164E-01
  0.1119E+02	  0.5023E-03	  0.1208E-01
  0.1125E+02	  0.4784E-03	  0.1255E-01
  0.1131E+02	  0.4548E-03	  0.1306E-01
  0.1137E+02	  0.4316E-03	  0.1362E-01
  0.1143E+02	  0.4087E-03	  0.1423E-01
  0.1149E+02	  0.3862E-03	  0.1490E-01
  0.1155E+02	  0.3640E-03	  0.1562E-01
  0.1161E+02	  0.3422E-03	  0.1634E-01
  0.1167E+02	  0.3210E-03	  0.1690E-01
  0.1173E+02	  0.3006E-03	  0.1739E-01
  0.1179E+02	  0.2811E-03	  0.1792E-01
  0.1185E+02	  0.2624E-03	  0.1831E-01
  0.1191E+02	  0.2448E-03	  0.1863E-01
  0.1197E+02	  0.2281E-03	  0.1909E-01
  0.1203E+02	  0.2122E-03	  0.1963E-01
  0.1209E+02	  0.1970E-03	  0.2020E-01
  0.1215E+02	  0.1826E-03	  0.2079E-01
  0.1221E+02	  0.1689E-03	  0.2138E-01
  0.1227E+02	  0.1560E-03	  0.2195E-01
  0.1233E+02	  0.1438E-03	  0.2247E-01
  0.1239E+02	  0.1324E-03	  0.2297E-01
  0.1245E+02	  0.1217E-03	  0.2342E-01
  0.1251E+02	  0.1118E-03	  0.2383E-01
  0.1257E+02	  0.1025E-03	  0.2416E-01
  0.1263E+02	  0.9398E-04	  0.2442E-01
  0.1269E+02	  0.8610E-04	  0.2462E-01
  0.1275E+02	  0.7885E-04	  0.2479E-01
  0.1281E+02	  0.7218E-04	  0.2493E-01
  0.1287E+02	  0.6605E-04	  0.2512E-01
  0.1293E+02	  0.6041E-04	  0.2538E-01
  0.1299E+02	  0.5520E-04	  0.2566E-01
  0.1305E+02	  0.5040E-04	  0.2559E-01
  0.1311E+02	  0.4611E-04	  0.2540E-01
  0.1317E+02	  0.4216E-04	  0.2559E-01
  0.1323E+02	  0.3852E-04	  0.2586E-01
  0.1329E+02	  0.3517E-04	  0.2627E-01
  0.1335E+02	  0.3205E-04	  0.2693E-01
  0.1341E+02	  0.2913E-04	  0.2770E-01
  0.1347E+02	  0.2641E-04	  0.2844E-01
  0.1353E+02	  0.2389E-04	  0.2917E-01
  0.1359E+02	  0.2155E-04	  0.2991E-01
  0.1365E+02	  0.1940E-04	  0.3068E-01
  0.1371E+02	  0.1742E-04	  0.3148E-01
  0.1377E+02	  0.1560E-04	  0.3231E-01
  0.1383E+02	  0.1393E-04	  0.3319E-01
  0.1389E+02	  0.1241E-04	  0.3410E-01
  0.1395E+02	  0.1102E-04	  0.3504E-01
  0.1401E+02	  0.9752E-05	  0.3597E-01
  0.1407E+02	  0.8607E-05	  0.3690E-01
  0.1413E+02	  0.7574E-05	  0.3784E-01
  0.1419E+02	  0.6645E-05	  0.3877E-01
  0.1425E+02	  0.5813E-05	  0.3970E-01
  0.1431E+02	  0.5070E-05	  0.4062E-01
  0.1437E+02	  0.4409E-05	  0.4152E-01
  0.1443E+02	  0.3824E-05	  0.4241E-01
  0.1449E+02	  0.3307E-05	  0.4328E-01
  0.1455E+02	  0.2852E-05	  0.4414E-01
  0.1461E+02	  0.2453E-05	  0.4498E-01
  0.1467E+02	  0.2105E-05	  0.4580E-01
  0.1473E+02	  0.1802E-05	  0.4659E-01
  0.1479E+02	  0.1538E-05	  0.4737E-01
  0.1485E+02	  0.1310E-05	  0.4812E-01
  0.1491E+02	  0.1114E-05	  0.4883E-01
  0.1497E+02	  0.9447E-06	  0.4949E-01
  0.1503E+02	  0.7998E-06	  0.5012E-01
  0.1509E+02	  0.6758E-06	  0.5072E-01
  0.1515E+02	  0.5700E-06	  0.5132E-01
  0.1521E+02	  0.4799E-06	  0.5192E-01
  0.1527E+02	  0.4033E-06	  0.5252E-01
  0.1533E+02	  0.3383E-06	  0.5312E-01
  0.1539E+02	  0.2833E-06	  0.5373E-01
  0.1545E+02	  0.2368E-06	  0.5435E-01
  0.1551E+02	  0.1975E-06	  0.5498E-01
  0.1557E+02	  0.1644E-06	  0.5564E-01
  0.1563E+02	  0.1366E-06	  0.5634E-01
  0.1569E+02	  0.1132E-06	  0.5710E-01
  0.1575E+02	  0.9364E-07	  0.5794E-01
  0.1581E+02	  0.7722E-07	  0.5884E-01
  0.1587E+02	  0.6351E-07	  0.5973E-01
  0.1593E+02	  0.5209E-07	  0.6059E-01
  0.1599E+02	  0.4262E-07	  0.6140E-01
  0.1605E+02	  0.3480E-07	  0.6218E-01
  0.1611E+02	  0.2834E-07	  0.6295E-01
  0.1617E+02	  0.2303E-07	  0.6370E-01
  0.1623E+02	  0.1867E-07	  0.6446E-01
  0.1629E+02	  0.1511E-07	  0.6521E-01
  0.1635E+02	  0.1219E-07	  0.6595E-01
  0.1641E+02	  0.9821E-08	  0.6670E-01
  0.1647E+02	  0.7892E-08	  0.6745E-01
  0.1653E+02	  0.6329E-08	  0.6819E-01
  0.1659E+02	  0.5063E-08	  0.6894E-01
  0.1665E+02	  0.4042E-08	  0.6968E-01
  0.1671E+02	  0.3220E-08	  0.7041E-01
  0.1677E+02	  0.2560E-08	  0.7113E-01
  0.1683E+02	  0.2030E-08	  0.7185E-01
  0.1689E+02	  0.1607E-08	  0.7255E-01
  0.1695E+02	  0.1270E-08	  0.7324E-01
  0.1701E+02	  0.1001E-08	  0.7392E-01
  0.1707E+02	  0.7876E-09	  0.7458E-01
  0.1713E+02	  0.6186E-09	  0.7523E-01
  0.1719E+02	  0.4849E-09	  0.7588E-01
  0.1725E+02	  0.3793E-09	  0.7652E-01
  0.1731E+02	  0.2962E-09	  0.7717E-01
  0.1737E+02	  0.2309E-09	  0.7781E-01
  0.1743E+02	  0.1796E-09	  0.7844E-01
  0.1749E+02	  0.1395E-09	  0.7908E-01
  0.1755E+02	  0.1081E-09	  0.7972E-01
  0.1761E+02	  0.8360E-10	  0.8035E-01
  0.1767E+02	  0.6455E-10	  0.8098E-01
  0.1773E+02	  0.4975E-10	  0.8160E-01
  0.1779E+02	  0.3827E-10	  0.8222E-01
  0.1785E+02	  0.2939E-10	  0.8283E-01
  0.1791E+02	  0.2253E-10	  0.8343E-01
  0.1797E+02	  0.1724E-10	  0.8401E-01
  0.1803E+02	  0.1317E-10	  0.8457E-01
  0.1809E+02	  0.1005E-10	  0.8512E-01
  0.1815E+02	  0.7655E-11	  0.8566E-01
  0.1821E+02	  0.5822E-11	  0.8621E-01
  0.1827E+02	  0.4421E-11	  0.8675E-01
  0.1833E+02	  0.3353E-11	  0.8730E-01
  0.1839E+02	  0.2539E-11	  0.8784E-01
  0.1845E+02	  0.1919E-11	  0.8838E-01
  0.1851E+02	  0.1449E-11	  0.8892E-01
  0.1857E+02	  0.1092E-11	  0.8947E-01
  0.1863E+02	  0.8223E-12	  0.9001E-01
  0.1869E+02	  0.6181E-12	  0.9054E-01
  0.1875E+02	  0.4639E-12	  0.9108E-01
  0.1881E+02	  0.3477E-12	  0.9160E-01
  0.1887E+02	  0.2602E-12	  0.9212E-01
  0.1893E+02	  0.1945E-12	  0.9262E-01
  0.1899E+02	  0.1452E-12	  0.9311E-01
  0.1905E+02	  0.1082E-12	  0.9358E-01
  0.1911E+02	  0.8058E-13	  0.9404E-01
  0.1917E+02	  0.5991E-13	  0.9450E-01
  0.1923E+02	  0.4450E-13	  0.9496E-01
  0.1929E+02	  0.3300E-13	  0.9541E-01
  0.1935E+02	  0.2445E-13	  0.9586E-01
  0.1941E+02	  0.1809E-13	  0.9631E-01
  0.1947E+02	  0.1337E-13	  0.9676E-01
  0.1953E+02	  0.9865E-14	  0.9720E-01
  0.1959E+02	  0.7272E-14	  0.9764E-01
  0.1965E+02	  0.5354E-14	  0.9809E-01
  0.1971E+02	  0.3936E-14	  0.9853E-01
  0.1977E+02	  0.2891E-14	  0.9897E-01
  0.1983E+02	  0.2120E-14	  0.9943E-01
  0.1989E+02	  0.1553E-14	  0.9990E-01
  0.1995E+02	  0.1136E-14	  0.1004E+00
  0.2001E+02	  0.8305E-15	  0.1008E+00
  0.2007E+02	  0.6064E-15	  0.1013E+00
  0.2013E+02	  0.4424E-15	  0.1018E+00
  0.2019E+02	  0.3224E-15	  0.1022E+00
  0.2025E+02	  0.2348E-15	  0.1027E+00
  0.2031E+02	  0.1708E-15	  0.1031E+00
  0.2037E+02	  0.1241E-15	  0.1036E+00
  0.2043E+02	  0.9014E-16	  0.1040E+00
  0.2049E+02	  0.6540E-16	  0.1045E+00
  0.2055E+02	  0.4741E-16	  0.1049E+00
  0.2061E+02	  0.3434E-16	  0.1053E+00
  0.2067E+02	  0.2485E-16	  0.1057E+00
  0.2073E+02	  0.1798E-16	  0.1061E+00
  0.2079E+02	  0.1299E-16	  0.1065E+00
  0.2085E+02	  0.9381E-17	  0.1069E+00
  0.2091E+02	  0.6769E-17	  0.1073E+00
  0.2097E+02	  0.4881E-17	  0.1077E+00
  0.2103E+02	  0.3517E-17	  0.1081E+00
  0.2109E+02	  0.2533E-17	  0.1085E+00
  0.2115E+02	  0.1822E-17	  0.1088E+00
  0.2121E+02	  0.1310E-17	  0.1092E+00
  0.2127E+02	  0.9416E-18	  0.1096E+00
  0.2133E+02	  0.6762E-18	  0.1100E+00
  0.2139E+02	  0.4852E-18	  0.1104E+00
  0.2145E+02	  0.3479E-18	  0.1107E+00
  0.2151E+02	  0.2493E-18	  0.1111E+00
  0.2157E+02	  0.1785E-18	  0.1115E+00
  0.2163E+02	  0.1277E-18	  0.1119E+00
  0.2169E+02	  0.9134E-19	  0.1123E+00
  0.2175E+02	  0.6527E-19	  0.1127E+00
  0.2181E+02	  0.4660E-19	  0.1130E+00
  0.2187E+02	  0.3326E-19	  0.1134E+00
  0.2193E+02	  0.2372E-19	  0.1138E+00
  0.2199E+02	  0.1690E-19	  0.1141E+00
  0.2205E+02	  0.1204E-19	  0.1144E+00
  0.2211E+02	  0.8572E-20	  0.1147E+00
  0.2217E+02	  0.6099E-20	  0.1150E+00
  0.2223E+02	  0.4338E-20	  0.1153E+00
  0.2229E+02	  0.3083E-20	  0.1156E+00
  0.2235E+02	  0.2191E-20	  0.1159E+00
  0.2241E+02	  0.1555E-20	  0.1162E+00
  0.2247E+02	  0.1104E-20	  0.1165E+00
  0.2253E+02	  0.7830E-21	  0.1168E+00
  0.2259E+02	  0.5550E-21	  0.1171E+00
  0.2265E+02	  0.3932E-21	  0.1174E+00
  0.2271E+02	  0.2784E-21	  0.1177E+00
  0.2277E+02	  0.1971E-21	  0.1180E+00
  0.2283E+02	  0.1394E-21	  0.1183E+00
  0.2289E+02	  0.9853E-22	  0.1186E+00
  0.2295E+02	  0.6961E-22	  0.1189E+00
  0.2301E+02	  0.4916E-22	  0.1192E+00
  0.2307E+02	  0.3470E-22	  0.1195E+00
  0.2313E+02	  0.2448E-22	  0.1198E+00
  0.2319E+02	  0.1726E-22	  0.1200E+00
  0.2325E+02	  0.1216E-22	  0.1203E+00
  0.2331E+02	  0.8567E-23	  0.1206E+00
  0.2337E+02	  0.6031E-23	  0.1209E+00
  0.2343E+02	  0.4244E-23	  0.1211E+00
  0.2349E+02	  0.2985E-23	  0.1214E+00
  0.2355E+02	  0.2098E-23	  0.1217E+00
  0.2361E+02	  0.1474E-23	  0.1219E+00
  0.2367E+02	  0.1035E-23	  0.1222E+00
  0.2373E+02	  0.7267E-24	  0.1225E+00
  0.2379E+02	  0.5098E-24	  0.1227E+00
  0.2385E+02	  0.3575E-24	  0.1230E+00
  0.2391E+02	  0.2505E-24	  0.1233E+00
  0.2397E+02	  0.1755E-24	  0.1235E+00
  0.2403E+02	  0.1229E-24	  0.1238E+00
  0.2409E+02	  0.8599E-25	  0.1241E+00
  0.2415E+02	  0.6014E-25	  0.1243E+00
  0.2421E+02	  0.4204E-25	  0.1246E+00
  0.2427E+02	  0.2937E-25	  0.1249E+00
  0.2433E+02	  0.2051E-25	  0.1251E+00
  0.2439E+02	  0.1432E-25	  0.1254E+00
  0.2445E+02	  0.9988E-26	  0.1256E+00
  0.2451E+02	  0.6964E-26	  0.1259E+00
  0.2457E+02	  0.4854E-26	  0.1262E+00
  0.2463E+02	  0.3381E-26	  0.1264E+00
  0.2469E+02	  0.2354E-26	  0.1267E+00
  0.2475E+02	  0.1638E-26	  0.1270E+00
  0.2481E+02	  0.1139E-26	  0.1272E+00
  0.2487E+02	  0.7918E-27	  0.1275E+00
  0.2493E+02	  0.5502E-27	  0.1277E+00
  0.2499E+02	  0.3822E-27	  0.1280E+00
  0.2505E+02	  0.2654E-27	  0.1282E+00
  0.2511E+02	  0.1842E-27	  0.1285E+00
  0.2517E+02	  0.1278E-27	  0.1287E+00
  0.2523E+02	  0.8861E-28	  0.1290E+00
  0.2529E+02	  0.6144E-28	  0.1292E+00
  0.2535E+02	  0.4259E-28	  0.1295E+00
  0.2541E+02	  0.2951E-28	  0.1298E+00
  0.2547E+02	  0.2044E-28	  0.1301E+00
  0.2553E+02	  0.1415E-28	  0.1303E+00
  0.2559E+02	  0.9799E-29	  0.1306E+00
  0.2565E+02	  0.6781E-29	  0.1309E+00

R28 
------------------------------------------------------------
Electric field / N (Td)                    100.0    
Angular frequency / N (m3/s)              0.1938E-11
Cosine of E-B field angle                  0.000    
Gas temperature (K)                        800.0    
Excitation temperature (K)                 300.0    
Transition energy (eV)                     0.000    
Ionization degree                          0.000    
Plasma density (1/m3)                     0.1000E+19
Ion charge parameter                       1.000    
Ion/neutral mass ratio                     1.000    
Coulomb collision model                    1.000    
Energy sharing                             0.000    
Growth model                               1.000    
Maxwellian mean energy (eV)                0.000    
# of grid points                           500.0    
Grid type                                  1.000    
Maximum energy                             30.00    
Precision                                 0.1000E-29
Convergence                               0.1000E-03
Maximum # of iterations                   0.2000E+05
Mole fraction Ar                           1.000    
------------------------------------------------------------
Mean energy (eV)                           1.301    
Mobility *N (1/m/V/s)                     0.1430E+27
Re/perp mobility *N (1/m/V/s)             0.1939E+22
Im/Hall mobility *N (1/m/V/s)            -0.9075E+23
Diffusion coefficient *N (1/m/s)          0.2851E+26
Energy mobility *N (1/m/V/s)              0.3475E+26
Energy diffusion coef. *N (1/m/s)         0.1211E+26
Total collision freq. /N (m3/s)           0.2099E-13
Momentum frequency /N (m3/s)              0.4143E-13
Total ionization freq. /N (m3/s)          0.2818E-21
Power /N (eV m3/s)                        0.1939E-16
Elastic power loss /N (eV m3/s)           0.2927E-17
Inelastic power loss /N (eV m3/s)         0.1646E-16
Growth power /N (eV m3/s)                 0.3667E-21
Maximum energy                             30.00    
# of iterations                            5.000    
# of grid trials                           1.000    
------------------------------------------------------------
Rate coefficients (m3/s)
C1    Ar    Elastic                       0.2099E-13
C2    Ar    Excitation    11.55 eV        0.4673E-18
C3    Ar    Excitation    11.62 eV        0.3626E-18
C4    Ar    Excitation    11.72 eV        0.7133E-19
C5    Ar    Excitation    11.83 eV        0.3961E-18
C6    Ar    Excitation    12.91 eV        0.2279E-19
C7    Ar    Excitation    13.08 eV        0.1112E-19
C8    Ar    Excitation    13.10 eV        0.7542E-20
C9    Ar    Excitation    13.15 eV        0.4086E-20
C10   Ar    Excitation    13.17 eV        0.6700E-20
C11   Ar    Excitation    13.27 eV        0.1746E-20
C12   Ar    Excitation    13.28 eV        0.3435E-20
C13   Ar    Excitation    13.30 eV        0.2691E-20
C14   Ar    Excitation    13.33 eV        0.3257E-20
C15   Ar    Excitation    13.48 eV        0.4935E-20
C16   Ar    Excitation    13.85 eV        0.2197E-20
C17   Ar    Excitation    13.86 eV        0.9714E-20
C18   Ar    Excitation    13.90 eV        0.4961E-20
C19   Ar    Excitation    13.98 eV        0.5818E-20
C20   Ar    Excitation    14.01 eV        0.1634E-20
C21   Ar    Excitation    14.06 eV        0.1471E-20
C22   Ar    Excitation    14.07 eV        0.1460E-20
C23   Ar    Excitation    14.09 eV        0.6117E-22
C24   Ar    Excitation    14.10 eV        0.1934E-21
C25   Ar    Excitation    14.15 eV        0.1477E-21
C26   Ar    Excitation    14.21 eV        0.1626E-20
C27   Ar    Excitation    14.23 eV        0.1073E-20
C28   Ar    Excitation    14.24 eV        0.2418E-21
C29   Ar    Excitation    14.24 eV        0.2298E-21
C30   Ar    Excitation    14.26 eV        0.1644E-22
C31   Ar    Excitation    14.30 eV        0.1195E-21
C32   Ar    Excitation    14.71 eV        0.7380E-24
C33   Ar    Excitation    14.85 eV        0.3665E-23
C34   Ar    Excitation    14.86 eV        0.1190E-22
C35   Ar    Excitation    15.00 eV        0.3252E-23
C36   Ar    Excitation    15.02 eV        0.3232E-23
C37   Ar    Excitation    15.12 eV        0.4422E-24
C38   Ar    Excitation    15.19 eV        0.3681E-23
C39   Ar    Excitation    15.19 eV        0.3633E-23
C40   Ar    Excitation    15.31 eV        0.4330E-25
C41   Ar    Excitation    15.35 eV        0.2550E-25
C42   Ar    Excitation    15.36 eV        0.3590E-25
C43   Ar    Excitation    15.37 eV        0.6181E-24
C44   Ar    Excitation    15.37 eV        0.1342E-23
C45   Ar    Excitation    15.66 eV        0.2354E-23
C46   Ar    Ionization    15.76 eV        0.2818E-21
------------------------------------------------------------
Energy (eV) EEDF (eV-3/2) Anisotropy
  0.3000E-01	  0.5168E+01	  0.8514E-05
  0.9000E-01	  0.4822E+01	  0.9449E-05
  0.1500E+00	  0.4213E+01	  0.1132E-04
  0.2100E+00	  0.3122E+01	  0.1466E-04
  0.2700E+00	  0.1914E+01	  0.2322E-04
  0.3300E+00	  0.1244E+01	  0.3505E-04
  0.3900E+00	  0.9034E+00	  0.4710E-04
  0.4500E+00	  0.7090E+00	  0.5860E-04
  0.5100E+00	  0.5841E+00	  0.7004E-04
  0.5700E+00	  0.4966E+00	  0.8169E-04
  0.6300E+00	  0.4314E+00	  0.9386E-04
  0.6900E+00	  0.3804E+00	  0.1068E-03
  0.7500E+00	  0.3392E+00	  0.1204E-03
  0.8100E+00	  0.3051E+00	  0.1347E-03
  0.8700E+00	  0.2764E+00	  0.1498E-03
  0.9300E+00	  0.2518E+00	  0.1655E-03
  0.9900E+00	  0.2306E+00	  0.1816E-03
  0.1050E+01	  0.2120E+00	  0.1982E-03
  0.1110E+01	  0.1953E+00	  0.2152E-03
  0.1170E+01	  0.1804E+00	  0.2326E-03
  0.1230E+01	  0.1669E+00	  0.2504E-03
  0.1290E+01	  0.1547E+00	  0.2684E-03
  0.1350E+01	  0.1436E+00	  0.2861E-03
  0.1410E+01	  0.1336E+00	  0.3039E-03
  0.1470E+01	  0.1245E+00	  0.3222E-03
  0.1530E+01	  0.1162E+00	  0.3409E-03
  0.1590E+01	  0.1086E+00	  0.3591E-03
  0.1650E+01	  0.1017E+00	  0.3765E-03
  0.1710E+01	  0.9546E-01	  0.3936E-03
  0.1770E+01	  0.8970E-01	  0.4109E-03
  0.1830E+01	  0.8441E-01	  0.4286E-03
  0.1890E+01	  0.7952E-01	  0.4466E-03
  0.1950E+01	  0.7501E-01	  0.4651E-03
  0.2010E+01	  0.7083E-01	  0.4840E-03
  0.2070E+01	  0.6696E-01	  0.5032E-03
  0.2130E+01	  0.6338E-01	  0.5227E-03
  0.2190E+01	  0.6005E-01	  0.5425E-03
  0.2250E+01	  0.5697E-01	  0.5624E-03
  0.2310E+01	  0.5410E-01	  0.5826E-03
  0.2370E+01	  0.5142E-01	  0.6030E-03
  0.2430E+01	  0.4892E-01	  0.6236E-03
  0.2490E+01	  0.4658E-01	  0.6444E-03
  0.2550E+01	  0.4439E-01	  0.6654E-03
  0.2610E+01	  0.4234E-01	  0.6865E-03
  0.2670E+01	  0.4042E-01	  0.7078E-03
  0.2730E+01	  0.3862E-01	  0.7292E-03
  0.2790E+01	  0.3693E-01	  0.7506E-03
  0.2850E+01	  0.3533E-01	  0.7722E-03
  0.2910E+01	  0.3383E-01	  0.7940E-03
  0.2970E+01	  0.3242E-01	  0.8158E-03
  0.3030E+01	  0.3108E-01	  0.8378E-03
  0.3090E+01	  0.2982E-01	  0.8599E-03
  0.3150E+01	  0.2863E-01	  0.8822E-03
  0.3210E+01	  0.2750E-01	  0.9046E-03
  0.3270E+01	  0.2643E-01	  0.9272E-03
  0.3330E+01	  0.2541E-01	  0.9501E-03
  0.3390E+01	  0.2445E-01	  0.9731E-03
  0.3450E+01	  0.2353E-01	  0.9964E-03
  0.3510E+01	  0.2266E-01	  0.1020E-02
  0.3570E+01	  0.2183E-01	  0.1044E-02
  0.3630E+01	  0.2104E-01	  0.1068E-02
  0.3690E+01	  0.2029E-01	  0.1092E-02
  0.3750E+01	  0.1957E-01	  0.1117E-02
  0.3810E+01	  0.1888E-01	  0.1141E-02
  0.3870E+01	  0.1823E-01	  0.1167E-02
  0.3930E+01	  0.1760E-01	  0.1192E-02
  0.3990E+01	  0.1700E-01	  0.1218E-02
  0.4050E+01	  0.1643E-01	  0.1245E-02
  0.4110E+01	  0.1589E-01	  0.1272E-02
  0.4170E+01	  0.1536E-01	  0.1299E-02
  0.4230E+01	  0.1487E-01	  0.1327E-02
  0.4290E+01	  0.1439E-01	  0.1355E-02
  0.4350E+01	  0.1393E-01	  0.1383E-02
  0.4410E+01	  0.1350E-01	  0.1412E-02
  0.4470E+01	  0.1308E-01	  0.1440E-02
  0.4530E+01	  0.1268E-01	  0.1469E-02
  0.4590E+01	  0.1229E-01	  0.1499E-02
  0.4650E+01	  0.1192E-01	  0.1529E-02
  0.4710E+01	  0.1156E-01	  0.1559E-02
  0.4770E+01	  0.1122E-01	  0.1589E-02
  0.4830E+01	  0.1089E-01	  0.1620E-02
  0.4890E+01	  0.1058E-01	  0.1651E-02
  0.4950E+01	  0.1027E-01	  0.1683E-02
  0.5010E+01	  0.9979E-02	  0.1715E-02
  0.5070E+01	  0.9697E-02	  0.1747E-02
  0.5130E+01	  0.9425E-02	  0.1780E-02
  0.5190E+01	  0.9162E-02	  0.1813E-02
  0.5250E+01	  0.8909E-02	  0.1847E-02
  0.5310E+01	  0.8665E-02	  0.1881E-02
  0.5370E+01	  0.8429E-02	  0.1915E-02
  0.5430E+01	  0.8201E-02	  0.1950E-02
  0.5490E+01	  0.7981E-02	  0.1985E-02
  0.5550E+01	  0.7769E-02	  0.2021E-02
  0.5610E+01	  0.7563E-02	  0.2057E-02
  0.5670E+01	  0.7364E-02	  0.2093E-02
  0.5730E+01	  0.7172E-02	  0.2130E-02
  0.5790E+01	  0.6985E-02	  0.2168E-02
  0.5850E+01	  0.6805E-02	  0.2206E-02
  0.5910E+01	  0.6630E-02	  0.2244E-02
  0.5970E+01	  0.6461E-02	  0.2283E-02
  0.6030E+01	  0.6297E-02	  0.2322E-02
  0.6090E+01	  0.6137E-02	  0.2362E-02
  0.6150E+01	  0.5983E-02	  0.2402E-02
  0.6210E+01	  0.5833E-02	  0.2443E-02
  0.6270E+01	  0.5687E-02	  0.2484E-02
  0.6330E+01	  0.5545E-02	  0.2526E-02
  0.6390E+01	  0.5408E-02	  0.2569E-02
  0.6450E+01	  0.5274E-02	  0.2612E-02
  0.6510E+01	  0.5145E-02	  0.2655E-02
  0.6570E+01	  0.5018E-02	  0.2700E-02
  0.6630E+01	  0.4895E-02	  0.2745E-02
  0.6690E+01	  0.4776E-02	  0.2790E-02
  0.6750E+01	  0.4660E-02	  0.2837E-02
  0.6810E+01	  0.4547E-02	  0.2884E-02
  0.6870E+01	  0.4437E-02	  0.2931E-02
  0.6930E+01	  0.4329E-02	  0.2980E-02
  0.6990E+01	  0.4225E-02	  0.3029E-02
  0.7050E+01	  0.4123E-02	  0.3078E-02
  0.7110E+01	  0.4024E-02	  0.3128E-02
  0.7170E+01	  0.3927E-02	  0.3179E-02
  0.7230E+01	  0.3833E-02	  0.3231E-02
  0.7290E+01	  0.3740E-02	  0.3283E-02
  0.7350E+01	  0.3650E-02	  0.3337E-02
  0.7410E+01	  0.3563E-02	  0.3391E-02
  0.7470E+01	  0.3477E-02	  0.3447E-02
  0.7530E+01	  0.3393E-02	  0.3503E-02
  0.7590E+01	  0.3311E-02	  0.3561E-02
  0.7650E+01	  0.3231E-02	  0.3619E-02
  0.7710E+01	  0.3153E-02	  0.3679E-02
  0.7770E+01	  0.3077E-02	  0.3740E-02
  0.7830E+01	  0.3002E-02	  0.3802E-02
  0.7890E+01	  0.2930E-02	  0.3866E-02
  0.7950E+01	  0.2858E-02	  0.3930E-02
  0.8010E+01	  0.2789E-02	  0.3996E-02
  0.8070E+01	  0.2721E-02	  0.4064E-02
  0.8130E+01	  0.2654E-02	  0.4132E-02
  0.8190E+01	  0.2589E-02	  0.4203E-02
  0.8250E+01	  0.2525E-02	  0.4274E-02
  0.8310E+01	  0.2463E-02	  0.4348E-02
  0.8370E+01	  0.2402E-02	  0.4423E-02
  0.8430E+01	  0.2343E-02	  0.4499E-02
  0.8490E+01	  0.2284E-02	  0.4578E-02
  0.8550E+01	  0.2227E-02	  0.4658E-02
  0.8610E+01	  0.2171E-02	  0.4740E-02
  0.8670E+01	  0.2117E-02	  0.4824E-02
  0.8730E+01	  0.2063E-02	  0.4910E-02
  0.8790E+01	  0.2011E-02	  0.4998E-02
  0.8850E+01	  0.1959E-02	  0.5088E-02
  0.8910E+01	  0.1909E-02	  0.5181E-02
  0.8970E+01	  0.1860E-02	  0.5276E-02
  0.9030E+01	  0.1812E-02	  0.5373E-02
  0.9090E+01	  0.1764E-02	  0.5472E-02
  0.9150E+01	  0.1718E-02	  0.5575E-02
  0.9210E+01	  0.1673E-02	  0.5680E-02
  0.9270E+01	  0.1628E-02	  0.5788E-02
  0.9330E+01	  0.1585E-02	  0.5899E-02
  0.9390E+01	  0.1542E-02	  0.6014E-02
  0.9450E+01	  0.1500E-02	  0.6132E-02
  0.9510E+01	  0.1459E-02	  0.6253E-02
  0.9570E+01	  0.1419E-02	  0.6378E-02
  0.9630E+01	  0.1380E-02	  0.6507E-02
  0.9690E+01	  0.1341E-02	  0.6640E-02
  0.9750E+01	  0.1303E-02	  0.6778E-02
  0.9810E+01	  0.1266E-02	  0.6920E-02
  0.9870E+01	  0.1230E-02	  0.7067E-02
  0.9930E+01	  0.1194E-02	  0.7219E-02
  0.9990E+01	  0.1159E-02	  0.7376E-02
  0.1005E+02	  0.1124E-02	  0.7537E-02
  0.1011E+02	  0.1091E-02	  0.7703E-02
  0.1017E+02	  0.1057E-02	  0.7876E-02
  0.1023E+02	  0.1025E-02	  0.8056E-02
  0.1029E+02	  0.9924E-03	  0.8243E-02
  0.1035E+02	  0.9608E-03	  0.8440E-02
  0.1041E+02	  0.9297E-03	  0.8645E-02
  0.1047E+02	  0.8990E-03	  0.8860E-02
  0.1053E+02	  0.8689E-03	  0.9086E-02
  0.1059E+02	  0.8393E-03	  0.9323E-02
  0.1065E+02	  0.8102E-03	  0.9570E-02
  0.1071E+02	  0.7815E-03	  0.9829E-02
  0.1077E+02	  0.7531E-03	  0.1010E-01
  0.1083E+02	  0.7252E-03	  0.1039E-01
  0.1089E+02	  0.6977E-03	  0.1070E-01
  0.1095E+02	  0.6706E-03	  0.1103E-01
  0.1101E+02	  0.6438E-03	  0.1138E-01
  0.1107E+02	  0.6174E-03	  0.1175E-01
  0.1113E+02	  0.5914E-03	  0.1216E-01
  0.1119E+02	  0.5658E-03	  0.1259E-01
  0.1125E+02	  0.5405E-03	  0.1305E-01
  0.1131E+02	  0.5155E-03	  0.1355E-01
  0.1137E+02	  0.4909E-03	  0.1410E-01
  0.1143E+02	  0.4667E-03	  0.1469E-01
  0.1149E+02	  0.4428E-03	  0.1533E-01
  0.1155E+02	  0.4192E-03	  0.1603E-01
  0.1161E+02	  0.3960E-03	  0.1671E-01
  0.1167E+02	  0.3734E-03	  0.1726E-01
  0.1173E+02	  0.3516E-03	  0.1774E-01
  0.1179E+02	  0.3305E-03	  0.1826E-01
  0.1185E+02	  0.3103E-03	  0.1864E-01
  0.1191E+02	  0.2912E-03	  0.1897E-01
  0.1197E+02	  0.2729E-03	  0.1942E-01
  0.1203E+02	  0.2554E-03	  0.1995E-01
  0.1209E+02	  0.2387E-03	  0.2051E-01
  0.1215E+02	  0.2227E-03	  0.2108E-01
  0.1221E+02	  0.2075E-03	  0.2165E-01
  0.1227E+02	  0.1929E-03	  0.2219E-01
  0.1233E+02	  0.1792E-03	  0.2269E-01
  0.1239E+02	  0.1662E-03	  0.2317E-01
  0.1245E+02	  0.1540E-03	  0.2361E-01
  0.1251E+02	  0.1425E-03	  0.2400E-01
  0.1257E+02	  0.1318E-03	  0.2432E-01
  0.1263E+02	  0.1218E-03	  0.2458E-01
  0.1269E+02	  0.1125E-03	  0.2479E-01
  0.1275E+02	  0.1039E-03	  0.2496E-01
  0.1281E+02	  0.9591E-04	  0.2512E-01
  0.1287E+02	  0.8849E-04	  0.2532E-01
  0.1293E+02	  0.8160E-04	  0.2559E-01
  0.1299E+02	  0.7518E-04	  0.2587E-01
  0.1305E+02	  0.6923E-04	  0.2585E-01
  0.1311E+02	  0.6384E-04	  0.2572E-01
  0.1317E+02	  0.5883E-04	  0.2595E-01
  0.1323E+02	  0.5418E-04	  0.2625E-01
  0.1329E+02	  0.4985E-04	  0.2669E-01
  0.1335E+02	  0.4578E-04	  0.2735E-01
  0.1341E+02	  0.4195E-04	  0.2811E-01
  0.1347E+02	  0.3836E-04	  0.2886E-01
  0.1353E+02	  0.3500E-04	  0.2958E-01
  0.1359E+02	  0.3187E-04	  0.3033E-01
  0.1365E+02	  0.2896E-04	  0.3109E-01
  0.1371E+02	  0.2625E-04	  0.3189E-01
  0.1377E+02	  0.2374E-04	  0.3272E-01
  0.1383E+02	  0.2141E-04	  0.3359E-01
  0.1389E+02	  0.1927E-04	  0.3450E-01
  0.1395E+02	  0.1729E-04	  0.3542E-01
  0.1401E+02	  0.1547E-04	  0.3634E-01
  0.1407E+02	  0.1381E-04	  0.3726E-01
  0.1413E+02	  0.1230E-04	  0.3818E-01
  0.1419E+02	  0.1092E-04	  0.3910E-01
  0.1425E+02	  0.9670E-05	  0.4002E-01
  0.1431E+02	  0.8541E-05	  0.4093E-01
  0.1437E+02	  0.7525E-05	  0.4182E-01
  0.1443E+02	  0.6613E-05	  0.4269E-01
  0.1449E+02	  0.5798E-05	  0.4355E-01
  0.1455E+02	  0.5071E-05	  0.4439E-01
  0.1461E+02	  0.4425E-05	  0.4522E-01
  0.1467E+02	  0.3852E-05	  0.4602E-01
  0.1473E+02	  0.3346E-05	  0.4681E-01
  0.1479E+02	  0.2900E-05	  0.4757E-01
  0.1485E+02	  0.2509E-05	  0.4831E-01
  0.1491E+02	  0.2166E-05	  0.4901E-01
  0.1497E+02	  0.1866E-05	  0.4966E-01
  0.1503E+02	  0.1606E-05	  0.5028E-01
  0.1509E+02	  0.1379E-05	  0.5089E-01
  0.1515E+02	  0.1182E-05	  0.5149E-01
  0.1521E+02	  0.1012E-05	  0.5208E-01
  0.1527E+02	  0.8649E-06	  0.5269E-01
  0.1533E+02	  0.7380E-06	  0.5329E-01
  0.1539E+02	  0.6286E-06	  0.5390E-01
  0.1545E+02	  0.5345E-06	  0.5452E-01
  0.1551E+02	  0.4537E-06	  0.5517E-01
  0.1557E+02	  0.3845E-06	  0.5583E-01
  0.1563E+02	  0.3252E-06	  0.5654E-01
  0.1569E+02	  0.2744E-06	  0.5729E-01
  0.1575E+02	  0.2311E-06	  0.5813E-01
  0.1581E+02	  0.1942E-06	  0.5902E-01
  0.1587E+02	  0.1627E-06	  0.5990E-01
  0.1593E+02	  0.1360E-06	  0.6075E-01
  0.1599E+02	  0.1135E-06	  0.6155E-01
  0.1605E+02	  0.9449E-07	  0.6232E-01
  0.1611E+02	  0.7851E-07	  0.6308E-01
  0.1617E+02	  0.6510E-07	  0.6384E-01
  0.1623E+02	  0.5387E-07	  0.6458E-01
  0.1629E+02	  0.4448E-07	  0.6533E-01
  0.1635E+02	  0.3666E-07	  0.6607E-01
  0.1641E+02	  0.3016E-07	  0.6681E-01
  0.1647E+02	  0.2476E-07	  0.6755E-01
  0.1653E+02	  0.2028E-07	  0.6829E-01
  0.1659E+02	  0.1658E-07	  0.6903E-01
  0.1665E+02	  0.1353E-07	  0.6977E-01
  0.1671E+02	  0.1102E-07	  0.7049E-01
  0.1677E+02	  0.8961E-08	  0.7121E-01
  0.1683E+02	  0.7271E-08	  0.7192E-01
  0.1689E+02	  0.5888E-08	  0.7261E-01
  0.1695E+02	  0.4760E-08	  0.7330E-01
  0.1701E+02	  0.3841E-08	  0.7397E-01
  0.1707E+02	  0.3094E-08	  0.7462E-01
  0.1713E+02	  0.2488E-08	  0.7527E-01
  0.1719E+02	  0.1997E-08	  0.7592E-01
  0.1725E+02	  0.1601E-08	  0.7656E-01
  0.1731E+02	  0.1281E-08	  0.7719E-01
  0.1737E+02	  0.1023E-08	  0.7783E-01
  0.1743E+02	  0.8156E-09	  0.7846E-01
  0.1749E+02	  0.6492E-09	  0.7909E-01
  0.1755E+02	  0.5159E-09	  0.7972E-01
  0.1761E+02	  0.4092E-09	  0.8035E-01
  0.1767E+02	  0.3241E-09	  0.8097E-01
  0.1773E+02	  0.2563E-09	  0.8159E-01
  0.1779E+02	  0.2023E-09	  0.8220E-01
  0.1785E+02	  0.1594E-09	  0.8281E-01
  0.1791E+02	  0.1254E-09	  0.8340E-01
  0.1797E+02	  0.9856E-10	  0.8398E-01
  0.1803E+02	  0.7733E-10	  0.8453E-01
  0.1809E+02	  0.6059E-10	  0.8507E-01
  0.1815E+02	  0.4741E-10	  0.8561E-01
  0.1821E+02	  0.3704E-10	  0.8616E-01
  0.1827E+02	  0.2890E-10	  0.8670E-01
  0.1833E+02	  0.2252E-10	  0.8724E-01
  0.1839E+02	  0.1753E-10	  0.8778E-01
  0.1845E+02	  0.1362E-10	  0.8831E-01
  0.1851E+02	  0.1057E-10	  0.8885E-01
  0.1857E+02	  0.8195E-11	  0.8939E-01
  0.1863E+02	  0.6344E-11	  0.8993E-01
  0.1869E+02	  0.4905E-11	  0.9046E-01
  0.1875E+02	  0.3787E-11	  0.9099E-01
  0.1881E+02	  0.2920E-11	  0.9151E-01
  0.1887E+02	  0.2249E-11	  0.9202E-01
  0.1893E+02	  0.1730E-11	  0.9252E-01
  0.1899E+02	  0.1329E-11	  0.9300E-01
  0.1905E+02	  0.1020E-11	  0.9346E-01
  0.1911E+02	  0.7818E-12	  0.9392E-01
  0.1917E+02	  0.5986E-12	  0.9438E-01
  0.1923E+02	  0.4578E-12	  0.9483E-01
  0.1929E+02	  0.3497E-12	  0.9528E-01
  0.1935E+02	  0.2669E-12	  0.9573E-01
  0.1941E+02	  0.2034E-12	  0.9617E-01
  0.1947E+02	  0.1549E-12	  0.9661E-01
  0.1953E+02	  0.1178E-12	  0.9705E-01
  0.1959E+02	  0.8948E-13	  0.9750E-01
  0.1965E+02	  0.6790E-13	  0.9794E-01
  0.1971E+02	  0.5147E-13	  0.9837E-01
  0.1977E+02	  0.3897E-13	  0.9882E-01
  0.1983E+02	  0.2947E-13	  0.9927E-01
  0.1989E+02	  0.2226E-13	  0.9973E-01
  0.1995E+02	  0.1680E-13	  0.1002E+00
  0.2001E+02	  0.1266E-13	  0.1007E+00
  0.2007E+02	  0.9538E-14	  0.1011E+00
  0.2013E+02	  0.7179E-14	  0.1016E+00
  0.2019E+02	  0.5398E-14	  0.1021E+00
  0.2025E+02	  0.4056E-14	  0.1025E+00
  0.2031E+02	  0.3045E-14	  0.1030E+00
  0.2037E+02	  0.2284E-14	  0.1034E+00
  0.2043E+02	  0.1712E-14	  0.1038E+00
  0.2049E+02	  0.1282E-14	  0.1043E+00
  0.2055E+02	  0.9594E-15	  0.1047E+00
  0.2061E+02	  0.7174E-15	  0.1051E+00
  0.2067E+02	  0.5361E-15	  0.1055E+00
  0.2073E+02	  0.4004E-15	  0.1059E+00
  0.2079E+02	  0.2988E-15	  0.1063E+00
  0.2085E+02	  0.2228E-15	  0.1067E+00
  0.2091E+02	  0.1661E-15	  0.1071E+00
  0.2097E+02	  0.1237E-15	  0.1075E+00
  0.2103E+02	  0.9206E-16	  0.1078E+00
  0.2109E+02	  0.6848E-16	  0.1082E+00
  0.2115E+02	  0.5091E-16	  0.1086E+00
  0.2121E+02	  0.3782E-16	  0.1090E+00
  0.2127E+02	  0.2808E-16	  0.1094E+00
  0.2133E+02	  0.2084E-16	  0.1097E+00
  0.2139E+02	  0.1545E-16	  0.1101E+00
  0.2145E+02	  0.1145E-16	  0.1105E+00
  0.2151E+02	  0.8479E-17	  0.1109E+00
  0.2157E+02	  0.6276E-17	  0.1113E+00
  0.2163E+02	  0.4642E-17	  0.1116E+00
  0.2169E+02	  0.3431E-17	  0.1120E+00
  0.2175E+02	  0.2535E-17	  0.1124E+00
  0.2181E+02	  0.1871E-17	  0.1128E+00
  0.2187E+02	  0.1381E-17	  0.1131E+00
  0.2193E+02	  0.1018E-17	  0.1135E+00
  0.2199E+02	  0.7504E-18	  0.1138E+00
  0.2205E+02	  0.5528E-18	  0.1141E+00
  0.2211E+02	  0.4070E-18	  0.1144E+00
  0.2217E+02	  0.2996E-18	  0.1147E+00
  0.2223E+02	  0.2204E-18	  0.1150E+00
  0.2229E+02	  0.1620E-18	  0.1153E+00
  0.2235E+02	  0.1191E-18	  0.1156E+00
  0.2241E+02	  0.8747E-19	  0.1159E+00
  0.2247E+02	  0.6422E-19	  0.1162E+00
  0.2253E+02	  0.4713E-19	  0.1165E+00
  0.2259E+02	  0.3457E-19	  0.1168E+00
  0.2265E+02	  0.2534E-19	  0.1171E+00
  0.2271E+02	  0.1857E-19	  0.1174E+00
  0.2277E+02	  0.1360E-19	  0.1177E+00
  0.2283E+02	  0.9954E-20	  0.1180E+00
  0.2289E+02	  0.7282E-20	  0.1183E+00
  0.2295E+02	  0.5326E-20	  0.1186E+00
  0.2301E+02	  0.3893E-20	  0.1189E+00
  0.2307E+02	  0.2844E-20	  0.1192E+00
  0.2313E+02	  0.2077E-20	  0.1194E+00
  0.2319E+02	  0.1516E-20	  0.1197E+00
  0.2325E+02	  0.1106E-20	  0.1200E+00
  0.2331E+02	  0.8067E-21	  0.1202E+00
  0.2337E+02	  0.5880E-21	  0.1205E+00
  0.2343E+02	  0.4284E-21	  0.1208E+00
  0.2349E+02	  0.3120E-21	  0.1211E+00
  0.2355E+02	  0.2271E-21	  0.1213E+00
  0.2361E+02	  0.1653E-21	  0.1216E+00
  0.2367E+02	  0.1202E-21	  0.1218E+00
  0.2373E+02	  0.8739E-22	  0.1221E+00
  0.2379E+02	  0.6350E-22	  0.1224E+00
  0.2385E+02	  0.4612E-22	  0.1226E+00
  0.2391E+02	  0.3348E-22	  0.1229E+00
  0.2397E+02	  0.2430E-22	  0.1232E+00
  0.2403E+02	  0.1762E-22	  0.1234E+00
  0.2409E+02	  0.1278E-22	  0.1237E+00
  0.2415E+02	  0.9258E-23	  0.1240E+00
  0.2421E+02	  0.6705E-23	  0.1242E+00
  0.2427E+02	  0.4855E-23	  0.1245E+00
  0.2433E+02	  0.3513E-23	  0.1247E+00
  0.2439E+02	  0.2541E-23	  0.1250E+00
  0.2445E+02	  0.1837E-23	  0.1253E+00
  0.2451E+02	  0.1328E-23	  0.1255E+00
  0.2457E+02	  0.9589E-24	  0.1258E+00
  0.2463E+02	  0.6923E-24	  0.1260E+00
  0.2469E+02	  0.4996E-24	  0.1263E+00
  0.2475E+02	  0.3603E-24	  0.1266E+00
  0.2481E+02	  0.2598E-24	  0.1268E+00
  0.2487E+02	  0.1872E-24	  0.1271E+00
  0.2493E+02	  0.1349E-24	  0.1273E+00
  0.2499E+02	  0.9714E-25	  0.1276E+00
  0.2505E+02	  0.6993E-25	  0.1278E+00
  0.2511E+02	  0.5033E-25	  0.1281E+00
  0.2517E+02	  0.3620E-25	  0.1283E+00
  0.2523E+02	  0.2604E-25	  0.1286E+00
  0.2529E+02	  0.1872E-25	  0.1288E+00
  0.2535E+02	  0.1345E-25	  0.1291E+00
  0.2541E+02	  0.9668E-26	  0.1294E+00
  0.2547E+02	  0.6945E-26	  0.1296E+00
  0.2553E+02	  0.4988E-26	  0.1299E+00
  0.2559E+02	  0.3581E-26	  0.1302E+00
  0.2565E+02	  0.2570E-26	  0.1305E+00
  0.2571E+02	  0.1844E-26	  0.1308E+00
  0.2577E+02	  0.1323E-26	  0.1311E+00
  0.2583E+02	  0.9484E-27	  0.1314E+00
  0.2589E+02	  0.6799E-27	  0.1316E+00
  0.2595E+02	  0.4873E-27	  0.1319E+00
  0.2601E+02	  0.3491E-27	  0.1321E+00
  0.2607E+02	  0.2501E-27	  0.1324E+00
  0.2613E+02	  0.1791E-27	  0.1326E+00
  0.2619E+02	  0.1283E-27	  0.1329E+00
  0.2625E+02	  0.9182E-28	  0.1331E+00
  0.2631E+02	  0.6571E-28	  0.1333E+00
  0.2637E+02	  0.4702E-28	  0.1335E+00
  0.2643E+02	  0.3364E-28	  0.1338E+00
  0.2649E+02	  0.2406E-28	  0.1340E+00
  0.2655E+02	  0.1720E-28	  0.1342E+00
  0.2661E+02	  0.1230E-28	  0.1345E+00
  0.2667E+02	  0.8791E-29	  0.1347E+00
  0.2673E+02	  0.6282E-29	  0.1349E+00

R29 
------------------------------------------------------------
Electric field / N (Td)                    115.0    
Angular frequency / N (m3/s)              0.1938E-11
Cosine of E-B field angle                  0.000    
Gas temperature (K)                        800.0    
Excitation temperature (K)                 300.0    
Transition energy (eV)                     0.000    
Ionization degree                          0.000    
Plasma density (1/m3)                     0.1000E+19
Ion charge parameter                       1.000    
Ion/neutral mass ratio                     1.000    
Coulomb collision model                    1.000    
Energy sharing                             0.000    
Growth model                               1.000    
Maxwellian mean energy (eV)                0.000    
# of grid points                           500.0    
Grid type                                  1.000    
Maximum energy                             30.00    
Precision                                 0.1000E-29
Convergence                               0.1000E-03
Maximum # of iterations                   0.2000E+05
Mole fraction Ar                           1.000    
------------------------------------------------------------
Mean energy (eV)                           1.364    
Mobility *N (1/m/V/s)                     0.1364E+27
Re/perp mobility *N (1/m/V/s)             0.2055E+22
Im/Hall mobility *N (1/m/V/s)            -0.9073E+23
Diffusion coefficient *N (1/m/s)          0.2793E+26
Energy mobility *N (1/m/V/s)              0.3203E+26
Energy diffusion coef. *N (1/m/s)         0.1176E+26
Total collision freq. /N (m3/s)           0.2232E-13
Momentum frequency /N (m3/s)              0.4391E-13
Total ionization freq. /N (m3/s)          0.1070E-20
Power /N (eV m3/s)                        0.2718E-16
Elastic power loss /N (eV m3/s)           0.3179E-17
Inelastic power loss /N (eV m3/s)         0.2400E-16
Growth power /N (eV m3/s)                 0.1460E-20
Maximum energy                             30.00    
# of iterations                            4.000    
# of grid trials                           1.000    
------------------------------------------------------------
Rate coefficients (m3/s)
C1    Ar    Elastic                       0.2232E-13
C2    Ar    Excitation    11.55 eV        0.6524E-18
C3    Ar    Excitation    11.62 eV        0.5089E-18
C4    Ar    Excitation    11.72 eV        0.1011E-18
C5    Ar    Excitation    11.83 eV        0.5771E-18
C6    Ar    Excitation    12.91 eV        0.3630E-19
C7    Ar    Excitation    13.08 eV        0.2021E-19
C8    Ar    Excitation    13.10 eV        0.1374E-19
C9    Ar    Excitation    13.15 eV        0.7618E-20
C10   Ar    Excitation    13.17 eV        0.1234E-19
C11   Ar    Excitation    13.27 eV        0.3332E-20
C12   Ar    Excitation    13.28 eV        0.6550E-20
C13   Ar    Excitation    13.30 eV        0.5085E-20
C14   Ar    Excitation    13.33 eV        0.6114E-20
C15   Ar    Excitation    13.48 eV        0.9690E-20
C16   Ar    Excitation    13.85 eV        0.4560E-20
C17   Ar    Excitation    13.86 eV        0.2036E-19
C18   Ar    Excitation    13.90 eV        0.1060E-19
C19   Ar    Excitation    13.98 eV        0.1254E-19
C20   Ar    Excitation    14.01 eV        0.3561E-20
C21   Ar    Excitation    14.06 eV        0.3256E-20
C22   Ar    Excitation    14.07 eV        0.3237E-20
C23   Ar    Excitation    14.09 eV        0.1504E-21
C24   Ar    Excitation    14.10 eV        0.4362E-21
C25   Ar    Excitation    14.15 eV        0.3694E-21
C26   Ar    Excitation    14.21 eV        0.3740E-20
C27   Ar    Excitation    14.23 eV        0.2469E-20
C28   Ar    Excitation    14.24 eV        0.5623E-21
C29   Ar    Excitation    14.24 eV        0.5291E-21
C30   Ar    Excitation    14.26 eV        0.4230E-22
C31   Ar    Excitation    14.30 eV        0.3117E-21
C32   Ar    Excitation    14.71 eV        0.2170E-23
C33   Ar    Excitation    14.85 eV        0.1125E-22
C34   Ar    Excitation    14.86 eV        0.3665E-22
C35   Ar    Excitation    15.00 eV        0.1049E-22
C36   Ar    Excitation    15.02 eV        0.1049E-22
C37   Ar    Excitation    15.12 eV        0.1481E-23
C38   Ar    Excitation    15.19 eV        0.1261E-22
C39   Ar    Excitation    15.19 eV        0.1247E-22
C40   Ar    Excitation    15.31 eV        0.1547E-24
C41   Ar    Excitation    15.35 eV        0.9250E-25
C42   Ar    Excitation    15.36 eV        0.1306E-24
C43   Ar    Excitation    15.37 eV        0.2254E-23
C44   Ar    Excitation    15.37 eV        0.4908E-23
C45   Ar    Excitation    15.66 eV        0.9551E-23
C46   Ar    Ionization    15.76 eV        0.1070E-20
------------------------------------------------------------
Energy (eV) EEDF (eV-3/2) Anisotropy
  0.3000E-01	  0.4925E+01	  0.9542E-05
  0.9000E-01	  0.4603E+01	  0.1063E-04
  0.1500E+00	  0.4032E+01	  0.1280E-04
  0.2100E+00	  0.3000E+01	  0.1663E-04
  0.2700E+00	  0.1853E+01	  0.2627E-04
  0.3300E+00	  0.1213E+01	  0.3952E-04
  0.3900E+00	  0.8870E+00	  0.5290E-04
  0.4500E+00	  0.7003E+00	  0.6562E-04
  0.5100E+00	  0.5800E+00	  0.7826E-04
  0.5700E+00	  0.4954E+00	  0.9114E-04
  0.6300E+00	  0.4322E+00	  0.1046E-03
  0.6900E+00	  0.3826E+00	  0.1189E-03
  0.7500E+00	  0.3424E+00	  0.1341E-03
  0.8100E+00	  0.3090E+00	  0.1501E-03
  0.8700E+00	  0.2807E+00	  0.1669E-03
  0.9300E+00	  0.2565E+00	  0.1845E-03
  0.9900E+00	  0.2355E+00	  0.2028E-03
  0.1050E+01	  0.2170E+00	  0.2215E-03
  0.1110E+01	  0.2004E+00	  0.2408E-03
  0.1170E+01	  0.1855E+00	  0.2607E-03
  0.1230E+01	  0.1720E+00	  0.2810E-03
  0.1290E+01	  0.1597E+00	  0.3016E-03
  0.1350E+01	  0.1485E+00	  0.3220E-03
  0.1410E+01	  0.1384E+00	  0.3424E-03
  0.1470E+01	  0.1291E+00	  0.3634E-03
  0.1530E+01	  0.1206E+00	  0.3850E-03
  0.1590E+01	  0.1129E+00	  0.4060E-03
  0.1650E+01	  0.1059E+00	  0.4260E-03
  0.1710E+01	  0.9942E-01	  0.4457E-03
  0.1770E+01	  0.9351E-01	  0.4655E-03
  0.1830E+01	  0.8807E-01	  0.4859E-03
  0.1890E+01	  0.8304E-01	  0.5068E-03
  0.1950E+01	  0.7838E-01	  0.5282E-03
  0.2010E+01	  0.7407E-01	  0.5501E-03
  0.2070E+01	  0.7006E-01	  0.5724E-03
  0.2130E+01	  0.6635E-01	  0.5951E-03
  0.2190E+01	  0.6291E-01	  0.6181E-03
  0.2250E+01	  0.5970E-01	  0.6414E-03
  0.2310E+01	  0.5672E-01	  0.6650E-03
  0.2370E+01	  0.5393E-01	  0.6888E-03
  0.2430E+01	  0.5132E-01	  0.7130E-03
  0.2490E+01	  0.4888E-01	  0.7374E-03
  0.2550E+01	  0.4660E-01	  0.7620E-03
  0.2610E+01	  0.4445E-01	  0.7868E-03
  0.2670E+01	  0.4244E-01	  0.8118E-03
  0.2730E+01	  0.4056E-01	  0.8369E-03
  0.2790E+01	  0.3878E-01	  0.8621E-03
  0.2850E+01	  0.3711E-01	  0.8874E-03
  0.2910E+01	  0.3553E-01	  0.9129E-03
  0.2970E+01	  0.3405E-01	  0.9385E-03
  0.3030E+01	  0.3265E-01	  0.9643E-03
  0.3090E+01	  0.3132E-01	  0.9901E-03
  0.3150E+01	  0.3006E-01	  0.1016E-02
  0.3210E+01	  0.2887E-01	  0.1042E-02
  0.3270E+01	  0.2775E-01	  0.1069E-02
  0.3330E+01	  0.2668E-01	  0.1095E-02
  0.3390E+01	  0.2566E-01	  0.1122E-02
  0.3450E+01	  0.2470E-01	  0.1149E-02
  0.3510E+01	  0.2378E-01	  0.1177E-02
  0.3570E+01	  0.2291E-01	  0.1204E-02
  0.3630E+01	  0.2208E-01	  0.1232E-02
  0.3690E+01	  0.2128E-01	  0.1260E-02
  0.3750E+01	  0.2053E-01	  0.1288E-02
  0.3810E+01	  0.1981E-01	  0.1317E-02
  0.3870E+01	  0.1912E-01	  0.1346E-02
  0.3930E+01	  0.1846E-01	  0.1375E-02
  0.3990E+01	  0.1783E-01	  0.1405E-02
  0.4050E+01	  0.1723E-01	  0.1435E-02
  0.4110E+01	  0.1665E-01	  0.1466E-02
  0.4170E+01	  0.1611E-01	  0.1497E-02
  0.4230E+01	  0.1558E-01	  0.1529E-02
  0.4290E+01	  0.1508E-01	  0.1560E-02
  0.4350E+01	  0.1460E-01	  0.1592E-02
  0.4410E+01	  0.1414E-01	  0.1624E-02
  0.4470E+01	  0.1370E-01	  0.1657E-02
  0.4530E+01	  0.1328E-01	  0.1689E-02
  0.4590E+01	  0.1288E-01	  0.1723E-02
  0.4650E+01	  0.1249E-01	  0.1756E-02
  0.4710E+01	  0.1212E-01	  0.1790E-02
  0.4770E+01	  0.1176E-01	  0.1824E-02
  0.4830E+01	  0.1142E-01	  0.1858E-02
  0.4890E+01	  0.1109E-01	  0.1893E-02
  0.4950E+01	  0.1077E-01	  0.1928E-02
  0.5010E+01	  0.1046E-01	  0.1964E-02
  0.5070E+01	  0.1017E-01	  0.2000E-02
  0.5130E+01	  0.9885E-02	  0.2036E-02
  0.5190E+01	  0.9611E-02	  0.2073E-02
  0.5250E+01	  0.9347E-02	  0.2110E-02
  0.5310E+01	  0.9093E-02	  0.2148E-02
  0.5370E+01	  0.8847E-02	  0.2186E-02
  0.5430E+01	  0.8610E-02	  0.2224E-02
  0.5490E+01	  0.8381E-02	  0.2263E-02
  0.5550E+01	  0.8160E-02	  0.2302E-02
  0.5610E+01	  0.7946E-02	  0.2342E-02
  0.5670E+01	  0.7739E-02	  0.2382E-02
  0.5730E+01	  0.7539E-02	  0.2423E-02
  0.5790E+01	  0.7345E-02	  0.2464E-02
  0.5850E+01	  0.7158E-02	  0.2505E-02
  0.5910E+01	  0.6976E-02	  0.2547E-02
  0.5970E+01	  0.6800E-02	  0.2590E-02
  0.6030E+01	  0.6630E-02	  0.2633E-02
  0.6090E+01	  0.6464E-02	  0.2676E-02
  0.6150E+01	  0.6304E-02	  0.2720E-02
  0.6210E+01	  0.6148E-02	  0.2765E-02
  0.6270E+01	  0.5997E-02	  0.2810E-02
  0.6330E+01	  0.5850E-02	  0.2856E-02
  0.6390E+01	  0.5708E-02	  0.2902E-02
  0.6450E+01	  0.5569E-02	  0.2949E-02
  0.6510E+01	  0.5435E-02	  0.2996E-02
  0.6570E+01	  0.5304E-02	  0.3045E-02
  0.6630E+01	  0.5176E-02	  0.3093E-02
  0.6690E+01	  0.5053E-02	  0.3143E-02
  0.6750E+01	  0.4932E-02	  0.3193E-02
  0.6810E+01	  0.4815E-02	  0.3244E-02
  0.6870E+01	  0.4701E-02	  0.3296E-02
  0.6930E+01	  0.4590E-02	  0.3349E-02
  0.6990E+01	  0.4482E-02	  0.3401E-02
  0.7050E+01	  0.4376E-02	  0.3455E-02
  0.7110E+01	  0.4273E-02	  0.3509E-02
  0.7170E+01	  0.4173E-02	  0.3564E-02
  0.7230E+01	  0.4075E-02	  0.3620E-02
  0.7290E+01	  0.3980E-02	  0.3677E-02
  0.7350E+01	  0.3886E-02	  0.3735E-02
  0.7410E+01	  0.3795E-02	  0.3794E-02
  0.7470E+01	  0.3707E-02	  0.3854E-02
  0.7530E+01	  0.3620E-02	  0.3915E-02
  0.7590E+01	  0.3535E-02	  0.3977E-02
  0.7650E+01	  0.3452E-02	  0.4041E-02
  0.7710E+01	  0.3371E-02	  0.4105E-02
  0.7770E+01	  0.3292E-02	  0.4171E-02
  0.7830E+01	  0.3215E-02	  0.4238E-02
  0.7890E+01	  0.3139E-02	  0.4306E-02
  0.7950E+01	  0.3065E-02	  0.4376E-02
  0.8010E+01	  0.2993E-02	  0.4447E-02
  0.8070E+01	  0.2922E-02	  0.4519E-02
  0.8130E+01	  0.2853E-02	  0.4593E-02
  0.8190E+01	  0.2785E-02	  0.4669E-02
  0.8250E+01	  0.2719E-02	  0.4746E-02
  0.8310E+01	  0.2654E-02	  0.4824E-02
  0.8370E+01	  0.2591E-02	  0.4905E-02
  0.8430E+01	  0.2529E-02	  0.4987E-02
  0.8490E+01	  0.2468E-02	  0.5070E-02
  0.8550E+01	  0.2409E-02	  0.5156E-02
  0.8610E+01	  0.2351E-02	  0.5244E-02
  0.8670E+01	  0.2294E-02	  0.5334E-02
  0.8730E+01	  0.2238E-02	  0.5425E-02
  0.8790E+01	  0.2183E-02	  0.5519E-02
  0.8850E+01	  0.2130E-02	  0.5615E-02
  0.8910E+01	  0.2077E-02	  0.5714E-02
  0.8970E+01	  0.2026E-02	  0.5815E-02
  0.9030E+01	  0.1976E-02	  0.5918E-02
  0.9090E+01	  0.1926E-02	  0.6024E-02
  0.9150E+01	  0.1878E-02	  0.6132E-02
  0.9210E+01	  0.1831E-02	  0.6244E-02
  0.9270E+01	  0.1784E-02	  0.6359E-02
  0.9330E+01	  0.1739E-02	  0.6476E-02
  0.9390E+01	  0.1694E-02	  0.6597E-02
  0.9450E+01	  0.1650E-02	  0.6722E-02
  0.9510E+01	  0.1607E-02	  0.6850E-02
  0.9570E+01	  0.1565E-02	  0.6981E-02
  0.9630E+01	  0.1523E-02	  0.7117E-02
  0.9690E+01	  0.1483E-02	  0.7257E-02
  0.9750E+01	  0.1443E-02	  0.7401E-02
  0.9810E+01	  0.1404E-02	  0.7550E-02
  0.9870E+01	  0.1366E-02	  0.7703E-02
  0.9930E+01	  0.1328E-02	  0.7862E-02
  0.9990E+01	  0.1291E-02	  0.8026E-02
  0.1005E+02	  0.1255E-02	  0.8194E-02
  0.1011E+02	  0.1219E-02	  0.8367E-02
  0.1017E+02	  0.1184E-02	  0.8547E-02
  0.1023E+02	  0.1149E-02	  0.8734E-02
  0.1029E+02	  0.1115E-02	  0.8928E-02
  0.1035E+02	  0.1082E-02	  0.9131E-02
  0.1041E+02	  0.1049E-02	  0.9343E-02
  0.1047E+02	  0.1016E-02	  0.9565E-02
  0.1053E+02	  0.9843E-03	  0.9796E-02
  0.1059E+02	  0.9529E-03	  0.1004E-01
  0.1065E+02	  0.9219E-03	  0.1029E-01
  0.1071E+02	  0.8913E-03	  0.1055E-01
  0.1077E+02	  0.8611E-03	  0.1083E-01
  0.1083E+02	  0.8314E-03	  0.1113E-01
  0.1089E+02	  0.8020E-03	  0.1144E-01
  0.1095E+02	  0.7729E-03	  0.1177E-01
  0.1101E+02	  0.7443E-03	  0.1212E-01
  0.1107E+02	  0.7161E-03	  0.1249E-01
  0.1113E+02	  0.6882E-03	  0.1289E-01
  0.1119E+02	  0.6606E-03	  0.1331E-01
  0.1125E+02	  0.6335E-03	  0.1377E-01
  0.1131E+02	  0.6066E-03	  0.1426E-01
  0.1137E+02	  0.5801E-03	  0.1478E-01
  0.1143E+02	  0.5540E-03	  0.1535E-01
  0.1149E+02	  0.5282E-03	  0.1596E-01
  0.1155E+02	  0.5027E-03	  0.1662E-01
  0.1161E+02	  0.4776E-03	  0.1727E-01
  0.1167E+02	  0.4530E-03	  0.1779E-01
  0.1173E+02	  0.4293E-03	  0.1826E-01
  0.1179E+02	  0.4062E-03	  0.1876E-01
  0.1185E+02	  0.3840E-03	  0.1914E-01
  0.1191E+02	  0.3628E-03	  0.1947E-01
  0.1197E+02	  0.3424E-03	  0.1992E-01
  0.1203E+02	  0.3228E-03	  0.2043E-01
  0.1209E+02	  0.3039E-03	  0.2097E-01
  0.1215E+02	  0.2857E-03	  0.2151E-01
  0.1221E+02	  0.2683E-03	  0.2205E-01
  0.1227E+02	  0.2516E-03	  0.2257E-01
  0.1233E+02	  0.2357E-03	  0.2305E-01
  0.1239E+02	  0.2206E-03	  0.2350E-01
  0.1245E+02	  0.2062E-03	  0.2392E-01
  0.1251E+02	  0.1926E-03	  0.2430E-01
  0.1257E+02	  0.1798E-03	  0.2461E-01
  0.1263E+02	  0.1678E-03	  0.2488E-01
  0.1269E+02	  0.1565E-03	  0.2509E-01
  0.1275E+02	  0.1458E-03	  0.2528E-01
  0.1281E+02	  0.1359E-03	  0.2547E-01
  0.1287E+02	  0.1266E-03	  0.2568E-01
  0.1293E+02	  0.1178E-03	  0.2596E-01
  0.1299E+02	  0.1096E-03	  0.2626E-01
  0.1305E+02	  0.1019E-03	  0.2629E-01
  0.1311E+02	  0.9486E-04	  0.2625E-01
  0.1317E+02	  0.8822E-04	  0.2652E-01
  0.1323E+02	  0.8199E-04	  0.2686E-01
  0.1329E+02	  0.7613E-04	  0.2732E-01
  0.1335E+02	  0.7057E-04	  0.2799E-01
  0.1341E+02	  0.6530E-04	  0.2874E-01
  0.1347E+02	  0.6031E-04	  0.2948E-01
  0.1353E+02	  0.5559E-04	  0.3020E-01
  0.1359E+02	  0.5115E-04	  0.3095E-01
  0.1365E+02	  0.4698E-04	  0.3171E-01
  0.1371E+02	  0.4306E-04	  0.3251E-01
  0.1377E+02	  0.3939E-04	  0.3333E-01
  0.1383E+02	  0.3595E-04	  0.3419E-01
  0.1389E+02	  0.3275E-04	  0.3509E-01
  0.1395E+02	  0.2976E-04	  0.3599E-01
  0.1401E+02	  0.2698E-04	  0.3690E-01
  0.1407E+02	  0.2440E-04	  0.3780E-01
  0.1413E+02	  0.2203E-04	  0.3871E-01
  0.1419E+02	  0.1984E-04	  0.3961E-01
  0.1425E+02	  0.1782E-04	  0.4051E-01
  0.1431E+02	  0.1598E-04	  0.4140E-01
  0.1437E+02	  0.1429E-04	  0.4227E-01
  0.1443E+02	  0.1276E-04	  0.4313E-01
  0.1449E+02	  0.1137E-04	  0.4397E-01
  0.1455E+02	  0.1011E-04	  0.4479E-01
  0.1461E+02	  0.8966E-05	  0.4560E-01
  0.1467E+02	  0.7940E-05	  0.4638E-01
  0.1473E+02	  0.7018E-05	  0.4715E-01
  0.1479E+02	  0.6191E-05	  0.4790E-01
  0.1485E+02	  0.5453E-05	  0.4862E-01
  0.1491E+02	  0.4794E-05	  0.4930E-01
  0.1497E+02	  0.4209E-05	  0.4995E-01
  0.1503E+02	  0.3689E-05	  0.5057E-01
  0.1509E+02	  0.3229E-05	  0.5117E-01
  0.1515E+02	  0.2823E-05	  0.5177E-01
  0.1521E+02	  0.2464E-05	  0.5237E-01
  0.1527E+02	  0.2147E-05	  0.5297E-01
  0.1533E+02	  0.1869E-05	  0.5358E-01
  0.1539E+02	  0.1624E-05	  0.5419E-01
  0.1545E+02	  0.1409E-05	  0.5482E-01
  0.1551E+02	  0.1221E-05	  0.5547E-01
  0.1557E+02	  0.1056E-05	  0.5615E-01
  0.1563E+02	  0.9120E-06	  0.5686E-01
  0.1569E+02	  0.7862E-06	  0.5762E-01
  0.1575E+02	  0.6764E-06	  0.5845E-01
  0.1581E+02	  0.5808E-06	  0.5932E-01
  0.1587E+02	  0.4976E-06	  0.6019E-01
  0.1593E+02	  0.4255E-06	  0.6102E-01
  0.1599E+02	  0.3632E-06	  0.6181E-01
  0.1605E+02	  0.3094E-06	  0.6258E-01
  0.1611E+02	  0.2631E-06	  0.6333E-01
  0.1617E+02	  0.2234E-06	  0.6407E-01
  0.1623E+02	  0.1893E-06	  0.6482E-01
  0.1629E+02	  0.1602E-06	  0.6555E-01
  0.1635E+02	  0.1353E-06	  0.6629E-01
  0.1641E+02	  0.1140E-06	  0.6702E-01
  0.1647E+02	  0.9599E-07	  0.6776E-01
  0.1653E+02	  0.8065E-07	  0.6849E-01
  0.1659E+02	  0.6765E-07	  0.6922E-01
  0.1665E+02	  0.5665E-07	  0.6995E-01
  0.1671E+02	  0.4736E-07	  0.7067E-01
  0.1677E+02	  0.3952E-07	  0.7137E-01
  0.1683E+02	  0.3293E-07	  0.7207E-01
  0.1689E+02	  0.2740E-07	  0.7276E-01
  0.1695E+02	  0.2275E-07	  0.7344E-01
  0.1701E+02	  0.1887E-07	  0.7410E-01
  0.1707E+02	  0.1563E-07	  0.7475E-01
  0.1713E+02	  0.1292E-07	  0.7539E-01
  0.1719E+02	  0.1067E-07	  0.7603E-01
  0.1725E+02	  0.8793E-08	  0.7666E-01
  0.1731E+02	  0.7238E-08	  0.7729E-01
  0.1737E+02	  0.5949E-08	  0.7792E-01
  0.1743E+02	  0.4882E-08	  0.7855E-01
  0.1749E+02	  0.4001E-08	  0.7918E-01
  0.1755E+02	  0.3274E-08	  0.7980E-01
  0.1761E+02	  0.2676E-08	  0.8042E-01
  0.1767E+02	  0.2183E-08	  0.8104E-01
  0.1773E+02	  0.1779E-08	  0.8165E-01
  0.1779E+02	  0.1447E-08	  0.8225E-01
  0.1785E+02	  0.1176E-08	  0.8285E-01
  0.1791E+02	  0.9542E-09	  0.8344E-01
  0.1797E+02	  0.7733E-09	  0.8400E-01
  0.1803E+02	  0.6259E-09	  0.8455E-01
  0.1809E+02	  0.5060E-09	  0.8509E-01
  0.1815E+02	  0.4085E-09	  0.8563E-01
  0.1821E+02	  0.3295E-09	  0.8617E-01
  0.1827E+02	  0.2654E-09	  0.8670E-01
  0.1833E+02	  0.2135E-09	  0.8724E-01
  0.1839E+02	  0.1716E-09	  0.8777E-01
  0.1845E+02	  0.1378E-09	  0.8831E-01
  0.1851E+02	  0.1105E-09	  0.8884E-01
  0.1857E+02	  0.8847E-10	  0.8937E-01
  0.1863E+02	  0.7077E-10	  0.8990E-01
  0.1869E+02	  0.5655E-10	  0.9043E-01
  0.1875E+02	  0.4514E-10	  0.9095E-01
  0.1881E+02	  0.3599E-10	  0.9146E-01
  0.1887E+02	  0.2867E-10	  0.9197E-01
  0.1893E+02	  0.2281E-10	  0.9246E-01
  0.1899E+02	  0.1813E-10	  0.9293E-01
  0.1905E+02	  0.1439E-10	  0.9339E-01
  0.1911E+02	  0.1142E-10	  0.9385E-01
  0.1917E+02	  0.9047E-11	  0.9430E-01
  0.1923E+02	  0.7162E-11	  0.9475E-01
  0.1929E+02	  0.5665E-11	  0.9519E-01
  0.1935E+02	  0.4476E-11	  0.9563E-01
  0.1941E+02	  0.3533E-11	  0.9607E-01
  0.1947E+02	  0.2786E-11	  0.9651E-01
  0.1953E+02	  0.2195E-11	  0.9695E-01
  0.1959E+02	  0.1728E-11	  0.9739E-01
  0.1965E+02	  0.1358E-11	  0.9783E-01
  0.1971E+02	  0.1067E-11	  0.9826E-01
  0.1977E+02	  0.8373E-12	  0.9870E-01
  0.1983E+02	  0.6564E-12	  0.9915E-01
  0.1989E+02	  0.5141E-12	  0.9962E-01
  0.1995E+02	  0.4022E-12	  0.1001E+00
  0.2001E+02	  0.3145E-12	  0.1005E+00
  0.2007E+02	  0.2457E-12	  0.1010E+00
  0.2013E+02	  0.1918E-12	  0.1015E+00
  0.2019E+02	  0.1496E-12	  0.1019E+00
  0.2025E+02	  0.1166E-12	  0.1024E+00
  0.2031E+02	  0.9086E-13	  0.1028E+00
  0.2037E+02	  0.7073E-13	  0.1032E+00
  0.2043E+02	  0.5502E-13	  0.1037E+00
  0.2049E+02	  0.4277E-13	  0.1041E+00
  0.2055E+02	  0.3323E-13	  0.1045E+00
  0.2061E+02	  0.2580E-13	  0.1049E+00
  0.2067E+02	  0.2002E-13	  0.1053E+00
  0.2073E+02	  0.1552E-13	  0.1057E+00
  0.2079E+02	  0.1203E-13	  0.1061E+00
  0.2085E+02	  0.9317E-14	  0.1065E+00
  0.2091E+02	  0.7212E-14	  0.1069E+00
  0.2097E+02	  0.5580E-14	  0.1073E+00
  0.2103E+02	  0.4314E-14	  0.1076E+00
  0.2109E+02	  0.3334E-14	  0.1080E+00
  0.2115E+02	  0.2575E-14	  0.1084E+00
  0.2121E+02	  0.1988E-14	  0.1088E+00
  0.2127E+02	  0.1534E-14	  0.1091E+00
  0.2133E+02	  0.1183E-14	  0.1095E+00
  0.2139E+02	  0.9117E-15	  0.1099E+00
  0.2145E+02	  0.7023E-15	  0.1103E+00
  0.2151E+02	  0.5406E-15	  0.1106E+00
  0.2157E+02	  0.4160E-15	  0.1110E+00
  0.2163E+02	  0.3199E-15	  0.1114E+00
  0.2169E+02	  0.2459E-15	  0.1118E+00
  0.2175E+02	  0.1889E-15	  0.1122E+00
  0.2181E+02	  0.1450E-15	  0.1125E+00
  0.2187E+02	  0.1113E-15	  0.1129E+00
  0.2193E+02	  0.8536E-16	  0.1132E+00
  0.2199E+02	  0.6544E-16	  0.1135E+00
  0.2205E+02	  0.5015E-16	  0.1138E+00
  0.2211E+02	  0.3842E-16	  0.1141E+00
  0.2217E+02	  0.2942E-16	  0.1144E+00
  0.2223E+02	  0.2252E-16	  0.1147E+00
  0.2229E+02	  0.1723E-16	  0.1150E+00
  0.2235E+02	  0.1318E-16	  0.1153E+00
  0.2241E+02	  0.1007E-16	  0.1156E+00
  0.2247E+02	  0.7696E-17	  0.1159E+00
  0.2253E+02	  0.5878E-17	  0.1162E+00
  0.2259E+02	  0.4488E-17	  0.1165E+00
  0.2265E+02	  0.3425E-17	  0.1168E+00
  0.2271E+02	  0.2612E-17	  0.1171E+00
  0.2277E+02	  0.1992E-17	  0.1174E+00
  0.2283E+02	  0.1518E-17	  0.1177E+00
  0.2289E+02	  0.1156E-17	  0.1180E+00
  0.2295E+02	  0.8806E-18	  0.1183E+00
  0.2301E+02	  0.6703E-18	  0.1186E+00
  0.2307E+02	  0.5100E-18	  0.1188E+00
  0.2313E+02	  0.3879E-18	  0.1191E+00
  0.2319E+02	  0.2949E-18	  0.1194E+00
  0.2325E+02	  0.2241E-18	  0.1197E+00
  0.2331E+02	  0.1703E-18	  0.1199E+00
  0.2337E+02	  0.1293E-18	  0.1202E+00
  0.2343E+02	  0.9815E-19	  0.1205E+00
  0.2349E+02	  0.7447E-19	  0.1207E+00
  0.2355E+02	  0.5649E-19	  0.1210E+00
  0.2361E+02	  0.4283E-19	  0.1212E+00
  0.2367E+02	  0.3246E-19	  0.1215E+00
  0.2373E+02	  0.2459E-19	  0.1218E+00
  0.2379E+02	  0.1862E-19	  0.1220E+00
  0.2385E+02	  0.1410E-19	  0.1223E+00
  0.2391E+02	  0.1067E-19	  0.1226E+00
  0.2397E+02	  0.8068E-20	  0.1228E+00
  0.2403E+02	  0.6100E-20	  0.1231E+00
  0.2409E+02	  0.4610E-20	  0.1233E+00
  0.2415E+02	  0.3483E-20	  0.1236E+00
  0.2421E+02	  0.2630E-20	  0.1239E+00
  0.2427E+02	  0.1986E-20	  0.1241E+00
  0.2433E+02	  0.1498E-20	  0.1244E+00
  0.2439E+02	  0.1130E-20	  0.1246E+00
  0.2445E+02	  0.8520E-21	  0.1249E+00
  0.2451E+02	  0.6421E-21	  0.1251E+00
  0.2457E+02	  0.4838E-21	  0.1254E+00
  0.2463E+02	  0.3643E-21	  0.1257E+00
  0.2469E+02	  0.2742E-21	  0.1259E+00
  0.2475E+02	  0.2063E-21	  0.1262E+00
  0.2481E+02	  0.1552E-21	  0.1264E+00
  0.2487E+02	  0.1167E-21	  0.1267E+00
  0.2493E+02	  0.8771E-22	  0.1269E+00
  0.2499E+02	  0.6591E-22	  0.1272E+00
  0.2505E+02	  0.4951E-22	  0.1274E+00
  0.2511E+02	  0.3718E-22	  0.1277E+00
  0.2517E+02	  0.2791E-22	  0.1279E+00
  0.2523E+02	  0.2095E-22	  0.1282E+00
  0.2529E+02	  0.1572E-22	  0.1284E+00
  0.2535E+02	  0.1179E-22	  0.1287E+00
  0.2541E+02	  0.8842E-23	  0.1290E+00
  0.2547E+02	  0.6629E-23	  0.1292E+00
  0.2553E+02	  0.4969E-23	  0.1295E+00
  0.2559E+02	  0.3724E-23	  0.1298E+00
  0.2565E+02	  0.2790E-23	  0.1301E+00
  0.2571E+02	  0.2090E-23	  0.1304E+00
  0.2577E+02	  0.1565E-23	  0.1307E+00
  0.2583E+02	  0.1171E-23	  0.1309E+00
  0.2589E+02	  0.8766E-24	  0.1312E+00
  0.2595E+02	  0.6559E-24	  0.1315E+00
  0.2601E+02	  0.4907E-24	  0.1317E+00
  0.2607E+02	  0.3670E-24	  0.1319E+00
  0.2613E+02	  0.2745E-24	  0.1322E+00
  0.2619E+02	  0.2052E-24	  0.1324E+00
  0.2625E+02	  0.1534E-24	  0.1326E+00
  0.2631E+02	  0.1146E-24	  0.1329E+00
  0.2637E+02	  0.8567E-25	  0.1331E+00
  0.2643E+02	  0.6400E-25	  0.1333E+00
  0.2649E+02	  0.4781E-25	  0.1336E+00
  0.2655E+02	  0.3570E-25	  0.1338E+00
  0.2661E+02	  0.2666E-25	  0.1340E+00
  0.2667E+02	  0.1990E-25	  0.1342E+00
  0.2673E+02	  0.1485E-25	  0.1345E+00
  0.2679E+02	  0.1108E-25	  0.1347E+00
  0.2685E+02	  0.8268E-26	  0.1349E+00
  0.2691E+02	  0.6168E-26	  0.1351E+00
  0.2697E+02	  0.4600E-26	  0.1354E+00
  0.2703E+02	  0.3430E-26	  0.1356E+00
  0.2709E+02	  0.2557E-26	  0.1358E+00
  0.2715E+02	  0.1906E-26	  0.1360E+00
  0.2721E+02	  0.1420E-26	  0.1362E+00
  0.2727E+02	  0.1058E-26	  0.1365E+00
  0.2733E+02	  0.7881E-27	  0.1367E+00
  0.2739E+02	  0.5870E-27	  0.1369E+00
  0.2745E+02	  0.4371E-27	  0.1371E+00
  0.2751E+02	  0.3254E-27	  0.1373E+00
  0.2757E+02	  0.2422E-27	  0.1376E+00
  0.2763E+02	  0.1802E-27	  0.1378E+00
  0.2769E+02	  0.1341E-27	  0.1380E+00
  0.2775E+02	  0.9976E-28	  0.1382E+00
  0.2781E+02	  0.7419E-28	  0.1384E+00
  0.2787E+02	  0.5517E-28	  0.1386E+00
  0.2793E+02	  0.4101E-28	  0.1389E+00
  0.2799E+02	  0.3048E-28	  0.1391E+00
  0.2805E+02	  0.2265E-28	  0.1393E+00
  0.2811E+02	  0.1683E-28	  0.1395E+00
  0.2817E+02	  0.1250E-28	  0.1398E+00
  0.2823E+02	  0.9284E-29	  0.1400E+00
  0.2829E+02	  0.6893E-29	  0.1402E+00
  0.2835E+02	  0.5117E-29	  0.1404E+00

R30 
------------------------------------------------------------
Electric field / N (Td)                    130.0    
Angular frequency / N (m3/s)              0.1938E-11
Cosine of E-B field angle                  0.000    
Gas temperature (K)                        800.0    
Excitation temperature (K)                 300.0    
Transition energy (eV)                     0.000    
Ionization degree                          0.000    
Plasma density (1/m3)                     0.1000E+19
Ion charge parameter                       1.000    
Ion/neutral mass ratio                     1.000    
Coulomb collision model                    1.000    
Energy sharing                             0.000    
Growth model                               1.000    
Maxwellian mean energy (eV)                0.000    
# of grid points                           500.0    
Grid type                                  1.000    
Maximum energy                             30.00    
Precision                                 0.1000E-29
Convergence                               0.1000E-03
Maximum # of iterations                   0.2000E+05
Mole fraction Ar                           1.000    
------------------------------------------------------------
Mean energy (eV)                           1.426    
Mobility *N (1/m/V/s)                     0.1313E+27
Re/perp mobility *N (1/m/V/s)             0.2173E+22
Im/Hall mobility *N (1/m/V/s)            -0.9078E+23
Diffusion coefficient *N (1/m/s)          0.2752E+26
Energy mobility *N (1/m/V/s)              0.2969E+26
Energy diffusion coef. *N (1/m/s)         0.1141E+26
Total collision freq. /N (m3/s)           0.2368E-13
Momentum frequency /N (m3/s)              0.4643E-13
Total ionization freq. /N (m3/s)          0.3111E-20
Power /N (eV m3/s)                        0.3672E-16
Elastic power loss /N (eV m3/s)           0.3440E-17
Inelastic power loss /N (eV m3/s)         0.3328E-16
Growth power /N (eV m3/s)                 0.4438E-20
Maximum energy                             35.89    
# of iterations                            8.000    
# of grid trials                           2.000    
------------------------------------------------------------
Rate coefficients (m3/s)
C1    Ar    Elastic                       0.2368E-13
C2    Ar    Excitation    11.55 eV        0.8671E-18
C3    Ar    Excitation    11.62 eV        0.6806E-18
C4    Ar    Excitation    11.72 eV        0.1361E-18
C5    Ar    Excitation    11.83 eV        0.7952E-18
C6    Ar    Excitation    12.91 eV        0.5340E-19
C7    Ar    Excitation    13.08 eV        0.3312E-19
C8    Ar    Excitation    13.10 eV        0.2253E-19
C9    Ar    Excitation    13.15 eV        0.1275E-19
C10   Ar    Excitation    13.17 eV        0.2043E-19
C11   Ar    Excitation    13.27 eV        0.5680E-20
C12   Ar    Excitation    13.28 eV        0.1116E-19
C13   Ar    Excitation    13.30 eV        0.8587E-20
C14   Ar    Excitation    13.33 eV        0.1025E-19
C15   Ar    Excitation    13.48 eV        0.1687E-19
C16   Ar    Excitation    13.85 eV        0.8263E-20
C17   Ar    Excitation    13.86 eV        0.3720E-19
C18   Ar    Excitation    13.90 eV        0.1968E-19
C19   Ar    Excitation    13.98 eV        0.2341E-19
C20   Ar    Excitation    14.01 eV        0.6708E-20
C21   Ar    Excitation    14.06 eV        0.6215E-20
C22   Ar    Excitation    14.07 eV        0.6183E-20
C23   Ar    Excitation    14.09 eV        0.3140E-21
C24   Ar    Excitation    14.10 eV        0.8463E-21
C25   Ar    Excitation    14.15 eV        0.7815E-21
C26   Ar    Excitation    14.21 eV        0.7353E-20
C27   Ar    Excitation    14.23 eV        0.4853E-20
C28   Ar    Excitation    14.24 eV        0.1116E-20
C29   Ar    Excitation    14.24 eV        0.1040E-20
C30   Ar    Excitation    14.26 eV        0.9147E-22
C31   Ar    Excitation    14.30 eV        0.6812E-21
C32   Ar    Excitation    14.71 eV        0.5207E-23
C33   Ar    Excitation    14.85 eV        0.2789E-22
C34   Ar    Excitation    14.86 eV        0.9115E-22
C35   Ar    Excitation    15.00 eV        0.2706E-22
C36   Ar    Excitation    15.02 eV        0.2717E-22
C37   Ar    Excitation    15.12 eV        0.3933E-23
C38   Ar    Excitation    15.19 eV        0.3410E-22
C39   Ar    Excitation    15.19 eV        0.3374E-22
C40   Ar    Excitation    15.31 eV        0.4321E-24
C41   Ar    Excitation    15.35 eV        0.2614E-24
C42   Ar    Excitation    15.36 eV        0.3700E-24
C43   Ar    Excitation    15.37 eV        0.6395E-23
C44   Ar    Excitation    15.37 eV        0.1396E-22
C45   Ar    Excitation    15.66 eV        0.2945E-22
C46   Ar    Ionization    15.76 eV        0.3111E-20
------------------------------------------------------------
Energy (eV) EEDF (eV-3/2) Anisotropy
  0.3589E-01	  0.4712E+01	  0.1089E-04
  0.1077E+00	  0.4299E+01	  0.1251E-04
  0.1795E+00	  0.3471E+01	  0.1574E-04
  0.2512E+00	  0.2070E+01	  0.2547E-04
  0.3230E+00	  0.1229E+01	  0.4214E-04
  0.3948E+00	  0.8504E+00	  0.5985E-04
  0.4666E+00	  0.6532E+00	  0.7638E-04
  0.5384E+00	  0.5325E+00	  0.9293E-04
  0.6102E+00	  0.4500E+00	  0.1102E-03
  0.6819E+00	  0.3892E+00	  0.1286E-03
  0.7537E+00	  0.3419E+00	  0.1485E-03
  0.8255E+00	  0.3038E+00	  0.1697E-03
  0.8973E+00	  0.2724E+00	  0.1922E-03
  0.9691E+00	  0.2461E+00	  0.2160E-03
  0.1041E+01	  0.2236E+00	  0.2406E-03
  0.1113E+01	  0.2038E+00	  0.2662E-03
  0.1184E+01	  0.1862E+00	  0.2929E-03
  0.1256E+01	  0.1706E+00	  0.3202E-03
  0.1328E+01	  0.1565E+00	  0.3477E-03
  0.1400E+01	  0.1440E+00	  0.3750E-03
  0.1472E+01	  0.1328E+00	  0.4033E-03
  0.1543E+01	  0.1227E+00	  0.4322E-03
  0.1615E+01	  0.1136E+00	  0.4599E-03
  0.1687E+01	  0.1054E+00	  0.4864E-03
  0.1759E+01	  0.9803E-01	  0.5130E-03
  0.1830E+01	  0.9134E-01	  0.5403E-03
  0.1902E+01	  0.8524E-01	  0.5686E-03
  0.1974E+01	  0.7967E-01	  0.5977E-03
  0.2046E+01	  0.7457E-01	  0.6277E-03
  0.2118E+01	  0.6991E-01	  0.6583E-03
  0.2189E+01	  0.6564E-01	  0.6895E-03
  0.2261E+01	  0.6171E-01	  0.7212E-03
  0.2333E+01	  0.5810E-01	  0.7534E-03
  0.2405E+01	  0.5476E-01	  0.7862E-03
  0.2477E+01	  0.5167E-01	  0.8195E-03
  0.2548E+01	  0.4882E-01	  0.8532E-03
  0.2620E+01	  0.4617E-01	  0.8872E-03
  0.2692E+01	  0.4371E-01	  0.9215E-03
  0.2764E+01	  0.4143E-01	  0.9560E-03
  0.2835E+01	  0.3930E-01	  0.9907E-03
  0.2907E+01	  0.3732E-01	  0.1026E-02
  0.2979E+01	  0.3547E-01	  0.1061E-02
  0.3051E+01	  0.3374E-01	  0.1096E-02
  0.3123E+01	  0.3212E-01	  0.1132E-02
  0.3194E+01	  0.3061E-01	  0.1168E-02
  0.3266E+01	  0.2918E-01	  0.1204E-02
  0.3338E+01	  0.2785E-01	  0.1240E-02
  0.3410E+01	  0.2659E-01	  0.1277E-02
  0.3482E+01	  0.2540E-01	  0.1314E-02
  0.3553E+01	  0.2429E-01	  0.1352E-02
  0.3625E+01	  0.2323E-01	  0.1390E-02
  0.3697E+01	  0.2224E-01	  0.1428E-02
  0.3769E+01	  0.2130E-01	  0.1466E-02
  0.3840E+01	  0.2041E-01	  0.1506E-02
  0.3912E+01	  0.1957E-01	  0.1545E-02
  0.3984E+01	  0.1877E-01	  0.1585E-02
  0.4056E+01	  0.1802E-01	  0.1626E-02
  0.4128E+01	  0.1730E-01	  0.1668E-02
  0.4199E+01	  0.1663E-01	  0.1710E-02
  0.4271E+01	  0.1599E-01	  0.1752E-02
  0.4343E+01	  0.1538E-01	  0.1795E-02
  0.4415E+01	  0.1481E-01	  0.1838E-02
  0.4487E+01	  0.1426E-01	  0.1881E-02
  0.4558E+01	  0.1374E-01	  0.1925E-02
  0.4630E+01	  0.1324E-01	  0.1969E-02
  0.4702E+01	  0.1277E-01	  0.2014E-02
  0.4774E+01	  0.1232E-01	  0.2059E-02
  0.4845E+01	  0.1190E-01	  0.2105E-02
  0.4917E+01	  0.1149E-01	  0.2151E-02
  0.4989E+01	  0.1110E-01	  0.2198E-02
  0.5061E+01	  0.1073E-01	  0.2245E-02
  0.5133E+01	  0.1037E-01	  0.2293E-02
  0.5204E+01	  0.1003E-01	  0.2342E-02
  0.5276E+01	  0.9703E-02	  0.2391E-02
  0.5348E+01	  0.9391E-02	  0.2440E-02
  0.5420E+01	  0.9091E-02	  0.2491E-02
  0.5491E+01	  0.8805E-02	  0.2542E-02
  0.5563E+01	  0.8529E-02	  0.2593E-02
  0.5635E+01	  0.8265E-02	  0.2645E-02
  0.5707E+01	  0.8011E-02	  0.2698E-02
  0.5779E+01	  0.7767E-02	  0.2751E-02
  0.5850E+01	  0.7533E-02	  0.2805E-02
  0.5922E+01	  0.7307E-02	  0.2860E-02
  0.5994E+01	  0.7090E-02	  0.2916E-02
  0.6066E+01	  0.6881E-02	  0.2972E-02
  0.6138E+01	  0.6679E-02	  0.3029E-02
  0.6209E+01	  0.6484E-02	  0.3087E-02
  0.6281E+01	  0.6296E-02	  0.3145E-02
  0.6353E+01	  0.6115E-02	  0.3205E-02
  0.6425E+01	  0.5940E-02	  0.3265E-02
  0.6496E+01	  0.5771E-02	  0.3326E-02
  0.6568E+01	  0.5607E-02	  0.3388E-02
  0.6640E+01	  0.5449E-02	  0.3452E-02
  0.6712E+01	  0.5296E-02	  0.3516E-02
  0.6784E+01	  0.5148E-02	  0.3581E-02
  0.6855E+01	  0.5005E-02	  0.3648E-02
  0.6927E+01	  0.4866E-02	  0.3715E-02
  0.6999E+01	  0.4732E-02	  0.3783E-02
  0.7071E+01	  0.4601E-02	  0.3853E-02
  0.7143E+01	  0.4475E-02	  0.3923E-02
  0.7214E+01	  0.4352E-02	  0.3995E-02
  0.7286E+01	  0.4233E-02	  0.4068E-02
  0.7358E+01	  0.4117E-02	  0.4142E-02
  0.7430E+01	  0.4004E-02	  0.4218E-02
  0.7501E+01	  0.3894E-02	  0.4296E-02
  0.7573E+01	  0.3788E-02	  0.4375E-02
  0.7645E+01	  0.3684E-02	  0.4456E-02
  0.7717E+01	  0.3583E-02	  0.4539E-02
  0.7789E+01	  0.3485E-02	  0.4623E-02
  0.7860E+01	  0.3390E-02	  0.4710E-02
  0.7932E+01	  0.3297E-02	  0.4798E-02
  0.8004E+01	  0.3207E-02	  0.4889E-02
  0.8076E+01	  0.3119E-02	  0.4981E-02
  0.8147E+01	  0.3033E-02	  0.5076E-02
  0.8219E+01	  0.2949E-02	  0.5173E-02
  0.8291E+01	  0.2868E-02	  0.5272E-02
  0.8363E+01	  0.2788E-02	  0.5374E-02
  0.8435E+01	  0.2711E-02	  0.5478E-02
  0.8506E+01	  0.2636E-02	  0.5585E-02
  0.8578E+01	  0.2562E-02	  0.5695E-02
  0.8650E+01	  0.2490E-02	  0.5808E-02
  0.8722E+01	  0.2420E-02	  0.5923E-02
  0.8794E+01	  0.2352E-02	  0.6042E-02
  0.8865E+01	  0.2286E-02	  0.6164E-02
  0.8937E+01	  0.2221E-02	  0.6290E-02
  0.9009E+01	  0.2157E-02	  0.6419E-02
  0.9081E+01	  0.2095E-02	  0.6552E-02
  0.9152E+01	  0.2034E-02	  0.6688E-02
  0.9224E+01	  0.1975E-02	  0.6829E-02
  0.9296E+01	  0.1918E-02	  0.6974E-02
  0.9368E+01	  0.1861E-02	  0.7124E-02
  0.9440E+01	  0.1806E-02	  0.7279E-02
  0.9511E+01	  0.1752E-02	  0.7439E-02
  0.9583E+01	  0.1699E-02	  0.7605E-02
  0.9655E+01	  0.1648E-02	  0.7776E-02
  0.9727E+01	  0.1597E-02	  0.7953E-02
  0.9799E+01	  0.1548E-02	  0.8136E-02
  0.9870E+01	  0.1500E-02	  0.8326E-02
  0.9942E+01	  0.1452E-02	  0.8524E-02
  0.1001E+02	  0.1406E-02	  0.8728E-02
  0.1009E+02	  0.1361E-02	  0.8939E-02
  0.1016E+02	  0.1316E-02	  0.9159E-02
  0.1023E+02	  0.1273E-02	  0.9388E-02
  0.1030E+02	  0.1230E-02	  0.9629E-02
  0.1037E+02	  0.1188E-02	  0.9881E-02
  0.1044E+02	  0.1147E-02	  0.1015E-01
  0.1052E+02	  0.1106E-02	  0.1042E-01
  0.1059E+02	  0.1066E-02	  0.1072E-01
  0.1066E+02	  0.1027E-02	  0.1103E-01
  0.1073E+02	  0.9885E-03	  0.1135E-01
  0.1080E+02	  0.9505E-03	  0.1170E-01
  0.1088E+02	  0.9131E-03	  0.1206E-01
  0.1095E+02	  0.8762E-03	  0.1245E-01
  0.1102E+02	  0.8399E-03	  0.1287E-01
  0.1109E+02	  0.8041E-03	  0.1332E-01
  0.1116E+02	  0.7688E-03	  0.1381E-01
  0.1123E+02	  0.7340E-03	  0.1433E-01
  0.1131E+02	  0.6998E-03	  0.1489E-01
  0.1138E+02	  0.6660E-03	  0.1550E-01
  0.1145E+02	  0.6328E-03	  0.1617E-01
  0.1152E+02	  0.6000E-03	  0.1690E-01
  0.1159E+02	  0.5677E-03	  0.1764E-01
  0.1166E+02	  0.5360E-03	  0.1827E-01
  0.1174E+02	  0.5055E-03	  0.1883E-01
  0.1181E+02	  0.4759E-03	  0.1938E-01
  0.1188E+02	  0.4476E-03	  0.1982E-01
  0.1195E+02	  0.4205E-03	  0.2028E-01
  0.1202E+02	  0.3946E-03	  0.2086E-01
  0.1210E+02	  0.3697E-03	  0.2147E-01
  0.1217E+02	  0.3458E-03	  0.2210E-01
  0.1224E+02	  0.3229E-03	  0.2271E-01
  0.1231E+02	  0.3011E-03	  0.2328E-01
  0.1238E+02	  0.2804E-03	  0.2381E-01
  0.1245E+02	  0.2609E-03	  0.2430E-01
  0.1253E+02	  0.2425E-03	  0.2473E-01
  0.1260E+02	  0.2251E-03	  0.2509E-01
  0.1267E+02	  0.2089E-03	  0.2538E-01
  0.1274E+02	  0.1938E-03	  0.2563E-01
  0.1281E+02	  0.1796E-03	  0.2588E-01
  0.1289E+02	  0.1664E-03	  0.2617E-01
  0.1296E+02	  0.1540E-03	  0.2655E-01
  0.1303E+02	  0.1424E-03	  0.2674E-01
  0.1310E+02	  0.1318E-03	  0.2680E-01
  0.1317E+02	  0.1218E-03	  0.2711E-01
  0.1324E+02	  0.1126E-03	  0.2758E-01
  0.1332E+02	  0.1038E-03	  0.2824E-01
  0.1339E+02	  0.9553E-04	  0.2909E-01
  0.1346E+02	  0.8771E-04	  0.2998E-01
  0.1353E+02	  0.8034E-04	  0.3084E-01
  0.1360E+02	  0.7341E-04	  0.3174E-01
  0.1367E+02	  0.6692E-04	  0.3266E-01
  0.1375E+02	  0.6086E-04	  0.3362E-01
  0.1382E+02	  0.5519E-04	  0.3463E-01
  0.1389E+02	  0.4992E-04	  0.3568E-01
  0.1396E+02	  0.4502E-04	  0.3674E-01
  0.1403E+02	  0.4049E-04	  0.3781E-01
  0.1411E+02	  0.3632E-04	  0.3888E-01
  0.1418E+02	  0.3248E-04	  0.3994E-01
  0.1425E+02	  0.2897E-04	  0.4099E-01
  0.1432E+02	  0.2577E-04	  0.4203E-01
  0.1439E+02	  0.2286E-04	  0.4306E-01
  0.1446E+02	  0.2022E-04	  0.4405E-01
  0.1454E+02	  0.1784E-04	  0.4503E-01
  0.1461E+02	  0.1571E-04	  0.4598E-01
  0.1468E+02	  0.1380E-04	  0.4690E-01
  0.1475E+02	  0.1209E-04	  0.4780E-01
  0.1482E+02	  0.1057E-04	  0.4866E-01
  0.1490E+02	  0.9217E-05	  0.4949E-01
  0.1497E+02	  0.8025E-05	  0.5027E-01
  0.1504E+02	  0.6973E-05	  0.5100E-01
  0.1511E+02	  0.6049E-05	  0.5172E-01
  0.1518E+02	  0.5237E-05	  0.5244E-01
  0.1525E+02	  0.4526E-05	  0.5316E-01
  0.1533E+02	  0.3905E-05	  0.5389E-01
  0.1540E+02	  0.3362E-05	  0.5464E-01
  0.1547E+02	  0.2890E-05	  0.5541E-01
  0.1554E+02	  0.2478E-05	  0.5620E-01
  0.1561E+02	  0.2121E-05	  0.5704E-01
  0.1568E+02	  0.1812E-05	  0.5795E-01
  0.1576E+02	  0.1543E-05	  0.5893E-01
  0.1583E+02	  0.1312E-05	  0.5996E-01
  0.1590E+02	  0.1112E-05	  0.6097E-01
  0.1597E+02	  0.9399E-06	  0.6193E-01
  0.1604E+02	  0.7929E-06	  0.6284E-01
  0.1612E+02	  0.6674E-06	  0.6374E-01
  0.1619E+02	  0.5605E-06	  0.6463E-01
  0.1626E+02	  0.4697E-06	  0.6551E-01
  0.1633E+02	  0.3928E-06	  0.6639E-01
  0.1640E+02	  0.3278E-06	  0.6726E-01
  0.1647E+02	  0.2729E-06	  0.6814E-01
  0.1655E+02	  0.2267E-06	  0.6901E-01
  0.1662E+02	  0.1880E-06	  0.6988E-01
  0.1669E+02	  0.1555E-06	  0.7073E-01
  0.1676E+02	  0.1284E-06	  0.7158E-01
  0.1683E+02	  0.1058E-06	  0.7241E-01
  0.1691E+02	  0.8696E-07	  0.7323E-01
  0.1698E+02	  0.7136E-07	  0.7403E-01
  0.1705E+02	  0.5844E-07	  0.7481E-01
  0.1712E+02	  0.4778E-07	  0.7557E-01
  0.1719E+02	  0.3898E-07	  0.7634E-01
  0.1726E+02	  0.3175E-07	  0.7709E-01
  0.1734E+02	  0.2581E-07	  0.7785E-01
  0.1741E+02	  0.2094E-07	  0.7860E-01
  0.1748E+02	  0.1696E-07	  0.7935E-01
  0.1755E+02	  0.1371E-07	  0.8009E-01
  0.1762E+02	  0.1107E-07	  0.8083E-01
  0.1769E+02	  0.8913E-08	  0.8156E-01
  0.1777E+02	  0.7166E-08	  0.8228E-01
  0.1784E+02	  0.5752E-08	  0.8300E-01
  0.1791E+02	  0.4609E-08	  0.8370E-01
  0.1798E+02	  0.3687E-08	  0.8437E-01
  0.1805E+02	  0.2945E-08	  0.8502E-01
  0.1813E+02	  0.2349E-08	  0.8566E-01
  0.1820E+02	  0.1870E-08	  0.8631E-01
  0.1827E+02	  0.1487E-08	  0.8695E-01
  0.1834E+02	  0.1181E-08	  0.8759E-01
  0.1841E+02	  0.9361E-09	  0.8823E-01
  0.1848E+02	  0.7411E-09	  0.8887E-01
  0.1856E+02	  0.5859E-09	  0.8950E-01
  0.1863E+02	  0.4625E-09	  0.9014E-01
  0.1870E+02	  0.3646E-09	  0.9076E-01
  0.1877E+02	  0.2870E-09	  0.9138E-01
  0.1884E+02	  0.2256E-09	  0.9198E-01
  0.1892E+02	  0.1771E-09	  0.9258E-01
  0.1899E+02	  0.1389E-09	  0.9315E-01
  0.1906E+02	  0.1087E-09	  0.9370E-01
  0.1913E+02	  0.8504E-10	  0.9424E-01
  0.1920E+02	  0.6643E-10	  0.9478E-01
  0.1927E+02	  0.5182E-10	  0.9531E-01
  0.1935E+02	  0.4038E-10	  0.9584E-01
  0.1942E+02	  0.3142E-10	  0.9637E-01
  0.1949E+02	  0.2442E-10	  0.9690E-01
  0.1956E+02	  0.1896E-10	  0.9742E-01
  0.1963E+02	  0.1470E-10	  0.9795E-01
  0.1970E+02	  0.1138E-10	  0.9847E-01
  0.1978E+02	  0.8805E-11	  0.9900E-01
  0.1985E+02	  0.6801E-11	  0.9954E-01
  0.1992E+02	  0.5247E-11	  0.1001E+00
  0.1999E+02	  0.4043E-11	  0.1007E+00
  0.2006E+02	  0.3113E-11	  0.1012E+00
  0.2014E+02	  0.2395E-11	  0.1018E+00
  0.2021E+02	  0.1840E-11	  0.1023E+00
  0.2028E+02	  0.1413E-11	  0.1028E+00
  0.2035E+02	  0.1084E-11	  0.1034E+00
  0.2042E+02	  0.8308E-12	  0.1039E+00
  0.2049E+02	  0.6362E-12	  0.1044E+00
  0.2057E+02	  0.4868E-12	  0.1048E+00
  0.2064E+02	  0.3722E-12	  0.1053E+00
  0.2071E+02	  0.2844E-12	  0.1058E+00
  0.2078E+02	  0.2171E-12	  0.1063E+00
  0.2085E+02	  0.1656E-12	  0.1068E+00
  0.2093E+02	  0.1263E-12	  0.1072E+00
  0.2100E+02	  0.9618E-13	  0.1077E+00
  0.2107E+02	  0.7322E-13	  0.1081E+00
  0.2114E+02	  0.5570E-13	  0.1086E+00
  0.2121E+02	  0.4235E-13	  0.1090E+00
  0.2128E+02	  0.3217E-13	  0.1095E+00
  0.2136E+02	  0.2442E-13	  0.1099E+00
  0.2143E+02	  0.1853E-13	  0.1104E+00
  0.2150E+02	  0.1405E-13	  0.1108E+00
  0.2157E+02	  0.1064E-13	  0.1113E+00
  0.2164E+02	  0.8057E-14	  0.1117E+00
  0.2171E+02	  0.6095E-14	  0.1122E+00
  0.2179E+02	  0.4608E-14	  0.1126E+00
  0.2186E+02	  0.3482E-14	  0.1130E+00
  0.2193E+02	  0.2629E-14	  0.1134E+00
  0.2200E+02	  0.1984E-14	  0.1138E+00
  0.2207E+02	  0.1497E-14	  0.1142E+00
  0.2215E+02	  0.1128E-14	  0.1145E+00
  0.2222E+02	  0.8502E-15	  0.1149E+00
  0.2229E+02	  0.6403E-15	  0.1152E+00
  0.2236E+02	  0.4820E-15	  0.1156E+00
  0.2243E+02	  0.3626E-15	  0.1160E+00
  0.2250E+02	  0.2726E-15	  0.1163E+00
  0.2258E+02	  0.2049E-15	  0.1167E+00
  0.2265E+02	  0.1539E-15	  0.1170E+00
  0.2272E+02	  0.1155E-15	  0.1174E+00
  0.2279E+02	  0.8666E-16	  0.1178E+00
  0.2286E+02	  0.6498E-16	  0.1181E+00
  0.2293E+02	  0.4870E-16	  0.1185E+00
  0.2301E+02	  0.3648E-16	  0.1188E+00
  0.2308E+02	  0.2731E-16	  0.1191E+00
  0.2315E+02	  0.2044E-16	  0.1194E+00
  0.2322E+02	  0.1529E-16	  0.1198E+00
  0.2329E+02	  0.1143E-16	  0.1201E+00
  0.2337E+02	  0.8539E-17	  0.1204E+00
  0.2344E+02	  0.6377E-17	  0.1207E+00
  0.2351E+02	  0.4760E-17	  0.1211E+00
  0.2358E+02	  0.3551E-17	  0.1214E+00
  0.2365E+02	  0.2648E-17	  0.1217E+00
  0.2372E+02	  0.1974E-17	  0.1220E+00
  0.2380E+02	  0.1471E-17	  0.1223E+00
  0.2387E+02	  0.1095E-17	  0.1226E+00
  0.2394E+02	  0.8149E-18	  0.1229E+00
  0.2401E+02	  0.6062E-18	  0.1233E+00
  0.2408E+02	  0.4507E-18	  0.1236E+00
  0.2416E+02	  0.3349E-18	  0.1239E+00
  0.2423E+02	  0.2487E-18	  0.1242E+00
  0.2430E+02	  0.1846E-18	  0.1245E+00
  0.2437E+02	  0.1370E-18	  0.1248E+00
  0.2444E+02	  0.1016E-18	  0.1251E+00
  0.2451E+02	  0.7531E-19	  0.1254E+00
  0.2459E+02	  0.5579E-19	  0.1257E+00
  0.2466E+02	  0.4131E-19	  0.1260E+00
  0.2473E+02	  0.3057E-19	  0.1264E+00
  0.2480E+02	  0.2262E-19	  0.1267E+00
  0.2487E+02	  0.1672E-19	  0.1270E+00
  0.2494E+02	  0.1236E-19	  0.1273E+00
  0.2502E+02	  0.9131E-20	  0.1276E+00
  0.2509E+02	  0.6743E-20	  0.1279E+00
  0.2516E+02	  0.4978E-20	  0.1281E+00
  0.2523E+02	  0.3673E-20	  0.1285E+00
  0.2530E+02	  0.2710E-20	  0.1288E+00
  0.2538E+02	  0.1998E-20	  0.1291E+00
  0.2545E+02	  0.1473E-20	  0.1294E+00
  0.2552E+02	  0.1086E-20	  0.1297E+00
  0.2559E+02	  0.8001E-21	  0.1301E+00
  0.2566E+02	  0.5893E-21	  0.1304E+00
  0.2573E+02	  0.4339E-21	  0.1308E+00
  0.2581E+02	  0.3194E-21	  0.1311E+00
  0.2588E+02	  0.2350E-21	  0.1314E+00
  0.2595E+02	  0.1729E-21	  0.1317E+00
  0.2602E+02	  0.1271E-21	  0.1320E+00
  0.2609E+02	  0.9347E-22	  0.1323E+00
  0.2617E+02	  0.6871E-22	  0.1326E+00
  0.2624E+02	  0.5049E-22	  0.1329E+00
  0.2631E+02	  0.3710E-22	  0.1331E+00
  0.2638E+02	  0.2725E-22	  0.1334E+00
  0.2645E+02	  0.2001E-22	  0.1337E+00
  0.2652E+02	  0.1469E-22	  0.1340E+00
  0.2660E+02	  0.1078E-22	  0.1342E+00
  0.2667E+02	  0.7913E-23	  0.1345E+00
  0.2674E+02	  0.5806E-23	  0.1348E+00
  0.2681E+02	  0.4258E-23	  0.1350E+00
  0.2688E+02	  0.3122E-23	  0.1353E+00
  0.2695E+02	  0.2289E-23	  0.1356E+00
  0.2703E+02	  0.1678E-23	  0.1358E+00
  0.2710E+02	  0.1229E-23	  0.1361E+00
  0.2717E+02	  0.9005E-24	  0.1364E+00
  0.2724E+02	  0.6595E-24	  0.1366E+00
  0.2731E+02	  0.4829E-24	  0.1369E+00
  0.2739E+02	  0.3535E-24	  0.1372E+00
  0.2746E+02	  0.2587E-24	  0.1374E+00
  0.2753E+02	  0.1893E-24	  0.1377E+00
  0.2760E+02	  0.1384E-24	  0.1379E+00
  0.2767E+02	  0.1012E-24	  0.1382E+00
  0.2774E+02	  0.7402E-25	  0.1385E+00
  0.2782E+02	  0.5410E-25	  0.1387E+00
  0.2789E+02	  0.3953E-25	  0.1390E+00
  0.2796E+02	  0.2888E-25	  0.1393E+00
  0.2803E+02	  0.2109E-25	  0.1395E+00
  0.2810E+02	  0.1540E-25	  0.1398E+00
  0.2818E+02	  0.1124E-25	  0.1401E+00
  0.2825E+02	  0.8204E-26	  0.1403E+00
  0.2832E+02	  0.5985E-26	  0.1406E+00
  0.2839E+02	  0.4365E-26	  0.1409E+00
  0.2846E+02	  0.3183E-26	  0.1411E+00
  0.2853E+02	  0.2320E-26	  0.1414E+00
  0.2861E+02	  0.1691E-26	  0.1417E+00
  0.2868E+02	  0.1232E-26	  0.1419E+00
  0.2875E+02	  0.8974E-27	  0.1422E+00
  0.2882E+02	  0.6535E-27	  0.1424E+00
  0.2889E+02	  0.4757E-27	  0.1427E+00
  0.2896E+02	  0.3462E-27	  0.1430E+00
  0.2904E+02	  0.2519E-27	  0.1432E+00
  0.2911E+02	  0.1832E-27	  0.1435E+00
  0.2918E+02	  0.1333E-27	  0.1437E+00
  0.2925E+02	  0.9688E-28	  0.1440E+00
  0.2932E+02	  0.7041E-28	  0.1442E+00
  0.2940E+02	  0.5116E-28	  0.1445E+00
  0.2947E+02	  0.3717E-28	  0.1447E+00
  0.2954E+02	  0.2699E-28	  0.1450E+00
  0.2961E+02	  0.1960E-28	  0.1453E+00
  0.2968E+02	  0.1422E-28	  0.1455E+00
  0.2975E+02	  0.1032E-28	  0.1458E+00
  0.2983E+02	  0.7488E-29	  0.1460E+00
  0.2990E+02	  0.5431E-29	  0.1463E+00

R31 
------------------------------------------------------------
Electric field / N (Td)                    150.0    
Angular frequency / N (m3/s)              0.1938E-11
Cosine of E-B field angle                  0.000    
Gas temperature (K)                        800.0    
Excitation temperature (K)                 300.0    
Transition energy (eV)                     0.000    
Ionization degree                          0.000    
Plasma density (1/m3)                     0.1000E+19
Ion charge parameter                       1.000    
Ion/neutral mass ratio                     1.000    
Coulomb collision model                    1.000    
Energy sharing                             0.000    
Growth model                               1.000    
Maxwellian mean energy (eV)                0.000    
# of grid points                           500.0    
Grid type                                  1.000    
Maximum energy                             30.00    
Precision                                 0.1000E-29
Convergence                               0.1000E-03
Maximum # of iterations                   0.2000E+05
Mole fraction Ar                           1.000    
------------------------------------------------------------
Mean energy (eV)                           1.506    
Mobility *N (1/m/V/s)                     0.1245E+27
Re/perp mobility *N (1/m/V/s)             0.2323E+22
Im/Hall mobility *N (1/m/V/s)            -0.9075E+23
Diffusion coefficient *N (1/m/s)          0.2682E+26
Energy mobility *N (1/m/V/s)              0.2703E+26
Energy diffusion coef. *N (1/m/s)         0.1102E+26
Total collision freq. /N (m3/s)           0.2544E-13
Momentum frequency /N (m3/s)              0.4965E-13
Total ionization freq. /N (m3/s)          0.9685E-20
Power /N (eV m3/s)                        0.5228E-16
Elastic power loss /N (eV m3/s)           0.3785E-17
Inelastic power loss /N (eV m3/s)         0.4848E-16
Growth power /N (eV m3/s)                 0.1458E-19
Maximum energy                             35.89    
# of iterations                            8.000    
# of grid trials                           2.000    
------------------------------------------------------------
Rate coefficients (m3/s)
C1    Ar    Elastic                       0.2544E-13
C2    Ar    Excitation    11.55 eV        0.1196E-17
C3    Ar    Excitation    11.62 eV        0.9468E-18
C4    Ar    Excitation    11.72 eV        0.1903E-18
C5    Ar    Excitation    11.83 eV        0.1142E-17
C6    Ar    Excitation    12.91 eV        0.8182E-19
C7    Ar    Excitation    13.08 eV        0.5698E-19
C8    Ar    Excitation    13.10 eV        0.3877E-19
C9    Ar    Excitation    13.15 eV        0.2247E-19
C10   Ar    Excitation    13.17 eV        0.3550E-19
C11   Ar    Excitation    13.27 eV        0.1020E-19
C12   Ar    Excitation    13.28 eV        0.2000E-19
C13   Ar    Excitation    13.30 eV        0.1525E-19
C14   Ar    Excitation    13.33 eV        0.1799E-19
C15   Ar    Excitation    13.48 eV        0.3094E-19
C16   Ar    Excitation    13.85 eV        0.1573E-19
C17   Ar    Excitation    13.86 eV        0.7143E-19
C18   Ar    Excitation    13.90 eV        0.3854E-19
C19   Ar    Excitation    13.98 eV        0.4593E-19
C20   Ar    Excitation    14.01 eV        0.1330E-19
C21   Ar    Excitation    14.06 eV        0.1251E-19
C22   Ar    Excitation    14.07 eV        0.1246E-19
C23   Ar    Excitation    14.09 eV        0.6998E-21
C24   Ar    Excitation    14.10 eV        0.1736E-20
C25   Ar    Excitation    14.15 eV        0.1766E-20
C26   Ar    Excitation    14.21 eV        0.1525E-19
C27   Ar    Excitation    14.23 eV        0.1005E-19
C28   Ar    Excitation    14.24 eV        0.2342E-20
C29   Ar    Excitation    14.24 eV        0.2155E-20
C30   Ar    Excitation    14.26 eV        0.2114E-21
C31   Ar    Excitation    14.30 eV        0.1592E-20
C32   Ar    Excitation    14.71 eV        0.1340E-22
C33   Ar    Excitation    14.85 eV        0.7431E-22
C34   Ar    Excitation    14.86 eV        0.2435E-21
C35   Ar    Excitation    15.00 eV        0.7505E-22
C36   Ar    Excitation    15.02 eV        0.7573E-22
C37   Ar    Excitation    15.12 eV        0.1124E-22
C38   Ar    Excitation    15.19 eV        0.9931E-22
C39   Ar    Excitation    15.19 eV        0.9836E-22
C40   Ar    Excitation    15.31 eV        0.1302E-23
C41   Ar    Excitation    15.35 eV        0.7969E-24
C42   Ar    Excitation    15.36 eV        0.1131E-23
C43   Ar    Excitation    15.37 eV        0.1958E-22
C44   Ar    Excitation    15.37 eV        0.4283E-22
C45   Ar    Excitation    15.66 eV        0.9825E-22
C46   Ar    Ionization    15.76 eV        0.9685E-20
------------------------------------------------------------
Energy (eV) EEDF (eV-3/2) Anisotropy
  0.3589E-01	  0.4481E+01	  0.1262E-04
  0.1077E+00	  0.4087E+01	  0.1441E-04
  0.1795E+00	  0.3305E+01	  0.1799E-04
  0.2512E+00	  0.1984E+01	  0.2898E-04
  0.3230E+00	  0.1188E+01	  0.4767E-04
  0.3948E+00	  0.8288E+00	  0.6735E-04
  0.4666E+00	  0.6410E+00	  0.8566E-04
  0.5384E+00	  0.5256E+00	  0.1040E-03
  0.6102E+00	  0.4465E+00	  0.1231E-03
  0.6819E+00	  0.3880E+00	  0.1436E-03
  0.7537E+00	  0.3423E+00	  0.1657E-03
  0.8255E+00	  0.3054E+00	  0.1894E-03
  0.8973E+00	  0.2748E+00	  0.2145E-03
  0.9691E+00	  0.2490E+00	  0.2411E-03
  0.1041E+01	  0.2269E+00	  0.2688E-03
  0.1113E+01	  0.2074E+00	  0.2977E-03
  0.1184E+01	  0.1901E+00	  0.3278E-03
  0.1256E+01	  0.1745E+00	  0.3587E-03
  0.1328E+01	  0.1606E+00	  0.3899E-03
  0.1400E+01	  0.1481E+00	  0.4209E-03
  0.1472E+01	  0.1369E+00	  0.4531E-03
  0.1543E+01	  0.1267E+00	  0.4859E-03
  0.1615E+01	  0.1175E+00	  0.5174E-03
  0.1687E+01	  0.1092E+00	  0.5476E-03
  0.1759E+01	  0.1018E+00	  0.5778E-03
  0.1830E+01	  0.9500E-01	  0.6089E-03
  0.1902E+01	  0.8880E-01	  0.6412E-03
  0.1974E+01	  0.8313E-01	  0.6746E-03
  0.2046E+01	  0.7792E-01	  0.7090E-03
  0.2118E+01	  0.7314E-01	  0.7441E-03
  0.2189E+01	  0.6876E-01	  0.7800E-03
  0.2261E+01	  0.6472E-01	  0.8165E-03
  0.2333E+01	  0.6100E-01	  0.8538E-03
  0.2405E+01	  0.5755E-01	  0.8917E-03
  0.2477E+01	  0.5436E-01	  0.9304E-03
  0.2548E+01	  0.5140E-01	  0.9696E-03
  0.2620E+01	  0.4865E-01	  0.1009E-02
  0.2692E+01	  0.4610E-01	  0.1049E-02
  0.2764E+01	  0.4372E-01	  0.1089E-02
  0.2835E+01	  0.4150E-01	  0.1130E-02
  0.2907E+01	  0.3943E-01	  0.1171E-02
  0.2979E+01	  0.3750E-01	  0.1212E-02
  0.3051E+01	  0.3569E-01	  0.1253E-02
  0.3123E+01	  0.3399E-01	  0.1295E-02
  0.3194E+01	  0.3240E-01	  0.1337E-02
  0.3266E+01	  0.3090E-01	  0.1380E-02
  0.3338E+01	  0.2949E-01	  0.1422E-02
  0.3410E+01	  0.2817E-01	  0.1465E-02
  0.3482E+01	  0.2692E-01	  0.1509E-02
  0.3553E+01	  0.2574E-01	  0.1553E-02
  0.3625E+01	  0.2463E-01	  0.1597E-02
  0.3697E+01	  0.2358E-01	  0.1641E-02
  0.3769E+01	  0.2259E-01	  0.1687E-02
  0.3840E+01	  0.2165E-01	  0.1732E-02
  0.3912E+01	  0.2076E-01	  0.1778E-02
  0.3984E+01	  0.1991E-01	  0.1825E-02
  0.4056E+01	  0.1912E-01	  0.1872E-02
  0.4128E+01	  0.1836E-01	  0.1920E-02
  0.4199E+01	  0.1764E-01	  0.1968E-02
  0.4271E+01	  0.1697E-01	  0.2017E-02
  0.4343E+01	  0.1632E-01	  0.2065E-02
  0.4415E+01	  0.1571E-01	  0.2115E-02
  0.4487E+01	  0.1514E-01	  0.2164E-02
  0.4558E+01	  0.1459E-01	  0.2214E-02
  0.4630E+01	  0.1406E-01	  0.2265E-02
  0.4702E+01	  0.1356E-01	  0.2315E-02
  0.4774E+01	  0.1309E-01	  0.2367E-02
  0.4845E+01	  0.1264E-01	  0.2418E-02
  0.4917E+01	  0.1221E-01	  0.2471E-02
  0.4989E+01	  0.1179E-01	  0.2524E-02
  0.5061E+01	  0.1140E-01	  0.2577E-02
  0.5133E+01	  0.1102E-01	  0.2631E-02
  0.5204E+01	  0.1066E-01	  0.2686E-02
  0.5276E+01	  0.1032E-01	  0.2741E-02
  0.5348E+01	  0.9988E-02	  0.2796E-02
  0.5420E+01	  0.9672E-02	  0.2852E-02
  0.5491E+01	  0.9369E-02	  0.2909E-02
  0.5563E+01	  0.9078E-02	  0.2967E-02
  0.5635E+01	  0.8800E-02	  0.3025E-02
  0.5707E+01	  0.8532E-02	  0.3084E-02
  0.5779E+01	  0.8275E-02	  0.3143E-02
  0.5850E+01	  0.8027E-02	  0.3203E-02
  0.5922E+01	  0.7789E-02	  0.3264E-02
  0.5994E+01	  0.7560E-02	  0.3325E-02
  0.6066E+01	  0.7340E-02	  0.3387E-02
  0.6138E+01	  0.7127E-02	  0.3450E-02
  0.6209E+01	  0.6922E-02	  0.3514E-02
  0.6281E+01	  0.6724E-02	  0.3579E-02
  0.6353E+01	  0.6533E-02	  0.3644E-02
  0.6425E+01	  0.6349E-02	  0.3711E-02
  0.6496E+01	  0.6171E-02	  0.3778E-02
  0.6568E+01	  0.5999E-02	  0.3847E-02
  0.6640E+01	  0.5832E-02	  0.3916E-02
  0.6712E+01	  0.5671E-02	  0.3987E-02
  0.6784E+01	  0.5516E-02	  0.4058E-02
  0.6855E+01	  0.5365E-02	  0.4131E-02
  0.6927E+01	  0.5219E-02	  0.4205E-02
  0.6999E+01	  0.5077E-02	  0.4279E-02
  0.7071E+01	  0.4940E-02	  0.4355E-02
  0.7143E+01	  0.4807E-02	  0.4432E-02
  0.7214E+01	  0.4678E-02	  0.4510E-02
  0.7286E+01	  0.4552E-02	  0.4590E-02
  0.7358E+01	  0.4430E-02	  0.4671E-02
  0.7430E+01	  0.4312E-02	  0.4754E-02
  0.7501E+01	  0.4197E-02	  0.4839E-02
  0.7573E+01	  0.4085E-02	  0.4925E-02
  0.7645E+01	  0.3976E-02	  0.5013E-02
  0.7717E+01	  0.3870E-02	  0.5103E-02
  0.7789E+01	  0.3766E-02	  0.5195E-02
  0.7860E+01	  0.3666E-02	  0.5288E-02
  0.7932E+01	  0.3568E-02	  0.5384E-02
  0.8004E+01	  0.3473E-02	  0.5482E-02
  0.8076E+01	  0.3380E-02	  0.5582E-02
  0.8147E+01	  0.3290E-02	  0.5684E-02
  0.8219E+01	  0.3202E-02	  0.5789E-02
  0.8291E+01	  0.3116E-02	  0.5896E-02
  0.8363E+01	  0.3033E-02	  0.6005E-02
  0.8435E+01	  0.2951E-02	  0.6117E-02
  0.8506E+01	  0.2872E-02	  0.6232E-02
  0.8578E+01	  0.2794E-02	  0.6350E-02
  0.8650E+01	  0.2719E-02	  0.6471E-02
  0.8722E+01	  0.2645E-02	  0.6594E-02
  0.8794E+01	  0.2573E-02	  0.6721E-02
  0.8865E+01	  0.2503E-02	  0.6852E-02
  0.8937E+01	  0.2434E-02	  0.6985E-02
  0.9009E+01	  0.2367E-02	  0.7123E-02
  0.9081E+01	  0.2302E-02	  0.7264E-02
  0.9152E+01	  0.2238E-02	  0.7409E-02
  0.9224E+01	  0.2175E-02	  0.7558E-02
  0.9296E+01	  0.2114E-02	  0.7712E-02
  0.9368E+01	  0.2055E-02	  0.7870E-02
  0.9440E+01	  0.1996E-02	  0.8034E-02
  0.9511E+01	  0.1939E-02	  0.8202E-02
  0.9583E+01	  0.1883E-02	  0.8376E-02
  0.9655E+01	  0.1829E-02	  0.8555E-02
  0.9727E+01	  0.1775E-02	  0.8741E-02
  0.9799E+01	  0.1723E-02	  0.8932E-02
  0.9870E+01	  0.1672E-02	  0.9131E-02
  0.9942E+01	  0.1622E-02	  0.9336E-02
  0.1001E+02	  0.1573E-02	  0.9549E-02
  0.1009E+02	  0.1525E-02	  0.9768E-02
  0.1016E+02	  0.1478E-02	  0.9995E-02
  0.1023E+02	  0.1431E-02	  0.1023E-01
  0.1030E+02	  0.1386E-02	  0.1048E-01
  0.1037E+02	  0.1341E-02	  0.1074E-01
  0.1044E+02	  0.1297E-02	  0.1101E-01
  0.1052E+02	  0.1254E-02	  0.1130E-01
  0.1059E+02	  0.1212E-02	  0.1159E-01
  0.1066E+02	  0.1170E-02	  0.1191E-01
  0.1073E+02	  0.1129E-02	  0.1224E-01
  0.1080E+02	  0.1088E-02	  0.1258E-01
  0.1088E+02	  0.1048E-02	  0.1295E-01
  0.1095E+02	  0.1009E-02	  0.1334E-01
  0.1102E+02	  0.9700E-03	  0.1376E-01
  0.1109E+02	  0.9317E-03	  0.1421E-01
  0.1116E+02	  0.8939E-03	  0.1468E-01
  0.1123E+02	  0.8566E-03	  0.1519E-01
  0.1131E+02	  0.8199E-03	  0.1574E-01
  0.1138E+02	  0.7836E-03	  0.1633E-01
  0.1145E+02	  0.7479E-03	  0.1697E-01
  0.1152E+02	  0.7126E-03	  0.1766E-01
  0.1159E+02	  0.6779E-03	  0.1836E-01
  0.1166E+02	  0.6438E-03	  0.1897E-01
  0.1174E+02	  0.6107E-03	  0.1950E-01
  0.1181E+02	  0.5786E-03	  0.2004E-01
  0.1188E+02	  0.5476E-03	  0.2048E-01
  0.1195E+02	  0.5179E-03	  0.2093E-01
  0.1202E+02	  0.4892E-03	  0.2150E-01
  0.1210E+02	  0.4615E-03	  0.2209E-01
  0.1217E+02	  0.4349E-03	  0.2269E-01
  0.1224E+02	  0.4092E-03	  0.2327E-01
  0.1231E+02	  0.3846E-03	  0.2382E-01
  0.1238E+02	  0.3611E-03	  0.2434E-01
  0.1245E+02	  0.3387E-03	  0.2481E-01
  0.1253E+02	  0.3175E-03	  0.2523E-01
  0.1260E+02	  0.2974E-03	  0.2559E-01
  0.1267E+02	  0.2783E-03	  0.2590E-01
  0.1274E+02	  0.2604E-03	  0.2618E-01
  0.1281E+02	  0.2435E-03	  0.2645E-01
  0.1289E+02	  0.2275E-03	  0.2677E-01
  0.1296E+02	  0.2125E-03	  0.2717E-01
  0.1303E+02	  0.1982E-03	  0.2741E-01
  0.1310E+02	  0.1850E-03	  0.2754E-01
  0.1317E+02	  0.1725E-03	  0.2790E-01
  0.1324E+02	  0.1607E-03	  0.2840E-01
  0.1332E+02	  0.1495E-03	  0.2908E-01
  0.1339E+02	  0.1388E-03	  0.2993E-01
  0.1346E+02	  0.1286E-03	  0.3080E-01
  0.1353E+02	  0.1190E-03	  0.3167E-01
  0.1360E+02	  0.1098E-03	  0.3255E-01
  0.1367E+02	  0.1011E-03	  0.3347E-01
  0.1375E+02	  0.9294E-04	  0.3442E-01
  0.1382E+02	  0.8523E-04	  0.3541E-01
  0.1389E+02	  0.7798E-04	  0.3644E-01
  0.1396E+02	  0.7117E-04	  0.3749E-01
  0.1403E+02	  0.6480E-04	  0.3853E-01
  0.1411E+02	  0.5887E-04	  0.3957E-01
  0.1418E+02	  0.5335E-04	  0.4061E-01
  0.1425E+02	  0.4823E-04	  0.4164E-01
  0.1432E+02	  0.4350E-04	  0.4265E-01
  0.1439E+02	  0.3915E-04	  0.4365E-01
  0.1446E+02	  0.3516E-04	  0.4462E-01
  0.1454E+02	  0.3150E-04	  0.4557E-01
  0.1461E+02	  0.2817E-04	  0.4650E-01
  0.1468E+02	  0.2514E-04	  0.4741E-01
  0.1475E+02	  0.2239E-04	  0.4828E-01
  0.1482E+02	  0.1990E-04	  0.4913E-01
  0.1490E+02	  0.1766E-04	  0.4994E-01
  0.1497E+02	  0.1564E-04	  0.5070E-01
  0.1504E+02	  0.1384E-04	  0.5143E-01
  0.1511E+02	  0.1222E-04	  0.5215E-01
  0.1518E+02	  0.1077E-04	  0.5287E-01
  0.1525E+02	  0.9481E-05	  0.5360E-01
  0.1533E+02	  0.8332E-05	  0.5434E-01
  0.1540E+02	  0.7311E-05	  0.5509E-01
  0.1547E+02	  0.6404E-05	  0.5586E-01
  0.1554E+02	  0.5599E-05	  0.5667E-01
  0.1561E+02	  0.4887E-05	  0.5751E-01
  0.1568E+02	  0.4257E-05	  0.5841E-01
  0.1576E+02	  0.3701E-05	  0.5939E-01
  0.1583E+02	  0.3210E-05	  0.6040E-01
  0.1590E+02	  0.2778E-05	  0.6138E-01
  0.1597E+02	  0.2400E-05	  0.6233E-01
  0.1604E+02	  0.2068E-05	  0.6323E-01
  0.1612E+02	  0.1780E-05	  0.6412E-01
  0.1619E+02	  0.1528E-05	  0.6499E-01
  0.1626E+02	  0.1310E-05	  0.6587E-01
  0.1633E+02	  0.1121E-05	  0.6674E-01
  0.1640E+02	  0.9570E-06	  0.6760E-01
  0.1647E+02	  0.8157E-06	  0.6847E-01
  0.1655E+02	  0.6940E-06	  0.6933E-01
  0.1662E+02	  0.5894E-06	  0.7019E-01
  0.1669E+02	  0.4996E-06	  0.7103E-01
  0.1676E+02	  0.4227E-06	  0.7186E-01
  0.1683E+02	  0.3571E-06	  0.7268E-01
  0.1691E+02	  0.3011E-06	  0.7349E-01
  0.1698E+02	  0.2535E-06	  0.7428E-01
  0.1705E+02	  0.2130E-06	  0.7505E-01
  0.1712E+02	  0.1787E-06	  0.7581E-01
  0.1719E+02	  0.1497E-06	  0.7657E-01
  0.1726E+02	  0.1252E-06	  0.7732E-01
  0.1734E+02	  0.1046E-06	  0.7806E-01
  0.1741E+02	  0.8718E-07	  0.7880E-01
  0.1748E+02	  0.7256E-07	  0.7954E-01
  0.1755E+02	  0.6030E-07	  0.8028E-01
  0.1762E+02	  0.5004E-07	  0.8101E-01
  0.1769E+02	  0.4145E-07	  0.8173E-01
  0.1777E+02	  0.3429E-07	  0.8244E-01
  0.1784E+02	  0.2832E-07	  0.8315E-01
  0.1791E+02	  0.2336E-07	  0.8384E-01
  0.1798E+02	  0.1924E-07	  0.8450E-01
  0.1805E+02	  0.1582E-07	  0.8514E-01
  0.1813E+02	  0.1300E-07	  0.8578E-01
  0.1820E+02	  0.1066E-07	  0.8642E-01
  0.1827E+02	  0.8734E-08	  0.8706E-01
  0.1834E+02	  0.7146E-08	  0.8769E-01
  0.1841E+02	  0.5840E-08	  0.8832E-01
  0.1848E+02	  0.4767E-08	  0.8896E-01
  0.1856E+02	  0.3886E-08	  0.8959E-01
  0.1863E+02	  0.3164E-08	  0.9021E-01
  0.1870E+02	  0.2573E-08	  0.9083E-01
  0.1877E+02	  0.2090E-08	  0.9144E-01
  0.1884E+02	  0.1695E-08	  0.9203E-01
  0.1892E+02	  0.1374E-08	  0.9262E-01
  0.1899E+02	  0.1112E-08	  0.9318E-01
  0.1906E+02	  0.8991E-09	  0.9372E-01
  0.1913E+02	  0.7262E-09	  0.9426E-01
  0.1920E+02	  0.5859E-09	  0.9479E-01
  0.1927E+02	  0.4722E-09	  0.9532E-01
  0.1935E+02	  0.3802E-09	  0.9585E-01
  0.1942E+02	  0.3057E-09	  0.9637E-01
  0.1949E+02	  0.2456E-09	  0.9689E-01
  0.1956E+02	  0.1971E-09	  0.9742E-01
  0.1963E+02	  0.1580E-09	  0.9794E-01
  0.1970E+02	  0.1265E-09	  0.9846E-01
  0.1978E+02	  0.1012E-09	  0.9899E-01
  0.1985E+02	  0.8089E-10	  0.9953E-01
  0.1992E+02	  0.6456E-10	  0.1001E+00
  0.1999E+02	  0.5148E-10	  0.1006E+00
  0.2006E+02	  0.4102E-10	  0.1012E+00
  0.2014E+02	  0.3266E-10	  0.1017E+00
  0.2021E+02	  0.2598E-10	  0.1022E+00
  0.2028E+02	  0.2065E-10	  0.1028E+00
  0.2035E+02	  0.1641E-10	  0.1033E+00
  0.2042E+02	  0.1302E-10	  0.1038E+00
  0.2049E+02	  0.1033E-10	  0.1043E+00
  0.2057E+02	  0.8186E-11	  0.1048E+00
  0.2064E+02	  0.6484E-11	  0.1052E+00
  0.2071E+02	  0.5132E-11	  0.1057E+00
  0.2078E+02	  0.4060E-11	  0.1062E+00
  0.2085E+02	  0.3209E-11	  0.1067E+00
  0.2093E+02	  0.2535E-11	  0.1071E+00
  0.2100E+02	  0.2002E-11	  0.1076E+00
  0.2107E+02	  0.1580E-11	  0.1080E+00
  0.2114E+02	  0.1246E-11	  0.1085E+00
  0.2121E+02	  0.9818E-12	  0.1089E+00
  0.2128E+02	  0.7734E-12	  0.1094E+00
  0.2136E+02	  0.6088E-12	  0.1098E+00
  0.2143E+02	  0.4790E-12	  0.1103E+00
  0.2150E+02	  0.3766E-12	  0.1107E+00
  0.2157E+02	  0.2959E-12	  0.1111E+00
  0.2164E+02	  0.2324E-12	  0.1116E+00
  0.2171E+02	  0.1824E-12	  0.1120E+00
  0.2179E+02	  0.1431E-12	  0.1125E+00
  0.2186E+02	  0.1122E-12	  0.1129E+00
  0.2193E+02	  0.8791E-13	  0.1133E+00
  0.2200E+02	  0.6885E-13	  0.1137E+00
  0.2207E+02	  0.5390E-13	  0.1140E+00
  0.2215E+02	  0.4218E-13	  0.1144E+00
  0.2222E+02	  0.3299E-13	  0.1147E+00
  0.2229E+02	  0.2579E-13	  0.1151E+00
  0.2236E+02	  0.2016E-13	  0.1154E+00
  0.2243E+02	  0.1574E-13	  0.1158E+00
  0.2250E+02	  0.1229E-13	  0.1161E+00
  0.2258E+02	  0.9592E-14	  0.1165E+00
  0.2265E+02	  0.7481E-14	  0.1168E+00
  0.2272E+02	  0.5832E-14	  0.1172E+00
  0.2279E+02	  0.4545E-14	  0.1176E+00
  0.2286E+02	  0.3540E-14	  0.1179E+00
  0.2293E+02	  0.2756E-14	  0.1182E+00
  0.2301E+02	  0.2145E-14	  0.1186E+00
  0.2308E+02	  0.1668E-14	  0.1189E+00
  0.2315E+02	  0.1297E-14	  0.1192E+00
  0.2322E+02	  0.1008E-14	  0.1195E+00
  0.2329E+02	  0.7831E-15	  0.1199E+00
  0.2337E+02	  0.6081E-15	  0.1202E+00
  0.2344E+02	  0.4720E-15	  0.1205E+00
  0.2351E+02	  0.3662E-15	  0.1208E+00
  0.2358E+02	  0.2840E-15	  0.1211E+00
  0.2365E+02	  0.2201E-15	  0.1214E+00
  0.2372E+02	  0.1706E-15	  0.1217E+00
  0.2380E+02	  0.1321E-15	  0.1221E+00
  0.2387E+02	  0.1023E-15	  0.1224E+00
  0.2394E+02	  0.7914E-16	  0.1227E+00
  0.2401E+02	  0.6122E-16	  0.1230E+00
  0.2408E+02	  0.4733E-16	  0.1233E+00
  0.2416E+02	  0.3658E-16	  0.1236E+00
  0.2423E+02	  0.2826E-16	  0.1239E+00
  0.2430E+02	  0.2182E-16	  0.1242E+00
  0.2437E+02	  0.1684E-16	  0.1245E+00
  0.2444E+02	  0.1299E-16	  0.1248E+00
  0.2451E+02	  0.1002E-16	  0.1251E+00
  0.2459E+02	  0.7722E-17	  0.1254E+00
  0.2466E+02	  0.5949E-17	  0.1258E+00
  0.2473E+02	  0.4581E-17	  0.1261E+00
  0.2480E+02	  0.3527E-17	  0.1264E+00
  0.2487E+02	  0.2714E-17	  0.1267E+00
  0.2494E+02	  0.2088E-17	  0.1270E+00
  0.2502E+02	  0.1605E-17	  0.1273E+00
  0.2509E+02	  0.1234E-17	  0.1276E+00
  0.2516E+02	  0.9481E-18	  0.1278E+00
  0.2523E+02	  0.7283E-18	  0.1282E+00
  0.2530E+02	  0.5593E-18	  0.1285E+00
  0.2538E+02	  0.4294E-18	  0.1288E+00
  0.2545E+02	  0.3296E-18	  0.1291E+00
  0.2552E+02	  0.2529E-18	  0.1294E+00
  0.2559E+02	  0.1940E-18	  0.1298E+00
  0.2566E+02	  0.1488E-18	  0.1301E+00
  0.2573E+02	  0.1141E-18	  0.1305E+00
  0.2581E+02	  0.8743E-19	  0.1308E+00
  0.2588E+02	  0.6700E-19	  0.1311E+00
  0.2595E+02	  0.5132E-19	  0.1314E+00
  0.2602E+02	  0.3931E-19	  0.1317E+00
  0.2609E+02	  0.3010E-19	  0.1320E+00
  0.2617E+02	  0.2305E-19	  0.1322E+00
  0.2624E+02	  0.1764E-19	  0.1325E+00
  0.2631E+02	  0.1350E-19	  0.1328E+00
  0.2638E+02	  0.1033E-19	  0.1331E+00
  0.2645E+02	  0.7902E-20	  0.1333E+00
  0.2652E+02	  0.6043E-20	  0.1336E+00
  0.2660E+02	  0.4621E-20	  0.1339E+00
  0.2667E+02	  0.3532E-20	  0.1342E+00
  0.2674E+02	  0.2700E-20	  0.1344E+00
  0.2681E+02	  0.2063E-20	  0.1347E+00
  0.2688E+02	  0.1576E-20	  0.1349E+00
  0.2695E+02	  0.1204E-20	  0.1352E+00
  0.2703E+02	  0.9194E-21	  0.1355E+00
  0.2710E+02	  0.7020E-21	  0.1357E+00
  0.2717E+02	  0.5358E-21	  0.1360E+00
  0.2724E+02	  0.4089E-21	  0.1363E+00
  0.2731E+02	  0.3120E-21	  0.1365E+00
  0.2739E+02	  0.2380E-21	  0.1368E+00
  0.2746E+02	  0.1815E-21	  0.1370E+00
  0.2753E+02	  0.1384E-21	  0.1373E+00
  0.2760E+02	  0.1055E-21	  0.1376E+00
  0.2767E+02	  0.8043E-22	  0.1378E+00
  0.2774E+02	  0.6129E-22	  0.1381E+00
  0.2782E+02	  0.4670E-22	  0.1383E+00
  0.2789E+02	  0.3557E-22	  0.1386E+00
  0.2796E+02	  0.2709E-22	  0.1389E+00
  0.2803E+02	  0.2062E-22	  0.1391E+00
  0.2810E+02	  0.1570E-22	  0.1394E+00
  0.2818E+02	  0.1194E-22	  0.1397E+00
  0.2825E+02	  0.9088E-23	  0.1399E+00
  0.2832E+02	  0.6912E-23	  0.1402E+00
  0.2839E+02	  0.5257E-23	  0.1405E+00
  0.2846E+02	  0.3996E-23	  0.1407E+00
  0.2853E+02	  0.3038E-23	  0.1410E+00
  0.2861E+02	  0.2308E-23	  0.1412E+00
  0.2868E+02	  0.1754E-23	  0.1415E+00
  0.2875E+02	  0.1332E-23	  0.1418E+00
  0.2882E+02	  0.1012E-23	  0.1420E+00
  0.2889E+02	  0.7681E-24	  0.1423E+00
  0.2896E+02	  0.5830E-24	  0.1425E+00
  0.2904E+02	  0.4424E-24	  0.1428E+00
  0.2911E+02	  0.3357E-24	  0.1430E+00
  0.2918E+02	  0.2546E-24	  0.1433E+00
  0.2925E+02	  0.1931E-24	  0.1436E+00
  0.2932E+02	  0.1464E-24	  0.1438E+00
  0.2940E+02	  0.1110E-24	  0.1441E+00
  0.2947E+02	  0.8408E-25	  0.1443E+00
  0.2954E+02	  0.6370E-25	  0.1446E+00
  0.2961E+02	  0.4825E-25	  0.1448E+00
  0.2968E+02	  0.3654E-25	  0.1451E+00
  0.2975E+02	  0.2766E-25	  0.1453E+00
  0.2983E+02	  0.2094E-25	  0.1456E+00
  0.2990E+02	  0.1585E-25	  0.1458E+00
  0.2997E+02	  0.1199E-25	  0.1461E+00
  0.3004E+02	  0.9071E-26	  0.1464E+00
  0.3011E+02	  0.6860E-26	  0.1466E+00
  0.3019E+02	  0.5188E-26	  0.1469E+00
  0.3026E+02	  0.3923E-26	  0.1472E+00
  0.3033E+02	  0.2966E-26	  0.1474E+00
  0.3040E+02	  0.2242E-26	  0.1477E+00
  0.3047E+02	  0.1695E-26	  0.1480E+00
  0.3054E+02	  0.1282E-26	  0.1483E+00
  0.3062E+02	  0.9687E-27	  0.1485E+00
  0.3069E+02	  0.7322E-27	  0.1488E+00
  0.3076E+02	  0.5534E-27	  0.1491E+00
  0.3083E+02	  0.4182E-27	  0.1493E+00
  0.3090E+02	  0.3160E-27	  0.1496E+00
  0.3097E+02	  0.2388E-27	  0.1499E+00
  0.3105E+02	  0.1804E-27	  0.1501E+00
  0.3112E+02	  0.1363E-27	  0.1504E+00
  0.3119E+02	  0.1030E-27	  0.1507E+00
  0.3126E+02	  0.7779E-28	  0.1509E+00
  0.3133E+02	  0.5876E-28	  0.1512E+00
  0.3141E+02	  0.4438E-28	  0.1514E+00
  0.3148E+02	  0.3352E-28	  0.1517E+00
  0.3155E+02	  0.2531E-28	  0.1520E+00
  0.3162E+02	  0.1911E-28	  0.1522E+00
  0.3169E+02	  0.1443E-28	  0.1525E+00
  0.3176E+02	  0.1090E-28	  0.1528E+00
  0.3184E+02	  0.8226E-29	  0.1530E+00
  0.3191E+02	  0.6210E-29	  0.1533E+00
  0.3198E+02	  0.4688E-29	  0.1535E+00

R32 
------------------------------------------------------------
Electric field / N (Td)                    170.0    
Angular frequency / N (m3/s)              0.1938E-11
Cosine of E-B field angle                  0.000    
Gas temperature (K)                        800.0    
Excitation temperature (K)                 300.0    
Transition energy (eV)                     0.000    
Ionization degree                          0.000    
Plasma density (1/m3)                     0.1000E+19
Ion charge parameter                       1.000    
Ion/neutral mass ratio                     1.000    
Coulomb collision model                    1.000    
Energy sharing                             0.000    
Growth model                               1.000    
Maxwellian mean energy (eV)                0.000    
# of grid points                           500.0    
Grid type                                  1.000    
Maximum energy                             30.00    
Precision                                 0.1000E-24
Convergence                               0.1000E-03
Maximum # of iterations                   0.2000E+05
Mole fraction Ar                           1.000    
------------------------------------------------------------
Mean energy (eV)                           1.579    
Mobility *N (1/m/V/s)                     0.1191E+27
Re/perp mobility *N (1/m/V/s)             0.2464E+22
Im/Hall mobility *N (1/m/V/s)            -0.9072E+23
Diffusion coefficient *N (1/m/s)          0.2620E+26
Energy mobility *N (1/m/V/s)              0.2492E+26
Energy diffusion coef. *N (1/m/s)         0.1069E+26
Total collision freq. /N (m3/s)           0.2710E-13
Momentum frequency /N (m3/s)              0.5266E-13
Total ionization freq. /N (m3/s)          0.2402E-19
Power /N (eV m3/s)                        0.7121E-16
Elastic power loss /N (eV m3/s)           0.4122E-17
Inelastic power loss /N (eV m3/s)         0.6705E-16
Growth power /N (eV m3/s)                 0.3793E-19
Maximum energy                             35.89    
# of iterations                            10.00    
# of grid trials                           2.000    
------------------------------------------------------------
Rate coefficients (m3/s)
C1    Ar    Elastic                       0.2710E-13
C2    Ar    Excitation    11.55 eV        0.1568E-17
C3    Ar    Excitation    11.62 eV        0.1254E-17
C4    Ar    Excitation    11.72 eV        0.2526E-18
C5    Ar    Excitation    11.83 eV        0.1550E-17
C6    Ar    Excitation    12.91 eV        0.1166E-18
C7    Ar    Excitation    13.08 eV        0.8912E-19
C8    Ar    Excitation    13.10 eV        0.6063E-19
C9    Ar    Excitation    13.15 eV        0.3588E-19
C10   Ar    Excitation    13.17 eV        0.5594E-19
C11   Ar    Excitation    13.27 eV        0.1653E-19
C12   Ar    Excitation    13.28 eV        0.3236E-19
C13   Ar    Excitation    13.30 eV        0.2447E-19
C14   Ar    Excitation    13.33 eV        0.2853E-19
C15   Ar    Excitation    13.48 eV        0.5091E-19
C16   Ar    Excitation    13.85 eV        0.2653E-19
C17   Ar    Excitation    13.86 eV        0.1214E-18
C18   Ar    Excitation    13.90 eV        0.6661E-19
C19   Ar    Excitation    13.98 eV        0.7934E-19
C20   Ar    Excitation    14.01 eV        0.2319E-19
C21   Ar    Excitation    14.06 eV        0.2208E-19
C22   Ar    Excitation    14.07 eV        0.2200E-19
C23   Ar    Excitation    14.09 eV        0.1347E-20
C24   Ar    Excitation    14.10 eV        0.3116E-20
C25   Ar    Excitation    14.15 eV        0.3436E-20
C26   Ar    Excitation    14.21 eV        0.2752E-19
C27   Ar    Excitation    14.23 eV        0.1811E-19
C28   Ar    Excitation    14.24 eV        0.4274E-20
C29   Ar    Excitation    14.24 eV        0.3886E-20
C30   Ar    Excitation    14.26 eV        0.4187E-21
C31   Ar    Excitation    14.30 eV        0.3181E-20
C32   Ar    Excitation    14.71 eV        0.2886E-22
C33   Ar    Excitation    14.85 eV        0.1644E-21
C34   Ar    Excitation    14.86 eV        0.5398E-21
C35   Ar    Excitation    15.00 eV        0.1713E-21
C36   Ar    Excitation    15.02 eV        0.1735E-21
C37   Ar    Excitation    15.12 eV        0.2628E-22
C38   Ar    Excitation    15.19 eV        0.2354E-21
C39   Ar    Excitation    15.19 eV        0.2334E-21
C40   Ar    Excitation    15.31 eV        0.3168E-23
C41   Ar    Excitation    15.35 eV        0.1958E-23
C42   Ar    Excitation    15.36 eV        0.2784E-23
C43   Ar    Excitation    15.37 eV        0.4825E-22
C44   Ar    Excitation    15.37 eV        0.1057E-21
C45   Ar    Excitation    15.66 eV        0.2589E-21
C46   Ar    Ionization    15.76 eV        0.2402E-19
------------------------------------------------------------
Energy (eV) EEDF (eV-3/2) Anisotropy
  0.3589E-01	  0.4312E+01	  0.1477E-04
  0.1077E+00	  0.3920E+01	  0.1663E-04
  0.1795E+00	  0.3170E+01	  0.2035E-04
  0.2512E+00	  0.1910E+01	  0.3254E-04
  0.3230E+00	  0.1151E+01	  0.5321E-04
  0.3948E+00	  0.8077E+00	  0.7480E-04
  0.4666E+00	  0.6282E+00	  0.9484E-04
  0.5384E+00	  0.5176E+00	  0.1149E-03
  0.6102E+00	  0.4415E+00	  0.1358E-03
  0.6819E+00	  0.3851E+00	  0.1583E-03
  0.7537E+00	  0.3409E+00	  0.1826E-03
  0.8255E+00	  0.3051E+00	  0.2086E-03
  0.8973E+00	  0.2754E+00	  0.2362E-03
  0.9691E+00	  0.2502E+00	  0.2655E-03
  0.1041E+01	  0.2287E+00	  0.2961E-03
  0.1113E+01	  0.2095E+00	  0.3280E-03
  0.1184E+01	  0.1925E+00	  0.3613E-03
  0.1256E+01	  0.1771E+00	  0.3957E-03
  0.1328E+01	  0.1634E+00	  0.4303E-03
  0.1400E+01	  0.1510E+00	  0.4648E-03
  0.1472E+01	  0.1398E+00	  0.5006E-03
  0.1543E+01	  0.1296E+00	  0.5372E-03
  0.1615E+01	  0.1205E+00	  0.5723E-03
  0.1687E+01	  0.1122E+00	  0.6058E-03
  0.1759E+01	  0.1047E+00	  0.6395E-03
  0.1830E+01	  0.9788E-01	  0.6743E-03
  0.1902E+01	  0.9163E-01	  0.7104E-03
  0.1974E+01	  0.8590E-01	  0.7478E-03
  0.2046E+01	  0.8063E-01	  0.7863E-03
  0.2118E+01	  0.7579E-01	  0.8258E-03
  0.2189E+01	  0.7134E-01	  0.8661E-03
  0.2261E+01	  0.6723E-01	  0.9072E-03
  0.2333E+01	  0.6343E-01	  0.9493E-03
  0.2405E+01	  0.5992E-01	  0.9922E-03
  0.2477E+01	  0.5665E-01	  0.1036E-02
  0.2548E+01	  0.5362E-01	  0.1080E-02
  0.2620E+01	  0.5080E-01	  0.1125E-02
  0.2692E+01	  0.4817E-01	  0.1171E-02
  0.2764E+01	  0.4572E-01	  0.1217E-02
  0.2835E+01	  0.4343E-01	  0.1263E-02
  0.2907E+01	  0.4129E-01	  0.1310E-02
  0.2979E+01	  0.3929E-01	  0.1357E-02
  0.3051E+01	  0.3742E-01	  0.1404E-02
  0.3123E+01	  0.3566E-01	  0.1452E-02
  0.3194E+01	  0.3400E-01	  0.1500E-02
  0.3266E+01	  0.3245E-01	  0.1549E-02
  0.3338E+01	  0.3098E-01	  0.1598E-02
  0.3410E+01	  0.2960E-01	  0.1647E-02
  0.3482E+01	  0.2830E-01	  0.1697E-02
  0.3553E+01	  0.2707E-01	  0.1747E-02
  0.3625E+01	  0.2591E-01	  0.1798E-02
  0.3697E+01	  0.2482E-01	  0.1849E-02
  0.3769E+01	  0.2378E-01	  0.1900E-02
  0.3840E+01	  0.2279E-01	  0.1952E-02
  0.3912E+01	  0.2186E-01	  0.2005E-02
  0.3984E+01	  0.2098E-01	  0.2058E-02
  0.4056E+01	  0.2014E-01	  0.2112E-02
  0.4128E+01	  0.1935E-01	  0.2166E-02
  0.4199E+01	  0.1860E-01	  0.2221E-02
  0.4271E+01	  0.1788E-01	  0.2276E-02
  0.4343E+01	  0.1721E-01	  0.2331E-02
  0.4415E+01	  0.1657E-01	  0.2386E-02
  0.4487E+01	  0.1596E-01	  0.2442E-02
  0.4558E+01	  0.1539E-01	  0.2499E-02
  0.4630E+01	  0.1484E-01	  0.2555E-02
  0.4702E+01	  0.1431E-01	  0.2612E-02
  0.4774E+01	  0.1381E-01	  0.2670E-02
  0.4845E+01	  0.1334E-01	  0.2728E-02
  0.4917E+01	  0.1288E-01	  0.2786E-02
  0.4989E+01	  0.1245E-01	  0.2845E-02
  0.5061E+01	  0.1204E-01	  0.2905E-02
  0.5133E+01	  0.1164E-01	  0.2965E-02
  0.5204E+01	  0.1126E-01	  0.3026E-02
  0.5276E+01	  0.1090E-01	  0.3087E-02
  0.5348E+01	  0.1056E-01	  0.3149E-02
  0.5420E+01	  0.1022E-01	  0.3211E-02
  0.5491E+01	  0.9906E-02	  0.3274E-02
  0.5563E+01	  0.9601E-02	  0.3337E-02
  0.5635E+01	  0.9308E-02	  0.3401E-02
  0.5707E+01	  0.9027E-02	  0.3466E-02
  0.5779E+01	  0.8757E-02	  0.3531E-02
  0.5850E+01	  0.8498E-02	  0.3597E-02
  0.5922E+01	  0.8248E-02	  0.3664E-02
  0.5994E+01	  0.8008E-02	  0.3731E-02
  0.6066E+01	  0.7777E-02	  0.3800E-02
  0.6138E+01	  0.7554E-02	  0.3868E-02
  0.6209E+01	  0.7339E-02	  0.3938E-02
  0.6281E+01	  0.7132E-02	  0.4009E-02
  0.6353E+01	  0.6931E-02	  0.4081E-02
  0.6425E+01	  0.6738E-02	  0.4153E-02
  0.6496E+01	  0.6552E-02	  0.4227E-02
  0.6568E+01	  0.6371E-02	  0.4301E-02
  0.6640E+01	  0.6197E-02	  0.4377E-02
  0.6712E+01	  0.6028E-02	  0.4453E-02
  0.6784E+01	  0.5865E-02	  0.4531E-02
  0.6855E+01	  0.5707E-02	  0.4610E-02
  0.6927E+01	  0.5554E-02	  0.4690E-02
  0.6999E+01	  0.5406E-02	  0.4771E-02
  0.7071E+01	  0.5262E-02	  0.4853E-02
  0.7143E+01	  0.5123E-02	  0.4936E-02
  0.7214E+01	  0.4988E-02	  0.5021E-02
  0.7286E+01	  0.4856E-02	  0.5107E-02
  0.7358E+01	  0.4728E-02	  0.5195E-02
  0.7430E+01	  0.4604E-02	  0.5284E-02
  0.7501E+01	  0.4484E-02	  0.5375E-02
  0.7573E+01	  0.4366E-02	  0.5468E-02
  0.7645E+01	  0.4252E-02	  0.5563E-02
  0.7717E+01	  0.4141E-02	  0.5660E-02
  0.7789E+01	  0.4033E-02	  0.5758E-02
  0.7860E+01	  0.3928E-02	  0.5859E-02
  0.7932E+01	  0.3825E-02	  0.5962E-02
  0.8004E+01	  0.3726E-02	  0.6066E-02
  0.8076E+01	  0.3629E-02	  0.6174E-02
  0.8147E+01	  0.3534E-02	  0.6283E-02
  0.8219E+01	  0.3442E-02	  0.6395E-02
  0.8291E+01	  0.3352E-02	  0.6509E-02
  0.8363E+01	  0.3264E-02	  0.6626E-02
  0.8435E+01	  0.3179E-02	  0.6745E-02
  0.8506E+01	  0.3096E-02	  0.6867E-02
  0.8578E+01	  0.3015E-02	  0.6993E-02
  0.8650E+01	  0.2935E-02	  0.7121E-02
  0.8722E+01	  0.2858E-02	  0.7252E-02
  0.8794E+01	  0.2782E-02	  0.7386E-02
  0.8865E+01	  0.2709E-02	  0.7524E-02
  0.8937E+01	  0.2637E-02	  0.7666E-02
  0.9009E+01	  0.2567E-02	  0.7810E-02
  0.9081E+01	  0.2498E-02	  0.7959E-02
  0.9152E+01	  0.2431E-02	  0.8112E-02
  0.9224E+01	  0.2365E-02	  0.8269E-02
  0.9296E+01	  0.2301E-02	  0.8430E-02
  0.9368E+01	  0.2239E-02	  0.8596E-02
  0.9440E+01	  0.2177E-02	  0.8767E-02
  0.9511E+01	  0.2117E-02	  0.8943E-02
  0.9583E+01	  0.2059E-02	  0.9124E-02
  0.9655E+01	  0.2001E-02	  0.9311E-02
  0.9727E+01	  0.1945E-02	  0.9504E-02
  0.9799E+01	  0.1890E-02	  0.9703E-02
  0.9870E+01	  0.1837E-02	  0.9908E-02
  0.9942E+01	  0.1784E-02	  0.1012E-01
  0.1001E+02	  0.1732E-02	  0.1034E-01
  0.1009E+02	  0.1682E-02	  0.1057E-01
  0.1016E+02	  0.1632E-02	  0.1080E-01
  0.1023E+02	  0.1583E-02	  0.1104E-01
  0.1030E+02	  0.1535E-02	  0.1130E-01
  0.1037E+02	  0.1488E-02	  0.1156E-01
  0.1044E+02	  0.1442E-02	  0.1184E-01
  0.1052E+02	  0.1396E-02	  0.1213E-01
  0.1059E+02	  0.1352E-02	  0.1243E-01
  0.1066E+02	  0.1308E-02	  0.1275E-01
  0.1073E+02	  0.1264E-02	  0.1308E-01
  0.1080E+02	  0.1221E-02	  0.1343E-01
  0.1088E+02	  0.1179E-02	  0.1380E-01
  0.1095E+02	  0.1137E-02	  0.1419E-01
  0.1102E+02	  0.1096E-02	  0.1461E-01
  0.1109E+02	  0.1056E-02	  0.1505E-01
  0.1116E+02	  0.1016E-02	  0.1551E-01
  0.1123E+02	  0.9762E-03	  0.1601E-01
  0.1131E+02	  0.9372E-03	  0.1655E-01
  0.1138E+02	  0.8988E-03	  0.1712E-01
  0.1145E+02	  0.8609E-03	  0.1773E-01
  0.1152E+02	  0.8234E-03	  0.1839E-01
  0.1159E+02	  0.7865E-03	  0.1906E-01
  0.1166E+02	  0.7502E-03	  0.1965E-01
  0.1174E+02	  0.7149E-03	  0.2017E-01
  0.1181E+02	  0.6806E-03	  0.2070E-01
  0.1188E+02	  0.6473E-03	  0.2114E-01
  0.1195E+02	  0.6153E-03	  0.2159E-01
  0.1202E+02	  0.5842E-03	  0.2213E-01
  0.1210E+02	  0.5541E-03	  0.2271E-01
  0.1217E+02	  0.5250E-03	  0.2329E-01
  0.1224E+02	  0.4969E-03	  0.2386E-01
  0.1231E+02	  0.4698E-03	  0.2439E-01
  0.1238E+02	  0.4438E-03	  0.2489E-01
  0.1245E+02	  0.4190E-03	  0.2536E-01
  0.1253E+02	  0.3952E-03	  0.2578E-01
  0.1260E+02	  0.3725E-03	  0.2615E-01
  0.1267E+02	  0.3510E-03	  0.2647E-01
  0.1274E+02	  0.3305E-03	  0.2677E-01
  0.1281E+02	  0.3110E-03	  0.2707E-01
  0.1289E+02	  0.2926E-03	  0.2741E-01
  0.1296E+02	  0.2750E-03	  0.2782E-01
  0.1303E+02	  0.2583E-03	  0.2810E-01
  0.1310E+02	  0.2426E-03	  0.2829E-01
  0.1317E+02	  0.2277E-03	  0.2869E-01
  0.1324E+02	  0.2135E-03	  0.2922E-01
  0.1332E+02	  0.2000E-03	  0.2991E-01
  0.1339E+02	  0.1870E-03	  0.3075E-01
  0.1346E+02	  0.1745E-03	  0.3161E-01
  0.1353E+02	  0.1626E-03	  0.3247E-01
  0.1360E+02	  0.1512E-03	  0.3335E-01
  0.1367E+02	  0.1404E-03	  0.3426E-01
  0.1375E+02	  0.1301E-03	  0.3520E-01
  0.1382E+02	  0.1203E-03	  0.3618E-01
  0.1389E+02	  0.1110E-03	  0.3719E-01
  0.1396E+02	  0.1023E-03	  0.3821E-01
  0.1403E+02	  0.9401E-04	  0.3923E-01
  0.1411E+02	  0.8624E-04	  0.4025E-01
  0.1418E+02	  0.7895E-04	  0.4126E-01
  0.1425E+02	  0.7213E-04	  0.4227E-01
  0.1432E+02	  0.6576E-04	  0.4327E-01
  0.1439E+02	  0.5985E-04	  0.4424E-01
  0.1446E+02	  0.5436E-04	  0.4519E-01
  0.1454E+02	  0.4928E-04	  0.4612E-01
  0.1461E+02	  0.4460E-04	  0.4703E-01
  0.1468E+02	  0.4029E-04	  0.4792E-01
  0.1475E+02	  0.3633E-04	  0.4877E-01
  0.1482E+02	  0.3271E-04	  0.4961E-01
  0.1490E+02	  0.2941E-04	  0.5040E-01
  0.1497E+02	  0.2640E-04	  0.5116E-01
  0.1504E+02	  0.2366E-04	  0.5189E-01
  0.1511E+02	  0.2118E-04	  0.5261E-01
  0.1518E+02	  0.1893E-04	  0.5333E-01
  0.1525E+02	  0.1690E-04	  0.5406E-01
  0.1533E+02	  0.1506E-04	  0.5480E-01
  0.1540E+02	  0.1341E-04	  0.5556E-01
  0.1547E+02	  0.1192E-04	  0.5634E-01
  0.1554E+02	  0.1057E-04	  0.5715E-01
  0.1561E+02	  0.9368E-05	  0.5799E-01
  0.1568E+02	  0.8285E-05	  0.5889E-01
  0.1576E+02	  0.7314E-05	  0.5986E-01
  0.1583E+02	  0.6444E-05	  0.6085E-01
  0.1590E+02	  0.5667E-05	  0.6182E-01
  0.1597E+02	  0.4975E-05	  0.6275E-01
  0.1604E+02	  0.4360E-05	  0.6364E-01
  0.1612E+02	  0.3815E-05	  0.6452E-01
  0.1619E+02	  0.3332E-05	  0.6539E-01
  0.1626E+02	  0.2906E-05	  0.6625E-01
  0.1633E+02	  0.2530E-05	  0.6711E-01
  0.1640E+02	  0.2199E-05	  0.6797E-01
  0.1647E+02	  0.1908E-05	  0.6883E-01
  0.1655E+02	  0.1653E-05	  0.6968E-01
  0.1662E+02	  0.1430E-05	  0.7052E-01
  0.1669E+02	  0.1235E-05	  0.7136E-01
  0.1676E+02	  0.1065E-05	  0.7218E-01
  0.1683E+02	  0.9168E-06	  0.7299E-01
  0.1691E+02	  0.7881E-06	  0.7379E-01
  0.1698E+02	  0.6765E-06	  0.7457E-01
  0.1705E+02	  0.5799E-06	  0.7533E-01
  0.1712E+02	  0.4963E-06	  0.7609E-01
  0.1719E+02	  0.4242E-06	  0.7684E-01
  0.1726E+02	  0.3621E-06	  0.7758E-01
  0.1734E+02	  0.3086E-06	  0.7832E-01
  0.1741E+02	  0.2627E-06	  0.7905E-01
  0.1748E+02	  0.2233E-06	  0.7979E-01
  0.1755E+02	  0.1895E-06	  0.8051E-01
  0.1762E+02	  0.1606E-06	  0.8124E-01
  0.1769E+02	  0.1360E-06	  0.8195E-01
  0.1777E+02	  0.1149E-06	  0.8265E-01
  0.1784E+02	  0.9701E-07	  0.8335E-01
  0.1791E+02	  0.8179E-07	  0.8403E-01
  0.1798E+02	  0.6888E-07	  0.8469E-01
  0.1805E+02	  0.5794E-07	  0.8533E-01
  0.1813E+02	  0.4867E-07	  0.8596E-01
  0.1820E+02	  0.4085E-07	  0.8659E-01
  0.1827E+02	  0.3424E-07	  0.8723E-01
  0.1834E+02	  0.2867E-07	  0.8785E-01
  0.1841E+02	  0.2398E-07	  0.8848E-01
  0.1848E+02	  0.2003E-07	  0.8911E-01
  0.1856E+02	  0.1672E-07	  0.8973E-01
  0.1863E+02	  0.1394E-07	  0.9035E-01
  0.1870E+02	  0.1161E-07	  0.9096E-01
  0.1877E+02	  0.9656E-08	  0.9156E-01
  0.1884E+02	  0.8024E-08	  0.9215E-01
  0.1892E+02	  0.6662E-08	  0.9272E-01
  0.1899E+02	  0.5525E-08	  0.9328E-01
  0.1906E+02	  0.4578E-08	  0.9382E-01
  0.1913E+02	  0.3790E-08	  0.9435E-01
  0.1920E+02	  0.3135E-08	  0.9488E-01
  0.1927E+02	  0.2590E-08	  0.9541E-01
  0.1935E+02	  0.2138E-08	  0.9593E-01
  0.1942E+02	  0.1763E-08	  0.9645E-01
  0.1949E+02	  0.1453E-08	  0.9697E-01
  0.1956E+02	  0.1196E-08	  0.9749E-01
  0.1963E+02	  0.9835E-09	  0.9801E-01
  0.1970E+02	  0.8081E-09	  0.9853E-01
  0.1978E+02	  0.6633E-09	  0.9906E-01
  0.1985E+02	  0.5439E-09	  0.9959E-01
  0.1992E+02	  0.4456E-09	  0.1001E+00
  0.1999E+02	  0.3647E-09	  0.1007E+00
  0.2006E+02	  0.2984E-09	  0.1012E+00
  0.2014E+02	  0.2439E-09	  0.1018E+00
  0.2021E+02	  0.1992E-09	  0.1023E+00
  0.2028E+02	  0.1626E-09	  0.1028E+00
  0.2035E+02	  0.1327E-09	  0.1033E+00
  0.2042E+02	  0.1082E-09	  0.1038E+00
  0.2049E+02	  0.8811E-10	  0.1043E+00
  0.2057E+02	  0.7175E-10	  0.1048E+00
  0.2064E+02	  0.5838E-10	  0.1053E+00
  0.2071E+02	  0.4748E-10	  0.1057E+00
  0.2078E+02	  0.3859E-10	  0.1062E+00
  0.2085E+02	  0.3135E-10	  0.1067E+00
  0.2093E+02	  0.2545E-10	  0.1071E+00
  0.2100E+02	  0.2065E-10	  0.1076E+00
  0.2107E+02	  0.1675E-10	  0.1080E+00
  0.2114E+02	  0.1358E-10	  0.1085E+00
  0.2121E+02	  0.1100E-10	  0.1089E+00
  0.2128E+02	  0.8910E-11	  0.1093E+00
  0.2136E+02	  0.7211E-11	  0.1098E+00
  0.2143E+02	  0.5834E-11	  0.1102E+00
  0.2150E+02	  0.4716E-11	  0.1107E+00
  0.2157E+02	  0.3811E-11	  0.1111E+00
  0.2164E+02	  0.3078E-11	  0.1116E+00
  0.2171E+02	  0.2485E-11	  0.1120E+00
  0.2179E+02	  0.2005E-11	  0.1124E+00
  0.2186E+02	  0.1617E-11	  0.1128E+00
  0.2193E+02	  0.1304E-11	  0.1132E+00
  0.2200E+02	  0.1050E-11	  0.1136E+00
  0.2207E+02	  0.8460E-12	  0.1140E+00
  0.2215E+02	  0.6812E-12	  0.1143E+00
  0.2222E+02	  0.5482E-12	  0.1146E+00
  0.2229E+02	  0.4411E-12	  0.1150E+00
  0.2236E+02	  0.3547E-12	  0.1153E+00
  0.2243E+02	  0.2851E-12	  0.1157E+00
  0.2250E+02	  0.2291E-12	  0.1161E+00
  0.2258E+02	  0.1840E-12	  0.1164E+00
  0.2265E+02	  0.1477E-12	  0.1168E+00
  0.2272E+02	  0.1186E-12	  0.1171E+00
  0.2279E+02	  0.9510E-13	  0.1175E+00
  0.2286E+02	  0.7626E-13	  0.1178E+00
  0.2293E+02	  0.6112E-13	  0.1182E+00
  0.2301E+02	  0.4897E-13	  0.1185E+00
  0.2308E+02	  0.3922E-13	  0.1188E+00
  0.2315E+02	  0.3140E-13	  0.1191E+00
  0.2322E+02	  0.2513E-13	  0.1194E+00
  0.2329E+02	  0.2011E-13	  0.1198E+00
  0.2337E+02	  0.1608E-13	  0.1201E+00
  0.2344E+02	  0.1285E-13	  0.1204E+00
  0.2351E+02	  0.1027E-13	  0.1207E+00
  0.2358E+02	  0.8206E-14	  0.1210E+00
  0.2365E+02	  0.6552E-14	  0.1213E+00
  0.2372E+02	  0.5230E-14	  0.1216E+00
  0.2380E+02	  0.4173E-14	  0.1219E+00
  0.2387E+02	  0.3328E-14	  0.1222E+00
  0.2394E+02	  0.2654E-14	  0.1226E+00
  0.2401E+02	  0.2115E-14	  0.1229E+00
  0.2408E+02	  0.1685E-14	  0.1232E+00
  0.2416E+02	  0.1342E-14	  0.1235E+00
  0.2423E+02	  0.1068E-14	  0.1238E+00
  0.2430E+02	  0.8500E-15	  0.1241E+00
  0.2437E+02	  0.6761E-15	  0.1244E+00
  0.2444E+02	  0.5376E-15	  0.1247E+00
  0.2451E+02	  0.4273E-15	  0.1250E+00
  0.2459E+02	  0.3395E-15	  0.1253E+00
  0.2466E+02	  0.2696E-15	  0.1256E+00
  0.2473E+02	  0.2141E-15	  0.1259E+00
  0.2480E+02	  0.1699E-15	  0.1262E+00
  0.2487E+02	  0.1348E-15	  0.1265E+00
  0.2494E+02	  0.1069E-15	  0.1268E+00
  0.2502E+02	  0.8475E-16	  0.1271E+00
  0.2509E+02	  0.6718E-16	  0.1274E+00
  0.2516E+02	  0.5323E-16	  0.1277E+00
  0.2523E+02	  0.4216E-16	  0.1280E+00
  0.2530E+02	  0.3339E-16	  0.1283E+00
  0.2538E+02	  0.2644E-16	  0.1286E+00
  0.2545E+02	  0.2093E-16	  0.1290E+00
  0.2552E+02	  0.1656E-16	  0.1293E+00
  0.2559E+02	  0.1310E-16	  0.1296E+00
  0.2566E+02	  0.1036E-16	  0.1300E+00
  0.2573E+02	  0.8196E-17	  0.1303E+00
  0.2581E+02	  0.6479E-17	  0.1306E+00
  0.2588E+02	  0.5121E-17	  0.1309E+00
  0.2595E+02	  0.4047E-17	  0.1312E+00
  0.2602E+02	  0.3198E-17	  0.1315E+00
  0.2609E+02	  0.2526E-17	  0.1318E+00
  0.2617E+02	  0.1995E-17	  0.1321E+00
  0.2624E+02	  0.1576E-17	  0.1323E+00
  0.2631E+02	  0.1244E-17	  0.1326E+00
  0.2638E+02	  0.9820E-18	  0.1329E+00
  0.2645E+02	  0.7750E-18	  0.1332E+00
  0.2652E+02	  0.6115E-18	  0.1334E+00
  0.2660E+02	  0.4825E-18	  0.1337E+00
  0.2667E+02	  0.3806E-18	  0.1340E+00
  0.2674E+02	  0.3001E-18	  0.1342E+00
  0.2681E+02	  0.2367E-18	  0.1345E+00
  0.2688E+02	  0.1866E-18	  0.1347E+00
  0.2695E+02	  0.1471E-18	  0.1350E+00
  0.2703E+02	  0.1159E-18	  0.1353E+00
  0.2710E+02	  0.9131E-19	  0.1355E+00
  0.2717E+02	  0.7193E-19	  0.1358E+00
  0.2724E+02	  0.5666E-19	  0.1361E+00
  0.2731E+02	  0.4462E-19	  0.1363E+00
  0.2739E+02	  0.3513E-19	  0.1366E+00
  0.2746E+02	  0.2765E-19	  0.1368E+00
  0.2753E+02	  0.2176E-19	  0.1371E+00
  0.2760E+02	  0.1712E-19	  0.1374E+00
  0.2767E+02	  0.1347E-19	  0.1376E+00
  0.2774E+02	  0.1060E-19	  0.1379E+00
  0.2782E+02	  0.8333E-20	  0.1381E+00
  0.2789E+02	  0.6552E-20	  0.1384E+00
  0.2796E+02	  0.5151E-20	  0.1387E+00
  0.2803E+02	  0.4048E-20	  0.1389E+00
  0.2810E+02	  0.3181E-20	  0.1392E+00
  0.2818E+02	  0.2499E-20	  0.1394E+00
  0.2825E+02	  0.1963E-20	  0.1397E+00
  0.2832E+02	  0.1542E-20	  0.1400E+00
  0.2839E+02	  0.1210E-20	  0.1402E+00
  0.2846E+02	  0.9501E-21	  0.1405E+00
  0.2853E+02	  0.7457E-21	  0.1408E+00
  0.2861E+02	  0.5851E-21	  0.1410E+00
  0.2868E+02	  0.4590E-21	  0.1413E+00
  0.2875E+02	  0.3600E-21	  0.1415E+00
  0.2882E+02	  0.2823E-21	  0.1418E+00
  0.2889E+02	  0.2214E-21	  0.1420E+00
  0.2896E+02	  0.1735E-21	  0.1423E+00
  0.2904E+02	  0.1360E-21	  0.1425E+00
  0.2911E+02	  0.1066E-21	  0.1428E+00
  0.2918E+02	  0.8347E-22	  0.1431E+00
  0.2925E+02	  0.6538E-22	  0.1433E+00
  0.2932E+02	  0.5119E-22	  0.1436E+00
  0.2940E+02	  0.4008E-22	  0.1438E+00
  0.2947E+02	  0.3137E-22	  0.1441E+00
  0.2954E+02	  0.2455E-22	  0.1443E+00
  0.2961E+02	  0.1921E-22	  0.1446E+00
  0.2968E+02	  0.1503E-22	  0.1448E+00
  0.2975E+02	  0.1175E-22	  0.1451E+00
  0.2983E+02	  0.9190E-23	  0.1453E+00
  0.2990E+02	  0.7185E-23	  0.1456E+00
  0.2997E+02	  0.5616E-23	  0.1458E+00
  0.3004E+02	  0.4389E-23	  0.1461E+00
  0.3011E+02	  0.3429E-23	  0.1464E+00
  0.3019E+02	  0.2679E-23	  0.1466E+00
  0.3026E+02	  0.2093E-23	  0.1469E+00
  0.3033E+02	  0.1635E-23	  0.1472E+00
  0.3040E+02	  0.1277E-23	  0.1474E+00
  0.3047E+02	  0.9977E-24	  0.1477E+00
  0.3054E+02	  0.7792E-24	  0.1480E+00
  0.3062E+02	  0.6086E-24	  0.1483E+00
  0.3069E+02	  0.4753E-24	  0.1485E+00

R33 
------------------------------------------------------------
Electric field / N (Td)                    210.0    
Angular frequency / N (m3/s)              0.1938E-11
Cosine of E-B field angle                  0.000    
Gas temperature (K)                        800.0    
Excitation temperature (K)                 300.0    
Transition energy (eV)                     0.000    
Ionization degree                          0.000    
Plasma density (1/m3)                     0.1000E+19
Ion charge parameter                       1.000    
Ion/neutral mass ratio                     1.000    
Coulomb collision model                    1.000    
Energy sharing                             0.000    
Growth model                               1.000    
Maxwellian mean energy (eV)                0.000    
# of grid points                           500.0    
Grid type                                  1.000    
Maximum energy                             30.00    
Precision                                 0.1000E-24
Convergence                               0.1000E-03
Maximum # of iterations                   0.2000E+05
Mole fraction Ar                           1.000    
------------------------------------------------------------
Mean energy (eV)                           1.704    
Mobility *N (1/m/V/s)                     0.1122E+27
Re/perp mobility *N (1/m/V/s)             0.2707E+22
Im/Hall mobility *N (1/m/V/s)            -0.9069E+23
Diffusion coefficient *N (1/m/s)          0.2522E+26
Energy mobility *N (1/m/V/s)              0.2202E+26
Energy diffusion coef. *N (1/m/s)         0.1016E+26
Total collision freq. /N (m3/s)           0.3005E-13
Momentum frequency /N (m3/s)              0.5787E-13
Total ionization freq. /N (m3/s)          0.9502E-19
Power /N (eV m3/s)                        0.1194E-15
Elastic power loss /N (eV m3/s)           0.4752E-17
Inelastic power loss /N (eV m3/s)         0.1145E-15
Growth power /N (eV m3/s)                 0.1619E-18
Maximum energy                             35.89    
# of iterations                            10.00    
# of grid trials                           2.000    
------------------------------------------------------------
Rate coefficients (m3/s)
C1    Ar    Elastic                       0.3004E-13
C2    Ar    Excitation    11.55 eV        0.2423E-17
C3    Ar    Excitation    11.62 eV        0.1974E-17
C4    Ar    Excitation    11.72 eV        0.3979E-18
C5    Ar    Excitation    11.83 eV        0.2532E-17
C6    Ar    Excitation    12.91 eV        0.2046E-18
C7    Ar    Excitation    13.08 eV        0.1796E-18
C8    Ar    Excitation    13.10 eV        0.1221E-18
C9    Ar    Excitation    13.15 eV        0.7473E-19
C10   Ar    Excitation    13.17 eV        0.1139E-18
C11   Ar    Excitation    13.27 eV        0.3519E-19
C12   Ar    Excitation    13.28 eV        0.6867E-19
C13   Ar    Excitation    13.30 eV        0.5128E-19
C14   Ar    Excitation    13.33 eV        0.5830E-19
C15   Ar    Excitation    13.48 eV        0.1107E-18
C16   Ar    Excitation    13.85 eV        0.5931E-19
C17   Ar    Excitation    13.86 eV        0.2743E-18
C18   Ar    Excitation    13.90 eV        0.1550E-18
C19   Ar    Excitation    13.98 eV        0.1836E-18
C20   Ar    Excitation    14.01 eV        0.5450E-19
C21   Ar    Excitation    14.06 eV        0.5295E-19
C22   Ar    Excitation    14.07 eV        0.5280E-19
C23   Ar    Excitation    14.09 eV        0.3726E-20
C24   Ar    Excitation    14.10 eV        0.7684E-20
C25   Ar    Excitation    14.15 eV        0.9652E-20
C26   Ar    Excitation    14.21 eV        0.6804E-19
C27   Ar    Excitation    14.23 eV        0.4461E-19
C28   Ar    Excitation    14.24 eV        0.1078E-19
C29   Ar    Excitation    14.24 eV        0.9595E-20
C30   Ar    Excitation    14.26 eV        0.1207E-20
C31   Ar    Excitation    14.30 eV        0.9286E-20
C32   Ar    Excitation    14.71 eV        0.9407E-22
C33   Ar    Excitation    14.85 eV        0.5571E-21
C34   Ar    Excitation    14.86 eV        0.1835E-20
C35   Ar    Excitation    15.00 eV        0.6079E-21
C36   Ar    Excitation    15.02 eV        0.6190E-21
C37   Ar    Excitation    15.12 eV        0.9652E-22
C38   Ar    Excitation    15.19 eV        0.8830E-21
C39   Ar    Excitation    15.19 eV        0.8764E-21
C40   Ar    Excitation    15.31 eV        0.1235E-22
C41   Ar    Excitation    15.35 eV        0.7734E-23
C42   Ar    Excitation    15.36 eV        0.1103E-22
C43   Ar    Excitation    15.37 eV        0.1916E-21
C44   Ar    Excitation    15.37 eV        0.4209E-21
C45   Ar    Excitation    15.66 eV        0.1132E-20
C46   Ar    Ionization    15.76 eV        0.9502E-19
------------------------------------------------------------
Energy (eV) EEDF (eV-3/2) Anisotropy
  0.3589E-01	  0.4151E+01	  0.2097E-04
  0.1077E+00	  0.3717E+01	  0.2254E-04
  0.1795E+00	  0.2984E+01	  0.2567E-04
  0.2512E+00	  0.1794E+01	  0.4017E-04
  0.3230E+00	  0.1086E+01	  0.6477E-04
  0.3948E+00	  0.7682E+00	  0.9012E-04
  0.4666E+00	  0.6017E+00	  0.1135E-03
  0.5384E+00	  0.4990E+00	  0.1369E-03
  0.6102E+00	  0.4282E+00	  0.1613E-03
  0.6819E+00	  0.3755E+00	  0.1876E-03
  0.7537E+00	  0.3341E+00	  0.2159E-03
  0.8255E+00	  0.3004E+00	  0.2462E-03
  0.8973E+00	  0.2724E+00	  0.2787E-03
  0.9691E+00	  0.2486E+00	  0.3130E-03
  0.1041E+01	  0.2281E+00	  0.3488E-03
  0.1113E+01	  0.2099E+00	  0.3865E-03
  0.1184E+01	  0.1936E+00	  0.4258E-03
  0.1256E+01	  0.1788E+00	  0.4664E-03
  0.1328E+01	  0.1655E+00	  0.5073E-03
  0.1400E+01	  0.1535E+00	  0.5483E-03
  0.1472E+01	  0.1426E+00	  0.5908E-03
  0.1543E+01	  0.1327E+00	  0.6343E-03
  0.1615E+01	  0.1237E+00	  0.6760E-03
  0.1687E+01	  0.1156E+00	  0.7160E-03
  0.1759E+01	  0.1082E+00	  0.7562E-03
  0.1830E+01	  0.1014E+00	  0.7978E-03
  0.1902E+01	  0.9523E-01	  0.8411E-03
  0.1974E+01	  0.8951E-01	  0.8860E-03
  0.2046E+01	  0.8423E-01	  0.9324E-03
  0.2118E+01	  0.7937E-01	  0.9799E-03
  0.2189E+01	  0.7488E-01	  0.1029E-02
  0.2261E+01	  0.7073E-01	  0.1078E-02
  0.2333E+01	  0.6688E-01	  0.1129E-02
  0.2405E+01	  0.6331E-01	  0.1182E-02
  0.2477E+01	  0.5997E-01	  0.1235E-02
  0.2548E+01	  0.5687E-01	  0.1289E-02
  0.2620E+01	  0.5397E-01	  0.1345E-02
  0.2692E+01	  0.5127E-01	  0.1400E-02
  0.2764E+01	  0.4874E-01	  0.1457E-02
  0.2835E+01	  0.4638E-01	  0.1514E-02
  0.2907E+01	  0.4416E-01	  0.1572E-02
  0.2979E+01	  0.4208E-01	  0.1630E-02
  0.3051E+01	  0.4012E-01	  0.1689E-02
  0.3123E+01	  0.3828E-01	  0.1749E-02
  0.3194E+01	  0.3655E-01	  0.1809E-02
  0.3266E+01	  0.3491E-01	  0.1869E-02
  0.3338E+01	  0.3337E-01	  0.1930E-02
  0.3410E+01	  0.3192E-01	  0.1992E-02
  0.3482E+01	  0.3054E-01	  0.2054E-02
  0.3553E+01	  0.2924E-01	  0.2117E-02
  0.3625E+01	  0.2801E-01	  0.2181E-02
  0.3697E+01	  0.2684E-01	  0.2245E-02
  0.3769E+01	  0.2574E-01	  0.2309E-02
  0.3840E+01	  0.2469E-01	  0.2374E-02
  0.3912E+01	  0.2370E-01	  0.2440E-02
  0.3984E+01	  0.2275E-01	  0.2506E-02
  0.4056E+01	  0.2185E-01	  0.2573E-02
  0.4128E+01	  0.2100E-01	  0.2641E-02
  0.4199E+01	  0.2020E-01	  0.2709E-02
  0.4271E+01	  0.1944E-01	  0.2777E-02
  0.4343E+01	  0.1871E-01	  0.2845E-02
  0.4415E+01	  0.1803E-01	  0.2914E-02
  0.4487E+01	  0.1737E-01	  0.2982E-02
  0.4558E+01	  0.1675E-01	  0.3052E-02
  0.4630E+01	  0.1616E-01	  0.3121E-02
  0.4702E+01	  0.1559E-01	  0.3191E-02
  0.4774E+01	  0.1506E-01	  0.3261E-02
  0.4845E+01	  0.1454E-01	  0.3332E-02
  0.4917E+01	  0.1406E-01	  0.3403E-02
  0.4989E+01	  0.1359E-01	  0.3475E-02
  0.5061E+01	  0.1314E-01	  0.3547E-02
  0.5133E+01	  0.1271E-01	  0.3620E-02
  0.5204E+01	  0.1231E-01	  0.3693E-02
  0.5276E+01	  0.1192E-01	  0.3766E-02
  0.5348E+01	  0.1154E-01	  0.3840E-02
  0.5420E+01	  0.1118E-01	  0.3915E-02
  0.5491E+01	  0.1084E-01	  0.3990E-02
  0.5563E+01	  0.1051E-01	  0.4065E-02
  0.5635E+01	  0.1020E-01	  0.4141E-02
  0.5707E+01	  0.9892E-02	  0.4218E-02
  0.5779E+01	  0.9601E-02	  0.4295E-02
  0.5850E+01	  0.9320E-02	  0.4373E-02
  0.5922E+01	  0.9051E-02	  0.4452E-02
  0.5994E+01	  0.8792E-02	  0.4531E-02
  0.6066E+01	  0.8542E-02	  0.4611E-02
  0.6138E+01	  0.8302E-02	  0.4692E-02
  0.6209E+01	  0.8070E-02	  0.4774E-02
  0.6281E+01	  0.7846E-02	  0.4856E-02
  0.6353E+01	  0.7630E-02	  0.4940E-02
  0.6425E+01	  0.7422E-02	  0.5024E-02
  0.6496E+01	  0.7220E-02	  0.5110E-02
  0.6568E+01	  0.7026E-02	  0.5196E-02
  0.6640E+01	  0.6838E-02	  0.5284E-02
  0.6712E+01	  0.6656E-02	  0.5372E-02
  0.6784E+01	  0.6480E-02	  0.5462E-02
  0.6855E+01	  0.6310E-02	  0.5552E-02
  0.6927E+01	  0.6145E-02	  0.5644E-02
  0.6999E+01	  0.5985E-02	  0.5737E-02
  0.7071E+01	  0.5830E-02	  0.5831E-02
  0.7143E+01	  0.5680E-02	  0.5927E-02
  0.7214E+01	  0.5534E-02	  0.6024E-02
  0.7286E+01	  0.5393E-02	  0.6122E-02
  0.7358E+01	  0.5255E-02	  0.6223E-02
  0.7430E+01	  0.5121E-02	  0.6325E-02
  0.7501E+01	  0.4991E-02	  0.6428E-02
  0.7573E+01	  0.4865E-02	  0.6534E-02
  0.7645E+01	  0.4742E-02	  0.6641E-02
  0.7717E+01	  0.4622E-02	  0.6751E-02
  0.7789E+01	  0.4505E-02	  0.6862E-02
  0.7860E+01	  0.4392E-02	  0.6976E-02
  0.7932E+01	  0.4282E-02	  0.7091E-02
  0.8004E+01	  0.4174E-02	  0.7209E-02
  0.8076E+01	  0.4070E-02	  0.7329E-02
  0.8147E+01	  0.3968E-02	  0.7452E-02
  0.8219E+01	  0.3868E-02	  0.7577E-02
  0.8291E+01	  0.3771E-02	  0.7704E-02
  0.8363E+01	  0.3677E-02	  0.7834E-02
  0.8435E+01	  0.3585E-02	  0.7967E-02
  0.8506E+01	  0.3495E-02	  0.8103E-02
  0.8578E+01	  0.3408E-02	  0.8241E-02
  0.8650E+01	  0.3322E-02	  0.8383E-02
  0.8722E+01	  0.3239E-02	  0.8528E-02
  0.8794E+01	  0.3157E-02	  0.8676E-02
  0.8865E+01	  0.3078E-02	  0.8827E-02
  0.8937E+01	  0.3000E-02	  0.8982E-02
  0.9009E+01	  0.2924E-02	  0.9140E-02
  0.9081E+01	  0.2850E-02	  0.9302E-02
  0.9152E+01	  0.2778E-02	  0.9468E-02
  0.9224E+01	  0.2707E-02	  0.9639E-02
  0.9296E+01	  0.2638E-02	  0.9814E-02
  0.9368E+01	  0.2570E-02	  0.9993E-02
  0.9440E+01	  0.2504E-02	  0.1018E-01
  0.9511E+01	  0.2439E-02	  0.1037E-01
  0.9583E+01	  0.2376E-02	  0.1056E-01
  0.9655E+01	  0.2314E-02	  0.1076E-01
  0.9727E+01	  0.2253E-02	  0.1096E-01
  0.9799E+01	  0.2194E-02	  0.1118E-01
  0.9870E+01	  0.2135E-02	  0.1139E-01
  0.9942E+01	  0.2078E-02	  0.1162E-01
  0.1001E+02	  0.2023E-02	  0.1185E-01
  0.1009E+02	  0.1968E-02	  0.1208E-01
  0.1016E+02	  0.1914E-02	  0.1233E-01
  0.1023E+02	  0.1861E-02	  0.1258E-01
  0.1030E+02	  0.1809E-02	  0.1285E-01
  0.1037E+02	  0.1758E-02	  0.1312E-01
  0.1044E+02	  0.1708E-02	  0.1341E-01
  0.1052E+02	  0.1658E-02	  0.1370E-01
  0.1059E+02	  0.1610E-02	  0.1401E-01
  0.1066E+02	  0.1562E-02	  0.1433E-01
  0.1073E+02	  0.1514E-02	  0.1467E-01
  0.1080E+02	  0.1468E-02	  0.1502E-01
  0.1088E+02	  0.1422E-02	  0.1539E-01
  0.1095E+02	  0.1376E-02	  0.1578E-01
  0.1102E+02	  0.1332E-02	  0.1619E-01
  0.1109E+02	  0.1287E-02	  0.1662E-01
  0.1116E+02	  0.1244E-02	  0.1708E-01
  0.1123E+02	  0.1201E-02	  0.1756E-01
  0.1131E+02	  0.1158E-02	  0.1807E-01
  0.1138E+02	  0.1116E-02	  0.1862E-01
  0.1145E+02	  0.1075E-02	  0.1919E-01
  0.1152E+02	  0.1034E-02	  0.1981E-01
  0.1159E+02	  0.9933E-03	  0.2044E-01
  0.1166E+02	  0.9535E-03	  0.2099E-01
  0.1174E+02	  0.9146E-03	  0.2149E-01
  0.1181E+02	  0.8766E-03	  0.2200E-01
  0.1188E+02	  0.8397E-03	  0.2243E-01
  0.1195E+02	  0.8038E-03	  0.2288E-01
  0.1202E+02	  0.7689E-03	  0.2341E-01
  0.1210E+02	  0.7349E-03	  0.2396E-01
  0.1217E+02	  0.7019E-03	  0.2451E-01
  0.1224E+02	  0.6698E-03	  0.2505E-01
  0.1231E+02	  0.6386E-03	  0.2557E-01
  0.1238E+02	  0.6086E-03	  0.2605E-01
  0.1245E+02	  0.5795E-03	  0.2652E-01
  0.1253E+02	  0.5516E-03	  0.2694E-01
  0.1260E+02	  0.5247E-03	  0.2732E-01
  0.1267E+02	  0.4989E-03	  0.2768E-01
  0.1274E+02	  0.4741E-03	  0.2801E-01
  0.1281E+02	  0.4504E-03	  0.2835E-01
  0.1289E+02	  0.4276E-03	  0.2873E-01
  0.1296E+02	  0.4057E-03	  0.2917E-01
  0.1303E+02	  0.3846E-03	  0.2951E-01
  0.1310E+02	  0.3647E-03	  0.2979E-01
  0.1317E+02	  0.3454E-03	  0.3024E-01
  0.1324E+02	  0.3270E-03	  0.3081E-01
  0.1332E+02	  0.3092E-03	  0.3151E-01
  0.1339E+02	  0.2920E-03	  0.3233E-01
  0.1346E+02	  0.2753E-03	  0.3318E-01
  0.1353E+02	  0.2593E-03	  0.3402E-01
  0.1360E+02	  0.2438E-03	  0.3489E-01
  0.1367E+02	  0.2290E-03	  0.3578E-01
  0.1375E+02	  0.2147E-03	  0.3670E-01
  0.1382E+02	  0.2010E-03	  0.3764E-01
  0.1389E+02	  0.1879E-03	  0.3862E-01
  0.1396E+02	  0.1754E-03	  0.3961E-01
  0.1403E+02	  0.1634E-03	  0.4059E-01
  0.1411E+02	  0.1520E-03	  0.4157E-01
  0.1418E+02	  0.1412E-03	  0.4255E-01
  0.1425E+02	  0.1310E-03	  0.4351E-01
  0.1432E+02	  0.1213E-03	  0.4447E-01
  0.1439E+02	  0.1121E-03	  0.4540E-01
  0.1446E+02	  0.1035E-03	  0.4632E-01
  0.1454E+02	  0.9542E-04	  0.4722E-01
  0.1461E+02	  0.8784E-04	  0.4809E-01
  0.1468E+02	  0.8076E-04	  0.4895E-01
  0.1475E+02	  0.7414E-04	  0.4978E-01
  0.1482E+02	  0.6799E-04	  0.5059E-01
  0.1490E+02	  0.6226E-04	  0.5137E-01
  0.1497E+02	  0.5695E-04	  0.5212E-01
  0.1504E+02	  0.5204E-04	  0.5285E-01
  0.1511E+02	  0.4750E-04	  0.5357E-01
  0.1518E+02	  0.4330E-04	  0.5429E-01
  0.1525E+02	  0.3943E-04	  0.5503E-01
  0.1533E+02	  0.3586E-04	  0.5577E-01
  0.1540E+02	  0.3258E-04	  0.5654E-01
  0.1547E+02	  0.2956E-04	  0.5732E-01
  0.1554E+02	  0.2679E-04	  0.5813E-01
  0.1561E+02	  0.2424E-04	  0.5898E-01
  0.1568E+02	  0.2191E-04	  0.5987E-01
  0.1576E+02	  0.1977E-04	  0.6081E-01
  0.1583E+02	  0.1782E-04	  0.6177E-01
  0.1590E+02	  0.1603E-04	  0.6271E-01
  0.1597E+02	  0.1441E-04	  0.6362E-01
  0.1604E+02	  0.1293E-04	  0.6450E-01
  0.1612E+02	  0.1158E-04	  0.6536E-01
  0.1619E+02	  0.1037E-04	  0.6621E-01
  0.1626E+02	  0.9265E-05	  0.6706E-01
  0.1633E+02	  0.8270E-05	  0.6791E-01
  0.1640E+02	  0.7372E-05	  0.6875E-01
  0.1647E+02	  0.6563E-05	  0.6959E-01
  0.1655E+02	  0.5836E-05	  0.7042E-01
  0.1662E+02	  0.5182E-05	  0.7125E-01
  0.1669E+02	  0.4596E-05	  0.7207E-01
  0.1676E+02	  0.4071E-05	  0.7287E-01
  0.1683E+02	  0.3602E-05	  0.7367E-01
  0.1691E+02	  0.3183E-05	  0.7445E-01
  0.1698E+02	  0.2810E-05	  0.7521E-01
  0.1705E+02	  0.2477E-05	  0.7596E-01
  0.1712E+02	  0.2181E-05	  0.7670E-01
  0.1719E+02	  0.1919E-05	  0.7744E-01
  0.1726E+02	  0.1686E-05	  0.7817E-01
  0.1734E+02	  0.1480E-05	  0.7890E-01
  0.1741E+02	  0.1297E-05	  0.7962E-01
  0.1748E+02	  0.1136E-05	  0.8034E-01
  0.1755E+02	  0.9937E-06	  0.8106E-01
  0.1762E+02	  0.8683E-06	  0.8177E-01
  0.1769E+02	  0.7578E-06	  0.8247E-01
  0.1777E+02	  0.6608E-06	  0.8316E-01
  0.1784E+02	  0.5755E-06	  0.8384E-01
  0.1791E+02	  0.5007E-06	  0.8450E-01
  0.1798E+02	  0.4353E-06	  0.8515E-01
  0.1805E+02	  0.3780E-06	  0.8578E-01
  0.1813E+02	  0.3280E-06	  0.8641E-01
  0.1820E+02	  0.2843E-06	  0.8703E-01
  0.1827E+02	  0.2462E-06	  0.8766E-01
  0.1834E+02	  0.2131E-06	  0.8828E-01
  0.1841E+02	  0.1842E-06	  0.8889E-01
  0.1848E+02	  0.1591E-06	  0.8951E-01
  0.1856E+02	  0.1373E-06	  0.9012E-01
  0.1863E+02	  0.1184E-06	  0.9073E-01
  0.1870E+02	  0.1020E-06	  0.9133E-01
  0.1877E+02	  0.8782E-07	  0.9192E-01
  0.1884E+02	  0.7554E-07	  0.9249E-01
  0.1892E+02	  0.6492E-07	  0.9306E-01
  0.1899E+02	  0.5575E-07	  0.9360E-01
  0.1906E+02	  0.4784E-07	  0.9414E-01
  0.1913E+02	  0.4102E-07	  0.9466E-01
  0.1920E+02	  0.3515E-07	  0.9519E-01
  0.1927E+02	  0.3009E-07	  0.9571E-01
  0.1935E+02	  0.2575E-07	  0.9623E-01
  0.1942E+02	  0.2201E-07	  0.9674E-01
  0.1949E+02	  0.1880E-07	  0.9726E-01
  0.1956E+02	  0.1605E-07	  0.9777E-01
  0.1963E+02	  0.1369E-07	  0.9829E-01
  0.1970E+02	  0.1167E-07	  0.9881E-01
  0.1978E+02	  0.9936E-08	  0.9933E-01
  0.1985E+02	  0.8455E-08	  0.9986E-01
  0.1992E+02	  0.7189E-08	  0.1004E+00
  0.1999E+02	  0.6109E-08	  0.1009E+00
  0.2006E+02	  0.5188E-08	  0.1015E+00
  0.2014E+02	  0.4404E-08	  0.1020E+00
  0.2021E+02	  0.3736E-08	  0.1025E+00
  0.2028E+02	  0.3167E-08	  0.1030E+00
  0.2035E+02	  0.2684E-08	  0.1035E+00
  0.2042E+02	  0.2273E-08	  0.1040E+00
  0.2049E+02	  0.1925E-08	  0.1045E+00
  0.2057E+02	  0.1628E-08	  0.1050E+00
  0.2064E+02	  0.1377E-08	  0.1054E+00
  0.2071E+02	  0.1164E-08	  0.1059E+00
  0.2078E+02	  0.9837E-09	  0.1064E+00
  0.2085E+02	  0.8308E-09	  0.1068E+00
  0.2093E+02	  0.7014E-09	  0.1073E+00
  0.2100E+02	  0.5919E-09	  0.1077E+00
  0.2107E+02	  0.4993E-09	  0.1082E+00
  0.2114E+02	  0.4210E-09	  0.1086E+00
  0.2121E+02	  0.3548E-09	  0.1090E+00
  0.2128E+02	  0.2989E-09	  0.1095E+00
  0.2136E+02	  0.2517E-09	  0.1099E+00
  0.2143E+02	  0.2119E-09	  0.1104E+00
  0.2150E+02	  0.1783E-09	  0.1108E+00
  0.2157E+02	  0.1499E-09	  0.1112E+00
  0.2164E+02	  0.1260E-09	  0.1117E+00
  0.2171E+02	  0.1059E-09	  0.1121E+00
  0.2179E+02	  0.8898E-10	  0.1125E+00
  0.2186E+02	  0.7472E-10	  0.1129E+00
  0.2193E+02	  0.6272E-10	  0.1133E+00
  0.2200E+02	  0.5263E-10	  0.1137E+00
  0.2207E+02	  0.4415E-10	  0.1140E+00
  0.2215E+02	  0.3703E-10	  0.1144E+00
  0.2222E+02	  0.3104E-10	  0.1147E+00
  0.2229E+02	  0.2602E-10	  0.1150E+00
  0.2236E+02	  0.2180E-10	  0.1154E+00
  0.2243E+02	  0.1826E-10	  0.1157E+00
  0.2250E+02	  0.1528E-10	  0.1161E+00
  0.2258E+02	  0.1279E-10	  0.1164E+00
  0.2265E+02	  0.1070E-10	  0.1168E+00
  0.2272E+02	  0.8953E-11	  0.1171E+00
  0.2279E+02	  0.7486E-11	  0.1175E+00
  0.2286E+02	  0.6257E-11	  0.1178E+00
  0.2293E+02	  0.5228E-11	  0.1182E+00
  0.2301E+02	  0.4368E-11	  0.1185E+00
  0.2308E+02	  0.3647E-11	  0.1188E+00
  0.2315E+02	  0.3045E-11	  0.1191E+00
  0.2322E+02	  0.2541E-11	  0.1194E+00
  0.2329E+02	  0.2120E-11	  0.1198E+00
  0.2337E+02	  0.1769E-11	  0.1201E+00
  0.2344E+02	  0.1475E-11	  0.1204E+00
  0.2351E+02	  0.1229E-11	  0.1207E+00
  0.2358E+02	  0.1024E-11	  0.1210E+00
  0.2365E+02	  0.8533E-12	  0.1213E+00
  0.2372E+02	  0.7107E-12	  0.1216E+00
  0.2380E+02	  0.5917E-12	  0.1219E+00
  0.2387E+02	  0.4925E-12	  0.1222E+00
  0.2394E+02	  0.4097E-12	  0.1225E+00
  0.2401E+02	  0.3408E-12	  0.1228E+00
  0.2408E+02	  0.2834E-12	  0.1231E+00
  0.2416E+02	  0.2356E-12	  0.1234E+00
  0.2423E+02	  0.1958E-12	  0.1237E+00
  0.2430E+02	  0.1626E-12	  0.1240E+00
  0.2437E+02	  0.1351E-12	  0.1243E+00
  0.2444E+02	  0.1121E-12	  0.1247E+00
  0.2451E+02	  0.9308E-13	  0.1250E+00
  0.2459E+02	  0.7723E-13	  0.1253E+00
  0.2466E+02	  0.6405E-13	  0.1256E+00
  0.2473E+02	  0.5311E-13	  0.1259E+00
  0.2480E+02	  0.4403E-13	  0.1262E+00
  0.2487E+02	  0.3649E-13	  0.1265E+00
  0.2494E+02	  0.3023E-13	  0.1268E+00
  0.2502E+02	  0.2504E-13	  0.1270E+00
  0.2509E+02	  0.2074E-13	  0.1273E+00
  0.2516E+02	  0.1717E-13	  0.1276E+00
  0.2523E+02	  0.1421E-13	  0.1279E+00
  0.2530E+02	  0.1176E-13	  0.1282E+00
  0.2538E+02	  0.9728E-14	  0.1286E+00
  0.2545E+02	  0.8047E-14	  0.1289E+00
  0.2552E+02	  0.6656E-14	  0.1292E+00
  0.2559E+02	  0.5503E-14	  0.1295E+00
  0.2566E+02	  0.4550E-14	  0.1299E+00
  0.2573E+02	  0.3761E-14	  0.1302E+00
  0.2581E+02	  0.3108E-14	  0.1305E+00
  0.2588E+02	  0.2568E-14	  0.1308E+00
  0.2595E+02	  0.2121E-14	  0.1311E+00
  0.2602E+02	  0.1752E-14	  0.1314E+00
  0.2609E+02	  0.1447E-14	  0.1317E+00
  0.2617E+02	  0.1195E-14	  0.1319E+00
  0.2624E+02	  0.9868E-15	  0.1322E+00
  0.2631E+02	  0.8146E-15	  0.1325E+00
  0.2638E+02	  0.6724E-15	  0.1328E+00
  0.2645E+02	  0.5549E-15	  0.1330E+00
  0.2652E+02	  0.4579E-15	  0.1333E+00
  0.2660E+02	  0.3778E-15	  0.1336E+00
  0.2667E+02	  0.3116E-15	  0.1338E+00
  0.2674E+02	  0.2570E-15	  0.1341E+00
  0.2681E+02	  0.2120E-15	  0.1343E+00
  0.2688E+02	  0.1748E-15	  0.1346E+00
  0.2695E+02	  0.1441E-15	  0.1349E+00
  0.2703E+02	  0.1188E-15	  0.1351E+00
  0.2710E+02	  0.9789E-16	  0.1354E+00
  0.2717E+02	  0.8066E-16	  0.1357E+00
  0.2724E+02	  0.6646E-16	  0.1359E+00
  0.2731E+02	  0.5475E-16	  0.1362E+00
  0.2739E+02	  0.4510E-16	  0.1364E+00
  0.2746E+02	  0.3714E-16	  0.1367E+00
  0.2753E+02	  0.3058E-16	  0.1369E+00
  0.2760E+02	  0.2518E-16	  0.1372E+00
  0.2767E+02	  0.2073E-16	  0.1375E+00
  0.2774E+02	  0.1706E-16	  0.1377E+00
  0.2782E+02	  0.1404E-16	  0.1380E+00
  0.2789E+02	  0.1155E-16	  0.1382E+00
  0.2796E+02	  0.9502E-17	  0.1385E+00
  0.2803E+02	  0.7815E-17	  0.1387E+00
  0.2810E+02	  0.6427E-17	  0.1390E+00
  0.2818E+02	  0.5285E-17	  0.1393E+00
  0.2825E+02	  0.4345E-17	  0.1395E+00
  0.2832E+02	  0.3571E-17	  0.1398E+00
  0.2839E+02	  0.2935E-17	  0.1401E+00
  0.2846E+02	  0.2412E-17	  0.1403E+00
  0.2853E+02	  0.1981E-17	  0.1406E+00
  0.2861E+02	  0.1628E-17	  0.1408E+00
  0.2868E+02	  0.1337E-17	  0.1411E+00
  0.2875E+02	  0.1098E-17	  0.1413E+00
  0.2882E+02	  0.9013E-18	  0.1416E+00
  0.2889E+02	  0.7398E-18	  0.1418E+00
  0.2896E+02	  0.6072E-18	  0.1421E+00
  0.2904E+02	  0.4983E-18	  0.1423E+00
  0.2911E+02	  0.4089E-18	  0.1426E+00
  0.2918E+02	  0.3354E-18	  0.1429E+00
  0.2925E+02	  0.2751E-18	  0.1431E+00
  0.2932E+02	  0.2256E-18	  0.1434E+00
  0.2940E+02	  0.1850E-18	  0.1436E+00
  0.2947E+02	  0.1517E-18	  0.1439E+00
  0.2954E+02	  0.1243E-18	  0.1441E+00
  0.2961E+02	  0.1019E-18	  0.1444E+00
  0.2968E+02	  0.8348E-19	  0.1446E+00
  0.2975E+02	  0.6839E-19	  0.1449E+00
  0.2983E+02	  0.5602E-19	  0.1451E+00
  0.2990E+02	  0.4589E-19	  0.1454E+00
  0.2997E+02	  0.3758E-19	  0.1456E+00
  0.3004E+02	  0.3077E-19	  0.1459E+00
  0.3011E+02	  0.2519E-19	  0.1462E+00
  0.3019E+02	  0.2062E-19	  0.1464E+00
  0.3026E+02	  0.1688E-19	  0.1467E+00
  0.3033E+02	  0.1381E-19	  0.1470E+00
  0.3040E+02	  0.1130E-19	  0.1472E+00
  0.3047E+02	  0.9252E-20	  0.1475E+00
  0.3054E+02	  0.7572E-20	  0.1478E+00
  0.3062E+02	  0.6196E-20	  0.1480E+00
  0.3069E+02	  0.5070E-20	  0.1483E+00
  0.3076E+02	  0.4149E-20	  0.1486E+00
  0.3083E+02	  0.3395E-20	  0.1488E+00
  0.3090E+02	  0.2777E-20	  0.1491E+00
  0.3097E+02	  0.2272E-20	  0.1493E+00
  0.3105E+02	  0.1859E-20	  0.1496E+00
  0.3112E+02	  0.1521E-20	  0.1499E+00
  0.3119E+02	  0.1244E-20	  0.1501E+00
  0.3126E+02	  0.1017E-20	  0.1504E+00
  0.3133E+02	  0.8322E-21	  0.1507E+00
  0.3141E+02	  0.6806E-21	  0.1509E+00
  0.3148E+02	  0.5566E-21	  0.1512E+00
  0.3155E+02	  0.4552E-21	  0.1514E+00
  0.3162E+02	  0.3723E-21	  0.1517E+00
  0.3169E+02	  0.3044E-21	  0.1520E+00
  0.3176E+02	  0.2489E-21	  0.1522E+00
  0.3184E+02	  0.2035E-21	  0.1525E+00
  0.3191E+02	  0.1664E-21	  0.1527E+00
  0.3198E+02	  0.1360E-21	  0.1530E+00
  0.3205E+02	  0.1112E-21	  0.1532E+00
  0.3212E+02	  0.9092E-22	  0.1535E+00
  0.3220E+02	  0.7432E-22	  0.1537E+00
  0.3227E+02	  0.6076E-22	  0.1539E+00
  0.3234E+02	  0.4966E-22	  0.1542E+00
  0.3241E+02	  0.4059E-22	  0.1544E+00
  0.3248E+02	  0.3318E-22	  0.1547E+00
  0.3255E+02	  0.2711E-22	  0.1549E+00
  0.3263E+02	  0.2216E-22	  0.1552E+00
  0.3270E+02	  0.1811E-22	  0.1554E+00
  0.3277E+02	  0.1480E-22	  0.1556E+00
  0.3284E+02	  0.1209E-22	  0.1559E+00
  0.3291E+02	  0.9881E-23	  0.1561E+00
  0.3298E+02	  0.8073E-23	  0.1564E+00
  0.3306E+02	  0.6596E-23	  0.1566E+00
  0.3313E+02	  0.5389E-23	  0.1568E+00
  0.3320E+02	  0.4403E-23	  0.1571E+00
  0.3327E+02	  0.3597E-23	  0.1573E+00
  0.3334E+02	  0.2938E-23	  0.1575E+00
  0.3342E+02	  0.2400E-23	  0.1578E+00
  0.3349E+02	  0.1960E-23	  0.1580E+00
  0.3356E+02	  0.1601E-23	  0.1582E+00
  0.3363E+02	  0.1308E-23	  0.1585E+00
  0.3370E+02	  0.1068E-23	  0.1587E+00
  0.3377E+02	  0.8722E-24	  0.1589E+00
  0.3385E+02	  0.7123E-24	  0.1591E+00
  0.3392E+02	  0.5817E-24	  0.1594E+00
  0.3399E+02	  0.4750E-24	  0.1596E+00

R34 
------------------------------------------------------------
Electric field / N (Td)                    250.0    
Angular frequency / N (m3/s)              0.1938E-11
Cosine of E-B field angle                  0.000    
Gas temperature (K)                        800.0    
Excitation temperature (K)                 300.0    
Transition energy (eV)                     0.000    
Ionization degree                          0.000    
Plasma density (1/m3)                     0.1000E+19
Ion charge parameter                       1.000    
Ion/neutral mass ratio                     1.000    
Coulomb collision model                    1.000    
Energy sharing                             0.000    
Growth model                               1.000    
Maxwellian mean energy (eV)                0.000    
# of grid points                           500.0    
Grid type                                  1.000    
Maximum energy                             30.00    
Precision                                 0.1000E-24
Convergence                               0.1000E-03
Maximum # of iterations                   0.2000E+05
Mole fraction Ar                           1.000    
------------------------------------------------------------
Mean energy (eV)                           1.801    
Mobility *N (1/m/V/s)                     0.1082E+27
Re/perp mobility *N (1/m/V/s)             0.2901E+22
Im/Hall mobility *N (1/m/V/s)            -0.9078E+23
Diffusion coefficient *N (1/m/s)          0.2458E+26
Energy mobility *N (1/m/V/s)              0.2029E+26
Energy diffusion coef. *N (1/m/s)         0.9768E+25
Total collision freq. /N (m3/s)           0.3248E-13
Momentum frequency /N (m3/s)              0.6201E-13
Total ionization freq. /N (m3/s)          0.2594E-18
Power /N (eV m3/s)                        0.1813E-15
Elastic power loss /N (eV m3/s)           0.5311E-17
Inelastic power loss /N (eV m3/s)         0.1755E-15
Growth power /N (eV m3/s)                 0.4673E-18
Maximum energy                             42.94    
# of iterations                            18.00    
# of grid trials                           3.000    
------------------------------------------------------------
Rate coefficients (m3/s)
C1    Ar    Elastic                       0.3247E-13
C2    Ar    Excitation    11.55 eV        0.3391E-17
C3    Ar    Excitation    11.62 eV        0.2812E-17
C4    Ar    Excitation    11.72 eV        0.5655E-18
C5    Ar    Excitation    11.83 eV        0.3706E-17
C6    Ar    Excitation    12.91 eV        0.3151E-18
C7    Ar    Excitation    13.08 eV        0.3049E-18
C8    Ar    Excitation    13.10 eV        0.2070E-18
C9    Ar    Excitation    13.15 eV        0.1303E-18
C10   Ar    Excitation    13.17 eV        0.1948E-18
C11   Ar    Excitation    13.27 eV        0.6234E-19
C12   Ar    Excitation    13.28 eV        0.1212E-18
C13   Ar    Excitation    13.30 eV        0.8972E-19
C14   Ar    Excitation    13.33 eV        0.9944E-19
C15   Ar    Excitation    13.48 eV        0.1986E-18
C16   Ar    Excitation    13.85 eV        0.1076E-18
C17   Ar    Excitation    13.86 eV        0.5017E-18
C18   Ar    Excitation    13.90 eV        0.2903E-18
C19   Ar    Excitation    13.98 eV        0.3411E-18
C20   Ar    Excitation    14.01 eV        0.1026E-18
C21   Ar    Excitation    14.06 eV        0.1013E-18
C22   Ar    Excitation    14.07 eV        0.1010E-18
C23   Ar    Excitation    14.09 eV        0.7992E-20
C24   Ar    Excitation    14.10 eV        0.1505E-19
C25   Ar    Excitation    14.15 eV        0.2094E-19
C26   Ar    Excitation    14.21 eV        0.1327E-18
C27   Ar    Excitation    14.23 eV        0.8665E-19
C28   Ar    Excitation    14.24 eV        0.2142E-19
C29   Ar    Excitation    14.24 eV        0.1870E-19
C30   Ar    Excitation    14.26 eV        0.2667E-20
C31   Ar    Excitation    14.30 eV        0.2070E-19
C32   Ar    Excitation    14.71 eV        0.2266E-21
C33   Ar    Excitation    14.85 eV        0.1379E-20
C34   Ar    Excitation    14.86 eV        0.4555E-20
C35   Ar    Excitation    15.00 eV        0.1555E-20
C36   Ar    Excitation    15.02 eV        0.1589E-20
C37   Ar    Excitation    15.12 eV        0.2529E-21
C38   Ar    Excitation    15.19 eV        0.2348E-20
C39   Ar    Excitation    15.19 eV        0.2332E-20
C40   Ar    Excitation    15.31 eV        0.3371E-22
C41   Ar    Excitation    15.35 eV        0.2133E-22
C42   Ar    Excitation    15.36 eV        0.3048E-22
C43   Ar    Excitation    15.37 eV        0.5300E-21
C44   Ar    Excitation    15.37 eV        0.1166E-20
C45   Ar    Excitation    15.66 eV        0.3353E-20
C46   Ar    Ionization    15.76 eV        0.2594E-18
------------------------------------------------------------
Energy (eV) EEDF (eV-3/2) Anisotropy
  0.4294E-01	  0.4128E+01	  0.2681E-04
  0.1288E+00	  0.3488E+01	  0.3059E-04
  0.2147E+00	  0.2317E+01	  0.3815E-04
  0.3006E+00	  0.1187E+01	  0.6871E-04
  0.3865E+00	  0.7573E+00	  0.1041E-03
  0.4724E+00	  0.5663E+00	  0.1360E-03
  0.5582E+00	  0.4585E+00	  0.1679E-03
  0.6441E+00	  0.3875E+00	  0.2019E-03
  0.7300E+00	  0.3360E+00	  0.2390E-03
  0.8159E+00	  0.2963E+00	  0.2794E-03
  0.9018E+00	  0.2644E+00	  0.3232E-03
  0.9876E+00	  0.2382E+00	  0.3701E-03
  0.1074E+01	  0.2160E+00	  0.4198E-03
  0.1159E+01	  0.1965E+00	  0.4722E-03
  0.1245E+01	  0.1793E+00	  0.5271E-03
  0.1331E+01	  0.1640E+00	  0.5831E-03
  0.1417E+01	  0.1504E+00	  0.6392E-03
  0.1503E+01	  0.1383E+00	  0.6981E-03
  0.1589E+01	  0.1275E+00	  0.7568E-03
  0.1675E+01	  0.1178E+00	  0.8123E-03
  0.1761E+01	  0.1091E+00	  0.8678E-03
  0.1846E+01	  0.1013E+00	  0.9255E-03
  0.1932E+01	  0.9427E-01	  0.9861E-03
  0.2018E+01	  0.8783E-01	  0.1049E-02
  0.2104E+01	  0.8197E-01	  0.1115E-02
  0.2190E+01	  0.7664E-01	  0.1182E-02
  0.2276E+01	  0.7176E-01	  0.1252E-02
  0.2362E+01	  0.6729E-01	  0.1323E-02
  0.2448E+01	  0.6318E-01	  0.1397E-02
  0.2534E+01	  0.5939E-01	  0.1473E-02
  0.2619E+01	  0.5590E-01	  0.1550E-02
  0.2705E+01	  0.5267E-01	  0.1628E-02
  0.2791E+01	  0.4968E-01	  0.1708E-02
  0.2877E+01	  0.4691E-01	  0.1789E-02
  0.2963E+01	  0.4434E-01	  0.1872E-02
  0.3049E+01	  0.4195E-01	  0.1955E-02
  0.3135E+01	  0.3972E-01	  0.2039E-02
  0.3221E+01	  0.3763E-01	  0.2125E-02
  0.3306E+01	  0.3569E-01	  0.2212E-02
  0.3392E+01	  0.3387E-01	  0.2300E-02
  0.3478E+01	  0.3217E-01	  0.2389E-02
  0.3564E+01	  0.3057E-01	  0.2478E-02
  0.3650E+01	  0.2907E-01	  0.2569E-02
  0.3736E+01	  0.2766E-01	  0.2661E-02
  0.3822E+01	  0.2634E-01	  0.2754E-02
  0.3908E+01	  0.2510E-01	  0.2848E-02
  0.3994E+01	  0.2393E-01	  0.2943E-02
  0.4079E+01	  0.2282E-01	  0.3039E-02
  0.4165E+01	  0.2179E-01	  0.3136E-02
  0.4251E+01	  0.2082E-01	  0.3233E-02
  0.4337E+01	  0.1991E-01	  0.3330E-02
  0.4423E+01	  0.1905E-01	  0.3428E-02
  0.4509E+01	  0.1824E-01	  0.3526E-02
  0.4595E+01	  0.1747E-01	  0.3625E-02
  0.4681E+01	  0.1675E-01	  0.3724E-02
  0.4766E+01	  0.1607E-01	  0.3824E-02
  0.4852E+01	  0.1543E-01	  0.3924E-02
  0.4938E+01	  0.1482E-01	  0.4025E-02
  0.5024E+01	  0.1424E-01	  0.4126E-02
  0.5110E+01	  0.1369E-01	  0.4228E-02
  0.5196E+01	  0.1317E-01	  0.4330E-02
  0.5282E+01	  0.1268E-01	  0.4433E-02
  0.5368E+01	  0.1221E-01	  0.4537E-02
  0.5454E+01	  0.1177E-01	  0.4641E-02
  0.5539E+01	  0.1135E-01	  0.4746E-02
  0.5625E+01	  0.1094E-01	  0.4851E-02
  0.5711E+01	  0.1056E-01	  0.4958E-02
  0.5797E+01	  0.1020E-01	  0.5065E-02
  0.5883E+01	  0.9846E-02	  0.5173E-02
  0.5969E+01	  0.9513E-02	  0.5281E-02
  0.6055E+01	  0.9195E-02	  0.5391E-02
  0.6141E+01	  0.8891E-02	  0.5502E-02
  0.6226E+01	  0.8600E-02	  0.5614E-02
  0.6312E+01	  0.8320E-02	  0.5727E-02
  0.6398E+01	  0.8053E-02	  0.5841E-02
  0.6484E+01	  0.7796E-02	  0.5957E-02
  0.6570E+01	  0.7550E-02	  0.6074E-02
  0.6656E+01	  0.7313E-02	  0.6193E-02
  0.6742E+01	  0.7086E-02	  0.6313E-02
  0.6828E+01	  0.6868E-02	  0.6435E-02
  0.6914E+01	  0.6658E-02	  0.6558E-02
  0.6999E+01	  0.6456E-02	  0.6683E-02
  0.7085E+01	  0.6261E-02	  0.6810E-02
  0.7171E+01	  0.6073E-02	  0.6938E-02
  0.7257E+01	  0.5891E-02	  0.7069E-02
  0.7343E+01	  0.5716E-02	  0.7202E-02
  0.7429E+01	  0.5546E-02	  0.7338E-02
  0.7515E+01	  0.5382E-02	  0.7476E-02
  0.7601E+01	  0.5224E-02	  0.7617E-02
  0.7686E+01	  0.5071E-02	  0.7761E-02
  0.7772E+01	  0.4922E-02	  0.7908E-02
  0.7858E+01	  0.4779E-02	  0.8058E-02
  0.7944E+01	  0.4640E-02	  0.8210E-02
  0.8030E+01	  0.4505E-02	  0.8366E-02
  0.8116E+01	  0.4374E-02	  0.8526E-02
  0.8202E+01	  0.4248E-02	  0.8688E-02
  0.8288E+01	  0.4125E-02	  0.8855E-02
  0.8374E+01	  0.4006E-02	  0.9025E-02
  0.8459E+01	  0.3890E-02	  0.9199E-02
  0.8545E+01	  0.3778E-02	  0.9377E-02
  0.8631E+01	  0.3669E-02	  0.9560E-02
  0.8717E+01	  0.3564E-02	  0.9746E-02
  0.8803E+01	  0.3461E-02	  0.9938E-02
  0.8889E+01	  0.3361E-02	  0.1013E-01
  0.8975E+01	  0.3264E-02	  0.1034E-01
  0.9061E+01	  0.3169E-02	  0.1054E-01
  0.9146E+01	  0.3077E-02	  0.1075E-01
  0.9232E+01	  0.2988E-02	  0.1097E-01
  0.9318E+01	  0.2901E-02	  0.1119E-01
  0.9404E+01	  0.2816E-02	  0.1143E-01
  0.9490E+01	  0.2734E-02	  0.1166E-01
  0.9576E+01	  0.2653E-02	  0.1191E-01
  0.9662E+01	  0.2575E-02	  0.1216E-01
  0.9748E+01	  0.2498E-02	  0.1242E-01
  0.9834E+01	  0.2424E-02	  0.1268E-01
  0.9919E+01	  0.2351E-02	  0.1296E-01
  0.1001E+02	  0.2280E-02	  0.1325E-01
  0.1009E+02	  0.2211E-02	  0.1354E-01
  0.1018E+02	  0.2143E-02	  0.1384E-01
  0.1026E+02	  0.2076E-02	  0.1416E-01
  0.1035E+02	  0.2011E-02	  0.1449E-01
  0.1043E+02	  0.1947E-02	  0.1484E-01
  0.1052E+02	  0.1884E-02	  0.1520E-01
  0.1061E+02	  0.1823E-02	  0.1558E-01
  0.1069E+02	  0.1762E-02	  0.1597E-01
  0.1078E+02	  0.1703E-02	  0.1639E-01
  0.1086E+02	  0.1644E-02	  0.1682E-01
  0.1095E+02	  0.1587E-02	  0.1728E-01
  0.1104E+02	  0.1530E-02	  0.1777E-01
  0.1112E+02	  0.1474E-02	  0.1829E-01
  0.1121E+02	  0.1419E-02	  0.1884E-01
  0.1129E+02	  0.1365E-02	  0.1943E-01
  0.1138E+02	  0.1311E-02	  0.2005E-01
  0.1147E+02	  0.1259E-02	  0.2072E-01
  0.1155E+02	  0.1207E-02	  0.2142E-01
  0.1164E+02	  0.1156E-02	  0.2209E-01
  0.1172E+02	  0.1106E-02	  0.2270E-01
  0.1181E+02	  0.1057E-02	  0.2327E-01
  0.1189E+02	  0.1010E-02	  0.2381E-01
  0.1198E+02	  0.9636E-03	  0.2437E-01
  0.1207E+02	  0.9190E-03	  0.2499E-01
  0.1215E+02	  0.8755E-03	  0.2563E-01
  0.1224E+02	  0.8334E-03	  0.2627E-01
  0.1232E+02	  0.7926E-03	  0.2687E-01
  0.1241E+02	  0.7533E-03	  0.2744E-01
  0.1250E+02	  0.7153E-03	  0.2797E-01
  0.1258E+02	  0.6789E-03	  0.2846E-01
  0.1267E+02	  0.6439E-03	  0.2891E-01
  0.1275E+02	  0.6103E-03	  0.2935E-01
  0.1284E+02	  0.5782E-03	  0.2981E-01
  0.1293E+02	  0.5473E-03	  0.3032E-01
  0.1301E+02	  0.5176E-03	  0.3081E-01
  0.1310E+02	  0.4893E-03	  0.3125E-01
  0.1318E+02	  0.4621E-03	  0.3182E-01
  0.1327E+02	  0.4360E-03	  0.3255E-01
  0.1335E+02	  0.4108E-03	  0.3346E-01
  0.1344E+02	  0.3864E-03	  0.3445E-01
  0.1353E+02	  0.3629E-03	  0.3544E-01
  0.1361E+02	  0.3403E-03	  0.3646E-01
  0.1370E+02	  0.3185E-03	  0.3751E-01
  0.1378E+02	  0.2976E-03	  0.3859E-01
  0.1387E+02	  0.2776E-03	  0.3972E-01
  0.1396E+02	  0.2584E-03	  0.4086E-01
  0.1404E+02	  0.2401E-03	  0.4200E-01
  0.1413E+02	  0.2228E-03	  0.4313E-01
  0.1421E+02	  0.2062E-03	  0.4425E-01
  0.1430E+02	  0.1906E-03	  0.4536E-01
  0.1439E+02	  0.1759E-03	  0.4645E-01
  0.1447E+02	  0.1620E-03	  0.4752E-01
  0.1456E+02	  0.1489E-03	  0.4855E-01
  0.1464E+02	  0.1367E-03	  0.4956E-01
  0.1473E+02	  0.1253E-03	  0.5055E-01
  0.1481E+02	  0.1147E-03	  0.5150E-01
  0.1490E+02	  0.1048E-03	  0.5242E-01
  0.1499E+02	  0.9565E-04	  0.5331E-01
  0.1507E+02	  0.8717E-04	  0.5417E-01
  0.1516E+02	  0.7933E-04	  0.5504E-01
  0.1524E+02	  0.7210E-04	  0.5592E-01
  0.1533E+02	  0.6544E-04	  0.5682E-01
  0.1542E+02	  0.5931E-04	  0.5774E-01
  0.1550E+02	  0.5367E-04	  0.5869E-01
  0.1559E+02	  0.4849E-04	  0.5968E-01
  0.1567E+02	  0.4375E-04	  0.6072E-01
  0.1576E+02	  0.3940E-04	  0.6182E-01
  0.1585E+02	  0.3542E-04	  0.6294E-01
  0.1593E+02	  0.3178E-04	  0.6403E-01
  0.1602E+02	  0.2848E-04	  0.6507E-01
  0.1610E+02	  0.2548E-04	  0.6609E-01
  0.1619E+02	  0.2276E-04	  0.6710E-01
  0.1627E+02	  0.2029E-04	  0.6810E-01
  0.1636E+02	  0.1807E-04	  0.6909E-01
  0.1645E+02	  0.1607E-04	  0.7008E-01
  0.1653E+02	  0.1426E-04	  0.7106E-01
  0.1662E+02	  0.1264E-04	  0.7204E-01
  0.1670E+02	  0.1119E-04	  0.7300E-01
  0.1679E+02	  0.9890E-05	  0.7394E-01
  0.1688E+02	  0.8729E-05	  0.7487E-01
  0.1696E+02	  0.7693E-05	  0.7577E-01
  0.1705E+02	  0.6771E-05	  0.7666E-01
  0.1713E+02	  0.5951E-05	  0.7754E-01
  0.1722E+02	  0.5224E-05	  0.7841E-01
  0.1731E+02	  0.4579E-05	  0.7927E-01
  0.1739E+02	  0.4009E-05	  0.8013E-01
  0.1748E+02	  0.3505E-05	  0.8098E-01
  0.1756E+02	  0.3060E-05	  0.8182E-01
  0.1765E+02	  0.2669E-05	  0.8265E-01
  0.1773E+02	  0.2324E-05	  0.8347E-01
  0.1782E+02	  0.2021E-05	  0.8428E-01
  0.1791E+02	  0.1756E-05	  0.8506E-01
  0.1799E+02	  0.1524E-05	  0.8583E-01
  0.1808E+02	  0.1321E-05	  0.8658E-01
  0.1816E+02	  0.1144E-05	  0.8732E-01
  0.1825E+02	  0.9892E-06	  0.8806E-01
  0.1834E+02	  0.8547E-06	  0.8879E-01
  0.1842E+02	  0.7377E-06	  0.8953E-01
  0.1851E+02	  0.6360E-06	  0.9025E-01
  0.1859E+02	  0.5478E-06	  0.9097E-01
  0.1868E+02	  0.4714E-06	  0.9168E-01
  0.1877E+02	  0.4052E-06	  0.9238E-01
  0.1885E+02	  0.3480E-06	  0.9306E-01
  0.1894E+02	  0.2985E-06	  0.9372E-01
  0.1902E+02	  0.2559E-06	  0.9436E-01
  0.1911E+02	  0.2191E-06	  0.9499E-01
  0.1919E+02	  0.1875E-06	  0.9561E-01
  0.1928E+02	  0.1603E-06	  0.9623E-01
  0.1937E+02	  0.1369E-06	  0.9685E-01
  0.1945E+02	  0.1168E-06	  0.9747E-01
  0.1954E+02	  0.9959E-07	  0.9808E-01
  0.1962E+02	  0.8483E-07	  0.9870E-01
  0.1971E+02	  0.7218E-07	  0.9932E-01
  0.1980E+02	  0.6137E-07	  0.9994E-01
  0.1988E+02	  0.5212E-07	  0.1006E+00
  0.1997E+02	  0.4424E-07	  0.1012E+00
  0.2005E+02	  0.3751E-07	  0.1019E+00
  0.2014E+02	  0.3179E-07	  0.1025E+00
  0.2023E+02	  0.2693E-07	  0.1031E+00
  0.2031E+02	  0.2279E-07	  0.1037E+00
  0.2040E+02	  0.1928E-07	  0.1043E+00
  0.2048E+02	  0.1630E-07	  0.1048E+00
  0.2057E+02	  0.1377E-07	  0.1054E+00
  0.2065E+02	  0.1163E-07	  0.1060E+00
  0.2074E+02	  0.9814E-08	  0.1065E+00
  0.2083E+02	  0.8278E-08	  0.1071E+00
  0.2091E+02	  0.6979E-08	  0.1076E+00
  0.2100E+02	  0.5881E-08	  0.1081E+00
  0.2108E+02	  0.4953E-08	  0.1087E+00
  0.2117E+02	  0.4169E-08	  0.1092E+00
  0.2126E+02	  0.3508E-08	  0.1097E+00
  0.2134E+02	  0.2950E-08	  0.1102E+00
  0.2143E+02	  0.2480E-08	  0.1107E+00
  0.2151E+02	  0.2083E-08	  0.1113E+00
  0.2160E+02	  0.1749E-08	  0.1118E+00
  0.2169E+02	  0.1468E-08	  0.1123E+00
  0.2177E+02	  0.1232E-08	  0.1128E+00
  0.2186E+02	  0.1033E-08	  0.1133E+00
  0.2194E+02	  0.8659E-09	  0.1137E+00
  0.2203E+02	  0.7255E-09	  0.1141E+00
  0.2211E+02	  0.6077E-09	  0.1145E+00
  0.2220E+02	  0.5088E-09	  0.1150E+00
  0.2229E+02	  0.4259E-09	  0.1154E+00
  0.2237E+02	  0.3563E-09	  0.1158E+00
  0.2246E+02	  0.2980E-09	  0.1162E+00
  0.2254E+02	  0.2491E-09	  0.1166E+00
  0.2263E+02	  0.2081E-09	  0.1170E+00
  0.2272E+02	  0.1739E-09	  0.1175E+00
  0.2280E+02	  0.1452E-09	  0.1179E+00
  0.2289E+02	  0.1212E-09	  0.1183E+00
  0.2297E+02	  0.1011E-09	  0.1187E+00
  0.2306E+02	  0.8432E-10	  0.1190E+00
  0.2315E+02	  0.7030E-10	  0.1194E+00
  0.2323E+02	  0.5859E-10	  0.1198E+00
  0.2332E+02	  0.4882E-10	  0.1202E+00
  0.2340E+02	  0.4066E-10	  0.1205E+00
  0.2349E+02	  0.3385E-10	  0.1209E+00
  0.2357E+02	  0.2817E-10	  0.1213E+00
  0.2366E+02	  0.2344E-10	  0.1216E+00
  0.2375E+02	  0.1949E-10	  0.1220E+00
  0.2383E+02	  0.1620E-10	  0.1224E+00
  0.2392E+02	  0.1346E-10	  0.1227E+00
  0.2400E+02	  0.1118E-10	  0.1231E+00
  0.2409E+02	  0.9288E-11	  0.1235E+00
  0.2418E+02	  0.7710E-11	  0.1238E+00
  0.2426E+02	  0.6397E-11	  0.1242E+00
  0.2435E+02	  0.5307E-11	  0.1245E+00
  0.2443E+02	  0.4400E-11	  0.1249E+00
  0.2452E+02	  0.3647E-11	  0.1253E+00
  0.2461E+02	  0.3022E-11	  0.1256E+00
  0.2469E+02	  0.2503E-11	  0.1260E+00
  0.2478E+02	  0.2072E-11	  0.1264E+00
  0.2486E+02	  0.1715E-11	  0.1267E+00
  0.2495E+02	  0.1419E-11	  0.1271E+00
  0.2503E+02	  0.1174E-11	  0.1274E+00
  0.2512E+02	  0.9705E-12	  0.1278E+00
  0.2521E+02	  0.8022E-12	  0.1281E+00
  0.2529E+02	  0.6630E-12	  0.1285E+00
  0.2538E+02	  0.5478E-12	  0.1289E+00
  0.2546E+02	  0.4525E-12	  0.1293E+00
  0.2555E+02	  0.3737E-12	  0.1296E+00
  0.2564E+02	  0.3086E-12	  0.1300E+00
  0.2572E+02	  0.2547E-12	  0.1304E+00
  0.2581E+02	  0.2102E-12	  0.1308E+00
  0.2589E+02	  0.1735E-12	  0.1312E+00
  0.2598E+02	  0.1431E-12	  0.1315E+00
  0.2607E+02	  0.1180E-12	  0.1318E+00
  0.2615E+02	  0.9735E-13	  0.1322E+00
  0.2624E+02	  0.8027E-13	  0.1325E+00
  0.2632E+02	  0.6618E-13	  0.1328E+00
  0.2641E+02	  0.5455E-13	  0.1331E+00
  0.2649E+02	  0.4495E-13	  0.1334E+00
  0.2658E+02	  0.3704E-13	  0.1338E+00
  0.2667E+02	  0.3052E-13	  0.1341E+00
  0.2675E+02	  0.2514E-13	  0.1344E+00
  0.2684E+02	  0.2070E-13	  0.1347E+00
  0.2692E+02	  0.1704E-13	  0.1350E+00
  0.2701E+02	  0.1403E-13	  0.1353E+00
  0.2710E+02	  0.1155E-13	  0.1356E+00
  0.2718E+02	  0.9505E-14	  0.1359E+00
  0.2727E+02	  0.7821E-14	  0.1363E+00
  0.2735E+02	  0.6434E-14	  0.1366E+00
  0.2744E+02	  0.5292E-14	  0.1369E+00
  0.2753E+02	  0.4352E-14	  0.1372E+00
  0.2761E+02	  0.3578E-14	  0.1375E+00
  0.2770E+02	  0.2941E-14	  0.1378E+00
  0.2778E+02	  0.2418E-14	  0.1381E+00
  0.2787E+02	  0.1987E-14	  0.1384E+00
  0.2795E+02	  0.1632E-14	  0.1387E+00
  0.2804E+02	  0.1341E-14	  0.1390E+00
  0.2813E+02	  0.1101E-14	  0.1393E+00
  0.2821E+02	  0.9041E-15	  0.1397E+00
  0.2830E+02	  0.7422E-15	  0.1400E+00
  0.2838E+02	  0.6092E-15	  0.1403E+00
  0.2847E+02	  0.4999E-15	  0.1406E+00
  0.2856E+02	  0.4102E-15	  0.1409E+00
  0.2864E+02	  0.3365E-15	  0.1412E+00
  0.2873E+02	  0.2760E-15	  0.1415E+00
  0.2881E+02	  0.2263E-15	  0.1418E+00
  0.2890E+02	  0.1855E-15	  0.1421E+00
  0.2899E+02	  0.1521E-15	  0.1424E+00
  0.2907E+02	  0.1246E-15	  0.1427E+00
  0.2916E+02	  0.1021E-15	  0.1430E+00
  0.2924E+02	  0.8364E-16	  0.1433E+00
  0.2933E+02	  0.6850E-16	  0.1436E+00
  0.2941E+02	  0.5609E-16	  0.1439E+00
  0.2950E+02	  0.4592E-16	  0.1442E+00
  0.2959E+02	  0.3759E-16	  0.1445E+00
  0.2967E+02	  0.3076E-16	  0.1448E+00
  0.2976E+02	  0.2517E-16	  0.1451E+00
  0.2984E+02	  0.2059E-16	  0.1454E+00
  0.2993E+02	  0.1684E-16	  0.1457E+00
  0.3002E+02	  0.1377E-16	  0.1460E+00
  0.3010E+02	  0.1126E-16	  0.1464E+00
  0.3019E+02	  0.9204E-17	  0.1467E+00
  0.3027E+02	  0.7524E-17	  0.1470E+00
  0.3036E+02	  0.6150E-17	  0.1473E+00
  0.3045E+02	  0.5027E-17	  0.1476E+00
  0.3053E+02	  0.4108E-17	  0.1480E+00
  0.3062E+02	  0.3358E-17	  0.1483E+00
  0.3070E+02	  0.2744E-17	  0.1486E+00
  0.3079E+02	  0.2242E-17	  0.1489E+00
  0.3087E+02	  0.1832E-17	  0.1492E+00
  0.3096E+02	  0.1497E-17	  0.1495E+00
  0.3105E+02	  0.1223E-17	  0.1499E+00
  0.3113E+02	  0.9992E-18	  0.1502E+00
  0.3122E+02	  0.8163E-18	  0.1505E+00
  0.3130E+02	  0.6668E-18	  0.1508E+00
  0.3139E+02	  0.5446E-18	  0.1511E+00
  0.3148E+02	  0.4449E-18	  0.1514E+00
  0.3156E+02	  0.3633E-18	  0.1517E+00
  0.3165E+02	  0.2967E-18	  0.1520E+00
  0.3173E+02	  0.2423E-18	  0.1523E+00
  0.3182E+02	  0.1979E-18	  0.1526E+00
  0.3191E+02	  0.1616E-18	  0.1529E+00
  0.3199E+02	  0.1319E-18	  0.1532E+00
  0.3208E+02	  0.1077E-18	  0.1535E+00
  0.3216E+02	  0.8794E-19	  0.1538E+00
  0.3225E+02	  0.7180E-19	  0.1541E+00
  0.3233E+02	  0.5861E-19	  0.1544E+00
  0.3242E+02	  0.4784E-19	  0.1547E+00
  0.3251E+02	  0.3905E-19	  0.1550E+00
  0.3259E+02	  0.3188E-19	  0.1553E+00
  0.3268E+02	  0.2602E-19	  0.1556E+00
  0.3276E+02	  0.2123E-19	  0.1558E+00
  0.3285E+02	  0.1733E-19	  0.1561E+00
  0.3294E+02	  0.1414E-19	  0.1564E+00
  0.3302E+02	  0.1154E-19	  0.1567E+00
  0.3311E+02	  0.9415E-20	  0.1570E+00
  0.3319E+02	  0.7682E-20	  0.1573E+00
  0.3328E+02	  0.6268E-20	  0.1576E+00
  0.3337E+02	  0.5113E-20	  0.1578E+00
  0.3345E+02	  0.4172E-20	  0.1581E+00
  0.3354E+02	  0.3403E-20	  0.1584E+00
  0.3362E+02	  0.2776E-20	  0.1587E+00
  0.3371E+02	  0.2264E-20	  0.1589E+00
  0.3379E+02	  0.1847E-20	  0.1592E+00
  0.3388E+02	  0.1506E-20	  0.1595E+00
  0.3397E+02	  0.1229E-20	  0.1597E+00
  0.3405E+02	  0.1002E-20	  0.1600E+00
  0.3414E+02	  0.8171E-21	  0.1602E+00
  0.3422E+02	  0.6664E-21	  0.1605E+00
  0.3431E+02	  0.5434E-21	  0.1607E+00
  0.3440E+02	  0.4431E-21	  0.1610E+00
  0.3448E+02	  0.3613E-21	  0.1612E+00
  0.3457E+02	  0.2946E-21	  0.1614E+00
  0.3465E+02	  0.2402E-21	  0.1617E+00
  0.3474E+02	  0.1958E-21	  0.1619E+00
  0.3483E+02	  0.1597E-21	  0.1622E+00
  0.3491E+02	  0.1302E-21	  0.1624E+00
  0.3500E+02	  0.1061E-21	  0.1627E+00
  0.3508E+02	  0.8650E-22	  0.1629E+00
  0.3517E+02	  0.7050E-22	  0.1632E+00
  0.3525E+02	  0.5747E-22	  0.1634E+00
  0.3534E+02	  0.4684E-22	  0.1637E+00
  0.3543E+02	  0.3817E-22	  0.1639E+00
  0.3551E+02	  0.3111E-22	  0.1641E+00
  0.3560E+02	  0.2535E-22	  0.1644E+00
  0.3568E+02	  0.2066E-22	  0.1646E+00
  0.3577E+02	  0.1684E-22	  0.1648E+00
  0.3586E+02	  0.1372E-22	  0.1651E+00
  0.3594E+02	  0.1118E-22	  0.1653E+00
  0.3603E+02	  0.9109E-23	  0.1655E+00
  0.3611E+02	  0.7423E-23	  0.1656E+00
  0.3620E+02	  0.6048E-23	  0.1658E+00
  0.3629E+02	  0.4928E-23	  0.1660E+00
  0.3637E+02	  0.4016E-23	  0.1662E+00
  0.3646E+02	  0.3272E-23	  0.1664E+00
  0.3654E+02	  0.2666E-23	  0.1665E+00
  0.3663E+02	  0.2172E-23	  0.1667E+00
  0.3671E+02	  0.1770E-23	  0.1669E+00
  0.3680E+02	  0.1442E-23	  0.1670E+00
  0.3689E+02	  0.1175E-23	  0.1672E+00
  0.3697E+02	  0.9571E-24	  0.1674E+00
  0.3706E+02	  0.7797E-24	  0.1676E+00
  0.3714E+02	  0.6352E-24	  0.1677E+00
  0.3723E+02	  0.5175E-24	  0.1679E+00
  0.3732E+02	  0.4216E-24	  0.1680E+00

R35 
------------------------------------------------------------
Electric field / N (Td)                    300.0    
Angular frequency / N (m3/s)              0.1938E-11
Cosine of E-B field angle                  0.000    
Gas temperature (K)                        800.0    
Excitation temperature (K)                 300.0    
Transition energy (eV)                     0.000    
Ionization degree                          0.000    
Plasma density (1/m3)                     0.1000E+19
Ion charge parameter                       1.000    
Ion/neutral mass ratio                     1.000    
Coulomb collision model                    1.000    
Energy sharing                             0.000    
Growth model                               1.000    
Maxwellian mean energy (eV)                0.000    
# of grid points                           500.0    
Grid type                                  1.000    
Maximum energy                             30.00    
Precision                                 0.1000E-24
Convergence                               0.1000E-03
Maximum # of iterations                   0.2000E+05
Mole fraction Ar                           1.000    
------------------------------------------------------------
Mean energy (eV)                           1.880    
Mobility *N (1/m/V/s)                     0.1103E+27
Re/perp mobility *N (1/m/V/s)             0.3064E+22
Im/Hall mobility *N (1/m/V/s)            -0.9079E+23
Diffusion coefficient *N (1/m/s)          0.2411E+26
Energy mobility *N (1/m/V/s)              0.1945E+26
Energy diffusion coef. *N (1/m/s)         0.9441E+25
Total collision freq. /N (m3/s)           0.3468E-13
Momentum frequency /N (m3/s)              0.6551E-13
Total ionization freq. /N (m3/s)          0.6613E-18
Power /N (eV m3/s)                        0.2758E-15
Elastic power loss /N (eV m3/s)           0.5878E-17
Inelastic power loss /N (eV m3/s)         0.2687E-15
Growth power /N (eV m3/s)                 0.1243E-17
Maximum energy                             42.94    
# of iterations                            21.00    
# of grid trials                           3.000    
------------------------------------------------------------
Rate coefficients (m3/s)
C1    Ar    Elastic                       0.3465E-13
C2    Ar    Excitation    11.55 eV        0.4678E-17
C3    Ar    Excitation    11.62 eV        0.3961E-17
C4    Ar    Excitation    11.72 eV        0.7927E-18
C5    Ar    Excitation    11.83 eV        0.5359E-17
C6    Ar    Excitation    12.91 eV        0.4778E-18
C7    Ar    Excitation    13.08 eV        0.5044E-18
C8    Ar    Excitation    13.10 eV        0.3419E-18
C9    Ar    Excitation    13.15 eV        0.2214E-18
C10   Ar    Excitation    13.17 eV        0.3242E-18
C11   Ar    Excitation    13.27 eV        0.1075E-18
C12   Ar    Excitation    13.28 eV        0.2081E-18
C13   Ar    Excitation    13.30 eV        0.1530E-18
C14   Ar    Excitation    13.33 eV        0.1644E-18
C15   Ar    Excitation    13.48 eV        0.3462E-18
C16   Ar    Excitation    13.85 eV        0.1877E-18
C17   Ar    Excitation    13.86 eV        0.8820E-18
C18   Ar    Excitation    13.90 eV        0.5232E-18
C19   Ar    Excitation    13.98 eV        0.6080E-18
C20   Ar    Excitation    14.01 eV        0.1854E-18
C21   Ar    Excitation    14.06 eV        0.1860E-18
C22   Ar    Excitation    14.07 eV        0.1857E-18
C23   Ar    Excitation    14.09 eV        0.1652E-19
C24   Ar    Excitation    14.10 eV        0.2836E-19
C25   Ar    Excitation    14.15 eV        0.4371E-19
C26   Ar    Excitation    14.21 eV        0.2474E-18
C27   Ar    Excitation    14.23 eV        0.1608E-18
C28   Ar    Excitation    14.24 eV        0.4085E-19
C29   Ar    Excitation    14.24 eV        0.3490E-19
C30   Ar    Excitation    14.26 eV        0.5661E-20
C31   Ar    Excitation    14.30 eV        0.4430E-19
C32   Ar    Excitation    14.71 eV        0.5204E-21
C33   Ar    Excitation    14.85 eV        0.3248E-20
C34   Ar    Excitation    14.86 eV        0.1075E-19
C35   Ar    Excitation    15.00 eV        0.3769E-20
C36   Ar    Excitation    15.02 eV        0.3865E-20
C37   Ar    Excitation    15.12 eV        0.6266E-21
C38   Ar    Excitation    15.19 eV        0.5895E-20
C39   Ar    Excitation    15.19 eV        0.5861E-20
C40   Ar    Excitation    15.31 eV        0.8673E-22
C41   Ar    Excitation    15.35 eV        0.5534E-22
C42   Ar    Excitation    15.36 eV        0.7923E-22
C43   Ar    Excitation    15.37 eV        0.1379E-20
C44   Ar    Excitation    15.37 eV        0.3041E-20
C45   Ar    Excitation    15.66 eV        0.9275E-20
C46   Ar    Ionization    15.76 eV        0.6613E-18
------------------------------------------------------------
Energy (eV) EEDF (eV-3/2) Anisotropy
  0.4294E-01	  0.4377E+01	  0.3990E-04
  0.1288E+00	  0.3561E+01	  0.4292E-04
  0.2147E+00	  0.2286E+01	  0.4896E-04
  0.3006E+00	  0.1139E+01	  0.8569E-04
  0.3865E+00	  0.7194E+00	  0.1274E-03
  0.4724E+00	  0.5362E+00	  0.1644E-03
  0.5582E+00	  0.4340E+00	  0.2009E-03
  0.6441E+00	  0.3672E+00	  0.2396E-03
  0.7300E+00	  0.3191E+00	  0.2818E-03
  0.8159E+00	  0.2821E+00	  0.3277E-03
  0.9018E+00	  0.2525E+00	  0.3773E-03
  0.9876E+00	  0.2282E+00	  0.4305E-03
  0.1074E+01	  0.2075E+00	  0.4869E-03
  0.1159E+01	  0.1894E+00	  0.5465E-03
  0.1245E+01	  0.1734E+00	  0.6090E-03
  0.1331E+01	  0.1592E+00	  0.6728E-03
  0.1417E+01	  0.1465E+00	  0.7371E-03
  0.1503E+01	  0.1351E+00	  0.8044E-03
  0.1589E+01	  0.1249E+00	  0.8717E-03
  0.1675E+01	  0.1158E+00	  0.9356E-03
  0.1761E+01	  0.1076E+00	  0.9997E-03
  0.1846E+01	  0.1003E+00	  0.1066E-02
  0.1932E+01	  0.9353E-01	  0.1137E-02
  0.2018E+01	  0.8738E-01	  0.1210E-02
  0.2104E+01	  0.8178E-01	  0.1286E-02
  0.2190E+01	  0.7665E-01	  0.1364E-02
  0.2276E+01	  0.7196E-01	  0.1445E-02
  0.2362E+01	  0.6764E-01	  0.1529E-02
  0.2448E+01	  0.6366E-01	  0.1615E-02
  0.2534E+01	  0.5997E-01	  0.1703E-02
  0.2619E+01	  0.5657E-01	  0.1793E-02
  0.2705E+01	  0.5341E-01	  0.1886E-02
  0.2791E+01	  0.5049E-01	  0.1980E-02
  0.2877E+01	  0.4776E-01	  0.2075E-02
  0.2963E+01	  0.4523E-01	  0.2172E-02
  0.3049E+01	  0.4286E-01	  0.2271E-02
  0.3135E+01	  0.4065E-01	  0.2371E-02
  0.3221E+01	  0.3859E-01	  0.2473E-02
  0.3306E+01	  0.3665E-01	  0.2576E-02
  0.3392E+01	  0.3484E-01	  0.2681E-02
  0.3478E+01	  0.3313E-01	  0.2787E-02
  0.3564E+01	  0.3153E-01	  0.2894E-02
  0.3650E+01	  0.3003E-01	  0.3003E-02
  0.3736E+01	  0.2861E-01	  0.3113E-02
  0.3822E+01	  0.2727E-01	  0.3224E-02
  0.3908E+01	  0.2602E-01	  0.3337E-02
  0.3994E+01	  0.2483E-01	  0.3451E-02
  0.4079E+01	  0.2371E-01	  0.3566E-02
  0.4165E+01	  0.2266E-01	  0.3682E-02
  0.4251E+01	  0.2167E-01	  0.3798E-02
  0.4337E+01	  0.2074E-01	  0.3915E-02
  0.4423E+01	  0.1986E-01	  0.4032E-02
  0.4509E+01	  0.1903E-01	  0.4150E-02
  0.4595E+01	  0.1825E-01	  0.4268E-02
  0.4681E+01	  0.1751E-01	  0.4387E-02
  0.4766E+01	  0.1681E-01	  0.4506E-02
  0.4852E+01	  0.1615E-01	  0.4625E-02
  0.4938E+01	  0.1552E-01	  0.4745E-02
  0.5024E+01	  0.1493E-01	  0.4866E-02
  0.5110E+01	  0.1436E-01	  0.4987E-02
  0.5196E+01	  0.1383E-01	  0.5109E-02
  0.5282E+01	  0.1332E-01	  0.5231E-02
  0.5368E+01	  0.1284E-01	  0.5353E-02
  0.5454E+01	  0.1238E-01	  0.5476E-02
  0.5539E+01	  0.1194E-01	  0.5600E-02
  0.5625E+01	  0.1152E-01	  0.5724E-02
  0.5711E+01	  0.1113E-01	  0.5848E-02
  0.5797E+01	  0.1075E-01	  0.5973E-02
  0.5883E+01	  0.1039E-01	  0.6099E-02
  0.5969E+01	  0.1004E-01	  0.6226E-02
  0.6055E+01	  0.9712E-02	  0.6354E-02
  0.6141E+01	  0.9396E-02	  0.6482E-02
  0.6226E+01	  0.9094E-02	  0.6612E-02
  0.6312E+01	  0.8804E-02	  0.6742E-02
  0.6398E+01	  0.8526E-02	  0.6874E-02
  0.6484E+01	  0.8260E-02	  0.7007E-02
  0.6570E+01	  0.8004E-02	  0.7141E-02
  0.6656E+01	  0.7758E-02	  0.7277E-02
  0.6742E+01	  0.7522E-02	  0.7414E-02
  0.6828E+01	  0.7295E-02	  0.7553E-02
  0.6914E+01	  0.7077E-02	  0.7693E-02
  0.6999E+01	  0.6867E-02	  0.7834E-02
  0.7085E+01	  0.6665E-02	  0.7977E-02
  0.7171E+01	  0.6469E-02	  0.8123E-02
  0.7257E+01	  0.6281E-02	  0.8270E-02
  0.7343E+01	  0.6098E-02	  0.8420E-02
  0.7429E+01	  0.5922E-02	  0.8572E-02
  0.7515E+01	  0.5752E-02	  0.8727E-02
  0.7601E+01	  0.5587E-02	  0.8885E-02
  0.7686E+01	  0.5428E-02	  0.9045E-02
  0.7772E+01	  0.5274E-02	  0.9208E-02
  0.7858E+01	  0.5124E-02	  0.9375E-02
  0.7944E+01	  0.4980E-02	  0.9544E-02
  0.8030E+01	  0.4840E-02	  0.9716E-02
  0.8116E+01	  0.4704E-02	  0.9892E-02
  0.8202E+01	  0.4572E-02	  0.1007E-01
  0.8288E+01	  0.4445E-02	  0.1025E-01
  0.8374E+01	  0.4321E-02	  0.1044E-01
  0.8459E+01	  0.4201E-02	  0.1063E-01
  0.8545E+01	  0.4084E-02	  0.1083E-01
  0.8631E+01	  0.3971E-02	  0.1102E-01
  0.8717E+01	  0.3861E-02	  0.1123E-01
  0.8803E+01	  0.3754E-02	  0.1143E-01
  0.8889E+01	  0.3650E-02	  0.1165E-01
  0.8975E+01	  0.3549E-02	  0.1186E-01
  0.9061E+01	  0.3451E-02	  0.1208E-01
  0.9146E+01	  0.3355E-02	  0.1231E-01
  0.9232E+01	  0.3262E-02	  0.1254E-01
  0.9318E+01	  0.3172E-02	  0.1278E-01
  0.9404E+01	  0.3083E-02	  0.1303E-01
  0.9490E+01	  0.2997E-02	  0.1328E-01
  0.9576E+01	  0.2914E-02	  0.1354E-01
  0.9662E+01	  0.2832E-02	  0.1380E-01
  0.9748E+01	  0.2753E-02	  0.1407E-01
  0.9834E+01	  0.2675E-02	  0.1435E-01
  0.9919E+01	  0.2599E-02	  0.1464E-01
  0.1001E+02	  0.2525E-02	  0.1494E-01
  0.1009E+02	  0.2453E-02	  0.1524E-01
  0.1018E+02	  0.2383E-02	  0.1556E-01
  0.1026E+02	  0.2313E-02	  0.1589E-01
  0.1035E+02	  0.2245E-02	  0.1623E-01
  0.1043E+02	  0.2179E-02	  0.1658E-01
  0.1052E+02	  0.2113E-02	  0.1695E-01
  0.1061E+02	  0.2049E-02	  0.1733E-01
  0.1069E+02	  0.1986E-02	  0.1773E-01
  0.1078E+02	  0.1924E-02	  0.1815E-01
  0.1086E+02	  0.1863E-02	  0.1858E-01
  0.1095E+02	  0.1803E-02	  0.1904E-01
  0.1104E+02	  0.1744E-02	  0.1953E-01
  0.1112E+02	  0.1685E-02	  0.2004E-01
  0.1121E+02	  0.1628E-02	  0.2058E-01
  0.1129E+02	  0.1571E-02	  0.2114E-01
  0.1138E+02	  0.1515E-02	  0.2175E-01
  0.1147E+02	  0.1460E-02	  0.2238E-01
  0.1155E+02	  0.1406E-02	  0.2306E-01
  0.1164E+02	  0.1353E-02	  0.2370E-01
  0.1172E+02	  0.1300E-02	  0.2429E-01
  0.1181E+02	  0.1249E-02	  0.2486E-01
  0.1189E+02	  0.1199E-02	  0.2539E-01
  0.1198E+02	  0.1151E-02	  0.2594E-01
  0.1207E+02	  0.1103E-02	  0.2655E-01
  0.1215E+02	  0.1057E-02	  0.2718E-01
  0.1224E+02	  0.1012E-02	  0.2780E-01
  0.1232E+02	  0.9684E-03	  0.2839E-01
  0.1241E+02	  0.9259E-03	  0.2896E-01
  0.1250E+02	  0.8848E-03	  0.2950E-01
  0.1258E+02	  0.8451E-03	  0.3001E-01
  0.1267E+02	  0.8067E-03	  0.3048E-01
  0.1275E+02	  0.7696E-03	  0.3095E-01
  0.1284E+02	  0.7338E-03	  0.3144E-01
  0.1293E+02	  0.6992E-03	  0.3199E-01
  0.1301E+02	  0.6658E-03	  0.3251E-01
  0.1310E+02	  0.6337E-03	  0.3301E-01
  0.1318E+02	  0.6026E-03	  0.3361E-01
  0.1327E+02	  0.5725E-03	  0.3436E-01
  0.1335E+02	  0.5434E-03	  0.3525E-01
  0.1344E+02	  0.5150E-03	  0.3622E-01
  0.1353E+02	  0.4874E-03	  0.3719E-01
  0.1361E+02	  0.4607E-03	  0.3819E-01
  0.1370E+02	  0.4349E-03	  0.3921E-01
  0.1378E+02	  0.4100E-03	  0.4026E-01
  0.1387E+02	  0.3859E-03	  0.4135E-01
  0.1396E+02	  0.3627E-03	  0.4245E-01
  0.1404E+02	  0.3404E-03	  0.4354E-01
  0.1413E+02	  0.3190E-03	  0.4463E-01
  0.1421E+02	  0.2986E-03	  0.4572E-01
  0.1430E+02	  0.2790E-03	  0.4679E-01
  0.1439E+02	  0.2603E-03	  0.4784E-01
  0.1447E+02	  0.2426E-03	  0.4887E-01
  0.1456E+02	  0.2258E-03	  0.4987E-01
  0.1464E+02	  0.2098E-03	  0.5086E-01
  0.1473E+02	  0.1948E-03	  0.5182E-01
  0.1481E+02	  0.1806E-03	  0.5275E-01
  0.1490E+02	  0.1672E-03	  0.5366E-01
  0.1499E+02	  0.1547E-03	  0.5453E-01
  0.1507E+02	  0.1429E-03	  0.5540E-01
  0.1516E+02	  0.1319E-03	  0.5626E-01
  0.1524E+02	  0.1216E-03	  0.5714E-01
  0.1533E+02	  0.1119E-03	  0.5804E-01
  0.1542E+02	  0.1029E-03	  0.5896E-01
  0.1550E+02	  0.9455E-04	  0.5991E-01
  0.1559E+02	  0.8673E-04	  0.6089E-01
  0.1567E+02	  0.7946E-04	  0.6191E-01
  0.1576E+02	  0.7269E-04	  0.6299E-01
  0.1585E+02	  0.6641E-04	  0.6407E-01
  0.1593E+02	  0.6058E-04	  0.6513E-01
  0.1602E+02	  0.5520E-04	  0.6615E-01
  0.1610E+02	  0.5022E-04	  0.6715E-01
  0.1619E+02	  0.4564E-04	  0.6814E-01
  0.1627E+02	  0.4143E-04	  0.6912E-01
  0.1636E+02	  0.3755E-04	  0.7009E-01
  0.1645E+02	  0.3400E-04	  0.7106E-01
  0.1653E+02	  0.3074E-04	  0.7202E-01
  0.1662E+02	  0.2777E-04	  0.7298E-01
  0.1670E+02	  0.2505E-04	  0.7391E-01
  0.1679E+02	  0.2257E-04	  0.7484E-01
  0.1688E+02	  0.2031E-04	  0.7574E-01
  0.1696E+02	  0.1826E-04	  0.7663E-01
  0.1705E+02	  0.1639E-04	  0.7751E-01
  0.1713E+02	  0.1470E-04	  0.7837E-01
  0.1722E+02	  0.1317E-04	  0.7922E-01
  0.1731E+02	  0.1179E-04	  0.8007E-01
  0.1739E+02	  0.1054E-04	  0.8091E-01
  0.1748E+02	  0.9414E-05	  0.8174E-01
  0.1756E+02	  0.8398E-05	  0.8257E-01
  0.1765E+02	  0.7484E-05	  0.8338E-01
  0.1773E+02	  0.6662E-05	  0.8419E-01
  0.1782E+02	  0.5925E-05	  0.8497E-01
  0.1791E+02	  0.5264E-05	  0.8575E-01
  0.1799E+02	  0.4672E-05	  0.8650E-01
  0.1808E+02	  0.4143E-05	  0.8724E-01
  0.1816E+02	  0.3671E-05	  0.8797E-01
  0.1825E+02	  0.3249E-05	  0.8870E-01
  0.1834E+02	  0.2874E-05	  0.8942E-01
  0.1842E+02	  0.2540E-05	  0.9014E-01
  0.1851E+02	  0.2242E-05	  0.9086E-01
  0.1859E+02	  0.1978E-05	  0.9156E-01
  0.1868E+02	  0.1744E-05	  0.9226E-01
  0.1877E+02	  0.1536E-05	  0.9294E-01
  0.1885E+02	  0.1351E-05	  0.9361E-01
  0.1894E+02	  0.1188E-05	  0.9426E-01
  0.1902E+02	  0.1044E-05	  0.9489E-01
  0.1911E+02	  0.9169E-06	  0.9552E-01
  0.1919E+02	  0.8045E-06	  0.9613E-01
  0.1928E+02	  0.7054E-06	  0.9675E-01
  0.1937E+02	  0.6180E-06	  0.9736E-01
  0.1945E+02	  0.5410E-06	  0.9797E-01
  0.1954E+02	  0.4732E-06	  0.9858E-01
  0.1962E+02	  0.4136E-06	  0.9919E-01
  0.1971E+02	  0.3613E-06	  0.9981E-01
  0.1980E+02	  0.3153E-06	  0.1004E+00
  0.1988E+02	  0.2750E-06	  0.1011E+00
  0.1997E+02	  0.2396E-06	  0.1017E+00
  0.2005E+02	  0.2087E-06	  0.1023E+00
  0.2014E+02	  0.1817E-06	  0.1029E+00
  0.2023E+02	  0.1581E-06	  0.1035E+00
  0.2031E+02	  0.1375E-06	  0.1041E+00
  0.2040E+02	  0.1195E-06	  0.1047E+00
  0.2048E+02	  0.1038E-06	  0.1053E+00
  0.2057E+02	  0.9014E-07	  0.1058E+00
  0.2065E+02	  0.7823E-07	  0.1064E+00
  0.2074E+02	  0.6787E-07	  0.1069E+00
  0.2083E+02	  0.5885E-07	  0.1075E+00
  0.2091E+02	  0.5101E-07	  0.1080E+00
  0.2100E+02	  0.4420E-07	  0.1085E+00
  0.2108E+02	  0.3828E-07	  0.1090E+00
  0.2117E+02	  0.3314E-07	  0.1096E+00
  0.2126E+02	  0.2868E-07	  0.1101E+00
  0.2134E+02	  0.2481E-07	  0.1106E+00
  0.2143E+02	  0.2145E-07	  0.1111E+00
  0.2151E+02	  0.1854E-07	  0.1116E+00
  0.2160E+02	  0.1602E-07	  0.1121E+00
  0.2169E+02	  0.1383E-07	  0.1126E+00
  0.2177E+02	  0.1194E-07	  0.1131E+00
  0.2186E+02	  0.1031E-07	  0.1135E+00
  0.2194E+02	  0.8892E-08	  0.1140E+00
  0.2203E+02	  0.7669E-08	  0.1144E+00
  0.2211E+02	  0.6612E-08	  0.1148E+00
  0.2220E+02	  0.5699E-08	  0.1152E+00
  0.2229E+02	  0.4911E-08	  0.1156E+00
  0.2237E+02	  0.4230E-08	  0.1161E+00
  0.2246E+02	  0.3642E-08	  0.1165E+00
  0.2254E+02	  0.3135E-08	  0.1169E+00
  0.2263E+02	  0.2698E-08	  0.1173E+00
  0.2272E+02	  0.2321E-08	  0.1177E+00
  0.2280E+02	  0.1996E-08	  0.1181E+00
  0.2289E+02	  0.1716E-08	  0.1185E+00
  0.2297E+02	  0.1475E-08	  0.1189E+00
  0.2306E+02	  0.1267E-08	  0.1193E+00
  0.2315E+02	  0.1088E-08	  0.1196E+00
  0.2323E+02	  0.9346E-09	  0.1200E+00
  0.2332E+02	  0.8023E-09	  0.1204E+00
  0.2340E+02	  0.6885E-09	  0.1208E+00
  0.2349E+02	  0.5906E-09	  0.1211E+00
  0.2357E+02	  0.5066E-09	  0.1215E+00
  0.2366E+02	  0.4343E-09	  0.1218E+00
  0.2375E+02	  0.3723E-09	  0.1222E+00
  0.2383E+02	  0.3190E-09	  0.1226E+00
  0.2392E+02	  0.2733E-09	  0.1229E+00
  0.2400E+02	  0.2340E-09	  0.1233E+00
  0.2409E+02	  0.2003E-09	  0.1237E+00
  0.2418E+02	  0.1714E-09	  0.1240E+00
  0.2426E+02	  0.1467E-09	  0.1244E+00
  0.2435E+02	  0.1255E-09	  0.1247E+00
  0.2443E+02	  0.1073E-09	  0.1251E+00
  0.2452E+02	  0.9169E-10	  0.1255E+00
  0.2461E+02	  0.7835E-10	  0.1258E+00
  0.2469E+02	  0.6693E-10	  0.1262E+00
  0.2478E+02	  0.5715E-10	  0.1265E+00
  0.2486E+02	  0.4880E-10	  0.1269E+00
  0.2495E+02	  0.4165E-10	  0.1272E+00
  0.2503E+02	  0.3554E-10	  0.1276E+00
  0.2512E+02	  0.3032E-10	  0.1279E+00
  0.2521E+02	  0.2586E-10	  0.1283E+00
  0.2529E+02	  0.2205E-10	  0.1287E+00
  0.2538E+02	  0.1880E-10	  0.1290E+00
  0.2546E+02	  0.1602E-10	  0.1294E+00
  0.2555E+02	  0.1365E-10	  0.1298E+00
  0.2564E+02	  0.1163E-10	  0.1302E+00
  0.2572E+02	  0.9910E-11	  0.1306E+00
  0.2581E+02	  0.8441E-11	  0.1309E+00
  0.2589E+02	  0.7188E-11	  0.1313E+00
  0.2598E+02	  0.6121E-11	  0.1316E+00
  0.2607E+02	  0.5211E-11	  0.1320E+00
  0.2615E+02	  0.4436E-11	  0.1323E+00
  0.2624E+02	  0.3775E-11	  0.1326E+00
  0.2632E+02	  0.3213E-11	  0.1329E+00
  0.2641E+02	  0.2734E-11	  0.1332E+00
  0.2649E+02	  0.2326E-11	  0.1336E+00
  0.2658E+02	  0.1978E-11	  0.1339E+00
  0.2667E+02	  0.1683E-11	  0.1342E+00
  0.2675E+02	  0.1431E-11	  0.1345E+00
  0.2684E+02	  0.1217E-11	  0.1348E+00
  0.2692E+02	  0.1034E-11	  0.1351E+00
  0.2701E+02	  0.8791E-12	  0.1354E+00
  0.2710E+02	  0.7471E-12	  0.1357E+00
  0.2718E+02	  0.6349E-12	  0.1361E+00
  0.2727E+02	  0.5394E-12	  0.1364E+00
  0.2735E+02	  0.4582E-12	  0.1367E+00
  0.2744E+02	  0.3892E-12	  0.1370E+00
  0.2753E+02	  0.3305E-12	  0.1373E+00
  0.2761E+02	  0.2807E-12	  0.1376E+00
  0.2770E+02	  0.2383E-12	  0.1379E+00
  0.2778E+02	  0.2023E-12	  0.1382E+00
  0.2787E+02	  0.1717E-12	  0.1385E+00
  0.2795E+02	  0.1457E-12	  0.1388E+00
  0.2804E+02	  0.1236E-12	  0.1391E+00
  0.2813E+02	  0.1049E-12	  0.1394E+00
  0.2821E+02	  0.8893E-13	  0.1397E+00
  0.2830E+02	  0.7542E-13	  0.1400E+00
  0.2838E+02	  0.6395E-13	  0.1404E+00
  0.2847E+02	  0.5421E-13	  0.1407E+00
  0.2856E+02	  0.4595E-13	  0.1410E+00
  0.2864E+02	  0.3894E-13	  0.1413E+00
  0.2873E+02	  0.3300E-13	  0.1416E+00
  0.2881E+02	  0.2796E-13	  0.1419E+00
  0.2890E+02	  0.2368E-13	  0.1422E+00
  0.2899E+02	  0.2006E-13	  0.1425E+00
  0.2907E+02	  0.1698E-13	  0.1428E+00
  0.2916E+02	  0.1438E-13	  0.1431E+00
  0.2924E+02	  0.1217E-13	  0.1434E+00
  0.2933E+02	  0.1030E-13	  0.1437E+00
  0.2941E+02	  0.8719E-14	  0.1440E+00
  0.2950E+02	  0.7377E-14	  0.1443E+00
  0.2959E+02	  0.6241E-14	  0.1446E+00
  0.2967E+02	  0.5279E-14	  0.1449E+00
  0.2976E+02	  0.4464E-14	  0.1452E+00
  0.2984E+02	  0.3775E-14	  0.1455E+00
  0.2993E+02	  0.3191E-14	  0.1458E+00
  0.3002E+02	  0.2698E-14	  0.1461E+00
  0.3010E+02	  0.2280E-14	  0.1464E+00
  0.3019E+02	  0.1927E-14	  0.1467E+00
  0.3027E+02	  0.1628E-14	  0.1470E+00
  0.3036E+02	  0.1376E-14	  0.1474E+00
  0.3045E+02	  0.1162E-14	  0.1477E+00
  0.3053E+02	  0.9822E-15	  0.1480E+00
  0.3062E+02	  0.8298E-15	  0.1483E+00
  0.3070E+02	  0.7011E-15	  0.1486E+00
  0.3079E+02	  0.5923E-15	  0.1490E+00
  0.3087E+02	  0.5003E-15	  0.1493E+00
  0.3096E+02	  0.4226E-15	  0.1496E+00
  0.3105E+02	  0.3570E-15	  0.1499E+00
  0.3113E+02	  0.3015E-15	  0.1502E+00
  0.3122E+02	  0.2547E-15	  0.1505E+00
  0.3130E+02	  0.2151E-15	  0.1508E+00
  0.3139E+02	  0.1816E-15	  0.1511E+00
  0.3148E+02	  0.1534E-15	  0.1514E+00
  0.3156E+02	  0.1295E-15	  0.1518E+00
  0.3165E+02	  0.1094E-15	  0.1521E+00
  0.3173E+02	  0.9235E-16	  0.1524E+00
  0.3182E+02	  0.7798E-16	  0.1527E+00
  0.3191E+02	  0.6583E-16	  0.1530E+00
  0.3199E+02	  0.5558E-16	  0.1533E+00
  0.3208E+02	  0.4692E-16	  0.1535E+00
  0.3216E+02	  0.3961E-16	  0.1538E+00
  0.3225E+02	  0.3344E-16	  0.1541E+00
  0.3233E+02	  0.2823E-16	  0.1544E+00
  0.3242E+02	  0.2383E-16	  0.1547E+00
  0.3251E+02	  0.2011E-16	  0.1550E+00
  0.3259E+02	  0.1697E-16	  0.1553E+00
  0.3268E+02	  0.1433E-16	  0.1556E+00
  0.3276E+02	  0.1209E-16	  0.1559E+00
  0.3285E+02	  0.1020E-16	  0.1561E+00
  0.3294E+02	  0.8610E-17	  0.1564E+00
  0.3302E+02	  0.7265E-17	  0.1567E+00
  0.3311E+02	  0.6130E-17	  0.1570E+00
  0.3319E+02	  0.5173E-17	  0.1573E+00
  0.3328E+02	  0.4364E-17	  0.1575E+00
  0.3337E+02	  0.3682E-17	  0.1578E+00
  0.3345E+02	  0.3107E-17	  0.1581E+00
  0.3354E+02	  0.2621E-17	  0.1584E+00
  0.3362E+02	  0.2211E-17	  0.1586E+00
  0.3371E+02	  0.1865E-17	  0.1589E+00
  0.3379E+02	  0.1573E-17	  0.1592E+00
  0.3388E+02	  0.1327E-17	  0.1594E+00
  0.3397E+02	  0.1119E-17	  0.1597E+00
  0.3405E+02	  0.9442E-18	  0.1599E+00
  0.3414E+02	  0.7964E-18	  0.1602E+00
  0.3422E+02	  0.6717E-18	  0.1604E+00
  0.3431E+02	  0.5665E-18	  0.1607E+00
  0.3440E+02	  0.4778E-18	  0.1609E+00
  0.3448E+02	  0.4029E-18	  0.1612E+00
  0.3457E+02	  0.3398E-18	  0.1614E+00
  0.3465E+02	  0.2865E-18	  0.1617E+00
  0.3474E+02	  0.2416E-18	  0.1619E+00
  0.3483E+02	  0.2038E-18	  0.1621E+00
  0.3491E+02	  0.1718E-18	  0.1624E+00
  0.3500E+02	  0.1449E-18	  0.1626E+00
  0.3508E+02	  0.1221E-18	  0.1629E+00
  0.3517E+02	  0.1030E-18	  0.1631E+00
  0.3525E+02	  0.8682E-19	  0.1634E+00
  0.3534E+02	  0.7319E-19	  0.1636E+00
  0.3543E+02	  0.6170E-19	  0.1638E+00
  0.3551E+02	  0.5202E-19	  0.1641E+00
  0.3560E+02	  0.4385E-19	  0.1643E+00
  0.3568E+02	  0.3696E-19	  0.1645E+00
  0.3577E+02	  0.3116E-19	  0.1648E+00
  0.3586E+02	  0.2626E-19	  0.1650E+00
  0.3594E+02	  0.2214E-19	  0.1652E+00
  0.3603E+02	  0.1866E-19	  0.1654E+00
  0.3611E+02	  0.1573E-19	  0.1656E+00
  0.3620E+02	  0.1326E-19	  0.1657E+00
  0.3629E+02	  0.1117E-19	  0.1659E+00
  0.3637E+02	  0.9418E-20	  0.1661E+00
  0.3646E+02	  0.7938E-20	  0.1663E+00
  0.3654E+02	  0.6691E-20	  0.1664E+00
  0.3663E+02	  0.5639E-20	  0.1666E+00
  0.3671E+02	  0.4753E-20	  0.1668E+00
  0.3680E+02	  0.4006E-20	  0.1670E+00
  0.3689E+02	  0.3376E-20	  0.1671E+00
  0.3697E+02	  0.2845E-20	  0.1673E+00
  0.3706E+02	  0.2398E-20	  0.1675E+00
  0.3714E+02	  0.2021E-20	  0.1676E+00
  0.3723E+02	  0.1703E-20	  0.1678E+00
  0.3732E+02	  0.1435E-20	  0.1679E+00
  0.3740E+02	  0.1210E-20	  0.1681E+00
  0.3749E+02	  0.1019E-20	  0.1682E+00
  0.3757E+02	  0.8592E-21	  0.1684E+00
  0.3766E+02	  0.7240E-21	  0.1685E+00
  0.3775E+02	  0.6102E-21	  0.1687E+00
  0.3783E+02	  0.5142E-21	  0.1688E+00
  0.3792E+02	  0.4333E-21	  0.1690E+00
  0.3800E+02	  0.3651E-21	  0.1691E+00
  0.3809E+02	  0.3077E-21	  0.1693E+00
  0.3817E+02	  0.2593E-21	  0.1694E+00
  0.3826E+02	  0.2185E-21	  0.1695E+00
  0.3835E+02	  0.1841E-21	  0.1696E+00
  0.3843E+02	  0.1552E-21	  0.1698E+00
  0.3852E+02	  0.1307E-21	  0.1699E+00
  0.3860E+02	  0.1102E-21	  0.1700E+00
  0.3869E+02	  0.9285E-22	  0.1701E+00
  0.3878E+02	  0.7824E-22	  0.1702E+00
  0.3886E+02	  0.6593E-22	  0.1703E+00
  0.3895E+02	  0.5556E-22	  0.1704E+00
  0.3903E+02	  0.4681E-22	  0.1705E+00
  0.3912E+02	  0.3945E-22	  0.1706E+00
  0.3921E+02	  0.3324E-22	  0.1707E+00
  0.3929E+02	  0.2801E-22	  0.1708E+00
  0.3938E+02	  0.2360E-22	  0.1709E+00
  0.3946E+02	  0.1989E-22	  0.1710E+00
  0.3955E+02	  0.1676E-22	  0.1712E+00
  0.3963E+02	  0.1412E-22	  0.1713E+00
  0.3972E+02	  0.1190E-22	  0.1714E+00
  0.3981E+02	  0.1002E-22	  0.1715E+00
  0.3989E+02	  0.8444E-23	  0.1716E+00
  0.3998E+02	  0.7114E-23	  0.1718E+00
  0.4006E+02	  0.5993E-23	  0.1719E+00
  0.4015E+02	  0.5050E-23	  0.1721E+00
  0.4024E+02	  0.4255E-23	  0.1722E+00
  0.4032E+02	  0.3585E-23	  0.1724E+00
  0.4041E+02	  0.3021E-23	  0.1725E+00
  0.4049E+02	  0.2546E-23	  0.1727E+00
  0.4058E+02	  0.2146E-23	  0.1728E+00
  0.4067E+02	  0.1809E-23	  0.1729E+00
  0.4075E+02	  0.1525E-23	  0.1730E+00
  0.4084E+02	  0.1286E-23	  0.1732E+00
  0.4092E+02	  0.1084E-23	  0.1733E+00
  0.4101E+02	  0.9141E-24	  0.1734E+00
  0.4109E+02	  0.7709E-24	  0.1734E+00
  0.4118E+02	  0.6502E-24	  0.1735E+00
  0.4127E+02	  0.5485E-24	  0.1735E+00
  0.4135E+02	  0.4629E-24	  0.1734E+00

R36 
------------------------------------------------------------
Electric field / N (Td)                    350.0    
Angular frequency / N (m3/s)              0.1938E-11
Cosine of E-B field angle                  0.000    
Gas temperature (K)                        800.0    
Excitation temperature (K)                 300.0    
Transition energy (eV)                     0.000    
Ionization degree                          0.000    
Plasma density (1/m3)                     0.1000E+19
Ion charge parameter                       1.000    
Ion/neutral mass ratio                     1.000    
Coulomb collision model                    1.000    
Energy sharing                             0.000    
Growth model                               1.000    
Maxwellian mean energy (eV)                0.000    
# of grid points                           500.0    
Grid type                                  1.000    
Maximum energy                             30.00    
Precision                                 0.1000E-24
Convergence                               0.1000E-03
Maximum # of iterations                   0.2000E+05
Mole fraction Ar                           1.000    
------------------------------------------------------------
Mean energy (eV)                           1.927    
Mobility *N (1/m/V/s)                     0.1199E+27
Re/perp mobility *N (1/m/V/s)             0.3166E+22
Im/Hall mobility *N (1/m/V/s)            -0.9103E+23
Diffusion coefficient *N (1/m/s)          0.2443E+26
Energy mobility *N (1/m/V/s)              0.1952E+26
Energy diffusion coef. *N (1/m/s)         0.9214E+25
Total collision freq. /N (m3/s)           0.3620E-13
Momentum frequency /N (m3/s)              0.6769E-13
Total ionization freq. /N (m3/s)          0.1349E-17
Power /N (eV m3/s)                        0.3879E-15
Elastic power loss /N (eV m3/s)           0.6332E-17
Inelastic power loss /N (eV m3/s)         0.3790E-15
Growth power /N (eV m3/s)                 0.2599E-17
Maximum energy                             51.37    
# of iterations                            32.00    
# of grid trials                           4.000    
------------------------------------------------------------
Rate coefficients (m3/s)
C1    Ar    Elastic                       0.3617E-13
C2    Ar    Excitation    11.55 eV        0.6010E-17
C3    Ar    Excitation    11.62 eV        0.5185E-17
C4    Ar    Excitation    11.72 eV        0.1032E-17
C5    Ar    Excitation    11.83 eV        0.7165E-17
C6    Ar    Excitation    12.91 eV        0.6627E-18
C7    Ar    Excitation    13.08 eV        0.7444E-18
C8    Ar    Excitation    13.10 eV        0.5041E-18
C9    Ar    Excitation    13.15 eV        0.3341E-18
C10   Ar    Excitation    13.17 eV        0.4808E-18
C11   Ar    Excitation    13.27 eV        0.1642E-18
C12   Ar    Excitation    13.28 eV        0.3163E-18
C13   Ar    Excitation    13.30 eV        0.2317E-18
C14   Ar    Excitation    13.33 eV        0.2415E-18
C15   Ar    Excitation    13.48 eV        0.5324E-18
C16   Ar    Excitation    13.85 eV        0.2865E-18
C17   Ar    Excitation    13.86 eV        0.1355E-17
C18   Ar    Excitation    13.90 eV        0.8208E-18
C19   Ar    Excitation    13.98 eV        0.9434E-18
C20   Ar    Excitation    14.01 eV        0.2912E-18
C21   Ar    Excitation    14.06 eV        0.2959E-18
C22   Ar    Excitation    14.07 eV        0.2954E-18
C23   Ar    Excitation    14.09 eV        0.2901E-19
C24   Ar    Excitation    14.10 eV        0.4614E-19
C25   Ar    Excitation    14.15 eV        0.7734E-19
C26   Ar    Excitation    14.21 eV        0.3972E-18
C27   Ar    Excitation    14.23 eV        0.2572E-18
C28   Ar    Excitation    14.24 eV        0.6702E-19
C29   Ar    Excitation    14.24 eV        0.5612E-19
C30   Ar    Excitation    14.26 eV        0.1014E-19
C31   Ar    Excitation    14.30 eV        0.7984E-19
C32   Ar    Excitation    14.71 eV        0.9885E-21
C33   Ar    Excitation    14.85 eV        0.6285E-20
C34   Ar    Excitation    14.86 eV        0.2083E-19
C35   Ar    Excitation    15.00 eV        0.7452E-20
C36   Ar    Excitation    15.02 eV        0.7662E-20
C37   Ar    Excitation    15.12 eV        0.1259E-20
C38   Ar    Excitation    15.19 eV        0.1196E-19
C39   Ar    Excitation    15.19 eV        0.1190E-19
C40   Ar    Excitation    15.31 eV        0.1792E-21
C41   Ar    Excitation    15.35 eV        0.1151E-21
C42   Ar    Excitation    15.36 eV        0.1650E-21
C43   Ar    Excitation    15.37 eV        0.2875E-20
C44   Ar    Excitation    15.37 eV        0.6345E-20
C45   Ar    Excitation    15.66 eV        0.2021E-19
C46   Ar    Ionization    15.76 eV        0.1349E-17
------------------------------------------------------------
Energy (eV) EEDF (eV-3/2) Anisotropy
  0.5137E-01	  0.4691E+01	  0.4004E-04
  0.1541E+00	  0.3467E+01	  0.5424E-04
  0.2569E+00	  0.1551E+01	  0.8265E-04
  0.3596E+00	  0.7753E+00	  0.1410E-03
  0.4624E+00	  0.5234E+00	  0.1927E-03
  0.5651E+00	  0.4042E+00	  0.2418E-03
  0.6679E+00	  0.3329E+00	  0.2940E-03
  0.7706E+00	  0.2840E+00	  0.3516E-03
  0.8734E+00	  0.2476E+00	  0.4152E-03
  0.9761E+00	  0.2193E+00	  0.4845E-03
  0.1079E+01	  0.1962E+00	  0.5589E-03
  0.1182E+01	  0.1765E+00	  0.6387E-03
  0.1284E+01	  0.1595E+00	  0.7223E-03
  0.1387E+01	  0.1446E+00	  0.8078E-03
  0.1490E+01	  0.1316E+00	  0.8967E-03
  0.1593E+01	  0.1202E+00	  0.9863E-03
  0.1695E+01	  0.1102E+00	  0.1072E-02
  0.1798E+01	  0.1013E+00	  0.1160E-02
  0.1901E+01	  0.9340E-01	  0.1252E-02
  0.2004E+01	  0.8631E-01	  0.1350E-02
  0.2106E+01	  0.7993E-01	  0.1452E-02
  0.2209E+01	  0.7418E-01	  0.1559E-02
  0.2312E+01	  0.6899E-01	  0.1669E-02
  0.2415E+01	  0.6427E-01	  0.1784E-02
  0.2517E+01	  0.5996E-01	  0.1904E-02
  0.2620E+01	  0.5603E-01	  0.2026E-02
  0.2723E+01	  0.5243E-01	  0.2152E-02
  0.2826E+01	  0.4913E-01	  0.2281E-02
  0.2928E+01	  0.4610E-01	  0.2413E-02
  0.3031E+01	  0.4330E-01	  0.2547E-02
  0.3134E+01	  0.4072E-01	  0.2684E-02
  0.3237E+01	  0.3833E-01	  0.2824E-02
  0.3339E+01	  0.3611E-01	  0.2967E-02
  0.3442E+01	  0.3405E-01	  0.3112E-02
  0.3545E+01	  0.3213E-01	  0.3260E-02
  0.3648E+01	  0.3035E-01	  0.3410E-02
  0.3750E+01	  0.2869E-01	  0.3562E-02
  0.3853E+01	  0.2714E-01	  0.3717E-02
  0.3956E+01	  0.2569E-01	  0.3874E-02
  0.4059E+01	  0.2433E-01	  0.4034E-02
  0.4161E+01	  0.2307E-01	  0.4194E-02
  0.4264E+01	  0.2190E-01	  0.4356E-02
  0.4367E+01	  0.2081E-01	  0.4518E-02
  0.4470E+01	  0.1979E-01	  0.4681E-02
  0.4572E+01	  0.1883E-01	  0.4845E-02
  0.4675E+01	  0.1794E-01	  0.5010E-02
  0.4778E+01	  0.1710E-01	  0.5175E-02
  0.4881E+01	  0.1632E-01	  0.5341E-02
  0.4983E+01	  0.1558E-01	  0.5508E-02
  0.5086E+01	  0.1489E-01	  0.5676E-02
  0.5189E+01	  0.1423E-01	  0.5844E-02
  0.5292E+01	  0.1362E-01	  0.6013E-02
  0.5394E+01	  0.1304E-01	  0.6182E-02
  0.5497E+01	  0.1250E-01	  0.6351E-02
  0.5600E+01	  0.1199E-01	  0.6522E-02
  0.5703E+01	  0.1150E-01	  0.6693E-02
  0.5805E+01	  0.1104E-01	  0.6864E-02
  0.5908E+01	  0.1061E-01	  0.7037E-02
  0.6011E+01	  0.1020E-01	  0.7210E-02
  0.6114E+01	  0.9806E-02	  0.7385E-02
  0.6216E+01	  0.9435E-02	  0.7561E-02
  0.6319E+01	  0.9083E-02	  0.7738E-02
  0.6422E+01	  0.8748E-02	  0.7916E-02
  0.6525E+01	  0.8429E-02	  0.8096E-02
  0.6627E+01	  0.8124E-02	  0.8278E-02
  0.6730E+01	  0.7835E-02	  0.8462E-02
  0.6833E+01	  0.7558E-02	  0.8647E-02
  0.6936E+01	  0.7294E-02	  0.8835E-02
  0.7038E+01	  0.7041E-02	  0.9024E-02
  0.7141E+01	  0.6800E-02	  0.9216E-02
  0.7244E+01	  0.6568E-02	  0.9411E-02
  0.7347E+01	  0.6345E-02	  0.9610E-02
  0.7449E+01	  0.6132E-02	  0.9811E-02
  0.7552E+01	  0.5927E-02	  0.1002E-01
  0.7655E+01	  0.5729E-02	  0.1023E-01
  0.7758E+01	  0.5540E-02	  0.1044E-01
  0.7860E+01	  0.5357E-02	  0.1066E-01
  0.7963E+01	  0.5182E-02	  0.1088E-01
  0.8066E+01	  0.5013E-02	  0.1110E-01
  0.8169E+01	  0.4850E-02	  0.1133E-01
  0.8271E+01	  0.4693E-02	  0.1157E-01
  0.8374E+01	  0.4541E-02	  0.1181E-01
  0.8477E+01	  0.4395E-02	  0.1206E-01
  0.8580E+01	  0.4254E-02	  0.1231E-01
  0.8682E+01	  0.4118E-02	  0.1257E-01
  0.8785E+01	  0.3987E-02	  0.1283E-01
  0.8888E+01	  0.3860E-02	  0.1310E-01
  0.8991E+01	  0.3737E-02	  0.1338E-01
  0.9093E+01	  0.3618E-02	  0.1366E-01
  0.9196E+01	  0.3503E-02	  0.1395E-01
  0.9299E+01	  0.3391E-02	  0.1425E-01
  0.9402E+01	  0.3283E-02	  0.1456E-01
  0.9504E+01	  0.3179E-02	  0.1487E-01
  0.9607E+01	  0.3077E-02	  0.1520E-01
  0.9710E+01	  0.2979E-02	  0.1553E-01
  0.9813E+01	  0.2884E-02	  0.1588E-01
  0.9915E+01	  0.2791E-02	  0.1623E-01
  0.1002E+02	  0.2701E-02	  0.1660E-01
  0.1012E+02	  0.2613E-02	  0.1698E-01
  0.1022E+02	  0.2528E-02	  0.1737E-01
  0.1033E+02	  0.2444E-02	  0.1778E-01
  0.1043E+02	  0.2363E-02	  0.1821E-01
  0.1053E+02	  0.2283E-02	  0.1866E-01
  0.1063E+02	  0.2205E-02	  0.1913E-01
  0.1074E+02	  0.2129E-02	  0.1961E-01
  0.1084E+02	  0.2054E-02	  0.2013E-01
  0.1094E+02	  0.1980E-02	  0.2067E-01
  0.1105E+02	  0.1908E-02	  0.2125E-01
  0.1115E+02	  0.1836E-02	  0.2186E-01
  0.1125E+02	  0.1767E-02	  0.2251E-01
  0.1135E+02	  0.1698E-02	  0.2319E-01
  0.1146E+02	  0.1630E-02	  0.2393E-01
  0.1156E+02	  0.1564E-02	  0.2470E-01
  0.1166E+02	  0.1499E-02	  0.2543E-01
  0.1176E+02	  0.1435E-02	  0.2612E-01
  0.1187E+02	  0.1373E-02	  0.2677E-01
  0.1197E+02	  0.1313E-02	  0.2742E-01
  0.1207E+02	  0.1255E-02	  0.2814E-01
  0.1218E+02	  0.1198E-02	  0.2887E-01
  0.1228E+02	  0.1142E-02	  0.2959E-01
  0.1238E+02	  0.1088E-02	  0.3028E-01
  0.1248E+02	  0.1037E-02	  0.3094E-01
  0.1259E+02	  0.9865E-03	  0.3157E-01
  0.1269E+02	  0.9382E-03	  0.3216E-01
  0.1279E+02	  0.8916E-03	  0.3276E-01
  0.1290E+02	  0.8467E-03	  0.3340E-01
  0.1300E+02	  0.8033E-03	  0.3407E-01
  0.1310E+02	  0.7617E-03	  0.3473E-01
  0.1320E+02	  0.7214E-03	  0.3549E-01
  0.1331E+02	  0.6825E-03	  0.3644E-01
  0.1341E+02	  0.6446E-03	  0.3754E-01
  0.1351E+02	  0.6080E-03	  0.3869E-01
  0.1361E+02	  0.5725E-03	  0.3984E-01
  0.1372E+02	  0.5382E-03	  0.4104E-01
  0.1382E+02	  0.5051E-03	  0.4228E-01
  0.1392E+02	  0.4732E-03	  0.4355E-01
  0.1403E+02	  0.4426E-03	  0.4482E-01
  0.1413E+02	  0.4132E-03	  0.4609E-01
  0.1423E+02	  0.3852E-03	  0.4734E-01
  0.1433E+02	  0.3584E-03	  0.4858E-01
  0.1444E+02	  0.3329E-03	  0.4979E-01
  0.1454E+02	  0.3088E-03	  0.5097E-01
  0.1464E+02	  0.2860E-03	  0.5212E-01
  0.1474E+02	  0.2644E-03	  0.5324E-01
  0.1485E+02	  0.2441E-03	  0.5433E-01
  0.1495E+02	  0.2251E-03	  0.5539E-01
  0.1505E+02	  0.2072E-03	  0.5642E-01
  0.1516E+02	  0.1905E-03	  0.5746E-01
  0.1526E+02	  0.1750E-03	  0.5851E-01
  0.1536E+02	  0.1604E-03	  0.5959E-01
  0.1546E+02	  0.1469E-03	  0.6069E-01
  0.1557E+02	  0.1342E-03	  0.6184E-01
  0.1567E+02	  0.1225E-03	  0.6304E-01
  0.1577E+02	  0.1116E-03	  0.6430E-01
  0.1587E+02	  0.1015E-03	  0.6556E-01
  0.1598E+02	  0.9222E-04	  0.6678E-01
  0.1608E+02	  0.8362E-04	  0.6796E-01
  0.1618E+02	  0.7571E-04	  0.6912E-01
  0.1629E+02	  0.6844E-04	  0.7027E-01
  0.1639E+02	  0.6178E-04	  0.7142E-01
  0.1649E+02	  0.5568E-04	  0.7255E-01
  0.1659E+02	  0.5011E-04	  0.7367E-01
  0.1670E+02	  0.4503E-04	  0.7478E-01
  0.1680E+02	  0.4041E-04	  0.7586E-01
  0.1690E+02	  0.3622E-04	  0.7692E-01
  0.1701E+02	  0.3241E-04	  0.7796E-01
  0.1711E+02	  0.2897E-04	  0.7898E-01
  0.1721E+02	  0.2585E-04	  0.7999E-01
  0.1731E+02	  0.2305E-04	  0.8099E-01
  0.1742E+02	  0.2052E-04	  0.8198E-01
  0.1752E+02	  0.1824E-04	  0.8295E-01
  0.1762E+02	  0.1620E-04	  0.8392E-01
  0.1772E+02	  0.1436E-04	  0.8487E-01
  0.1783E+02	  0.1272E-04	  0.8580E-01
  0.1793E+02	  0.1125E-04	  0.8670E-01
  0.1803E+02	  0.9944E-05	  0.8759E-01
  0.1814E+02	  0.8778E-05	  0.8845E-01
  0.1824E+02	  0.7740E-05	  0.8932E-01
  0.1834E+02	  0.6817E-05	  0.9017E-01
  0.1844E+02	  0.5999E-05	  0.9102E-01
  0.1855E+02	  0.5273E-05	  0.9186E-01
  0.1865E+02	  0.4630E-05	  0.9269E-01
  0.1875E+02	  0.4062E-05	  0.9350E-01
  0.1885E+02	  0.3560E-05	  0.9429E-01
  0.1896E+02	  0.3117E-05	  0.9505E-01
  0.1906E+02	  0.2727E-05	  0.9580E-01
  0.1916E+02	  0.2384E-05	  0.9654E-01
  0.1927E+02	  0.2081E-05	  0.9727E-01
  0.1937E+02	  0.1816E-05	  0.9800E-01
  0.1947E+02	  0.1583E-05	  0.9873E-01
  0.1957E+02	  0.1378E-05	  0.9945E-01
  0.1968E+02	  0.1199E-05	  0.1002E+00
  0.1978E+02	  0.1042E-05	  0.1009E+00
  0.1988E+02	  0.9052E-06	  0.1017E+00
  0.1998E+02	  0.7854E-06	  0.1024E+00
  0.2009E+02	  0.6810E-06	  0.1031E+00
  0.2019E+02	  0.5901E-06	  0.1039E+00
  0.2029E+02	  0.5110E-06	  0.1046E+00
  0.2040E+02	  0.4423E-06	  0.1053E+00
  0.2050E+02	  0.3825E-06	  0.1059E+00
  0.2060E+02	  0.3307E-06	  0.1066E+00
  0.2070E+02	  0.2857E-06	  0.1072E+00
  0.2081E+02	  0.2467E-06	  0.1079E+00
  0.2091E+02	  0.2129E-06	  0.1085E+00
  0.2101E+02	  0.1837E-06	  0.1091E+00
  0.2112E+02	  0.1584E-06	  0.1097E+00
  0.2122E+02	  0.1365E-06	  0.1104E+00
  0.2132E+02	  0.1176E-06	  0.1110E+00
  0.2142E+02	  0.1012E-06	  0.1116E+00
  0.2153E+02	  0.8710E-07	  0.1122E+00
  0.2163E+02	  0.7491E-07	  0.1128E+00
  0.2173E+02	  0.6441E-07	  0.1133E+00
  0.2183E+02	  0.5535E-07	  0.1139E+00
  0.2194E+02	  0.4755E-07	  0.1144E+00
  0.2204E+02	  0.4083E-07	  0.1149E+00
  0.2214E+02	  0.3505E-07	  0.1154E+00
  0.2225E+02	  0.3007E-07	  0.1159E+00
  0.2235E+02	  0.2579E-07	  0.1164E+00
  0.2245E+02	  0.2211E-07	  0.1169E+00
  0.2255E+02	  0.1895E-07	  0.1174E+00
  0.2266E+02	  0.1624E-07	  0.1179E+00
  0.2276E+02	  0.1390E-07	  0.1183E+00
  0.2286E+02	  0.1190E-07	  0.1188E+00
  0.2296E+02	  0.1019E-07	  0.1193E+00
  0.2307E+02	  0.8713E-08	  0.1197E+00
  0.2317E+02	  0.7451E-08	  0.1202E+00
  0.2327E+02	  0.6369E-08	  0.1206E+00
  0.2338E+02	  0.5442E-08	  0.1211E+00
  0.2348E+02	  0.4649E-08	  0.1215E+00
  0.2358E+02	  0.3969E-08	  0.1219E+00
  0.2368E+02	  0.3388E-08	  0.1224E+00
  0.2379E+02	  0.2891E-08	  0.1228E+00
  0.2389E+02	  0.2466E-08	  0.1232E+00
  0.2399E+02	  0.2102E-08	  0.1237E+00
  0.2409E+02	  0.1792E-08	  0.1241E+00
  0.2420E+02	  0.1526E-08	  0.1245E+00
  0.2430E+02	  0.1300E-08	  0.1250E+00
  0.2440E+02	  0.1107E-08	  0.1254E+00
  0.2451E+02	  0.9418E-09	  0.1258E+00
  0.2461E+02	  0.8012E-09	  0.1262E+00
  0.2471E+02	  0.6813E-09	  0.1267E+00
  0.2481E+02	  0.5791E-09	  0.1271E+00
  0.2492E+02	  0.4921E-09	  0.1275E+00
  0.2502E+02	  0.4181E-09	  0.1279E+00
  0.2512E+02	  0.3550E-09	  0.1284E+00
  0.2523E+02	  0.3014E-09	  0.1288E+00
  0.2533E+02	  0.2558E-09	  0.1292E+00
  0.2543E+02	  0.2171E-09	  0.1297E+00
  0.2553E+02	  0.1842E-09	  0.1301E+00
  0.2564E+02	  0.1562E-09	  0.1306E+00
  0.2574E+02	  0.1325E-09	  0.1310E+00
  0.2584E+02	  0.1123E-09	  0.1315E+00
  0.2594E+02	  0.9521E-10	  0.1319E+00
  0.2605E+02	  0.8069E-10	  0.1323E+00
  0.2615E+02	  0.6838E-10	  0.1327E+00
  0.2625E+02	  0.5793E-10	  0.1330E+00
  0.2636E+02	  0.4908E-10	  0.1334E+00
  0.2646E+02	  0.4157E-10	  0.1338E+00
  0.2656E+02	  0.3520E-10	  0.1342E+00
  0.2666E+02	  0.2980E-10	  0.1346E+00
  0.2677E+02	  0.2523E-10	  0.1349E+00
  0.2687E+02	  0.2135E-10	  0.1353E+00
  0.2697E+02	  0.1807E-10	  0.1357E+00
  0.2707E+02	  0.1529E-10	  0.1360E+00
  0.2718E+02	  0.1293E-10	  0.1364E+00
  0.2728E+02	  0.1094E-10	  0.1368E+00
  0.2738E+02	  0.9247E-11	  0.1371E+00
  0.2749E+02	  0.7818E-11	  0.1375E+00
  0.2759E+02	  0.6609E-11	  0.1379E+00
  0.2769E+02	  0.5585E-11	  0.1382E+00
  0.2779E+02	  0.4719E-11	  0.1386E+00
  0.2790E+02	  0.3987E-11	  0.1390E+00
  0.2800E+02	  0.3368E-11	  0.1393E+00
  0.2810E+02	  0.2844E-11	  0.1397E+00
  0.2820E+02	  0.2401E-11	  0.1401E+00
  0.2831E+02	  0.2027E-11	  0.1404E+00
  0.2841E+02	  0.1711E-11	  0.1408E+00
  0.2851E+02	  0.1443E-11	  0.1412E+00
  0.2862E+02	  0.1218E-11	  0.1415E+00
  0.2872E+02	  0.1027E-11	  0.1419E+00
  0.2882E+02	  0.8663E-12	  0.1423E+00
  0.2892E+02	  0.7304E-12	  0.1426E+00
  0.2903E+02	  0.6157E-12	  0.1430E+00
  0.2913E+02	  0.5189E-12	  0.1433E+00
  0.2923E+02	  0.4373E-12	  0.1437E+00
  0.2934E+02	  0.3684E-12	  0.1440E+00
  0.2944E+02	  0.3103E-12	  0.1444E+00
  0.2954E+02	  0.2613E-12	  0.1448E+00
  0.2964E+02	  0.2200E-12	  0.1451E+00
  0.2975E+02	  0.1852E-12	  0.1455E+00
  0.2985E+02	  0.1559E-12	  0.1459E+00
  0.2995E+02	  0.1312E-12	  0.1462E+00
  0.3005E+02	  0.1104E-12	  0.1466E+00
  0.3016E+02	  0.9283E-13	  0.1470E+00
  0.3026E+02	  0.7808E-13	  0.1474E+00
  0.3036E+02	  0.6567E-13	  0.1477E+00
  0.3047E+02	  0.5523E-13	  0.1481E+00
  0.3057E+02	  0.4645E-13	  0.1485E+00
  0.3067E+02	  0.3906E-13	  0.1489E+00
  0.3077E+02	  0.3284E-13	  0.1492E+00
  0.3088E+02	  0.2762E-13	  0.1496E+00
  0.3098E+02	  0.2322E-13	  0.1500E+00
  0.3108E+02	  0.1952E-13	  0.1504E+00
  0.3118E+02	  0.1641E-13	  0.1507E+00
  0.3129E+02	  0.1380E-13	  0.1511E+00
  0.3139E+02	  0.1160E-13	  0.1515E+00
  0.3149E+02	  0.9747E-14	  0.1519E+00
  0.3160E+02	  0.8193E-14	  0.1522E+00
  0.3170E+02	  0.6886E-14	  0.1526E+00
  0.3180E+02	  0.5787E-14	  0.1529E+00
  0.3190E+02	  0.4863E-14	  0.1533E+00
  0.3201E+02	  0.4087E-14	  0.1536E+00
  0.3211E+02	  0.3434E-14	  0.1540E+00
  0.3221E+02	  0.2885E-14	  0.1543E+00
  0.3231E+02	  0.2424E-14	  0.1547E+00
  0.3242E+02	  0.2037E-14	  0.1550E+00
  0.3252E+02	  0.1711E-14	  0.1554E+00
  0.3262E+02	  0.1438E-14	  0.1557E+00
  0.3273E+02	  0.1208E-14	  0.1561E+00
  0.3283E+02	  0.1014E-14	  0.1564E+00
  0.3293E+02	  0.8521E-15	  0.1567E+00
  0.3303E+02	  0.7157E-15	  0.1571E+00
  0.3314E+02	  0.6011E-15	  0.1574E+00
  0.3324E+02	  0.5048E-15	  0.1577E+00
  0.3334E+02	  0.4239E-15	  0.1581E+00
  0.3345E+02	  0.3560E-15	  0.1584E+00
  0.3355E+02	  0.2990E-15	  0.1587E+00
  0.3365E+02	  0.2510E-15	  0.1591E+00
  0.3375E+02	  0.2108E-15	  0.1594E+00
  0.3386E+02	  0.1770E-15	  0.1597E+00
  0.3396E+02	  0.1486E-15	  0.1600E+00
  0.3406E+02	  0.1248E-15	  0.1603E+00
  0.3416E+02	  0.1047E-15	  0.1606E+00
  0.3427E+02	  0.8793E-16	  0.1609E+00
  0.3437E+02	  0.7381E-16	  0.1612E+00
  0.3447E+02	  0.6196E-16	  0.1615E+00
  0.3458E+02	  0.5201E-16	  0.1617E+00
  0.3468E+02	  0.4366E-16	  0.1620E+00
  0.3478E+02	  0.3665E-16	  0.1623E+00
  0.3488E+02	  0.3076E-16	  0.1626E+00
  0.3499E+02	  0.2581E-16	  0.1629E+00
  0.3509E+02	  0.2166E-16	  0.1632E+00
  0.3519E+02	  0.1818E-16	  0.1635E+00
  0.3529E+02	  0.1526E-16	  0.1638E+00
  0.3540E+02	  0.1280E-16	  0.1641E+00
  0.3550E+02	  0.1074E-16	  0.1643E+00
  0.3560E+02	  0.9014E-17	  0.1646E+00
  0.3571E+02	  0.7563E-17	  0.1649E+00
  0.3581E+02	  0.6346E-17	  0.1651E+00
  0.3591E+02	  0.5325E-17	  0.1654E+00
  0.3601E+02	  0.4468E-17	  0.1656E+00
  0.3612E+02	  0.3748E-17	  0.1658E+00
  0.3622E+02	  0.3145E-17	  0.1660E+00
  0.3632E+02	  0.2639E-17	  0.1663E+00
  0.3642E+02	  0.2214E-17	  0.1665E+00
  0.3653E+02	  0.1857E-17	  0.1667E+00
  0.3663E+02	  0.1558E-17	  0.1669E+00
  0.3673E+02	  0.1307E-17	  0.1671E+00
  0.3684E+02	  0.1097E-17	  0.1673E+00
  0.3694E+02	  0.9202E-18	  0.1675E+00
  0.3704E+02	  0.7720E-18	  0.1677E+00
  0.3714E+02	  0.6476E-18	  0.1679E+00
  0.3725E+02	  0.5433E-18	  0.1681E+00
  0.3735E+02	  0.4558E-18	  0.1682E+00
  0.3745E+02	  0.3824E-18	  0.1684E+00
  0.3756E+02	  0.3208E-18	  0.1686E+00
  0.3766E+02	  0.2691E-18	  0.1688E+00
  0.3776E+02	  0.2257E-18	  0.1690E+00
  0.3786E+02	  0.1894E-18	  0.1691E+00
  0.3797E+02	  0.1588E-18	  0.1693E+00
  0.3807E+02	  0.1332E-18	  0.1695E+00
  0.3817E+02	  0.1118E-18	  0.1696E+00
  0.3827E+02	  0.9376E-19	  0.1698E+00
  0.3838E+02	  0.7865E-19	  0.1699E+00
  0.3848E+02	  0.6597E-19	  0.1700E+00
  0.3858E+02	  0.5534E-19	  0.1702E+00
  0.3869E+02	  0.4642E-19	  0.1703E+00
  0.3879E+02	  0.3894E-19	  0.1704E+00
  0.3889E+02	  0.3267E-19	  0.1706E+00
  0.3899E+02	  0.2740E-19	  0.1707E+00
  0.3910E+02	  0.2298E-19	  0.1708E+00
  0.3920E+02	  0.1928E-19	  0.1709E+00
  0.3930E+02	  0.1617E-19	  0.1711E+00
  0.3940E+02	  0.1357E-19	  0.1712E+00
  0.3951E+02	  0.1138E-19	  0.1713E+00
  0.3961E+02	  0.9543E-20	  0.1715E+00
  0.3971E+02	  0.8004E-20	  0.1716E+00
  0.3982E+02	  0.6713E-20	  0.1718E+00
  0.3992E+02	  0.5630E-20	  0.1719E+00
  0.4002E+02	  0.4721E-20	  0.1721E+00
  0.4012E+02	  0.3959E-20	  0.1723E+00
  0.4023E+02	  0.3321E-20	  0.1725E+00
  0.4033E+02	  0.2786E-20	  0.1726E+00
  0.4043E+02	  0.2337E-20	  0.1728E+00
  0.4053E+02	  0.1960E-20	  0.1730E+00
  0.4064E+02	  0.1645E-20	  0.1732E+00
  0.4074E+02	  0.1380E-20	  0.1733E+00
  0.4084E+02	  0.1158E-20	  0.1735E+00
  0.4095E+02	  0.9720E-21	  0.1737E+00
  0.4105E+02	  0.8158E-21	  0.1739E+00
  0.4115E+02	  0.6848E-21	  0.1740E+00
  0.4125E+02	  0.5748E-21	  0.1742E+00
  0.4136E+02	  0.4825E-21	  0.1744E+00
  0.4146E+02	  0.4051E-21	  0.1745E+00
  0.4156E+02	  0.3402E-21	  0.1747E+00
  0.4167E+02	  0.2856E-21	  0.1749E+00
  0.4177E+02	  0.2399E-21	  0.1751E+00
  0.4187E+02	  0.2015E-21	  0.1752E+00
  0.4197E+02	  0.1692E-21	  0.1754E+00
  0.4208E+02	  0.1421E-21	  0.1756E+00
  0.4218E+02	  0.1194E-21	  0.1757E+00
  0.4228E+02	  0.1003E-21	  0.1759E+00
  0.4238E+02	  0.8427E-22	  0.1760E+00
  0.4249E+02	  0.7081E-22	  0.1762E+00
  0.4259E+02	  0.5950E-22	  0.1764E+00
  0.4269E+02	  0.5000E-22	  0.1765E+00
  0.4280E+02	  0.4202E-22	  0.1767E+00
  0.4290E+02	  0.3532E-22	  0.1768E+00
  0.4300E+02	  0.2969E-22	  0.1770E+00
  0.4310E+02	  0.2496E-22	  0.1771E+00
  0.4321E+02	  0.2098E-22	  0.1773E+00
  0.4331E+02	  0.1764E-22	  0.1774E+00
  0.4341E+02	  0.1483E-22	  0.1776E+00
  0.4351E+02	  0.1247E-22	  0.1777E+00
  0.4362E+02	  0.1049E-22	  0.1778E+00
  0.4372E+02	  0.8823E-23	  0.1780E+00
  0.4382E+02	  0.7421E-23	  0.1781E+00
  0.4393E+02	  0.6242E-23	  0.1783E+00
  0.4403E+02	  0.5251E-23	  0.1784E+00
  0.4413E+02	  0.4418E-23	  0.1785E+00
  0.4423E+02	  0.3717E-23	  0.1787E+00
  0.4434E+02	  0.3128E-23	  0.1788E+00
  0.4444E+02	  0.2632E-23	  0.1789E+00
  0.4454E+02	  0.2215E-23	  0.1791E+00
  0.4464E+02	  0.1864E-23	  0.1792E+00
  0.4475E+02	  0.1569E-23	  0.1793E+00
  0.4485E+02	  0.1320E-23	  0.1795E+00
  0.4495E+02	  0.1111E-23	  0.1796E+00
  0.4506E+02	  0.9357E-24	  0.1798E+00
  0.4516E+02	  0.7877E-24	  0.1799E+00
  0.4526E+02	  0.6632E-24	  0.1800E+00
  0.4536E+02	  0.5584E-24	  0.1801E+00
  0.4547E+02	  0.4702E-24	  0.1803E+00

R37 
------------------------------------------------------------
Electric field / N (Td)                    400.0    
Angular frequency / N (m3/s)              0.1938E-11
Cosine of E-B field angle                  0.000    
Gas temperature (K)                        800.0    
Excitation temperature (K)                 300.0    
Transition energy (eV)                     0.000    
Ionization degree                          0.000    
Plasma density (1/m3)                     0.1000E+19
Ion charge parameter                       1.000    
Ion/neutral mass ratio                     1.000    
Coulomb collision model                    1.000    
Energy sharing                             0.000    
Growth model                               1.000    
Maxwellian mean energy (eV)                0.000    
# of grid points                           500.0    
Grid type                                  1.000    
Maximum energy                             30.00    
Precision                                 0.1000E-24
Convergence                               0.1000E-03
Maximum # of iterations                   0.2000E+05
Mole fraction Ar                           1.000    
------------------------------------------------------------
Mean energy (eV)                           1.952    
Mobility *N (1/m/V/s)                     0.1274E+27
Re/perp mobility *N (1/m/V/s)             0.3225E+22
Im/Hall mobility *N (1/m/V/s)            -0.9111E+23
Diffusion coefficient *N (1/m/s)          0.2447E+26
Energy mobility *N (1/m/V/s)              0.1990E+26
Energy diffusion coef. *N (1/m/s)         0.9058E+25
Total collision freq. /N (m3/s)           0.3724E-13
Momentum frequency /N (m3/s)              0.6895E-13
Total ionization freq. /N (m3/s)          0.2376E-17
Power /N (eV m3/s)                        0.5160E-15
Elastic power loss /N (eV m3/s)           0.6697E-17
Inelastic power loss /N (eV m3/s)         0.5048E-15
Growth power /N (eV m3/s)                 0.4639E-17
Maximum energy                             51.37    
# of iterations                            36.00    
# of grid trials                           4.000    
------------------------------------------------------------
Rate coefficients (m3/s)
C1    Ar    Elastic                       0.3720E-13
C2    Ar    Excitation    11.55 eV        0.7355E-17
C3    Ar    Excitation    11.62 eV        0.6454E-17
C4    Ar    Excitation    11.72 eV        0.1277E-17
C5    Ar    Excitation    11.83 eV        0.9082E-17
C6    Ar    Excitation    12.91 eV        0.8652E-18
C7    Ar    Excitation    13.08 eV        0.1017E-17
C8    Ar    Excitation    13.10 eV        0.6885E-18
C9    Ar    Excitation    13.15 eV        0.4654E-18
C10   Ar    Excitation    13.17 eV        0.6598E-18
C11   Ar    Excitation    13.27 eV        0.2310E-18
C12   Ar    Excitation    13.28 eV        0.4429E-18
C13   Ar    Excitation    13.30 eV        0.3239E-18
C14   Ar    Excitation    13.33 eV        0.3281E-18
C15   Ar    Excitation    13.48 eV        0.7526E-18
C16   Ar    Excitation    13.85 eV        0.4005E-18
C17   Ar    Excitation    13.86 eV        0.1903E-17
C18   Ar    Excitation    13.90 eV        0.1174E-17
C19   Ar    Excitation    13.98 eV        0.1335E-17
C20   Ar    Excitation    14.01 eV        0.4167E-18
C21   Ar    Excitation    14.06 eV        0.4279E-18
C22   Ar    Excitation    14.07 eV        0.4273E-18
C23   Ar    Excitation    14.09 eV        0.4568E-19
C24   Ar    Excitation    14.10 eV        0.6810E-19
C25   Ar    Excitation    14.15 eV        0.1225E-18
C26   Ar    Excitation    14.21 eV        0.5775E-18
C27   Ar    Excitation    14.23 eV        0.3727E-18
C28   Ar    Excitation    14.24 eV        0.9951E-19
C29   Ar    Excitation    14.24 eV        0.8178E-19
C30   Ar    Excitation    14.26 eV        0.1622E-19
C31   Ar    Excitation    14.30 eV        0.1283E-18
C32   Ar    Excitation    14.71 eV        0.1655E-20
C33   Ar    Excitation    14.85 eV        0.1067E-19
C34   Ar    Excitation    14.86 eV        0.3541E-19
C35   Ar    Excitation    15.00 eV        0.1287E-19
C36   Ar    Excitation    15.02 eV        0.1326E-19
C37   Ar    Excitation    15.12 eV        0.2202E-20
C38   Ar    Excitation    15.19 eV        0.2108E-19
C39   Ar    Excitation    15.19 eV        0.2098E-19
C40   Ar    Excitation    15.31 eV        0.3201E-21
C41   Ar    Excitation    15.35 eV        0.2066E-21
C42   Ar    Excitation    15.36 eV        0.2965E-21
C43   Ar    Excitation    15.37 eV        0.5171E-20
C44   Ar    Excitation    15.37 eV        0.1142E-19
C45   Ar    Excitation    15.66 eV        0.3763E-19
C46   Ar    Ionization    15.76 eV        0.2376E-17
------------------------------------------------------------
Energy (eV) EEDF (eV-3/2) Anisotropy
  0.5137E-01	  0.5115E+01	  0.5245E-04
  0.1541E+00	  0.3644E+01	  0.6854E-04
  0.2569E+00	  0.1553E+01	  0.1007E-03
  0.3596E+00	  0.7522E+00	  0.1693E-03
  0.4624E+00	  0.5001E+00	  0.2284E-03
  0.5651E+00	  0.3833E+00	  0.2832E-03
  0.6679E+00	  0.3146E+00	  0.3406E-03
  0.7706E+00	  0.2680E+00	  0.4034E-03
  0.8734E+00	  0.2338E+00	  0.4726E-03
  0.9761E+00	  0.2072E+00	  0.5479E-03
  0.1079E+01	  0.1857E+00	  0.6289E-03
  0.1182E+01	  0.1673E+00	  0.7159E-03
  0.1284E+01	  0.1515E+00	  0.8070E-03
  0.1387E+01	  0.1377E+00	  0.9004E-03
  0.1490E+01	  0.1257E+00	  0.9978E-03
  0.1593E+01	  0.1150E+00	  0.1096E-02
  0.1695E+01	  0.1057E+00	  0.1191E-02
  0.1798E+01	  0.9742E-01	  0.1287E-02
  0.1901E+01	  0.9003E-01	  0.1390E-02
  0.2004E+01	  0.8338E-01	  0.1498E-02
  0.2106E+01	  0.7739E-01	  0.1611E-02
  0.2209E+01	  0.7198E-01	  0.1729E-02
  0.2312E+01	  0.6708E-01	  0.1852E-02
  0.2415E+01	  0.6262E-01	  0.1980E-02
  0.2517E+01	  0.5855E-01	  0.2112E-02
  0.2620E+01	  0.5482E-01	  0.2249E-02
  0.2723E+01	  0.5140E-01	  0.2389E-02
  0.2826E+01	  0.4825E-01	  0.2533E-02
  0.2928E+01	  0.4535E-01	  0.2680E-02
  0.3031E+01	  0.4268E-01	  0.2831E-02
  0.3134E+01	  0.4020E-01	  0.2984E-02
  0.3237E+01	  0.3790E-01	  0.3142E-02
  0.3339E+01	  0.3576E-01	  0.3302E-02
  0.3442E+01	  0.3377E-01	  0.3465E-02
  0.3545E+01	  0.3192E-01	  0.3632E-02
  0.3648E+01	  0.3019E-01	  0.3801E-02
  0.3750E+01	  0.2858E-01	  0.3973E-02
  0.3853E+01	  0.2707E-01	  0.4147E-02
  0.3956E+01	  0.2566E-01	  0.4325E-02
  0.4059E+01	  0.2433E-01	  0.4505E-02
  0.4161E+01	  0.2310E-01	  0.4687E-02
  0.4264E+01	  0.2195E-01	  0.4870E-02
  0.4367E+01	  0.2088E-01	  0.5054E-02
  0.4470E+01	  0.1988E-01	  0.5239E-02
  0.4572E+01	  0.1894E-01	  0.5425E-02
  0.4675E+01	  0.1805E-01	  0.5612E-02
  0.4778E+01	  0.1723E-01	  0.5800E-02
  0.4881E+01	  0.1645E-01	  0.5988E-02
  0.4983E+01	  0.1572E-01	  0.6178E-02
  0.5086E+01	  0.1504E-01	  0.6368E-02
  0.5189E+01	  0.1439E-01	  0.6558E-02
  0.5292E+01	  0.1378E-01	  0.6749E-02
  0.5394E+01	  0.1321E-01	  0.6940E-02
  0.5497E+01	  0.1266E-01	  0.7132E-02
  0.5600E+01	  0.1215E-01	  0.7325E-02
  0.5703E+01	  0.1167E-01	  0.7517E-02
  0.5805E+01	  0.1121E-01	  0.7711E-02
  0.5908E+01	  0.1078E-01	  0.7905E-02
  0.6011E+01	  0.1037E-01	  0.8100E-02
  0.6114E+01	  0.9977E-02	  0.8295E-02
  0.6216E+01	  0.9606E-02	  0.8492E-02
  0.6319E+01	  0.9253E-02	  0.8690E-02
  0.6422E+01	  0.8918E-02	  0.8889E-02
  0.6525E+01	  0.8598E-02	  0.9090E-02
  0.6627E+01	  0.8293E-02	  0.9292E-02
  0.6730E+01	  0.8002E-02	  0.9495E-02
  0.6833E+01	  0.7725E-02	  0.9700E-02
  0.6936E+01	  0.7460E-02	  0.9907E-02
  0.7038E+01	  0.7207E-02	  0.1012E-01
  0.7141E+01	  0.6964E-02	  0.1033E-01
  0.7244E+01	  0.6731E-02	  0.1054E-01
  0.7347E+01	  0.6508E-02	  0.1076E-01
  0.7449E+01	  0.6293E-02	  0.1098E-01
  0.7552E+01	  0.6087E-02	  0.1120E-01
  0.7655E+01	  0.5889E-02	  0.1143E-01
  0.7758E+01	  0.5698E-02	  0.1166E-01
  0.7860E+01	  0.5515E-02	  0.1190E-01
  0.7963E+01	  0.5338E-02	  0.1214E-01
  0.8066E+01	  0.5168E-02	  0.1238E-01
  0.8169E+01	  0.5004E-02	  0.1263E-01
  0.8271E+01	  0.4846E-02	  0.1288E-01
  0.8374E+01	  0.4694E-02	  0.1314E-01
  0.8477E+01	  0.4547E-02	  0.1340E-01
  0.8580E+01	  0.4405E-02	  0.1367E-01
  0.8682E+01	  0.4268E-02	  0.1394E-01
  0.8785E+01	  0.4136E-02	  0.1422E-01
  0.8888E+01	  0.4008E-02	  0.1451E-01
  0.8991E+01	  0.3884E-02	  0.1480E-01
  0.9093E+01	  0.3765E-02	  0.1510E-01
  0.9196E+01	  0.3649E-02	  0.1540E-01
  0.9299E+01	  0.3537E-02	  0.1572E-01
  0.9402E+01	  0.3428E-02	  0.1604E-01
  0.9504E+01	  0.3323E-02	  0.1637E-01
  0.9607E+01	  0.3221E-02	  0.1670E-01
  0.9710E+01	  0.3122E-02	  0.1705E-01
  0.9813E+01	  0.3026E-02	  0.1741E-01
  0.9915E+01	  0.2932E-02	  0.1778E-01
  0.1002E+02	  0.2842E-02	  0.1815E-01
  0.1012E+02	  0.2753E-02	  0.1854E-01
  0.1022E+02	  0.2667E-02	  0.1894E-01
  0.1033E+02	  0.2583E-02	  0.1936E-01
  0.1043E+02	  0.2501E-02	  0.1980E-01
  0.1053E+02	  0.2421E-02	  0.2025E-01
  0.1063E+02	  0.2342E-02	  0.2072E-01
  0.1074E+02	  0.2265E-02	  0.2122E-01
  0.1084E+02	  0.2190E-02	  0.2173E-01
  0.1094E+02	  0.2116E-02	  0.2228E-01
  0.1105E+02	  0.2043E-02	  0.2285E-01
  0.1115E+02	  0.1971E-02	  0.2345E-01
  0.1125E+02	  0.1901E-02	  0.2409E-01
  0.1135E+02	  0.1832E-02	  0.2477E-01
  0.1146E+02	  0.1763E-02	  0.2548E-01
  0.1156E+02	  0.1697E-02	  0.2623E-01
  0.1166E+02	  0.1631E-02	  0.2695E-01
  0.1176E+02	  0.1567E-02	  0.2763E-01
  0.1187E+02	  0.1504E-02	  0.2828E-01
  0.1197E+02	  0.1443E-02	  0.2893E-01
  0.1207E+02	  0.1384E-02	  0.2964E-01
  0.1218E+02	  0.1325E-02	  0.3036E-01
  0.1228E+02	  0.1269E-02	  0.3108E-01
  0.1238E+02	  0.1214E-02	  0.3177E-01
  0.1248E+02	  0.1161E-02	  0.3244E-01
  0.1259E+02	  0.1109E-02	  0.3307E-01
  0.1269E+02	  0.1060E-02	  0.3369E-01
  0.1279E+02	  0.1011E-02	  0.3430E-01
  0.1290E+02	  0.9644E-03	  0.3497E-01
  0.1300E+02	  0.9191E-03	  0.3565E-01
  0.1310E+02	  0.8753E-03	  0.3634E-01
  0.1320E+02	  0.8329E-03	  0.3712E-01
  0.1331E+02	  0.7917E-03	  0.3807E-01
  0.1341E+02	  0.7515E-03	  0.3915E-01
  0.1351E+02	  0.7124E-03	  0.4027E-01
  0.1361E+02	  0.6745E-03	  0.4140E-01
  0.1372E+02	  0.6377E-03	  0.4258E-01
  0.1382E+02	  0.6020E-03	  0.4378E-01
  0.1392E+02	  0.5675E-03	  0.4501E-01
  0.1403E+02	  0.5342E-03	  0.4625E-01
  0.1413E+02	  0.5021E-03	  0.4748E-01
  0.1423E+02	  0.4713E-03	  0.4870E-01
  0.1433E+02	  0.4417E-03	  0.4991E-01
  0.1444E+02	  0.4134E-03	  0.5108E-01
  0.1454E+02	  0.3864E-03	  0.5224E-01
  0.1464E+02	  0.3607E-03	  0.5337E-01
  0.1474E+02	  0.3363E-03	  0.5447E-01
  0.1485E+02	  0.3131E-03	  0.5554E-01
  0.1495E+02	  0.2911E-03	  0.5659E-01
  0.1505E+02	  0.2704E-03	  0.5762E-01
  0.1516E+02	  0.2509E-03	  0.5864E-01
  0.1526E+02	  0.2325E-03	  0.5969E-01
  0.1536E+02	  0.2151E-03	  0.6076E-01
  0.1546E+02	  0.1988E-03	  0.6186E-01
  0.1557E+02	  0.1835E-03	  0.6300E-01
  0.1567E+02	  0.1692E-03	  0.6418E-01
  0.1577E+02	  0.1557E-03	  0.6541E-01
  0.1587E+02	  0.1431E-03	  0.6664E-01
  0.1598E+02	  0.1314E-03	  0.6783E-01
  0.1608E+02	  0.1204E-03	  0.6899E-01
  0.1618E+02	  0.1103E-03	  0.7013E-01
  0.1629E+02	  0.1008E-03	  0.7126E-01
  0.1639E+02	  0.9205E-04	  0.7239E-01
  0.1649E+02	  0.8395E-04	  0.7350E-01
  0.1659E+02	  0.7646E-04	  0.7460E-01
  0.1670E+02	  0.6956E-04	  0.7568E-01
  0.1680E+02	  0.6320E-04	  0.7675E-01
  0.1690E+02	  0.5735E-04	  0.7779E-01
  0.1701E+02	  0.5198E-04	  0.7881E-01
  0.1711E+02	  0.4707E-04	  0.7981E-01
  0.1721E+02	  0.4256E-04	  0.8081E-01
  0.1731E+02	  0.3845E-04	  0.8179E-01
  0.1742E+02	  0.3469E-04	  0.8276E-01
  0.1752E+02	  0.3127E-04	  0.8372E-01
  0.1762E+02	  0.2815E-04	  0.8467E-01
  0.1772E+02	  0.2532E-04	  0.8560E-01
  0.1783E+02	  0.2275E-04	  0.8651E-01
  0.1793E+02	  0.2042E-04	  0.8741E-01
  0.1803E+02	  0.1830E-04	  0.8828E-01
  0.1814E+02	  0.1640E-04	  0.8913E-01
  0.1824E+02	  0.1467E-04	  0.8998E-01
  0.1834E+02	  0.1312E-04	  0.9083E-01
  0.1844E+02	  0.1172E-04	  0.9166E-01
  0.1855E+02	  0.1046E-04	  0.9249E-01
  0.1865E+02	  0.9329E-05	  0.9331E-01
  0.1875E+02	  0.8312E-05	  0.9410E-01
  0.1885E+02	  0.7400E-05	  0.9488E-01
  0.1896E+02	  0.6583E-05	  0.9564E-01
  0.1906E+02	  0.5851E-05	  0.9638E-01
  0.1916E+02	  0.5197E-05	  0.9711E-01
  0.1927E+02	  0.4612E-05	  0.9784E-01
  0.1937E+02	  0.4090E-05	  0.9856E-01
  0.1947E+02	  0.3624E-05	  0.9928E-01
  0.1957E+02	  0.3208E-05	  0.1000E+00
  0.1968E+02	  0.2838E-05	  0.1007E+00
  0.1978E+02	  0.2509E-05	  0.1015E+00
  0.1988E+02	  0.2216E-05	  0.1022E+00
  0.1998E+02	  0.1956E-05	  0.1029E+00
  0.2009E+02	  0.1725E-05	  0.1036E+00
  0.2019E+02	  0.1521E-05	  0.1044E+00
  0.2029E+02	  0.1340E-05	  0.1051E+00
  0.2040E+02	  0.1180E-05	  0.1057E+00
  0.2050E+02	  0.1038E-05	  0.1064E+00
  0.2060E+02	  0.9136E-06	  0.1070E+00
  0.2070E+02	  0.8034E-06	  0.1077E+00
  0.2081E+02	  0.7061E-06	  0.1083E+00
  0.2091E+02	  0.6203E-06	  0.1090E+00
  0.2101E+02	  0.5448E-06	  0.1096E+00
  0.2112E+02	  0.4782E-06	  0.1102E+00
  0.2122E+02	  0.4196E-06	  0.1108E+00
  0.2132E+02	  0.3680E-06	  0.1114E+00
  0.2142E+02	  0.3226E-06	  0.1120E+00
  0.2153E+02	  0.2827E-06	  0.1126E+00
  0.2163E+02	  0.2477E-06	  0.1132E+00
  0.2173E+02	  0.2169E-06	  0.1137E+00
  0.2183E+02	  0.1898E-06	  0.1143E+00
  0.2194E+02	  0.1661E-06	  0.1148E+00
  0.2204E+02	  0.1453E-06	  0.1153E+00
  0.2214E+02	  0.1270E-06	  0.1158E+00
  0.2225E+02	  0.1111E-06	  0.1163E+00
  0.2235E+02	  0.9705E-07	  0.1168E+00
  0.2245E+02	  0.8478E-07	  0.1172E+00
  0.2255E+02	  0.7404E-07	  0.1177E+00
  0.2266E+02	  0.6463E-07	  0.1182E+00
  0.2276E+02	  0.5640E-07	  0.1187E+00
  0.2286E+02	  0.4921E-07	  0.1191E+00
  0.2296E+02	  0.4292E-07	  0.1196E+00
  0.2307E+02	  0.3742E-07	  0.1201E+00
  0.2317E+02	  0.3261E-07	  0.1205E+00
  0.2327E+02	  0.2841E-07	  0.1209E+00
  0.2338E+02	  0.2475E-07	  0.1214E+00
  0.2348E+02	  0.2155E-07	  0.1218E+00
  0.2358E+02	  0.1876E-07	  0.1222E+00
  0.2368E+02	  0.1632E-07	  0.1227E+00
  0.2379E+02	  0.1420E-07	  0.1231E+00
  0.2389E+02	  0.1235E-07	  0.1235E+00
  0.2399E+02	  0.1074E-07	  0.1240E+00
  0.2409E+02	  0.9331E-08	  0.1244E+00
  0.2420E+02	  0.8107E-08	  0.1248E+00
  0.2430E+02	  0.7041E-08	  0.1252E+00
  0.2440E+02	  0.6113E-08	  0.1257E+00
  0.2451E+02	  0.5306E-08	  0.1261E+00
  0.2461E+02	  0.4604E-08	  0.1265E+00
  0.2471E+02	  0.3993E-08	  0.1269E+00
  0.2481E+02	  0.3462E-08	  0.1274E+00
  0.2492E+02	  0.3001E-08	  0.1278E+00
  0.2502E+02	  0.2601E-08	  0.1282E+00
  0.2512E+02	  0.2253E-08	  0.1286E+00
  0.2523E+02	  0.1952E-08	  0.1291E+00
  0.2533E+02	  0.1690E-08	  0.1295E+00
  0.2543E+02	  0.1463E-08	  0.1300E+00
  0.2553E+02	  0.1267E-08	  0.1304E+00
  0.2564E+02	  0.1096E-08	  0.1309E+00
  0.2574E+02	  0.9485E-09	  0.1313E+00
  0.2584E+02	  0.8206E-09	  0.1317E+00
  0.2594E+02	  0.7098E-09	  0.1321E+00
  0.2605E+02	  0.6139E-09	  0.1325E+00
  0.2615E+02	  0.5309E-09	  0.1329E+00
  0.2625E+02	  0.4590E-09	  0.1333E+00
  0.2636E+02	  0.3968E-09	  0.1337E+00
  0.2646E+02	  0.3430E-09	  0.1340E+00
  0.2656E+02	  0.2964E-09	  0.1344E+00
  0.2666E+02	  0.2562E-09	  0.1348E+00
  0.2677E+02	  0.2213E-09	  0.1352E+00
  0.2687E+02	  0.1912E-09	  0.1355E+00
  0.2697E+02	  0.1651E-09	  0.1359E+00
  0.2707E+02	  0.1426E-09	  0.1363E+00
  0.2718E+02	  0.1231E-09	  0.1366E+00
  0.2728E+02	  0.1063E-09	  0.1370E+00
  0.2738E+02	  0.9176E-10	  0.1374E+00
  0.2749E+02	  0.7919E-10	  0.1377E+00
  0.2759E+02	  0.6833E-10	  0.1381E+00
  0.2769E+02	  0.5896E-10	  0.1384E+00
  0.2779E+02	  0.5086E-10	  0.1388E+00
  0.2790E+02	  0.4386E-10	  0.1392E+00
  0.2800E+02	  0.3782E-10	  0.1395E+00
  0.2810E+02	  0.3261E-10	  0.1399E+00
  0.2820E+02	  0.2811E-10	  0.1403E+00
  0.2831E+02	  0.2423E-10	  0.1406E+00
  0.2841E+02	  0.2088E-10	  0.1410E+00
  0.2851E+02	  0.1799E-10	  0.1414E+00
  0.2862E+02	  0.1550E-10	  0.1417E+00
  0.2872E+02	  0.1335E-10	  0.1421E+00
  0.2882E+02	  0.1149E-10	  0.1425E+00
  0.2892E+02	  0.9897E-11	  0.1428E+00
  0.2903E+02	  0.8520E-11	  0.1432E+00
  0.2913E+02	  0.7333E-11	  0.1435E+00
  0.2923E+02	  0.6311E-11	  0.1439E+00
  0.2934E+02	  0.5430E-11	  0.1442E+00
  0.2944E+02	  0.4671E-11	  0.1446E+00
  0.2954E+02	  0.4018E-11	  0.1450E+00
  0.2964E+02	  0.3455E-11	  0.1453E+00
  0.2975E+02	  0.2971E-11	  0.1457E+00
  0.2985E+02	  0.2554E-11	  0.1460E+00
  0.2995E+02	  0.2195E-11	  0.1464E+00
  0.3005E+02	  0.1886E-11	  0.1468E+00
  0.3016E+02	  0.1621E-11	  0.1472E+00
  0.3026E+02	  0.1393E-11	  0.1475E+00
  0.3036E+02	  0.1196E-11	  0.1479E+00
  0.3047E+02	  0.1028E-11	  0.1483E+00
  0.3057E+02	  0.8830E-12	  0.1487E+00
  0.3067E+02	  0.7585E-12	  0.1491E+00
  0.3077E+02	  0.6515E-12	  0.1494E+00
  0.3088E+02	  0.5596E-12	  0.1498E+00
  0.3098E+02	  0.4807E-12	  0.1502E+00
  0.3108E+02	  0.4128E-12	  0.1505E+00
  0.3118E+02	  0.3545E-12	  0.1509E+00
  0.3129E+02	  0.3045E-12	  0.1513E+00
  0.3139E+02	  0.2615E-12	  0.1517E+00
  0.3149E+02	  0.2245E-12	  0.1520E+00
  0.3160E+02	  0.1928E-12	  0.1524E+00
  0.3170E+02	  0.1655E-12	  0.1527E+00
  0.3180E+02	  0.1421E-12	  0.1531E+00
  0.3190E+02	  0.1220E-12	  0.1535E+00
  0.3201E+02	  0.1048E-12	  0.1538E+00
  0.3211E+02	  0.8993E-13	  0.1542E+00
  0.3221E+02	  0.7720E-13	  0.1545E+00
  0.3231E+02	  0.6627E-13	  0.1548E+00
  0.3242E+02	  0.5689E-13	  0.1552E+00
  0.3252E+02	  0.4883E-13	  0.1555E+00
  0.3262E+02	  0.4191E-13	  0.1559E+00
  0.3273E+02	  0.3597E-13	  0.1562E+00
  0.3283E+02	  0.3087E-13	  0.1565E+00
  0.3293E+02	  0.2649E-13	  0.1569E+00
  0.3303E+02	  0.2274E-13	  0.1572E+00
  0.3314E+02	  0.1951E-13	  0.1576E+00
  0.3324E+02	  0.1674E-13	  0.1579E+00
  0.3334E+02	  0.1437E-13	  0.1582E+00
  0.3345E+02	  0.1233E-13	  0.1585E+00
  0.3355E+02	  0.1058E-13	  0.1589E+00
  0.3365E+02	  0.9074E-14	  0.1592E+00
  0.3375E+02	  0.7785E-14	  0.1595E+00
  0.3386E+02	  0.6679E-14	  0.1598E+00
  0.3396E+02	  0.5730E-14	  0.1601E+00
  0.3406E+02	  0.4915E-14	  0.1604E+00
  0.3416E+02	  0.4217E-14	  0.1607E+00
  0.3427E+02	  0.3617E-14	  0.1610E+00
  0.3437E+02	  0.3103E-14	  0.1613E+00
  0.3447E+02	  0.2661E-14	  0.1616E+00
  0.3458E+02	  0.2283E-14	  0.1619E+00
  0.3468E+02	  0.1958E-14	  0.1621E+00
  0.3478E+02	  0.1679E-14	  0.1624E+00
  0.3488E+02	  0.1440E-14	  0.1627E+00
  0.3499E+02	  0.1235E-14	  0.1630E+00
  0.3509E+02	  0.1059E-14	  0.1633E+00
  0.3519E+02	  0.9084E-15	  0.1636E+00
  0.3529E+02	  0.7790E-15	  0.1639E+00
  0.3540E+02	  0.6680E-15	  0.1642E+00
  0.3550E+02	  0.5728E-15	  0.1644E+00
  0.3560E+02	  0.4912E-15	  0.1647E+00
  0.3571E+02	  0.4211E-15	  0.1650E+00
  0.3581E+02	  0.3611E-15	  0.1652E+00
  0.3591E+02	  0.3096E-15	  0.1655E+00
  0.3601E+02	  0.2655E-15	  0.1657E+00
  0.3612E+02	  0.2276E-15	  0.1659E+00
  0.3622E+02	  0.1952E-15	  0.1661E+00
  0.3632E+02	  0.1673E-15	  0.1663E+00
  0.3642E+02	  0.1435E-15	  0.1665E+00
  0.3653E+02	  0.1230E-15	  0.1667E+00
  0.3663E+02	  0.1055E-15	  0.1669E+00
  0.3673E+02	  0.9044E-16	  0.1671E+00
  0.3684E+02	  0.7754E-16	  0.1673E+00
  0.3694E+02	  0.6648E-16	  0.1675E+00
  0.3704E+02	  0.5699E-16	  0.1677E+00
  0.3714E+02	  0.4886E-16	  0.1679E+00
  0.3725E+02	  0.4189E-16	  0.1681E+00
  0.3735E+02	  0.3592E-16	  0.1683E+00
  0.3745E+02	  0.3079E-16	  0.1685E+00
  0.3756E+02	  0.2640E-16	  0.1687E+00
  0.3766E+02	  0.2263E-16	  0.1688E+00
  0.3776E+02	  0.1940E-16	  0.1690E+00
  0.3786E+02	  0.1663E-16	  0.1692E+00
  0.3797E+02	  0.1426E-16	  0.1693E+00
  0.3807E+02	  0.1223E-16	  0.1695E+00
  0.3817E+02	  0.1048E-16	  0.1697E+00
  0.3827E+02	  0.8985E-17	  0.1698E+00
  0.3838E+02	  0.7703E-17	  0.1699E+00
  0.3848E+02	  0.6604E-17	  0.1701E+00
  0.3858E+02	  0.5661E-17	  0.1702E+00
  0.3869E+02	  0.4853E-17	  0.1703E+00
  0.3879E+02	  0.4161E-17	  0.1705E+00
  0.3889E+02	  0.3567E-17	  0.1706E+00
  0.3899E+02	  0.3058E-17	  0.1707E+00
  0.3910E+02	  0.2622E-17	  0.1708E+00
  0.3920E+02	  0.2247E-17	  0.1710E+00
  0.3930E+02	  0.1927E-17	  0.1711E+00
  0.3940E+02	  0.1652E-17	  0.1712E+00
  0.3951E+02	  0.1416E-17	  0.1714E+00
  0.3961E+02	  0.1214E-17	  0.1715E+00
  0.3971E+02	  0.1040E-17	  0.1716E+00
  0.3982E+02	  0.8917E-18	  0.1718E+00
  0.3992E+02	  0.7643E-18	  0.1720E+00
  0.4002E+02	  0.6550E-18	  0.1721E+00
  0.4012E+02	  0.5615E-18	  0.1723E+00
  0.4023E+02	  0.4813E-18	  0.1725E+00
  0.4033E+02	  0.4126E-18	  0.1727E+00
  0.4043E+02	  0.3537E-18	  0.1729E+00
  0.4053E+02	  0.3033E-18	  0.1730E+00
  0.4064E+02	  0.2600E-18	  0.1732E+00
  0.4074E+02	  0.2230E-18	  0.1734E+00
  0.4084E+02	  0.1912E-18	  0.1735E+00
  0.4095E+02	  0.1640E-18	  0.1737E+00
  0.4105E+02	  0.1407E-18	  0.1739E+00
  0.4115E+02	  0.1207E-18	  0.1741E+00
  0.4125E+02	  0.1035E-18	  0.1742E+00
  0.4136E+02	  0.8879E-19	  0.1744E+00
  0.4146E+02	  0.7618E-19	  0.1746E+00
  0.4156E+02	  0.6536E-19	  0.1747E+00
  0.4167E+02	  0.5608E-19	  0.1749E+00
  0.4177E+02	  0.4813E-19	  0.1751E+00
  0.4187E+02	  0.4130E-19	  0.1753E+00
  0.4197E+02	  0.3545E-19	  0.1754E+00
  0.4208E+02	  0.3043E-19	  0.1756E+00
  0.4218E+02	  0.2612E-19	  0.1757E+00
  0.4228E+02	  0.2242E-19	  0.1759E+00
  0.4238E+02	  0.1925E-19	  0.1761E+00
  0.4249E+02	  0.1652E-19	  0.1762E+00
  0.4259E+02	  0.1419E-19	  0.1764E+00
  0.4269E+02	  0.1218E-19	  0.1765E+00
  0.4280E+02	  0.1046E-19	  0.1767E+00
  0.4290E+02	  0.8985E-20	  0.1768E+00
  0.4300E+02	  0.7717E-20	  0.1770E+00
  0.4310E+02	  0.6628E-20	  0.1771E+00
  0.4321E+02	  0.5693E-20	  0.1773E+00
  0.4331E+02	  0.4891E-20	  0.1774E+00
  0.4341E+02	  0.4202E-20	  0.1776E+00
  0.4351E+02	  0.3610E-20	  0.1777E+00
  0.4362E+02	  0.3102E-20	  0.1779E+00
  0.4372E+02	  0.2665E-20	  0.1780E+00
  0.4382E+02	  0.2290E-20	  0.1781E+00
  0.4393E+02	  0.1968E-20	  0.1783E+00
  0.4403E+02	  0.1692E-20	  0.1784E+00
  0.4413E+02	  0.1454E-20	  0.1785E+00
  0.4423E+02	  0.1250E-20	  0.1787E+00
  0.4434E+02	  0.1074E-20	  0.1788E+00
  0.4444E+02	  0.9236E-21	  0.1790E+00
  0.4454E+02	  0.7940E-21	  0.1791E+00
  0.4464E+02	  0.6827E-21	  0.1792E+00
  0.4475E+02	  0.5870E-21	  0.1794E+00
  0.4485E+02	  0.5047E-21	  0.1795E+00
  0.4495E+02	  0.4340E-21	  0.1796E+00
  0.4506E+02	  0.3733E-21	  0.1798E+00
  0.4516E+02	  0.3210E-21	  0.1799E+00
  0.4526E+02	  0.2761E-21	  0.1800E+00
  0.4536E+02	  0.2375E-21	  0.1802E+00
  0.4547E+02	  0.2043E-21	  0.1803E+00
  0.4557E+02	  0.1757E-21	  0.1804E+00
  0.4567E+02	  0.1512E-21	  0.1805E+00
  0.4577E+02	  0.1301E-21	  0.1806E+00
  0.4588E+02	  0.1119E-21	  0.1807E+00
  0.4598E+02	  0.9632E-22	  0.1808E+00
  0.4608E+02	  0.8289E-22	  0.1809E+00
  0.4619E+02	  0.7133E-22	  0.1811E+00
  0.4629E+02	  0.6139E-22	  0.1812E+00
  0.4639E+02	  0.5284E-22	  0.1813E+00
  0.4649E+02	  0.4549E-22	  0.1814E+00
  0.4660E+02	  0.3916E-22	  0.1815E+00
  0.4670E+02	  0.3371E-22	  0.1816E+00
  0.4680E+02	  0.2902E-22	  0.1817E+00
  0.4691E+02	  0.2499E-22	  0.1818E+00
  0.4701E+02	  0.2151E-22	  0.1819E+00
  0.4711E+02	  0.1852E-22	  0.1820E+00
  0.4721E+02	  0.1595E-22	  0.1820E+00
  0.4732E+02	  0.1374E-22	  0.1821E+00
  0.4742E+02	  0.1183E-22	  0.1822E+00
  0.4752E+02	  0.1019E-22	  0.1823E+00
  0.4762E+02	  0.8777E-23	  0.1824E+00
  0.4773E+02	  0.7560E-23	  0.1825E+00
  0.4783E+02	  0.6513E-23	  0.1826E+00
  0.4793E+02	  0.5611E-23	  0.1827E+00
  0.4804E+02	  0.4834E-23	  0.1828E+00
  0.4814E+02	  0.4165E-23	  0.1829E+00
  0.4824E+02	  0.3589E-23	  0.1829E+00
  0.4834E+02	  0.3092E-23	  0.1830E+00
  0.4845E+02	  0.2665E-23	  0.1831E+00
  0.4855E+02	  0.2297E-23	  0.1831E+00
  0.4865E+02	  0.1979E-23	  0.1832E+00
  0.4875E+02	  0.1706E-23	  0.1832E+00
  0.4886E+02	  0.1471E-23	  0.1832E+00
  0.4896E+02	  0.1268E-23	  0.1832E+00
  0.4906E+02	  0.1093E-23	  0.1832E+00
  0.4917E+02	  0.9430E-24	  0.1831E+00
  0.4927E+02	  0.8134E-24	  0.1830E+00
  0.4937E+02	  0.7018E-24	  0.1827E+00
  0.4947E+02	  0.6058E-24	  0.1824E+00
  0.4958E+02	  0.5231E-24	  0.1820E+00

R38 
------------------------------------------------------------
Electric field / N (Td)                    500.0    
Angular frequency / N (m3/s)              0.1938E-11
Cosine of E-B field angle                  0.000    
Gas temperature (K)                        800.0    
Excitation temperature (K)                 300.0    
Transition energy (eV)                     0.000    
Ionization degree                          0.000    
Plasma density (1/m3)                     0.1000E+19
Ion charge parameter                       1.000    
Ion/neutral mass ratio                     1.000    
Coulomb collision model                    1.000    
Energy sharing                             0.000    
Growth model                               1.000    
Maxwellian mean energy (eV)                0.000    
# of grid points                           500.0    
Grid type                                  1.000    
Maximum energy                             30.00    
Precision                                 0.1000E-24
Convergence                               0.1000E-03
Maximum # of iterations                   0.2000E+05
Mole fraction Ar                           1.000    
------------------------------------------------------------
Mean energy (eV)                           1.978    
Mobility *N (1/m/V/s)                     0.1484E+27
Re/perp mobility *N (1/m/V/s)             0.3286E+22
Im/Hall mobility *N (1/m/V/s)            -0.9170E+23
Diffusion coefficient *N (1/m/s)          0.2559E+26
Energy mobility *N (1/m/V/s)              0.2248E+26
Energy diffusion coef. *N (1/m/s)         0.8925E+25
Total collision freq. /N (m3/s)           0.3865E-13
Momentum frequency /N (m3/s)              0.7026E-13
Total ionization freq. /N (m3/s)          0.5629E-17
Power /N (eV m3/s)                        0.8215E-15
Elastic power loss /N (eV m3/s)           0.7294E-17
Inelastic power loss /N (eV m3/s)         0.8034E-15
Growth power /N (eV m3/s)                 0.1114E-16
Maximum energy                             61.46    
# of iterations                            55.00    
# of grid trials                           5.000    
------------------------------------------------------------
Rate coefficients (m3/s)
C1    Ar    Elastic                       0.3858E-13
C2    Ar    Excitation    11.55 eV        0.1009E-16
C3    Ar    Excitation    11.62 eV        0.9126E-17
C4    Ar    Excitation    11.72 eV        0.1783E-17
C5    Ar    Excitation    11.83 eV        0.1324E-16
C6    Ar    Excitation    12.91 eV        0.1320E-17
C7    Ar    Excitation    13.08 eV        0.1651E-17
C8    Ar    Excitation    13.10 eV        0.1116E-17
C9    Ar    Excitation    13.15 eV        0.7787E-18
C10   Ar    Excitation    13.17 eV        0.1078E-17
C11   Ar    Excitation    13.27 eV        0.3931E-18
C12   Ar    Excitation    13.28 eV        0.7462E-18
C13   Ar    Excitation    13.30 eV        0.5466E-18
C14   Ar    Excitation    13.33 eV        0.5252E-18
C15   Ar    Excitation    13.48 eV        0.1288E-17
C16   Ar    Excitation    13.85 eV        0.6663E-18
C17   Ar    Excitation    13.86 eV        0.3190E-17
C18   Ar    Excitation    13.90 eV        0.2026E-17
C19   Ar    Excitation    13.98 eV        0.2262E-17
C20   Ar    Excitation    14.01 eV        0.7197E-18
C21   Ar    Excitation    14.06 eV        0.7511E-18
C22   Ar    Excitation    14.07 eV        0.7503E-18
C23   Ar    Excitation    14.09 eV        0.9251E-19
C24   Ar    Excitation    14.10 eV        0.1240E-18
C25   Ar    Excitation    14.15 eV        0.2503E-18
C26   Ar    Excitation    14.21 eV        0.1019E-17
C27   Ar    Excitation    14.23 eV        0.6537E-18
C28   Ar    Excitation    14.24 eV        0.1826E-18
C29   Ar    Excitation    14.24 eV        0.1450E-18
C30   Ar    Excitation    14.26 eV        0.3362E-19
C31   Ar    Excitation    14.30 eV        0.2678E-18
C32   Ar    Excitation    14.71 eV        0.3667E-20
C33   Ar    Excitation    14.85 eV        0.2416E-19
C34   Ar    Excitation    14.86 eV        0.8028E-19
C35   Ar    Excitation    15.00 eV        0.2985E-19
C36   Ar    Excitation    15.02 eV        0.3084E-19
C37   Ar    Excitation    15.12 eV        0.5202E-20
C38   Ar    Excitation    15.19 eV        0.5035E-19
C39   Ar    Excitation    15.19 eV        0.5014E-19
C40   Ar    Excitation    15.31 eV        0.7801E-21
C41   Ar    Excitation    15.35 eV        0.5070E-21
C42   Ar    Excitation    15.36 eV        0.7287E-21
C43   Ar    Excitation    15.37 eV        0.1272E-19
C44   Ar    Excitation    15.37 eV        0.2814E-19
C45   Ar    Excitation    15.66 eV        0.9736E-19
C46   Ar    Ionization    15.76 eV        0.5629E-17
------------------------------------------------------------
Energy (eV) EEDF (eV-3/2) Anisotropy
  0.6146E-01	  0.5699E+01	  0.5604E-04
  0.1844E+00	  0.3321E+01	  0.1013E-03
  0.3073E+00	  0.1003E+01	  0.1918E-03
  0.4303E+00	  0.5202E+00	  0.2910E-03
  0.5532E+00	  0.3598E+00	  0.3719E-03
  0.6761E+00	  0.2803E+00	  0.4523E-03
  0.7990E+00	  0.2315E+00	  0.5403E-03
  0.9220E+00	  0.1978E+00	  0.6380E-03
  0.1045E+01	  0.1728E+00	  0.7446E-03
  0.1168E+01	  0.1527E+00	  0.8616E-03
  0.1291E+01	  0.1360E+00	  0.9862E-03
  0.1414E+01	  0.1218E+00	  0.1116E-02
  0.1537E+01	  0.1098E+00	  0.1251E-02
  0.1660E+01	  0.9944E-01	  0.1386E-02
  0.1782E+01	  0.9052E-01	  0.1520E-02
  0.1905E+01	  0.8272E-01	  0.1664E-02
  0.2028E+01	  0.7581E-01	  0.1817E-02
  0.2151E+01	  0.6969E-01	  0.1979E-02
  0.2274E+01	  0.6425E-01	  0.2150E-02
  0.2397E+01	  0.5938E-01	  0.2328E-02
  0.2520E+01	  0.5500E-01	  0.2515E-02
  0.2643E+01	  0.5104E-01	  0.2710E-02
  0.2766E+01	  0.4746E-01	  0.2911E-02
  0.2889E+01	  0.4420E-01	  0.3118E-02
  0.3012E+01	  0.4123E-01	  0.3332E-02
  0.3135E+01	  0.3851E-01	  0.3552E-02
  0.3258E+01	  0.3602E-01	  0.3778E-02
  0.3381E+01	  0.3372E-01	  0.4010E-02
  0.3503E+01	  0.3161E-01	  0.4248E-02
  0.3626E+01	  0.2965E-01	  0.4491E-02
  0.3749E+01	  0.2785E-01	  0.4740E-02
  0.3872E+01	  0.2617E-01	  0.4994E-02
  0.3995E+01	  0.2462E-01	  0.5253E-02
  0.4118E+01	  0.2319E-01	  0.5517E-02
  0.4241E+01	  0.2186E-01	  0.5783E-02
  0.4364E+01	  0.2064E-01	  0.6052E-02
  0.4487E+01	  0.1951E-01	  0.6322E-02
  0.4610E+01	  0.1846E-01	  0.6595E-02
  0.4733E+01	  0.1748E-01	  0.6869E-02
  0.4856E+01	  0.1657E-01	  0.7145E-02
  0.4979E+01	  0.1573E-01	  0.7423E-02
  0.5102E+01	  0.1494E-01	  0.7701E-02
  0.5225E+01	  0.1420E-01	  0.7981E-02
  0.5347E+01	  0.1352E-01	  0.8261E-02
  0.5470E+01	  0.1288E-01	  0.8542E-02
  0.5593E+01	  0.1228E-01	  0.8823E-02
  0.5716E+01	  0.1171E-01	  0.9105E-02
  0.5839E+01	  0.1119E-01	  0.9387E-02
  0.5962E+01	  0.1069E-01	  0.9670E-02
  0.6085E+01	  0.1023E-01	  0.9954E-02
  0.6208E+01	  0.9786E-02	  0.1024E-01
  0.6331E+01	  0.9372E-02	  0.1052E-01
  0.6454E+01	  0.8981E-02	  0.1081E-01
  0.6577E+01	  0.8612E-02	  0.1110E-01
  0.6700E+01	  0.8263E-02	  0.1139E-01
  0.6823E+01	  0.7932E-02	  0.1168E-01
  0.6946E+01	  0.7619E-02	  0.1197E-01
  0.7068E+01	  0.7321E-02	  0.1227E-01
  0.7191E+01	  0.7038E-02	  0.1257E-01
  0.7314E+01	  0.6769E-02	  0.1287E-01
  0.7437E+01	  0.6512E-02	  0.1318E-01
  0.7560E+01	  0.6267E-02	  0.1349E-01
  0.7683E+01	  0.6033E-02	  0.1380E-01
  0.7806E+01	  0.5810E-02	  0.1412E-01
  0.7929E+01	  0.5596E-02	  0.1445E-01
  0.8052E+01	  0.5392E-02	  0.1478E-01
  0.8175E+01	  0.5197E-02	  0.1512E-01
  0.8298E+01	  0.5010E-02	  0.1546E-01
  0.8421E+01	  0.4831E-02	  0.1581E-01
  0.8544E+01	  0.4659E-02	  0.1616E-01
  0.8667E+01	  0.4494E-02	  0.1652E-01
  0.8789E+01	  0.4336E-02	  0.1689E-01
  0.8912E+01	  0.4184E-02	  0.1727E-01
  0.9035E+01	  0.4039E-02	  0.1765E-01
  0.9158E+01	  0.3898E-02	  0.1805E-01
  0.9281E+01	  0.3763E-02	  0.1845E-01
  0.9404E+01	  0.3633E-02	  0.1887E-01
  0.9527E+01	  0.3508E-02	  0.1929E-01
  0.9650E+01	  0.3387E-02	  0.1972E-01
  0.9773E+01	  0.3271E-02	  0.2017E-01
  0.9896E+01	  0.3159E-02	  0.2063E-01
  0.1002E+02	  0.3050E-02	  0.2110E-01
  0.1014E+02	  0.2945E-02	  0.2159E-01
  0.1026E+02	  0.2843E-02	  0.2210E-01
  0.1039E+02	  0.2744E-02	  0.2262E-01
  0.1051E+02	  0.2647E-02	  0.2317E-01
  0.1063E+02	  0.2553E-02	  0.2374E-01
  0.1076E+02	  0.2461E-02	  0.2434E-01
  0.1088E+02	  0.2371E-02	  0.2497E-01
  0.1100E+02	  0.2283E-02	  0.2564E-01
  0.1113E+02	  0.2197E-02	  0.2634E-01
  0.1125E+02	  0.2113E-02	  0.2709E-01
  0.1137E+02	  0.2030E-02	  0.2788E-01
  0.1149E+02	  0.1949E-02	  0.2872E-01
  0.1162E+02	  0.1870E-02	  0.2957E-01
  0.1174E+02	  0.1792E-02	  0.3039E-01
  0.1186E+02	  0.1717E-02	  0.3116E-01
  0.1199E+02	  0.1643E-02	  0.3195E-01
  0.1211E+02	  0.1572E-02	  0.3279E-01
  0.1223E+02	  0.1502E-02	  0.3364E-01
  0.1235E+02	  0.1435E-02	  0.3448E-01
  0.1248E+02	  0.1369E-02	  0.3529E-01
  0.1260E+02	  0.1306E-02	  0.3607E-01
  0.1272E+02	  0.1245E-02	  0.3683E-01
  0.1285E+02	  0.1185E-02	  0.3763E-01
  0.1297E+02	  0.1128E-02	  0.3848E-01
  0.1309E+02	  0.1072E-02	  0.3934E-01
  0.1321E+02	  0.1018E-02	  0.4029E-01
  0.1334E+02	  0.9661E-03	  0.4144E-01
  0.1346E+02	  0.9151E-03	  0.4271E-01
  0.1358E+02	  0.8655E-03	  0.4401E-01
  0.1371E+02	  0.8174E-03	  0.4535E-01
  0.1383E+02	  0.7708E-03	  0.4673E-01
  0.1395E+02	  0.7257E-03	  0.4813E-01
  0.1408E+02	  0.6822E-03	  0.4954E-01
  0.1420E+02	  0.6402E-03	  0.5094E-01
  0.1432E+02	  0.5999E-03	  0.5232E-01
  0.1444E+02	  0.5613E-03	  0.5367E-01
  0.1457E+02	  0.5244E-03	  0.5500E-01
  0.1469E+02	  0.4893E-03	  0.5629E-01
  0.1481E+02	  0.4558E-03	  0.5755E-01
  0.1494E+02	  0.4241E-03	  0.5879E-01
  0.1506E+02	  0.3940E-03	  0.6000E-01
  0.1518E+02	  0.3656E-03	  0.6122E-01
  0.1530E+02	  0.3388E-03	  0.6247E-01
  0.1543E+02	  0.3135E-03	  0.6374E-01
  0.1555E+02	  0.2896E-03	  0.6506E-01
  0.1567E+02	  0.2672E-03	  0.6643E-01
  0.1580E+02	  0.2461E-03	  0.6784E-01
  0.1592E+02	  0.2264E-03	  0.6924E-01
  0.1604E+02	  0.2079E-03	  0.7060E-01
  0.1617E+02	  0.1906E-03	  0.7192E-01
  0.1629E+02	  0.1746E-03	  0.7323E-01
  0.1641E+02	  0.1596E-03	  0.7453E-01
  0.1653E+02	  0.1457E-03	  0.7581E-01
  0.1666E+02	  0.1329E-03	  0.7707E-01
  0.1678E+02	  0.1210E-03	  0.7831E-01
  0.1690E+02	  0.1101E-03	  0.7952E-01
  0.1703E+02	  0.9997E-04	  0.8070E-01
  0.1715E+02	  0.9069E-04	  0.8187E-01
  0.1727E+02	  0.8216E-04	  0.8301E-01
  0.1739E+02	  0.7435E-04	  0.8414E-01
  0.1752E+02	  0.6719E-04	  0.8526E-01
  0.1764E+02	  0.6065E-04	  0.8636E-01
  0.1776E+02	  0.5468E-04	  0.8744E-01
  0.1789E+02	  0.4924E-04	  0.8849E-01
  0.1801E+02	  0.4429E-04	  0.8951E-01
  0.1813E+02	  0.3980E-04	  0.9052E-01
  0.1826E+02	  0.3572E-04	  0.9151E-01
  0.1838E+02	  0.3203E-04	  0.9249E-01
  0.1850E+02	  0.2870E-04	  0.9346E-01
  0.1862E+02	  0.2569E-04	  0.9442E-01
  0.1875E+02	  0.2297E-04	  0.9535E-01
  0.1887E+02	  0.2052E-04	  0.9626E-01
  0.1899E+02	  0.1831E-04	  0.9715E-01
  0.1912E+02	  0.1633E-04	  0.9802E-01
  0.1924E+02	  0.1455E-04	  0.9887E-01
  0.1936E+02	  0.1295E-04	  0.9973E-01
  0.1948E+02	  0.1152E-04	  0.1006E+00
  0.1961E+02	  0.1023E-04	  0.1014E+00
  0.1973E+02	  0.9086E-05	  0.1023E+00
  0.1985E+02	  0.8059E-05	  0.1031E+00
  0.1998E+02	  0.7141E-05	  0.1040E+00
  0.2010E+02	  0.6324E-05	  0.1049E+00
  0.2022E+02	  0.5598E-05	  0.1057E+00
  0.2034E+02	  0.4951E-05	  0.1065E+00
  0.2047E+02	  0.4377E-05	  0.1073E+00
  0.2059E+02	  0.3868E-05	  0.1080E+00
  0.2071E+02	  0.3416E-05	  0.1088E+00
  0.2084E+02	  0.3015E-05	  0.1095E+00
  0.2096E+02	  0.2660E-05	  0.1103E+00
  0.2108E+02	  0.2346E-05	  0.1110E+00
  0.2121E+02	  0.2067E-05	  0.1117E+00
  0.2133E+02	  0.1821E-05	  0.1124E+00
  0.2145E+02	  0.1604E-05	  0.1131E+00
  0.2157E+02	  0.1412E-05	  0.1138E+00
  0.2170E+02	  0.1242E-05	  0.1145E+00
  0.2182E+02	  0.1092E-05	  0.1151E+00
  0.2194E+02	  0.9604E-06	  0.1157E+00
  0.2207E+02	  0.8440E-06	  0.1163E+00
  0.2219E+02	  0.7415E-06	  0.1169E+00
  0.2231E+02	  0.6512E-06	  0.1175E+00
  0.2243E+02	  0.5716E-06	  0.1180E+00
  0.2256E+02	  0.5016E-06	  0.1186E+00
  0.2268E+02	  0.4400E-06	  0.1192E+00
  0.2280E+02	  0.3858E-06	  0.1197E+00
  0.2293E+02	  0.3382E-06	  0.1203E+00
  0.2305E+02	  0.2963E-06	  0.1208E+00
  0.2317E+02	  0.2596E-06	  0.1213E+00
  0.2330E+02	  0.2273E-06	  0.1218E+00
  0.2342E+02	  0.1990E-06	  0.1224E+00
  0.2354E+02	  0.1741E-06	  0.1229E+00
  0.2366E+02	  0.1523E-06	  0.1234E+00
  0.2379E+02	  0.1331E-06	  0.1239E+00
  0.2391E+02	  0.1164E-06	  0.1244E+00
  0.2403E+02	  0.1017E-06	  0.1249E+00
  0.2416E+02	  0.8881E-07	  0.1254E+00
  0.2428E+02	  0.7754E-07	  0.1259E+00
  0.2440E+02	  0.6768E-07	  0.1264E+00
  0.2452E+02	  0.5904E-07	  0.1269E+00
  0.2465E+02	  0.5149E-07	  0.1274E+00
  0.2477E+02	  0.4489E-07	  0.1280E+00
  0.2489E+02	  0.3912E-07	  0.1285E+00
  0.2502E+02	  0.3409E-07	  0.1290E+00
  0.2514E+02	  0.2969E-07	  0.1295E+00
  0.2526E+02	  0.2585E-07	  0.1300E+00
  0.2538E+02	  0.2250E-07	  0.1305E+00
  0.2551E+02	  0.1958E-07	  0.1310E+00
  0.2563E+02	  0.1704E-07	  0.1316E+00
  0.2575E+02	  0.1482E-07	  0.1321E+00
  0.2588E+02	  0.1289E-07	  0.1326E+00
  0.2600E+02	  0.1121E-07	  0.1330E+00
  0.2612E+02	  0.9750E-08	  0.1335E+00
  0.2625E+02	  0.8477E-08	  0.1340E+00
  0.2637E+02	  0.7369E-08	  0.1344E+00
  0.2649E+02	  0.6404E-08	  0.1349E+00
  0.2661E+02	  0.5565E-08	  0.1353E+00
  0.2674E+02	  0.4835E-08	  0.1357E+00
  0.2686E+02	  0.4200E-08	  0.1362E+00
  0.2698E+02	  0.3648E-08	  0.1366E+00
  0.2711E+02	  0.3167E-08	  0.1371E+00
  0.2723E+02	  0.2750E-08	  0.1375E+00
  0.2735E+02	  0.2387E-08	  0.1379E+00
  0.2747E+02	  0.2072E-08	  0.1384E+00
  0.2760E+02	  0.1798E-08	  0.1388E+00
  0.2772E+02	  0.1560E-08	  0.1392E+00
  0.2784E+02	  0.1353E-08	  0.1397E+00
  0.2797E+02	  0.1173E-08	  0.1401E+00
  0.2809E+02	  0.1017E-08	  0.1405E+00
  0.2821E+02	  0.8820E-09	  0.1410E+00
  0.2834E+02	  0.7645E-09	  0.1414E+00
  0.2846E+02	  0.6625E-09	  0.1418E+00
  0.2858E+02	  0.5740E-09	  0.1423E+00
  0.2870E+02	  0.4973E-09	  0.1427E+00
  0.2883E+02	  0.4307E-09	  0.1431E+00
  0.2895E+02	  0.3729E-09	  0.1436E+00
  0.2907E+02	  0.3229E-09	  0.1440E+00
  0.2920E+02	  0.2795E-09	  0.1444E+00
  0.2932E+02	  0.2419E-09	  0.1448E+00
  0.2944E+02	  0.2093E-09	  0.1453E+00
  0.2956E+02	  0.1810E-09	  0.1457E+00
  0.2969E+02	  0.1566E-09	  0.1461E+00
  0.2981E+02	  0.1354E-09	  0.1466E+00
  0.2993E+02	  0.1171E-09	  0.1470E+00
  0.3006E+02	  0.1012E-09	  0.1474E+00
  0.3018E+02	  0.8745E-10	  0.1479E+00
  0.3030E+02	  0.7557E-10	  0.1483E+00
  0.3043E+02	  0.6531E-10	  0.1488E+00
  0.3055E+02	  0.5643E-10	  0.1492E+00
  0.3067E+02	  0.4876E-10	  0.1497E+00
  0.3079E+02	  0.4213E-10	  0.1501E+00
  0.3092E+02	  0.3640E-10	  0.1506E+00
  0.3104E+02	  0.3145E-10	  0.1510E+00
  0.3116E+02	  0.2717E-10	  0.1515E+00
  0.3129E+02	  0.2347E-10	  0.1519E+00
  0.3141E+02	  0.2027E-10	  0.1523E+00
  0.3153E+02	  0.1751E-10	  0.1528E+00
  0.3165E+02	  0.1512E-10	  0.1532E+00
  0.3178E+02	  0.1306E-10	  0.1536E+00
  0.3190E+02	  0.1128E-10	  0.1540E+00
  0.3202E+02	  0.9743E-11	  0.1545E+00
  0.3215E+02	  0.8414E-11	  0.1549E+00
  0.3227E+02	  0.7266E-11	  0.1553E+00
  0.3239E+02	  0.6274E-11	  0.1557E+00
  0.3251E+02	  0.5418E-11	  0.1561E+00
  0.3264E+02	  0.4678E-11	  0.1565E+00
  0.3276E+02	  0.4039E-11	  0.1569E+00
  0.3288E+02	  0.3487E-11	  0.1573E+00
  0.3301E+02	  0.3010E-11	  0.1577E+00
  0.3313E+02	  0.2599E-11	  0.1581E+00
  0.3325E+02	  0.2243E-11	  0.1585E+00
  0.3338E+02	  0.1936E-11	  0.1589E+00
  0.3350E+02	  0.1672E-11	  0.1593E+00
  0.3362E+02	  0.1443E-11	  0.1596E+00
  0.3374E+02	  0.1245E-11	  0.1600E+00
  0.3387E+02	  0.1075E-11	  0.1604E+00
  0.3399E+02	  0.9277E-12	  0.1607E+00
  0.3411E+02	  0.8006E-12	  0.1611E+00
  0.3424E+02	  0.6910E-12	  0.1614E+00
  0.3436E+02	  0.5963E-12	  0.1618E+00
  0.3448E+02	  0.5146E-12	  0.1621E+00
  0.3460E+02	  0.4441E-12	  0.1625E+00
  0.3473E+02	  0.3832E-12	  0.1628E+00
  0.3485E+02	  0.3306E-12	  0.1632E+00
  0.3497E+02	  0.2853E-12	  0.1635E+00
  0.3510E+02	  0.2462E-12	  0.1638E+00
  0.3522E+02	  0.2124E-12	  0.1642E+00
  0.3534E+02	  0.1832E-12	  0.1645E+00
  0.3547E+02	  0.1581E-12	  0.1648E+00
  0.3559E+02	  0.1364E-12	  0.1652E+00
  0.3571E+02	  0.1177E-12	  0.1655E+00
  0.3583E+02	  0.1015E-12	  0.1658E+00
  0.3596E+02	  0.8757E-13	  0.1660E+00
  0.3608E+02	  0.7555E-13	  0.1663E+00
  0.3620E+02	  0.6518E-13	  0.1665E+00
  0.3633E+02	  0.5623E-13	  0.1668E+00
  0.3645E+02	  0.4851E-13	  0.1670E+00
  0.3657E+02	  0.4185E-13	  0.1673E+00
  0.3669E+02	  0.3610E-13	  0.1675E+00
  0.3682E+02	  0.3114E-13	  0.1677E+00
  0.3694E+02	  0.2687E-13	  0.1680E+00
  0.3706E+02	  0.2318E-13	  0.1682E+00
  0.3719E+02	  0.1999E-13	  0.1684E+00
  0.3731E+02	  0.1725E-13	  0.1686E+00
  0.3743E+02	  0.1488E-13	  0.1689E+00
  0.3756E+02	  0.1284E-13	  0.1691E+00
  0.3768E+02	  0.1107E-13	  0.1693E+00
  0.3780E+02	  0.9551E-14	  0.1695E+00
  0.3792E+02	  0.8239E-14	  0.1697E+00
  0.3805E+02	  0.7107E-14	  0.1699E+00
  0.3817E+02	  0.6131E-14	  0.1700E+00
  0.3829E+02	  0.5289E-14	  0.1702E+00
  0.3842E+02	  0.4563E-14	  0.1704E+00
  0.3854E+02	  0.3936E-14	  0.1705E+00
  0.3866E+02	  0.3395E-14	  0.1707E+00
  0.3878E+02	  0.2929E-14	  0.1708E+00
  0.3891E+02	  0.2527E-14	  0.1710E+00
  0.3903E+02	  0.2180E-14	  0.1711E+00
  0.3915E+02	  0.1880E-14	  0.1713E+00
  0.3928E+02	  0.1622E-14	  0.1715E+00
  0.3940E+02	  0.1399E-14	  0.1716E+00
  0.3952E+02	  0.1207E-14	  0.1718E+00
  0.3964E+02	  0.1041E-14	  0.1720E+00
  0.3977E+02	  0.8978E-15	  0.1721E+00
  0.3989E+02	  0.7744E-15	  0.1723E+00
  0.4001E+02	  0.6678E-15	  0.1725E+00
  0.4014E+02	  0.5760E-15	  0.1728E+00
  0.4026E+02	  0.4968E-15	  0.1730E+00
  0.4038E+02	  0.4286E-15	  0.1732E+00
  0.4051E+02	  0.3697E-15	  0.1734E+00
  0.4063E+02	  0.3190E-15	  0.1736E+00
  0.4075E+02	  0.2752E-15	  0.1738E+00
  0.4087E+02	  0.2375E-15	  0.1740E+00
  0.4100E+02	  0.2050E-15	  0.1742E+00
  0.4112E+02	  0.1769E-15	  0.1744E+00
  0.4124E+02	  0.1527E-15	  0.1746E+00
  0.4137E+02	  0.1318E-15	  0.1748E+00
  0.4149E+02	  0.1138E-15	  0.1750E+00
  0.4161E+02	  0.9824E-16	  0.1752E+00
  0.4173E+02	  0.8482E-16	  0.1754E+00
  0.4186E+02	  0.7325E-16	  0.1756E+00
  0.4198E+02	  0.6325E-16	  0.1758E+00
  0.4210E+02	  0.5463E-16	  0.1760E+00
  0.4223E+02	  0.4718E-16	  0.1762E+00
  0.4235E+02	  0.4076E-16	  0.1764E+00
  0.4247E+02	  0.3521E-16	  0.1766E+00
  0.4260E+02	  0.3042E-16	  0.1768E+00
  0.4272E+02	  0.2628E-16	  0.1770E+00
  0.4284E+02	  0.2271E-16	  0.1771E+00
  0.4296E+02	  0.1962E-16	  0.1773E+00
  0.4309E+02	  0.1696E-16	  0.1775E+00
  0.4321E+02	  0.1466E-16	  0.1777E+00
  0.4333E+02	  0.1267E-16	  0.1778E+00
  0.4346E+02	  0.1095E-16	  0.1780E+00
  0.4358E+02	  0.9469E-17	  0.1782E+00
  0.4370E+02	  0.8186E-17	  0.1783E+00
  0.4382E+02	  0.7078E-17	  0.1785E+00
  0.4395E+02	  0.6121E-17	  0.1787E+00
  0.4407E+02	  0.5293E-17	  0.1788E+00
  0.4419E+02	  0.4578E-17	  0.1790E+00
  0.4432E+02	  0.3959E-17	  0.1791E+00
  0.4444E+02	  0.3425E-17	  0.1793E+00
  0.4456E+02	  0.2962E-17	  0.1795E+00
  0.4468E+02	  0.2563E-17	  0.1796E+00
  0.4481E+02	  0.2217E-17	  0.1798E+00
  0.4493E+02	  0.1918E-17	  0.1799E+00
  0.4505E+02	  0.1660E-17	  0.1801E+00
  0.4518E+02	  0.1436E-17	  0.1803E+00
  0.4530E+02	  0.1243E-17	  0.1804E+00
  0.4542E+02	  0.1076E-17	  0.1806E+00
  0.4555E+02	  0.9313E-18	  0.1807E+00
  0.4567E+02	  0.8061E-18	  0.1808E+00
  0.4579E+02	  0.6978E-18	  0.1810E+00
  0.4591E+02	  0.6042E-18	  0.1811E+00
  0.4604E+02	  0.5231E-18	  0.1812E+00
  0.4616E+02	  0.4529E-18	  0.1813E+00
  0.4628E+02	  0.3922E-18	  0.1815E+00
  0.4641E+02	  0.3397E-18	  0.1816E+00
  0.4653E+02	  0.2942E-18	  0.1817E+00
  0.4665E+02	  0.2548E-18	  0.1818E+00
  0.4677E+02	  0.2207E-18	  0.1819E+00
  0.4690E+02	  0.1912E-18	  0.1821E+00
  0.4702E+02	  0.1656E-18	  0.1822E+00
  0.4714E+02	  0.1435E-18	  0.1823E+00
  0.4727E+02	  0.1243E-18	  0.1824E+00
  0.4739E+02	  0.1077E-18	  0.1825E+00
  0.4751E+02	  0.9336E-19	  0.1826E+00
  0.4764E+02	  0.8091E-19	  0.1827E+00
  0.4776E+02	  0.7012E-19	  0.1829E+00
  0.4788E+02	  0.6078E-19	  0.1830E+00
  0.4800E+02	  0.5268E-19	  0.1831E+00
  0.4813E+02	  0.4567E-19	  0.1832E+00
  0.4825E+02	  0.3959E-19	  0.1833E+00
  0.4837E+02	  0.3432E-19	  0.1834E+00
  0.4850E+02	  0.2976E-19	  0.1835E+00
  0.4862E+02	  0.2580E-19	  0.1836E+00
  0.4874E+02	  0.2237E-19	  0.1837E+00
  0.4886E+02	  0.1940E-19	  0.1838E+00
  0.4899E+02	  0.1682E-19	  0.1839E+00
  0.4911E+02	  0.1459E-19	  0.1840E+00
  0.4923E+02	  0.1265E-19	  0.1841E+00
  0.4936E+02	  0.1098E-19	  0.1843E+00
  0.4948E+02	  0.9519E-20	  0.1844E+00
  0.4960E+02	  0.8257E-20	  0.1845E+00
  0.4973E+02	  0.7163E-20	  0.1846E+00
  0.4985E+02	  0.6214E-20	  0.1847E+00
  0.4997E+02	  0.5391E-20	  0.1849E+00
  0.5009E+02	  0.4678E-20	  0.1850E+00
  0.5022E+02	  0.4059E-20	  0.1851E+00
  0.5034E+02	  0.3522E-20	  0.1853E+00
  0.5046E+02	  0.3056E-20	  0.1854E+00
  0.5059E+02	  0.2652E-20	  0.1856E+00
  0.5071E+02	  0.2302E-20	  0.1857E+00
  0.5083E+02	  0.1998E-20	  0.1858E+00
  0.5095E+02	  0.1734E-20	  0.1860E+00
  0.5108E+02	  0.1505E-20	  0.1861E+00
  0.5120E+02	  0.1307E-20	  0.1863E+00
  0.5132E+02	  0.1135E-20	  0.1864E+00
  0.5145E+02	  0.9852E-21	  0.1865E+00
  0.5157E+02	  0.8555E-21	  0.1867E+00
  0.5169E+02	  0.7429E-21	  0.1868E+00
  0.5181E+02	  0.6452E-21	  0.1870E+00
  0.5194E+02	  0.5603E-21	  0.1871E+00
  0.5206E+02	  0.4867E-21	  0.1873E+00
  0.5218E+02	  0.4228E-21	  0.1874E+00
  0.5231E+02	  0.3672E-21	  0.1876E+00
  0.5243E+02	  0.3190E-21	  0.1877E+00
  0.5255E+02	  0.2772E-21	  0.1879E+00
  0.5268E+02	  0.2408E-21	  0.1880E+00
  0.5280E+02	  0.2093E-21	  0.1882E+00
  0.5292E+02	  0.1818E-21	  0.1883E+00
  0.5304E+02	  0.1580E-21	  0.1885E+00
  0.5317E+02	  0.1373E-21	  0.1886E+00
  0.5329E+02	  0.1194E-21	  0.1888E+00
  0.5341E+02	  0.1038E-21	  0.1889E+00
  0.5354E+02	  0.9019E-22	  0.1890E+00
  0.5366E+02	  0.7841E-22	  0.1892E+00
  0.5378E+02	  0.6816E-22	  0.1893E+00
  0.5390E+02	  0.5926E-22	  0.1895E+00
  0.5403E+02	  0.5153E-22	  0.1896E+00
  0.5415E+02	  0.4480E-22	  0.1897E+00
  0.5427E+02	  0.3896E-22	  0.1899E+00
  0.5440E+02	  0.3388E-22	  0.1900E+00
  0.5452E+02	  0.2947E-22	  0.1902E+00
  0.5464E+02	  0.2563E-22	  0.1903E+00
  0.5477E+02	  0.2229E-22	  0.1904E+00
  0.5489E+02	  0.1939E-22	  0.1906E+00
  0.5501E+02	  0.1687E-22	  0.1907E+00
  0.5513E+02	  0.1467E-22	  0.1908E+00
  0.5526E+02	  0.1277E-22	  0.1910E+00
  0.5538E+02	  0.1111E-22	  0.1911E+00
  0.5550E+02	  0.9664E-23	  0.1912E+00
  0.5563E+02	  0.8409E-23	  0.1914E+00
  0.5575E+02	  0.7318E-23	  0.1915E+00
  0.5587E+02	  0.6368E-23	  0.1916E+00
  0.5599E+02	  0.5542E-23	  0.1917E+00
  0.5612E+02	  0.4824E-23	  0.1918E+00
  0.5624E+02	  0.4199E-23	  0.1920E+00
  0.5636E+02	  0.3655E-23	  0.1921E+00
  0.5649E+02	  0.3181E-23	  0.1922E+00
  0.5661E+02	  0.2769E-23	  0.1923E+00
  0.5673E+02	  0.2411E-23	  0.1924E+00
  0.5686E+02	  0.2099E-23	  0.1926E+00
  0.5698E+02	  0.1828E-23	  0.1927E+00
  0.5710E+02	  0.1592E-23	  0.1928E+00
  0.5722E+02	  0.1386E-23	  0.1929E+00
  0.5735E+02	  0.1207E-23	  0.1930E+00
  0.5747E+02	  0.1051E-23	  0.1931E+00
  0.5759E+02	  0.9154E-24	  0.1932E+00
  0.5772E+02	  0.7974E-24	  0.1933E+00
  0.5784E+02	  0.6945E-24	  0.1934E+00
  0.5796E+02	  0.6050E-24	  0.1934E+00

R39 
------------------------------------------------------------
Electric field / N (Td)                    600.0    
Angular frequency / N (m3/s)              0.1938E-11
Cosine of E-B field angle                  0.000    
Gas temperature (K)                        800.0    
Excitation temperature (K)                 300.0    
Transition energy (eV)                     0.000    
Ionization degree                          0.000    
Plasma density (1/m3)                     0.1000E+19
Ion charge parameter                       1.000    
Ion/neutral mass ratio                     1.000    
Coulomb collision model                    1.000    
Energy sharing                             0.000    
Growth model                               1.000    
Maxwellian mean energy (eV)                0.000    
# of grid points                           500.0    
Grid type                                  1.000    
Maximum energy                             30.00    
Precision                                 0.1000E-24
Convergence                               0.1000E-03
Maximum # of iterations                   0.2000E+05
Mole fraction Ar                           1.000    
------------------------------------------------------------
Mean energy (eV)                           2.038    
Mobility *N (1/m/V/s)                     0.1275E+27
Re/perp mobility *N (1/m/V/s)             0.3397E+22
Im/Hall mobility *N (1/m/V/s)            -0.9293E+23
Diffusion coefficient *N (1/m/s)          0.2415E+26
Energy mobility *N (1/m/V/s)              0.1924E+26
Energy diffusion coef. *N (1/m/s)         0.8502E+25
Total collision freq. /N (m3/s)           0.4063E-13
Momentum frequency /N (m3/s)              0.7265E-13
Total ionization freq. /N (m3/s)          0.1097E-16
Power /N (eV m3/s)                        0.1223E-14
Elastic power loss /N (eV m3/s)           0.7992E-17
Inelastic power loss /N (eV m3/s)         0.1193E-14
Growth power /N (eV m3/s)                 0.2238E-16
Maximum energy                             73.54    
# of iterations                            78.00    
# of grid trials                           6.000    
------------------------------------------------------------
Rate coefficients (m3/s)
C1    Ar    Elastic                       0.4054E-13
C2    Ar    Excitation    11.55 eV        0.1321E-16
C3    Ar    Excitation    11.62 eV        0.1225E-16
C4    Ar    Excitation    11.72 eV        0.2365E-17
C5    Ar    Excitation    11.83 eV        0.1826E-16
C6    Ar    Excitation    12.91 eV        0.1879E-17
C7    Ar    Excitation    13.08 eV        0.2442E-17
C8    Ar    Excitation    13.10 eV        0.1653E-17
C9    Ar    Excitation    13.15 eV        0.1180E-17
C10   Ar    Excitation    13.17 eV        0.1604E-17
C11   Ar    Excitation    13.27 eV        0.6047E-18
C12   Ar    Excitation    13.28 eV        0.1136E-17
C13   Ar    Excitation    13.30 eV        0.8369E-18
C14   Ar    Excitation    13.33 eV        0.7668E-18
C15   Ar    Excitation    13.48 eV        0.1989E-17
C16   Ar    Excitation    13.85 eV        0.9966E-18
C17   Ar    Excitation    13.86 eV        0.4797E-17
C18   Ar    Excitation    13.90 eV        0.3120E-17
C19   Ar    Excitation    13.98 eV        0.3428E-17
C20   Ar    Excitation    14.01 eV        0.1109E-17
C21   Ar    Excitation    14.06 eV        0.1171E-17
C22   Ar    Excitation    14.07 eV        0.1170E-17
C23   Ar    Excitation    14.09 eV        0.1623E-18
C24   Ar    Excitation    14.10 eV        0.1997E-18
C25   Ar    Excitation    14.15 eV        0.4417E-18
C26   Ar    Excitation    14.21 eV        0.1589E-17
C27   Ar    Excitation    14.23 eV        0.1015E-17
C28   Ar    Excitation    14.24 eV        0.2955E-18
C29   Ar    Excitation    14.24 eV        0.2276E-18
C30   Ar    Excitation    14.26 eV        0.5994E-19
C31   Ar    Excitation    14.30 eV        0.4798E-18
C32   Ar    Excitation    14.71 eV        0.6856E-20
C33   Ar    Excitation    14.85 eV        0.4584E-19
C34   Ar    Excitation    14.86 eV        0.1525E-18
C35   Ar    Excitation    15.00 eV        0.5763E-19
C36   Ar    Excitation    15.02 eV        0.5967E-19
C37   Ar    Excitation    15.12 eV        0.1017E-19
C38   Ar    Excitation    15.19 eV        0.9924E-19
C39   Ar    Excitation    15.19 eV        0.9887E-19
C40   Ar    Excitation    15.31 eV        0.1559E-20
C41   Ar    Excitation    15.35 eV        0.1019E-20
C42   Ar    Excitation    15.36 eV        0.1466E-20
C43   Ar    Excitation    15.37 eV        0.2560E-19
C44   Ar    Excitation    15.37 eV        0.5669E-19
C45   Ar    Excitation    15.66 eV        0.2029E-18
C46   Ar    Ionization    15.76 eV        0.1097E-16
------------------------------------------------------------
Energy (eV) EEDF (eV-3/2) Anisotropy
  0.7354E-01	  0.6169E+01	  0.9164E-04
  0.2206E+00	  0.2399E+01	  0.1709E-03
  0.3677E+00	  0.6886E+00	  0.3295E-03
  0.5148E+00	  0.3840E+00	  0.4571E-03
  0.6618E+00	  0.2728E+00	  0.5679E-03
  0.8089E+00	  0.2145E+00	  0.6857E-03
  0.9560E+00	  0.1778E+00	  0.8171E-03
  0.1103E+01	  0.1520E+00	  0.9624E-03
  0.1250E+01	  0.1319E+00	  0.1123E-02
  0.1397E+01	  0.1157E+00	  0.1295E-02
  0.1544E+01	  0.1024E+00	  0.1474E-02
  0.1691E+01	  0.9135E-01	  0.1656E-02
  0.1838E+01	  0.8206E-01	  0.1842E-02
  0.1985E+01	  0.7408E-01	  0.2044E-02
  0.2133E+01	  0.6716E-01	  0.2261E-02
  0.2280E+01	  0.6115E-01	  0.2491E-02
  0.2427E+01	  0.5587E-01	  0.2736E-02
  0.2574E+01	  0.5120E-01	  0.2995E-02
  0.2721E+01	  0.4705E-01	  0.3265E-02
  0.2868E+01	  0.4334E-01	  0.3546E-02
  0.3015E+01	  0.4002E-01	  0.3839E-02
  0.3162E+01	  0.3701E-01	  0.4142E-02
  0.3309E+01	  0.3429E-01	  0.4455E-02
  0.3456E+01	  0.3182E-01	  0.4779E-02
  0.3603E+01	  0.2957E-01	  0.5113E-02
  0.3750E+01	  0.2751E-01	  0.5456E-02
  0.3897E+01	  0.2562E-01	  0.5809E-02
  0.4045E+01	  0.2390E-01	  0.6171E-02
  0.4192E+01	  0.2232E-01	  0.6540E-02
  0.4339E+01	  0.2088E-01	  0.6913E-02
  0.4486E+01	  0.1957E-01	  0.7290E-02
  0.4633E+01	  0.1836E-01	  0.7671E-02
  0.4780E+01	  0.1725E-01	  0.8056E-02
  0.4927E+01	  0.1623E-01	  0.8443E-02
  0.5074E+01	  0.1530E-01	  0.8834E-02
  0.5221E+01	  0.1443E-01	  0.9225E-02
  0.5368E+01	  0.1363E-01	  0.9618E-02
  0.5515E+01	  0.1289E-01	  0.1001E-01
  0.5662E+01	  0.1220E-01	  0.1041E-01
  0.5809E+01	  0.1157E-01	  0.1080E-01
  0.5956E+01	  0.1098E-01	  0.1120E-01
  0.6104E+01	  0.1042E-01	  0.1159E-01
  0.6251E+01	  0.9911E-02	  0.1199E-01
  0.6398E+01	  0.9430E-02	  0.1239E-01
  0.6545E+01	  0.8981E-02	  0.1279E-01
  0.6692E+01	  0.8560E-02	  0.1319E-01
  0.6839E+01	  0.8165E-02	  0.1360E-01
  0.6986E+01	  0.7794E-02	  0.1400E-01
  0.7133E+01	  0.7445E-02	  0.1441E-01
  0.7280E+01	  0.7116E-02	  0.1482E-01
  0.7427E+01	  0.6804E-02	  0.1524E-01
  0.7574E+01	  0.6510E-02	  0.1566E-01
  0.7721E+01	  0.6231E-02	  0.1609E-01
  0.7868E+01	  0.5966E-02	  0.1652E-01
  0.8015E+01	  0.5715E-02	  0.1696E-01
  0.8163E+01	  0.5477E-02	  0.1741E-01
  0.8310E+01	  0.5251E-02	  0.1786E-01
  0.8457E+01	  0.5036E-02	  0.1832E-01
  0.8604E+01	  0.4832E-02	  0.1879E-01
  0.8751E+01	  0.4637E-02	  0.1927E-01
  0.8898E+01	  0.4452E-02	  0.1976E-01
  0.9045E+01	  0.4275E-02	  0.2026E-01
  0.9192E+01	  0.4106E-02	  0.2076E-01
  0.9339E+01	  0.3945E-02	  0.2129E-01
  0.9486E+01	  0.3790E-02	  0.2182E-01
  0.9633E+01	  0.3643E-02	  0.2237E-01
  0.9780E+01	  0.3501E-02	  0.2293E-01
  0.9927E+01	  0.3365E-02	  0.2350E-01
  0.1007E+02	  0.3235E-02	  0.2410E-01
  0.1022E+02	  0.3110E-02	  0.2471E-01
  0.1037E+02	  0.2988E-02	  0.2536E-01
  0.1052E+02	  0.2871E-02	  0.2603E-01
  0.1066E+02	  0.2757E-02	  0.2672E-01
  0.1081E+02	  0.2646E-02	  0.2746E-01
  0.1096E+02	  0.2538E-02	  0.2824E-01
  0.1110E+02	  0.2433E-02	  0.2907E-01
  0.1125E+02	  0.2330E-02	  0.2995E-01
  0.1140E+02	  0.2230E-02	  0.3089E-01
  0.1155E+02	  0.2132E-02	  0.3188E-01
  0.1169E+02	  0.2036E-02	  0.3286E-01
  0.1184E+02	  0.1944E-02	  0.3379E-01
  0.1199E+02	  0.1854E-02	  0.3473E-01
  0.1213E+02	  0.1767E-02	  0.3573E-01
  0.1228E+02	  0.1682E-02	  0.3674E-01
  0.1243E+02	  0.1600E-02	  0.3772E-01
  0.1257E+02	  0.1521E-02	  0.3868E-01
  0.1272E+02	  0.1445E-02	  0.3962E-01
  0.1287E+02	  0.1371E-02	  0.4060E-01
  0.1302E+02	  0.1300E-02	  0.4161E-01
  0.1316E+02	  0.1231E-02	  0.4270E-01
  0.1331E+02	  0.1164E-02	  0.4400E-01
  0.1346E+02	  0.1099E-02	  0.4546E-01
  0.1360E+02	  0.1036E-02	  0.4697E-01
  0.1375E+02	  0.9744E-03	  0.4853E-01
  0.1390E+02	  0.9152E-03	  0.5013E-01
  0.1405E+02	  0.8581E-03	  0.5175E-01
  0.1419E+02	  0.8032E-03	  0.5336E-01
  0.1434E+02	  0.7504E-03	  0.5495E-01
  0.1449E+02	  0.6999E-03	  0.5650E-01
  0.1463E+02	  0.6517E-03	  0.5802E-01
  0.1478E+02	  0.6059E-03	  0.5951E-01
  0.1493E+02	  0.5623E-03	  0.6096E-01
  0.1507E+02	  0.5211E-03	  0.6239E-01
  0.1522E+02	  0.4822E-03	  0.6383E-01
  0.1537E+02	  0.4454E-03	  0.6531E-01
  0.1552E+02	  0.4108E-03	  0.6683E-01
  0.1566E+02	  0.3782E-03	  0.6841E-01
  0.1581E+02	  0.3476E-03	  0.7004E-01
  0.1596E+02	  0.3189E-03	  0.7164E-01
  0.1610E+02	  0.2920E-03	  0.7320E-01
  0.1625E+02	  0.2670E-03	  0.7472E-01
  0.1640E+02	  0.2437E-03	  0.7623E-01
  0.1655E+02	  0.2221E-03	  0.7772E-01
  0.1669E+02	  0.2021E-03	  0.7918E-01
  0.1684E+02	  0.1837E-03	  0.8060E-01
  0.1699E+02	  0.1666E-03	  0.8199E-01
  0.1713E+02	  0.1509E-03	  0.8335E-01
  0.1728E+02	  0.1365E-03	  0.8468E-01
  0.1743E+02	  0.1233E-03	  0.8600E-01
  0.1758E+02	  0.1112E-03	  0.8729E-01
  0.1772E+02	  0.1002E-03	  0.8856E-01
  0.1787E+02	  0.9010E-04	  0.8979E-01
  0.1802E+02	  0.8094E-04	  0.9099E-01
  0.1816E+02	  0.7262E-04	  0.9216E-01
  0.1831E+02	  0.6508E-04	  0.9332E-01
  0.1846E+02	  0.5826E-04	  0.9446E-01
  0.1860E+02	  0.5209E-04	  0.9558E-01
  0.1875E+02	  0.4652E-04	  0.9668E-01
  0.1890E+02	  0.4151E-04	  0.9774E-01
  0.1905E+02	  0.3699E-04	  0.9878E-01
  0.1919E+02	  0.3294E-04	  0.9979E-01
  0.1934E+02	  0.2929E-04	  0.1008E+00
  0.1949E+02	  0.2603E-04	  0.1018E+00
  0.1963E+02	  0.2310E-04	  0.1028E+00
  0.1978E+02	  0.2048E-04	  0.1038E+00
  0.1993E+02	  0.1814E-04	  0.1048E+00
  0.2008E+02	  0.1605E-04	  0.1058E+00
  0.2022E+02	  0.1419E-04	  0.1068E+00
  0.2037E+02	  0.1254E-04	  0.1077E+00
  0.2052E+02	  0.1108E-04	  0.1087E+00
  0.2066E+02	  0.9776E-05	  0.1096E+00
  0.2081E+02	  0.8623E-05	  0.1104E+00
  0.2096E+02	  0.7602E-05	  0.1113E+00
  0.2110E+02	  0.6698E-05	  0.1121E+00
  0.2125E+02	  0.5899E-05	  0.1130E+00
  0.2140E+02	  0.5192E-05	  0.1138E+00
  0.2155E+02	  0.4567E-05	  0.1146E+00
  0.2169E+02	  0.4016E-05	  0.1154E+00
  0.2184E+02	  0.3529E-05	  0.1161E+00
  0.2199E+02	  0.3101E-05	  0.1168E+00
  0.2213E+02	  0.2723E-05	  0.1175E+00
  0.2228E+02	  0.2390E-05	  0.1182E+00
  0.2243E+02	  0.2097E-05	  0.1189E+00
  0.2258E+02	  0.1839E-05	  0.1196E+00
  0.2272E+02	  0.1612E-05	  0.1202E+00
  0.2287E+02	  0.1413E-05	  0.1209E+00
  0.2302E+02	  0.1237E-05	  0.1215E+00
  0.2316E+02	  0.1083E-05	  0.1221E+00
  0.2331E+02	  0.9480E-06	  0.1228E+00
  0.2346E+02	  0.8293E-06	  0.1234E+00
  0.2361E+02	  0.7252E-06	  0.1240E+00
  0.2375E+02	  0.6338E-06	  0.1246E+00
  0.2390E+02	  0.5538E-06	  0.1252E+00
  0.2405E+02	  0.4836E-06	  0.1258E+00
  0.2419E+02	  0.4222E-06	  0.1264E+00
  0.2434E+02	  0.3684E-06	  0.1270E+00
  0.2449E+02	  0.3213E-06	  0.1276E+00
  0.2463E+02	  0.2801E-06	  0.1282E+00
  0.2478E+02	  0.2441E-06	  0.1288E+00
  0.2493E+02	  0.2126E-06	  0.1294E+00
  0.2508E+02	  0.1851E-06	  0.1300E+00
  0.2522E+02	  0.1611E-06	  0.1306E+00
  0.2537E+02	  0.1402E-06	  0.1312E+00
  0.2552E+02	  0.1220E-06	  0.1319E+00
  0.2566E+02	  0.1061E-06	  0.1325E+00
  0.2581E+02	  0.9224E-07	  0.1331E+00
  0.2596E+02	  0.8020E-07	  0.1336E+00
  0.2611E+02	  0.6971E-07	  0.1342E+00
  0.2625E+02	  0.6059E-07	  0.1347E+00
  0.2640E+02	  0.5265E-07	  0.1353E+00
  0.2655E+02	  0.4574E-07	  0.1358E+00
  0.2669E+02	  0.3973E-07	  0.1363E+00
  0.2684E+02	  0.3450E-07	  0.1368E+00
  0.2699E+02	  0.2995E-07	  0.1374E+00
  0.2713E+02	  0.2600E-07	  0.1379E+00
  0.2728E+02	  0.2257E-07	  0.1384E+00
  0.2743E+02	  0.1958E-07	  0.1389E+00
  0.2758E+02	  0.1699E-07	  0.1394E+00
  0.2772E+02	  0.1473E-07	  0.1399E+00
  0.2787E+02	  0.1278E-07	  0.1405E+00
  0.2802E+02	  0.1108E-07	  0.1410E+00
  0.2816E+02	  0.9600E-08	  0.1415E+00
  0.2831E+02	  0.8319E-08	  0.1420E+00
  0.2846E+02	  0.7207E-08	  0.1425E+00
  0.2861E+02	  0.6243E-08	  0.1431E+00
  0.2875E+02	  0.5406E-08	  0.1436E+00
  0.2890E+02	  0.4681E-08	  0.1441E+00
  0.2905E+02	  0.4051E-08	  0.1446E+00
  0.2919E+02	  0.3506E-08	  0.1451E+00
  0.2934E+02	  0.3033E-08	  0.1456E+00
  0.2949E+02	  0.2624E-08	  0.1461E+00
  0.2964E+02	  0.2269E-08	  0.1466E+00
  0.2978E+02	  0.1962E-08	  0.1472E+00
  0.2993E+02	  0.1696E-08	  0.1477E+00
  0.3008E+02	  0.1465E-08	  0.1482E+00
  0.3022E+02	  0.1266E-08	  0.1487E+00
  0.3037E+02	  0.1094E-08	  0.1493E+00
  0.3052E+02	  0.9449E-09	  0.1498E+00
  0.3066E+02	  0.8163E-09	  0.1504E+00
  0.3081E+02	  0.7051E-09	  0.1509E+00
  0.3096E+02	  0.6091E-09	  0.1514E+00
  0.3111E+02	  0.5261E-09	  0.1519E+00
  0.3125E+02	  0.4544E-09	  0.1525E+00
  0.3140E+02	  0.3924E-09	  0.1530E+00
  0.3155E+02	  0.3389E-09	  0.1535E+00
  0.3169E+02	  0.2926E-09	  0.1540E+00
  0.3184E+02	  0.2527E-09	  0.1545E+00
  0.3199E+02	  0.2182E-09	  0.1550E+00
  0.3214E+02	  0.1884E-09	  0.1555E+00
  0.3228E+02	  0.1627E-09	  0.1560E+00
  0.3243E+02	  0.1404E-09	  0.1565E+00
  0.3258E+02	  0.1212E-09	  0.1570E+00
  0.3272E+02	  0.1047E-09	  0.1574E+00
  0.3287E+02	  0.9035E-10	  0.1579E+00
  0.3302E+02	  0.7799E-10	  0.1584E+00
  0.3316E+02	  0.6732E-10	  0.1588E+00
  0.3331E+02	  0.5810E-10	  0.1593E+00
  0.3346E+02	  0.5015E-10	  0.1598E+00
  0.3361E+02	  0.4328E-10	  0.1602E+00
  0.3375E+02	  0.3735E-10	  0.1607E+00
  0.3390E+02	  0.3223E-10	  0.1611E+00
  0.3405E+02	  0.2782E-10	  0.1615E+00
  0.3419E+02	  0.2401E-10	  0.1619E+00
  0.3434E+02	  0.2071E-10	  0.1623E+00
  0.3449E+02	  0.1787E-10	  0.1627E+00
  0.3464E+02	  0.1542E-10	  0.1631E+00
  0.3478E+02	  0.1331E-10	  0.1636E+00
  0.3493E+02	  0.1148E-10	  0.1640E+00
  0.3508E+02	  0.9906E-11	  0.1644E+00
  0.3522E+02	  0.8546E-11	  0.1648E+00
  0.3537E+02	  0.7373E-11	  0.1651E+00
  0.3552E+02	  0.6360E-11	  0.1655E+00
  0.3567E+02	  0.5487E-11	  0.1659E+00
  0.3581E+02	  0.4734E-11	  0.1662E+00
  0.3596E+02	  0.4084E-11	  0.1666E+00
  0.3611E+02	  0.3523E-11	  0.1669E+00
  0.3625E+02	  0.3039E-11	  0.1672E+00
  0.3640E+02	  0.2622E-11	  0.1674E+00
  0.3655E+02	  0.2262E-11	  0.1677E+00
  0.3669E+02	  0.1951E-11	  0.1680E+00
  0.3684E+02	  0.1683E-11	  0.1683E+00
  0.3699E+02	  0.1452E-11	  0.1686E+00
  0.3714E+02	  0.1253E-11	  0.1688E+00
  0.3728E+02	  0.1081E-11	  0.1691E+00
  0.3743E+02	  0.9324E-12	  0.1693E+00
  0.3758E+02	  0.8043E-12	  0.1696E+00
  0.3772E+02	  0.6939E-12	  0.1698E+00
  0.3787E+02	  0.5986E-12	  0.1700E+00
  0.3802E+02	  0.5164E-12	  0.1703E+00
  0.3817E+02	  0.4455E-12	  0.1705E+00
  0.3831E+02	  0.3843E-12	  0.1707E+00
  0.3846E+02	  0.3315E-12	  0.1709E+00
  0.3861E+02	  0.2860E-12	  0.1711E+00
  0.3875E+02	  0.2468E-12	  0.1712E+00
  0.3890E+02	  0.2129E-12	  0.1714E+00
  0.3905E+02	  0.1836E-12	  0.1716E+00
  0.3919E+02	  0.1584E-12	  0.1718E+00
  0.3934E+02	  0.1367E-12	  0.1720E+00
  0.3949E+02	  0.1179E-12	  0.1722E+00
  0.3964E+02	  0.1017E-12	  0.1724E+00
  0.3978E+02	  0.8772E-13	  0.1726E+00
  0.3993E+02	  0.7566E-13	  0.1729E+00
  0.4008E+02	  0.6525E-13	  0.1731E+00
  0.4022E+02	  0.5628E-13	  0.1734E+00
  0.4037E+02	  0.4855E-13	  0.1736E+00
  0.4052E+02	  0.4189E-13	  0.1739E+00
  0.4067E+02	  0.3614E-13	  0.1741E+00
  0.4081E+02	  0.3119E-13	  0.1744E+00
  0.4096E+02	  0.2692E-13	  0.1746E+00
  0.4111E+02	  0.2323E-13	  0.1748E+00
  0.4125E+02	  0.2005E-13	  0.1751E+00
  0.4140E+02	  0.1731E-13	  0.1753E+00
  0.4155E+02	  0.1495E-13	  0.1756E+00
  0.4170E+02	  0.1291E-13	  0.1758E+00
  0.4184E+02	  0.1114E-13	  0.1760E+00
  0.4199E+02	  0.9625E-14	  0.1763E+00
  0.4214E+02	  0.8313E-14	  0.1765E+00
  0.4228E+02	  0.7181E-14	  0.1767E+00
  0.4243E+02	  0.6204E-14	  0.1770E+00
  0.4258E+02	  0.5360E-14	  0.1772E+00
  0.4272E+02	  0.4631E-14	  0.1774E+00
  0.4287E+02	  0.4002E-14	  0.1776E+00
  0.4302E+02	  0.3459E-14	  0.1778E+00
  0.4317E+02	  0.2990E-14	  0.1780E+00
  0.4331E+02	  0.2584E-14	  0.1782E+00
  0.4346E+02	  0.2234E-14	  0.1784E+00
  0.4361E+02	  0.1932E-14	  0.1786E+00
  0.4375E+02	  0.1670E-14	  0.1788E+00
  0.4390E+02	  0.1444E-14	  0.1790E+00
  0.4405E+02	  0.1249E-14	  0.1792E+00
  0.4420E+02	  0.1080E-14	  0.1794E+00
  0.4434E+02	  0.9346E-15	  0.1796E+00
  0.4449E+02	  0.8085E-15	  0.1798E+00
  0.4464E+02	  0.6995E-15	  0.1800E+00
  0.4478E+02	  0.6052E-15	  0.1802E+00
  0.4493E+02	  0.5237E-15	  0.1803E+00
  0.4508E+02	  0.4532E-15	  0.1805E+00
  0.4522E+02	  0.3922E-15	  0.1807E+00
  0.4537E+02	  0.3395E-15	  0.1809E+00
  0.4552E+02	  0.2939E-15	  0.1811E+00
  0.4567E+02	  0.2544E-15	  0.1812E+00
  0.4581E+02	  0.2203E-15	  0.1814E+00
  0.4596E+02	  0.1907E-15	  0.1815E+00
  0.4611E+02	  0.1652E-15	  0.1817E+00
  0.4625E+02	  0.1430E-15	  0.1818E+00
  0.4640E+02	  0.1239E-15	  0.1820E+00
  0.4655E+02	  0.1073E-15	  0.1821E+00
  0.4670E+02	  0.9296E-16	  0.1822E+00
  0.4684E+02	  0.8054E-16	  0.1824E+00
  0.4699E+02	  0.6978E-16	  0.1825E+00
  0.4714E+02	  0.6046E-16	  0.1827E+00
  0.4728E+02	  0.5240E-16	  0.1828E+00
  0.4743E+02	  0.4541E-16	  0.1829E+00
  0.4758E+02	  0.3936E-16	  0.1831E+00
  0.4773E+02	  0.3411E-16	  0.1832E+00
  0.4787E+02	  0.2957E-16	  0.1833E+00
  0.4802E+02	  0.2563E-16	  0.1835E+00
  0.4817E+02	  0.2222E-16	  0.1836E+00
  0.4831E+02	  0.1927E-16	  0.1837E+00
  0.4846E+02	  0.1671E-16	  0.1838E+00
  0.4861E+02	  0.1449E-16	  0.1840E+00
  0.4875E+02	  0.1257E-16	  0.1841E+00
  0.4890E+02	  0.1090E-16	  0.1842E+00
  0.4905E+02	  0.9452E-17	  0.1844E+00
  0.4920E+02	  0.8199E-17	  0.1845E+00
  0.4934E+02	  0.7112E-17	  0.1846E+00
  0.4949E+02	  0.6170E-17	  0.1848E+00
  0.4964E+02	  0.5353E-17	  0.1849E+00
  0.4978E+02	  0.4644E-17	  0.1851E+00
  0.4993E+02	  0.4029E-17	  0.1852E+00
  0.5008E+02	  0.3496E-17	  0.1854E+00
  0.5023E+02	  0.3034E-17	  0.1855E+00
  0.5037E+02	  0.2633E-17	  0.1857E+00
  0.5052E+02	  0.2285E-17	  0.1859E+00
  0.5067E+02	  0.1984E-17	  0.1860E+00
  0.5081E+02	  0.1722E-17	  0.1862E+00
  0.5096E+02	  0.1495E-17	  0.1864E+00
  0.5111E+02	  0.1298E-17	  0.1865E+00
  0.5125E+02	  0.1127E-17	  0.1867E+00
  0.5140E+02	  0.9786E-18	  0.1869E+00
  0.5155E+02	  0.8498E-18	  0.1871E+00
  0.5170E+02	  0.7381E-18	  0.1872E+00
  0.5184E+02	  0.6411E-18	  0.1874E+00
  0.5199E+02	  0.5569E-18	  0.1876E+00
  0.5214E+02	  0.4838E-18	  0.1878E+00
  0.5228E+02	  0.4203E-18	  0.1879E+00
  0.5243E+02	  0.3652E-18	  0.1881E+00
  0.5258E+02	  0.3173E-18	  0.1883E+00
  0.5273E+02	  0.2757E-18	  0.1885E+00
  0.5287E+02	  0.2396E-18	  0.1886E+00
  0.5302E+02	  0.2083E-18	  0.1888E+00
  0.5317E+02	  0.1810E-18	  0.1890E+00
  0.5331E+02	  0.1574E-18	  0.1892E+00
  0.5346E+02	  0.1368E-18	  0.1893E+00
  0.5361E+02	  0.1189E-18	  0.1895E+00
  0.5376E+02	  0.1034E-18	  0.1897E+00
  0.5390E+02	  0.8993E-19	  0.1898E+00
  0.5405E+02	  0.7820E-19	  0.1900E+00
  0.5420E+02	  0.6801E-19	  0.1902E+00
  0.5434E+02	  0.5915E-19	  0.1903E+00
  0.5449E+02	  0.5145E-19	  0.1905E+00
  0.5464E+02	  0.4476E-19	  0.1907E+00
  0.5478E+02	  0.3893E-19	  0.1908E+00
  0.5493E+02	  0.3387E-19	  0.1910E+00
  0.5508E+02	  0.2947E-19	  0.1911E+00
  0.5523E+02	  0.2564E-19	  0.1913E+00
  0.5537E+02	  0.2231E-19	  0.1914E+00
  0.5552E+02	  0.1942E-19	  0.1916E+00
  0.5567E+02	  0.1690E-19	  0.1917E+00
  0.5581E+02	  0.1471E-19	  0.1919E+00
  0.5596E+02	  0.1280E-19	  0.1920E+00
  0.5611E+02	  0.1114E-19	  0.1922E+00
  0.5626E+02	  0.9702E-20	  0.1923E+00
  0.5640E+02	  0.8447E-20	  0.1925E+00
  0.5655E+02	  0.7354E-20	  0.1926E+00
  0.5670E+02	  0.6403E-20	  0.1928E+00
  0.5684E+02	  0.5576E-20	  0.1929E+00
  0.5699E+02	  0.4856E-20	  0.1930E+00
  0.5714E+02	  0.4229E-20	  0.1932E+00
  0.5728E+02	  0.3683E-20	  0.1933E+00
  0.5743E+02	  0.3208E-20	  0.1935E+00
  0.5758E+02	  0.2794E-20	  0.1936E+00
  0.5773E+02	  0.2434E-20	  0.1937E+00
  0.5787E+02	  0.2120E-20	  0.1939E+00
  0.5802E+02	  0.1847E-20	  0.1940E+00
  0.5817E+02	  0.1610E-20	  0.1941E+00
  0.5831E+02	  0.1402E-20	  0.1943E+00
  0.5846E+02	  0.1222E-20	  0.1944E+00
  0.5861E+02	  0.1065E-20	  0.1945E+00
  0.5876E+02	  0.9280E-21	  0.1947E+00
  0.5890E+02	  0.8088E-21	  0.1948E+00
  0.5905E+02	  0.7049E-21	  0.1949E+00
  0.5920E+02	  0.6144E-21	  0.1951E+00
  0.5934E+02	  0.5355E-21	  0.1952E+00
  0.5949E+02	  0.4668E-21	  0.1954E+00
  0.5964E+02	  0.4069E-21	  0.1955E+00
  0.5979E+02	  0.3547E-21	  0.1957E+00
  0.5993E+02	  0.3092E-21	  0.1958E+00
  0.6008E+02	  0.2696E-21	  0.1960E+00
  0.6023E+02	  0.2351E-21	  0.1962E+00
  0.6037E+02	  0.2049E-21	  0.1963E+00
  0.6052E+02	  0.1787E-21	  0.1965E+00
  0.6067E+02	  0.1558E-21	  0.1967E+00
  0.6081E+02	  0.1359E-21	  0.1969E+00
  0.6096E+02	  0.1185E-21	  0.1970E+00
  0.6111E+02	  0.1034E-21	  0.1972E+00
  0.6126E+02	  0.9018E-22	  0.1974E+00
  0.6140E+02	  0.7867E-22	  0.1975E+00
  0.6155E+02	  0.6863E-22	  0.1977E+00
  0.6170E+02	  0.5987E-22	  0.1979E+00
  0.6184E+02	  0.5224E-22	  0.1981E+00
  0.6199E+02	  0.4558E-22	  0.1982E+00
  0.6214E+02	  0.3978E-22	  0.1984E+00
  0.6229E+02	  0.3471E-22	  0.1986E+00
  0.6243E+02	  0.3029E-22	  0.1987E+00
  0.6258E+02	  0.2644E-22	  0.1989E+00
  0.6273E+02	  0.2308E-22	  0.1991E+00
  0.6287E+02	  0.2014E-22	  0.1992E+00
  0.6302E+02	  0.1758E-22	  0.1994E+00
  0.6317E+02	  0.1535E-22	  0.1995E+00
  0.6331E+02	  0.1340E-22	  0.1997E+00
  0.6346E+02	  0.1170E-22	  0.1999E+00
  0.6361E+02	  0.1022E-22	  0.2000E+00
  0.6376E+02	  0.8922E-23	  0.2002E+00
  0.6390E+02	  0.7791E-23	  0.2003E+00
  0.6405E+02	  0.6804E-23	  0.2005E+00
  0.6420E+02	  0.5943E-23	  0.2006E+00
  0.6434E+02	  0.5191E-23	  0.2007E+00
  0.6449E+02	  0.4534E-23	  0.2009E+00
  0.6464E+02	  0.3961E-23	  0.2010E+00
  0.6479E+02	  0.3461E-23	  0.2011E+00
  0.6493E+02	  0.3024E-23	  0.2012E+00
  0.6508E+02	  0.2642E-23	  0.2014E+00
  0.6523E+02	  0.2308E-23	  0.2015E+00
  0.6537E+02	  0.2017E-23	  0.2016E+00
  0.6552E+02	  0.1763E-23	  0.2017E+00
  0.6567E+02	  0.1541E-23	  0.2019E+00
  0.6582E+02	  0.1346E-23	  0.2020E+00
  0.6596E+02	  0.1177E-23	  0.2021E+00
  0.6611E+02	  0.1029E-23	  0.2022E+00
  0.6626E+02	  0.8993E-24	  0.2023E+00
  0.6640E+02	  0.7861E-24	  0.2025E+00
  0.6655E+02	  0.6873E-24	  0.2026E+00

R40 
------------------------------------------------------------
Electric field / N (Td)                    700.0    
Angular frequency / N (m3/s)              0.1938E-11
Cosine of E-B field angle                  0.000    
Gas temperature (K)                        800.0    
Excitation temperature (K)                 300.0    
Transition energy (eV)                     0.000    
Ionization degree                          0.000    
Plasma density (1/m3)                     0.1000E+19
Ion charge parameter                       1.000    
Ion/neutral mass ratio                     1.000    
Coulomb collision model                    1.000    
Energy sharing                             0.000    
Growth model                               1.000    
Maxwellian mean energy (eV)                0.000    
# of grid points                           500.0    
Grid type                                  1.000    
Maximum energy                             30.00    
Precision                                 0.1000E-24
Convergence                               0.1000E-03
Maximum # of iterations                   0.2000E+05
Mole fraction Ar                           1.000    
------------------------------------------------------------
Mean energy (eV)                           2.068    
Mobility *N (1/m/V/s)                     0.1513E+27
Re/perp mobility *N (1/m/V/s)             0.3452E+22
Im/Hall mobility *N (1/m/V/s)            -0.9561E+23
Diffusion coefficient *N (1/m/s)          0.2684E+26
Energy mobility *N (1/m/V/s)              0.1947E+26
Energy diffusion coef. *N (1/m/s)         0.8268E+25
Total collision freq. /N (m3/s)           0.4200E-13
Momentum frequency /N (m3/s)              0.7382E-13
Total ionization freq. /N (m3/s)          0.1844E-16
Power /N (eV m3/s)                        0.1691E-14
Elastic power loss /N (eV m3/s)           0.8558E-17
Inelastic power loss /N (eV m3/s)         0.1646E-14
Growth power /N (eV m3/s)                 0.3822E-16
Maximum energy                             87.98    
# of iterations                            106.0    
# of grid trials                           7.000    
------------------------------------------------------------
Rate coefficients (m3/s)
C1    Ar    Elastic                       0.4188E-13
C2    Ar    Excitation    11.55 eV        0.1633E-16
C3    Ar    Excitation    11.62 eV        0.1549E-16
C4    Ar    Excitation    11.72 eV        0.2953E-17
C5    Ar    Excitation    11.83 eV        0.2362E-16
C6    Ar    Excitation    12.91 eV        0.2491E-17
C7    Ar    Excitation    13.08 eV        0.3318E-17
C8    Ar    Excitation    13.10 eV        0.2251E-17
C9    Ar    Excitation    13.15 eV        0.1635E-17
C10   Ar    Excitation    13.17 eV        0.2191E-17
C11   Ar    Excitation    13.27 eV        0.8494E-18
C12   Ar    Excitation    13.28 eV        0.1579E-17
C13   Ar    Excitation    13.30 eV        0.1173E-17
C14   Ar    Excitation    13.33 eV        0.1029E-17
C15   Ar    Excitation    13.48 eV        0.2800E-17
C16   Ar    Excitation    13.85 eV        0.1359E-17
C17   Ar    Excitation    13.86 eV        0.6568E-17
C18   Ar    Excitation    13.90 eV        0.4355E-17
C19   Ar    Excitation    13.98 eV        0.4720E-17
C20   Ar    Excitation    14.01 eV        0.1550E-17
C21   Ar    Excitation    14.06 eV        0.1651E-17
C22   Ar    Excitation    14.07 eV        0.1650E-17
C23   Ar    Excitation    14.09 eV        0.2530E-18
C24   Ar    Excitation    14.10 eV        0.2899E-18
C25   Ar    Excitation    14.15 eV        0.6922E-18
C26   Ar    Excitation    14.21 eV        0.2237E-17
C27   Ar    Excitation    14.23 eV        0.1424E-17
C28   Ar    Excitation    14.24 eV        0.4303E-18
C29   Ar    Excitation    14.24 eV        0.3225E-18
C30   Ar    Excitation    14.26 eV        0.9466E-19
C31   Ar    Excitation    14.30 eV        0.7605E-18
C32   Ar    Excitation    14.71 eV        0.1122E-19
C33   Ar    Excitation    14.85 eV        0.7587E-19
C34   Ar    Excitation    14.86 eV        0.2527E-18
C35   Ar    Excitation    15.00 eV        0.9663E-19
C36   Ar    Excitation    15.02 eV        0.1002E-18
C37   Ar    Excitation    15.12 eV        0.1722E-19
C38   Ar    Excitation    15.19 eV        0.1690E-18
C39   Ar    Excitation    15.19 eV        0.1684E-18
C40   Ar    Excitation    15.31 eV        0.2683E-20
C41   Ar    Excitation    15.35 eV        0.1759E-20
C42   Ar    Excitation    15.36 eV        0.2533E-20
C43   Ar    Excitation    15.37 eV        0.4427E-19
C44   Ar    Excitation    15.37 eV        0.9810E-19
C45   Ar    Excitation    15.66 eV        0.3602E-18
C46   Ar    Ionization    15.76 eV        0.1844E-16
------------------------------------------------------------
Energy (eV) EEDF (eV-3/2) Anisotropy
  0.8798E-01	  0.6885E+01	  0.1907E-03
  0.2639E+00	  0.1487E+01	  0.2977E-03
  0.4399E+00	  0.4821E+00	  0.5117E-03
  0.6159E+00	  0.2853E+00	  0.6702E-03
  0.7918E+00	  0.2067E+00	  0.8236E-03
  0.9678E+00	  0.1638E+00	  0.9937E-03
  0.1144E+01	  0.1359E+00	  0.1186E-02
  0.1320E+01	  0.1153E+00	  0.1400E-02
  0.1496E+01	  0.9936E-01	  0.1630E-02
  0.1672E+01	  0.8668E-01	  0.1869E-02
  0.1848E+01	  0.7643E-01	  0.2114E-02
  0.2024E+01	  0.6789E-01	  0.2385E-02
  0.2199E+01	  0.6069E-01	  0.2678E-02
  0.2375E+01	  0.5457E-01	  0.2994E-02
  0.2551E+01	  0.4928E-01	  0.3333E-02
  0.2727E+01	  0.4469E-01	  0.3691E-02
  0.2903E+01	  0.4067E-01	  0.4068E-02
  0.3079E+01	  0.3712E-01	  0.4463E-02
  0.3255E+01	  0.3396E-01	  0.4875E-02
  0.3431E+01	  0.3114E-01	  0.5305E-02
  0.3607E+01	  0.2861E-01	  0.5752E-02
  0.3783E+01	  0.2634E-01	  0.6214E-02
  0.3959E+01	  0.2428E-01	  0.6693E-02
  0.4135E+01	  0.2243E-01	  0.7185E-02
  0.4311E+01	  0.2076E-01	  0.7687E-02
  0.4487E+01	  0.1926E-01	  0.8196E-02
  0.4663E+01	  0.1790E-01	  0.8712E-02
  0.4839E+01	  0.1667E-01	  0.9235E-02
  0.5015E+01	  0.1555E-01	  0.9763E-02
  0.5191E+01	  0.1453E-01	  0.1029E-01
  0.5367E+01	  0.1360E-01	  0.1083E-01
  0.5543E+01	  0.1276E-01	  0.1136E-01
  0.5719E+01	  0.1198E-01	  0.1190E-01
  0.5895E+01	  0.1127E-01	  0.1244E-01
  0.6071E+01	  0.1061E-01	  0.1298E-01
  0.6247E+01	  0.1001E-01	  0.1352E-01
  0.6422E+01	  0.9449E-02	  0.1406E-01
  0.6598E+01	  0.8932E-02	  0.1460E-01
  0.6774E+01	  0.8453E-02	  0.1515E-01
  0.6950E+01	  0.8008E-02	  0.1569E-01
  0.7126E+01	  0.7594E-02	  0.1624E-01
  0.7302E+01	  0.7207E-02	  0.1679E-01
  0.7478E+01	  0.6844E-02	  0.1735E-01
  0.7654E+01	  0.6504E-02	  0.1792E-01
  0.7830E+01	  0.6185E-02	  0.1849E-01
  0.8006E+01	  0.5885E-02	  0.1907E-01
  0.8182E+01	  0.5603E-02	  0.1965E-01
  0.8358E+01	  0.5338E-02	  0.2025E-01
  0.8534E+01	  0.5088E-02	  0.2085E-01
  0.8710E+01	  0.4852E-02	  0.2147E-01
  0.8886E+01	  0.4629E-02	  0.2210E-01
  0.9062E+01	  0.4419E-02	  0.2274E-01
  0.9238E+01	  0.4219E-02	  0.2339E-01
  0.9414E+01	  0.4030E-02	  0.2405E-01
  0.9590E+01	  0.3851E-02	  0.2474E-01
  0.9766E+01	  0.3681E-02	  0.2544E-01
  0.9942E+01	  0.3519E-02	  0.2616E-01
  0.1012E+02	  0.3364E-02	  0.2689E-01
  0.1029E+02	  0.3216E-02	  0.2767E-01
  0.1047E+02	  0.3074E-02	  0.2847E-01
  0.1065E+02	  0.2937E-02	  0.2932E-01
  0.1082E+02	  0.2804E-02	  0.3021E-01
  0.1100E+02	  0.2675E-02	  0.3116E-01
  0.1117E+02	  0.2550E-02	  0.3217E-01
  0.1135E+02	  0.2429E-02	  0.3325E-01
  0.1153E+02	  0.2311E-02	  0.3441E-01
  0.1170E+02	  0.2197E-02	  0.3557E-01
  0.1188E+02	  0.2086E-02	  0.3668E-01
  0.1205E+02	  0.1979E-02	  0.3782E-01
  0.1223E+02	  0.1876E-02	  0.3901E-01
  0.1241E+02	  0.1776E-02	  0.4020E-01
  0.1258E+02	  0.1680E-02	  0.4135E-01
  0.1276E+02	  0.1588E-02	  0.4250E-01
  0.1293E+02	  0.1499E-02	  0.4372E-01
  0.1311E+02	  0.1413E-02	  0.4500E-01
  0.1328E+02	  0.1330E-02	  0.4644E-01
  0.1346E+02	  0.1250E-02	  0.4811E-01
  0.1364E+02	  0.1172E-02	  0.4988E-01
  0.1381E+02	  0.1097E-02	  0.5170E-01
  0.1399E+02	  0.1024E-02	  0.5356E-01
  0.1416E+02	  0.9547E-03	  0.5542E-01
  0.1434E+02	  0.8879E-03	  0.5727E-01
  0.1452E+02	  0.8241E-03	  0.5907E-01
  0.1469E+02	  0.7634E-03	  0.6083E-01
  0.1487E+02	  0.7058E-03	  0.6255E-01
  0.1504E+02	  0.6514E-03	  0.6423E-01
  0.1522E+02	  0.6000E-03	  0.6593E-01
  0.1540E+02	  0.5516E-03	  0.6766E-01
  0.1557E+02	  0.5061E-03	  0.6946E-01
  0.1575E+02	  0.4634E-03	  0.7132E-01
  0.1592E+02	  0.4234E-03	  0.7320E-01
  0.1610E+02	  0.3861E-03	  0.7501E-01
  0.1628E+02	  0.3514E-03	  0.7678E-01
  0.1645E+02	  0.3192E-03	  0.7853E-01
  0.1663E+02	  0.2894E-03	  0.8024E-01
  0.1680E+02	  0.2619E-03	  0.8191E-01
  0.1698E+02	  0.2365E-03	  0.8354E-01
  0.1716E+02	  0.2133E-03	  0.8512E-01
  0.1733E+02	  0.1920E-03	  0.8667E-01
  0.1751E+02	  0.1726E-03	  0.8819E-01
  0.1768E+02	  0.1548E-03	  0.8968E-01
  0.1786E+02	  0.1387E-03	  0.9113E-01
  0.1804E+02	  0.1240E-03	  0.9253E-01
  0.1821E+02	  0.1107E-03	  0.9390E-01
  0.1839E+02	  0.9874E-04	  0.9525E-01
  0.1856E+02	  0.8794E-04	  0.9657E-01
  0.1874E+02	  0.7821E-04	  0.9786E-01
  0.1892E+02	  0.6947E-04	  0.9912E-01
  0.1909E+02	  0.6163E-04	  0.1003E+00
  0.1927E+02	  0.5460E-04	  0.1015E+00
  0.1944E+02	  0.4832E-04	  0.1027E+00
  0.1962E+02	  0.4270E-04	  0.1039E+00
  0.1980E+02	  0.3769E-04	  0.1051E+00
  0.1997E+02	  0.3322E-04	  0.1063E+00
  0.2015E+02	  0.2926E-04	  0.1074E+00
  0.2032E+02	  0.2575E-04	  0.1085E+00
  0.2050E+02	  0.2264E-04	  0.1096E+00
  0.2068E+02	  0.1990E-04	  0.1107E+00
  0.2085E+02	  0.1747E-04	  0.1117E+00
  0.2103E+02	  0.1533E-04	  0.1127E+00
  0.2120E+02	  0.1345E-04	  0.1137E+00
  0.2138E+02	  0.1178E-04	  0.1147E+00
  0.2155E+02	  0.1032E-04	  0.1156E+00
  0.2173E+02	  0.9035E-05	  0.1165E+00
  0.2191E+02	  0.7905E-05	  0.1174E+00
  0.2208E+02	  0.6913E-05	  0.1182E+00
  0.2226E+02	  0.6042E-05	  0.1190E+00
  0.2243E+02	  0.5279E-05	  0.1198E+00
  0.2261E+02	  0.4609E-05	  0.1206E+00
  0.2279E+02	  0.4022E-05	  0.1214E+00
  0.2296E+02	  0.3508E-05	  0.1222E+00
  0.2314E+02	  0.3059E-05	  0.1229E+00
  0.2331E+02	  0.2665E-05	  0.1236E+00
  0.2349E+02	  0.2321E-05	  0.1244E+00
  0.2367E+02	  0.2021E-05	  0.1251E+00
  0.2384E+02	  0.1758E-05	  0.1258E+00
  0.2402E+02	  0.1529E-05	  0.1265E+00
  0.2419E+02	  0.1329E-05	  0.1273E+00
  0.2437E+02	  0.1154E-05	  0.1280E+00
  0.2455E+02	  0.1002E-05	  0.1287E+00
  0.2472E+02	  0.8697E-06	  0.1294E+00
  0.2490E+02	  0.7544E-06	  0.1301E+00
  0.2507E+02	  0.6540E-06	  0.1308E+00
  0.2525E+02	  0.5667E-06	  0.1316E+00
  0.2543E+02	  0.4909E-06	  0.1323E+00
  0.2560E+02	  0.4252E-06	  0.1330E+00
  0.2578E+02	  0.3681E-06	  0.1337E+00
  0.2595E+02	  0.3186E-06	  0.1344E+00
  0.2613E+02	  0.2758E-06	  0.1351E+00
  0.2631E+02	  0.2386E-06	  0.1357E+00
  0.2648E+02	  0.2064E-06	  0.1363E+00
  0.2666E+02	  0.1785E-06	  0.1369E+00
  0.2683E+02	  0.1544E-06	  0.1376E+00
  0.2701E+02	  0.1334E-06	  0.1382E+00
  0.2719E+02	  0.1153E-06	  0.1388E+00
  0.2736E+02	  0.9963E-07	  0.1394E+00
  0.2754E+02	  0.8606E-07	  0.1400E+00
  0.2771E+02	  0.7432E-07	  0.1407E+00
  0.2789E+02	  0.6416E-07	  0.1413E+00
  0.2807E+02	  0.5538E-07	  0.1419E+00
  0.2824E+02	  0.4779E-07	  0.1425E+00
  0.2842E+02	  0.4122E-07	  0.1431E+00
  0.2859E+02	  0.3555E-07	  0.1437E+00
  0.2877E+02	  0.3065E-07	  0.1444E+00
  0.2895E+02	  0.2642E-07	  0.1450E+00
  0.2912E+02	  0.2277E-07	  0.1456E+00
  0.2930E+02	  0.1961E-07	  0.1462E+00
  0.2947E+02	  0.1689E-07	  0.1468E+00
  0.2965E+02	  0.1454E-07	  0.1474E+00
  0.2982E+02	  0.1252E-07	  0.1480E+00
  0.3000E+02	  0.1077E-07	  0.1487E+00
  0.3018E+02	  0.9264E-08	  0.1493E+00
  0.3035E+02	  0.7969E-08	  0.1499E+00
  0.3053E+02	  0.6854E-08	  0.1506E+00
  0.3070E+02	  0.5895E-08	  0.1512E+00
  0.3088E+02	  0.5070E-08	  0.1519E+00
  0.3106E+02	  0.4360E-08	  0.1525E+00
  0.3123E+02	  0.3749E-08	  0.1531E+00
  0.3141E+02	  0.3223E-08	  0.1537E+00
  0.3158E+02	  0.2771E-08	  0.1543E+00
  0.3176E+02	  0.2383E-08	  0.1549E+00
  0.3194E+02	  0.2049E-08	  0.1555E+00
  0.3211E+02	  0.1761E-08	  0.1561E+00
  0.3229E+02	  0.1514E-08	  0.1567E+00
  0.3246E+02	  0.1301E-08	  0.1573E+00
  0.3264E+02	  0.1119E-08	  0.1578E+00
  0.3282E+02	  0.9613E-09	  0.1584E+00
  0.3299E+02	  0.8262E-09	  0.1590E+00
  0.3317E+02	  0.7101E-09	  0.1595E+00
  0.3334E+02	  0.6102E-09	  0.1601E+00
  0.3352E+02	  0.5244E-09	  0.1606E+00
  0.3370E+02	  0.4506E-09	  0.1611E+00
  0.3387E+02	  0.3872E-09	  0.1616E+00
  0.3405E+02	  0.3327E-09	  0.1621E+00
  0.3422E+02	  0.2859E-09	  0.1626E+00
  0.3440E+02	  0.2456E-09	  0.1631E+00
  0.3458E+02	  0.2110E-09	  0.1636E+00
  0.3475E+02	  0.1813E-09	  0.1641E+00
  0.3493E+02	  0.1558E-09	  0.1646E+00
  0.3510E+02	  0.1338E-09	  0.1650E+00
  0.3528E+02	  0.1149E-09	  0.1655E+00
  0.3546E+02	  0.9874E-10	  0.1659E+00
  0.3563E+02	  0.8482E-10	  0.1664E+00
  0.3581E+02	  0.7286E-10	  0.1668E+00
  0.3598E+02	  0.6259E-10	  0.1672E+00
  0.3616E+02	  0.5377E-10	  0.1675E+00
  0.3634E+02	  0.4619E-10	  0.1679E+00
  0.3651E+02	  0.3968E-10	  0.1682E+00
  0.3669E+02	  0.3409E-10	  0.1685E+00
  0.3686E+02	  0.2928E-10	  0.1689E+00
  0.3704E+02	  0.2516E-10	  0.1692E+00
  0.3722E+02	  0.2161E-10	  0.1695E+00
  0.3739E+02	  0.1856E-10	  0.1698E+00
  0.3757E+02	  0.1595E-10	  0.1701E+00
  0.3774E+02	  0.1370E-10	  0.1703E+00
  0.3792E+02	  0.1177E-10	  0.1706E+00
  0.3809E+02	  0.1011E-10	  0.1709E+00
  0.3827E+02	  0.8687E-11	  0.1711E+00
  0.3845E+02	  0.7463E-11	  0.1713E+00
  0.3862E+02	  0.6412E-11	  0.1716E+00
  0.3880E+02	  0.5508E-11	  0.1718E+00
  0.3897E+02	  0.4732E-11	  0.1720E+00
  0.3915E+02	  0.4066E-11	  0.1722E+00
  0.3933E+02	  0.3493E-11	  0.1725E+00
  0.3950E+02	  0.3000E-11	  0.1727E+00
  0.3968E+02	  0.2577E-11	  0.1730E+00
  0.3985E+02	  0.2214E-11	  0.1733E+00
  0.4003E+02	  0.1901E-11	  0.1736E+00
  0.4021E+02	  0.1633E-11	  0.1738E+00
  0.4038E+02	  0.1403E-11	  0.1741E+00
  0.4056E+02	  0.1205E-11	  0.1744E+00
  0.4073E+02	  0.1036E-11	  0.1747E+00
  0.4091E+02	  0.8901E-12	  0.1750E+00
  0.4109E+02	  0.7650E-12	  0.1753E+00
  0.4126E+02	  0.6576E-12	  0.1756E+00
  0.4144E+02	  0.5654E-12	  0.1759E+00
  0.4161E+02	  0.4861E-12	  0.1762E+00
  0.4179E+02	  0.4180E-12	  0.1765E+00
  0.4197E+02	  0.3595E-12	  0.1767E+00
  0.4214E+02	  0.3093E-12	  0.1770E+00
  0.4232E+02	  0.2661E-12	  0.1773E+00
  0.4249E+02	  0.2289E-12	  0.1775E+00
  0.4267E+02	  0.1970E-12	  0.1778E+00
  0.4285E+02	  0.1695E-12	  0.1780E+00
  0.4302E+02	  0.1459E-12	  0.1783E+00
  0.4320E+02	  0.1256E-12	  0.1785E+00
  0.4337E+02	  0.1081E-12	  0.1788E+00
  0.4355E+02	  0.9311E-13	  0.1790E+00
  0.4373E+02	  0.8018E-13	  0.1793E+00
  0.4390E+02	  0.6906E-13	  0.1795E+00
  0.4408E+02	  0.5948E-13	  0.1797E+00
  0.4425E+02	  0.5124E-13	  0.1799E+00
  0.4443E+02	  0.4415E-13	  0.1802E+00
  0.4461E+02	  0.3804E-13	  0.1804E+00
  0.4478E+02	  0.3278E-13	  0.1806E+00
  0.4496E+02	  0.2825E-13	  0.1808E+00
  0.4513E+02	  0.2435E-13	  0.1810E+00
  0.4531E+02	  0.2099E-13	  0.1813E+00
  0.4549E+02	  0.1810E-13	  0.1815E+00
  0.4566E+02	  0.1560E-13	  0.1817E+00
  0.4584E+02	  0.1346E-13	  0.1818E+00
  0.4601E+02	  0.1161E-13	  0.1820E+00
  0.4619E+02	  0.1001E-13	  0.1822E+00
  0.4637E+02	  0.8636E-14	  0.1824E+00
  0.4654E+02	  0.7451E-14	  0.1825E+00
  0.4672E+02	  0.6429E-14	  0.1827E+00
  0.4689E+02	  0.5548E-14	  0.1829E+00
  0.4707E+02	  0.4788E-14	  0.1830E+00
  0.4724E+02	  0.4132E-14	  0.1832E+00
  0.4742E+02	  0.3567E-14	  0.1833E+00
  0.4760E+02	  0.3079E-14	  0.1835E+00
  0.4777E+02	  0.2659E-14	  0.1837E+00
  0.4795E+02	  0.2296E-14	  0.1838E+00
  0.4812E+02	  0.1982E-14	  0.1840E+00
  0.4830E+02	  0.1712E-14	  0.1841E+00
  0.4848E+02	  0.1479E-14	  0.1843E+00
  0.4865E+02	  0.1277E-14	  0.1844E+00
  0.4883E+02	  0.1103E-14	  0.1846E+00
  0.4900E+02	  0.9533E-15	  0.1847E+00
  0.4918E+02	  0.8236E-15	  0.1849E+00
  0.4936E+02	  0.7116E-15	  0.1851E+00
  0.4953E+02	  0.6149E-15	  0.1852E+00
  0.4971E+02	  0.5314E-15	  0.1854E+00
  0.4988E+02	  0.4593E-15	  0.1856E+00
  0.5006E+02	  0.3970E-15	  0.1858E+00
  0.5024E+02	  0.3431E-15	  0.1860E+00
  0.5041E+02	  0.2966E-15	  0.1862E+00
  0.5059E+02	  0.2564E-15	  0.1864E+00
  0.5076E+02	  0.2217E-15	  0.1866E+00
  0.5094E+02	  0.1917E-15	  0.1868E+00
  0.5112E+02	  0.1658E-15	  0.1870E+00
  0.5129E+02	  0.1434E-15	  0.1872E+00
  0.5147E+02	  0.1241E-15	  0.1874E+00
  0.5164E+02	  0.1073E-15	  0.1876E+00
  0.5182E+02	  0.9285E-16	  0.1878E+00
  0.5200E+02	  0.8034E-16	  0.1880E+00
  0.5217E+02	  0.6953E-16	  0.1882E+00
  0.5235E+02	  0.6017E-16	  0.1884E+00
  0.5252E+02	  0.5208E-16	  0.1887E+00
  0.5270E+02	  0.4508E-16	  0.1889E+00
  0.5288E+02	  0.3903E-16	  0.1891E+00
  0.5305E+02	  0.3379E-16	  0.1893E+00
  0.5323E+02	  0.2926E-16	  0.1895E+00
  0.5340E+02	  0.2534E-16	  0.1897E+00
  0.5358E+02	  0.2194E-16	  0.1899E+00
  0.5376E+02	  0.1901E-16	  0.1901E+00
  0.5393E+02	  0.1646E-16	  0.1903E+00
  0.5411E+02	  0.1426E-16	  0.1905E+00
  0.5428E+02	  0.1236E-16	  0.1907E+00
  0.5446E+02	  0.1071E-16	  0.1909E+00
  0.5464E+02	  0.9277E-17	  0.1911E+00
  0.5481E+02	  0.8040E-17	  0.1912E+00
  0.5499E+02	  0.6968E-17	  0.1914E+00
  0.5516E+02	  0.6040E-17	  0.1916E+00
  0.5534E+02	  0.5235E-17	  0.1918E+00
  0.5551E+02	  0.4539E-17	  0.1920E+00
  0.5569E+02	  0.3935E-17	  0.1922E+00
  0.5587E+02	  0.3412E-17	  0.1923E+00
  0.5604E+02	  0.2959E-17	  0.1925E+00
  0.5622E+02	  0.2566E-17	  0.1927E+00
  0.5639E+02	  0.2225E-17	  0.1929E+00
  0.5657E+02	  0.1930E-17	  0.1930E+00
  0.5675E+02	  0.1674E-17	  0.1932E+00
  0.5692E+02	  0.1452E-17	  0.1934E+00
  0.5710E+02	  0.1260E-17	  0.1935E+00
  0.5727E+02	  0.1093E-17	  0.1937E+00
  0.5745E+02	  0.9487E-18	  0.1939E+00
  0.5763E+02	  0.8233E-18	  0.1940E+00
  0.5780E+02	  0.7145E-18	  0.1942E+00
  0.5798E+02	  0.6201E-18	  0.1944E+00
  0.5815E+02	  0.5382E-18	  0.1945E+00
  0.5833E+02	  0.4672E-18	  0.1947E+00
  0.5851E+02	  0.4056E-18	  0.1948E+00
  0.5868E+02	  0.3521E-18	  0.1950E+00
  0.5886E+02	  0.3057E-18	  0.1952E+00
  0.5903E+02	  0.2655E-18	  0.1953E+00
  0.5921E+02	  0.2305E-18	  0.1955E+00
  0.5939E+02	  0.2002E-18	  0.1956E+00
  0.5956E+02	  0.1738E-18	  0.1958E+00
  0.5974E+02	  0.1510E-18	  0.1960E+00
  0.5991E+02	  0.1311E-18	  0.1962E+00
  0.6009E+02	  0.1139E-18	  0.1964E+00
  0.6027E+02	  0.9891E-19	  0.1966E+00
  0.6044E+02	  0.8592E-19	  0.1968E+00
  0.6062E+02	  0.7464E-19	  0.1970E+00
  0.6079E+02	  0.6485E-19	  0.1972E+00
  0.6097E+02	  0.5635E-19	  0.1974E+00
  0.6115E+02	  0.4897E-19	  0.1976E+00
  0.6132E+02	  0.4255E-19	  0.1978E+00
  0.6150E+02	  0.3698E-19	  0.1980E+00
  0.6167E+02	  0.3215E-19	  0.1982E+00
  0.6185E+02	  0.2794E-19	  0.1984E+00
  0.6203E+02	  0.2429E-19	  0.1986E+00
  0.6220E+02	  0.2112E-19	  0.1988E+00
  0.6238E+02	  0.1836E-19	  0.1990E+00
  0.6255E+02	  0.1597E-19	  0.1992E+00
  0.6273E+02	  0.1388E-19	  0.1994E+00
  0.6291E+02	  0.1207E-19	  0.1996E+00
  0.6308E+02	  0.1050E-19	  0.1998E+00
  0.6326E+02	  0.9134E-20	  0.2000E+00
  0.6343E+02	  0.7945E-20	  0.2002E+00
  0.6361E+02	  0.6912E-20	  0.2004E+00
  0.6378E+02	  0.6014E-20	  0.2006E+00
  0.6396E+02	  0.5232E-20	  0.2007E+00
  0.6414E+02	  0.4553E-20	  0.2009E+00
  0.6431E+02	  0.3962E-20	  0.2011E+00
  0.6449E+02	  0.3448E-20	  0.2012E+00
  0.6466E+02	  0.3001E-20	  0.2014E+00
  0.6484E+02	  0.2613E-20	  0.2015E+00
  0.6502E+02	  0.2274E-20	  0.2017E+00
  0.6519E+02	  0.1980E-20	  0.2018E+00
  0.6537E+02	  0.1724E-20	  0.2020E+00
  0.6554E+02	  0.1501E-20	  0.2021E+00
  0.6572E+02	  0.1307E-20	  0.2023E+00
  0.6590E+02	  0.1138E-20	  0.2024E+00
  0.6607E+02	  0.9913E-21	  0.2026E+00
  0.6625E+02	  0.8634E-21	  0.2027E+00
  0.6642E+02	  0.7520E-21	  0.2028E+00
  0.6660E+02	  0.6551E-21	  0.2030E+00
  0.6678E+02	  0.5707E-21	  0.2031E+00
  0.6695E+02	  0.4972E-21	  0.2033E+00
  0.6713E+02	  0.4332E-21	  0.2034E+00
  0.6730E+02	  0.3774E-21	  0.2036E+00
  0.6748E+02	  0.3289E-21	  0.2037E+00
  0.6766E+02	  0.2866E-21	  0.2038E+00
  0.6783E+02	  0.2498E-21	  0.2040E+00
  0.6801E+02	  0.2177E-21	  0.2041E+00
  0.6818E+02	  0.1897E-21	  0.2043E+00
  0.6836E+02	  0.1654E-21	  0.2044E+00
  0.6854E+02	  0.1442E-21	  0.2045E+00
  0.6871E+02	  0.1257E-21	  0.2047E+00
  0.6889E+02	  0.1096E-21	  0.2048E+00
  0.6906E+02	  0.9552E-22	  0.2050E+00
  0.6924E+02	  0.8328E-22	  0.2052E+00
  0.6942E+02	  0.7262E-22	  0.2053E+00
  0.6959E+02	  0.6332E-22	  0.2055E+00
  0.6977E+02	  0.5522E-22	  0.2057E+00
  0.6994E+02	  0.4815E-22	  0.2059E+00
  0.7012E+02	  0.4199E-22	  0.2061E+00
  0.7030E+02	  0.3662E-22	  0.2063E+00
  0.7047E+02	  0.3194E-22	  0.2065E+00
  0.7065E+02	  0.2787E-22	  0.2067E+00
  0.7082E+02	  0.2431E-22	  0.2069E+00
  0.7100E+02	  0.2121E-22	  0.2071E+00
  0.7118E+02	  0.1851E-22	  0.2073E+00
  0.7135E+02	  0.1615E-22	  0.2075E+00
  0.7153E+02	  0.1410E-22	  0.2077E+00
  0.7170E+02	  0.1231E-22	  0.2079E+00
  0.7188E+02	  0.1075E-22	  0.2081E+00
  0.7205E+02	  0.9382E-23	  0.2083E+00
  0.7223E+02	  0.8193E-23	  0.2085E+00
  0.7241E+02	  0.7155E-23	  0.2087E+00
  0.7258E+02	  0.6249E-23	  0.2089E+00
  0.7276E+02	  0.5459E-23	  0.2091E+00
  0.7293E+02	  0.4769E-23	  0.2093E+00
  0.7311E+02	  0.4166E-23	  0.2095E+00
  0.7329E+02	  0.3641E-23	  0.2097E+00
  0.7346E+02	  0.3181E-23	  0.2099E+00
  0.7364E+02	  0.2780E-23	  0.2101E+00
  0.7381E+02	  0.2430E-23	  0.2103E+00
  0.7399E+02	  0.2125E-23	  0.2105E+00
  0.7417E+02	  0.1857E-23	  0.2107E+00
  0.7434E+02	  0.1624E-23	  0.2109E+00
  0.7452E+02	  0.1420E-23	  0.2111E+00
  0.7469E+02	  0.1242E-23	  0.2113E+00
  0.7487E+02	  0.1086E-23	  0.2114E+00
  0.7505E+02	  0.9501E-24	  0.2116E+00
  0.7522E+02	  0.8312E-24	  0.2118E+00
  0.7540E+02	  0.7272E-24	  0.2120E+00

R41 
------------------------------------------------------------
Electric field / N (Td)                    850.0    
Angular frequency / N (m3/s)              0.1938E-11
Cosine of E-B field angle                  0.000    
Gas temperature (K)                        800.0    
Excitation temperature (K)                 300.0    
Transition energy (eV)                     0.000    
Ionization degree                          0.000    
Plasma density (1/m3)                     0.1000E+19
Ion charge parameter                       1.000    
Ion/neutral mass ratio                     1.000    
Coulomb collision model                    1.000    
Energy sharing                             0.000    
Growth model                               1.000    
Maxwellian mean energy (eV)                0.000    
# of grid points                           500.0    
Grid type                                  1.000    
Maximum energy                             30.00    
Precision                                 0.1000E-24
Convergence                               0.1000E-03
Maximum # of iterations                   0.2000E+05
Mole fraction Ar                           1.000    
------------------------------------------------------------
Mean energy (eV)                           2.039    
Mobility *N (1/m/V/s)                     0.2521E+27
Re/perp mobility *N (1/m/V/s)             0.3391E+22
Im/Hall mobility *N (1/m/V/s)            -0.1003E+24
Diffusion coefficient *N (1/m/s)          0.3913E+26
Energy mobility *N (1/m/V/s)              0.3060E+26
Energy diffusion coef. *N (1/m/s)         0.8767E+25
Total collision freq. /N (m3/s)           0.4233E-13
Momentum frequency /N (m3/s)              0.7252E-13
Total ionization freq. /N (m3/s)          0.3303E-16
Power /N (eV m3/s)                        0.2450E-14
Elastic power loss /N (eV m3/s)           0.9032E-17
Inelastic power loss /N (eV m3/s)         0.2377E-14
Growth power /N (eV m3/s)                 0.6771E-16
Maximum energy                             105.3    
# of iterations                            145.0    
# of grid trials                           8.000    
------------------------------------------------------------
Rate coefficients (m3/s)
C1    Ar    Elastic                       0.4216E-13
C2    Ar    Excitation    11.55 eV        0.2044E-16
C3    Ar    Excitation    11.62 eV        0.1998E-16
C4    Ar    Excitation    11.72 eV        0.3742E-17
C5    Ar    Excitation    11.83 eV        0.3144E-16
C6    Ar    Excitation    12.91 eV        0.3400E-17
C7    Ar    Excitation    13.08 eV        0.4635E-17
C8    Ar    Excitation    13.10 eV        0.3159E-17
C9    Ar    Excitation    13.15 eV        0.2339E-17
C10   Ar    Excitation    13.17 eV        0.3085E-17
C11   Ar    Excitation    13.27 eV        0.1238E-17
C12   Ar    Excitation    13.28 eV        0.2266E-17
C13   Ar    Excitation    13.30 eV        0.1707E-17
C14   Ar    Excitation    13.33 eV        0.1416E-17
C15   Ar    Excitation    13.48 eV        0.4092E-17
C16   Ar    Excitation    13.85 eV        0.1896E-17
C17   Ar    Excitation    13.86 eV        0.9209E-17
C18   Ar    Excitation    13.90 eV        0.6252E-17
C19   Ar    Excitation    13.98 eV        0.6659E-17
C20   Ar    Excitation    14.01 eV        0.2230E-17
C21   Ar    Excitation    14.06 eV        0.2400E-17
C22   Ar    Excitation    14.07 eV        0.2399E-17
C23   Ar    Excitation    14.09 eV        0.4183E-18
C24   Ar    Excitation    14.10 eV        0.4380E-18
C25   Ar    Excitation    14.15 eV        0.1150E-17
C26   Ar    Excitation    14.21 eV        0.3235E-17
C27   Ar    Excitation    14.23 eV        0.2050E-17
C28   Ar    Excitation    14.24 eV        0.6523E-18
C29   Ar    Excitation    14.24 eV        0.4709E-18
C30   Ar    Excitation    14.26 eV        0.1587E-18
C31   Ar    Excitation    14.30 eV        0.1280E-17
C32   Ar    Excitation    14.71 eV        0.1958E-19
C33   Ar    Excitation    14.85 eV        0.1341E-18
C34   Ar    Excitation    14.86 eV        0.4469E-18
C35   Ar    Excitation    15.00 eV        0.1732E-18
C36   Ar    Excitation    15.02 eV        0.1799E-18
C37   Ar    Excitation    15.12 eV        0.3121E-19
C38   Ar    Excitation    15.19 eV        0.3082E-18
C39   Ar    Excitation    15.19 eV        0.3072E-18
C40   Ar    Excitation    15.31 eV        0.4951E-20
C41   Ar    Excitation    15.35 eV        0.3259E-20
C42   Ar    Excitation    15.36 eV        0.4697E-20
C43   Ar    Excitation    15.37 eV        0.8215E-19
C44   Ar    Excitation    15.37 eV        0.1821E-18
C45   Ar    Excitation    15.66 eV        0.6879E-18
C46   Ar    Ionization    15.76 eV        0.3304E-16
------------------------------------------------------------
Energy (eV) EEDF (eV-3/2) Anisotropy
  0.1053E+00	  0.7549E+01	  0.3873E-03
  0.3158E+00	  0.8904E+00	  0.5246E-03
  0.5263E+00	  0.3275E+00	  0.7993E-03
  0.7368E+00	  0.2012E+00	  0.1012E-02
  0.9473E+00	  0.1477E+00	  0.1235E-02
  0.1158E+01	  0.1174E+00	  0.1487E-02
  0.1368E+01	  0.9676E-01	  0.1774E-02
  0.1579E+01	  0.8159E-01	  0.2085E-02
  0.1789E+01	  0.7008E-01	  0.2410E-02
  0.2000E+01	  0.6095E-01	  0.2766E-02
  0.2210E+01	  0.5353E-01	  0.3162E-02
  0.2421E+01	  0.4740E-01	  0.3594E-02
  0.2631E+01	  0.4225E-01	  0.4062E-02
  0.2842E+01	  0.3787E-01	  0.4562E-02
  0.3052E+01	  0.3409E-01	  0.5093E-02
  0.3263E+01	  0.3081E-01	  0.5654E-02
  0.3474E+01	  0.2793E-01	  0.6244E-02
  0.3684E+01	  0.2539E-01	  0.6862E-02
  0.3895E+01	  0.2313E-01	  0.7508E-02
  0.4105E+01	  0.2112E-01	  0.8180E-02
  0.4316E+01	  0.1934E-01	  0.8869E-02
  0.4526E+01	  0.1777E-01	  0.9573E-02
  0.4737E+01	  0.1637E-01	  0.1029E-01
  0.4947E+01	  0.1511E-01	  0.1102E-01
  0.5158E+01	  0.1398E-01	  0.1175E-01
  0.5368E+01	  0.1297E-01	  0.1250E-01
  0.5579E+01	  0.1206E-01	  0.1324E-01
  0.5789E+01	  0.1123E-01	  0.1399E-01
  0.6000E+01	  0.1048E-01	  0.1474E-01
  0.6210E+01	  0.9804E-02	  0.1549E-01
  0.6421E+01	  0.9182E-02	  0.1624E-01
  0.6631E+01	  0.8614E-02	  0.1700E-01
  0.6842E+01	  0.8092E-02	  0.1775E-01
  0.7052E+01	  0.7613E-02	  0.1851E-01
  0.7263E+01	  0.7170E-02	  0.1927E-01
  0.7473E+01	  0.6760E-02	  0.2004E-01
  0.7684E+01	  0.6380E-02	  0.2081E-01
  0.7894E+01	  0.6026E-02	  0.2159E-01
  0.8105E+01	  0.5697E-02	  0.2238E-01
  0.8315E+01	  0.5390E-02	  0.2318E-01
  0.8526E+01	  0.5104E-02	  0.2398E-01
  0.8736E+01	  0.4837E-02	  0.2480E-01
  0.8947E+01	  0.4587E-02	  0.2563E-01
  0.9157E+01	  0.4352E-02	  0.2647E-01
  0.9368E+01	  0.4132E-02	  0.2733E-01
  0.9579E+01	  0.3925E-02	  0.2821E-01
  0.9789E+01	  0.3731E-02	  0.2910E-01
  0.1000E+02	  0.3547E-02	  0.3001E-01
  0.1021E+02	  0.3373E-02	  0.3096E-01
  0.1042E+02	  0.3207E-02	  0.3194E-01
  0.1063E+02	  0.3049E-02	  0.3297E-01
  0.1084E+02	  0.2897E-02	  0.3406E-01
  0.1105E+02	  0.2750E-02	  0.3522E-01
  0.1126E+02	  0.2608E-02	  0.3647E-01
  0.1147E+02	  0.2470E-02	  0.3780E-01
  0.1168E+02	  0.2338E-02	  0.3917E-01
  0.1189E+02	  0.2210E-02	  0.4051E-01
  0.1210E+02	  0.2087E-02	  0.4189E-01
  0.1232E+02	  0.1969E-02	  0.4330E-01
  0.1253E+02	  0.1856E-02	  0.4470E-01
  0.1274E+02	  0.1747E-02	  0.4609E-01
  0.1295E+02	  0.1642E-02	  0.4753E-01
  0.1316E+02	  0.1542E-02	  0.4910E-01
  0.1337E+02	  0.1445E-02	  0.5090E-01
  0.1358E+02	  0.1351E-02	  0.5290E-01
  0.1379E+02	  0.1260E-02	  0.5497E-01
  0.1400E+02	  0.1173E-02	  0.5710E-01
  0.1421E+02	  0.1089E-02	  0.5923E-01
  0.1442E+02	  0.1009E-02	  0.6132E-01
  0.1463E+02	  0.9329E-03	  0.6337E-01
  0.1484E+02	  0.8606E-03	  0.6538E-01
  0.1505E+02	  0.7922E-03	  0.6734E-01
  0.1526E+02	  0.7277E-03	  0.6932E-01
  0.1547E+02	  0.6669E-03	  0.7136E-01
  0.1568E+02	  0.6099E-03	  0.7347E-01
  0.1589E+02	  0.5563E-03	  0.7561E-01
  0.1610E+02	  0.5064E-03	  0.7770E-01
  0.1632E+02	  0.4599E-03	  0.7974E-01
  0.1653E+02	  0.4168E-03	  0.8173E-01
  0.1674E+02	  0.3770E-03	  0.8368E-01
  0.1695E+02	  0.3402E-03	  0.8556E-01
  0.1716E+02	  0.3065E-03	  0.8739E-01
  0.1737E+02	  0.2755E-03	  0.8918E-01
  0.1758E+02	  0.2472E-03	  0.9093E-01
  0.1779E+02	  0.2214E-03	  0.9263E-01
  0.1800E+02	  0.1979E-03	  0.9427E-01
  0.1821E+02	  0.1766E-03	  0.9587E-01
  0.1842E+02	  0.1574E-03	  0.9743E-01
  0.1863E+02	  0.1400E-03	  0.9896E-01
  0.1884E+02	  0.1244E-03	  0.1004E+00
  0.1905E+02	  0.1104E-03	  0.1019E+00
  0.1926E+02	  0.9776E-04	  0.1033E+00
  0.1947E+02	  0.8648E-04	  0.1047E+00
  0.1968E+02	  0.7639E-04	  0.1060E+00
  0.1989E+02	  0.6737E-04	  0.1074E+00
  0.2010E+02	  0.5935E-04	  0.1088E+00
  0.2031E+02	  0.5223E-04	  0.1101E+00
  0.2053E+02	  0.4593E-04	  0.1114E+00
  0.2074E+02	  0.4036E-04	  0.1126E+00
  0.2095E+02	  0.3543E-04	  0.1138E+00
  0.2116E+02	  0.3109E-04	  0.1149E+00
  0.2137E+02	  0.2726E-04	  0.1161E+00
  0.2158E+02	  0.2388E-04	  0.1172E+00
  0.2179E+02	  0.2091E-04	  0.1182E+00
  0.2200E+02	  0.1830E-04	  0.1192E+00
  0.2221E+02	  0.1600E-04	  0.1201E+00
  0.2242E+02	  0.1399E-04	  0.1211E+00
  0.2263E+02	  0.1222E-04	  0.1220E+00
  0.2284E+02	  0.1067E-04	  0.1229E+00
  0.2305E+02	  0.9311E-05	  0.1238E+00
  0.2326E+02	  0.8120E-05	  0.1247E+00
  0.2347E+02	  0.7077E-05	  0.1256E+00
  0.2368E+02	  0.6165E-05	  0.1264E+00
  0.2389E+02	  0.5367E-05	  0.1273E+00
  0.2410E+02	  0.4669E-05	  0.1281E+00
  0.2431E+02	  0.4060E-05	  0.1290E+00
  0.2453E+02	  0.3528E-05	  0.1298E+00
  0.2474E+02	  0.3064E-05	  0.1307E+00
  0.2495E+02	  0.2659E-05	  0.1315E+00
  0.2516E+02	  0.2307E-05	  0.1324E+00
  0.2537E+02	  0.2000E-05	  0.1332E+00
  0.2558E+02	  0.1734E-05	  0.1341E+00
  0.2579E+02	  0.1503E-05	  0.1349E+00
  0.2600E+02	  0.1302E-05	  0.1357E+00
  0.2621E+02	  0.1128E-05	  0.1365E+00
  0.2642E+02	  0.9766E-06	  0.1372E+00
  0.2663E+02	  0.8455E-06	  0.1380E+00
  0.2684E+02	  0.7317E-06	  0.1387E+00
  0.2705E+02	  0.6332E-06	  0.1394E+00
  0.2726E+02	  0.5477E-06	  0.1402E+00
  0.2747E+02	  0.4736E-06	  0.1409E+00
  0.2768E+02	  0.4095E-06	  0.1416E+00
  0.2789E+02	  0.3539E-06	  0.1424E+00
  0.2810E+02	  0.3058E-06	  0.1431E+00
  0.2831E+02	  0.2641E-06	  0.1438E+00
  0.2852E+02	  0.2280E-06	  0.1446E+00
  0.2874E+02	  0.1968E-06	  0.1453E+00
  0.2895E+02	  0.1699E-06	  0.1460E+00
  0.2916E+02	  0.1465E-06	  0.1468E+00
  0.2937E+02	  0.1264E-06	  0.1475E+00
  0.2958E+02	  0.1089E-06	  0.1482E+00
  0.2979E+02	  0.9387E-07	  0.1490E+00
  0.3000E+02	  0.8086E-07	  0.1497E+00
  0.3021E+02	  0.6964E-07	  0.1505E+00
  0.3042E+02	  0.5997E-07	  0.1512E+00
  0.3063E+02	  0.5164E-07	  0.1520E+00
  0.3084E+02	  0.4447E-07	  0.1527E+00
  0.3105E+02	  0.3829E-07	  0.1535E+00
  0.3126E+02	  0.3296E-07	  0.1542E+00
  0.3147E+02	  0.2838E-07	  0.1549E+00
  0.3168E+02	  0.2443E-07	  0.1557E+00
  0.3189E+02	  0.2103E-07	  0.1564E+00
  0.3210E+02	  0.1810E-07	  0.1571E+00
  0.3231E+02	  0.1558E-07	  0.1578E+00
  0.3252E+02	  0.1341E-07	  0.1584E+00
  0.3274E+02	  0.1154E-07	  0.1591E+00
  0.3295E+02	  0.9932E-08	  0.1598E+00
  0.3316E+02	  0.8547E-08	  0.1604E+00
  0.3337E+02	  0.7355E-08	  0.1611E+00
  0.3358E+02	  0.6329E-08	  0.1617E+00
  0.3379E+02	  0.5446E-08	  0.1623E+00
  0.3400E+02	  0.4686E-08	  0.1629E+00
  0.3421E+02	  0.4032E-08	  0.1635E+00
  0.3442E+02	  0.3469E-08	  0.1641E+00
  0.3463E+02	  0.2985E-08	  0.1646E+00
  0.3484E+02	  0.2568E-08	  0.1652E+00
  0.3505E+02	  0.2209E-08	  0.1657E+00
  0.3526E+02	  0.1901E-08	  0.1663E+00
  0.3547E+02	  0.1635E-08	  0.1668E+00
  0.3568E+02	  0.1407E-08	  0.1673E+00
  0.3589E+02	  0.1210E-08	  0.1678E+00
  0.3610E+02	  0.1041E-08	  0.1682E+00
  0.3631E+02	  0.8960E-09	  0.1686E+00
  0.3652E+02	  0.7709E-09	  0.1690E+00
  0.3674E+02	  0.6633E-09	  0.1694E+00
  0.3695E+02	  0.5707E-09	  0.1697E+00
  0.3716E+02	  0.4910E-09	  0.1701E+00
  0.3737E+02	  0.4225E-09	  0.1705E+00
  0.3758E+02	  0.3635E-09	  0.1708E+00
  0.3779E+02	  0.3128E-09	  0.1711E+00
  0.3800E+02	  0.2692E-09	  0.1714E+00
  0.3821E+02	  0.2316E-09	  0.1717E+00
  0.3842E+02	  0.1993E-09	  0.1720E+00
  0.3863E+02	  0.1715E-09	  0.1723E+00
  0.3884E+02	  0.1476E-09	  0.1725E+00
  0.3905E+02	  0.1270E-09	  0.1728E+00
  0.3926E+02	  0.1093E-09	  0.1731E+00
  0.3947E+02	  0.9402E-10	  0.1734E+00
  0.3968E+02	  0.8090E-10	  0.1737E+00
  0.3989E+02	  0.6960E-10	  0.1740E+00
  0.4010E+02	  0.5987E-10	  0.1744E+00
  0.4031E+02	  0.5151E-10	  0.1747E+00
  0.4052E+02	  0.4433E-10	  0.1751E+00
  0.4073E+02	  0.3815E-10	  0.1754E+00
  0.4095E+02	  0.3284E-10	  0.1758E+00
  0.4116E+02	  0.2827E-10	  0.1761E+00
  0.4137E+02	  0.2435E-10	  0.1765E+00
  0.4158E+02	  0.2097E-10	  0.1768E+00
  0.4179E+02	  0.1806E-10	  0.1771E+00
  0.4200E+02	  0.1556E-10	  0.1775E+00
  0.4221E+02	  0.1340E-10	  0.1778E+00
  0.4242E+02	  0.1155E-10	  0.1781E+00
  0.4263E+02	  0.9956E-11	  0.1784E+00
  0.4284E+02	  0.8582E-11	  0.1787E+00
  0.4305E+02	  0.7399E-11	  0.1790E+00
  0.4326E+02	  0.6380E-11	  0.1793E+00
  0.4347E+02	  0.5502E-11	  0.1796E+00
  0.4368E+02	  0.4746E-11	  0.1798E+00
  0.4389E+02	  0.4094E-11	  0.1801E+00
  0.4410E+02	  0.3533E-11	  0.1804E+00
  0.4431E+02	  0.3048E-11	  0.1807E+00
  0.4452E+02	  0.2631E-11	  0.1809E+00
  0.4473E+02	  0.2271E-11	  0.1812E+00
  0.4495E+02	  0.1960E-11	  0.1814E+00
  0.4516E+02	  0.1693E-11	  0.1817E+00
  0.4537E+02	  0.1462E-11	  0.1819E+00
  0.4558E+02	  0.1262E-11	  0.1822E+00
  0.4579E+02	  0.1090E-11	  0.1824E+00
  0.4600E+02	  0.9419E-12	  0.1826E+00
  0.4621E+02	  0.8139E-12	  0.1828E+00
  0.4642E+02	  0.7033E-12	  0.1830E+00
  0.4663E+02	  0.6078E-12	  0.1832E+00
  0.4684E+02	  0.5254E-12	  0.1834E+00
  0.4705E+02	  0.4542E-12	  0.1836E+00
  0.4726E+02	  0.3927E-12	  0.1838E+00
  0.4747E+02	  0.3396E-12	  0.1840E+00
  0.4768E+02	  0.2936E-12	  0.1841E+00
  0.4789E+02	  0.2540E-12	  0.1843E+00
  0.4810E+02	  0.2197E-12	  0.1845E+00
  0.4831E+02	  0.1901E-12	  0.1847E+00
  0.4852E+02	  0.1644E-12	  0.1849E+00
  0.4873E+02	  0.1423E-12	  0.1851E+00
  0.4895E+02	  0.1231E-12	  0.1853E+00
  0.4916E+02	  0.1066E-12	  0.1855E+00
  0.4937E+02	  0.9222E-13	  0.1857E+00
  0.4958E+02	  0.7983E-13	  0.1859E+00
  0.4979E+02	  0.6910E-13	  0.1861E+00
  0.5000E+02	  0.5983E-13	  0.1863E+00
  0.5021E+02	  0.5180E-13	  0.1865E+00
  0.5042E+02	  0.4485E-13	  0.1868E+00
  0.5063E+02	  0.3884E-13	  0.1870E+00
  0.5084E+02	  0.3364E-13	  0.1873E+00
  0.5105E+02	  0.2914E-13	  0.1875E+00
  0.5126E+02	  0.2525E-13	  0.1877E+00
  0.5147E+02	  0.2188E-13	  0.1880E+00
  0.5168E+02	  0.1896E-13	  0.1882E+00
  0.5189E+02	  0.1643E-13	  0.1885E+00
  0.5210E+02	  0.1424E-13	  0.1887E+00
  0.5231E+02	  0.1234E-13	  0.1890E+00
  0.5252E+02	  0.1070E-13	  0.1892E+00
  0.5273E+02	  0.9280E-14	  0.1895E+00
  0.5294E+02	  0.8048E-14	  0.1897E+00
  0.5316E+02	  0.6980E-14	  0.1900E+00
  0.5337E+02	  0.6054E-14	  0.1902E+00
  0.5358E+02	  0.5252E-14	  0.1905E+00
  0.5379E+02	  0.4557E-14	  0.1907E+00
  0.5400E+02	  0.3954E-14	  0.1909E+00
  0.5421E+02	  0.3431E-14	  0.1912E+00
  0.5442E+02	  0.2978E-14	  0.1914E+00
  0.5463E+02	  0.2585E-14	  0.1916E+00
  0.5484E+02	  0.2244E-14	  0.1918E+00
  0.5505E+02	  0.1948E-14	  0.1921E+00
  0.5526E+02	  0.1691E-14	  0.1923E+00
  0.5547E+02	  0.1469E-14	  0.1925E+00
  0.5568E+02	  0.1276E-14	  0.1927E+00
  0.5589E+02	  0.1108E-14	  0.1929E+00
  0.5610E+02	  0.9623E-15	  0.1931E+00
  0.5631E+02	  0.8360E-15	  0.1933E+00
  0.5652E+02	  0.7263E-15	  0.1935E+00
  0.5673E+02	  0.6311E-15	  0.1937E+00
  0.5694E+02	  0.5484E-15	  0.1939E+00
  0.5716E+02	  0.4766E-15	  0.1941E+00
  0.5737E+02	  0.4143E-15	  0.1943E+00
  0.5758E+02	  0.3601E-15	  0.1945E+00
  0.5779E+02	  0.3130E-15	  0.1947E+00
  0.5800E+02	  0.2722E-15	  0.1949E+00
  0.5821E+02	  0.2366E-15	  0.1951E+00
  0.5842E+02	  0.2058E-15	  0.1953E+00
  0.5863E+02	  0.1789E-15	  0.1955E+00
  0.5884E+02	  0.1556E-15	  0.1957E+00
  0.5905E+02	  0.1353E-15	  0.1959E+00
  0.5926E+02	  0.1177E-15	  0.1961E+00
  0.5947E+02	  0.1024E-15	  0.1963E+00
  0.5968E+02	  0.8908E-16	  0.1965E+00
  0.5989E+02	  0.7750E-16	  0.1967E+00
  0.6010E+02	  0.6742E-16	  0.1970E+00
  0.6031E+02	  0.5866E-16	  0.1972E+00
  0.6052E+02	  0.5105E-16	  0.1975E+00
  0.6073E+02	  0.4442E-16	  0.1977E+00
  0.6094E+02	  0.3866E-16	  0.1979E+00
  0.6116E+02	  0.3365E-16	  0.1982E+00
  0.6137E+02	  0.2930E-16	  0.1984E+00
  0.6158E+02	  0.2550E-16	  0.1987E+00
  0.6179E+02	  0.2221E-16	  0.1989E+00
  0.6200E+02	  0.1934E-16	  0.1992E+00
  0.6221E+02	  0.1684E-16	  0.1994E+00
  0.6242E+02	  0.1467E-16	  0.1996E+00
  0.6263E+02	  0.1277E-16	  0.1999E+00
  0.6284E+02	  0.1113E-16	  0.2001E+00
  0.6305E+02	  0.9694E-17	  0.2003E+00
  0.6326E+02	  0.8446E-17	  0.2005E+00
  0.6347E+02	  0.7360E-17	  0.2008E+00
  0.6368E+02	  0.6414E-17	  0.2010E+00
  0.6389E+02	  0.5590E-17	  0.2012E+00
  0.6410E+02	  0.4872E-17	  0.2014E+00
  0.6431E+02	  0.4247E-17	  0.2016E+00
  0.6452E+02	  0.3703E-17	  0.2017E+00
  0.6473E+02	  0.3228E-17	  0.2019E+00
  0.6494E+02	  0.2815E-17	  0.2021E+00
  0.6515E+02	  0.2455E-17	  0.2023E+00
  0.6537E+02	  0.2141E-17	  0.2025E+00
  0.6558E+02	  0.1867E-17	  0.2026E+00
  0.6579E+02	  0.1629E-17	  0.2028E+00
  0.6600E+02	  0.1421E-17	  0.2030E+00
  0.6621E+02	  0.1240E-17	  0.2031E+00
  0.6642E+02	  0.1082E-17	  0.2033E+00
  0.6663E+02	  0.9438E-18	  0.2035E+00
  0.6684E+02	  0.8236E-18	  0.2037E+00
  0.6705E+02	  0.7188E-18	  0.2038E+00
  0.6726E+02	  0.6273E-18	  0.2040E+00
  0.6747E+02	  0.5476E-18	  0.2042E+00
  0.6768E+02	  0.4780E-18	  0.2043E+00
  0.6789E+02	  0.4173E-18	  0.2045E+00
  0.6810E+02	  0.3643E-18	  0.2047E+00
  0.6831E+02	  0.3181E-18	  0.2049E+00
  0.6852E+02	  0.2777E-18	  0.2050E+00
  0.6873E+02	  0.2425E-18	  0.2052E+00
  0.6894E+02	  0.2118E-18	  0.2054E+00
  0.6915E+02	  0.1850E-18	  0.2056E+00
  0.6937E+02	  0.1615E-18	  0.2058E+00
  0.6958E+02	  0.1411E-18	  0.2060E+00
  0.6979E+02	  0.1233E-18	  0.2062E+00
  0.7000E+02	  0.1077E-18	  0.2064E+00
  0.7021E+02	  0.9405E-19	  0.2067E+00
  0.7042E+02	  0.8217E-19	  0.2069E+00
  0.7063E+02	  0.7179E-19	  0.2072E+00
  0.7084E+02	  0.6274E-19	  0.2074E+00
  0.7105E+02	  0.5483E-19	  0.2077E+00
  0.7126E+02	  0.4793E-19	  0.2079E+00
  0.7147E+02	  0.4190E-19	  0.2082E+00
  0.7168E+02	  0.3664E-19	  0.2084E+00
  0.7189E+02	  0.3204E-19	  0.2086E+00
  0.7210E+02	  0.2802E-19	  0.2089E+00
  0.7231E+02	  0.2451E-19	  0.2091E+00
  0.7252E+02	  0.2144E-19	  0.2094E+00
  0.7273E+02	  0.1876E-19	  0.2096E+00
  0.7294E+02	  0.1642E-19	  0.2098E+00
  0.7315E+02	  0.1437E-19	  0.2101E+00
  0.7337E+02	  0.1258E-19	  0.2103E+00
  0.7358E+02	  0.1101E-19	  0.2105E+00
  0.7379E+02	  0.9638E-20	  0.2108E+00
  0.7400E+02	  0.8439E-20	  0.2110E+00
  0.7421E+02	  0.7391E-20	  0.2112E+00
  0.7442E+02	  0.6473E-20	  0.2115E+00
  0.7463E+02	  0.5670E-20	  0.2117E+00
  0.7484E+02	  0.4967E-20	  0.2119E+00
  0.7505E+02	  0.4352E-20	  0.2121E+00
  0.7526E+02	  0.3813E-20	  0.2124E+00
  0.7547E+02	  0.3342E-20	  0.2126E+00
  0.7568E+02	  0.2929E-20	  0.2128E+00
  0.7589E+02	  0.2568E-20	  0.2130E+00
  0.7610E+02	  0.2251E-20	  0.2133E+00
  0.7631E+02	  0.1974E-20	  0.2135E+00
  0.7652E+02	  0.1731E-20	  0.2137E+00
  0.7673E+02	  0.1518E-20	  0.2139E+00
  0.7694E+02	  0.1331E-20	  0.2141E+00
  0.7715E+02	  0.1168E-20	  0.2143E+00
  0.7736E+02	  0.1025E-20	  0.2146E+00
  0.7758E+02	  0.8991E-21	  0.2148E+00
  0.7779E+02	  0.7890E-21	  0.2150E+00
  0.7800E+02	  0.6924E-21	  0.2151E+00
  0.7821E+02	  0.6078E-21	  0.2153E+00
  0.7842E+02	  0.5336E-21	  0.2155E+00
  0.7863E+02	  0.4685E-21	  0.2157E+00
  0.7884E+02	  0.4114E-21	  0.2158E+00
  0.7905E+02	  0.3613E-21	  0.2159E+00
  0.7926E+02	  0.3174E-21	  0.2161E+00
  0.7947E+02	  0.2788E-21	  0.2162E+00
  0.7968E+02	  0.2449E-21	  0.2163E+00
  0.7989E+02	  0.2152E-21	  0.2164E+00
  0.8010E+02	  0.1891E-21	  0.2166E+00
  0.8031E+02	  0.1662E-21	  0.2167E+00
  0.8052E+02	  0.1461E-21	  0.2168E+00
  0.8073E+02	  0.1285E-21	  0.2169E+00
  0.8094E+02	  0.1129E-21	  0.2170E+00
  0.8115E+02	  0.9931E-22	  0.2171E+00
  0.8136E+02	  0.8733E-22	  0.2172E+00
  0.8158E+02	  0.7680E-22	  0.2173E+00
  0.8179E+02	  0.6755E-22	  0.2174E+00
  0.8200E+02	  0.5942E-22	  0.2175E+00
  0.8221E+02	  0.5228E-22	  0.2176E+00
  0.8242E+02	  0.4600E-22	  0.2177E+00
  0.8263E+02	  0.4047E-22	  0.2178E+00
  0.8284E+02	  0.3562E-22	  0.2179E+00
  0.8305E+02	  0.3135E-22	  0.2180E+00
  0.8326E+02	  0.2759E-22	  0.2181E+00
  0.8347E+02	  0.2429E-22	  0.2182E+00
  0.8368E+02	  0.2138E-22	  0.2183E+00
  0.8389E+02	  0.1883E-22	  0.2184E+00
  0.8410E+02	  0.1658E-22	  0.2185E+00
  0.8431E+02	  0.1460E-22	  0.2186E+00
  0.8452E+02	  0.1286E-22	  0.2187E+00
  0.8473E+02	  0.1132E-22	  0.2188E+00
  0.8494E+02	  0.9975E-23	  0.2189E+00
  0.8515E+02	  0.8787E-23	  0.2190E+00
  0.8536E+02	  0.7742E-23	  0.2191E+00
  0.8557E+02	  0.6822E-23	  0.2192E+00
  0.8579E+02	  0.6011E-23	  0.2193E+00
  0.8600E+02	  0.5298E-23	  0.2193E+00
  0.8621E+02	  0.4669E-23	  0.2194E+00
  0.8642E+02	  0.4116E-23	  0.2195E+00
  0.8663E+02	  0.3628E-23	  0.2196E+00
  0.8684E+02	  0.3198E-23	  0.2197E+00
  0.8705E+02	  0.2820E-23	  0.2198E+00
  0.8726E+02	  0.2487E-23	  0.2198E+00
  0.8747E+02	  0.2193E-23	  0.2199E+00
  0.8768E+02	  0.1934E-23	  0.2200E+00
  0.8789E+02	  0.1706E-23	  0.2201E+00
  0.8810E+02	  0.1504E-23	  0.2202E+00
  0.8831E+02	  0.1327E-23	  0.2203E+00
  0.8852E+02	  0.1171E-23	  0.2203E+00
  0.8873E+02	  0.1033E-23	  0.2204E+00
  0.8894E+02	  0.9114E-24	  0.2205E+00
  0.8915E+02	  0.8042E-24	  0.2206E+00

R42 
------------------------------------------------------------
Electric field / N (Td)                    1000.    
Angular frequency / N (m3/s)              0.1938E-11
Cosine of E-B field angle                  0.000    
Gas temperature (K)                        800.0    
Excitation temperature (K)                 300.0    
Transition energy (eV)                     0.000    
Ionization degree                          0.000    
Plasma density (1/m3)                     0.1000E+19
Ion charge parameter                       1.000    
Ion/neutral mass ratio                     1.000    
Coulomb collision model                    1.000    
Energy sharing                             0.000    
Growth model                               1.000    
Maxwellian mean energy (eV)                0.000    
# of grid points                           500.0    
Grid type                                  1.000    
Maximum energy                             30.00    
Precision                                 0.1000E-24
Convergence                               0.1000E-03
Maximum # of iterations                   0.2000E+05
Mole fraction Ar                           1.000    
------------------------------------------------------------
Mean energy (eV)                           2.106    
Mobility *N (1/m/V/s)                     0.2652E+27
Re/perp mobility *N (1/m/V/s)             0.3478E+22
Im/Hall mobility *N (1/m/V/s)            -0.1031E+24
Diffusion coefficient *N (1/m/s)          0.4463E+26
Energy mobility *N (1/m/V/s)              0.3524E+26
Energy diffusion coef. *N (1/m/s)         0.9126E+25
Total collision freq. /N (m3/s)           0.4430E-13
Momentum frequency /N (m3/s)              0.7438E-13
Total ionization freq. /N (m3/s)          0.5455E-16
Power /N (eV m3/s)                        0.3478E-14
Elastic power loss /N (eV m3/s)           0.9871E-17
Inelastic power loss /N (eV m3/s)         0.3359E-14
Growth power /N (eV m3/s)                 0.1158E-15
Maximum energy                             125.9    
# of iterations                            185.0    
# of grid trials                           9.000    
------------------------------------------------------------
Rate coefficients (m3/s)
C1    Ar    Elastic                       0.4405E-13
C2    Ar    Excitation    11.55 eV        0.2554E-16
C3    Ar    Excitation    11.62 eV        0.2566E-16
C4    Ar    Excitation    11.72 eV        0.4720E-17
C5    Ar    Excitation    11.83 eV        0.4151E-16
C6    Ar    Excitation    12.91 eV        0.4562E-17
C7    Ar    Excitation    13.08 eV        0.6303E-17
C8    Ar    Excitation    13.10 eV        0.4324E-17
C9    Ar    Excitation    13.15 eV        0.3242E-17
C10   Ar    Excitation    13.17 eV        0.4229E-17
C11   Ar    Excitation    13.27 eV        0.1747E-17
C12   Ar    Excitation    13.28 eV        0.3146E-17
C13   Ar    Excitation    13.30 eV        0.2408E-17
C14   Ar    Excitation    13.33 eV        0.1903E-17
C15   Ar    Excitation    13.48 eV        0.5782E-17
C16   Ar    Excitation    13.85 eV        0.2566E-17
C17   Ar    Excitation    13.86 eV        0.1251E-16
C18   Ar    Excitation    13.90 eV        0.8655E-17
C19   Ar    Excitation    13.98 eV        0.9084E-17
C20   Ar    Excitation    14.01 eV        0.3097E-17
C21   Ar    Excitation    14.06 eV        0.3357E-17
C22   Ar    Excitation    14.07 eV        0.3355E-17
C23   Ar    Excitation    14.09 eV        0.6530E-18
C24   Ar    Excitation    14.10 eV        0.6339E-18
C25   Ar    Excitation    14.15 eV        0.1803E-17
C26   Ar    Excitation    14.21 eV        0.4496E-17
C27   Ar    Excitation    14.23 eV        0.2840E-17
C28   Ar    Excitation    14.24 eV        0.9459E-18
C29   Ar    Excitation    14.24 eV        0.6606E-18
C30   Ar    Excitation    14.26 eV        0.2503E-18
C31   Ar    Excitation    14.30 eV        0.2026E-17
C32   Ar    Excitation    14.71 eV        0.3183E-19
C33   Ar    Excitation    14.85 eV        0.2199E-18
C34   Ar    Excitation    14.86 eV        0.7336E-18
C35   Ar    Excitation    15.00 eV        0.2872E-18
C36   Ar    Excitation    15.02 eV        0.2986E-18
C37   Ar    Excitation    15.12 eV        0.5214E-19
C38   Ar    Excitation    15.19 eV        0.5174E-18
C39   Ar    Excitation    15.19 eV        0.5160E-18
C40   Ar    Excitation    15.31 eV        0.8383E-20
C41   Ar    Excitation    15.35 eV        0.5536E-20
C42   Ar    Excitation    15.36 eV        0.7983E-20
C43   Ar    Excitation    15.37 eV        0.1397E-18
C44   Ar    Excitation    15.37 eV        0.3099E-18
C45   Ar    Excitation    15.66 eV        0.1195E-17
C46   Ar    Ionization    15.76 eV        0.5456E-16
------------------------------------------------------------
Energy (eV) EEDF (eV-3/2) Anisotropy
  0.1259E+00	  0.6687E+01	  0.6804E-03
  0.3778E+00	  0.5964E+00	  0.8464E-03
  0.6297E+00	  0.2417E+00	  0.1179E-02
  0.8815E+00	  0.1523E+00	  0.1468E-02
  0.1133E+01	  0.1130E+00	  0.1779E-02
  0.1385E+01	  0.8914E-01	  0.2151E-02
  0.1637E+01	  0.7294E-01	  0.2559E-02
  0.1889E+01	  0.6129E-01	  0.2997E-02
  0.2141E+01	  0.5234E-01	  0.3495E-02
  0.2393E+01	  0.4533E-01	  0.4052E-02
  0.2645E+01	  0.3965E-01	  0.4666E-02
  0.2896E+01	  0.3496E-01	  0.5333E-02
  0.3148E+01	  0.3103E-01	  0.6048E-02
  0.3400E+01	  0.2768E-01	  0.6812E-02
  0.3652E+01	  0.2480E-01	  0.7622E-02
  0.3904E+01	  0.2229E-01	  0.8478E-02
  0.4156E+01	  0.2010E-01	  0.9375E-02
  0.4408E+01	  0.1820E-01	  0.1030E-01
  0.4659E+01	  0.1655E-01	  0.1125E-01
  0.4911E+01	  0.1510E-01	  0.1222E-01
  0.5163E+01	  0.1382E-01	  0.1321E-01
  0.5415E+01	  0.1269E-01	  0.1420E-01
  0.5667E+01	  0.1168E-01	  0.1520E-01
  0.5919E+01	  0.1079E-01	  0.1621E-01
  0.6171E+01	  0.9988E-02	  0.1722E-01
  0.6422E+01	  0.9267E-02	  0.1824E-01
  0.6674E+01	  0.8616E-02	  0.1925E-01
  0.6926E+01	  0.8028E-02	  0.2027E-01
  0.7178E+01	  0.7493E-02	  0.2128E-01
  0.7430E+01	  0.7003E-02	  0.2231E-01
  0.7682E+01	  0.6554E-02	  0.2334E-01
  0.7934E+01	  0.6142E-02	  0.2438E-01
  0.8186E+01	  0.5763E-02	  0.2542E-01
  0.8437E+01	  0.5413E-02	  0.2648E-01
  0.8689E+01	  0.5090E-02	  0.2754E-01
  0.8941E+01	  0.4792E-02	  0.2862E-01
  0.9193E+01	  0.4515E-02	  0.2971E-01
  0.9445E+01	  0.4258E-02	  0.3081E-01
  0.9697E+01	  0.4018E-02	  0.3194E-01
  0.9949E+01	  0.3795E-02	  0.3308E-01
  0.1020E+02	  0.3586E-02	  0.3425E-01
  0.1045E+02	  0.3388E-02	  0.3548E-01
  0.1070E+02	  0.3200E-02	  0.3676E-01
  0.1096E+02	  0.3021E-02	  0.3812E-01
  0.1121E+02	  0.2848E-02	  0.3958E-01
  0.1146E+02	  0.2683E-02	  0.4116E-01
  0.1171E+02	  0.2523E-02	  0.4279E-01
  0.1196E+02	  0.2371E-02	  0.4440E-01
  0.1222E+02	  0.2225E-02	  0.4606E-01
  0.1247E+02	  0.2086E-02	  0.4774E-01
  0.1272E+02	  0.1953E-02	  0.4941E-01
  0.1297E+02	  0.1826E-02	  0.5113E-01
  0.1322E+02	  0.1704E-02	  0.5306E-01
  0.1347E+02	  0.1586E-02	  0.5526E-01
  0.1373E+02	  0.1473E-02	  0.5763E-01
  0.1398E+02	  0.1364E-02	  0.6007E-01
  0.1423E+02	  0.1260E-02	  0.6252E-01
  0.1448E+02	  0.1161E-02	  0.6493E-01
  0.1473E+02	  0.1067E-02	  0.6729E-01
  0.1499E+02	  0.9778E-03	  0.6959E-01
  0.1524E+02	  0.8941E-03	  0.7189E-01
  0.1549E+02	  0.8154E-03	  0.7425E-01
  0.1574E+02	  0.7417E-03	  0.7670E-01
  0.1599E+02	  0.6728E-03	  0.7915E-01
  0.1625E+02	  0.6087E-03	  0.8152E-01
  0.1650E+02	  0.5494E-03	  0.8383E-01
  0.1675E+02	  0.4946E-03	  0.8608E-01
  0.1700E+02	  0.4443E-03	  0.8825E-01
  0.1725E+02	  0.3981E-03	  0.9035E-01
  0.1750E+02	  0.3560E-03	  0.9240E-01
  0.1776E+02	  0.3176E-03	  0.9438E-01
  0.1801E+02	  0.2827E-03	  0.9630E-01
  0.1826E+02	  0.2512E-03	  0.9815E-01
  0.1851E+02	  0.2227E-03	  0.9996E-01
  0.1876E+02	  0.1972E-03	  0.1017E+00
  0.1902E+02	  0.1743E-03	  0.1034E+00
  0.1927E+02	  0.1538E-03	  0.1050E+00
  0.1952E+02	  0.1354E-03	  0.1067E+00
  0.1977E+02	  0.1191E-03	  0.1083E+00
  0.2002E+02	  0.1045E-03	  0.1099E+00
  0.2027E+02	  0.9163E-04	  0.1114E+00
  0.2053E+02	  0.8026E-04	  0.1129E+00
  0.2078E+02	  0.7024E-04	  0.1143E+00
  0.2103E+02	  0.6141E-04	  0.1157E+00
  0.2128E+02	  0.5365E-04	  0.1170E+00
  0.2153E+02	  0.4684E-04	  0.1183E+00
  0.2179E+02	  0.4086E-04	  0.1196E+00
  0.2204E+02	  0.3562E-04	  0.1207E+00
  0.2229E+02	  0.3103E-04	  0.1219E+00
  0.2254E+02	  0.2701E-04	  0.1230E+00
  0.2279E+02	  0.2350E-04	  0.1240E+00
  0.2305E+02	  0.2043E-04	  0.1251E+00
  0.2330E+02	  0.1775E-04	  0.1261E+00
  0.2355E+02	  0.1541E-04	  0.1271E+00
  0.2380E+02	  0.1337E-04	  0.1282E+00
  0.2405E+02	  0.1159E-04	  0.1292E+00
  0.2430E+02	  0.1004E-04	  0.1302E+00
  0.2456E+02	  0.8694E-05	  0.1312E+00
  0.2481E+02	  0.7521E-05	  0.1322E+00
  0.2506E+02	  0.6503E-05	  0.1332E+00
  0.2531E+02	  0.5618E-05	  0.1342E+00
  0.2556E+02	  0.4852E-05	  0.1352E+00
  0.2582E+02	  0.4190E-05	  0.1362E+00
  0.2607E+02	  0.3617E-05	  0.1371E+00
  0.2632E+02	  0.3121E-05	  0.1380E+00
  0.2657E+02	  0.2692E-05	  0.1389E+00
  0.2682E+02	  0.2322E-05	  0.1398E+00
  0.2708E+02	  0.2002E-05	  0.1407E+00
  0.2733E+02	  0.1725E-05	  0.1415E+00
  0.2758E+02	  0.1486E-05	  0.1424E+00
  0.2783E+02	  0.1280E-05	  0.1433E+00
  0.2808E+02	  0.1102E-05	  0.1441E+00
  0.2833E+02	  0.9486E-06	  0.1450E+00
  0.2859E+02	  0.8161E-06	  0.1459E+00
  0.2884E+02	  0.7018E-06	  0.1468E+00
  0.2909E+02	  0.6033E-06	  0.1476E+00
  0.2934E+02	  0.5184E-06	  0.1485E+00
  0.2959E+02	  0.4453E-06	  0.1494E+00
  0.2985E+02	  0.3824E-06	  0.1503E+00
  0.3010E+02	  0.3282E-06	  0.1512E+00
  0.3035E+02	  0.2816E-06	  0.1521E+00
  0.3060E+02	  0.2416E-06	  0.1530E+00
  0.3085E+02	  0.2073E-06	  0.1538E+00
  0.3110E+02	  0.1779E-06	  0.1547E+00
  0.3136E+02	  0.1526E-06	  0.1556E+00
  0.3161E+02	  0.1309E-06	  0.1564E+00
  0.3186E+02	  0.1123E-06	  0.1573E+00
  0.3211E+02	  0.9632E-07	  0.1581E+00
  0.3236E+02	  0.8261E-07	  0.1589E+00
  0.3262E+02	  0.7086E-07	  0.1597E+00
  0.3287E+02	  0.6077E-07	  0.1605E+00
  0.3312E+02	  0.5212E-07	  0.1613E+00
  0.3337E+02	  0.4470E-07	  0.1620E+00
  0.3362E+02	  0.3833E-07	  0.1628E+00
  0.3388E+02	  0.3287E-07	  0.1635E+00
  0.3413E+02	  0.2819E-07	  0.1642E+00
  0.3438E+02	  0.2417E-07	  0.1649E+00
  0.3463E+02	  0.2073E-07	  0.1655E+00
  0.3488E+02	  0.1777E-07	  0.1662E+00
  0.3513E+02	  0.1524E-07	  0.1668E+00
  0.3539E+02	  0.1307E-07	  0.1674E+00
  0.3564E+02	  0.1121E-07	  0.1680E+00
  0.3589E+02	  0.9609E-08	  0.1686E+00
  0.3614E+02	  0.8240E-08	  0.1691E+00
  0.3639E+02	  0.7067E-08	  0.1695E+00
  0.3665E+02	  0.6061E-08	  0.1700E+00
  0.3690E+02	  0.5198E-08	  0.1704E+00
  0.3715E+02	  0.4458E-08	  0.1709E+00
  0.3740E+02	  0.3824E-08	  0.1713E+00
  0.3765E+02	  0.3280E-08	  0.1717E+00
  0.3791E+02	  0.2813E-08	  0.1720E+00
  0.3816E+02	  0.2413E-08	  0.1724E+00
  0.3841E+02	  0.2070E-08	  0.1727E+00
  0.3866E+02	  0.1775E-08	  0.1731E+00
  0.3891E+02	  0.1523E-08	  0.1734E+00
  0.3916E+02	  0.1306E-08	  0.1737E+00
  0.3942E+02	  0.1120E-08	  0.1741E+00
  0.3967E+02	  0.9610E-09	  0.1744E+00
  0.3992E+02	  0.8241E-09	  0.1748E+00
  0.4017E+02	  0.7067E-09	  0.1753E+00
  0.4042E+02	  0.6062E-09	  0.1757E+00
  0.4068E+02	  0.5200E-09	  0.1761E+00
  0.4093E+02	  0.4462E-09	  0.1765E+00
  0.4118E+02	  0.3830E-09	  0.1769E+00
  0.4143E+02	  0.3287E-09	  0.1773E+00
  0.4168E+02	  0.2823E-09	  0.1777E+00
  0.4194E+02	  0.2424E-09	  0.1781E+00
  0.4219E+02	  0.2082E-09	  0.1785E+00
  0.4244E+02	  0.1789E-09	  0.1788E+00
  0.4269E+02	  0.1537E-09	  0.1792E+00
  0.4294E+02	  0.1321E-09	  0.1795E+00
  0.4319E+02	  0.1135E-09	  0.1799E+00
  0.4345E+02	  0.9761E-10	  0.1802E+00
  0.4370E+02	  0.8394E-10	  0.1805E+00
  0.4395E+02	  0.7219E-10	  0.1809E+00
  0.4420E+02	  0.6210E-10	  0.1812E+00
  0.4445E+02	  0.5343E-10	  0.1815E+00
  0.4471E+02	  0.4598E-10	  0.1818E+00
  0.4496E+02	  0.3958E-10	  0.1821E+00
  0.4521E+02	  0.3407E-10	  0.1824E+00
  0.4546E+02	  0.2933E-10	  0.1827E+00
  0.4571E+02	  0.2526E-10	  0.1829E+00
  0.4596E+02	  0.2176E-10	  0.1832E+00
  0.4622E+02	  0.1874E-10	  0.1834E+00
  0.4647E+02	  0.1615E-10	  0.1837E+00
  0.4672E+02	  0.1392E-10	  0.1839E+00
  0.4697E+02	  0.1199E-10	  0.1841E+00
  0.4722E+02	  0.1034E-10	  0.1844E+00
  0.4748E+02	  0.8915E-11	  0.1846E+00
  0.4773E+02	  0.7687E-11	  0.1848E+00
  0.4798E+02	  0.6629E-11	  0.1850E+00
  0.4823E+02	  0.5718E-11	  0.1852E+00
  0.4848E+02	  0.4933E-11	  0.1855E+00
  0.4874E+02	  0.4256E-11	  0.1857E+00
  0.4899E+02	  0.3672E-11	  0.1859E+00
  0.4924E+02	  0.3169E-11	  0.1862E+00
  0.4949E+02	  0.2735E-11	  0.1864E+00
  0.4974E+02	  0.2360E-11	  0.1867E+00
  0.4999E+02	  0.2038E-11	  0.1869E+00
  0.5025E+02	  0.1759E-11	  0.1872E+00
  0.5050E+02	  0.1519E-11	  0.1875E+00
  0.5075E+02	  0.1312E-11	  0.1878E+00
  0.5100E+02	  0.1133E-11	  0.1881E+00
  0.5125E+02	  0.9785E-12	  0.1884E+00
  0.5151E+02	  0.8454E-12	  0.1887E+00
  0.5176E+02	  0.7305E-12	  0.1890E+00
  0.5201E+02	  0.6313E-12	  0.1893E+00
  0.5226E+02	  0.5457E-12	  0.1896E+00
  0.5251E+02	  0.4718E-12	  0.1898E+00
  0.5277E+02	  0.4079E-12	  0.1901E+00
  0.5302E+02	  0.3527E-12	  0.1904E+00
  0.5327E+02	  0.3051E-12	  0.1907E+00
  0.5352E+02	  0.2639E-12	  0.1910E+00
  0.5377E+02	  0.2283E-12	  0.1913E+00
  0.5402E+02	  0.1975E-12	  0.1916E+00
  0.5428E+02	  0.1709E-12	  0.1918E+00
  0.5453E+02	  0.1479E-12	  0.1921E+00
  0.5478E+02	  0.1281E-12	  0.1924E+00
  0.5503E+02	  0.1109E-12	  0.1926E+00
  0.5528E+02	  0.9599E-13	  0.1929E+00
  0.5554E+02	  0.8313E-13	  0.1931E+00
  0.5579E+02	  0.7199E-13	  0.1934E+00
  0.5604E+02	  0.6236E-13	  0.1936E+00
  0.5629E+02	  0.5402E-13	  0.1939E+00
  0.5654E+02	  0.4681E-13	  0.1941E+00
  0.5679E+02	  0.4056E-13	  0.1944E+00
  0.5705E+02	  0.3515E-13	  0.1946E+00
  0.5730E+02	  0.3046E-13	  0.1948E+00
  0.5755E+02	  0.2641E-13	  0.1951E+00
  0.5780E+02	  0.2289E-13	  0.1953E+00
  0.5805E+02	  0.1985E-13	  0.1955E+00
  0.5831E+02	  0.1721E-13	  0.1957E+00
  0.5856E+02	  0.1492E-13	  0.1960E+00
  0.5881E+02	  0.1294E-13	  0.1962E+00
  0.5906E+02	  0.1123E-13	  0.1965E+00
  0.5931E+02	  0.9738E-14	  0.1967E+00
  0.5957E+02	  0.8448E-14	  0.1970E+00
  0.5982E+02	  0.7329E-14	  0.1972E+00
  0.6007E+02	  0.6359E-14	  0.1975E+00
  0.6032E+02	  0.5517E-14	  0.1978E+00
  0.6057E+02	  0.4788E-14	  0.1981E+00
  0.6082E+02	  0.4155E-14	  0.1984E+00
  0.6108E+02	  0.3607E-14	  0.1987E+00
  0.6133E+02	  0.3131E-14	  0.1990E+00
  0.6158E+02	  0.2719E-14	  0.1992E+00
  0.6183E+02	  0.2361E-14	  0.1995E+00
  0.6208E+02	  0.2050E-14	  0.1998E+00
  0.6234E+02	  0.1780E-14	  0.2001E+00
  0.6259E+02	  0.1547E-14	  0.2004E+00
  0.6284E+02	  0.1344E-14	  0.2006E+00
  0.6309E+02	  0.1167E-14	  0.2009E+00
  0.6334E+02	  0.1014E-14	  0.2012E+00
  0.6360E+02	  0.8816E-15	  0.2014E+00
  0.6385E+02	  0.7663E-15	  0.2017E+00
  0.6410E+02	  0.6661E-15	  0.2019E+00
  0.6435E+02	  0.5791E-15	  0.2021E+00
  0.6460E+02	  0.5036E-15	  0.2023E+00
  0.6485E+02	  0.4379E-15	  0.2025E+00
  0.6511E+02	  0.3809E-15	  0.2028E+00
  0.6536E+02	  0.3313E-15	  0.2030E+00
  0.6561E+02	  0.2882E-15	  0.2032E+00
  0.6586E+02	  0.2507E-15	  0.2034E+00
  0.6611E+02	  0.2181E-15	  0.2036E+00
  0.6637E+02	  0.1898E-15	  0.2038E+00
  0.6662E+02	  0.1652E-15	  0.2040E+00
  0.6687E+02	  0.1438E-15	  0.2042E+00
  0.6712E+02	  0.1252E-15	  0.2044E+00
  0.6737E+02	  0.1090E-15	  0.2046E+00
  0.6762E+02	  0.9485E-16	  0.2048E+00
  0.6788E+02	  0.8259E-16	  0.2050E+00
  0.6813E+02	  0.7192E-16	  0.2052E+00
  0.6838E+02	  0.6263E-16	  0.2054E+00
  0.6863E+02	  0.5454E-16	  0.2057E+00
  0.6888E+02	  0.4750E-16	  0.2059E+00
  0.6914E+02	  0.4138E-16	  0.2061E+00
  0.6939E+02	  0.3604E-16	  0.2064E+00
  0.6964E+02	  0.3140E-16	  0.2066E+00
  0.6989E+02	  0.2736E-16	  0.2069E+00
  0.7014E+02	  0.2383E-16	  0.2072E+00
  0.7040E+02	  0.2077E-16	  0.2075E+00
  0.7065E+02	  0.1810E-16	  0.2078E+00
  0.7090E+02	  0.1577E-16	  0.2080E+00
  0.7115E+02	  0.1375E-16	  0.2083E+00
  0.7140E+02	  0.1199E-16	  0.2086E+00
  0.7165E+02	  0.1046E-16	  0.2089E+00
  0.7191E+02	  0.9120E-17	  0.2092E+00
  0.7216E+02	  0.7956E-17	  0.2095E+00
  0.7241E+02	  0.6941E-17	  0.2098E+00
  0.7266E+02	  0.6057E-17	  0.2101E+00
  0.7291E+02	  0.5287E-17	  0.2103E+00
  0.7317E+02	  0.4615E-17	  0.2106E+00
  0.7342E+02	  0.4029E-17	  0.2109E+00
  0.7367E+02	  0.3518E-17	  0.2112E+00
  0.7392E+02	  0.3072E-17	  0.2114E+00
  0.7417E+02	  0.2684E-17	  0.2117E+00
  0.7443E+02	  0.2344E-17	  0.2120E+00
  0.7468E+02	  0.2048E-17	  0.2123E+00
  0.7493E+02	  0.1790E-17	  0.2125E+00
  0.7518E+02	  0.1564E-17	  0.2128E+00
  0.7543E+02	  0.1367E-17	  0.2131E+00
  0.7568E+02	  0.1196E-17	  0.2133E+00
  0.7594E+02	  0.1045E-17	  0.2136E+00
  0.7619E+02	  0.9142E-18	  0.2139E+00
  0.7644E+02	  0.7996E-18	  0.2141E+00
  0.7669E+02	  0.6994E-18	  0.2144E+00
  0.7694E+02	  0.6119E-18	  0.2146E+00
  0.7720E+02	  0.5355E-18	  0.2149E+00
  0.7745E+02	  0.4686E-18	  0.2151E+00
  0.7770E+02	  0.4102E-18	  0.2153E+00
  0.7795E+02	  0.3591E-18	  0.2156E+00
  0.7820E+02	  0.3144E-18	  0.2158E+00
  0.7846E+02	  0.2754E-18	  0.2160E+00
  0.7871E+02	  0.2412E-18	  0.2162E+00
  0.7896E+02	  0.2113E-18	  0.2163E+00
  0.7921E+02	  0.1851E-18	  0.2165E+00
  0.7946E+02	  0.1622E-18	  0.2166E+00
  0.7971E+02	  0.1422E-18	  0.2168E+00
  0.7997E+02	  0.1246E-18	  0.2169E+00
  0.8022E+02	  0.1093E-18	  0.2171E+00
  0.8047E+02	  0.9582E-19	  0.2172E+00
  0.8072E+02	  0.8403E-19	  0.2173E+00
  0.8097E+02	  0.7370E-19	  0.2174E+00
  0.8123E+02	  0.6465E-19	  0.2176E+00
  0.8148E+02	  0.5672E-19	  0.2177E+00
  0.8173E+02	  0.4977E-19	  0.2178E+00
  0.8198E+02	  0.4367E-19	  0.2179E+00
  0.8223E+02	  0.3833E-19	  0.2181E+00
  0.8248E+02	  0.3364E-19	  0.2182E+00
  0.8274E+02	  0.2953E-19	  0.2183E+00
  0.8299E+02	  0.2593E-19	  0.2184E+00
  0.8324E+02	  0.2277E-19	  0.2185E+00
  0.8349E+02	  0.2000E-19	  0.2187E+00
  0.8374E+02	  0.1756E-19	  0.2188E+00
  0.8400E+02	  0.1543E-19	  0.2189E+00
  0.8425E+02	  0.1355E-19	  0.2190E+00
  0.8450E+02	  0.1191E-19	  0.2191E+00
  0.8475E+02	  0.1046E-19	  0.2192E+00
  0.8500E+02	  0.9195E-20	  0.2193E+00
  0.8526E+02	  0.8081E-20	  0.2194E+00
  0.8551E+02	  0.7104E-20	  0.2195E+00
  0.8576E+02	  0.6245E-20	  0.2196E+00
  0.8601E+02	  0.5491E-20	  0.2197E+00
  0.8626E+02	  0.4828E-20	  0.2198E+00
  0.8651E+02	  0.4246E-20	  0.2199E+00
  0.8677E+02	  0.3734E-20	  0.2200E+00
  0.8702E+02	  0.3285E-20	  0.2201E+00
  0.8727E+02	  0.2889E-20	  0.2202E+00
  0.8752E+02	  0.2542E-20	  0.2203E+00
  0.8777E+02	  0.2237E-20	  0.2204E+00
  0.8803E+02	  0.1968E-20	  0.2205E+00
  0.8828E+02	  0.1732E-20	  0.2206E+00
  0.8853E+02	  0.1525E-20	  0.2207E+00
  0.8878E+02	  0.1342E-20	  0.2208E+00
  0.8903E+02	  0.1181E-20	  0.2209E+00
  0.8929E+02	  0.1040E-20	  0.2210E+00
  0.8954E+02	  0.9158E-21	  0.2212E+00
  0.8979E+02	  0.8064E-21	  0.2213E+00
  0.9004E+02	  0.7101E-21	  0.2214E+00
  0.9029E+02	  0.6254E-21	  0.2215E+00
  0.9054E+02	  0.5509E-21	  0.2217E+00
  0.9080E+02	  0.4853E-21	  0.2218E+00
  0.9105E+02	  0.4276E-21	  0.2219E+00
  0.9130E+02	  0.3768E-21	  0.2221E+00
  0.9155E+02	  0.3321E-21	  0.2222E+00
  0.9180E+02	  0.2927E-21	  0.2223E+00
  0.9206E+02	  0.2580E-21	  0.2224E+00
  0.9231E+02	  0.2274E-21	  0.2226E+00
  0.9256E+02	  0.2005E-21	  0.2227E+00
  0.9281E+02	  0.1768E-21	  0.2228E+00
  0.9306E+02	  0.1560E-21	  0.2229E+00
  0.9331E+02	  0.1376E-21	  0.2231E+00
  0.9357E+02	  0.1213E-21	  0.2232E+00
  0.9382E+02	  0.1071E-21	  0.2233E+00
  0.9407E+02	  0.9446E-22	  0.2234E+00
  0.9432E+02	  0.8335E-22	  0.2235E+00
  0.9457E+02	  0.7356E-22	  0.2237E+00
  0.9483E+02	  0.6493E-22	  0.2238E+00
  0.9508E+02	  0.5732E-22	  0.2239E+00
  0.9533E+02	  0.5060E-22	  0.2240E+00
  0.9558E+02	  0.4468E-22	  0.2241E+00
  0.9583E+02	  0.3945E-22	  0.2242E+00
  0.9609E+02	  0.3484E-22	  0.2244E+00
  0.9634E+02	  0.3077E-22	  0.2245E+00
  0.9659E+02	  0.2718E-22	  0.2246E+00
  0.9684E+02	  0.2402E-22	  0.2247E+00
  0.9709E+02	  0.2122E-22	  0.2248E+00
  0.9734E+02	  0.1875E-22	  0.2249E+00
  0.9760E+02	  0.1657E-22	  0.2250E+00
  0.9785E+02	  0.1464E-22	  0.2252E+00
  0.9810E+02	  0.1294E-22	  0.2253E+00
  0.9835E+02	  0.1144E-22	  0.2254E+00
  0.9860E+02	  0.1012E-22	  0.2255E+00
  0.9886E+02	  0.8945E-23	  0.2256E+00
  0.9911E+02	  0.7910E-23	  0.2258E+00
  0.9936E+02	  0.6995E-23	  0.2259E+00
  0.9961E+02	  0.6186E-23	  0.2260E+00
  0.9986E+02	  0.5472E-23	  0.2262E+00
  0.1001E+03	  0.4841E-23	  0.2263E+00
  0.1004E+03	  0.4283E-23	  0.2265E+00
  0.1006E+03	  0.3789E-23	  0.2266E+00
  0.1009E+03	  0.3353E-23	  0.2268E+00
  0.1011E+03	  0.2968E-23	  0.2269E+00
  0.1014E+03	  0.2627E-23	  0.2271E+00
  0.1016E+03	  0.2326E-23	  0.2272E+00
  0.1019E+03	  0.2059E-23	  0.2273E+00
  0.1021E+03	  0.1823E-23	  0.2275E+00
  0.1024E+03	  0.1615E-23	  0.2276E+00
  0.1026E+03	  0.1430E-23	  0.2278E+00
  0.1029E+03	  0.1267E-23	  0.2279E+00
  0.1031E+03	  0.1122E-23	  0.2281E+00
  0.1034E+03	  0.9943E-24	  0.2282E+00
  0.1036E+03	  0.8811E-24	  0.2284E+00
  0.1039E+03	  0.7808E-24	  0.2285E+00
  0.1041E+03	  0.6921E-24	  0.2287E+00

